fes;time;f
1;78;2147486009
11;156;2147486006
15;172;2147486004
18;203;2147486003
20;203;2147486002
26;234;2147486001
28;250;2147486000
31;265;2147485996
32;265;2147485995
37;281;2147485990
87;500;2147485989
88;500;2147485987
92;531;2147485986
137;734;2147485984
138;734;2147485983
139;734;2147485981
140;734;2147485980
149;781;2147485979
150;781;2147485978
151;796;2147485976
161;843;2147485974
162;843;2147485973
311;1499;2147485971
318;1515;2147485970
319;1531;2147485968
320;1531;2147485963
354;1687;2147485962
357;1687;2147485960
359;1702;2147485957
361;1718;2147485955
383;1812;2147485953
397;1874;2147485952
399;1890;2147485951
400;1890;2147485949
401;1890;2147485948
447;2093;2147485945
450;2109;2147485941
454;2124;2147485940
457;2140;2147485939
462;2155;2147485938
463;2171;2147485937
466;2171;2147485934
467;2187;2147485933
562;2593;2147485932
564;2593;2147485931
565;2608;2147485929
613;2812;2147485928
614;2812;2147485926
629;2890;2147485925
634;2905;2147485922
636;2921;2147485920
638;2921;2147485917
643;2952;2147485916
691;3155;2147485915
694;3171;2147485913
695;3171;2147485912
698;3186;2147485911
699;3186;2147485910
720;3280;2147485909
757;3436;2147485907
19202;79231;2147485906
19204;79231;2147485902
19208;79247;2147485898
19222;79309;2147485896
19223;79309;2147485895
19224;79325;2147485894
19380;79950;2147485891
19384;79966;2147485890
19387;79981;2147485889
19389;79981;2147485885
19392;79997;2147485883
19398;80012;2147485882
19401;80028;2147485881
19535;80575;2147485880
19538;80590;2147485879
19552;80637;2147485877
19558;80669;2147485876
19560;80669;2147485862
19724;81340;2147485860
19727;81356;2147485857
19728;81356;2147485856
19749;81450;2147485855
19750;81450;2147485852
19773;81543;2147485851
19778;81559;2147485848
19825;81746;2147485845
19836;81793;2147485844
19846;81825;2147485842
19848;81840;2147485841
19849;81840;2147485840
19851;81856;2147485831
19871;81934;2147485830
19872;81934;2147485827
19873;81934;2147485826
20203;83277;2147485825
20210;83309;2147485822
20211;83309;2147485819
20224;83355;2147485818
20230;83387;2147485816
20231;83387;2147485815
20296;83652;2147485812
20297;83652;2147485811
20299;83652;2147485810
20328;83777;2147485789
20339;83824;2147485788
20342;83840;2147485787
20581;84808;2147485782
20684;85214;2147485780
20687;85230;2147485779
20688;85230;2147485777
20689;85246;2147485776
20700;85292;2147485775
20706;85308;2147485774
20708;85324;2147485770
20710;85324;2147485769
20734;85433;2147485768
55086;223620;2147485765
55095;223651;2147485762
55096;223651;2147485758
55128;223792;2147485756
55132;223807;2147485755
55134;223807;2147485753
55135;223807;2147485752
55151;223885;2147485751
55154;223901;2147485748
55278;224385;2147485747
55284;224416;2147485745
55286;224416;2147485742
55289;224432;2147485741
55295;224463;2147485738
55296;224463;2147485737
55297;224463;2147485736
55629;225791;2147485735
55631;225807;2147485733
55632;225807;2147485726
55660;225916;2147485725
55673;225963;2147485724
55674;225979;2147485718
56044;227447;2147485716
56052;227478;2147485714
56054;227478;2147485713
56055;227494;2147485712
56061;227510;2147485710
56190;228025;2147485709
56205;228087;2147485707
56209;228103;2147485706
56216;228134;2147485705
56221;228166;2147485703
56223;228166;2147485700
56226;228181;2147485698
56247;228259;2147485697
56251;228275;2147485695
56252;228291;2147485694
56254;228291;2147485693
56272;228369;2147485692
56355;228697;2147485691
56358;228712;2147485689
56364;228744;2147485686
56366;228744;2147485683
56368;228759;2147485682
56374;228775;2147485680
56577;229587;2147485676
56602;229681;2147485675
56630;229806;2147485674
56635;229821;2147485673
56638;229837;2147485671
56641;229853;2147485669
56644;229853;2147485668
56684;230025;2147485667
56688;230040;2147485664
56691;230056;2147485662
56692;230056;2147485661
56693;230056;2147485659
56698;230071;2147485657
56708;230118;2147485656
56787;230431;2147485654
56788;230431;2147485653
56793;230446;2147485651
61378;248692;2147485650
61383;248723;2147485649
61386;248739;2147485645
61392;248755;2147485644
61420;248880;2147485643
61447;248973;2147485642
61448;248989;2147485641
61854;250582;2147485640
61868;250645;2147485639
61878;250692;2147485638
61888;250723;2147485637
61889;250723;2147485636
61893;250739;2147485634
61903;250785;2147485633
61907;250801;2147485632
61912;250817;2147485631
62006;251207;2147485630
62070;251473;2147485629
62077;251504;2147485627
62078;251504;2147485624
62155;251816;2147485621
62157;251816;2147485620
62182;251926;2147485619
62183;251926;2147485617
62403;252800;2147485615
62407;252816;2147485614
62415;252847;2147485613
62423;252879;2147485612
62427;252894;2147485609
62447;252972;2147485607
62452;252988;2147485606
62457;253004;2147485605
62458;253019;2147485603
64894;262783;2147485602
64900;262798;2147485600
64913;262861;2147485598
64914;262861;2147485597
64917;262876;2147485594
64985;263142;2147485591
64998;263189;2147485590
65003;263204;2147485589
65005;263220;2147485588
234122;943974;2147485587
234133;944021;2147485586
234134;944021;2147485584
234143;944052;2147485583
234388;945052;2147485581
234390;945052;2147485580
234574;945786;2147485578
234579;945801;2147485577
234580;945801;2147485576
234583;945817;2147485575
234584;945817;2147485574
234619;945958;2147485573
234627;945989;2147485571
234630;946004;2147485568
234689;946239;2147485567
234699;946286;2147485565
234701;946286;2147485564
234702;946286;2147485563
234731;946411;2147485562
234735;946426;2147485560
234740;946442;2147485559
234743;946457;2147485558
235473;949363;2147485554
235476;949379;2147485552
235484;949410;2147485548
235486;949425;2147485547
235487;949425;2147485546
235650;950066;2147485544
235666;950128;2147485541
235667;950144;2147485540
235668;950144;2147485539
235709;950316;2147485537
235711;950316;2147485536
235728;950394;2147485534
235729;950394;2147485524
237597;957830;2147485523
237604;957861;2147485521
237607;957877;2147485518
237612;957892;2147485517
237613;957892;2147485516
237617;957908;2147485515
237619;957924;2147485513
237633;957970;2147485512
237636;957986;2147485510
237641;958002;2147485505
237665;958095;2147485504
237683;958174;2147485503
237685;958189;2147485499
238490;961376;2147485498
238492;961376;2147485497
238493;961392;2147485496
238496;961407;2147485494
238507;961454;2147485491
238509;961454;2147485488
238513;961470;2147485487
238536;961579;2147485486
238542;961595;2147485485
238545;961610;2147485484
238546;961610;2147485483
238549;961626;2147485482
238728;962344;2147485481
238729;962344;2147485480
238730;962344;2147485479
239286;964578;2147485477
239294;964609;2147485476
239298;964625;2147485474
239299;964625;2147485473
239301;964625;2147485472
239342;964797;2147485471
239361;964875;2147485468
239362;964875;2147485466
239364;964891;2147485465
239366;964891;2147485462
239367;964891;2147485461
239368;964906;2147485460
239374;964922;2147485459
239384;964969;2147485458
239385;964969;2147485457
239387;964969;2147485456
239388;964984;2147485455
239390;964984;2147485454
239422;965109;2147485452
239429;965141;2147485450
239443;965203;2147485449
239444;965203;2147485448
260345;1048704;2147485447
260346;1048704;2147485446
276181;1112190;2147485445
276182;1112190;2147485442
276186;1112205;2147485441
276194;1112236;2147485440
276197;1112252;2147485439
276202;1112268;2147485437
276205;1112283;2147485435
276208;1112299;2147485434
276350;1112861;2147485432
276778;1114548;2147485431
276780;1114548;2147485425
276781;1114548;2147485424
276797;1114611;2147485423
276973;1115330;2147485422
276975;1115330;2147485421
277010;1115470;2147485420
277011;1115470;2147485418
277027;1115533;2147485417
277028;1115533;2147485416
277058;1115658;2147485415
277062;1115673;2147485414
277064;1115689;2147485413
277072;1115720;2147485410
277116;1115892;2147485408
277129;1115954;2147485406
277131;1115970;2147485405
277133;1115970;2147485403
277135;1115986;2147485402
277137;1115986;2147485401
277140;1116001;2147485398
277142;1116017;2147485397
277143;1116017;2147485394
277569;1117735;2147485393
277581;1117782;2147485392
277585;1117798;2147485391
277589;1117813;2147485390
277591;1117829;2147485389
277593;1117829;2147485388
277594;1117829;2147485385
277601;1117860;2147485384
281575;1133798;2147485383
281578;1133813;2147485382
281586;1133844;2147485379
281592;1133876;2147485378
281593;1133876;2147485376
285095;1147919;2147485375
285098;1147935;2147485374
285100;1147950;2147485372
285108;1147982;2147485368
285113;1147997;2147485367
285120;1148029;2147485363
286080;1151887;2147485361
286127;1152075;2147485360
286129;1152075;2147485359
286148;1152153;2147485358
286155;1152184;2147485357
286156;1152184;2147485356
286168;1152231;2147485354
286176;1152262;2147485352
286185;1152309;2147485351
286190;1152324;2147485350
327264;1317380;2147485348
327268;1317396;2147485347
327269;1317396;2147485346
327270;1317411;2147485344
327271;1317411;2147485342
327368;1317786;2147485341
327374;1317817;2147485339
327382;1317849;2147485338
327386;1317864;2147485337
327390;1317880;2147485335
327403;1317927;2147485334
327414;1317974;2147485333
328541;1322441;2147485332
328542;1322441;2147485331
328544;1322441;2147485329
328546;1322457;2147485327
328857;1323705;2147485326
328863;1323736;2147485325
328869;1323752;2147485324
328870;1323767;2147485323
328875;1323783;2147485321
328876;1323783;2147485320
329153;1324892;2147485317
329158;1324908;2147485316
329228;1325189;2147485315
329239;1325236;2147485314
329241;1325236;2147485313
329244;1325251;2147485310
329245;1325251;2147485309
330111;1328704;2147485308
330115;1328719;2147485307
330120;1328751;2147485305
330242;1329219;2147485304
330243;1329219;2147485302
330244;1329235;2147485301
330264;1329313;2147485300
330288;1329407;2147485299
330308;1329485;2147485297
330314;1329500;2147485295
330324;1329547;2147485293
330325;1329547;2147485292
330844;1331594;2147485291
330848;1331609;2147485290
330855;1331641;2147485289
330863;1331672;2147485286
330894;1331797;2147485284
330916;1331875;2147485282
330917;1331875;2147485281
330919;1331891;2147485280
330944;1331984;2147485279
330948;1332000;2147485278
330952;1332016;2147485276
330953;1332016;2147485275
330957;1332047;2147485274
330960;1332047;2147485273
799594;3224323;2147485269
799637;3224495;2147485268
799644;3224527;2147485266
799647;3224527;2147485265
799648;3224542;2147485262
799651;3224558;2147485261
800315;3227198;2147485260
800326;3227245;2147485259
800331;3227260;2147485258
800336;3227292;2147485257
800337;3227292;2147485256
800340;3227307;2147485255
800488;3227885;2147485254
800489;3227901;2147485252
800518;3228010;2147485251
800520;3228010;2147485250
800547;3228119;2147485249
800552;3228135;2147485248
800579;3228244;2147485247
800607;3228354;2147485246
800613;3228385;2147485245
800630;3228448;2147485244
800638;3228479;2147485243
800644;3228494;2147485242
800657;3228557;2147485241
800659;3228557;2147485240
800670;3228604;2147485239
800679;3228635;2147485237
800685;3228666;2147485235
800696;3228713;2147485234
800718;3228791;2147485229
800732;3228854;2147485228
800734;3228854;2147485227
800737;3228869;2147485226
800793;3229104;2147485225
800797;3229119;2147485223
800803;3229135;2147485222
800805;3229150;2147485220
805497;3247756;2147485219
805498;3247756;2147485218
805503;3247771;2147485217
805506;3247787;2147485216
805825;3249036;2147485215
805828;3249052;2147485214
805834;3249083;2147485213
805904;3249365;2147485212
805906;3249365;2147485211
805907;3249380;2147485208
805963;3249599;2147485207
805981;3249677;2147485205
806011;3249802;2147485203
806014;3249802;2147485201
806029;3249864;2147485199
806030;3249864;2147485198
806032;3249880;2147485197
811815;3273031;2147485196
811821;3273062;2147485195
811826;3273078;2147485194
812562;3275999;2147485191
812563;3275999;2147485190
812565;3276015;2147485189
812570;3276030;2147485188
812575;3276046;2147485187
812730;3276655;2147485186
812733;3276671;2147485184
812735;3276671;2147485183
812744;3276702;2147485181
812745;3276718;2147485180
812746;3276718;2147485179
812805;3276952;2147485178
812818;3276999;2147485177
812822;3277014;2147485176
812825;3277030;2147485175
812845;3277108;2147485174
812849;3277124;2147485172
812855;3277155;2147485171
814052;3281919;2147485170
814056;3281935;2147485169
814059;3281951;2147485168
814063;3281966;2147485166
814065;3281982;2147485165
814141;3282279;2147485163
814149;3282310;2147485161
814172;3282404;2147485160
814180;3282435;2147485159
814184;3282451;2147485157
814186;3282466;2147485155
840492;3387581;2147485154
840497;3387597;2147485153
840528;3387722;2147485152
840532;3387737;2147485151
840555;3387831;2147485148
840590;3387956;2147485147
840624;3388097;2147485146
840641;3388159;2147485144
840642;3388159;2147485141
840643;3388175;2147485140
840664;3388253;2147485137
840680;3388315;2147485136
1828527;7370489;2147485135
1828534;7370520;2147485133
1828633;7370942;2147485132
1828634;7370942;2147485131
1828645;7371005;2147485130
1828648;7371020;2147485129
1828660;7371067;2147485127
1828669;7371098;2147485126
1828796;7371614;2147485124
1828802;7371630;2147485122
1830185;7377102;2147485121
1830196;7377149;2147485120
1830201;7377164;2147485119
1830207;7377195;2147485118
1830212;7377211;2147485116
1830217;7377227;2147485114
1830224;7377258;2147485113
1830485;7378289;2147485112
1830495;7378320;2147485110
1831053;7380523;2147485109
1831071;7380585;2147485108
1831085;7380648;2147485107
1831089;7380663;2147485105
1831116;7380773;2147485104
1831121;7380788;2147485103
1831372;7381773;2147485102
1831373;7381773;2147485101
1831380;7381804;2147485099
1831381;7381804;2147485097
1831382;7381804;2147485095
1831541;7382429;2147485093
1831545;7382444;2147485090
1831551;7382475;2147485089
1833812;7391411;2147485088
1833972;7392051;2147485087
1834015;7392208;2147485086
1834022;7392239;2147485083
1834032;7392286;2147485082
1834034;7392286;2147485081
1834037;7392301;2147485080
1834138;7392692;2147485079
1834139;7392692;2147485077
1847737;7446633;2147485076
1847750;7446679;2147485075
1847765;7446742;2147485074
1847773;7446773;2147485073
1847833;7447007;2147485071
1847866;7447132;2147485069
1847886;7447211;2147485068
1847892;7447242;2147485067
1847898;7447257;2147485066
1847911;7447320;2147485065
1847914;7447320;2147485064
1847917;7447335;2147485062
1847927;7447382;2147485061
1847931;7447398;2147485060
1847932;7447398;2147485059
1848621;7450163;2147485057
1848628;7450179;2147485056
1848643;7450241;2147485054
1848647;7450257;2147485053
1848656;7450288;2147485051
1848665;7450335;2147485050
1848891;7451210;2147485048
1848896;7451241;2147485046
1902813;7666109;2147485045
1903239;7667811;2147485043
1903240;7667811;2147485041
1903286;7667999;2147485040
1903296;7668030;2147485039
1903315;7668108;2147485038
1903321;7668139;2147485037
1903330;7668171;2147485036
1903391;7668405;2147485035
1903400;7668452;2147485034
1903410;7668483;2147485033
1903413;7668499;2147485030
1903440;7668608;2147485028
1903441;7668608;2147485027
1903937;7670607;2147485026
1921695;7741325;2147485025
1921705;7741357;2147485024
1921707;7741372;2147485023
1921716;7741404;2147485022
1921756;7741560;2147485021
1921768;7741607;2147485019
1921771;7741622;2147485018
1921784;7741669;2147485017
1921798;7741732;2147485016
1921832;7741857;2147485015
1921833;7741872;2147485014
1921837;7741888;2147485012
1921841;7741903;2147485010
1921901;7742138;2147485009
1921904;7742153;2147485007
1921912;7742185;2147485006
1921915;7742200;2147485005
1921918;7742200;2147485004
1921924;7742232;2147485002
1924800;7753651;2147485001
1924801;7753666;2147485000
1924818;7753729;2147484999
1924819;7753729;2147484997
1930319;7775646;2147484996
1930326;7775677;2147484995
1930334;7775708;2147484994
1930339;7775724;2147484993
1930344;7775755;2147484991
1931990;7782300;2147484990
1931996;7782332;2147484989
1932001;7782347;2147484988
1932005;7782363;2147484987
1932009;7782378;2147484986
1932016;7782410;2147484985
1932030;7782472;2147484984
1932035;7782488;2147484983
1932046;7782535;2147484982
1932053;7782566;2147484981
1932055;7782566;2147484979
1933164;7786956;2147484978
1933165;7786956;2147484977
1933168;7786971;2147484976
1933199;7787096;2147484975
1933200;7787096;2147484973
1933202;7787112;2147484971
1933204;7787112;2147484970
1934214;7791143;2147484969
1934227;7791205;2147484968
1934232;7791221;2147484967
1957720;7884426;2147484966
1957722;7884442;2147484964
1957752;7884551;2147484963
1957755;7884566;2147484962
1957764;7884613;2147484960
1957767;7884613;2147484959
1957772;7884645;2147484957
1957775;7884645;2147484956
1957777;7884660;2147484954
1958005;7885551;2147484953
1958070;7885816;2147484952
1958079;7885847;2147484951
1958797;7888706;2147484950
1958804;7888737;2147484949
1958806;7888737;2147484948
1958836;7888862;2147484947
1958846;7888909;2147484946
1958852;7888925;2147484944
1958853;7888940;2147484942
1959029;7889628;2147484941
1959037;7889659;2147484940
1959042;7889690;2147484939
1959060;7889753;2147484938
2128586;8567038;2147484937
2128589;8567054;2147484936
2128654;8567319;2147484931
2128660;8567335;2147484929
2128662;8567351;2147484928
2128792;8567866;2147484926
2128814;8567944;2147484925
2128816;8567960;2147484924
2128844;8568069;2147484923
2128845;8568069;2147484922
2128853;8568101;2147484921
2130057;8572881;2147484920
2130064;8572912;2147484919
2130069;8572943;2147484918
2130071;8572943;2147484917
2130098;8573053;2147484916
2130111;8573099;2147484915
2130124;8573162;2147484914
2130126;8573162;2147484913
2130143;8573224;2147484911
2130144;8573240;2147484910
2130515;8574708;2147484909
2130522;8574740;2147484908
2130525;8574755;2147484906
2137119;8601046;2147484904
2137145;8601140;2147484903
2137146;8601140;2147484902
2137158;8601202;2147484901
2137345;8601936;2147484900
2137346;8601936;2147484897
2137469;8602436;2147484896
2138409;8606139;2147484895
2138413;8606154;2147484894
2138417;8606170;2147484893
2138458;8606342;2147484891
2138477;8606420;2147484889
2138494;8606482;2147484888
2138495;8606482;2147484887
2138912;8608138;2147484886
2138915;8608154;2147484885
2138919;8608169;2147484884
2138922;8608185;2147484883
2139115;8608966;2147484882
2139135;8609044;2147484881
2139165;8609154;2147484880
2139188;8609247;2147484878
2139191;8609263;2147484876
3672120;14823613;2147484874
3672123;14823613;2147484873
3672185;14823863;2147484872
3672188;14823878;2147484870
3672189;14823878;2147484869
3672914;14826784;2147484868
3672937;14826878;2147484867
3672950;14826925;2147484866
3672962;14826971;2147484865
3672990;14827081;2147484864
3672995;14827112;2147484863
3673594;14829502;2147484862
3673599;14829518;2147484861
3673724;14830018;2147484859
3673727;14830033;2147484858
3673731;14830049;2147484856
3673805;14830346;2147484855
3673809;14830361;2147484854
3673822;14830408;2147484853
3673836;14830471;2147484852
3673845;14830502;2147484851
6113780;24731565;2147484850
6113782;24731565;2147484849
6113799;24731643;2147484848
6113806;24731674;2147484847
6113813;24731690;2147484846
6113818;24731721;2147484845
6113822;24731737;2147484844
6113827;24731752;2147484843
6113831;24731768;2147484842
6113837;24731784;2147484841
6113843;24731815;2147484840
6114581;24734759;2147484839
6114598;24734837;2147484838
6114600;24734837;2147484837
6114602;24734852;2147484836
6114634;24734977;2147484835
6114650;24735040;2147484834
6114662;24735087;2147484833
6114676;24735134;2147484832
6121345;24761674;2147484831
6121347;24761674;2147484830
6121358;24761721;2147484829
6121410;24761924;2147484828
6121413;24761940;2147484827
6121435;24762018;2147484826
6121436;24762018;2147484825
6121440;24762034;2147484824
6121449;24762080;2147484822
6121455;24762112;2147484821
6121799;24763471;2147484820
6121810;24763518;2147484819
6121832;24763611;2147484818
6121845;24763658;2147484817
6121848;24763674;2147484816
6122108;24764705;2147484815
6122121;24764752;2147484814
6122124;24764767;2147484813
6122126;24764767;2147484812
6122145;24764845;2147484811
6172571;24965276;2147484810
6172578;24965292;2147484808
6172652;24965588;2147484806
6172676;24965682;2147484805
6172683;24965713;2147484804
6173816;24970244;2147484803
6173818;24970244;2147484802
6173850;24970369;2147484801
6173912;24970618;2147484800
6173918;24970650;2147484799
6173924;24970665;2147484798
6173976;24970884;2147484796
6174026;24971071;2147484795
6174047;24971165;2147484793
6174085;24971306;2147484792
6174097;24971353;2147484791
6174105;24971384;2147484790
6174115;24971431;2147484789
6174145;24971556;2147484788
6174150;24971571;2147484786
6174151;24971571;2147484785
6174170;24971649;2147484783
6174174;24971665;2147484782
6174205;24971790;2147484781
6945153;28073367;2147484780
6945165;28073414;2147484779
6945176;28073461;2147484778
6945273;28073836;2147484777
6945283;28073882;2147484776
6945292;28073914;2147484775
6945293;28073914;2147484774
6945295;28073929;2147484773
6945299;28073945;2147484772
6945307;28073976;2147484771
6945310;28073992;2147484770
6945423;28074429;2147484769
6945439;28074507;2147484768
6945444;28074523;2147484767
6945447;28074539;2147484766
6945450;28074539;2147484765
6945453;28074554;2147484764
10140181;41063112;2147484763
10140183;41063128;2147484762
10140327;41063690;2147484761
10140471;41064253;2147484760
10140472;41064268;2147484759
10140492;41064346;2147484758
10140497;41064362;2147484757
10140512;41064424;2147484756
10140515;41064440;2147484755
10140524;41064471;2147484754
10140712;41065237;2147484752
10140722;41065268;2147484751
10143174;41075000;2147484750
10143177;41075000;2147484749
10143180;41075016;2147484748
10143184;41075031;2147484746
10143482;41076203;2147484745
10143486;41076219;2147484743
10143488;41076234;2147484742
10147556;41092356;2147484741
10147565;41092387;2147484739
10147630;41092668;2147484738
10147631;41092668;2147484737
10148621;41096558;2147484736
10148648;41096667;2147484735
10148655;41096698;2147484734
10148704;41096901;2147484733
10148711;41096917;2147484732
10148712;41096933;2147484730
10149312;41099291;2147484729
10149317;41099323;2147484728
10149381;41099573;2147484727
10149399;41099635;2147484726
10149451;41099854;2147484725
10149456;41099869;2147484722
10149492;41100010;2147484721
10152380;41111507;2147484720
10152427;41111695;2147484719
10152430;41111710;2147484718
10152434;41111726;2147484717
10152456;41111820;2147484715
10285387;41639812;2147484714
10285388;41639812;2147484713
10285392;41639827;2147484712
10285393;41639843;2147484711
10285396;41639843;2147484710
10285406;41639890;2147484709
10285407;41639890;2147484708
10285411;41639905;2147484707
10285416;41639937;2147484706
10286494;41644170;2147484705
10286500;41644201;2147484704
10286507;41644232;2147484703
10286510;41644232;2147484701
10286937;41645904;2147484700
10286939;41645920;2147484699
10286944;41645935;2147484697
10287878;41649653;2147484696
10288069;41650418;2147484695
10288117;41650606;2147484694
10288131;41650668;2147484693
10288147;41650731;2147484692
10288155;41650762;2147484691
10288267;41651200;2147484690
10288284;41651278;2147484689
10288332;41651465;2147484688
10288337;41651481;2147484687
10288369;41651606;2147484685
10288375;41651621;2147484684
10288410;41651762;2147484682
14774727;59892848;2147484680
14774751;59892957;2147484679
14774796;59893129;2147484678
14774798;59893145;2147484677
14774839;59893301;2147484676
14776670;59900549;2147484674
14776683;59900596;2147484673
14776724;59900768;2147484672
14776730;59900784;2147484671
14776736;59900815;2147484670
14776738;59900815;2147484669
14776855;59901284;2147484667
14776948;59901659;2147484666
14776961;59901721;2147484665
14776972;59901768;2147484664
14777676;59904627;2147484663
14778118;59906361;2147484662
14778123;59906376;2147484661
14778177;59906595;2147484660
14778312;59907142;2147484659
14778316;59907157;2147484658
14778363;59907345;2147484657
14778376;59907392;2147484655
14778588;59908251;2147484654
14778609;59908329;2147484653
14778629;59908407;2147484652
14778688;59908641;2147484651
14778710;59908735;2147484650
14778733;59908829;2147484648
14778739;59908844;2147484647
14778748;59908891;2147484646
16518270;66975825;2147484645
16518340;66976091;2147484644
16518363;66976184;2147484642
16518401;66976341;2147484640
16540952;67065757;2147484639
16540954;67065757;2147484638
16540978;67065851;2147484636
16540987;67065898;2147484634
16540995;67065929;2147484633
16541345;67067319;2147484632
16541348;67067335;2147484631
16541977;67069803;2147484629
16541979;67069803;2147484628
16542104;67070303;2147484626
16542123;67070381;2147484625
16542125;67070381;2147484624
16542135;67070428;2147484623
16542238;67070834;2147484622
16542239;67070834;2147484620
16563137;67153703;2147484619
16563150;67153750;2147484618
16563162;67153797;2147484616
16563554;67155359;2147484615
16563561;67155391;2147484614
16563579;67155469;2147484613
16563586;67155500;2147484612
16563587;67155500;2147484611
16563617;67155625;2147484610
16563626;67155656;2147484609
16563631;67155687;2147484608
16563638;67155703;2147484607
16563645;67155734;2147484606
16564411;67158796;2147484605
16564702;67159937;2147484604
16564725;67160031;2147484603
16564726;67160046;2147484602
16564777;67160234;2147484601
16564829;67160437;2147484600
16657266;67527415;2147484599
16657281;67527477;2147484598
16657327;67527665;2147484597
16657397;67527946;2147484596
16657793;67529508;2147484595
16657831;67529664;2147484594
16657856;67529758;2147484593
16657890;67529899;2147484592
16657902;67529946;2147484591
16657905;67529961;2147484590
16700440;67698973;2147484589
16700547;67699395;2147484588
16700554;67699426;2147484587
16700560;67699442;2147484586
16700561;67699442;2147484585
16700770;67700270;2147484584
16700785;67700332;2147484583
16700796;67700379;2147484582
16700808;67700426;2147484581
16700809;67700426;2147484580
16700811;67700442;2147484579
16703748;67712095;2147484578
16703946;67712876;2147484577
16703987;67713048;2147484576
16704000;67713095;2147484575
16704004;67713111;2147484574
16704057;67713329;2147484573
16704931;67717301;2147484572
16706184;67722777;2147484571
16706214;67722902;2147484570
16706243;67723011;2147484569
16706246;67723032;2147484568
16706614;67724487;2147484567
16706622;67724518;2147484566
16706625;67724534;2147484565
16706628;67724549;2147484564
16706732;67724972;2147484563
16706733;67724972;2147484562
16706737;67724988;2147484561
16708343;67732158;2147484560
16708356;67732205;2147484559
16708361;67732220;2147484558
16708418;67732455;2147484557
16708420;67732455;2147484556
16708481;67732707;2147484555
16708484;67732722;2147484554
#
# name: FRLS
# algorithm_class: solver.FRLS
# instance: iku-fal17
# seed: -4246001938012515662
# bestF: 2147484554
# DTF: 906
# cost: 160656
# startTime: 1771718333825
# totalTime: 86400003
# totalFEs: 21271222
# maxFEs: 9223372036854775807
# maxMilliSeconds: 86400000
# maxSeconds: 86400
#
<?xml version="1.0" encoding="UTF-8" standalone="no"?>
<solution author="ScholORs" cores="1" country="China and Malaysia" institution="Bejing/Hefei/Malaysia" name="iku-fal17" runtime="86400" technique="frls">
    <class days="0100000" id="1" room="190" start="156" weeks="11111111111111"/>
    <class days="0001000" id="2" room="190" start="120" weeks="11111111111111"/>
    <class days="0001000" id="3" room="213" start="198" weeks="11111111111111"/>
    <class days="0000100" id="4" room="213" start="126" weeks="11111111111111"/>
    <class days="0100000" id="5" room="69" start="126" weeks="11111111111111"/>
    <class days="0010000" id="6" room="211" start="174" weeks="11111111111111"/>
    <class days="0010000" id="7" room="202" start="162" weeks="11111111111111"/>
    <class days="0000100" id="8" room="210" start="210" weeks="11111111111111"/>
    <class days="0010000" id="9" room="211" start="126" weeks="11111111111111"/>
    <class days="0000100" id="10" room="201" start="204" weeks="11111111111111"/>
    <class days="0000100" id="11" room="69" start="180" weeks="11111111111111"/>
    <class days="0100000" id="12" room="97" start="156" weeks="11111111111111"/>
    <class days="0100000" id="13" start="156" weeks="11111111111111"/>
    <class days="0100000" id="14" room="97" start="180" weeks="11111111111111"/>
    <class days="0100000" id="15" start="180" weeks="11111111111111"/>
    <class days="0000100" id="16" room="134" start="108" weeks="11111111111111"/>
    <class days="0000100" id="17" start="108" weeks="11111111111111"/>
    <class days="1000000" id="18" start="108" weeks="11111111111111"/>
    <class days="1000000" id="19" start="156" weeks="11111111111111"/>
    <class days="1000000" id="20" start="156" weeks="11111111111111"/>
    <class days="1000000" id="21" start="132" weeks="11111111111111"/>
    <class days="1000000" id="22" start="180" weeks="11111111111111"/>
    <class days="1000000" id="23" start="180" weeks="11111111111111"/>
    <class days="0001000" id="24" start="156" weeks="11111111111111"/>
    <class days="0001000" id="25" start="108" weeks="11111111111111"/>
    <class days="0001000" id="26" start="108" weeks="11111111111111"/>
    <class days="1000000" id="27" start="108" weeks="11111111111111"/>
    <class days="1000000" id="28" start="156" weeks="11111111111111"/>
    <class days="1000000" id="29" start="156" weeks="11111111111111"/>
    <class days="1000000" id="30" start="132" weeks="11111111111111"/>
    <class days="1000000" id="31" start="180" weeks="11111111111111"/>
    <class days="1000000" id="32" start="180" weeks="11111111111111"/>
    <class days="0001000" id="33" start="156" weeks="11111111111111"/>
    <class days="0001000" id="34" start="108" weeks="11111111111111"/>
    <class days="0001000" id="35" start="108" weeks="11111111111111"/>
    <class days="1000000" id="36" start="108" weeks="11111111111111"/>
    <class days="1000000" id="37" start="108" weeks="11111111111111"/>
    <class days="1000000" id="38" start="132" weeks="11111111111111"/>
    <class days="1000000" id="39" start="132" weeks="11111111111111"/>
    <class days="0001000" id="40" start="156" weeks="11111111111111"/>
    <class days="0001000" id="41" start="156" weeks="11111111111111"/>
    <class days="1000000" id="42" start="156" weeks="11111111111111"/>
    <class days="1000000" id="43" start="180" weeks="11111111111111"/>
    <class days="0001000" id="44" start="108" weeks="11111111111111"/>
    <class days="1000000" id="45" start="156" weeks="11111111111111"/>
    <class days="1000000" id="46" start="180" weeks="11111111111111"/>
    <class days="0001000" id="47" start="108" weeks="11111111111111"/>
    <class days="0001000" id="48" room="34" start="192" weeks="11111111111111"/>
    <class days="0000100" id="49" room="33" start="168" weeks="11111111111111"/>
    <class days="0000100" id="50" room="96" start="192" weeks="11111111111111"/>
    <class days="1000000" id="51" room="61" start="180" weeks="11111111111111"/>
    <class days="0001000" id="52" room="32" start="114" weeks="11111111111111"/>
    <class days="0001000" id="53" room="96" start="156" weeks="11111111111111"/>
    <class days="1000000" id="54" room="54" start="162" weeks="11111111111111"/>
    <class days="0100000" id="55" room="57" start="114" weeks="11111111111111"/>
    <class days="0001000" id="56" room="62" start="156" weeks="11111111111111"/>
    <class days="0100000" id="57" room="182" start="126" weeks="11111111111111"/>
    <class days="1000000" id="58" room="99" start="108" weeks="11111111111111"/>
    <class days="0010000" id="59" room="99" start="168" weeks="11111111111111"/>
    <class days="0001000" id="60" start="108" weeks="11111111111111"/>
    <class days="0001000" id="61" start="132" weeks="11111111111111"/>
    <class days="0010000" id="62" room="19" start="192" weeks="11111111111111"/>
    <class days="0000100" id="63" room="11" start="174" weeks="11111111111111"/>
    <class days="0010000" id="64" room="134" start="156" weeks="11111111111111"/>
    <class days="0010000" id="65" start="156" weeks="11111111111111"/>
    <class days="0010000" id="66" room="100" start="180" weeks="11111111111111"/>
    <class days="0010000" id="67" start="180" weeks="11111111111111"/>
    <class days="0010000" id="68" room="97" start="108" weeks="11111111111111"/>
    <class days="0010000" id="69" start="108" weeks="11111111111111"/>
    <class days="0010000" id="70" room="138" start="132" weeks="11111111111111"/>
    <class days="0010000" id="71" start="132" weeks="11111111111111"/>
    <class days="0000100" id="72" room="24" start="186" weeks="11111111111111"/>
    <class days="0010000" id="73" room="18" start="108" weeks="11111111111111"/>
    <class days="0100000" id="74" room="134" start="192" weeks="11111111111111"/>
    <class days="0001000" id="75" room="65" start="204" weeks="11111111111111"/>
    <class days="0000100" id="76" room="97" start="156" weeks="11111111111111"/>
    <class days="1000000" id="77" room="97" start="156" weeks="11111111111111"/>
    <class days="0000100" id="78" room="111" start="156" weeks="11111111111111"/>
    <class days="0000100" id="79" room="102" start="204" weeks="11111111111111"/>
    <class days="0001000" id="80" room="137" start="162" weeks="11111111111111"/>
    <class days="0100000" id="81" room="97" start="108" weeks="11111111111111"/>
    <class days="0010000" id="82" room="33" start="162" weeks="11111111111111"/>
    <class days="1000000" id="83" room="96" start="198" weeks="11111111111111"/>
    <class days="0010000" id="84" room="99" start="216" weeks="11111111111111"/>
    <class days="0001000" id="85" room="99" start="186" weeks="11111111111111"/>
    <class days="0000100" id="86" room="10" start="156" weeks="11111111111111"/>
    <class days="0010000" id="87" room="210" start="156" weeks="11111111111111"/>
    <class days="1000000" id="88" room="206" start="126" weeks="11111111111111"/>
    <class days="1000000" id="89" room="197" start="108" weeks="11111111111111"/>
    <class days="1000000" id="90" room="197" start="156" weeks="11111111111111"/>
    <class days="1000000" id="91" room="197" start="132" weeks="11111111111111"/>
    <class days="1000000" id="92" room="197" start="180" weeks="11111111111111"/>
    <class days="0000100" id="93" room="197" start="156" weeks="11111111111111"/>
    <class days="0000100" id="94" room="197" start="108" weeks="11111111111111"/>
    <class days="0100000" id="95" room="194" start="156" weeks="11111111111111"/>
    <class days="0100000" id="96" room="194" start="180" weeks="11111111111111"/>
    <class days="0000100" id="97" room="194" start="108" weeks="11111111111111"/>
    <class days="0000100" id="98" room="194" start="156" weeks="11111111111111"/>
    <class days="0000100" id="99" room="194" start="132" weeks="11111111111111"/>
    <class days="0000100" id="100" room="194" start="180" weeks="11111111111111"/>
    <class days="0001000" id="101" room="194" start="156" weeks="11111111111111"/>
    <class days="0001000" id="102" room="194" start="108" weeks="11111111111111"/>
    <class days="0001000" id="103" room="194" start="180" weeks="11111111111111"/>
    <class days="0001000" id="104" room="194" start="132" weeks="11111111111111"/>
    <class days="0001000" id="105" room="197" start="108" weeks="11111111111111"/>
    <class days="0001000" id="106" room="197" start="156" weeks="11111111111111"/>
    <class days="0001000" id="107" room="197" start="132" weeks="11111111111111"/>
    <class days="0001000" id="108" room="197" start="180" weeks="11111111111111"/>
    <class days="0010000" id="109" room="194" start="108" weeks="11111111111111"/>
    <class days="0010000" id="110" room="194" start="156" weeks="11111111111111"/>
    <class days="0010000" id="111" room="194" start="132" weeks="11111111111111"/>
    <class days="0010000" id="112" room="194" start="180" weeks="11111111111111"/>
    <class days="0100000" id="113" room="197" start="132" weeks="11111111111111"/>
    <class days="0100000" id="114" room="197" start="108" weeks="11111111111111"/>
    <class days="0100000" id="115" room="197" start="180" weeks="11111111111111"/>
    <class days="0100000" id="116" room="197" start="156" weeks="11111111111111"/>
    <class days="0100000" id="117" room="38" start="204" weeks="11111111111111"/>
    <class days="0010000" id="118" room="88" start="204" weeks="11111111111111"/>
    <class days="0100000" id="119" room="194" start="108" weeks="11111111111111"/>
    <class days="1000000" id="120" room="194" start="108" weeks="11111111111111"/>
    <class days="0100000" id="121" room="194" start="132" weeks="11111111111111"/>
    <class days="1000000" id="122" room="194" start="132" weeks="11111111111111"/>
    <class days="0000100" id="123" room="197" start="180" weeks="11111111111111"/>
    <class days="0000100" id="124" room="197" start="132" weeks="11111111111111"/>
    <class days="0000100" id="125" room="31" start="168" weeks="11111111111111"/>
    <class days="0010000" id="126" room="23" start="156" weeks="11111111111111"/>
    <class days="0100000" id="127" room="60" start="156" weeks="11111111111111"/>
    <class days="0000100" id="128" room="7" start="114" weeks="11111111111111"/>
    <class days="0000100" id="129" room="139" start="114" weeks="11111111111111"/>
    <class days="0001000" id="130" room="31" start="168" weeks="11111111111111"/>
    <class days="0010000" id="131" room="3" start="120" weeks="11111111111111"/>
    <class days="0000100" id="132" room="3" start="168" weeks="11111111111111"/>
    <class days="0010000" id="133" room="15" start="180" weeks="11111111111111"/>
    <class days="1000000" id="134" room="67" start="120" weeks="11111111111111"/>
    <class days="0100000" id="135" room="49" start="108" weeks="11111111111111"/>
    <class days="0100000" id="136" room="16" start="156" weeks="11111111111111"/>
    <class days="0000100" id="137" start="108" weeks="11111111111111"/>
    <class days="0000100" id="138" room="210" start="156" weeks="11111111111111"/>
    <class days="0000100" id="139" room="61" start="186" weeks="11111111111111"/>
    <class days="0010000" id="140" room="112" start="186" weeks="11111111111111"/>
    <class days="0100000" id="141" room="70" start="108" weeks="11111111111111"/>
    <class days="0001000" id="142" room="56" start="204" weeks="11111111111111"/>
    <class days="0000100" id="143" room="16" start="186" weeks="11111111111111"/>
    <class days="0100000" id="144" room="50" start="108" weeks="11111111111111"/>
    <class days="0100000" id="145" room="62" start="156" weeks="11111111111111"/>
    <class days="0000100" id="146" room="23" start="174" weeks="11111111111111"/>
    <class days="0100000" id="147" room="15" start="132" weeks="11111111111111"/>
    <class days="0000100" id="148" room="114" start="108" weeks="11111111111111"/>
    <class days="0010000" id="149" room="62" start="162" weeks="11111111111111"/>
    <class days="0000100" id="150" room="209" start="132" weeks="11111111111111"/>
    <class days="0000100" id="151" room="117" start="174" weeks="11111111111111"/>
    <class days="0000100" id="152" room="180" start="180" weeks="11111111111111"/>
    <class days="1000000" id="153" room="191" start="108" weeks="11111111111111"/>
    <class days="0010000" id="154" start="192" weeks="11111111111111"/>
    <class days="0010000" id="155" room="57" start="168" weeks="11111111111111"/>
    <class days="0010000" id="156" room="2" start="168" weeks="11111111111111"/>
    <class days="0010000" id="157" start="168" weeks="11111111111111"/>
    <class days="0001000" id="158" room="55" start="204" weeks="11111111111111"/>
    <class days="0000100" id="159" room="59" start="108" weeks="11111111111111"/>
    <class days="1000000" id="160" room="23" start="108" weeks="11111111111111"/>
    <class days="1000000" id="161" room="24" start="204" weeks="11111111111111"/>
    <class days="0000100" id="162" room="31" start="108" weeks="11111111111111"/>
    <class days="0000100" id="163" room="137" start="180" weeks="11111111111111"/>
    <class days="0001000" id="164" room="31" start="180" weeks="11111111111111"/>
    <class days="0001000" id="165" room="49" start="204" weeks="11111111111111"/>
    <class days="0100000" id="166" room="50" start="198" weeks="11111111111111"/>
    <class days="0100000" id="167" room="49" start="156" weeks="11111111111111"/>
    <class days="0010000" id="168" room="31" start="180" weeks="11111111111111"/>
    <class days="0100000" id="169" room="19" start="132" weeks="11111111111111"/>
    <class days="0100000" id="170" room="209" start="108" weeks="11111111111111"/>
    <class days="1000000" id="171" room="114" start="186" weeks="11111111111111"/>
    <class days="1000000" id="172" room="209" start="162" weeks="11111111111111"/>
    <class days="0010000" id="173" room="46" start="132" weeks="11111111111111"/>
    <class days="1000000" id="174" room="191" start="132" weeks="11111111111111"/>
    <class days="1000000" id="175" room="191" start="156" weeks="11111111111111"/>
    <class days="1000000" id="176" room="191" start="204" weeks="11111111111111"/>
    <class days="0100000" id="177" room="191" start="132" weeks="11111111111111"/>
    <class days="0100000" id="178" room="191" start="156" weeks="11111111111111"/>
    <class days="0001000" id="179" room="7" start="108" weeks="11111111111111"/>
    <class days="0001000" id="180" room="10" start="108" weeks="11111111111111"/>
    <class days="0001000" id="181" room="20" start="168" weeks="11111111111111"/>
    <class days="0001000" id="182" room="52" start="168" weeks="11111111111111"/>
    <class days="0001000" id="183" room="23" start="186" weeks="11111111111111"/>
    <class days="0001000" id="184" room="50" start="156" weeks="11111111111111"/>
    <class days="0001000" id="185" room="60" start="168" weeks="11111111111111"/>
    <class days="0010000" id="186" room="45" start="156" weeks="11111111111111"/>
    <class days="0100000" id="187" room="17" start="198" weeks="11111111111111"/>
    <class days="0001000" id="188" room="59" start="108" weeks="11111111111111"/>
    <class days="0100000" id="189" room="46" start="168" weeks="11111111111111"/>
    <class days="0100000" id="190" room="45" start="186" weeks="11111111111111"/>
    <class days="0010000" id="191" room="45" start="126" weeks="11111111111111"/>
    <class days="0010000" id="192" room="117" start="108" weeks="11111111111111"/>
    <class days="0010000" id="193" room="65" start="156" weeks="11111111111111"/>
    <class days="1000000" id="194" room="117" start="192" weeks="11111111111111"/>
    <class days="1000000" id="195" room="62" start="156" weeks="11111111111111"/>
    <class days="1000000" id="196" room="60" start="108" weeks="11111111111111"/>
    <class days="0001000" id="197" room="117" start="108" weeks="11111111111111"/>
    <class days="0001000" id="198" room="46" start="156" weeks="11111111111111"/>
    <class days="0000100" id="199" room="50" start="162" weeks="11111111111111"/>
    <class days="0001000" id="200" room="46" start="162" weeks="11111111111111"/>
    <class days="0010000" id="201" room="65" start="204" weeks="11111111111111"/>
    <class days="0001000" id="202" room="65" start="174" weeks="11111111111111"/>
    <class days="0010000" id="203" room="98" start="168" weeks="11111111111111"/>
    <class days="0010000" id="204" room="14" start="192" weeks="11111111111111"/>
    <class days="1000000" id="205" room="63" start="126" weeks="11111111111111"/>
    <class days="0010000" id="206" room="202" start="120" weeks="11111111111111"/>
    <class days="0001000" id="207" room="200" start="132" weeks="11111111111111"/>
    <class days="0001000" id="208" room="200" start="156" weeks="11111111111111"/>
    <class days="0000100" id="209" room="150" start="120" weeks="11111111111111"/>
    <class days="0001000" id="210" room="152" start="180" weeks="11111111111111"/>
    <class days="0001000" id="211" room="150" start="114" weeks="11111111111111"/>
    <class days="0000100" id="212" room="72" start="168" weeks="11111111111111"/>
    <class days="1000000" id="213" room="40" start="192" weeks="11111111111111"/>
    <class days="0001000" id="214" room="90" start="108" weeks="11111111111111"/>
    <class days="0100000" id="215" room="72" start="108" weeks="11111111111111"/>
    <class days="0010000" id="216" room="40" start="156" weeks="11111111111111"/>
    <class days="1000000" id="217" room="152" start="168" weeks="11111111111111"/>
    <class days="0001000" id="218" room="40" start="114" weeks="11111111111111"/>
    <class days="0010000" id="219" room="85" start="144" weeks="11111111111111"/>
    <class days="0000100" id="220" room="172" start="144" weeks="11111111111111"/>
    <class days="0100000" id="221" room="152" start="132" weeks="11111111111111"/>
    <class days="0100000" id="222" room="152" start="132" weeks="11111111111111"/>
    <class days="0000100" id="223" room="85" start="174" weeks="11111111111111"/>
    <class days="0001000" id="224" room="40" start="192" weeks="11111111111111"/>
    <class days="0001000" id="225" room="169" start="144" weeks="11111111111111"/>
    <class days="1000000" id="226" room="162" start="174" weeks="11111111111111"/>
    <class days="0100000" id="227" room="40" start="132" weeks="11111111111111"/>
    <class days="1000000" id="228" room="72" start="144" weeks="11111111111111"/>
    <class days="0001000" id="229" room="172" start="186" weeks="11111111111111"/>
    <class days="1000000" id="230" room="42" start="132" weeks="11111111111111"/>
    <class days="0001000" id="231" room="88" start="162" weeks="11111111111111"/>
    <class days="0001000" id="232" room="150" start="108" weeks="11111111111111"/>
    <class days="0000100" id="233" room="90" start="156" weeks="11111111111111"/>
    <class days="0001000" id="234" room="150" start="156" weeks="11111111111111"/>
    <class days="1000000" id="235" room="150" start="108" weeks="11111111111111"/>
    <class days="0100000" id="236" room="150" start="108" weeks="11111111111111"/>
    <class days="0001000" id="237" room="85" start="114" weeks="11111111111111"/>
    <class days="0001000" id="238" room="89" start="180" weeks="11111111111111"/>
    <class days="0001000" id="239" room="174" start="108" weeks="11111111111111"/>
    <class days="0000100" id="240" room="157" start="180" weeks="11111111111111"/>
    <class days="0000100" id="241" room="148" start="162" weeks="11111111111111"/>
    <class days="1000000" id="242" room="72" start="144" weeks="11111111111111"/>
    <class days="0001000" id="243" room="90" start="114" weeks="11111111111111"/>
    <class days="0000100" id="244" room="148" start="108" weeks="11111111111111"/>
    <class days="0010000" id="245" room="151" start="114" weeks="11111111111111"/>
    <class days="0000100" id="246" room="152" start="144" weeks="11111111111111"/>
    <class days="0000100" id="247" room="43" start="156" weeks="11111111111111"/>
    <class days="0010000" id="248" room="60" start="108" weeks="11111111111111"/>
    <class days="0010000" id="249" room="184" start="132" weeks="11111111111111"/>
    <class days="0000100" id="250" room="30" start="132" weeks="11111111111111"/>
    <class days="0000100" id="251" room="184" start="156" weeks="11111111111111"/>
    <class days="0000100" id="252" room="193" start="180" weeks="11111111111111"/>
    <class days="0000100" id="253" room="66" start="132" weeks="11111111111111"/>
    <class days="0000100" id="254" room="193" start="156" weeks="11111111111111"/>
    <class days="0100000" id="255" room="52" start="192" weeks="11111111111111"/>
    <class days="0100000" id="256" room="20" start="156" weeks="11111111111111"/>
    <class days="0100000" id="257" room="183" start="180" weeks="11111111111111"/>
    <class days="0100000" id="258" room="183" start="204" weeks="11111111111111"/>
    <class days="0100000" id="259" room="201" start="108" weeks="11111111111111"/>
    <class days="0100000" id="260" room="186" start="204" weeks="11111111111111"/>
    <class days="0000100" id="261" room="11" start="108" weeks="11111111111111"/>
    <class days="0000100" id="262" room="186" start="132" weeks="11111111111111"/>
    <class days="0100000" id="263" room="213" start="132" weeks="11111111111111"/>
    <class days="0000100" id="264" room="200" start="156" weeks="11111111111111"/>
    <class days="0000100" id="265" room="186" start="180" weeks="11111111111111"/>
    <class days="0000100" id="266" room="186" start="204" weeks="11111111111111"/>
    <class days="0000100" id="267" room="209" start="108" weeks="11111111111111"/>
    <class days="0000100" id="268" room="184" start="132" weeks="11111111111111"/>
    <class days="1000000" id="269" room="212" start="108" weeks="11111111111111"/>
    <class days="0010000" id="270" room="183" start="204" weeks="11111111111111"/>
    <class days="0000100" id="271" room="183" start="108" weeks="11111111111111"/>
    <class days="0100000" id="272" room="24" start="114" weeks="11111111111111"/>
    <class days="0000100" id="273" room="27" start="114" weeks="11111111111111"/>
    <class days="0010000" id="274" room="8" start="114" weeks="11111111111111"/>
    <class days="0010000" id="275" room="13" start="192" weeks="11111111111111"/>
    <class days="0010000" id="276" room="62" start="108" weeks="11111111111111"/>
    <class days="0001000" id="277" room="184" start="108" weeks="11111111111111"/>
    <class days="0001000" id="278" room="184" start="132" weeks="11111111111111"/>
    <class days="0001000" id="279" room="184" start="168" weeks="11111111111111"/>
    <class days="0001000" id="280" room="184" start="192" weeks="11111111111111"/>
    <class days="1000000" id="281" room="184" start="180" weeks="11111111111111"/>
    <class days="1000000" id="282" room="65" start="108" weeks="11111111111111"/>
    <class days="1000000" id="283" room="117" start="132" weeks="11111111111111"/>
    <class days="1000000" id="284" room="183" start="180" weeks="11111111111111"/>
    <class days="0001000" id="285" room="186" start="108" weeks="11111111111111"/>
    <class days="0001000" id="286" room="186" start="132" weeks="11111111111111"/>
    <class days="0001000" id="287" room="186" start="168" weeks="11111111111111"/>
    <class days="0001000" id="288" room="186" start="192" weeks="11111111111111"/>
    <class days="0010000" id="289" room="64" start="156" weeks="11111111111111"/>
    <class days="0100000" id="290" room="112" start="162" weeks="11111111111111"/>
    <class days="0100000" id="291" room="114" start="132" weeks="11111111111111"/>
    <class days="0100000" id="292" room="57" start="108" weeks="11111111111111"/>
    <class days="0010000" id="293" room="184" start="156" weeks="11111111111111"/>
    <class days="0010000" id="294" room="184" start="180" weeks="11111111111111"/>
    <class days="0100000" id="295" room="184" start="180" weeks="11111111111111"/>
    <class days="0100000" id="296" room="184" start="204" weeks="11111111111111"/>
    <class days="0100000" id="297" room="17" start="168" weeks="11111111111111"/>
    <class days="1000000" id="298" room="111" start="156" weeks="11111111111111"/>
    <class days="0001000" id="299" room="183" start="180" weeks="11111111111111"/>
    <class days="0001000" id="300" room="183" start="204" weeks="11111111111111"/>
    <class days="0000100" id="301" room="186" start="156" weeks="11111111111111"/>
    <class days="0000100" id="302" room="183" start="180" weeks="11111111111111"/>
    <class days="1000000" id="303" room="25" start="162" weeks="11111111111111"/>
    <class days="1000000" id="304" room="25" start="186" weeks="11111111111111"/>
    <class days="0010000" id="305" room="192" start="108" weeks="11111111111111"/>
    <class days="0010000" id="306" room="192" start="132" weeks="11111111111111"/>
    <class days="0010000" id="307" room="192" start="156" weeks="11111111111111"/>
    <class days="0010000" id="308" room="192" start="180" weeks="11111111111111"/>
    <class days="0100000" id="309" room="67" start="198" weeks="11111111111111"/>
    <class days="1000000" id="310" room="16" start="126" weeks="11111111111111"/>
    <class days="1000000" id="311" room="116" start="204" weeks="11111111111111"/>
    <class days="1000000" id="312" room="137" start="108" weeks="11111111111111"/>
    <class days="1000000" id="313" room="20" start="198" weeks="11111111111111"/>
    <class days="0010000" id="314" room="183" start="132" weeks="11111111111111"/>
    <class days="0010000" id="315" room="183" start="156" weeks="11111111111111"/>
    <class days="0010000" id="316" room="183" start="180" weeks="11111111111111"/>
    <class days="0010000" id="317" room="201" start="132" weeks="11111111111111"/>
    <class days="0010000" id="318" room="51" start="108" weeks="11111111111111"/>
    <class days="0010000" id="319" room="186" start="156" weeks="11111111111111"/>
    <class days="0010000" id="320" room="186" start="180" weeks="11111111111111"/>
    <class days="0010000" id="321" room="186" start="204" weeks="11111111111111"/>
    <class days="0100000" id="322" room="14" start="156" weeks="11111111111111"/>
    <class days="0100000" id="323" room="2" start="132" weeks="11111111111111"/>
    <class days="0001000" id="324" room="183" start="108" weeks="11111111111111"/>
    <class days="0001000" id="325" room="183" start="132" weeks="11111111111111"/>
    <class days="0001000" id="326" room="183" start="156" weeks="11111111111111"/>
    <class days="0000100" id="327" room="6" start="120" weeks="11111111111111"/>
    <class days="0001000" id="328" room="24" start="156" weeks="11111111111111"/>
    <class days="0010000" id="329" room="53" start="198" weeks="11111111111111"/>
    <class days="0010000" id="330" room="114" start="204" weeks="11111111111111"/>
    <class days="1000000" id="331" room="181" start="108" weeks="11111111111111"/>
    <class days="1000000" id="332" room="193" start="132" weeks="11111111111111"/>
    <class days="0100000" id="333" room="68" start="204" weeks="11111111111111"/>
    <class days="0010000" id="334" room="51" start="186" weeks="11111111111111"/>
    <class days="1000000" id="335" room="202" start="114" weeks="11111111111111"/>
    <class days="0010000" id="336" room="193" start="108" weeks="11111111111111"/>
    <class days="0010000" id="337" room="193" start="132" weeks="11111111111111"/>
    <class days="0000100" id="338" room="192" start="108" weeks="11111111111111"/>
    <class days="0000100" id="339" room="192" start="132" weeks="11111111111111"/>
    <class days="0100000" id="340" room="54" start="162" weeks="11111111111111"/>
    <class days="1000000" id="341" room="212" start="174" weeks="11111111111111"/>
    <class days="0001000" id="342" room="27" start="180" weeks="11111111111111"/>
    <class days="0001000" id="343" room="193" start="108" weeks="11111111111111"/>
    <class days="0001000" id="344" room="193" start="132" weeks="11111111111111"/>
    <class days="0100000" id="345" room="193" start="108" weeks="11111111111111"/>
    <class days="0100000" id="346" room="193" start="132" weeks="11111111111111"/>
    <class days="0010000" id="347" room="193" start="192" weeks="11111111111111"/>
    <class days="0100000" id="348" room="193" start="156" weeks="11111111111111"/>
    <class days="1000000" id="349" room="60" start="162" weeks="11111111111111"/>
    <class days="0010000" id="350" room="49" start="198" weeks="11111111111111"/>
    <class days="0001000" id="351" room="191" start="168" weeks="11111111111111"/>
    <class days="0001000" id="352" room="52" start="204" weeks="11111111111111"/>
    <class days="0100000" id="353" room="63" start="186" weeks="11111111111111"/>
    <class days="0100000" id="354" room="60" start="120" weeks="11111111111111"/>
    <class days="0010000" id="355" start="132" weeks="11111111111111"/>
    <class days="1000000" id="356" start="162" weeks="11111111111111"/>
    <class days="1010000" id="357" room="49" start="204" weeks="11111111111111"/>
    <class days="0010100" id="358" room="15" start="108" weeks="11111111111111"/>
    <class days="0001000" id="359" room="192" start="156" weeks="11111111111111"/>
    <class days="0001000" id="360" room="192" start="180" weeks="11111111111111"/>
    <class days="0100000" id="361" room="16" start="198" weeks="11111111111111"/>
    <class days="0001000" id="362" room="57" start="132" weeks="11111111111111"/>
    <class days="0100000" id="363" room="59" start="132" weeks="11111111111111"/>
    <class days="0000100" id="364" room="19" start="198" weeks="11111111111111"/>
    <class days="1000000" id="365" start="156" weeks="11111111111111"/>
    <class days="1000000" id="366" start="186" weeks="11111111111111"/>
    <class days="0010000" id="367" room="26" start="180" weeks="11111111111111"/>
    <class days="1000000" id="368" room="213" start="114" weeks="11111111111111"/>
    <class days="0010000" id="369" room="193" start="156" weeks="11111111111111"/>
    <class days="0100000" id="370" room="139" start="156" weeks="11111111111111"/>
    <class days="1000000" id="371" room="193" start="156" weeks="11111111111111"/>
    <class days="1000000" id="372" room="193" start="180" weeks="11111111111111"/>
    <class days="0000100" id="373" room="53" start="180" weeks="11111111111111"/>
    <class days="0000100" id="374" room="53" start="156" weeks="11111111111111"/>
    <class days="0100000" id="375" room="25" start="162" weeks="11111111111111"/>
    <class days="0001000" id="376" room="136" start="180" weeks="11111111111111"/>
    <class days="0000100" id="377" room="55" start="144" weeks="11111111111111"/>
    <class days="0010000" id="378" room="102" start="192" weeks="11111111111111"/>
    <class days="1000000" id="379" room="66" start="180" weeks="11111111111111"/>
    <class days="1000000" id="380" room="7" start="150" weeks="11111111111111"/>
    <class days="0000100" id="381" room="8" start="138" weeks="11111111111111"/>
    <class days="1000000" id="382" room="211" start="114" weeks="11111111111111"/>
    <class days="0000100" id="383" room="18" start="120" weeks="11111111111111"/>
    <class days="0010000" id="384" room="70" start="108" weeks="11111111111111"/>
    <class days="0100000" id="385" room="137" start="120" weeks="11111111111111"/>
    <class days="0010000" id="386" room="66" start="150" weeks="11111111111111"/>
    <class days="0010000" id="387" room="117" start="204" weeks="11111111111111"/>
    <class days="1000000" id="388" room="111" start="120" weeks="11111111111111"/>
    <class days="0001000" id="389" room="114" start="162" weeks="11111111111111"/>
    <class days="0000100" id="390" room="112" start="162" weeks="11111111111111"/>
    <class days="1000000" id="391" room="45" start="168" weeks="11111111111111"/>
    <class days="1000000" id="392" room="10" start="120" weeks="11111111111111"/>
    <class days="0001000" id="393" room="67" start="186" weeks="11111111111111"/>
    <class days="0010000" id="394" room="67" start="126" weeks="11111111111111"/>
    <class days="0000100" id="395" room="96" start="126" weeks="11111111111111"/>
    <class days="1000000" id="396" room="12" start="198" weeks="11111111111111"/>
    <class days="0100000" id="397" room="3" start="186" weeks="11111111111111"/>
    <class days="0010000" id="398" room="63" start="186" weeks="11111111111111"/>
    <class days="0001000" id="399" room="57" start="156" weeks="11111111111111"/>
    <class days="0010000" id="400" room="25" start="108" weeks="11111111111111"/>
    <class days="0001000" id="401" room="16" start="192" weeks="11111111111111"/>
    <class days="0000100" id="402" room="70" start="120" weeks="11111111111111"/>
    <class days="0100000" id="403" room="52" start="126" weeks="11111111111111"/>
    <class days="0010000" id="404" room="4" start="204" weeks="11111111111111"/>
    <class days="0010000" id="405" room="70" start="108" weeks="11111111111111"/>
    <class days="0100000" id="406" room="24" start="174" weeks="11111111111111"/>
    <class days="0000100" id="407" room="9" start="180" weeks="11111111111111"/>
    <class days="0100000" id="408" room="66" start="132" weeks="11111111111111"/>
    <class days="0001000" id="409" room="17" start="114" weeks="11111111111111"/>
    <class days="1000000" id="410" room="23" start="186" weeks="11111111111111"/>
    <class days="0010000" id="411" room="17" start="156" weeks="11111111111111"/>
    <class days="0010000" id="412" room="197" start="108" weeks="11111111111111"/>
    <class days="0010000" id="413" room="197" start="156" weeks="11111111111111"/>
    <class days="0010000" id="414" room="197" start="132" weeks="11111111111111"/>
    <class days="0010000" id="415" room="197" start="180" weeks="11111111111111"/>
    <class days="0010000" id="416" room="151" start="138" weeks="11111111111111"/>
    <class days="0100000" id="417" room="148" start="210" weeks="11111111111111"/>
    <class days="0000100" id="418" room="153" start="126" weeks="11111111111111"/>
    <class days="0001000" id="419" room="18" start="216" weeks="11111111111111"/>
    <class days="1000000" id="420" room="210" start="216" weeks="11111111111111"/>
    <class days="0010000" id="421" room="214" start="252" weeks="11111111111111"/>
    <class days="0100000" id="422" room="115" start="234" weeks="11111111111111"/>
    <class days="0000100" id="423" room="25" start="210" weeks="11111111111111"/>
    <class days="0100000" id="424" room="117" start="222" weeks="11111111111111"/>
    <class days="1000000" id="425" room="15" start="120" weeks="11111111111111"/>
    <class days="0100000" id="426" room="114" start="108" weeks="11111111111111"/>
    <class days="1000000" id="427" room="117" start="156" weeks="11111111111111"/>
    <class days="1000000" id="428" room="111" start="192" weeks="11111111111111"/>
    <class days="0010000" id="429" room="46" start="108" weeks="11111111111111"/>
    <class days="0000100" id="430" room="59" start="156" weeks="11111111111111"/>
    <class days="0010000" id="431" room="60" start="132" weeks="11111111111111"/>
    <class days="0000100" id="432" room="208" start="132" weeks="11111111111111"/>
    <class days="0001000" id="433" room="208" start="198" weeks="11111111111111"/>
    <class days="0100000" id="434" room="177" start="114" weeks="11111111111111"/>
    <class days="0000100" id="435" room="191" start="120" weeks="11111111111111"/>
    <class days="1000000" id="436" room="5" start="114" weeks="11111111111111"/>
    <class days="0000100" id="437" room="49" start="144" weeks="11111111111111"/>
    <class days="0010000" id="438" room="178" start="156" weeks="11111111111111"/>
    <class days="0001000" id="439" room="179" start="144" weeks="11111111111111"/>
    <class days="1000000" id="440" room="178" start="162" weeks="11111111111111"/>
    <class days="0100000" id="441" room="178" start="174" weeks="11111111111111"/>
    <class days="0010000" id="442" room="177" start="174" weeks="11111111111111"/>
    <class days="1000000" id="443" room="176" start="132" weeks="11111111111111"/>
    <class days="0000100" id="444" room="23" start="108" weeks="11111111111111"/>
    <class days="0000100" id="445" room="23" start="132" weeks="11111111111111"/>
    <class days="0100000" id="446" room="23" start="108" weeks="11111111111111"/>
    <class days="0100000" id="447" room="23" start="132" weeks="11111111111111"/>
    <class days="1000000" id="448" room="30" start="108" weeks="11111111111111"/>
    <class days="0100000" id="449" room="7" start="180" weeks="11111111111111"/>
    <class days="0100000" id="450" room="213" start="108" weeks="11111111111111"/>
    <class days="1000000" id="451" room="165" start="108" weeks="11111111111111"/>
    <class days="1000000" id="452" room="133" start="108" weeks="11111111111111"/>
    <class days="1000000" id="453" room="147" start="108" weeks="11111111111111"/>
    <class days="1000000" id="454" room="131" start="108" weeks="11111111111111"/>
    <class days="1000000" id="455" room="143" start="108" weeks="11111111111111"/>
    <class days="1000000" id="456" room="121" start="108" weeks="11111111111111"/>
    <class days="1000000" id="457" room="165" start="108" weeks="11111111111111"/>
    <class days="1000000" id="458" room="140" start="108" weeks="11111111111111"/>
    <class days="1000000" id="459" room="167" start="108" weeks="11111111111111"/>
    <class days="1000000" id="460" room="130" start="108" weeks="11111111111111"/>
    <class days="1000000" id="461" room="119" start="108" weeks="11111111111111"/>
    <class days="1000000" id="462" room="127" start="108" weeks="11111111111111"/>
    <class days="1000000" id="463" room="163" start="108" weeks="11111111111111"/>
    <class days="1000000" id="464" room="118" start="132" weeks="11111111111111"/>
    <class days="1000000" id="465" room="165" start="132" weeks="11111111111111"/>
    <class days="1000000" id="466" room="130" start="132" weeks="11111111111111"/>
    <class days="1000000" id="467" room="127" start="132" weeks="11111111111111"/>
    <class days="1000000" id="468" room="166" start="132" weeks="11111111111111"/>
    <class days="1000000" id="469" room="132" start="132" weeks="11111111111111"/>
    <class days="1000000" id="470" room="146" start="132" weeks="11111111111111"/>
    <class days="1000000" id="471" room="167" start="132" weeks="11111111111111"/>
    <class days="1000000" id="472" room="164" start="132" weeks="11111111111111"/>
    <class days="1000000" id="473" room="133" start="132" weeks="11111111111111"/>
    <class days="1000000" id="474" room="126" start="132" weeks="11111111111111"/>
    <class days="1000000" id="475" room="121" start="132" weeks="11111111111111"/>
    <class days="1000000" id="476" room="133" start="132" weeks="11111111111111"/>
    <class days="1000000" id="477" room="133" start="168" weeks="11111111111111"/>
    <class days="1000000" id="478" room="126" start="168" weeks="11111111111111"/>
    <class days="1000000" id="479" room="121" start="168" weeks="11111111111111"/>
    <class days="1000000" id="480" room="140" start="168" weeks="11111111111111"/>
    <class days="1000000" id="481" room="140" start="168" weeks="11111111111111"/>
    <class days="1000000" id="482" room="130" start="168" weeks="11111111111111"/>
    <class days="1000000" id="483" room="118" start="168" weeks="11111111111111"/>
    <class days="1000000" id="484" room="131" start="168" weeks="11111111111111"/>
    <class days="1000000" id="485" room="131" start="168" weeks="11111111111111"/>
    <class days="1000000" id="486" room="121" start="168" weeks="11111111111111"/>
    <class days="1000000" id="487" room="167" start="168" weeks="11111111111111"/>
    <class days="1000000" id="488" room="143" start="168" weeks="11111111111111"/>
    <class days="1000000" id="489" room="126" start="168" weeks="11111111111111"/>
    <class days="0100000" id="490" room="165" start="108" weeks="11111111111111"/>
    <class days="0100000" id="491" room="147" start="108" weeks="11111111111111"/>
    <class days="0100000" id="492" room="127" start="108" weeks="11111111111111"/>
    <class days="0100000" id="493" room="143" start="108" weeks="11111111111111"/>
    <class days="0100000" id="494" room="168" start="108" weeks="11111111111111"/>
    <class days="0100000" id="495" room="130" start="108" weeks="11111111111111"/>
    <class days="0100000" id="496" room="131" start="108" weeks="11111111111111"/>
    <class days="0100000" id="497" room="166" start="108" weeks="11111111111111"/>
    <class days="0100000" id="498" room="119" start="108" weeks="11111111111111"/>
    <class days="0100000" id="499" room="118" start="108" weeks="11111111111111"/>
    <class days="0100000" id="500" room="164" start="108" weeks="11111111111111"/>
    <class days="0100000" id="501" room="133" start="108" weeks="11111111111111"/>
    <class days="0100000" id="502" room="167" start="108" weeks="11111111111111"/>
    <class days="0100000" id="503" room="127" start="132" weeks="11111111111111"/>
    <class days="0100000" id="504" room="166" start="132" weeks="11111111111111"/>
    <class days="0100000" id="505" room="146" start="132" weeks="11111111111111"/>
    <class days="0100000" id="506" room="118" start="132" weeks="11111111111111"/>
    <class days="0100000" id="507" room="128" start="132" weeks="11111111111111"/>
    <class days="0100000" id="508" room="168" start="132" weeks="11111111111111"/>
    <class days="0100000" id="509" room="147" start="132" weeks="11111111111111"/>
    <class days="0100000" id="510" room="133" start="132" weeks="11111111111111"/>
    <class days="0100000" id="511" room="119" start="132" weeks="11111111111111"/>
    <class days="0100000" id="512" room="165" start="132" weeks="11111111111111"/>
    <class days="0100000" id="513" room="164" start="132" weeks="11111111111111"/>
    <class days="0100000" id="514" room="126" start="132" weeks="11111111111111"/>
    <class days="0100000" id="515" room="121" start="132" weeks="11111111111111"/>
    <class days="0100000" id="516" room="166" start="168" weeks="11111111111111"/>
    <class days="0100000" id="517" room="164" start="168" weeks="11111111111111"/>
    <class days="0100000" id="518" room="140" start="168" weeks="11111111111111"/>
    <class days="0100000" id="519" room="165" start="168" weeks="11111111111111"/>
    <class days="0100000" id="520" room="128" start="168" weeks="11111111111111"/>
    <class days="0100000" id="521" room="118" start="168" weeks="11111111111111"/>
    <class days="0100000" id="522" room="146" start="168" weeks="11111111111111"/>
    <class days="0100000" id="523" room="119" start="168" weeks="11111111111111"/>
    <class days="0100000" id="524" room="130" start="168" weeks="11111111111111"/>
    <class days="0100000" id="525" room="126" start="168" weeks="11111111111111"/>
    <class days="0100000" id="526" room="167" start="168" weeks="11111111111111"/>
    <class days="0100000" id="527" room="164" start="168" weeks="11111111111111"/>
    <class days="0100000" id="528" room="163" start="168" weeks="11111111111111"/>
    <class days="0010000" id="529" room="167" start="108" weeks="11111111111111"/>
    <class days="0010000" id="530" room="140" start="108" weeks="11111111111111"/>
    <class days="0010000" id="531" room="127" start="108" weeks="11111111111111"/>
    <class days="0010000" id="532" room="118" start="108" weeks="11111111111111"/>
    <class days="0010000" id="533" room="165" start="108" weeks="11111111111111"/>
    <class days="0010000" id="534" room="167" start="108" weeks="11111111111111"/>
    <class days="0010000" id="535" room="131" start="108" weeks="11111111111111"/>
    <class days="0010000" id="536" room="129" start="108" weeks="11111111111111"/>
    <class days="0010000" id="537" room="130" start="108" weeks="11111111111111"/>
    <class days="0010000" id="538" room="129" start="108" weeks="11111111111111"/>
    <class days="0010000" id="539" room="166" start="108" weeks="11111111111111"/>
    <class days="0010000" id="540" room="163" start="108" weeks="11111111111111"/>
    <class days="0010000" id="541" room="147" start="108" weeks="11111111111111"/>
    <class days="0010000" id="542" room="143" start="132" weeks="11111111111111"/>
    <class days="0010000" id="543" room="132" start="132" weeks="11111111111111"/>
    <class days="0010000" id="544" room="166" start="132" weeks="11111111111111"/>
    <class days="0010000" id="545" room="130" start="132" weeks="11111111111111"/>
    <class days="0010000" id="546" room="129" start="132" weeks="11111111111111"/>
    <class days="0010000" id="547" room="166" start="132" weeks="11111111111111"/>
    <class days="0010000" id="548" room="165" start="132" weeks="11111111111111"/>
    <class days="0010000" id="549" room="133" start="132" weeks="11111111111111"/>
    <class days="0010000" id="550" room="126" start="132" weeks="11111111111111"/>
    <class days="0010000" id="551" room="119" start="132" weeks="11111111111111"/>
    <class days="0010000" id="552" room="127" start="132" weeks="11111111111111"/>
    <class days="0010000" id="553" room="163" start="132" weeks="11111111111111"/>
    <class days="0010000" id="554" room="167" start="132" weeks="11111111111111"/>
    <class days="0010000" id="555" room="121" start="168" weeks="11111111111111"/>
    <class days="0010000" id="556" room="140" start="168" weeks="11111111111111"/>
    <class days="0010000" id="557" room="126" start="168" weeks="11111111111111"/>
    <class days="0010000" id="558" room="128" start="168" weeks="11111111111111"/>
    <class days="0010000" id="559" room="147" start="168" weeks="11111111111111"/>
    <class days="0010000" id="560" room="143" start="168" weeks="11111111111111"/>
    <class days="0010000" id="561" room="132" start="168" weeks="11111111111111"/>
    <class days="0010000" id="562" room="140" start="168" weeks="11111111111111"/>
    <class days="0010000" id="563" room="164" start="168" weeks="11111111111111"/>
    <class days="0010000" id="564" room="133" start="168" weeks="11111111111111"/>
    <class days="0010000" id="565" room="130" start="168" weeks="11111111111111"/>
    <class days="0010000" id="566" room="118" start="168" weeks="11111111111111"/>
    <class days="0010000" id="567" room="167" start="168" weeks="11111111111111"/>
    <class days="0001000" id="568" room="130" start="108" weeks="11111111111111"/>
    <class days="0001000" id="569" room="126" start="108" weeks="11111111111111"/>
    <class days="0001000" id="570" room="128" start="108" weeks="11111111111111"/>
    <class days="0001000" id="571" room="168" start="108" weeks="11111111111111"/>
    <class days="0001000" id="572" room="129" start="108" weeks="11111111111111"/>
    <class days="0001000" id="573" room="147" start="108" weeks="11111111111111"/>
    <class days="0001000" id="574" room="127" start="108" weeks="11111111111111"/>
    <class days="0001000" id="575" room="133" start="108" weeks="11111111111111"/>
    <class days="0001000" id="576" room="132" start="108" weeks="11111111111111"/>
    <class days="0001000" id="577" room="164" start="108" weeks="11111111111111"/>
    <class days="0001000" id="578" room="118" start="108" weeks="11111111111111"/>
    <class days="0001000" id="579" room="119" start="108" weeks="11111111111111"/>
    <class days="0001000" id="580" room="121" start="108" weeks="11111111111111"/>
    <class days="0001000" id="581" room="133" start="132" weeks="11111111111111"/>
    <class days="0001000" id="582" room="165" start="132" weeks="11111111111111"/>
    <class days="0001000" id="583" room="166" start="132" weeks="11111111111111"/>
    <class days="0001000" id="584" room="132" start="132" weeks="11111111111111"/>
    <class days="0001000" id="585" room="168" start="132" weeks="11111111111111"/>
    <class days="0001000" id="586" room="143" start="132" weeks="11111111111111"/>
    <class days="0001000" id="587" room="146" start="132" weeks="11111111111111"/>
    <class days="0001000" id="588" room="129" start="132" weeks="11111111111111"/>
    <class days="0001000" id="589" room="167" start="132" weeks="11111111111111"/>
    <class days="0001000" id="590" room="164" start="132" weeks="11111111111111"/>
    <class days="0001000" id="591" room="140" start="132" weeks="11111111111111"/>
    <class days="0001000" id="592" room="131" start="132" weeks="11111111111111"/>
    <class days="0001000" id="593" room="163" start="132" weeks="11111111111111"/>
    <class days="0001000" id="594" room="129" start="168" weeks="11111111111111"/>
    <class days="0001000" id="595" room="121" start="168" weeks="11111111111111"/>
    <class days="0001000" id="596" room="119" start="168" weeks="11111111111111"/>
    <class days="0001000" id="597" room="166" start="168" weeks="11111111111111"/>
    <class days="0001000" id="598" room="130" start="168" weeks="11111111111111"/>
    <class days="0001000" id="599" room="128" start="168" weeks="11111111111111"/>
    <class days="0001000" id="600" room="164" start="168" weeks="11111111111111"/>
    <class days="0001000" id="601" room="127" start="168" weeks="11111111111111"/>
    <class days="0001000" id="602" room="166" start="168" weeks="11111111111111"/>
    <class days="0001000" id="603" room="126" start="168" weeks="11111111111111"/>
    <class days="0001000" id="604" room="168" start="168" weeks="11111111111111"/>
    <class days="0001000" id="605" room="132" start="168" weeks="11111111111111"/>
    <class days="0001000" id="606" room="143" start="168" weeks="11111111111111"/>
    <class days="0000100" id="607" room="168" start="108" weeks="11111111111111"/>
    <class days="0000100" id="608" room="129" start="108" weeks="11111111111111"/>
    <class days="0000100" id="609" room="133" start="108" weeks="11111111111111"/>
    <class days="0000100" id="610" room="147" start="108" weeks="11111111111111"/>
    <class days="0000100" id="611" room="132" start="108" weeks="11111111111111"/>
    <class days="0000100" id="612" room="130" start="108" weeks="11111111111111"/>
    <class days="0000100" id="613" room="127" start="108" weeks="11111111111111"/>
    <class days="0000100" id="614" room="126" start="108" weeks="11111111111111"/>
    <class days="0000100" id="615" room="146" start="108" weeks="11111111111111"/>
    <class days="0000100" id="616" room="133" start="108" weeks="11111111111111"/>
    <class days="0000100" id="617" room="126" start="108" weeks="11111111111111"/>
    <class days="0000100" id="618" room="143" start="108" weeks="11111111111111"/>
    <class days="0000100" id="619" room="164" start="108" weeks="11111111111111"/>
    <class days="0000100" id="620" room="163" start="132" weeks="11111111111111"/>
    <class days="0000100" id="621" room="118" start="132" weeks="11111111111111"/>
    <class days="0000100" id="622" room="119" start="132" weeks="11111111111111"/>
    <class days="0000100" id="623" room="118" start="132" weeks="11111111111111"/>
    <class days="0000100" id="624" room="147" start="132" weeks="11111111111111"/>
    <class days="0000100" id="625" room="133" start="132" weeks="11111111111111"/>
    <class days="0000100" id="626" room="133" start="132" weeks="11111111111111"/>
    <class days="0000100" id="627" room="128" start="132" weeks="11111111111111"/>
    <class days="0000100" id="628" room="119" start="132" weeks="11111111111111"/>
    <class days="0000100" id="629" room="167" start="132" weeks="11111111111111"/>
    <class days="0000100" id="630" room="127" start="132" weeks="11111111111111"/>
    <class days="0000100" id="631" room="129" start="132" weeks="11111111111111"/>
    <class days="0000100" id="632" room="121" start="132" weeks="11111111111111"/>
    <class days="0000100" id="633" room="130" start="168" weeks="11111111111111"/>
    <class days="0000100" id="634" room="163" start="168" weeks="11111111111111"/>
    <class days="0000100" id="635" room="127" start="168" weeks="11111111111111"/>
    <class days="0000100" id="636" room="146" start="168" weeks="11111111111111"/>
    <class days="0000100" id="637" room="147" start="168" weeks="11111111111111"/>
    <class days="0000100" id="638" room="121" start="168" weeks="11111111111111"/>
    <class days="0000100" id="639" room="164" start="168" weeks="11111111111111"/>
    <class days="0000100" id="640" room="166" start="168" weeks="11111111111111"/>
    <class days="0000100" id="641" room="140" start="168" weeks="11111111111111"/>
    <class days="0000100" id="642" room="168" start="168" weeks="11111111111111"/>
    <class days="0000100" id="643" room="118" start="168" weeks="11111111111111"/>
    <class days="0000100" id="644" room="167" start="168" weeks="11111111111111"/>
    <class days="0000100" id="645" room="119" start="168" weeks="11111111111111"/>
    <class days="1000000" id="646" room="129" start="108" weeks="11111111111111"/>
    <class days="1000000" id="647" room="118" start="108" weeks="11111111111111"/>
    <class days="1000000" id="648" room="128" start="108" weeks="11111111111111"/>
    <class days="1000000" id="649" room="132" start="108" weeks="11111111111111"/>
    <class days="1000000" id="650" room="118" start="108" weeks="11111111111111"/>
    <class days="1000000" id="651" room="147" start="108" weeks="11111111111111"/>
    <class days="1000000" id="652" room="164" start="132" weeks="11111111111111"/>
    <class days="1000000" id="653" room="147" start="132" weeks="11111111111111"/>
    <class days="1000000" id="654" room="163" start="132" weeks="11111111111111"/>
    <class days="1000000" id="655" room="118" start="132" weeks="11111111111111"/>
    <class days="1000000" id="656" room="128" start="132" weeks="11111111111111"/>
    <class days="1000000" id="657" room="131" start="132" weeks="11111111111111"/>
    <class days="1000000" id="658" room="128" start="168" weeks="11111111111111"/>
    <class days="1000000" id="659" room="164" start="168" weeks="11111111111111"/>
    <class days="1000000" id="660" room="168" start="168" weeks="11111111111111"/>
    <class days="1000000" id="661" room="165" start="168" weeks="11111111111111"/>
    <class days="1000000" id="662" room="163" start="168" weeks="11111111111111"/>
    <class days="1000000" id="663" room="132" start="168" weeks="11111111111111"/>
    <class days="0100000" id="664" room="140" start="108" weeks="11111111111111"/>
    <class days="0100000" id="665" room="128" start="108" weeks="11111111111111"/>
    <class days="0100000" id="666" room="126" start="108" weeks="11111111111111"/>
    <class days="0100000" id="667" room="132" start="108" weeks="11111111111111"/>
    <class days="0100000" id="668" room="118" start="108" weeks="11111111111111"/>
    <class days="0100000" id="669" room="163" start="108" weeks="11111111111111"/>
    <class days="0100000" id="670" room="132" start="132" weeks="11111111111111"/>
    <class days="0100000" id="671" room="130" start="132" weeks="11111111111111"/>
    <class days="0100000" id="672" room="131" start="132" weeks="11111111111111"/>
    <class days="0100000" id="673" room="133" start="132" weeks="11111111111111"/>
    <class days="0100000" id="674" room="143" start="132" weeks="11111111111111"/>
    <class days="0100000" id="675" room="163" start="132" weeks="11111111111111"/>
    <class days="0100000" id="676" room="127" start="168" weeks="11111111111111"/>
    <class days="0100000" id="677" room="165" start="168" weeks="11111111111111"/>
    <class days="0100000" id="678" room="143" start="168" weeks="11111111111111"/>
    <class days="0100000" id="679" room="167" start="168" weeks="11111111111111"/>
    <class days="0100000" id="680" room="133" start="168" weeks="11111111111111"/>
    <class days="0100000" id="681" room="121" start="168" weeks="11111111111111"/>
    <class days="0010000" id="682" room="146" start="108" weeks="11111111111111"/>
    <class days="0010000" id="683" room="119" start="108" weeks="11111111111111"/>
    <class days="0010000" id="684" room="128" start="108" weeks="11111111111111"/>
    <class days="0010000" id="685" room="163" start="108" weeks="11111111111111"/>
    <class days="0010000" id="686" room="126" start="108" weeks="11111111111111"/>
    <class days="0010000" id="687" room="118" start="108" weeks="11111111111111"/>
    <class days="0010000" id="688" room="140" start="132" weeks="11111111111111"/>
    <class days="0010000" id="689" room="164" start="132" weeks="11111111111111"/>
    <class days="0010000" id="690" room="121" start="132" weeks="11111111111111"/>
    <class days="0010000" id="691" room="131" start="132" weeks="11111111111111"/>
    <class days="0010000" id="692" room="168" start="132" weeks="11111111111111"/>
    <class days="0010000" id="693" room="130" start="132" weeks="11111111111111"/>
    <class days="0001000" id="694" room="146" start="108" weeks="11111111111111"/>
    <class days="0001000" id="695" room="126" start="108" weeks="11111111111111"/>
    <class days="0001000" id="696" room="140" start="108" weeks="11111111111111"/>
    <class days="0001000" id="697" room="146" start="108" weeks="11111111111111"/>
    <class days="0001000" id="698" room="130" start="108" weeks="11111111111111"/>
    <class days="0001000" id="699" room="128" start="108" weeks="11111111111111"/>
    <class days="0001000" id="700" room="121" start="132" weeks="11111111111111"/>
    <class days="0001000" id="701" room="118" start="132" weeks="11111111111111"/>
    <class days="0001000" id="702" room="140" start="132" weeks="11111111111111"/>
    <class days="0001000" id="703" room="147" start="132" weeks="11111111111111"/>
    <class days="0001000" id="704" room="119" start="132" weeks="11111111111111"/>
    <class days="0001000" id="705" room="119" start="132" weeks="11111111111111"/>
    <class days="0000100" id="706" room="168" start="108" weeks="11111111111111"/>
    <class days="0000100" id="707" room="166" start="108" weeks="11111111111111"/>
    <class days="0000100" id="708" room="163" start="108" weeks="11111111111111"/>
    <class days="0000100" id="709" room="165" start="108" weeks="11111111111111"/>
    <class days="0000100" id="710" room="118" start="108" weeks="11111111111111"/>
    <class days="0000100" id="711" room="128" start="108" weeks="11111111111111"/>
    <class days="0000100" id="712" room="166" start="132" weeks="11111111111111"/>
    <class days="0000100" id="713" room="165" start="132" weeks="11111111111111"/>
    <class days="0000100" id="714" room="128" start="132" weeks="11111111111111"/>
    <class days="0000100" id="715" room="143" start="132" weeks="11111111111111"/>
    <class days="0000100" id="716" room="167" start="132" weeks="11111111111111"/>
    <class days="0000100" id="717" room="130" start="132" weeks="11111111111111"/>
    <class days="0100000" id="718" start="156" weeks="11111111111111"/>
    <class days="0100000" id="719" start="180" weeks="11111111111111"/>
    <class days="0000100" id="720" start="108" weeks="11111111111111"/>
    <class days="0000100" id="721" room="100" start="186" weeks="11111111111111"/>
    <class days="0010000" id="722" start="108" weeks="11111111111111"/>
    <class days="0010000" id="723" start="132" weeks="11111111111111"/>
    <class days="0010000" id="724" start="156" weeks="11111111111111"/>
    <class days="0010000" id="725" start="180" weeks="11111111111111"/>
    <class days="1000000" id="726" room="54" start="108" weeks="11111111111111"/>
    <class days="0001000" id="727" room="62" start="120" weeks="11111111111111"/>
    <class days="0000100" id="728" room="62" start="108" weeks="11111111111111"/>
    <class days="0100000" id="729" room="1" start="180" weeks="11111111111111"/>
    <class days="0010000" id="730" room="31" start="108" weeks="11111111111111"/>
    <class days="0000100" id="731" room="65" start="186" weeks="11111111111111"/>
    <class days="0000100" id="732" room="2" start="162" weeks="11111111111111"/>
    <class days="0001000" id="733" room="115" start="198" weeks="11111111111111"/>
    <class days="1000000" id="734" room="63" start="120" weeks="11111111111111"/>
    <class days="0000100" id="735" room="176" start="144" weeks="11111111111111"/>
    <class days="0100000" id="736" room="187" start="108" weeks="11111111111111"/>
    <class days="0100000" id="737" room="187" start="132" weeks="11111111111111"/>
    <class days="1000000" id="738" room="187" start="108" weeks="11111111111111"/>
    <class days="1000000" id="739" room="187" start="132" weeks="11111111111111"/>
    <class days="0100000" id="740" room="214" start="186" weeks="11111111111111"/>
    <class days="0001000" id="741" room="211" start="126" weeks="11111111111111"/>
    <class days="0000100" id="742" room="18" start="180" weeks="11111111111111"/>
    <class days="0010000" id="743" room="98" start="114" weeks="11111111111111"/>
    <class days="0100000" id="744" room="16" start="108" weeks="11111111111111"/>
    <class days="0100000" id="745" room="45" start="168" weeks="11111111111111"/>
    <class days="0100000" id="746" room="185" start="108" weeks="11111111111111"/>
    <class days="0010000" id="747" room="185" start="108" weeks="11111111111111"/>
    <class days="1000000" id="748" room="185" start="180" weeks="11111111111111"/>
    <class days="0000100" id="749" room="185" start="180" weeks="11111111111111"/>
    <class days="0001000" id="750" room="50" start="204" weeks="11111111111111"/>
    <class days="0000100" id="751" room="185" start="156" weeks="11111111111111"/>
    <class days="0000100" id="752" room="185" start="108" weeks="11111111111111"/>
    <class days="0000100" id="753" room="185" start="114" weeks="11111111111111"/>
    <class days="0010000" id="754" room="185" start="204" weeks="11111111111111"/>
    <class days="0001000" id="755" room="9" start="162" weeks="11111111111111"/>
    <class days="1000000" id="756" room="45" start="120" weeks="11111111111111"/>
    <class days="0001000" id="757" room="53" start="162" weeks="11111111111111"/>
    <class days="1000000" id="758" room="20" start="144" weeks="11111111111111"/>
    <class days="0100000" id="759" room="60" start="192" weeks="11111111111111"/>
    <class days="0010000" id="760" room="15" start="174" weeks="11111111111111"/>
    <class days="0001000" id="761" room="62" start="186" weeks="11111111111111"/>
    <class days="0010000" id="762" room="185" start="198" weeks="11111111111111"/>
    <class days="1000000" id="763" room="185" start="120" weeks="11111111111111"/>
    <class days="0100000" id="764" room="185" start="204" weeks="11111111111111"/>
    <class days="1000000" id="765" room="185" start="156" weeks="11111111111111"/>
    <class days="0001000" id="766" room="61" start="186" weeks="11111111111111"/>
    <class days="0001000" id="767" room="31" start="114" weeks="11111111111111"/>
    <class days="0000100" id="768" room="112" start="156" weeks="11111111111111"/>
    <class days="0000100" id="769" room="45" start="180" weeks="11111111111111"/>
    <class days="0000100" id="770" room="60" start="108" weeks="11111111111111"/>
    <class days="0001000" id="771" room="117" start="156" weeks="11111111111111"/>
    <class days="0100000" id="772" room="63" start="108" weeks="11111111111111"/>
    <class days="0001000" id="773" room="25" start="156" weeks="11111111111111"/>
    <class days="1000000" id="774" room="32" start="174" weeks="11111111111111"/>
    <class days="0100000" id="775" room="61" start="144" weeks="11111111111111"/>
    <class days="1000000" id="776" room="19" start="204" weeks="11111111111111"/>
    <class days="0010000" id="777" room="23" start="192" weeks="11111111111111"/>
    <class days="1000000" id="778" room="49" start="180" weeks="11111111111111"/>
    <class days="0100000" id="779" room="185" start="156" weeks="11111111111111"/>
    <class days="0000100" id="780" room="185" start="108" weeks="11111111111111"/>
    <class days="0001000" id="781" room="209" start="162" weeks="11111111111111"/>
    <class days="0001000" id="782" room="185" start="108" weeks="11111111111111"/>
    <class days="0001000" id="783" room="185" start="132" weeks="11111111111111"/>
    <class days="0001000" id="784" room="185" start="156" weeks="11111111111111"/>
    <class days="0100000" id="785" room="114" start="156" weeks="11111111111111"/>
    <class days="0010000" id="786" room="63" start="156" weeks="11111111111111"/>
    <class days="0100000" id="787" room="64" start="156" weeks="11111111111111"/>
    <class days="1000000" id="788" room="61" start="108" weeks="11111111111111"/>
    <class days="1000000" id="789" room="200" start="132" weeks="11111111111111"/>
    <class days="1000000" id="790" room="46" start="108" weeks="11111111111111"/>
    <class days="1000000" id="791" room="115" start="108" weeks="11111111111111"/>
    <class days="1000000" id="792" room="116" start="132" weeks="11111111111111"/>
    <class days="0001000" id="793" room="209" start="108" weeks="11111111111111"/>
    <class days="0001000" id="794" room="209" start="132" weeks="11111111111111"/>
    <class days="0001000" id="795" room="24" start="108" weeks="11111111111111"/>
    <class days="0001000" id="796" room="17" start="108" weeks="11111111111111"/>
    <class days="0001000" id="797" room="114" start="132" weeks="11111111111111"/>
    <class days="0100000" id="798" room="65" start="132" weeks="11111111111111"/>
    <class days="0100000" id="799" room="62" start="132" weeks="11111111111111"/>
    <class days="0100000" id="800" room="62" start="132" weeks="11111111111111"/>
    <class days="0100000" id="801" room="60" start="108" weeks="11111111111111"/>
    <class days="0100000" id="802" room="117" start="108" weeks="11111111111111"/>
    <class days="0010000" id="803" room="200" start="132" weeks="11111111111111"/>
    <class days="0010000" id="804" room="15" start="132" weeks="11111111111111"/>
    <class days="0010000" id="805" room="17" start="132" weeks="11111111111111"/>
    <class days="0010000" id="806" room="15" start="108" weeks="11111111111111"/>
    <class days="0010000" id="807" room="114" start="108" weeks="11111111111111"/>
    <class days="0010000" id="808" room="61" start="192" weeks="11111111111111"/>
    <class days="1000000" id="809" room="64" start="222" weeks="11111111111111"/>
    <class days="0001000" id="810" room="17" start="198" weeks="11111111111111"/>
    <class days="0100000" id="811" room="60" start="240" weeks="11111111111111"/>
    <class days="1000000" id="812" room="5" start="234" weeks="11111111111111"/>
    <class days="0010000" id="813" room="21" start="240" weeks="11111111111111"/>
    <class days="0100000" id="814" start="132" weeks="11111111111111"/>
    <class days="0100000" id="815" room="56" start="174" weeks="11111111111111"/>
    <class days="0010000" id="816" start="108" weeks="11111111111111"/>
    <class days="0000100" id="817" room="49" start="192" weeks="11111111111111"/>
    <class days="0100000" id="818" room="10" start="180" weeks="11111111111111"/>
    <class days="0000100" id="819" room="139" start="108" weeks="11111111111111"/>
    <class days="0010000" id="820" room="211" start="156" weeks="11111111111111"/>
    <class days="0100000" id="821" room="68" start="114" weeks="11111111111111"/>
    <class days="0100000" id="822" room="27" start="204" weeks="11111111111111"/>
    <class days="0001000" id="823" room="2" start="156" weeks="11111111111111"/>
    <class days="0000100" id="824" room="201" start="108" weeks="11111111111111"/>
    <class days="0001000" id="825" room="15" start="192" weeks="11111111111111"/>
    <class days="0010000" id="826" room="10" start="138" weeks="11111111111111"/>
    <class days="0010000" id="827" room="32" start="174" weeks="11111111111111"/>
    <class days="0000100" id="828" room="139" start="120" weeks="11111111111111"/>
    <class days="0001000" id="829" room="12" start="156" weeks="11111111111111"/>
    <class days="1000000" id="830" room="62" start="198" weeks="11111111111111"/>
    <class days="0000100" id="831" room="59" start="180" weeks="11111111111111"/>
    <class days="0001000" id="832" room="15" start="156" weeks="11111111111111"/>
    <class days="0000100" id="833" room="15" start="156" weeks="11111111111111"/>
    <class days="0010000" id="834" room="200" start="168" weeks="11111111111111"/>
    <class days="0100000" id="835" room="17" start="174" weeks="11111111111111"/>
    <class days="1000000" id="836" room="64" start="114" weeks="11111111111111"/>
    <class days="0000100" id="837" room="200" start="180" weeks="11111111111111"/>
    <class days="0010000" id="838" room="49" start="126" weeks="11111111111111"/>
    <class days="0001000" id="839" room="70" start="168" weeks="11111111111111"/>
    <class days="0001000" id="840" room="45" start="108" weeks="11111111111111"/>
    <class days="0001000" id="841" room="49" start="162" weeks="11111111111111"/>
    <class days="0000100" id="842" room="115" start="162" weeks="11111111111111"/>
    <class days="0100000" id="843" room="61" start="198" weeks="11111111111111"/>
    <class days="0000100" id="844" room="62" start="162" weeks="11111111111111"/>
    <class days="1000000" id="845" room="12" start="156" weeks="11111111111111"/>
    <class days="0001000" id="846" room="23" start="192" weeks="11111111111111"/>
    <class days="0000100" id="847" room="61" start="108" weeks="11111111111111"/>
    <class days="0010000" id="848" room="96" start="132" weeks="11111111111111"/>
    <class days="1000000" id="849" room="96" start="174" weeks="11111111111111"/>
    <class days="1000000" id="850" room="68" start="114" weeks="11111111111111"/>
    <class days="0010000" id="851" room="13" start="240" weeks="11111111111111"/>
    <class days="0001000" id="852" room="5" start="222" weeks="11111111111111"/>
    <class days="0010000" id="853" room="60" start="222" weeks="11111111111111"/>
    <class days="0001000" id="854" room="7" start="252" weeks="11111111111111"/>
    <class days="0100000" id="855" room="16" start="246" weeks="11111111111111"/>
    <class days="0010000" id="856" room="20" start="240" weeks="11111111111111"/>
    <class days="0001000" id="857" room="87" start="156" weeks="11111111111111"/>
    <class days="0100000" id="858" room="174" start="192" weeks="11111111111111"/>
    <class days="0010000" id="859" room="174" start="144" weeks="11111111111111"/>
    <class days="0010000" id="860" room="40" start="144" weeks="11111111111111"/>
    <class days="1000000" id="861" room="85" start="192" weeks="11111111111111"/>
    <class days="0100000" id="862" room="85" start="156" weeks="11111111111111"/>
    <class days="1000000" id="863" room="90" start="108" weeks="11111111111111"/>
    <class days="1000000" id="864" room="85" start="156" weeks="11111111111111"/>
    <class days="0001000" id="865" room="88" start="192" weeks="11111111111111"/>
    <class days="0010000" id="866" room="87" start="144" weeks="11111111111111"/>
    <class days="0100000" id="867" room="72" start="180" weeks="11111111111111"/>
    <class days="1000000" id="868" room="173" start="126" weeks="11111111111111"/>
    <class days="0010000" id="869" room="157" start="168" weeks="11111111111111"/>
    <class days="0010000" id="870" room="153" start="114" weeks="11111111111111"/>
    <class days="0001000" id="871" room="89" start="204" weeks="11111111111111"/>
    <class days="0000100" id="872" room="148" start="216" weeks="11111111111111"/>
    <class days="0010000" id="873" room="172" start="192" weeks="11111111111111"/>
    <class days="0010000" id="874" room="42" start="180" weeks="11111111111111"/>
    <class days="1000000" id="875" room="41" start="120" weeks="11111111111111"/>
    <class days="0010000" id="876" room="150" start="132" weeks="11111111111111"/>
    <class days="0000100" id="877" room="88" start="168" weeks="11111111111111"/>
    <class days="1000000" id="878" room="157" start="114" weeks="11111111111111"/>
    <class days="0000100" id="879" room="172" start="240" weeks="11111111111111"/>
    <class days="0010000" id="880" room="72" start="216" weeks="11111111111111"/>
    <class days="0000100" id="881" room="157" start="126" weeks="11111111111111"/>
    <class days="0100000" id="882" room="162" start="120" weeks="11111111111111"/>
    <class days="0010000" id="883" room="172" start="156" weeks="11111111111111"/>
    <class days="1000000" id="884" room="169" start="168" weeks="11111111111111"/>
    <class days="0100000" id="885" room="195" start="132" weeks="11111111111111"/>
    <class days="0000100" id="886" room="86" start="192" weeks="11111111111111"/>
    <class days="0100000" id="887" room="158" start="114" weeks="11111111111111"/>
    <class days="0010000" id="888" room="40" start="180" weeks="11111111111111"/>
    <class days="0010000" id="889" room="169" start="168" weeks="11111111111111"/>
    <class days="1000000" id="890" room="43" start="180" weeks="11111111111111"/>
    <class days="0001000" id="891" room="179" start="156" weeks="11111111111111"/>
    <class days="0001000" id="892" room="176" start="180" weeks="11111111111111"/>
    <class days="0010000" id="893" room="112" start="192" weeks="11111111111111"/>
    <class days="0001000" id="894" room="67" start="204" weeks="11111111111111"/>
    <class days="0000100" id="895" room="50" start="132" weeks="11111111111111"/>
    <class days="0100000" id="896" room="61" start="204" weeks="11111111111111"/>
    <class days="1000000" id="897" room="45" start="198" weeks="11111111111111"/>
    <class days="1000000" id="898" room="210" start="168" weeks="11111111111111"/>
    <class days="0000100" id="899" room="46" start="180" weeks="11111111111111"/>
    <class days="0010000" id="900" room="17" start="192" weeks="11111111111111"/>
    <class days="0010000" id="901" room="210" start="186" weeks="11111111111111"/>
    <class days="0000100" id="902" room="17" start="186" weeks="11111111111111"/>
    <class days="1000000" id="903" room="45" start="180" weeks="11111111111111"/>
    <class days="0010000" id="904" room="116" start="204" weeks="11111111111111"/>
    <class days="0010000" id="905" room="200" start="204" weeks="11111111111111"/>
    <class days="1000000" id="906" room="49" start="132" weeks="11111111111111"/>
    <class days="0100000" id="907" room="116" start="204" weeks="11111111111111"/>
    <class days="0100000" id="908" room="62" start="108" weeks="11111111111111"/>
    <class days="0010000" id="909" room="111" start="180" weeks="11111111111111"/>
    <class days="1000000" id="910" room="117" start="108" weeks="11111111111111"/>
    <class days="0100000" id="911" room="191" start="180" weeks="11111111111111"/>
    <class days="0100000" id="912" room="191" start="204" weeks="11111111111111"/>
    <class days="0010000" id="913" room="191" start="180" weeks="11111111111111"/>
    <class days="0010000" id="914" room="191" start="204" weeks="11111111111111"/>
    <class days="0001000" id="915" room="191" start="132" weeks="11111111111111"/>
    <class days="0000100" id="916" room="1" start="120" weeks="11111111111111"/>
    <class days="1000000" id="917" start="120" weeks="11111111111111"/>
    <class days="0001000" id="918" room="45" start="186" weeks="11111111111111"/>
    <class days="1000000" id="919" room="45" start="156" weeks="11111111111111"/>
    <class days="0000100" id="920" room="117" start="156" weeks="11111111111111"/>
    <class days="0100000" id="921" room="46" start="198" weeks="11111111111111"/>
    <class days="0100000" id="922" room="50" start="132" weeks="11111111111111"/>
    <class days="1000000" id="923" room="46" start="180" weeks="11111111111111"/>
    <class days="1000000" id="924" room="64" start="168" weeks="11111111111111"/>
    <class days="0000100" id="925" room="65" start="108" weeks="11111111111111"/>
    <class days="0000100" id="926" room="50" start="156" weeks="11111111111111"/>
    <class days="0001000" id="927" room="45" start="162" weeks="11111111111111"/>
    <class days="0100000" id="928" room="64" start="108" weeks="11111111111111"/>
    <class days="0010000" id="929" room="46" start="108" weeks="11111111111111"/>
    <class days="0001000" id="930" room="60" start="108" weeks="11111111111111"/>
    <class days="0001000" id="931" room="60" start="132" weeks="11111111111111"/>
    <class days="0000100" id="932" room="200" start="162" weeks="11111111111111"/>
    <class days="1000000" id="933" room="200" start="156" weeks="11111111111111"/>
    <class days="0010000" id="934" room="63" start="108" weeks="11111111111111"/>
    <class days="0010000" id="935" room="59" start="156" weeks="11111111111111"/>
    <class days="0000100" id="936" room="65" start="132" weeks="11111111111111"/>
    <class days="0001000" id="937" room="63" start="108" weeks="11111111111111"/>
    <class days="0001000" id="938" room="59" start="132" weeks="11111111111111"/>
    <class days="0000100" id="939" room="20" start="162" weeks="11111111111111"/>
    <class days="0000100" id="940" room="6" start="174" weeks="11111111111111"/>
    <class days="0100000" id="941" room="18" start="174" weeks="11111111111111"/>
    <class days="0010000" id="942" room="16" start="186" weeks="11111111111111"/>
    <class days="1000000" id="943" room="17" start="156" weeks="11111111111111"/>
    <class days="0010000" id="944" room="136" start="162" weeks="11111111111111"/>
    <class days="0000100" id="945" room="23" start="120" weeks="11111111111111"/>
    <class days="0000100" id="946" room="60" start="192" weeks="11111111111111"/>
    <class days="0001000" id="947" room="18" start="108" weeks="11111111111111"/>
    <class days="1000000" id="948" room="26" start="114" weeks="11111111111111"/>
    <class days="0001000" id="949" room="12" start="192" weeks="11111111111111"/>
    <class days="0001000" id="950" room="2" start="192" weeks="11111111111111"/>
    <class days="0001000" id="951" room="56" start="114" weeks="11111111111111"/>
    <class days="0001000" id="952" room="210" start="204" weeks="11111111111111"/>
    <class days="0100000" id="953" room="211" start="168" weeks="11111111111111"/>
    <class days="1000000" id="954" room="19" start="114" weeks="11111111111111"/>
    <class days="0100000" id="955" room="46" start="132" weeks="11111111111111"/>
    <class days="0100000" id="956" room="111" start="132" weeks="11111111111111"/>
    <class days="0100000" id="957" room="111" start="168" weeks="11111111111111"/>
    <class days="0010000" id="958" room="111" start="108" weeks="11111111111111"/>
    <class days="0010000" id="959" room="111" start="144" weeks="11111111111111"/>
    <class days="0010000" id="960" room="19" start="156" weeks="11111111111111"/>
    <class days="1000000" id="961" room="137" start="180" weeks="11111111111111"/>
    <class days="0000100" id="962" room="7" start="168" weeks="11111111111111"/>
    <class days="0001000" id="963" room="102" start="114" weeks="11111111111111"/>
    <class days="0100000" id="964" room="102" start="192" weeks="11111111111111"/>
    <class days="0100000" id="965" room="61" start="120" weeks="11111111111111"/>
    <class days="0100000" id="966" room="23" start="186" weeks="11111111111111"/>
    <class days="1000000" id="967" room="59" start="108" weeks="11111111111111"/>
    <class days="1000000" id="968" room="63" start="174" weeks="11111111111111"/>
    <class days="0100000" id="969" room="54" start="108" weeks="11111111111111"/>
    <class days="0010000" id="970" room="30" start="168" weeks="11111111111111"/>
    <class days="0000100" id="971" room="30" start="174" weeks="11111111111111"/>
    <class days="1000000" id="972" room="3" start="108" weeks="11111111111111"/>
    <class days="0100000" id="973" room="60" start="156" weeks="11111111111111"/>
    <class days="0001000" id="974" room="51" start="192" weeks="11111111111111"/>
    <class days="0100000" id="975" room="8" start="162" weeks="11111111111111"/>
    <class days="1000000" id="976" room="212" start="132" weeks="11111111111111"/>
    <class days="0000100" id="977" room="3" start="174" weeks="11111111111111"/>
    <class days="1000000" id="978" room="62" start="198" weeks="11111111111111"/>
    <class days="1000000" id="979" room="61" start="168" weeks="11111111111111"/>
    <class days="0010000" id="980" room="50" start="156" weeks="11111111111111"/>
    <class days="1000000" id="981" room="65" start="180" weeks="11111111111111"/>
    <class days="0010000" id="982" room="62" start="162" weeks="11111111111111"/>
    <class days="1000000" id="983" room="2" start="180" weeks="11111111111111"/>
    <class days="0001000" id="984" room="62" start="114" weeks="11111111111111"/>
    <class days="0100000" id="985" room="102" start="156" weeks="11111111111111"/>
    <class days="0000100" id="986" room="139" start="162" weeks="11111111111111"/>
    <class days="0010000" id="987" room="25" start="192" weeks="11111111111111"/>
    <class days="0001000" id="988" room="24" start="192" weeks="11111111111111"/>
    <class days="0100000" id="989" room="23" start="156" weeks="11111111111111"/>
    <class days="0000100" id="990" room="31" start="204" weeks="11111111111111"/>
    <class days="0010000" id="991" room="60" start="174" weeks="11111111111111"/>
    <class days="0100000" id="992" room="59" start="108" weeks="11111111111111"/>
    <class days="0000100" id="993" room="46" start="120" weeks="11111111111111"/>
    <class days="1000000" id="994" room="139" start="204" weeks="11111111111111"/>
    <class days="0001000" id="995" room="211" start="180" weeks="11111111111111"/>
    <class days="0001000" id="996" room="214" start="180" weeks="11111111111111"/>
    <class days="1000000" id="997" room="5" start="204" weeks="11111111111111"/>
    <class days="0001000" id="998" room="102" start="168" weeks="11111111111111"/>
    <class days="1000000" id="999" room="50" start="120" weeks="11111111111111"/>
    <class days="0001000" id="1000" room="17" start="198" weeks="11111111111111"/>
    <class days="0001000" id="1001" room="1" start="168" weeks="11111111111111"/>
    <class days="0100000" id="1002" start="132" weeks="11111111111111"/>
    <class days="0010000" id="1003" start="108" weeks="11111111111111"/>
    <class days="0000100" id="1004" room="114" start="120" weeks="11111111111111"/>
    <class days="0000100" id="1005" room="26" start="180" weeks="11111111111111"/>
    <class days="1000000" id="1006" room="200" start="192" weeks="11111111111111"/>
    <class days="0100000" id="1007" room="24" start="168" weeks="11111111111111"/>
    <class days="0100000" id="1008" room="62" start="162" weeks="11111111111111"/>
    <class days="1000000" id="1009" room="211" start="108" weeks="11111111111111"/>
    <class days="0001000" id="1010" room="61" start="168" weeks="11111111111111"/>
    <class days="1000000" id="1011" room="20" start="120" weeks="11111111111111"/>
    <class days="1000000" id="1012" room="4" start="156" weeks="11111111111111"/>
    <class days="0010000" id="1013" room="2" start="114" weeks="11111111111111"/>
    <class days="0001000" id="1014" room="212" start="186" weeks="11111111111111"/>
    <class days="0010000" id="1015" room="8" start="186" weeks="11111111111111"/>
    <class days="0010000" id="1016" room="14" start="174" weeks="11111111111111"/>
    <class days="0010000" id="1017" room="56" start="180" weeks="11111111111111"/>
    <class days="0100000" id="1018" room="4" start="180" weeks="11111111111111"/>
    <class days="1000000" id="1019" room="116" start="162" weeks="11111111111111"/>
    <class days="0100000" id="1020" room="114" start="156" weeks="11111111111111"/>
    <class days="1000000" id="1021" room="211" start="186" weeks="11111111111111"/>
    <class days="1000000" id="1022" room="52" start="186" weeks="11111111111111"/>
    <class days="1000000" id="1023" room="213" start="114" weeks="11111111111111"/>
    <class days="0001000" id="1024" room="26" start="108" weeks="11111111111111"/>
    <class days="0001000" id="1025" room="176" start="108" weeks="11111111111111"/>
    <class days="1000000" id="1026" room="176" start="174" weeks="11111111111111"/>
    <class days="1000000" id="1027" room="62" start="168" weeks="11111111111111"/>
    <class days="0001000" id="1028" room="111" start="198" weeks="11111111111111"/>
    <class days="0001000" id="1029" room="17" start="108" weeks="11111111111111"/>
    <class days="0100000" id="1030" room="111" start="174" weeks="11111111111111"/>
    <class days="0001000" id="1031" room="64" start="186" weeks="11111111111111"/>
    <class days="0001000" id="1032" room="209" start="192" weeks="11111111111111"/>
    <class days="1000000" id="1033" room="114" start="114" weeks="11111111111111"/>
    <class days="1000000" id="1034" room="115" start="186" weeks="11111111111111"/>
    <class days="0010000" id="1035" room="112" start="156" weeks="11111111111111"/>
    <class days="0001000" id="1036" room="115" start="132" weeks="11111111111111"/>
    <class days="0001000" id="1037" room="111" start="120" weeks="11111111111111"/>
    <class days="0010000" id="1038" room="115" start="192" weeks="11111111111111"/>
    <class days="0001000" id="1039" room="64" start="162" weeks="11111111111111"/>
    <class days="0100000" id="1040" room="115" start="114" weeks="11111111111111"/>
    <class days="0010000" id="1041" room="45" start="120" weeks="11111111111111"/>
    <class days="1000000" id="1042" room="209" start="186" weeks="11111111111111"/>
    <class days="1000000" id="1043" room="210" start="132" weeks="11111111111111"/>
    <class days="1000000" id="1044" room="50" start="162" weeks="11111111111111"/>
    <class days="0001000" id="1045" room="111" start="168" weeks="11111111111111"/>
    <class days="1000000" id="1046" room="17" start="108" weeks="11111111111111"/>
    <class days="0100000" id="1047" room="65" start="168" weeks="11111111111111"/>
    <class days="0100000" id="1048" room="49" start="192" weeks="11111111111111"/>
    <class days="0001000" id="1049" room="64" start="132" weeks="11111111111111"/>
    <class days="0100000" id="1050" room="49" start="156" weeks="11111111111111"/>
    <class days="0010000" id="1051" room="65" start="108" weeks="11111111111111"/>
    <class days="0001000" id="1052" room="23" start="120" weeks="11111111111111"/>
    <class days="0100000" id="1053" room="210" start="174" weeks="11111111111111"/>
    <class days="0100000" id="1054" room="210" start="132" weeks="11111111111111"/>
    <class days="0100000" id="1055" room="209" start="132" weeks="11111111111111"/>
    <class days="0001000" id="1056" room="23" start="156" weeks="11111111111111"/>
    <class days="0001000" id="1057" room="114" start="156" weeks="11111111111111"/>
    <class days="0001000" id="1058" room="32" start="192" weeks="11111111111111"/>
    <class days="0001000" id="1059" room="5" start="168" weeks="11111111111111"/>
    <class days="0100000" id="1060" room="21" start="114" weeks="11111111111111"/>
    <class days="0100000" id="1061" room="23" start="186" weeks="11111111111111"/>
    <class days="0001000" id="1062" room="55" start="180" weeks="11111111111111"/>
    <class days="0000100" id="1063" room="50" start="192" weeks="11111111111111"/>
    <class days="0001000" id="1064" room="116" start="180" weeks="11111111111111"/>
    <class days="1000000" id="1065" room="4" start="132" weeks="11111111111111"/>
    <class days="0010000" id="1066" room="96" start="246" weeks="11111111111111"/>
    <class days="0001000" id="1067" room="10" start="198" weeks="11111111111111"/>
    <class days="1000000" id="1068" room="55" start="114" weeks="11111111111111"/>
    <class days="0010000" id="1069" room="5" start="114" weeks="11111111111111"/>
    <class days="1000000" id="1070" room="5" start="162" weeks="11111111111111"/>
    <class days="0000100" id="1071" room="5" start="120" weeks="11111111111111"/>
    <class days="0010000" id="1072" room="98" start="246" weeks="11111111111111"/>
    <class days="0100000" id="1073" room="11" start="120" weeks="11111111111111"/>
    <class days="0100000" id="1074" room="3" start="234" weeks="11111111111111"/>
    <class days="0000100" id="1075" room="98" start="246" weeks="11111111111111"/>
    <class days="0000100" id="1076" room="2" start="192" weeks="11111111111111"/>
    <class days="1000000" id="1077" room="51" start="114" weeks="11111111111111"/>
    <class days="0010000" id="1078" room="3" start="234" weeks="11111111111111"/>
    <class days="0010000" id="1079" start="138" weeks="11111111111111"/>
    <class days="0010000" id="1080" room="24" start="192" weeks="11111111111111"/>
    <class days="0000100" id="1081" room="212" start="168" weeks="11111111111111"/>
    <class days="0000100" id="1082" room="212" start="156" weeks="11111111111111"/>
    <class days="0010000" id="1083" room="137" start="186" weeks="11111111111111"/>
    <class days="1000000" id="1084" room="212" start="204" weeks="11111111111111"/>
    <class days="0000100" id="1085" room="112" start="198" weeks="11111111111111"/>
    <class days="0010000" id="1086" room="212" start="108" weeks="11111111111111"/>
    <class days="1000000" id="1087" room="27" start="186" weeks="11111111111111"/>
    <class days="1000000" id="1088" room="57" start="192" weeks="11111111111111"/>
    <class days="0010000" id="1089" room="98" start="204" weeks="11111111111111"/>
    <class days="0010000" id="1090" start="174" weeks="11111111111111"/>
    <class days="0010000" id="1091" start="108" weeks="11111111111111"/>
    <class days="0000100" id="1092" start="156" weeks="11111111111111"/>
    <class days="0001000" id="1093" start="186" weeks="11111111111111"/>
    <class days="0010000" id="1094" start="204" weeks="11111111111111"/>
    <class days="0100000" id="1095" start="198" weeks="11111111111111"/>
    <class days="0000100" id="1096" start="108" weeks="11111111111111"/>
    <class days="1000000" id="1097" start="108" weeks="11111111111111"/>
    <class days="0001000" id="1098" start="180" weeks="11111111111111"/>
    <class days="0100000" id="1099" room="20" start="132" weeks="11111111111111"/>
    <class days="0000100" id="1100" room="96" start="120" weeks="11111111111111"/>
    <class days="0000100" id="1101" room="96" start="192" weeks="11111111111111"/>
    <class days="1000000" id="1102" room="20" start="114" weeks="11111111111111"/>
    <class days="0000100" id="1103" room="190" start="168" weeks="11111111111111"/>
    <class days="1000000" id="1104" room="190" start="108" weeks="11111111111111"/>
    <class days="0100000" id="1105" room="190" start="168" weeks="11111111111111"/>
    <class days="0001000" id="1106" room="50" start="132" weeks="11111111111111"/>
    <class days="0100000" id="1107" room="200" start="198" weeks="11111111111111"/>
    <class days="0001000" id="1108" room="59" start="162" weeks="11111111111111"/>
    <class days="0100000" id="1109" room="62" start="186" weeks="11111111111111"/>
    <class days="1000000" id="1110" room="60" start="192" weeks="11111111111111"/>
    <class days="0100000" id="1111" room="200" start="174" weeks="11111111111111"/>
    <class days="0010000" id="1112" room="26" start="132" weeks="11111111111111"/>
    <class days="0100000" id="1113" room="6" start="168" weeks="11111111111111"/>
    <class days="1000000" id="1114" room="211" start="156" weeks="11111111111111"/>
    <class days="0000100" id="1115" room="45" start="156" weeks="11111111111111"/>
    <class days="1000000" id="1116" room="49" start="108" weeks="11111111111111"/>
    <class days="0010000" id="1117" room="46" start="180" weeks="11111111111111"/>
    <class days="0000100" id="1118" room="64" start="180" weeks="11111111111111"/>
    <class days="0100000" id="1119" room="65" start="198" weeks="11111111111111"/>
    <class days="0000100" id="1120" room="45" start="114" weeks="11111111111111"/>
    <class days="0001000" id="1121" room="16" start="132" weeks="11111111111111"/>
    <class days="0000100" id="1122" room="62" start="192" weeks="11111111111111"/>
    <class days="0100000" id="1123" room="27" start="174" weeks="11111111111111"/>
    <class days="0100000" id="1124" room="68" start="114" weeks="11111111111111"/>
    <class days="0000100" id="1125" room="43" start="114" weeks="11111111111111"/>
    <class days="0000100" id="1126" room="136" start="204" weeks="11111111111111"/>
    <class days="1000000" id="1127" room="13" start="108" weeks="11111111111111"/>
    <class days="0010000" id="1128" room="176" start="180" weeks="11111111111111"/>
    <class days="0000100" id="1129" room="66" start="210" weeks="11111111111111"/>
    <class days="0100000" id="1130" room="66" start="186" weeks="11111111111111"/>
    <class days="0100000" id="1131" room="175" start="168" weeks="11111111111111"/>
    <class days="0100000" id="1132" room="63" start="204" weeks="11111111111111"/>
    <class days="0001000" id="1133" room="13" start="174" weeks="11111111111111"/>
    <class days="1000000" id="1134" room="2" start="162" weeks="11111111111111"/>
    <class days="0001000" id="1135" room="211" start="204" weeks="11111111111111"/>
    <class days="0000100" id="1136" room="16" start="126" weeks="11111111111111"/>
    <class days="0100000" id="1137" room="102" start="234" weeks="11111111111111"/>
    <class days="0010000" id="1138" room="59" start="180" weeks="11111111111111"/>
    <class days="0000100" id="1139" room="61" start="186" weeks="11111111111111"/>
    <class days="0001000" id="1140" room="63" start="204" weeks="11111111111111"/>
    <class days="0000100" id="1141" room="50" start="204" weeks="11111111111111"/>
    <class days="1000000" id="1142" room="112" start="174" weeks="11111111111111"/>
    <class days="1000000" id="1143" room="190" start="108" weeks="11111111111111"/>
    <class days="0000100" id="1144" room="190" start="120" weeks="11111111111111"/>
    <class days="0010000" id="1145" room="24" start="162" weeks="11111111111111"/>
    <class days="0000100" id="1146" room="24" start="156" weeks="11111111111111"/>
    <class days="0001000" id="1147" room="8" start="108" weeks="11111111111111"/>
    <class days="0010000" id="1148" room="211" start="156" weeks="11111111111111"/>
    <class days="0010000" id="1149" room="63" start="132" weeks="11111111111111"/>
    <class days="1000000" id="1150" room="27" start="162" weeks="11111111111111"/>
    <class days="0100000" id="1151" room="190" start="150" weeks="11111111111111"/>
    <class days="0000100" id="1152" room="190" start="198" weeks="11111111111111"/>
    <class days="0001000" id="1153" room="9" start="192" weeks="11111111111111"/>
    <class days="0010000" id="1154" room="68" start="162" weeks="11111111111111"/>
    <class days="0010000" id="1155" room="20" start="114" weeks="11111111111111"/>
    <class days="0001000" id="1156" room="94" start="120" weeks="11111111111111"/>
    <class days="0001000" id="1157" room="11" start="240" weeks="11111111111111"/>
    <class days="0100000" id="1158" room="10" start="132" weeks="11111111111111"/>
    <class days="0010000" id="1159" room="59" start="204" weeks="11111111111111"/>
    <class days="0100000" id="1160" room="63" start="108" weeks="11111111111111"/>
    <class days="0000100" id="1161" room="63" start="132" weeks="11111111111111"/>
    <class days="0000100" id="1162" room="10" start="108" weeks="11111111111111"/>
    <class days="1000000" id="1163" room="98" start="132" weeks="11111111111111"/>
    <class days="0001000" id="1164" room="93" start="174" weeks="11111111111111"/>
    <class days="1000000" id="1165" room="25" start="108" weeks="11111111111111"/>
    <class days="0010000" id="1166" room="39" start="120" weeks="11111111111111"/>
    <class days="0000100" id="1167" room="117" start="198" weeks="11111111111111"/>
    <class days="0001000" id="1168" room="94" start="192" weeks="11111111111111"/>
    <class days="1000000" id="1169" room="62" start="132" weeks="11111111111111"/>
    <class days="0100000" id="1170" room="38" start="126" weeks="11111111111111"/>
    <class days="0001000" id="1171" room="209" start="132" weeks="11111111111111"/>
    <class days="1000000" id="1172" room="59" start="180" weeks="11111111111111"/>
    <class days="1000000" id="1173" room="60" start="156" weeks="11111111111111"/>
    <class days="0001000" id="1174" room="92" start="192" weeks="11111111111111"/>
    <class days="0000100" id="1175" room="62" start="180" weeks="11111111111111"/>
    <class days="0100000" id="1176" room="152" start="108" weeks="11111111111111"/>
    <class days="0001000" id="1177" room="87" start="168" weeks="11111111111111"/>
    <class days="1000000" id="1178" room="162" start="108" weeks="11111111111111"/>
    <class days="1000000" id="1179" room="72" start="132" weeks="11111111111111"/>
    <class days="0001000" id="1180" room="173" start="174" weeks="11111111111111"/>
    <class days="1000000" id="1181" room="152" start="144" weeks="11111111111111"/>
    <class days="0100000" id="1182" room="43" start="132" weeks="11111111111111"/>
    <class days="0000100" id="1183" room="88" start="114" weeks="11111111111111"/>
    <class days="1000000" id="1184" room="157" start="156" weeks="11111111111111"/>
    <class days="1000000" id="1185" room="88" start="180" weeks="11111111111111"/>
    <class days="0010000" id="1186" room="90" start="108" weeks="11111111111111"/>
    <class days="0010000" id="1187" room="152" start="132" weeks="11111111111111"/>
    <class days="0010000" id="1188" room="153" start="156" weeks="11111111111111"/>
    <class days="0010000" id="1189" room="157" start="180" weeks="11111111111111"/>
    <class days="0100000" id="1190" room="157" start="156" weeks="11111111111111"/>
    <class days="0000100" id="1191" room="174" start="156" weeks="11111111111111"/>
    <class days="1000000" id="1192" room="154" start="120" weeks="11111111111111"/>
    <class days="1000000" id="1193" room="155" start="144" weeks="11111111111111"/>
    <class days="0000100" id="1194" room="155" start="204" weeks="11111111111111"/>
    <class days="0010000" id="1195" room="153" start="258" weeks="11111111111111"/>
    <class days="0000100" id="1196" room="42" start="246" weeks="11111111111111"/>
    <class days="0000100" id="1197" room="162" start="150" weeks="11111111111111"/>
    <class days="0001000" id="1198" room="162" start="198" weeks="11111111111111"/>
    <class days="1000000" id="1199" room="155" start="114" weeks="11111111111111"/>
    <class days="0010000" id="1200" room="43" start="138" weeks="11111111111111"/>
    <class days="0000100" id="1201" room="42" start="150" weeks="11111111111111"/>
    <class days="0100000" id="1202" room="157" start="144" weeks="11111111111111"/>
    <class days="0100000" id="1203" room="169" start="114" weeks="11111111111111"/>
    <class days="0010000" id="1204" room="85" start="144" weeks="11111111111111"/>
    <class days="0000100" id="1205" room="158" start="138" weeks="11111111111111"/>
    <class days="1000000" id="1206" room="85" start="192" weeks="11111111111111"/>
    <class days="0010000" id="1207" room="87" start="186" weeks="11111111111111"/>
    <class days="1000000" id="1208" room="66" start="108" weeks="11111111111111"/>
    <class days="0010000" id="1209" room="201" start="204" weeks="11111111111111"/>
    <class days="0000100" id="1210" room="28" start="156" weeks="11111111111111"/>
    <class days="0100000" id="1211" room="8" start="198" weeks="11111111111111"/>
    <class days="0000100" id="1212" room="19" start="132" weeks="11111111111111"/>
    <class days="1000000" id="1213" room="14" start="192" weeks="11111111111111"/>
    <class days="0100000" id="1214" room="51" start="204" weeks="11111111111111"/>
    <class days="0010000" id="1215" room="2" start="180" weeks="11111111111111"/>
    <class days="0001000" id="1216" room="28" start="192" weeks="11111111111111"/>
    <class days="0100000" id="1217" room="8" start="108" weeks="11111111111111"/>
    <class days="0100000" id="1218" room="32" start="180" weeks="11111111111111"/>
    <class days="1000000" id="1219" room="65" start="204" weeks="11111111111111"/>
    <class days="0000100" id="1220" room="98" start="156" weeks="11111111111111"/>
    <class days="0001000" id="1221" room="61" start="186" weeks="11111111111111"/>
    <class days="0000100" id="1222" room="55" start="132" weeks="11111111111111"/>
    <class days="0100000" id="1223" room="1" start="132" weeks="11111111111111"/>
    <class days="1000000" id="1224" room="11" start="108" weeks="11111111111111"/>
    <class days="0010000" id="1225" room="190" start="192" weeks="11111111111111"/>
    <class days="0100000" id="1226" room="190" start="198" weeks="11111111111111"/>
    <class days="0001000" id="1227" room="189" start="174" weeks="11111111111111"/>
    <class days="0010000" id="1228" room="28" start="108" weeks="11111111111111"/>
    <class days="0000100" id="1229" room="50" start="132" weeks="11111111111111"/>
    <class days="1000000" id="1230" room="29" start="186" weeks="11111111111111"/>
    <class days="0000100" id="1231" room="56" start="162" weeks="11111111111111"/>
    <class days="0100000" id="1232" room="190" start="114" weeks="11111111111111"/>
    <class days="1000000" id="1233" room="32" start="132" weeks="11111111111111"/>
    <class days="0001000" id="1234" room="214" start="132" weeks="11111111111111"/>
    <class days="0010000" id="1235" room="24" start="114" weeks="11111111111111"/>
    <class days="1000000" id="1236" room="26" start="192" weeks="11111111111111"/>
    <class days="1000000" id="1237" room="190" start="180" weeks="11111111111111"/>
    <class days="0100000" id="1238" room="5" start="126" weeks="11111111111111"/>
    <class days="0000100" id="1239" room="59" start="108" weeks="11111111111111"/>
    <class days="0001000" id="1240" room="190" start="186" weeks="11111111111111"/>
    <class days="1000000" id="1241" room="189" start="156" weeks="11111111111111"/>
    <class days="0001000" id="1242" room="190" start="204" weeks="11111111111111"/>
    <class days="0100000" id="1243" room="189" start="204" weeks="11111111111111"/>
    <class days="0000100" id="1244" room="9" start="138" weeks="11111111111111"/>
    <class days="0001000" id="1245" room="58" start="204" weeks="11111111111111"/>
    <class days="1000000" id="1246" room="57" start="114" weeks="11111111111111"/>
    <class days="0010000" id="1247" room="67" start="192" weeks="11111111111111"/>
    <class days="1000000" id="1248" room="1" start="108" weeks="11111111111111"/>
    <class days="0010000" id="1249" room="190" start="156" weeks="11111111111111"/>
    <class days="1000000" id="1250" room="190" start="132" weeks="11111111111111"/>
    <class days="0100000" id="1251" room="17" start="132" weeks="11111111111111"/>
    <class days="0100000" id="1252" room="190" start="204" weeks="11111111111111"/>
    <class days="0000100" id="1253" room="8" start="198" weeks="11111111111111"/>
    <class days="0010000" id="1254" room="20" start="132" weeks="11111111111111"/>
    <class days="1000000" id="1255" room="20" start="174" weeks="11111111111111"/>
    <class days="0100000" id="1256" room="27" start="132" weeks="11111111111111"/>
    <class days="0100000" id="1257" room="26" start="204" weeks="11111111111111"/>
    <class days="0000100" id="1258" room="190" start="168" weeks="11111111111111"/>
    <class days="0010000" id="1259" room="190" start="108" weeks="11111111111111"/>
    <class days="0010000" id="1260" room="16" start="156" weeks="11111111111111"/>
    <class days="0001000" id="1261" room="14" start="156" weeks="11111111111111"/>
    <class days="0000100" id="1262" room="114" start="186" weeks="11111111111111"/>
    <class days="1000000" id="1263" room="60" start="114" weeks="11111111111111"/>
    <class days="0000100" id="1264" room="54" start="150" weeks="11111111111111"/>
    <class days="0001000" id="1265" room="6" start="156" weeks="11111111111111"/>
    <class days="0000100" id="1266" room="190" start="108" weeks="11111111111111"/>
    <class days="0010000" id="1267" room="190" start="204" weeks="11111111111111"/>
    <class days="0100000" id="1268" room="12" start="162" weeks="11111111111111"/>
    <class days="0010000" id="1269" room="26" start="120" weeks="11111111111111"/>
    <class days="0100000" id="1270" room="13" start="156" weeks="11111111111111"/>
    <class days="0000100" id="1271" room="189" start="126" weeks="11111111111111"/>
    <class days="1000000" id="1272" room="214" start="216" weeks="11111111111111"/>
    <class days="0100000" id="1273" room="212" start="156" weeks="11111111111111"/>
    <class days="0100000" id="1274" room="70" start="156" weeks="11111111111111"/>
    <class days="0100000" id="1275" room="15" start="120" weeks="11111111111111"/>
    <class days="1000000" id="1276" room="189" start="108" weeks="11111111111111"/>
    <class days="1000000" id="1277" room="189" start="120" weeks="11111111111111"/>
    <class days="0100000" id="1278" room="6" start="144" weeks="11111111111111"/>
    <class days="0100000" id="1279" room="50" start="180" weeks="11111111111111"/>
    <class days="0010000" id="1280" room="46" start="192" weeks="11111111111111"/>
    <class days="0000100" id="1281" room="26" start="108" weeks="11111111111111"/>
    <class days="1000000" id="1282" room="27" start="138" weeks="11111111111111"/>
    <class days="0010000" id="1283" start="180" weeks="11111111111111"/>
    <class days="1000000" id="1284" room="56" start="168" weeks="11111111111111"/>
    <class days="0100000" id="1285" room="10" start="156" weeks="11111111111111"/>
    <class days="1000000" id="1286" room="2" start="180" weeks="11111111111111"/>
    <class days="1000000" id="1287" room="11" start="180" weeks="11111111111111"/>
    <class days="0000100" id="1288" room="61" start="108" weeks="11111111111111"/>
    <class days="0000100" id="1289" room="53" start="114" weeks="11111111111111"/>
    <class days="1000000" id="1290" room="70" start="198" weeks="11111111111111"/>
    <class days="0000100" id="1291" room="113" start="162" weeks="11111111111111"/>
    <class days="1000000" id="1292" room="159" start="180" weeks="11111111111111"/>
    <class days="1000000" id="1293" room="159" start="204" weeks="11111111111111"/>
    <class days="0000100" id="1294" room="159" start="156" weeks="11111111111111"/>
    <class days="0000100" id="1295" room="159" start="180" weeks="11111111111111"/>
    <class days="1000000" id="1296" room="156" start="180" weeks="11111111111111"/>
    <class days="0010000" id="1297" room="159" start="240" weeks="11111111111111"/>
    <class days="1000000" id="1298" room="156" start="204" weeks="11111111111111"/>
    <class days="0010000" id="1299" room="159" start="264" weeks="11111111111111"/>
    <class days="0000100" id="1300" room="42" start="192" weeks="11111111111111"/>
    <class days="0010000" id="1301" room="154" start="108" weeks="11111111111111"/>
    <class days="0001000" id="1302" room="43" start="156" weeks="11111111111111"/>
    <class days="0000100" id="1303" room="87" start="192" weeks="11111111111111"/>
    <class days="0100000" id="1304" room="90" start="192" weeks="11111111111111"/>
    <class days="0100000" id="1305" room="153" start="216" weeks="11111111111111"/>
    <class days="0010000" id="1306" room="151" start="168" weeks="11111111111111"/>
    <class days="0001000" id="1307" room="8" start="162" weeks="11111111111111"/>
    <class days="0010000" id="1308" room="67" start="186" weeks="11111111111111"/>
    <class days="0000100" id="1309" room="114" start="192" weeks="11111111111111"/>
    <class days="1000000" id="1310" room="56" start="120" weeks="11111111111111"/>
    <class days="0100000" id="1311" room="96" start="126" weeks="11111111111111"/>
    <class days="0001000" id="1312" room="4" start="132" weeks="11111111111111"/>
    <class days="0010000" id="1313" room="176" start="150" weeks="11111111111111"/>
    <class days="1000000" id="1314" room="175" start="192" weeks="11111111111111"/>
    <class days="0001000" id="1315" room="3" start="138" weeks="11111111111111"/>
    <class days="0100000" id="1316" room="7" start="114" weeks="11111111111111"/>
    <class days="0000100" id="1317" room="25" start="114" weeks="11111111111111"/>
    <class days="0100000" id="1318" room="18" start="174" weeks="11111111111111"/>
    <class days="0100000" id="1319" room="212" start="150" weeks="11111111111111"/>
    <class days="0000100" id="1320" room="14" start="156" weeks="11111111111111"/>
    <class days="0010000" id="1321" room="179" start="168" weeks="11111111111111"/>
    <class days="1000000" id="1322" room="175" start="132" weeks="11111111111111"/>
    <class days="0000100" id="1323" room="179" start="162" weeks="11111111111111"/>
    <class days="0010000" id="1324" room="176" start="120" weeks="11111111111111"/>
    <class days="0010000" id="1325" room="53" start="108" weeks="11111111111111"/>
    <class days="0001000" id="1326" room="16" start="168" weeks="11111111111111"/>
    <class days="0000100" id="1327" room="209" start="156" weeks="11111111111111"/>
    <class days="1000000" id="1328" room="51" start="168" weeks="11111111111111"/>
    <class days="0001000" id="1329" room="176" start="138" weeks="11111111111111"/>
    <class days="0100000" id="1330" room="179" start="186" weeks="11111111111111"/>
    <class days="0010000" id="1331" room="51" start="132" weeks="11111111111111"/>
    <class days="0000100" id="1332" room="68" start="180" weeks="11111111111111"/>
    <class days="0001000" id="1333" room="179" start="204" weeks="11111111111111"/>
    <class days="0100000" id="1334" room="176" start="108" weeks="11111111111111"/>
    <class days="0001000" id="1335" room="51" start="108" weeks="11111111111111"/>
    <class days="0100000" id="1336" room="210" start="144" weeks="11111111111111"/>
    <class days="0010000" id="1337" room="70" start="180" weeks="11111111111111"/>
    <class days="0000100" id="1338" room="214" start="192" weeks="11111111111111"/>
    <class days="0001000" id="1339" room="5" start="138" weeks="11111111111111"/>
    <class days="0000100" id="1340" room="52" start="186" weeks="11111111111111"/>
    <class days="0001000" id="1341" room="66" start="180" weeks="11111111111111"/>
    <class days="0000100" id="1342" room="68" start="120" weeks="11111111111111"/>
    <class days="0100000" id="1343" room="179" start="114" weeks="11111111111111"/>
    <class days="0000100" id="1344" room="176" start="156" weeks="11111111111111"/>
    <class days="0100000" id="1345" room="175" start="132" weeks="11111111111111"/>
    <class days="0000100" id="1346" room="175" start="186" weeks="11111111111111"/>
    <class days="1000000" id="1347" room="3" start="114" weeks="11111111111111"/>
    <class days="0100000" id="1348" room="60" start="132" weeks="11111111111111"/>
    <class days="0001000" id="1349" room="116" start="114" weeks="11111111111111"/>
    <class days="0000100" id="1350" room="35" start="156" weeks="11111111111111"/>
    <class days="0010000" id="1351" room="35" start="156" weeks="11111111111111"/>
    <class days="0000100" id="1352" room="35" start="108" weeks="11111111111111"/>
    <class days="0100000" id="1353" room="50" start="156" weeks="11111111111111"/>
    <class days="0001000" id="1354" room="116" start="156" weeks="11111111111111"/>
    <class days="0100000" id="1355" room="191" start="108" weeks="11111111111111"/>
    <class days="0010000" id="1356" room="191" start="108" weeks="11111111111111"/>
    <class days="0010000" id="1357" room="191" start="132" weeks="11111111111111"/>
    <class days="0100000" id="1358" room="49" start="204" weeks="11111111111111"/>
    <class days="1000000" id="1359" room="115" start="216" weeks="11111111111111"/>
    <class days="1000000" id="1360" room="35" start="156" weeks="11111111111111"/>
    <class days="1000000" id="1361" room="35" start="108" weeks="11111111111111"/>
    <class days="0010000" id="1362" room="209" start="168" weeks="11111111111111"/>
    <class days="0010000" id="1363" room="61" start="126" weeks="11111111111111"/>
    <class days="0000100" id="1364" room="175" start="120" weeks="11111111111111"/>
    <class days="0000100" id="1365" room="13" start="126" weeks="11111111111111"/>
    <class days="0100000" id="1366" room="48" start="156" weeks="11111111111111"/>
    <class days="0010000" id="1367" room="60" start="192" weeks="11111111111111"/>
    <class days="0001000" id="1368" room="24" start="108" weeks="11111111111111"/>
    <class days="0001000" id="1369" room="48" start="132" weeks="11111111111111"/>
    <class days="0010000" id="1370" room="48" start="108" weeks="11111111111111"/>
    <class days="1000000" id="1371" room="47" start="132" weeks="11111111111111"/>
    <class days="0100000" id="1372" room="47" start="132" weeks="11111111111111"/>
    <class days="1000000" id="1373" room="47" start="168" weeks="11111111111111"/>
    <class days="0010000" id="1374" room="47" start="168" weeks="11111111111111"/>
    <class days="0000100" id="1375" room="48" start="156" weeks="11111111111111"/>
    <class days="0100000" id="1376" room="48" start="108" weeks="11111111111111"/>
    <class days="0000100" id="1377" room="48" start="132" weeks="11111111111111"/>
    <class days="0001000" id="1378" room="61" start="132" weeks="11111111111111"/>
    <class days="0010000" id="1379" room="48" start="120" weeks="11111111111111"/>
    <class days="0001000" id="1380" room="24" start="132" weeks="11111111111111"/>
    <class days="1000000" id="1381" room="48" start="132" weeks="11111111111111"/>
    <class days="0001000" id="1382" room="48" start="156" weeks="11111111111111"/>
    <class days="0010000" id="1383" room="48" start="168" weeks="11111111111111"/>
    <class days="0001000" id="1384" room="48" start="108" weeks="11111111111111"/>
    <class days="0100000" id="1385" room="48" start="132" weeks="11111111111111"/>
    <class days="0000100" id="1386" room="20" start="132" weeks="11111111111111"/>
    <class days="1000000" id="1387" room="48" start="156" weeks="11111111111111"/>
    <class days="0000100" id="1388" room="48" start="108" weeks="11111111111111"/>
    <class days="0100000" id="1389" room="57" start="180" weeks="11111111111111"/>
    <class days="0100000" id="1390" room="35" start="156" weeks="11111111111111"/>
    <class days="1000000" id="1391" room="48" start="180" weeks="11111111111111"/>
    <class days="0010000" id="1392" room="112" start="120" weeks="11111111111111"/>
    <class days="0000100" id="1393" room="214" start="114" weeks="11111111111111"/>
    <class days="0100000" id="1394" room="200" start="108" weeks="11111111111111"/>
    <class days="0100000" id="1395" room="50" start="132" weeks="11111111111111"/>
    <class days="0000100" id="1396" room="63" start="156" weeks="11111111111111"/>
    <class days="0000100" id="1397" room="46" start="180" weeks="11111111111111"/>
    <class days="0100000" id="1398" room="2" start="180" weeks="11111111111111"/>
    <class days="0000100" id="1399" room="114" start="132" weeks="11111111111111"/>
    <class days="1000000" id="1400" room="46" start="108" weeks="11111111111111"/>
    <class days="0010000" id="1401" room="46" start="156" weeks="11111111111111"/>
    <class days="1000000" id="1402" room="60" start="180" weeks="11111111111111"/>
    <class days="1000000" id="1403" room="61" start="144" weeks="11111111111111"/>
    <class days="1000000" id="1404" room="114" start="192" weeks="11111111111111"/>
    <class days="1000000" id="1405" room="23" start="156" weeks="11111111111111"/>
    <class days="0000100" id="1406" room="117" start="108" weeks="11111111111111"/>
    <class days="0001000" id="1407" room="50" start="156" weeks="11111111111111"/>
    <class days="0000100" id="1408" room="60" start="156" weeks="11111111111111"/>
    <class days="0100000" id="1409" room="117" start="156" weeks="11111111111111"/>
    <class days="0010000" id="1410" room="24" start="156" weeks="11111111111111"/>
    <class days="0000100" id="1411" room="210" start="132" weeks="11111111111111"/>
    <class days="0001000" id="1412" room="50" start="180" weeks="11111111111111"/>
    <class days="0000100" id="1413" room="111" start="180" weeks="11111111111111"/>
    <class days="0100000" id="1414" room="63" start="180" weeks="11111111111111"/>
    <class days="0010000" id="1415" room="65" start="180" weeks="11111111111111"/>
    <class days="0001000" id="1416" room="152" start="144" weeks="11111111111111"/>
    <class days="0010000" id="1417" room="152" start="108" weeks="11111111111111"/>
    <class days="0010000" id="1418" room="85" start="192" weeks="11111111111111"/>
    <class days="1000000" id="1419" room="172" start="108" weeks="11111111111111"/>
    <class days="0000100" id="1420" room="90" start="108" weeks="11111111111111"/>
    <class days="0000100" id="1421" room="85" start="108" weeks="11111111111111"/>
    <class days="1000000" id="1422" room="90" start="108" weeks="11111111111111"/>
    <class days="1000000" id="1423" room="150" start="156" weeks="11111111111111"/>
    <class days="0100000" id="1424" room="72" start="156" weeks="11111111111111"/>
    <class days="0010000" id="1425" room="152" start="108" weeks="11111111111111"/>
    <class days="0100000" id="1426" room="49" start="180" weeks="11111111111111"/>
    <class days="0001000" id="1427" room="60" start="144" weeks="11111111111111"/>
    <class days="0001000" id="1428" room="90" start="168" weeks="11111111111111"/>
    <class days="0010000" id="1429" room="90" start="132" weeks="11111111111111"/>
    <class days="0010000" id="1430" room="40" start="216" weeks="11111111111111"/>
    <class days="1000000" id="1431" room="40" start="132" weeks="11111111111111"/>
    <class days="0000100" id="1432" room="90" start="132" weeks="11111111111111"/>
    <class days="0000100" id="1433" room="85" start="132" weeks="11111111111111"/>
    <class days="1000000" id="1434" room="150" start="132" weeks="11111111111111"/>
    <class days="1000000" id="1435" room="152" start="180" weeks="11111111111111"/>
    <class days="0100000" id="1436" room="72" start="180" weeks="11111111111111"/>
    <class days="0010000" id="1437" room="172" start="132" weeks="11111111111111"/>
    <class days="0001000" id="1438" room="210" start="108" weeks="11111111111111"/>
    <class days="0000100" id="1439" room="210" start="108" weeks="11111111111111"/>
    <class days="1000000" id="1440" room="136" start="180" weeks="11111111111111"/>
    <class days="0100000" id="1441" room="19" start="108" weeks="11111111111111"/>
    <class days="0100000" id="1442" room="24" start="132" weeks="11111111111111"/>
    <class days="0100000" id="1443" room="19" start="156" weeks="11111111111111"/>
    <class days="0100000" id="1444" room="102" start="180" weeks="11111111111111"/>
    <class days="0100000" id="1445" room="17" start="108" weeks="11111111111111"/>
    <class days="0100000" id="1446" room="63" start="132" weeks="11111111111111"/>
    <class days="0100000" id="1447" room="59" start="156" weeks="11111111111111"/>
    <class days="0100000" id="1448" room="15" start="180" weeks="11111111111111"/>
    <class days="0000100" id="1449" room="12" start="156" weeks="11111111111111"/>
    <class days="0000100" id="1450" room="64" start="180" weeks="11111111111111"/>
    <class days="0000100" id="1451" room="45" start="108" weeks="11111111111111"/>
    <class days="0000100" id="1452" room="112" start="132" weeks="11111111111111"/>
    <class days="0000100" id="1453" room="64" start="156" weeks="11111111111111"/>
    <class days="0000100" id="1454" room="24" start="180" weeks="11111111111111"/>
    <class days="0000100" id="1455" room="200" start="108" weeks="11111111111111"/>
    <class days="0000100" id="1456" room="15" start="132" weeks="11111111111111"/>
    <class days="0100000" id="1457" room="50" start="132" weeks="11111111111111"/>
    <class days="0100000" id="1458" room="98" start="156" weeks="11111111111111"/>
    <class days="0000100" id="1459" room="64" start="156" weeks="11111111111111"/>
    <class days="0000100" id="1460" room="209" start="108" weeks="11111111111111"/>
    <class days="1000000" id="1461" room="12" start="108" weeks="11111111111111"/>
    <class days="1000000" id="1462" room="46" start="132" weeks="11111111111111"/>
    <class days="1000000" id="1463" room="179" start="156" weeks="11111111111111"/>
    <class days="1000000" id="1464" room="46" start="180" weeks="11111111111111"/>
    <class days="1000000" id="1465" room="24" start="180" weeks="11111111111111"/>
    <class days="0010000" id="1466" room="111" start="156" weeks="11111111111111"/>
    <class days="0010000" id="1467" room="176" start="180" weeks="11111111111111"/>
    <class days="0010000" id="1468" room="61" start="108" weeks="11111111111111"/>
    <class days="0010000" id="1469" room="61" start="132" weeks="11111111111111"/>
    <class days="0010000" id="1470" room="62" start="132" weeks="11111111111111"/>
    <class days="1000000" id="1471" room="8" start="132" weeks="11111111111111"/>
    <class days="1000000" id="1472" room="57" start="156" weeks="11111111111111"/>
    <class days="1000000" id="1473" room="19" start="180" weeks="11111111111111"/>
    <class days="0010000" id="1474" room="10" start="180" weeks="11111111111111"/>
    <class days="0010000" id="1475" room="1" start="108" weeks="11111111111111"/>
    <class days="0010000" id="1476" room="57" start="132" weeks="11111111111111"/>
    <class days="1000000" id="1477" room="209" start="108" weeks="11111111111111"/>
    <class days="0010000" id="1478" room="12" start="156" weeks="11111111111111"/>
    <class days="1000000" id="1479" room="15" start="180" weeks="11111111111111"/>
    <class days="1000000" id="1480" room="17" start="192" weeks="11111111111111"/>
    <class days="0100000" id="1481" room="117" start="132" weeks="11111111111111"/>
    <class days="0001000" id="1482" room="19" start="132" weeks="11111111111111"/>
    <class days="0100000" id="1483" room="135" start="108" weeks="11111111111111"/>
    <class days="0100000" id="1484" start="108" weeks="11111111111111"/>
    <class days="0100000" id="1485" start="108" weeks="11111111111111"/>
    <class days="0100000" id="1486" room="135" start="132" weeks="11111111111111"/>
    <class days="0100000" id="1487" start="132" weeks="11111111111111"/>
    <class days="0100000" id="1488" start="132" weeks="11111111111111"/>
    <class days="0000100" id="1489" room="97" start="156" weeks="11111111111111"/>
    <class days="0000100" id="1490" start="156" weeks="11111111111111"/>
    <class days="0000100" id="1491" start="156" weeks="11111111111111"/>
    <class days="1000000" id="1492" start="108" weeks="11111111111111"/>
    <class days="1000000" id="1493" start="108" weeks="11111111111111"/>
    <class days="1000000" id="1494" start="108" weeks="11111111111111"/>
    <class days="1000000" id="1495" start="108" weeks="11111111111111"/>
    <class days="1000000" id="1496" start="156" weeks="11111111111111"/>
    <class days="1000000" id="1497" start="156" weeks="11111111111111"/>
    <class days="1000000" id="1498" start="156" weeks="11111111111111"/>
    <class days="1000000" id="1499" start="156" weeks="11111111111111"/>
    <class days="1000000" id="1500" start="132" weeks="11111111111111"/>
    <class days="1000000" id="1501" start="132" weeks="11111111111111"/>
    <class days="1000000" id="1502" start="132" weeks="11111111111111"/>
    <class days="1000000" id="1503" start="132" weeks="11111111111111"/>
    <class days="1000000" id="1504" start="180" weeks="11111111111111"/>
    <class days="1000000" id="1505" start="180" weeks="11111111111111"/>
    <class days="1000000" id="1506" start="180" weeks="11111111111111"/>
    <class days="1000000" id="1507" start="180" weeks="11111111111111"/>
    <class days="0001000" id="1508" start="156" weeks="11111111111111"/>
    <class days="0001000" id="1509" start="156" weeks="11111111111111"/>
    <class days="0001000" id="1510" start="156" weeks="11111111111111"/>
    <class days="0001000" id="1511" start="156" weeks="11111111111111"/>
    <class days="0001000" id="1512" start="108" weeks="11111111111111"/>
    <class days="0001000" id="1513" start="108" weeks="11111111111111"/>
    <class days="0001000" id="1514" start="108" weeks="11111111111111"/>
    <class days="0001000" id="1515" start="108" weeks="11111111111111"/>
    <class days="1000000" id="1516" room="97" start="108" weeks="11111111111111"/>
    <class days="1000000" id="1517" start="108" weeks="11111111111111"/>
    <class days="1000000" id="1518" start="108" weeks="11111111111111"/>
    <class days="1000000" id="1519" start="108" weeks="11111111111111"/>
    <class days="1000000" id="1520" room="100" start="156" weeks="11111111111111"/>
    <class days="1000000" id="1521" start="156" weeks="11111111111111"/>
    <class days="1000000" id="1522" start="156" weeks="11111111111111"/>
    <class days="1000000" id="1523" start="156" weeks="11111111111111"/>
    <class days="1000000" id="1524" room="134" start="132" weeks="11111111111111"/>
    <class days="1000000" id="1525" start="132" weeks="11111111111111"/>
    <class days="1000000" id="1526" start="132" weeks="11111111111111"/>
    <class days="1000000" id="1527" start="132" weeks="11111111111111"/>
    <class days="1000000" id="1528" room="100" start="180" weeks="11111111111111"/>
    <class days="1000000" id="1529" start="180" weeks="11111111111111"/>
    <class days="1000000" id="1530" start="180" weeks="11111111111111"/>
    <class days="1000000" id="1531" start="180" weeks="11111111111111"/>
    <class days="0001000" id="1532" room="138" start="156" weeks="11111111111111"/>
    <class days="0001000" id="1533" start="156" weeks="11111111111111"/>
    <class days="0001000" id="1534" start="156" weeks="11111111111111"/>
    <class days="0001000" id="1535" start="156" weeks="11111111111111"/>
    <class days="0001000" id="1536" room="134" start="108" weeks="11111111111111"/>
    <class days="0001000" id="1537" start="108" weeks="11111111111111"/>
    <class days="0001000" id="1538" start="108" weeks="11111111111111"/>
    <class days="0001000" id="1539" start="108" weeks="11111111111111"/>
    <class days="1000000" id="1540" start="108" weeks="11111111111111"/>
    <class days="1000000" id="1541" start="108" weeks="11111111111111"/>
    <class days="1000000" id="1542" start="108" weeks="11111111111111"/>
    <class days="1000000" id="1543" start="108" weeks="11111111111111"/>
    <class days="1000000" id="1544" start="156" weeks="11111111111111"/>
    <class days="1000000" id="1545" start="156" weeks="11111111111111"/>
    <class days="1000000" id="1546" start="156" weeks="11111111111111"/>
    <class days="1000000" id="1547" start="156" weeks="11111111111111"/>
    <class days="1000000" id="1548" start="132" weeks="11111111111111"/>
    <class days="1000000" id="1549" start="132" weeks="11111111111111"/>
    <class days="1000000" id="1550" start="132" weeks="11111111111111"/>
    <class days="1000000" id="1551" start="132" weeks="11111111111111"/>
    <class days="1000000" id="1552" start="180" weeks="11111111111111"/>
    <class days="1000000" id="1553" start="180" weeks="11111111111111"/>
    <class days="1000000" id="1554" start="180" weeks="11111111111111"/>
    <class days="1000000" id="1555" start="180" weeks="11111111111111"/>
    <class days="0001000" id="1556" start="156" weeks="11111111111111"/>
    <class days="0001000" id="1557" start="156" weeks="11111111111111"/>
    <class days="0001000" id="1558" start="156" weeks="11111111111111"/>
    <class days="0001000" id="1559" start="156" weeks="11111111111111"/>
    <class days="0001000" id="1560" start="108" weeks="11111111111111"/>
    <class days="0001000" id="1561" start="108" weeks="11111111111111"/>
    <class days="0001000" id="1562" start="108" weeks="11111111111111"/>
    <class days="0001000" id="1563" start="108" weeks="11111111111111"/>
    <class days="1000000" id="1564" start="108" weeks="11111111111111"/>
    <class days="1000000" id="1565" start="108" weeks="11111111111111"/>
    <class days="1000000" id="1566" start="108" weeks="11111111111111"/>
    <class days="1000000" id="1567" start="108" weeks="11111111111111"/>
    <class days="1000000" id="1568" start="156" weeks="11111111111111"/>
    <class days="1000000" id="1569" start="156" weeks="11111111111111"/>
    <class days="1000000" id="1570" start="156" weeks="11111111111111"/>
    <class days="1000000" id="1571" start="156" weeks="11111111111111"/>
    <class days="1000000" id="1572" start="132" weeks="11111111111111"/>
    <class days="1000000" id="1573" start="132" weeks="11111111111111"/>
    <class days="1000000" id="1574" start="132" weeks="11111111111111"/>
    <class days="1000000" id="1575" start="132" weeks="11111111111111"/>
    <class days="1000000" id="1576" start="180" weeks="11111111111111"/>
    <class days="1000000" id="1577" start="180" weeks="11111111111111"/>
    <class days="1000000" id="1578" start="180" weeks="11111111111111"/>
    <class days="1000000" id="1579" start="180" weeks="11111111111111"/>
    <class days="0001000" id="1580" start="156" weeks="11111111111111"/>
    <class days="0001000" id="1581" start="156" weeks="11111111111111"/>
    <class days="0001000" id="1582" start="156" weeks="11111111111111"/>
    <class days="0001000" id="1583" start="156" weeks="11111111111111"/>
    <class days="0001000" id="1584" start="108" weeks="11111111111111"/>
    <class days="0001000" id="1585" start="108" weeks="11111111111111"/>
    <class days="0001000" id="1586" start="108" weeks="11111111111111"/>
    <class days="0001000" id="1587" start="108" weeks="11111111111111"/>
    <class days="0000100" id="1588" room="66" start="174" weeks="11111111111111"/>
    <class days="0100000" id="1589" room="55" start="180" weeks="11111111111111"/>
    <class days="0100000" id="1590" room="12" start="108" weeks="11111111111111"/>
    <class days="0000100" id="1591" room="63" start="186" weeks="11111111111111"/>
    <class days="0000100" id="1592" room="99" start="186" weeks="11111111111111"/>
    <class days="0010000" id="1593" room="32" start="108" weeks="11111111111111"/>
    <class days="0100000" id="1594" room="18" start="168" weeks="11111111111111"/>
    <class days="0010000" id="1595" room="10" start="252" weeks="11111111111111"/>
    <class days="0010000" id="1596" room="99" start="192" weeks="11111111111111"/>
    <class days="0100000" id="1597" room="99" start="192" weeks="11111111111111"/>
    <class days="0001000" id="1598" room="68" start="120" weeks="11111111111111"/>
    <class days="0001000" id="1599" room="70" start="120" weeks="11111111111111"/>
    <class days="1000000" id="1600" room="134" start="162" weeks="11111111111111"/>
    <class days="0001000" id="1601" room="33" start="108" weeks="11111111111111"/>
    <class days="0010000" id="1602" room="34" start="156" weeks="11111111111111"/>
    <class days="0001000" id="1603" room="67" start="126" weeks="11111111111111"/>
    <class days="0010000" id="1604" room="36" start="156" weeks="11111111111111"/>
    <class days="0100000" id="1605" room="100" start="150" weeks="11111111111111"/>
    <class days="1000000" id="1606" room="99" start="186" weeks="11111111111111"/>
    <class days="0100000" id="1607" room="66" start="180" weeks="11111111111111"/>
    <class days="0001000" id="1608" room="11" start="162" weeks="11111111111111"/>
    <class days="0010000" id="1609" room="5" start="150" weeks="11111111111111"/>
    <class days="0000100" id="1610" room="57" start="138" weeks="11111111111111"/>
    <class days="0100000" id="1611" room="34" start="192" weeks="11111111111111"/>
    <class days="0100000" id="1612" room="182" start="174" weeks="11111111111111"/>
    <class days="0010000" id="1613" room="182" start="120" weeks="11111111111111"/>
    <class days="1000000" id="1614" room="134" start="204" weeks="11111111111111"/>
    <class days="0000100" id="1615" room="134" start="198" weeks="11111111111111"/>
    <class days="1000000" id="1616" start="168" weeks="11111111111111"/>
    <class days="0010000" id="1617" start="108" weeks="11111111111111"/>
    <class days="0100000" id="1618" room="113" start="168" weeks="11111111111111"/>
    <class days="0000100" id="1619" room="113" start="204" weeks="11111111111111"/>
    <class days="0001000" id="1620" room="97" start="168" weeks="11111111111111"/>
    <class days="0010000" id="1621" room="100" start="180" weeks="11111111111111"/>
    <class days="0100000" id="1622" room="138" start="198" weeks="11111111111111"/>
    <class days="0000100" id="1623" room="97" start="108" weeks="11111111111111"/>
    <class days="0010000" id="1624" room="135" start="108" weeks="11111111111111"/>
    <class days="0010000" id="1625" start="108" weeks="11111111111111"/>
    <class days="0010000" id="1626" room="135" start="132" weeks="11111111111111"/>
    <class days="0010000" id="1627" start="132" weeks="11111111111111"/>
    <class days="1000000" id="1628" room="100" start="120" weeks="11111111111111"/>
    <class days="0001000" id="1629" room="138" start="120" weeks="11111111111111"/>
    <class days="1000000" id="1630" room="23" start="204" weeks="11111111111111"/>
    <class days="1000000" id="1631" room="113" start="114" weeks="11111111111111"/>
    <class days="0010000" id="1632" room="101" start="204" weeks="11111111111111"/>
    <class days="0001000" id="1633" room="135" start="114" weeks="11111111111111"/>
    <class days="0000100" id="1634" room="46" start="204" weeks="11111111111111"/>
    <class days="0001000" id="1635" room="46" start="204" weeks="11111111111111"/>
    <class days="0100000" id="1636" room="135" start="108" weeks="11111111111111"/>
    <class days="0001000" id="1637" room="45" start="132" weeks="11111111111111"/>
    <class days="0000100" id="1638" room="135" start="204" weeks="11111111111111"/>
    <class days="1000000" id="1639" room="99" start="156" weeks="11111111111111"/>
    <class days="0000100" id="1640" room="99" start="162" weeks="11111111111111"/>
    <class days="0010000" id="1641" room="210" start="126" weeks="11111111111111"/>
    <class days="0001000" id="1642" room="134" start="198" weeks="11111111111111"/>
    <class days="0001000" id="1643" room="30" start="168" weeks="11111111111111"/>
    <class days="0000100" id="1644" room="52" start="180" weeks="11111111111111"/>
    <class days="0001000" id="1645" room="99" start="216" weeks="11111111111111"/>
    <class days="0001000" id="1646" room="99" start="138" weeks="11111111111111"/>
    <class days="0010000" id="1647" room="99" start="132" weeks="11111111111111"/>
    <class days="0001000" id="1648" room="99" start="114" weeks="11111111111111"/>
    <class days="0010000" id="1649" room="135" start="174" weeks="11111111111111"/>
    <class days="0010000" id="1650" room="116" start="108" weeks="11111111111111"/>
    <class days="0100000" id="1651" room="138" start="132" weeks="11111111111111"/>
    <class days="0001000" id="1652" room="29" start="126" weeks="11111111111111"/>
    <class days="0000100" id="1653" room="29" start="162" weeks="11111111111111"/>
    <class days="0010000" id="1654" room="12" start="180" weeks="11111111111111"/>
    <class days="0000100" id="1655" room="8" start="120" weeks="11111111111111"/>
    <class days="0010000" id="1656" room="202" start="222" weeks="11111111111111"/>
    <class days="0010000" id="1657" room="96" start="168" weeks="11111111111111"/>
    <class days="0010000" id="1658" room="139" start="240" weeks="11111111111111"/>
    <class days="0001000" id="1659" room="36" start="114" weeks="11111111111111"/>
    <class days="0001000" id="1660" room="63" start="174" weeks="11111111111111"/>
    <class days="0000100" id="1661" room="99" start="114" weeks="11111111111111"/>
    <class days="1000000" id="1662" room="58" start="246" weeks="11111111111111"/>
    <class days="0100000" id="1663" room="70" start="174" weeks="11111111111111"/>
    <class days="0000100" id="1664" room="98" start="192" weeks="11111111111111"/>
    <class days="0000100" id="1665" room="210" start="120" weeks="11111111111111"/>
    <class days="0010000" id="1666" room="210" start="186" weeks="11111111111111"/>
    <class days="0010000" id="1667" room="117" start="150" weeks="11111111111111"/>
    <class days="0001000" id="1668" room="98" start="186" weeks="11111111111111"/>
    <class days="0001000" id="1669" room="200" start="186" weeks="11111111111111"/>
    <class days="0000100" id="1670" room="25" start="138" weeks="11111111111111"/>
    <class days="0010000" id="1671" room="201" start="162" weeks="11111111111111"/>
    <class days="0100000" id="1672" room="15" start="156" weeks="11111111111111"/>
    <class days="0001000" id="1673" room="211" start="156" weeks="11111111111111"/>
    <class days="0000100" id="1674" room="31" start="126" weeks="11111111111111"/>
    <class days="0000100" id="1675" room="17" start="156" weeks="11111111111111"/>
    <class days="0010000" id="1676" room="25" start="186" weeks="11111111111111"/>
    <class days="0010000" id="1677" room="214" start="180" weeks="11111111111111"/>
    <class days="0010000" id="1678" room="23" start="108" weeks="11111111111111"/>
    <class days="0100000" id="1679" room="10" start="108" weeks="11111111111111"/>
    <class days="0100000" id="1680" room="212" start="180" weeks="11111111111111"/>
    <class days="0100000" id="1681" room="12" start="132" weeks="11111111111111"/>
    <class days="0100000" id="1682" room="112" start="204" weeks="11111111111111"/>
    <class days="1000000" id="1683" room="7" start="120" weeks="11111111111111"/>
    <class days="0000100" id="1684" room="8" start="174" weeks="11111111111111"/>
    <class days="0010000" id="1685" room="8" start="162" weeks="11111111111111"/>
    <class days="0000100" id="1686" room="7" start="108" weeks="11111111111111"/>
    <class days="1000000" id="1687" room="9" start="180" weeks="11111111111111"/>
    <class days="0010000" id="1688" room="55" start="156" weeks="11111111111111"/>
    <class days="1000000" id="1689" room="4" start="204" weeks="11111111111111"/>
    <class days="0001000" id="1690" room="54" start="162" weeks="11111111111111"/>
    <class days="0010000" id="1691" room="139" start="126" weeks="11111111111111"/>
    <class days="0100000" id="1692" room="10" start="186" weeks="11111111111111"/>
    <class days="0010000" id="1693" room="16" start="180" weeks="11111111111111"/>
    <class days="0100000" id="1694" room="212" start="108" weeks="11111111111111"/>
    <class days="0001000" id="1695" room="70" start="198" weeks="11111111111111"/>
    <class days="0001000" id="1696" room="96" start="204" weeks="11111111111111"/>
    <class days="0001000" id="1697" room="31" start="180" weeks="11111111111111"/>
    <class days="0000100" id="1698" room="102" start="174" weeks="11111111111111"/>
    <class days="1000000" id="1699" room="31" start="132" weeks="11111111111111"/>
    <class days="0100000" id="1700" room="200" start="132" weeks="11111111111111"/>
    <class days="0100000" id="1701" room="117" start="192" weeks="11111111111111"/>
    <class days="0100000" id="1702" room="214" start="162" weeks="11111111111111"/>
    <class days="0010000" id="1703" room="98" start="198" weeks="11111111111111"/>
    <class days="0100000" id="1704" room="112" start="120" weeks="11111111111111"/>
    <class days="0010000" id="1705" room="214" start="132" weeks="11111111111111"/>
    <class days="0001000" id="1706" room="139" start="192" weeks="11111111111111"/>
    <class days="0001000" id="1707" room="30" start="204" weeks="11111111111111"/>
    <class days="0100000" id="1708" room="53" start="120" weeks="11111111111111"/>
    <class days="0001000" id="1709" room="139" start="156" weeks="11111111111111"/>
    <class days="0010000" id="1710" room="4" start="156" weeks="11111111111111"/>
    <class days="0000100" id="1711" room="59" start="180" weeks="11111111111111"/>
    <class days="1000000" id="1712" room="53" start="174" weeks="11111111111111"/>
    <class days="0100000" id="1713" room="67" start="180" weeks="11111111111111"/>
    <class days="0100000" id="1714" room="3" start="168" weeks="11111111111111"/>
    <class days="0000100" id="1715" room="27" start="156" weeks="11111111111111"/>
    <class days="1000000" id="1716" room="61" start="108" weeks="11111111111111"/>
    <class days="1000000" id="1717" room="30" start="204" weeks="11111111111111"/>
    <class days="1000000" id="1718" room="30" start="162" weeks="11111111111111"/>
    <class days="0001000" id="1719" room="43" start="114" weeks="11111111111111"/>
    <class days="0100000" id="1720" room="158" start="168" weeks="11111111111111"/>
    <class days="0100000" id="1721" room="162" start="108" weeks="11111111111111"/>
    <class days="1000000" id="1722" room="152" start="120" weeks="11111111111111"/>
    <class days="0000100" id="1723" room="155" start="168" weeks="11111111111111"/>
    <class days="0000100" id="1724" room="169" start="198" weeks="11111111111111"/>
    <class days="1000000" id="1725" room="89" start="204" weeks="11111111111111"/>
    <class days="0001000" id="1726" room="72" start="192" weeks="11111111111111"/>
    <class days="0010100" id="1727" room="150" start="192" weeks="11111111111111"/>
    <class days="0100000" id="1728" room="152" start="192" weeks="11111111111111"/>
    <class days="0000100" id="1729" room="85" start="204" weeks="11111111111111"/>
    <class days="0001000" id="1730" room="155" start="120" weeks="11111111111111"/>
    <class days="0000100" id="1731" room="154" start="120" weeks="11111111111111"/>
    <class days="1000000" id="1732" room="44" start="126" weeks="11111111111111"/>
    <class days="0001000" id="1733" room="44" start="168" weeks="11111111111111"/>
    <class days="1000000" id="1734" room="157" start="120" weeks="11111111111111"/>
    <class days="1000000" id="1735" room="44" start="156" weeks="11111111111111"/>
    <class days="0010000" id="1736" room="173" start="108" weeks="11111111111111"/>
    <class days="0010000" id="1737" room="200" start="108" weeks="11111111111111"/>
    <class days="0000100" id="1738" room="61" start="156" weeks="11111111111111"/>
    <class days="1000000" id="1739" room="65" start="138" weeks="11111111111111"/>
    <class days="1000000" id="1740" room="63" start="174" weeks="11111111111111"/>
    <class days="0100000" id="1741" room="65" start="108" weeks="11111111111111"/>
    <class days="0000100" id="1742" room="63" start="114" weeks="11111111111111"/>
    <class days="0100000" id="1743" room="50" start="108" weeks="11111111111111"/>
    <class days="1000000" id="1744" room="49" start="108" weeks="11111111111111"/>
    <class days="0010000" id="1745" room="64" start="120" weeks="11111111111111"/>
    <class days="0001000" id="1746" room="112" start="174" weeks="11111111111111"/>
    <class days="0001000" id="1747" room="214" start="108" weeks="11111111111111"/>
    <class days="0000100" id="1748" room="96" start="156" weeks="11111111111111"/>
    <class days="0000100" id="1749" room="20" start="204" weeks="11111111111111"/>
    <class days="1000000" id="1750" room="63" start="156" weeks="11111111111111"/>
    <class days="0100000" id="1751" room="45" start="114" weeks="11111111111111"/>
    <class days="1000000" id="1752" room="63" start="192" weeks="11111111111111"/>
    <class days="0001000" id="1753" room="1" start="132" weeks="11111111111111"/>
    <class days="0100000" id="1754" room="98" start="114" weeks="11111111111111"/>
    <class days="0000100" id="1755" room="2" start="120" weeks="11111111111111"/>
    <class days="1000000" id="1756" room="52" start="126" weeks="11111111111111"/>
    <class days="0000100" id="1757" room="2" start="192" weeks="11111111111111"/>
    <class days="1000000" id="1758" room="136" start="192" weeks="11111111111111"/>
    <class days="0100000" id="1759" room="200" start="174" weeks="11111111111111"/>
    <class days="0100000" id="1760" room="9" start="120" weeks="11111111111111"/>
    <class days="0001000" id="1761" room="65" start="126" weeks="11111111111111"/>
    <class days="0001000" id="1762" room="210" start="138" weeks="11111111111111"/>
    <class days="0100000" id="1763" room="20" start="168" weeks="11111111111111"/>
    <class days="0100000" id="1764" room="136" start="168" weeks="11111111111111"/>
    <class days="0001000" id="1765" room="55" start="156" weeks="11111111111111"/>
    <class days="1000000" id="1766" room="115" start="138" weeks="11111111111111"/>
    <class days="0001000" id="1767" room="117" start="192" weeks="11111111111111"/>
    <class days="0000100" id="1768" room="25" start="192" weeks="11111111111111"/>
    <class days="0010000" id="1769" room="54" start="174" weeks="11111111111111"/>
    <class days="0100000" id="1770" room="18" start="120" weeks="11111111111111"/>
    <class days="0000100" id="1771" room="210" start="156" weeks="11111111111111"/>
    <class days="0010000" id="1772" room="30" start="138" weeks="11111111111111"/>
    <class days="0010000" id="1773" room="102" start="168" weeks="11111111111111"/>
    <class days="1000000" id="1774" room="10" start="114" weeks="11111111111111"/>
    <class days="1000000" id="1775" room="201" start="114" weeks="11111111111111"/>
    <class days="1000000" id="1776" room="24" start="126" weeks="11111111111111"/>
    <class days="1000000" id="1777" room="63" start="126" weeks="11111111111111"/>
    <class days="0100000" id="1778" room="201" start="192" weeks="11111111111111"/>
    <class days="0000100" id="1779" room="49" start="192" weeks="11111111111111"/>
    <class days="0010000" id="1780" room="70" start="108" weeks="11111111111111"/>
    <class days="1000000" id="1781" room="115" start="162" weeks="11111111111111"/>
    <class days="1000000" id="1782" room="16" start="192" weeks="11111111111111"/>
    <class days="0010000" id="1783" room="3" start="180" weeks="11111111111111"/>
    <class days="1000000" id="1784" room="114" start="156" weeks="11111111111111"/>
    <class days="0100000" id="1785" room="116" start="108" weeks="11111111111111"/>
    <class days="0100000" id="1786" room="116" start="132" weeks="11111111111111"/>
    <class days="0100000" id="1787" room="116" start="156" weeks="11111111111111"/>
    <class days="0100000" id="1788" room="116" start="180" weeks="11111111111111"/>
    <class days="0100000" id="1789" room="115" start="108" weeks="11111111111111"/>
    <class days="0100000" id="1790" room="115" start="132" weeks="11111111111111"/>
    <class days="0100000" id="1791" room="115" start="156" weeks="11111111111111"/>
    <class days="0100000" id="1792" room="115" start="180" weeks="11111111111111"/>
    <class days="0000100" id="1793" room="116" start="156" weeks="11111111111111"/>
    <class days="0000100" id="1794" room="116" start="180" weeks="11111111111111"/>
    <class days="0000100" id="1795" room="116" start="108" weeks="11111111111111"/>
    <class days="0000100" id="1796" room="116" start="132" weeks="11111111111111"/>
    <class days="0000100" id="1797" room="115" start="156" weeks="11111111111111"/>
    <class days="0000100" id="1798" room="115" start="180" weeks="11111111111111"/>
    <class days="0000100" id="1799" room="115" start="108" weeks="11111111111111"/>
    <class days="0000100" id="1800" room="115" start="132" weeks="11111111111111"/>
    <class days="0010000" id="1801" room="65" start="138" weeks="11111111111111"/>
    <class days="0010000" id="1802" room="49" start="156" weeks="11111111111111"/>
    <class days="0000100" id="1803" room="60" start="168" weeks="11111111111111"/>
    <class days="1000000" id="1804" room="201" start="126" weeks="11111111111111"/>
    <class days="1000000" id="1805" room="98" start="114" weeks="11111111111111"/>
    <class days="0000100" id="1806" room="17" start="150" weeks="11111111111111"/>
    <class days="1000000" id="1807" room="64" start="108" weeks="11111111111111"/>
    <class days="0000100" id="1808" room="176" start="120" weeks="11111111111111"/>
    <class days="0001000" id="1809" room="175" start="120" weeks="11111111111111"/>
    <class days="1000000" id="1810" room="49" start="216" weeks="11111111111111"/>
    <class days="0001000" id="1811" room="102" start="174" weeks="11111111111111"/>
    <class days="0001000" id="1812" room="210" start="156" weeks="11111111111111"/>
    <class days="0010000" id="1813" room="55" start="108" weeks="11111111111111"/>
    <class days="0100000" id="1814" room="18" start="120" weeks="11111111111111"/>
    <class days="0010000" id="1815" room="50" start="114" weeks="11111111111111"/>
    <class days="0001000" id="1816" room="65" start="120" weeks="11111111111111"/>
    <class days="0000100" id="1817" room="49" start="180" weeks="11111111111111"/>
    <class days="0001000" id="1818" room="46" start="114" weeks="11111111111111"/>
    <class days="0000100" id="1819" room="45" start="144" weeks="11111111111111"/>
    <class days="0010000" id="1820" room="12" start="108" weeks="11111111111111"/>
    <class days="1000000" id="1821" room="3" start="168" weeks="11111111111111"/>
    <class days="0000100" id="1822" room="67" start="144" weeks="11111111111111"/>
    <class days="0100000" id="1823" room="51" start="150" weeks="11111111111111"/>
    <class days="0100000" id="1824" room="65" start="168" weeks="11111111111111"/>
    <class days="1000000" id="1825" room="200" start="156" weeks="11111111111111"/>
    <class days="1000000" id="1826" room="200" start="114" weeks="11111111111111"/>
    <class days="1000000" id="1827" room="15" start="168" weeks="11111111111111"/>
    <class days="0100000" id="1828" room="64" start="180" weeks="11111111111111"/>
    <class days="0100000" id="1829" room="46" start="156" weeks="11111111111111"/>
    <class days="0010000" id="1830" room="58" start="108" weeks="11111111111111"/>
    <class days="0100000" id="1831" room="31" start="156" weeks="11111111111111"/>
    <class days="0001000" id="1832" room="15" start="108" weeks="11111111111111"/>
    <class days="0010000" id="1833" room="211" start="192" weeks="11111111111111"/>
    <class days="0010000" id="1834" room="64" start="198" weeks="11111111111111"/>
    <class days="0000100" id="1835" room="38" start="144" weeks="11111111111111"/>
    <class days="1000000" id="1836" room="38" start="156" weeks="11111111111111"/>
    <class days="0001000" id="1837" room="160" start="156" weeks="11111111111111"/>
    <class days="0001000" id="1838" room="160" start="180" weeks="11111111111111"/>
    <class days="0001000" id="1839" room="160" start="204" weeks="11111111111111"/>
    <class days="0010000" id="1840" room="198" start="108" weeks="11111111111111"/>
    <class days="1000000" id="1841" room="198" start="204" weeks="11111111111111"/>
    <class days="0010000" id="1842" room="198" start="132" weeks="11111111111111"/>
    <class days="1000000" id="1843" room="198" start="108" weeks="11111111111111"/>
    <class days="0100000" id="1844" room="198" start="114" weeks="11111111111111"/>
    <class days="0000100" id="1845" room="150" start="156" weeks="11111111111111"/>
    <class days="0100000" id="1846" room="155" start="210" weeks="11111111111111"/>
    <class days="0000100" id="1847" room="89" start="114" weeks="11111111111111"/>
    <class days="1000000" id="1848" room="152" start="174" weeks="11111111111111"/>
    <class days="0010000" id="1849" room="155" start="156" weeks="11111111111111"/>
    <class days="1000000" id="1850" room="42" start="204" weeks="11111111111111"/>
    <class days="1000000" id="1851" room="38" start="114" weeks="11111111111111"/>
    <class days="1000000" id="1852" room="174" start="168" weeks="11111111111111"/>
    <class days="1000000" id="1853" room="89" start="156" weeks="11111111111111"/>
    <class days="0001000" id="1854" room="43" start="162" weeks="11111111111111"/>
    <class days="0100000" id="1855" room="155" start="168" weeks="11111111111111"/>
    <class days="0100000" id="1856" room="38" start="108" weeks="11111111111111"/>
    <class days="0010000" id="1857" room="154" start="174" weeks="11111111111111"/>
    <class days="0010000" id="1858" room="89" start="174" weeks="11111111111111"/>
    <class days="0010000" id="1859" room="160" start="126" weeks="11111111111111"/>
    <class days="0010000" id="1860" room="160" start="150" weeks="11111111111111"/>
    <class days="0001000" id="1861" room="198" start="204" weeks="11111111111111"/>
    <class days="0001000" id="1862" room="198" start="156" weeks="11111111111111"/>
    <class days="0100000" id="1863" room="160" start="144" weeks="11111111111111"/>
    <class days="1000000" id="1864" room="160" start="198" weeks="11111111111111"/>
    <class days="0010000" id="1865" room="38" start="168" weeks="11111111111111"/>
    <class days="0010000" id="1866" room="153" start="192" weeks="11111111111111"/>
    <class days="1000000" id="1867" room="173" start="174" weeks="11111111111111"/>
    <class days="0010000" id="1868" room="38" start="132" weeks="11111111111111"/>
    <class days="1000000" id="1869" room="38" start="198" weeks="11111111111111"/>
    <class days="0000100" id="1870" room="158" start="192" weeks="11111111111111"/>
    <class days="0001000" id="1871" room="26" start="156" weeks="11111111111111"/>
    <class days="1000000" id="1872" room="14" start="162" weeks="11111111111111"/>
    <class days="0001000" id="1873" room="190" start="180" weeks="11111111111111"/>
    <class days="0001000" id="1874" room="190" start="156" weeks="11111111111111"/>
    <class days="0010000" id="1875" room="112" start="186" weeks="11111111111111"/>
    <class days="0000100" id="1876" room="15" start="108" weeks="11111111111111"/>
    <class days="0001000" id="1877" room="70" start="192" weeks="11111111111111"/>
    <class days="0100000" id="1878" room="56" start="150" weeks="11111111111111"/>
    <class days="1000000" id="1879" room="70" start="144" weeks="11111111111111"/>
    <class days="0010000" id="1880" room="96" start="192" weeks="11111111111111"/>
    <class days="0000100" id="1881" room="64" start="114" weeks="11111111111111"/>
    <class days="0000100" id="1882" room="60" start="108" weeks="11111111111111"/>
    <class days="0010000" id="1883" room="4" start="114" weeks="11111111111111"/>
    <class days="0100000" id="1884" room="96" start="150" weeks="11111111111111"/>
    <class days="0000100" id="1885" room="65" start="180" weeks="11111111111111"/>
    <class days="0100000" id="1886" room="53" start="186" weeks="11111111111111"/>
    <class days="0000100" id="1887" room="50" start="120" weeks="11111111111111"/>
    <class days="0001000" id="1888" room="15" start="132" weeks="11111111111111"/>
    <class days="0010000" id="1889" room="136" start="114" weeks="11111111111111"/>
    <class days="1000000" id="1890" room="190" start="192" weeks="11111111111111"/>
    <class days="0000100" id="1891" room="190" start="168" weeks="11111111111111"/>
    <class days="0100000" id="1892" room="114" start="120" weeks="11111111111111"/>
    <class days="0000100" id="1893" room="26" start="132" weeks="11111111111111"/>
    <class days="0001000" id="1894" room="61" start="138" weeks="11111111111111"/>
    <class days="0001000" id="1895" room="136" start="204" weeks="11111111111111"/>
    <class days="0100000" id="1896" room="201" start="180" weeks="11111111111111"/>
    <class days="0010000" id="1897" room="19" start="126" weeks="11111111111111"/>
    <class days="0001000" id="1898" room="39" start="174" weeks="11111111111111"/>
    <class days="0001000" id="1899" room="4" start="108" weeks="11111111111111"/>
    <class days="0001000" id="1900" room="55" start="132" weeks="11111111111111"/>
    <class days="0001000" id="1901" room="11" start="120" weeks="11111111111111"/>
    <class days="1000000" id="1902" room="11" start="156" weeks="11111111111111"/>
    <class days="0001000" id="1903" room="214" start="204" weeks="11111111111111"/>
    <class days="1000000" id="1904" room="11" start="186" weeks="11111111111111"/>
    <class days="0001000" id="1905" room="117" start="132" weeks="11111111111111"/>
    <class days="1000000" id="1906" room="14" start="126" weeks="11111111111111"/>
    <class days="0100000" id="1907" room="14" start="108" weeks="11111111111111"/>
    <class days="0001000" id="1908" room="98" start="180" weeks="11111111111111"/>
    <class days="0100000" id="1909" room="14" start="180" weeks="11111111111111"/>
    <class days="0000100" id="1910" room="209" start="186" weeks="11111111111111"/>
    <class days="0100000" id="1911" room="139" start="108" weeks="11111111111111"/>
    <class days="0010000" id="1912" room="114" start="138" weeks="11111111111111"/>
    <class days="0100000" id="1913" room="5" start="180" weeks="11111111111111"/>
    <class days="0000100" id="1914" room="62" start="108" weeks="11111111111111"/>
    <class days="0000100" id="1915" room="3" start="120" weeks="11111111111111"/>
    <class days="0000100" id="1916" room="53" start="180" weeks="11111111111111"/>
    <class days="0100000" id="1917" room="211" start="114" weeks="11111111111111"/>
    <class days="1000000" id="1918" room="137" start="198" weeks="11111111111111"/>
    <class days="0010000" id="1919" room="9" start="108" weeks="11111111111111"/>
    <class days="0001000" id="1920" room="212" start="132" weeks="11111111111111"/>
    <class days="0010000" id="1921" room="136" start="108" weeks="11111111111111"/>
    <class days="0100000" id="1922" room="111" start="108" weeks="11111111111111"/>
    <class days="0100000" id="1923" room="12" start="174" weeks="11111111111111"/>
    <class days="0010000" id="1924" room="213" start="132" weeks="11111111111111"/>
    <class days="0000100" id="1925" room="202" start="108" weeks="11111111111111"/>
    <class days="1000000" id="1926" room="10" start="186" weeks="11111111111111"/>
    <class days="0100000" id="1927" room="65" start="132" weeks="11111111111111"/>
    <class days="1000000" id="1928" room="8" start="192" weeks="11111111111111"/>
    <class days="0000100" id="1929" room="67" start="108" weeks="11111111111111"/>
    <class days="0100000" id="1930" room="4" start="192" weeks="11111111111111"/>
    <class days="1000000" id="1931" room="50" start="198" weeks="11111111111111"/>
    <class days="0001000" id="1932" room="114" start="108" weeks="11111111111111"/>
    <class days="0001000" id="1933" room="28" start="126" weeks="11111111111111"/>
    <class days="1000000" id="1934" room="25" start="126" weeks="11111111111111"/>
    <class days="1000000" id="1935" room="31" start="126" weeks="11111111111111"/>
    <class days="0100000" id="1936" room="67" start="156" weeks="11111111111111"/>
    <class days="0100000" id="1937" room="16" start="180" weeks="11111111111111"/>
    <class days="0010000" id="1938" room="16" start="204" weeks="11111111111111"/>
    <class days="0010000" id="1939" room="213" start="198" weeks="11111111111111"/>
    <class days="0010000" id="1940" room="96" start="108" weeks="11111111111111"/>
    <class days="0000100" id="1941" room="211" start="120" weeks="11111111111111"/>
    <class days="0010000" id="1942" room="201" start="174" weeks="11111111111111"/>
    <class days="0001000" id="1943" room="139" start="132" weeks="11111111111111"/>
    <class days="1000000" id="1944" room="139" start="156" weeks="11111111111111"/>
    <class days="0001000" id="1945" room="49" start="120" weeks="11111111111111"/>
    <class days="0100000" id="1946" room="9" start="168" weeks="11111111111111"/>
    <class days="1000000" id="1947" room="213" start="192" weeks="11111111111111"/>
    <class days="0010000" id="1948" room="20" start="156" weeks="11111111111111"/>
    <class days="0100000" id="1949" room="60" start="108" weeks="11111111111111"/>
    <class days="1000000" id="1950" room="14" start="204" weeks="11111111111111"/>
    <class days="1000000" id="1951" room="210" start="174" weeks="11111111111111"/>
    <class days="0001000" id="1952" room="68" start="168" weeks="11111111111111"/>
    <class days="0001000" id="1953" room="200" start="204" weeks="11111111111111"/>
    <class days="0010000" id="1954" room="202" start="192" weeks="11111111111111"/>
    <class days="1000000" id="1955" room="2" start="126" weeks="11111111111111"/>
    <class days="0001000" id="1956" room="115" start="174" weeks="11111111111111"/>
    <class days="0000100" id="1957" room="39" start="192" weeks="11111111111111"/>
    <class days="0000100" id="1958" room="15" start="174" weeks="11111111111111"/>
    <class days="1000000" id="1959" room="102" start="168" weeks="11111111111111"/>
    <class days="0100000" id="1960" room="14" start="108" weeks="11111111111111"/>
    <class days="0001000" id="1961" room="111" start="126" weeks="11111111111111"/>
    <class days="0001000" id="1962" room="62" start="186" weeks="11111111111111"/>
    <class days="0100000" id="1963" room="13" start="108" weeks="11111111111111"/>
    <class days="0000100" id="1964" room="12" start="126" weeks="11111111111111"/>
    <class days="0001000" id="1965" room="112" start="156" weeks="11111111111111"/>
    <class days="1000000" id="1966" room="201" start="204" weeks="11111111111111"/>
    <class days="0010000" id="1967" room="50" start="108" weeks="11111111111111"/>
    <class days="0000100" id="1968" room="175" start="180" weeks="11111111111111"/>
    <class days="0010000" id="1969" room="175" start="198" weeks="11111111111111"/>
    <class days="0001000" id="1970" room="49" start="132" weeks="11111111111111"/>
    <class days="0100000" id="1971" room="26" start="162" weeks="11111111111111"/>
    <class days="0001000" id="1972" room="16" start="108" weeks="11111111111111"/>
    <class days="0001000" id="1973" room="17" start="174" weeks="11111111111111"/>
    <class days="0010000" id="1974" room="31" start="156" weeks="11111111111111"/>
    <class days="1000000" id="1975" room="96" start="174" weeks="11111111111111"/>
    <class days="0001000" id="1976" room="7" start="180" weeks="11111111111111"/>
    <class days="1000000" id="1977" room="24" start="174" weeks="11111111111111"/>
    <class days="0001000" id="1978" room="61" start="120" weeks="11111111111111"/>
    <class days="1000000" id="1979" room="115" start="108" weeks="11111111111111"/>
    <class days="0010000" id="1980" start="108" weeks="11111111111111"/>
    <class days="0000100" id="1981" room="6" start="192" weeks="11111111111111"/>
    <class days="0001000" id="1982" room="68" start="162" weeks="11111111111111"/>
    <class days="0000100" id="1983" room="13" start="198" weeks="11111111111111"/>
    <class days="1000000" id="1984" room="31" start="162" weeks="11111111111111"/>
    <class days="0000100" id="1985" room="202" start="132" weeks="11111111111111"/>
    <class days="0001000" id="1986" room="116" start="192" weeks="11111111111111"/>
    <class days="0001000" id="1987" room="60" start="186" weeks="11111111111111"/>
    <class days="0000100" id="1988" room="49" start="156" weeks="11111111111111"/>
    <class days="1000000" id="1989" room="63" start="132" weeks="11111111111111"/>
    <class days="0000100" id="1990" room="56" start="132" weeks="11111111111111"/>
    <class days="1000000" id="1991" room="19" start="156" weeks="11111111111111"/>
    <class days="0000100" id="1992" room="32" start="198" weeks="11111111111111"/>
    <class days="0001000" id="1993" room="13" start="198" weeks="11111111111111"/>
    <class days="1000000" id="1994" room="55" start="204" weeks="11111111111111"/>
    <class days="0100000" id="1995" room="96" start="114" weeks="11111111111111"/>
    <class days="0000100" id="1996" room="137" start="156" weeks="11111111111111"/>
    <class days="0000100" id="1997" room="4" start="174" weeks="11111111111111"/>
    <class days="0000100" id="1998" room="211" start="132" weeks="11111111111111"/>
    <class days="0000100" id="1999" room="14" start="192" weeks="11111111111111"/>
    <class days="0001000" id="2000" room="9" start="126" weeks="11111111111111"/>
    <class days="0100000" id="2001" room="46" start="120" weeks="11111111111111"/>
    <class days="0100000" id="2002" room="211" start="204" weeks="11111111111111"/>
    <class days="0001000" id="2003" room="20" start="162" weeks="11111111111111"/>
    <class days="0000100" id="2004" room="52" start="120" weeks="11111111111111"/>
    <class days="0001000" id="2005" room="23" start="126" weeks="11111111111111"/>
    <class days="0000100" id="2006" room="52" start="162" weeks="11111111111111"/>
    <class days="0000100" id="2007" room="30" start="108" weeks="11111111111111"/>
    <class days="0001000" id="2008" room="137" start="132" weeks="11111111111111"/>
    <class days="0010000" id="2009" room="70" start="156" weeks="11111111111111"/>
    <class days="0010000" id="2010" room="12" start="108" weeks="11111111111111"/>
    <class days="0000100" id="2011" room="24" start="126" weeks="11111111111111"/>
    <class days="1000000" id="2012" room="70" start="114" weeks="11111111111111"/>
    <class days="0000100" id="2013" room="55" start="156" weeks="11111111111111"/>
    <class days="0100000" id="2014" room="7" start="114" weeks="11111111111111"/>
    <class days="0001000" id="2015" room="137" start="192" weeks="11111111111111"/>
    <class days="0000100" id="2016" room="15" start="204" weeks="11111111111111"/>
    <class days="1000000" id="2017" room="22" start="156" weeks="11111111111111"/>
    <class days="0100000" id="2018" room="22" start="156" weeks="11111111111111"/>
    <class days="0010000" id="2019" room="22" start="156" weeks="11111111111111"/>
    <class days="0001000" id="2020" room="22" start="156" weeks="11111111111111"/>
    <class days="0000100" id="2021" room="22" start="156" weeks="11111111111111"/>
    <class days="1000000" id="2022" room="22" start="108" weeks="11111111111111"/>
    <class days="0100000" id="2023" room="22" start="108" weeks="11111111111111"/>
    <class days="0010000" id="2024" room="22" start="108" weeks="11111111111111"/>
    <class days="0001000" id="2025" room="22" start="108" weeks="11111111111111"/>
    <class days="0000100" id="2026" room="22" start="108" weeks="11111111111111"/>
    <class days="1000000" id="2027" room="55" start="126" weeks="11111111111111"/>
    <class days="0100000" id="2028" room="55" start="132" weeks="11111111111111"/>
    <class days="0001000" id="2029" room="28" start="114" weeks="11111111111111"/>
    <class days="0000100" id="2030" room="32" start="174" weeks="11111111111111"/>
    <class days="0000100" id="2031" room="5" start="162" weeks="11111111111111"/>
    <class days="0001000" id="2032" room="5" start="126" weeks="11111111111111"/>
    <class days="0100000" id="2033" room="11" start="174" weeks="11111111111111"/>
    <class days="0000100" id="2034" room="56" start="186" weeks="11111111111111"/>
    <class days="0001000" id="2035" room="11" start="162" weeks="11111111111111"/>
    <class days="0001000" id="2036" room="117" start="192" weeks="11111111111111"/>
    <class days="0100000" id="2037" room="214" start="192" weeks="11111111111111"/>
    <class days="0010000" id="2038" room="68" start="192" weeks="11111111111111"/>
    <class days="0001000" id="2039" room="155" start="180" weeks="11111111111111"/>
    <class days="0100000" id="2040" room="155" start="174" weeks="11111111111111"/>
    <class days="0001000" id="2041" room="151" start="108" weeks="11111111111111"/>
    <class days="1000000" id="2042" room="72" start="108" weeks="11111111111111"/>
    <class days="0001000" id="2043" room="154" start="180" weeks="11111111111111"/>
    <class days="0001000" id="2044" room="173" start="114" weeks="11111111111111"/>
    <class days="0000100" id="2045" room="87" start="132" weeks="11111111111111"/>
    <class days="0001000" id="2046" room="157" start="210" weeks="11111111111111"/>
    <class days="1000000" id="2047" room="199" start="114" weeks="11111111111111"/>
    <class days="0010000" id="2048" room="174" start="216" weeks="11111111111111"/>
    <class days="0000100" id="2049" room="157" start="168" weeks="11111111111111"/>
    <class days="0100000" id="2050" room="153" start="168" weeks="11111111111111"/>
    <class days="0010000" id="2051" room="151" start="114" weeks="11111111111111"/>
    <class days="0000100" id="2052" room="90" start="138" weeks="11111111111111"/>
    <class days="0010000" id="2053" room="199" start="120" weeks="11111111111111"/>
    <class days="0001000" id="2054" room="149" start="198" weeks="11111111111111"/>
    <class days="0100000" id="2055" room="162" start="156" weeks="11111111111111"/>
    <class days="0010000" id="2056" room="157" start="144" weeks="11111111111111"/>
    <class days="0010000" id="2057" room="153" start="126" weeks="11111111111111"/>
    <class days="0001000" id="2058" room="152" start="144" weeks="11111111111111"/>
    <class days="0001000" id="2059" room="149" start="174" weeks="11111111111111"/>
    <class days="0000100" id="2060" room="169" start="168" weeks="11111111111111"/>
    <class days="0001000" id="2061" room="199" start="108" weeks="11111111111111"/>
    <class days="0001000" id="2062" room="199" start="156" weeks="11111111111111"/>
    <class days="0010000" id="2063" room="199" start="162" weeks="11111111111111"/>
    <class days="0010000" id="2064" room="88" start="174" weeks="11111111111111"/>
    <class days="0100000" id="2065" room="148" start="126" weeks="11111111111111"/>
    <class days="0000100" id="2066" room="173" start="174" weeks="11111111111111"/>
    <class days="1000000" id="2067" room="87" start="132" weeks="11111111111111"/>
    <class days="1000000" id="2068" room="85" start="120" weeks="11111111111111"/>
    <class days="1000000" id="2069" room="199" start="186" weeks="11111111111111"/>
    <class days="0001000" id="2070" room="158" start="174" weeks="11111111111111"/>
    <class days="0100000" id="2071" room="90" start="120" weeks="11111111111111"/>
    <class days="0001000" id="2072" room="148" start="180" weeks="11111111111111"/>
    <class days="0000100" id="2073" room="89" start="192" weeks="11111111111111"/>
    <class days="0100000" id="2074" room="87" start="108" weeks="11111111111111"/>
    <class days="0010000" id="2075" room="173" start="168" weeks="11111111111111"/>
    <class days="0100000" id="2076" room="155" start="138" weeks="11111111111111"/>
    <class days="0001000" id="2077" room="173" start="216" weeks="11111111111111"/>
    <class days="0100000" id="2078" room="157" start="174" weeks="11111111111111"/>
    <class days="0010000" id="2079" room="89" start="150" weeks="11111111111111"/>
    <class days="0100000" id="2080" room="89" start="180" weeks="11111111111111"/>
    <class days="0001000" id="2081" room="153" start="114" weeks="11111111111111"/>
    <class days="0100000" id="2082" room="88" start="132" weeks="11111111111111"/>
    <class days="0010000" id="2083" room="88" start="156" weeks="11111111111111"/>
    <class days="1000000" id="2084" room="199" start="144" weeks="11111111111111"/>
    <class days="0010000" id="2085" room="174" start="186" weeks="11111111111111"/>
    <class days="0010000" id="2086" room="149" start="168" weeks="11111111111111"/>
    <class days="0100000" id="2087" room="72" start="138" weeks="11111111111111"/>
    <class days="0100000" id="2088" room="88" start="180" weeks="11111111111111"/>
    <class days="0001000" id="2089" room="151" start="180" weeks="11111111111111"/>
    <class days="1000000" id="2090" room="174" start="204" weeks="11111111111111"/>
    <class days="0010000" id="2091" room="155" start="156" weeks="11111111111111"/>
    <class days="0010000" id="2092" room="88" start="120" weeks="11111111111111"/>
    <class days="0100000" id="2093" room="90" start="192" weeks="11111111111111"/>
    <class days="0000100" id="2094" room="199" start="108" weeks="11111111111111"/>
    <class days="0000100" id="2095" room="199" start="132" weeks="11111111111111"/>
    <class days="0000100" id="2096" room="40" start="144" weeks="11111111111111"/>
    <class days="0000100" id="2097" room="199" start="156" weeks="11111111111111"/>
    <class days="0000100" id="2098" room="199" start="180" weeks="11111111111111"/>
    <class days="0100000" id="2099" room="153" start="126" weeks="11111111111111"/>
    <class days="0000100" id="2100" room="149" start="192" weeks="11111111111111"/>
    <class days="0100000" id="2101" room="149" start="186" weeks="11111111111111"/>
    <class days="0001000" id="2102" room="151" start="138" weeks="11111111111111"/>
    <class days="0010000" id="2103" room="150" start="150" weeks="11111111111111"/>
    <class days="0100000" id="2104" room="87" start="180" weeks="11111111111111"/>
    <class days="0010000" id="2105" room="3" start="132" weeks="11111111111111"/>
    <class days="0001000" id="2106" room="139" start="108" weeks="11111111111111"/>
    <class days="0100000" id="2107" room="116" start="156" weeks="11111111111111"/>
    <class days="1000000" id="2108" room="16" start="162" weeks="11111111111111"/>
    <class days="0001000" id="2109" room="136" start="120" weeks="11111111111111"/>
    <class days="0000100" id="2110" room="18" start="114" weeks="11111111111111"/>
    <class days="0010000" id="2111" room="210" start="156" weeks="11111111111111"/>
    <class days="0000100" id="2112" room="57" start="108" weeks="11111111111111"/>
    <class days="0001000" id="2113" room="13" start="120" weeks="11111111111111"/>
    <class days="0010000" id="2114" room="18" start="120" weeks="11111111111111"/>
    <class days="0100000" id="2115" room="3" start="114" weeks="11111111111111"/>
    <class days="0010000" id="2116" room="59" start="108" weeks="11111111111111"/>
    <class days="0100000" id="2117" room="63" start="156" weeks="11111111111111"/>
    <class days="0001000" id="2118" room="12" start="120" weeks="11111111111111"/>
    <class days="0010000" id="2119" room="7" start="120" weeks="11111111111111"/>
    <class days="1000000" id="2120" room="213" start="156" weeks="11111111111111"/>
    <class days="0001000" id="2121" room="9" start="162" weeks="11111111111111"/>
    <class days="0000100" id="2122" room="212" start="132" weeks="11111111111111"/>
    <class days="0010000" id="2123" room="211" start="132" weeks="11111111111111"/>
    <class days="0000100" id="2124" room="49" start="120" weeks="11111111111111"/>
    <class days="1000000" id="2125" room="96" start="114" weeks="11111111111111"/>
    <class days="0100000" id="2126" room="9" start="180" weeks="11111111111111"/>
    <class days="0001000" id="2127" room="7" start="156" weeks="11111111111111"/>
    <class days="0000100" id="2128" room="17" start="108" weeks="11111111111111"/>
    <class days="0000100" id="2129" room="49" start="114" weeks="11111111111111"/>
    <class days="1000000" id="2130" room="116" start="156" weeks="11111111111111"/>
    <class days="0100000" id="2131" room="64" start="120" weeks="11111111111111"/>
    <class days="0010000" id="2132" room="45" start="162" weeks="11111111111111"/>
    <class days="0010000" id="2133" room="209" start="120" weeks="11111111111111"/>
    <class days="0100000" id="2134" room="68" start="192" weeks="11111111111111"/>
    <class days="0000100" id="2135" room="21" start="168" weeks="11111111111111"/>
    <class days="1000000" id="2136" room="31" start="168" weeks="11111111111111"/>
    <class days="0010000" id="2137" room="56" start="120" weeks="11111111111111"/>
    <class days="1000000" id="2138" room="92" start="168" weeks="11111111111111"/>
    <class days="1000000" id="2139" room="78" start="168" weeks="11111111111111"/>
    <class days="1000000" id="2140" room="18" start="174" weeks="11111111111111"/>
    <class days="0001000" id="2141" room="25" start="180" weeks="11111111111111"/>
    <class days="0001000" id="2142" room="52" start="108" weeks="11111111111111"/>
    <class days="1000000" id="2143" room="18" start="168" weeks="11111111111111"/>
    <class days="0001000" id="2144" room="3" start="162" weeks="11111111111111"/>
    <class days="0001000" id="2145" room="214" start="156" weeks="11111111111111"/>
    <class days="0010000" id="2146" room="9" start="156" weeks="11111111111111"/>
    <class days="0010000" id="2147" room="21" start="120" weeks="11111111111111"/>
    <class days="0000100" id="2148" room="31" start="174" weeks="11111111111111"/>
    <class days="0001000" id="2149" room="56" start="204" weeks="11111111111111"/>
    <class days="0100000" id="2150" room="25" start="114" weeks="11111111111111"/>
    <class days="0000100" id="2151" room="64" start="192" weeks="11111111111111"/>
    <class days="0010000" id="2152" room="150" start="192" weeks="11111111111111"/>
    <class days="0100000" id="2153" room="150" start="180" weeks="11111111111111"/>
    <class days="0100000" id="2154" room="40" start="162" weeks="11111111111111"/>
    <class days="1000000" id="2155" room="42" start="228" weeks="11111111111111"/>
    <class days="1000000" id="2156" room="152" start="228" weeks="11111111111111"/>
    <class days="0000100" id="2157" room="72" start="174" weeks="11111111111111"/>
    <class days="0100000" id="2158" room="40" start="192" weeks="11111111111111"/>
    <class days="0100000" id="2159" room="85" start="114" weeks="11111111111111"/>
    <class days="0001000" id="2160" room="85" start="192" weeks="11111111111111"/>
    <class days="0000100" id="2161" room="150" start="228" weeks="11111111111111"/>
    <class days="0100000" id="2162" room="90" start="216" weeks="11111111111111"/>
    <class days="0000100" id="2163" room="72" start="108" weeks="11111111111111"/>
    <class days="0010000" id="2164" room="172" start="198" weeks="11111111111111"/>
    <class days="0000100" id="2165" room="90" start="204" weeks="11111111111111"/>
    <class days="1000000" id="2166" room="72" start="228" weeks="11111111111111"/>
    <class days="0010000" id="2167" room="150" start="114" weeks="11111111111111"/>
    <class days="0001000" id="2168" room="90" start="228" weeks="11111111111111"/>
    <class days="0000100" id="2169" room="72" start="192" weeks="11111111111111"/>
    <class days="1000000" id="2170" room="172" start="192" weeks="11111111111111"/>
    <class days="0010000" id="2171" room="72" start="192" weeks="11111111111111"/>
    <class days="0010000" id="2172" room="90" start="216" weeks="11111111111111"/>
    <class days="1000000" id="2173" room="150" start="192" weeks="11111111111111"/>
    <class days="0010000" id="2174" room="86" start="156" weeks="11111111111111"/>
    <class days="0100000" id="2175" room="85" start="192" weeks="11111111111111"/>
    <class days="1000000" id="2176" room="153" start="132" weeks="11111111111111"/>
    <class days="0010000" id="2177" room="173" start="192" weeks="11111111111111"/>
    <class days="0100000" id="2178" room="40" start="228" weeks="11111111111111"/>
    <class days="1000000" id="2179" room="72" start="174" weeks="11111111111111"/>
    <class days="0001000" id="2180" room="87" start="108" weeks="11111111111111"/>
    <class days="0001000" id="2181" room="88" start="108" weeks="11111111111111"/>
    <class days="0000100" id="2182" room="154" start="228" weeks="11111111111111"/>
    <class days="0100000" id="2183" room="40" start="156" weeks="11111111111111"/>
    <class days="0000100" id="2184" room="43" start="108" weeks="11111111111111"/>
    <class days="0010000" id="2185" room="158" start="156" weeks="11111111111111"/>
    <class days="0100000" id="2186" room="172" start="156" weeks="11111111111111"/>
    <class days="0000100" id="2187" room="85" start="192" weeks="11111111111111"/>
    <class days="1000000" id="2188" room="85" start="156" weeks="11111111111111"/>
    <class days="0001000" id="2189" room="72" start="192" weeks="11111111111111"/>
    <class days="0010000" id="2190" room="162" start="156" weeks="11111111111111"/>
    <class days="1000000" id="2191" room="195" start="108" weeks="11111111111111"/>
    <class days="0010000" id="2192" room="195" start="192" weeks="11111111111111"/>
    <class days="0000100" id="2193" room="198" start="108" weeks="11111111111111"/>
    <class days="0000100" id="2194" room="198" start="132" weeks="11111111111111"/>
    <class days="0010000" id="2195" room="195" start="108" weeks="11111111111111"/>
    <class days="0010000" id="2196" room="195" start="132" weeks="11111111111111"/>
    <class days="1000000" id="2197" room="89" start="132" weeks="11111111111111"/>
    <class days="1000000" id="2198" room="43" start="156" weeks="11111111111111"/>
    <class days="0001000" id="2199" room="87" start="114" weeks="11111111111111"/>
    <class days="1000000" id="2200" room="196" start="204" weeks="11111111111111"/>
    <class days="0010000" id="2201" room="195" start="216" weeks="11111111111111"/>
    <class days="0001000" id="2202" room="38" start="204" weeks="11111111111111"/>
    <class days="0000100" id="2203" room="86" start="168" weeks="11111111111111"/>
    <class days="0001000" id="2204" room="40" start="192" weeks="11111111111111"/>
    <class days="1000000" id="2205" room="43" start="108" weeks="11111111111111"/>
    <class days="0001000" id="2206" room="195" start="174" weeks="11111111111111"/>
    <class days="0000100" id="2207" room="195" start="120" weeks="11111111111111"/>
    <class days="0010000" id="2208" room="198" start="156" weeks="11111111111111"/>
    <class days="0010000" id="2209" room="198" start="180" weeks="11111111111111"/>
    <class days="0100000" id="2210" room="41" start="132" weeks="11111111111111"/>
    <class days="0000100" id="2211" room="72" start="132" weeks="11111111111111"/>
    <class days="0100000" id="2212" room="198" start="204" weeks="11111111111111"/>
    <class days="0001000" id="2213" room="196" start="180" weeks="11111111111111"/>
    <class days="0000100" id="2214" room="198" start="180" weeks="11111111111111"/>
    <class days="0001000" id="2215" room="174" start="162" weeks="11111111111111"/>
    <class days="0100100" id="2216" room="41" start="108" weeks="11111111111111"/>
    <class days="0001000" id="2217" room="198" start="108" weeks="11111111111111"/>
    <class days="0001000" id="2218" room="198" start="132" weeks="11111111111111"/>
    <class days="0000100" id="2219" room="152" start="114" weeks="11111111111111"/>
    <class days="0100000" id="2220" room="85" start="180" weeks="11111111111111"/>
    <class days="1000000" id="2221" room="172" start="144" weeks="11111111111111"/>
    <class days="0010000" id="2222" room="162" start="108" weeks="11111111111111"/>
    <class days="0001000" id="2223" room="158" start="156" weeks="11111111111111"/>
    <class days="1000000" id="2224" room="155" start="108" weeks="11111111111111"/>
    <class days="1000000" id="2225" room="155" start="168" weeks="11111111111111"/>
    <class days="0010000" id="2226" room="155" start="180" weeks="11111111111111"/>
    <class days="0100000" id="2227" room="90" start="108" weeks="11111111111111"/>
    <class days="1000100" id="2228" room="40" start="162" weeks="11111111111111"/>
    <class days="0001000" id="2229" room="150" start="192" weeks="11111111111111"/>
    <class days="1000000" id="2230" room="172" start="114" weeks="11111111111111"/>
    <class days="0100000" id="2231" room="172" start="120" weeks="11111111111111"/>
    <class days="0001000" id="2232" room="72" start="108" weeks="11111111111111"/>
    <class days="1000000" id="2233" room="154" start="174" weeks="11111111111111"/>
    <class days="0100000" id="2234" room="87" start="168" weeks="11111111111111"/>
    <class days="0010000" id="2235" room="154" start="192" weeks="11111111111111"/>
    <class days="1000000" id="2236" room="153" start="156" weeks="11111111111111"/>
    <class days="0000100" id="2237" room="162" start="120" weeks="11111111111111"/>
    <class days="1000000" id="2238" room="153" start="216" weeks="11111111111111"/>
    <class days="0010000" id="2239" room="157" start="120" weeks="11111111111111"/>
    <class days="0100000" id="2240" room="152" start="156" weeks="11111111111111"/>
    <class days="0001000" id="2241" room="155" start="114" weeks="11111111111111"/>
    <class days="0000100" id="2242" room="172" start="198" weeks="11111111111111"/>
    <class days="0000100" id="2243" room="155" start="192" weeks="11111111111111"/>
    <class days="0000100" id="2244" room="152" start="204" weeks="11111111111111"/>
    <class days="1000000" id="2245" room="90" start="156" weeks="11111111111111"/>
    <class days="1000000" id="2246" room="162" start="156" weeks="11111111111111"/>
    <class days="0000100" id="2247" room="158" start="108" weeks="11111111111111"/>
    <class days="0000100" id="2248" room="158" start="132" weeks="11111111111111"/>
    <class days="0001000" id="2249" room="172" start="120" weeks="11111111111111"/>
    <class days="0001000" id="2250" room="150" start="120" weeks="11111111111111"/>
    <class days="0001000" id="2251" room="174" start="216" weeks="11111111111111"/>
    <class days="0001000" id="2252" room="162" start="156" weeks="11111111111111"/>
    <class days="0000100" id="2253" room="158" start="162" weeks="11111111111111"/>
    <class days="1000000" id="2254" room="172" start="168" weeks="11111111111111"/>
    <class days="0010000" id="2255" room="174" start="120" weeks="11111111111111"/>
    <class days="0010000" id="2256" room="158" start="144" weeks="11111111111111"/>
    <class days="0010000" id="2257" room="90" start="156" weeks="11111111111111"/>
    <class days="0100000" id="2258" room="162" start="180" weeks="11111111111111"/>
    <class days="0001000" id="2259" room="155" start="186" weeks="11111111111111"/>
    <class days="0010000" id="2260" room="158" start="108" weeks="11111111111111"/>
    <class days="1000000" id="2261" room="152" start="144" weeks="11111111111111"/>
    <class days="0000100" id="2262" room="152" start="180" weeks="11111111111111"/>
    <class days="0000100" id="2263" room="87" start="150" weeks="11111111111111"/>
    <class days="1000000" id="2264" room="157" start="180" weeks="11111111111111"/>
    <class days="0001000" id="2265" room="153" start="180" weeks="11111111111111"/>
    <class days="0000100" id="2266" room="153" start="168" weeks="11111111111111"/>
    <class days="0100000" id="2267" room="89" start="132" weeks="11111111111111"/>
    <class days="0100000" id="2268" room="150" start="162" weeks="11111111111111"/>
    <class days="1000000" id="2269" room="148" start="132" weeks="11111111111111"/>
    <class days="0000100" id="2270" room="40" start="186" weeks="11111111111111"/>
    <class days="0100000" id="2271" room="158" start="204" weeks="11111111111111"/>
    <class days="0010000" id="2272" room="85" start="192" weeks="11111111111111"/>
    <class days="0001000" id="2273" room="157" start="132" weeks="11111111111111"/>
    <class days="0010000" id="2274" room="148" start="216" weeks="11111111111111"/>
    <class days="0010000" id="2275" room="148" start="162" weeks="11111111111111"/>
    <class days="0010000" id="2276" room="157" start="108" weeks="11111111111111"/>
    <class days="0010000" id="2277" room="87" start="132" weeks="11111111111111"/>
    <class days="0001000" id="2278" room="157" start="174" weeks="11111111111111"/>
    <class days="0100000" id="2279" room="169" start="168" weeks="11111111111111"/>
    <class days="0000100" id="2280" room="174" start="114" weeks="11111111111111"/>
    <class days="0000100" id="2281" room="40" start="108" weeks="11111111111111"/>
    <class days="0001000" id="2282" room="151" start="216" weeks="11111111111111"/>
    <class days="0001000" id="2283" room="169" start="108" weeks="11111111111111"/>
    <class days="0010000" id="2284" room="85" start="108" weeks="11111111111111"/>
    <class days="1000000" id="2285" room="72" start="186" weeks="11111111111111"/>
    <class days="0100000" id="2286" room="150" start="228" weeks="11111111111111"/>
    <class days="0100000" id="2287" start="228" weeks="11111111111111"/>
    <class days="0010000" id="2288" room="90" start="180" weeks="11111111111111"/>
    <class days="0100000" id="2289" room="40" start="108" weeks="11111111111111"/>
    <class days="1000000" id="2290" room="158" start="186" weeks="11111111111111"/>
    <class days="1000000" id="2291" room="169" start="144" weeks="11111111111111"/>
    <class days="0100000" id="2292" room="154" start="126" weeks="11111111111111"/>
    <class days="0000100" id="2293" room="148" start="156" weeks="11111111111111"/>
    <class days="0001000" id="2294" room="151" start="114" weeks="11111111111111"/>
    <class days="0000100" id="2295" room="151" start="156" weeks="11111111111111"/>
    <class days="0010000" id="2296" room="155" start="120" weeks="11111111111111"/>
    <class days="0000100" id="2297" room="90" start="156" weeks="11111111111111"/>
    <class days="0010000" id="2298" room="148" start="120" weeks="11111111111111"/>
    <class days="0100000" id="2299" room="169" start="192" weeks="11111111111111"/>
    <class days="0100000" id="2300" room="85" start="108" weeks="11111111111111"/>
    <class days="0100000" id="2301" room="72" start="156" weeks="11111111111111"/>
    <class days="0001000" id="2302" start="192" weeks="11111111111111"/>
    <class days="0000100" id="2303" room="173" start="192" weeks="11111111111111"/>
    <class days="0001000" id="2304" room="90" start="192" weeks="11111111111111"/>
    <class days="0001000" id="2305" room="40" start="114" weeks="11111111111111"/>
    <class days="0100000" id="2306" room="42" start="192" weeks="11111111111111"/>
    <class days="0001000" id="2307" room="150" start="192" weeks="11111111111111"/>
    <class days="0001000" id="2308" room="40" start="138" weeks="11111111111111"/>
    <class days="0000100" id="2309" room="85" start="156" weeks="11111111111111"/>
    <class days="1000000" id="2310" room="38" start="192" weeks="11111111111111"/>
    <class days="0100000" id="2311" room="90" start="174" weeks="11111111111111"/>
    <class days="0010000" id="2312" room="72" start="126" weeks="11111111111111"/>
    <class days="0010000" id="2313" room="86" start="192" weeks="11111111111111"/>
    <class days="0010000" id="2314" room="158" start="120" weeks="11111111111111"/>
    <class days="1000000" id="2315" room="152" start="216" weeks="11111111111111"/>
    <class days="1000000" id="2316" room="174" start="216" weeks="11111111111111"/>
    <class days="0000100" id="2317" room="152" start="156" weeks="11111111111111"/>
    <class days="0010000" id="2318" room="42" start="228" weeks="11111111111111"/>
    <class days="0010000" id="2319" room="90" start="108" weeks="11111111111111"/>
    <class days="0001000" id="2320" room="158" start="228" weeks="11111111111111"/>
    <class days="0001000" id="2321" room="90" start="168" weeks="11111111111111"/>
    <class days="0000100" id="2322" room="174" start="108" weeks="11111111111111"/>
    <class days="0000100" id="2323" room="173" start="192" weeks="11111111111111"/>
    <class days="0000100" id="2324" room="102" start="114" weeks="11111111111111"/>
    <class days="0100000" id="2325" room="212" start="198" weeks="11111111111111"/>
    <class days="1000000" id="2326" room="210" start="198" weeks="11111111111111"/>
    <class days="0100000" id="2327" room="209" start="210" weeks="11111111111111"/>
    <class days="0010000" id="2328" room="210" start="120" weeks="11111111111111"/>
    <class days="0000100" id="2329" room="201" start="174" weeks="11111111111111"/>
    <class days="0010000" id="2330" room="102" start="132" weeks="11111111111111"/>
    <class days="0100000" id="2331" room="84" start="180" weeks="11111111111111"/>
    <class days="1000000" id="2332" room="87" start="192" weeks="11111111111111"/>
    <class days="1000000" id="2333" room="84" start="144" weeks="11111111111111"/>
    <class days="0010000" id="2334" room="84" start="228" weeks="11111111111111"/>
    <class days="1000000" id="2335" room="84" start="108" weeks="11111111111111"/>
    <class days="1000000" id="2336" room="84" start="168" weeks="11111111111111"/>
    <class days="0100000" id="2337" room="170" start="228" weeks="11111111111111"/>
    <class days="1000000" id="2338" room="84" start="132" weeks="11111111111111"/>
    <class days="1000000" id="2339" room="84" start="192" weeks="11111111111111"/>
    <class days="0100000" id="2340" room="170" start="252" weeks="11111111111111"/>
    <class days="0010000" id="2341" room="84" start="132" weeks="11111111111111"/>
    <class days="0100000" id="2342" room="84" start="108" weeks="11111111111111"/>
    <class days="0010000" id="2343" room="84" start="192" weeks="11111111111111"/>
    <class days="0010000" id="2344" room="84" start="156" weeks="11111111111111"/>
    <class days="0100000" id="2345" room="84" start="132" weeks="11111111111111"/>
    <class days="0010000" id="2346" room="84" start="216" weeks="11111111111111"/>
    <class days="0100000" id="2347" room="159" start="108" weeks="11111111111111"/>
    <class days="0001000" id="2348" room="159" start="156" weeks="11111111111111"/>
    <class days="1000000" id="2349" room="159" start="216" weeks="11111111111111"/>
    <class days="0100000" id="2350" room="159" start="132" weeks="11111111111111"/>
    <class days="0001000" id="2351" room="159" start="180" weeks="11111111111111"/>
    <class days="1000000" id="2352" room="159" start="240" weeks="11111111111111"/>
    <class days="0001000" id="2353" room="84" start="156" weeks="11111111111111"/>
    <class days="0001000" id="2354" room="84" start="108" weeks="11111111111111"/>
    <class days="0001000" id="2355" room="84" start="216" weeks="11111111111111"/>
    <class days="0001000" id="2356" room="84" start="180" weeks="11111111111111"/>
    <class days="0001000" id="2357" room="84" start="132" weeks="11111111111111"/>
    <class days="0001000" id="2358" room="84" start="240" weeks="11111111111111"/>
    <class days="1000000" id="2359" room="161" start="168" weeks="11111111111111"/>
    <class days="0010000" id="2360" room="161" start="144" weeks="11111111111111"/>
    <class days="0100000" id="2361" room="161" start="192" weeks="11111111111111"/>
    <class days="1000000" id="2362" room="161" start="180" weeks="11111111111111"/>
    <class days="0010000" id="2363" room="161" start="108" weeks="11111111111111"/>
    <class days="0100000" id="2364" room="161" start="204" weeks="11111111111111"/>
    <class days="0100000" id="2365" room="170" start="156" weeks="11111111111111"/>
    <class days="0001000" id="2366" room="170" start="192" weeks="11111111111111"/>
    <class days="0000100" id="2367" room="159" start="108" weeks="11111111111111"/>
    <class days="0001000" id="2368" room="87" start="240" weeks="11111111111111"/>
    <class days="0000100" id="2369" room="84" start="192" weeks="11111111111111"/>
    <class days="0001000" id="2370" room="86" start="192" weeks="11111111111111"/>
    <class days="0100000" id="2371" room="156" start="108" weeks="11111111111111"/>
    <class days="1000000" id="2372" room="159" start="108" weeks="11111111111111"/>
    <class days="0100000" id="2373" room="159" start="216" weeks="11111111111111"/>
    <class days="0100000" id="2374" room="156" start="132" weeks="11111111111111"/>
    <class days="1000000" id="2375" room="159" start="132" weeks="11111111111111"/>
    <class days="0100000" id="2376" room="159" start="240" weeks="11111111111111"/>
    <class days="0010000" id="2377" room="159" start="108" weeks="11111111111111"/>
    <class days="0001000" id="2378" room="156" start="156" weeks="11111111111111"/>
    <class days="1000000" id="2379" room="156" start="216" weeks="11111111111111"/>
    <class days="0010000" id="2380" room="159" start="132" weeks="11111111111111"/>
    <class days="0001000" id="2381" room="156" start="180" weeks="11111111111111"/>
    <class days="1000000" id="2382" room="156" start="240" weeks="11111111111111"/>
    <class days="1000000" id="2383" room="161" start="108" weeks="11111111111111"/>
    <class days="0001000" id="2384" room="161" start="108" weeks="11111111111111"/>
    <class days="0010000" id="2385" room="161" start="192" weeks="11111111111111"/>
    <class days="1000000" id="2386" room="161" start="132" weeks="11111111111111"/>
    <class days="0001000" id="2387" room="161" start="132" weeks="11111111111111"/>
    <class days="0010000" id="2388" room="161" start="216" weeks="11111111111111"/>
    <class days="0010000" id="2389" room="195" start="156" weeks="11111111111111"/>
    <class days="0100000" id="2390" room="195" start="156" weeks="11111111111111"/>
    <class days="1000000" id="2391" room="195" start="180" weeks="11111111111111"/>
    <class days="0010000" id="2392" room="195" start="180" weeks="11111111111111"/>
    <class days="0100000" id="2393" room="195" start="180" weeks="11111111111111"/>
    <class days="1000000" id="2394" room="195" start="204" weeks="11111111111111"/>
    <class days="0000100" id="2395" room="162" start="168" weeks="11111111111111"/>
    <class days="0000100" id="2396" room="162" start="192" weeks="11111111111111"/>
    <class days="0000100" id="2397" room="159" start="132" weeks="11111111111111"/>
    <class days="0100000" id="2398" room="89" start="216" weeks="11111111111111"/>
    <class days="0100000" id="2399" room="198" start="156" weeks="11111111111111"/>
    <class days="1000000" id="2400" room="198" start="156" weeks="11111111111111"/>
    <class days="0100000" id="2401" room="198" start="192" weeks="11111111111111"/>
    <class days="0100000" id="2402" room="198" start="168" weeks="11111111111111"/>
    <class days="1000000" id="2403" room="198" start="168" weeks="11111111111111"/>
    <class days="0100000" id="2404" room="198" start="204" weeks="11111111111111"/>
    <class days="0100000" id="2405" room="159" start="192" weeks="11111111111111"/>
    <class days="0000100" id="2406" room="159" start="216" weeks="11111111111111"/>
    <class days="0000100" id="2407" room="195" start="108" weeks="11111111111111"/>
    <class days="1000000" id="2408" room="162" start="132" weeks="11111111111111"/>
    <class days="0010000" id="2409" room="158" start="192" weeks="11111111111111"/>
    <class days="0100000" id="2410" room="90" start="168" weeks="11111111111111"/>
    <class days="1000000" id="2411" room="158" start="192" weeks="11111111111111"/>
    <class days="1000000" id="2412" room="172" start="174" weeks="11111111111111"/>
    <class days="0001000" id="2413" room="172" start="192" weeks="11111111111111"/>
    <class days="0010000" id="2414" room="72" start="114" weeks="11111111111111"/>
    <class days="1000000" id="2415" room="85" start="216" weeks="11111111111111"/>
    <class days="1000000" id="2416" room="85" start="132" weeks="11111111111111"/>
    <class days="1000000" id="2417" room="90" start="192" weeks="11111111111111"/>
    <class days="0010000" id="2418" room="85" start="204" weeks="11111111111111"/>
    <class days="0000100" id="2419" room="174" start="228" weeks="11111111111111"/>
    <class days="1000000" id="2420" room="172" start="198" weeks="11111111111111"/>
    <class days="0001000" id="2421" room="174" start="192" weeks="11111111111111"/>
    <class days="0001000" id="2422" room="172" start="156" weeks="11111111111111"/>
    <class days="1000000" id="2423" room="150" start="240" weeks="11111111111111"/>
    <class days="0000100" id="2424" room="172" start="192" weeks="11111111111111"/>
    <class days="1000000" id="2425" room="90" start="156" weeks="11111111111111"/>
    <class days="0001000" id="2426" room="40" start="114" weeks="11111111111111"/>
    <class days="0001000" id="2427" room="174" start="216" weeks="11111111111111"/>
    <class days="0100000" id="2428" room="172" start="216" weeks="11111111111111"/>
    <class days="0100000" id="2429" room="172" start="156" weeks="11111111111111"/>
    <class days="0000100" id="2430" room="72" start="162" weeks="11111111111111"/>
    <class days="1000000" id="2431" room="162" start="216" weeks="11111111111111"/>
    <class days="0100000" id="2432" room="152" start="192" weeks="11111111111111"/>
    <class days="0001000" id="2433" room="152" start="108" weeks="11111111111111"/>
    <class days="0010000" id="2434" room="162" start="156" weeks="11111111111111"/>
    <class days="1000000" id="2435" room="88" start="108" weeks="11111111111111"/>
    <class days="0001000" id="2436" room="41" start="156" weeks="11111111111111"/>
    <class days="0000100" id="2437" room="153" start="156" weeks="11111111111111"/>
    <class days="0000100" id="2438" room="173" start="120" weeks="11111111111111"/>
    <class days="0000100" id="2439" room="38" start="192" weeks="11111111111111"/>
    <class days="0010000" id="2440" room="41" start="108" weeks="11111111111111"/>
    <class days="0100000" id="2441" room="42" start="162" weeks="11111111111111"/>
    <class days="0100000" id="2442" room="174" start="192" weeks="11111111111111"/>
    <class days="0000100" id="2443" room="169" start="120" weeks="11111111111111"/>
    <class days="0100000" id="2444" room="174" start="114" weeks="11111111111111"/>
    <class days="0100000" id="2445" room="72" start="204" weeks="11111111111111"/>
    <class days="0010000" id="2446" room="89" start="192" weeks="11111111111111"/>
    <class days="1000000" id="2447" room="85" start="120" weeks="11111111111111"/>
    <class days="1000000" id="2448" room="148" start="174" weeks="11111111111111"/>
    <class days="1000000" id="2449" room="86" start="114" weeks="11111111111111"/>
    <class days="0000100" id="2450" room="174" start="186" weeks="11111111111111"/>
    <class days="0100000" id="2451" room="169" start="132" weeks="11111111111111"/>
    <class days="0001000" id="2452" room="148" start="174" weeks="11111111111111"/>
    <class days="0001000" id="2453" room="162" start="174" weeks="11111111111111"/>
    <class days="0000100" id="2454" room="153" start="144" weeks="11111111111111"/>
    <class days="0010000" id="2455" room="169" start="120" weeks="11111111111111"/>
    <class days="1000000" id="2456" room="89" start="108" weeks="11111111111111"/>
    <class days="1000000" id="2457" room="149" start="156" weeks="11111111111111"/>
    <class days="0001000" id="2458" room="169" start="186" weeks="11111111111111"/>
    <class days="0001000" id="2459" room="87" start="192" weeks="11111111111111"/>
    <class days="0010000" id="2460" room="173" start="144" weeks="11111111111111"/>
    <class days="0010000" id="2461" room="169" start="108" weeks="11111111111111"/>
    <class days="0100000" id="2462" room="151" start="108" weeks="11111111111111"/>
    <class days="0001000" id="2463" room="72" start="162" weeks="11111111111111"/>
    <class days="0100000" id="2464" room="151" start="150" weeks="11111111111111"/>
    <class days="0100000" id="2465" room="85" start="156" weeks="11111111111111"/>
    <class days="0001000" id="2466" room="89" start="138" weeks="11111111111111"/>
    <class days="0010000" id="2467" room="174" start="120" weeks="11111111111111"/>
    <class days="0001000" id="2468" room="153" start="126" weeks="11111111111111"/>
    <class days="0001000" id="2469" room="173" start="126" weeks="11111111111111"/>
    <class days="1000000" id="2470" room="174" start="132" weeks="11111111111111"/>
    <class days="0010000" id="2471" room="86" start="198" weeks="11111111111111"/>
    <class days="0010000" id="2472" room="148" start="168" weeks="11111111111111"/>
    <class days="0001000" id="2473" room="162" start="132" weeks="11111111111111"/>
    <class days="0010000" id="2474" room="86" start="114" weeks="11111111111111"/>
    <class days="0100000" id="2475" room="173" start="132" weeks="11111111111111"/>
    <class days="0001000" id="2476" room="41" start="120" weeks="11111111111111"/>
    <class days="0001000" id="2477" room="169" start="162" weeks="11111111111111"/>
    <class days="1000000" id="2478" room="42" start="162" weeks="11111111111111"/>
    <class days="0010000" id="2479" room="151" start="108" weeks="11111111111111"/>
    <class days="0001000" id="2480" room="9" start="120" weeks="11111111111111"/>
    <class days="0100000" id="2481" room="8" start="192" weeks="11111111111111"/>
    <class days="0000100" id="2482" room="115" start="192" weeks="11111111111111"/>
    <class days="1000000" id="2483" room="56" start="156" weeks="11111111111111"/>
    <class days="1000000" id="2484" room="214" start="120" weeks="11111111111111"/>
    <class days="0010000" id="2485" room="212" start="120" weeks="11111111111111"/>
    <class days="0100000" id="2486" room="16" start="120" weeks="11111111111111"/>
    <class days="0000100" id="2487" room="212" start="192" weeks="11111111111111"/>
    <class days="0010000" id="2488" room="26" start="156" weeks="11111111111111"/>
    <class days="0010000" id="2489" room="11" start="192" weeks="11111111111111"/>
    <class days="1000000" id="2490" room="46" start="204" weeks="11111111111111"/>
    <class days="0000100" id="2491" room="214" start="168" weeks="11111111111111"/>
    <class days="0001000" id="2492" room="53" start="162" weeks="11111111111111"/>
    <class days="0100000" id="2493" room="52" start="156" weeks="11111111111111"/>
    <class days="0100000" id="2494" room="56" start="120" weeks="11111111111111"/>
    <class days="0000100" id="2495" room="210" start="204" weeks="11111111111111"/>
    <class days="0100000" id="2496" room="139" start="186" weeks="11111111111111"/>
    <class days="0000100" id="2497" room="111" start="108" weeks="11111111111111"/>
    <class days="0001000" id="2498" room="46" start="108" weeks="11111111111111"/>
    <class days="0010000" id="2499" room="57" start="108" weeks="11111111111111"/>
    <class days="0010000" id="2500" room="4" start="132" weeks="11111111111111"/>
    <class days="0000100" id="2501" room="59" start="132" weeks="11111111111111"/>
    <class days="0100000" id="2502" room="20" start="192" weeks="11111111111111"/>
    <class days="0100000" id="2503" room="67" start="108" weeks="11111111111111"/>
    <class days="0100000" id="2504" room="102" start="132" weeks="11111111111111"/>
    <class days="1000000" id="2505" room="214" start="156" weeks="11111111111111"/>
    <class days="1000000" id="2506" room="54" start="120" weeks="11111111111111"/>
    <class days="0000100" id="2507" room="62" start="204" weeks="11111111111111"/>
    <class days="0000100" id="2508" room="26" start="228" weeks="11111111111111"/>
    <class days="1000000" id="2509" room="111" start="114" weeks="11111111111111"/>
    <class days="0100000" id="2510" room="99" start="108" weeks="11111111111111"/>
    <class days="0100000" id="2511" start="108" weeks="11111111111111"/>
    <class days="0100000" id="2512" start="108" weeks="11111111111111"/>
    <class days="0100000" id="2513" start="108" weeks="11111111111111"/>
    <class days="0100000" id="2514" room="99" start="132" weeks="11111111111111"/>
    <class days="0100000" id="2515" start="132" weeks="11111111111111"/>
    <class days="0100000" id="2516" start="132" weeks="11111111111111"/>
    <class days="0100000" id="2517" start="132" weeks="11111111111111"/>
    <class days="0000100" id="2518" room="99" start="108" weeks="11111111111111"/>
    <class days="0000100" id="2519" start="108" weeks="11111111111111"/>
    <class days="0000100" id="2520" start="108" weeks="11111111111111"/>
    <class days="0000100" id="2521" start="108" weeks="11111111111111"/>
    <class days="0100000" id="2522" start="108" weeks="11111111111111"/>
    <class days="0100000" id="2523" start="108" weeks="11111111111111"/>
    <class days="0100000" id="2524" start="108" weeks="11111111111111"/>
    <class days="0100000" id="2525" start="108" weeks="11111111111111"/>
    <class days="0100000" id="2526" start="132" weeks="11111111111111"/>
    <class days="0100000" id="2527" start="132" weeks="11111111111111"/>
    <class days="0100000" id="2528" start="132" weeks="11111111111111"/>
    <class days="0100000" id="2529" start="132" weeks="11111111111111"/>
    <class days="0000100" id="2530" start="108" weeks="11111111111111"/>
    <class days="0000100" id="2531" start="108" weeks="11111111111111"/>
    <class days="0000100" id="2532" start="108" weeks="11111111111111"/>
    <class days="0000100" id="2533" start="108" weeks="11111111111111"/>
    <class days="0100000" id="2534" room="113" start="108" weeks="11111111111111"/>
    <class days="0100000" id="2535" start="108" weeks="11111111111111"/>
    <class days="0100000" id="2536" start="108" weeks="11111111111111"/>
    <class days="0100000" id="2537" start="108" weeks="11111111111111"/>
    <class days="0100000" id="2538" room="113" start="132" weeks="11111111111111"/>
    <class days="0100000" id="2539" start="132" weeks="11111111111111"/>
    <class days="0100000" id="2540" start="132" weeks="11111111111111"/>
    <class days="0100000" id="2541" start="132" weeks="11111111111111"/>
    <class days="0000100" id="2542" room="113" start="108" weeks="11111111111111"/>
    <class days="0000100" id="2543" start="108" weeks="11111111111111"/>
    <class days="0000100" id="2544" start="108" weeks="11111111111111"/>
    <class days="0000100" id="2545" start="108" weeks="11111111111111"/>
    <class days="0100000" id="2546" start="108" weeks="11111111111111"/>
    <class days="0100000" id="2547" start="108" weeks="11111111111111"/>
    <class days="0100000" id="2548" start="108" weeks="11111111111111"/>
    <class days="0100000" id="2549" start="108" weeks="11111111111111"/>
    <class days="0100000" id="2550" start="132" weeks="11111111111111"/>
    <class days="0100000" id="2551" start="132" weeks="11111111111111"/>
    <class days="0100000" id="2552" start="132" weeks="11111111111111"/>
    <class days="0100000" id="2553" start="132" weeks="11111111111111"/>
    <class days="0000100" id="2554" start="108" weeks="11111111111111"/>
    <class days="0000100" id="2555" start="108" weeks="11111111111111"/>
    <class days="0000100" id="2556" start="108" weeks="11111111111111"/>
    <class days="0000100" id="2557" start="108" weeks="11111111111111"/>
    <class days="0100000" id="2558" room="101" start="108" weeks="11111111111111"/>
    <class days="0100000" id="2559" start="108" weeks="11111111111111"/>
    <class days="0100000" id="2560" start="108" weeks="11111111111111"/>
    <class days="0100000" id="2561" start="108" weeks="11111111111111"/>
    <class days="0100000" id="2562" room="101" start="132" weeks="11111111111111"/>
    <class days="0100000" id="2563" start="132" weeks="11111111111111"/>
    <class days="0100000" id="2564" start="132" weeks="11111111111111"/>
    <class days="0100000" id="2565" start="132" weeks="11111111111111"/>
    <class days="0000100" id="2566" room="101" start="108" weeks="11111111111111"/>
    <class days="0000100" id="2567" start="108" weeks="11111111111111"/>
    <class days="0000100" id="2568" start="108" weeks="11111111111111"/>
    <class days="0000100" id="2569" start="108" weeks="11111111111111"/>
    <class days="0100000" id="2570" start="108" weeks="11111111111111"/>
    <class days="0100000" id="2571" start="108" weeks="11111111111111"/>
    <class days="0100000" id="2572" start="108" weeks="11111111111111"/>
    <class days="0100000" id="2573" start="108" weeks="11111111111111"/>
    <class days="0100000" id="2574" start="132" weeks="11111111111111"/>
    <class days="0100000" id="2575" start="132" weeks="11111111111111"/>
    <class days="0100000" id="2576" start="132" weeks="11111111111111"/>
    <class days="0100000" id="2577" start="132" weeks="11111111111111"/>
    <class days="0000100" id="2578" start="108" weeks="11111111111111"/>
    <class days="0000100" id="2579" start="108" weeks="11111111111111"/>
    <class days="0000100" id="2580" start="108" weeks="11111111111111"/>
    <class days="0000100" id="2581" start="108" weeks="11111111111111"/>
    <class days="0100000" id="2582" room="134" start="108" weeks="11111111111111"/>
    <class days="0100000" id="2583" start="108" weeks="11111111111111"/>
    <class days="0100000" id="2584" room="97" start="132" weeks="11111111111111"/>
    <class days="0100000" id="2585" start="132" weeks="11111111111111"/>
    <class days="0000100" id="2586" room="138" start="108" weeks="11111111111111"/>
    <class days="0000100" id="2587" start="108" weeks="11111111111111"/>
    <class days="0010000" id="2588" room="138" start="156" weeks="11111111111111"/>
    <class days="0010000" id="2589" start="156" weeks="11111111111111"/>
    <class days="0010000" id="2590" start="156" weeks="11111111111111"/>
    <class days="0010000" id="2591" room="138" start="108" weeks="11111111111111"/>
    <class days="0001000" id="2592" room="101" start="108" weeks="11111111111111"/>
    <class days="0100000" id="2593" room="70" start="180" weeks="11111111111111"/>
    <class days="0000100" id="2594" room="10" start="180" weeks="11111111111111"/>
    <class days="0100000" id="2595" room="101" start="192" weeks="11111111111111"/>
    <class days="0001000" id="2596" room="102" start="174" weeks="11111111111111"/>
    <class days="0100000" id="2597" room="136" start="162" weeks="11111111111111"/>
    <class days="1000000" id="2598" room="6" start="120" weeks="11111111111111"/>
    <class days="0001000" id="2599" room="112" start="114" weeks="11111111111111"/>
    <class days="1000000" id="2600" room="19" start="114" weeks="11111111111111"/>
    <class days="1000000" id="2601" room="98" start="192" weeks="11111111111111"/>
    <class days="0001000" id="2602" room="55" start="114" weeks="11111111111111"/>
    <class days="0010000" id="2603" room="113" start="156" weeks="11111111111111"/>
    <class days="0010000" id="2604" start="156" weeks="11111111111111"/>
    <class days="0010000" id="2605" room="113" start="180" weeks="11111111111111"/>
    <class days="0010000" id="2606" start="180" weeks="11111111111111"/>
    <class days="0100000" id="2607" room="138" start="156" weeks="11111111111111"/>
    <class days="0100000" id="2608" room="99" start="156" weeks="11111111111111"/>
    <class days="0100000" id="2609" room="97" start="180" weeks="11111111111111"/>
    <class days="0100000" id="2610" room="99" start="180" weeks="11111111111111"/>
    <class days="1000000" id="2611" room="60" start="156" weeks="11111111111111"/>
    <class days="1000000" id="2612" room="182" start="156" weeks="11111111111111"/>
    <class days="1000000" id="2613" room="182" start="108" weeks="11111111111111"/>
    <class days="1000000" id="2614" room="182" start="180" weeks="11111111111111"/>
    <class days="1000000" id="2615" room="182" start="132" weeks="11111111111111"/>
    <class days="0001000" id="2616" room="113" start="108" weeks="11111111111111"/>
    <class days="0001000" id="2617" room="113" start="132" weeks="11111111111111"/>
    <class days="0001000" id="2618" room="113" start="156" weeks="11111111111111"/>
    <class days="0010000" id="2619" room="60" start="156" weeks="11111111111111"/>
    <class days="0010000" id="2620" room="115" start="108" weeks="11111111111111"/>
    <class days="0010000" id="2621" room="115" start="132" weeks="11111111111111"/>
    <class days="0100000" id="2622" room="101" start="156" weeks="11111111111111"/>
    <class days="1000000" id="2623" room="101" start="156" weeks="11111111111111"/>
    <class days="1000000" id="2624" room="101" start="180" weeks="11111111111111"/>
    <class days="1000000" id="2625" room="101" start="108" weeks="11111111111111"/>
    <class days="0010000" id="2626" room="114" start="156" weeks="11111111111111"/>
    <class days="1000000" id="2627" room="101" start="132" weeks="11111111111111"/>
    <class days="0010000" id="2628" room="114" start="180" weeks="11111111111111"/>
    <class days="0000100" id="2629" room="101" start="156" weeks="11111111111111"/>
    <class days="0000100" id="2630" start="156" weeks="11111111111111"/>
    <class days="0000100" id="2631" start="156" weeks="11111111111111"/>
    <class days="0000100" id="2632" room="101" start="180" weeks="11111111111111"/>
    <class days="0000100" id="2633" start="180" weeks="11111111111111"/>
    <class days="0000100" id="2634" start="180" weeks="11111111111111"/>
    <class days="0010000" id="2635" room="202" start="120" weeks="11111111111111"/>
    <class days="0100000" id="2636" room="31" start="120" weeks="11111111111111"/>
    <class days="1000000" id="2637" room="97" start="162" weeks="11111111111111"/>
    <class days="0000100" id="2638" room="70" start="114" weeks="11111111111111"/>
    <class days="0010000" id="2639" room="45" start="180" weeks="11111111111111"/>
    <class days="0000100" id="2640" room="26" start="192" weeks="11111111111111"/>
    <class days="0100000" id="2641" room="21" start="168" weeks="11111111111111"/>
</solution>
