fes;time;f
1;94;2147487430
5;156;2147487428
6;172;2147487427
8;203;2147487425
10;219;2147487424
13;250;2147487423
1439;14153;2147487422
1440;14169;2147487421
1444;14200;2147487420
1446;14216;2147487419
1447;14231;2147487417
1451;14278;2147487416
1459;14341;2147487413
1462;14372;2147487412
1465;14403;2147487409
1469;14450;2147487408
1476;14513;2147487407
1593;15653;2147487405
1629;15997;2147487404
1635;16043;2147487403
1636;16059;2147487402
1637;16075;2147487401
1644;16137;2147487399
1645;16137;2147487398
1656;16247;2147487384
1664;16325;2147487383
1668;16371;2147487382
1674;16418;2147487381
1677;16450;2147487378
1683;16512;2147487377
1686;16543;2147487375
1689;16559;2147487374
1706;16731;2147487371
1716;16824;2147487367
1719;16856;2147487362
1720;16871;2147487360
1827;17902;2147487356
1828;17918;2147487354
1829;17918;2147487353
1830;17934;2147487351
1831;17949;2147487350
1832;17949;2147487349
1833;17965;2147487347
1835;17980;2147487346
1846;18090;2147487344
1847;18090;2147487343
1848;18105;2147487342
1855;18168;2147487341
1866;18277;2147487335
1932;18918;2147487334
1943;19027;2147487332
1951;19105;2147487330
1954;19121;2147487328
1955;19136;2147487325
1959;19168;2147487321
1965;19230;2147487319
1978;19355;2147487318
1980;19371;2147487316
1986;19433;2147487313
1988;19449;2147487310
2009;19652;2147487309
2011;19683;2147487308
2013;19699;2147487307
2016;19730;2147487306
2020;19761;2147487305
2023;19793;2147487302
2032;19886;2147487300
2033;19886;2147487298
2038;19949;2147487296
2039;19949;2147487294
2041;19964;2147487293
2045;20011;2147487292
2046;20011;2147487290
2049;20042;2147487283
2057;20121;2147487279
2066;20214;2147487276
2071;20261;2147487274
2072;20277;2147487271
2073;20277;2147487269
2452;23948;2147487262
2453;23963;2147487260
2459;24010;2147487250
2512;24526;2147487248
2513;24541;2147487247
2515;24557;2147487245
2568;25088;2147487244
2570;25104;2147487242
2571;25119;2147487241
2605;25448;2147487240
2606;25448;2147487234
2631;25697;2147487233
2638;25760;2147487231
2662;26010;2147487229
2663;26010;2147487228
2666;26041;2147487227
2671;26088;2147487224
2672;26104;2147487223
2673;26119;2147487221
2683;26213;2147487220
2685;26229;2147487219
2690;26275;2147487215
2691;26291;2147487214
2771;27057;2147487213
2774;27088;2147487212
2775;27103;2147487210
2806;27400;2147487208
2810;27431;2147487207
2821;27541;2147487205
2829;27619;2147487200
2857;27900;2147487198
2860;27931;2147487197
2861;27931;2147487194
2894;28259;2147487191
2935;28650;2147487190
2938;28681;2147487189
2939;28697;2147487187
2940;28697;2147487186
2943;28728;2147487184
2954;28837;2147487182
2988;29165;2147487180
3002;29290;2147487179
3009;29368;2147487173
3012;29400;2147487167
3123;30478;2147487165
3124;30493;2147487163
3137;30618;2147487162
3138;30618;2147487160
3144;30681;2147487159
3150;30743;2147487157
3151;30743;2147487155
3152;30759;2147487154
3154;30774;2147487151
3167;30915;2147487150
3170;30931;2147487149
3173;30962;2147487147
3176;30993;2147487143
3178;31009;2147487142
3332;32508;2147487140
3333;32524;2147487139
3335;32540;2147487137
3337;32571;2147487136
3341;32602;2147487135
3365;32836;2147487133
3369;32883;2147487131
3375;32930;2147487129
3382;33008;2147487128
3390;33086;2147487126
3398;33149;2147487124
3399;33164;2147487122
3446;33633;2147487121
3447;33633;2147487120
3451;33680;2147487119
3457;33727;2147487118
3458;33742;2147487117
3461;33774;2147487116
3463;33789;2147487115
3467;33836;2147487114
3472;33883;2147487112
3474;33899;2147487111
3478;33930;2147487108
3523;34367;2147487107
3524;34383;2147487105
3526;34399;2147487101
3528;34414;2147487099
3558;34711;2147487098
3559;34711;2147487097
3562;34742;2147487096
3567;34805;2147487095
3569;34820;2147487094
9614;93276;2147487093
9619;93322;2147487092
9729;94385;2147487089
9730;94385;2147487088
9748;94557;2147487087
9749;94572;2147487086
9750;94588;2147487083
9751;94588;2147487082
9755;94635;2147487080
9756;94635;2147487078
9757;94650;2147487077
9759;94666;2147487076
9761;94681;2147487074
9763;94713;2147487072
9769;94760;2147487071
9771;94775;2147487067
9902;96041;2147487062
9903;96056;2147487061
9904;96072;2147487060
9906;96087;2147487058
9907;96103;2147487056
9910;96119;2147487055
9911;96134;2147487054
9915;96166;2147487050
10049;97462;2147487048
10050;97478;2147487044
10075;97712;2147487043
10077;97728;2147487041
10080;97759;2147487040
10085;97806;2147487039
10090;97853;2147487038
10091;97868;2147487036
10092;97884;2147487030
10105;98009;2147487029
10107;98024;2147487027
10115;98103;2147487026
10116;98118;2147487023
10119;98149;2147487022
10123;98181;2147487021
10138;98321;2147487020
10146;98399;2147487015
10178;98712;2147487014
10179;98727;2147487013
10187;98806;2147487011
10188;98821;2147487009
10189;98821;2147487006
10209;99024;2147487005
10213;99055;2147487004
10214;99071;2147487003
10215;99071;2147486998
10216;99087;2147486997
10217;99087;2147486994
10259;99493;2147486993
10265;99555;2147486990
10273;99633;2147486989
10274;99649;2147486988
10276;99665;2147486987
10279;99696;2147486985
10284;99743;2147486984
10286;99758;2147486983
10295;99852;2147486982
10302;99915;2147486980
10303;99930;2147486979
10304;99930;2147486978
10310;99993;2147486977
10324;100118;2147486976
10331;100196;2147486975
10335;100227;2147486974
10336;100243;2147486972
10342;100305;2147486971
10346;100336;2147486970
10350;100383;2147486969
10351;100383;2147486968
10352;100399;2147486967
10354;100415;2147486964
10362;100508;2147486962
10364;100524;2147486960
10383;100696;2147486959
10395;100821;2147486956
10396;100836;2147486954
10399;100868;2147486953
10402;100899;2147486952
10408;100946;2147486950
10414;101008;2147486948
10417;101039;2147486946
10418;101039;2147486945
10443;101289;2147486944
10444;101289;2147486943
10450;101352;2147486942
10451;101367;2147486941
10452;101383;2147486940
10456;101414;2147486939
10457;101430;2147486938
10458;101430;2147486935
10460;101461;2147486934
10461;101461;2147486933
10480;101649;2147486931
10481;101664;2147486929
10512;101961;2147486922
10515;101992;2147486921
10517;102008;2147486920
10521;102039;2147486917
10522;102055;2147486915
39201;381228;2147486913
39209;381306;2147486912
39211;381322;2147486910
39214;381353;2147486909
39219;381400;2147486908
39222;381431;2147486906
39231;381509;2147486901
39232;381525;2147486900
39349;382649;2147486899
39350;382649;2147486898
39351;382665;2147486897
39358;382728;2147486894
39359;382743;2147486893
39360;382743;2147486892
39361;382759;2147486891
39362;382774;2147486890
39363;382774;2147486889
39364;382790;2147486888
39365;382790;2147486887
39374;382884;2147486886
39494;384024;2147486885
39495;384040;2147486883
39515;384227;2147486881
39521;384290;2147486880
39523;384305;2147486878
39524;384321;2147486877
39526;384337;2147486875
39529;384368;2147486868
39531;384383;2147486867
39539;384462;2147486866
39544;384508;2147486864
39551;384587;2147486859
40458;393350;2147486858
40464;393397;2147486857
40476;393522;2147486854
40493;393678;2147486853
40498;393725;2147486852
40508;393834;2147486851
40516;393897;2147486850
40518;393928;2147486847
40520;393944;2147486846
40526;394006;2147486845
40527;394006;2147486842
40528;394022;2147486835
40697;395646;2147486834
40704;395725;2147486833
40707;395756;2147486832
40710;395771;2147486829
40711;395787;2147486822
40713;395803;2147486821
40767;396318;2147486819
40844;397068;2147486818
40849;397115;2147486811
40853;397146;2147486809
40862;397240;2147486808
132601;1295198;2147486807
132605;1295245;2147486806
132609;1295277;2147486805
132610;1295292;2147486802
132613;1295323;2147486801
132617;1295355;2147486800
132702;1296167;2147486799
132703;1296183;2147486798
132706;1296198;2147486797
132708;1296229;2147486795
132712;1296261;2147486794
132714;1296276;2147486791
132721;1296354;2147486790
132724;1296386;2147486789
132728;1296417;2147486787
132729;1296433;2147486785
132731;1296448;2147486784
133485;1303696;2147486783
133491;1303759;2147486782
133494;1303775;2147486780
133495;1303790;2147486778
133497;1303806;2147486777
133500;1303837;2147486775
133505;1303884;2147486774
133506;1303900;2147486773
133515;1303978;2147486770
133682;1305571;2147486769
133686;1305602;2147486768
133689;1305634;2147486767
133695;1305696;2147486765
133696;1305712;2147486764
133705;1305790;2147486762
133712;1305852;2147486761
133811;1306805;2147486760
133815;1306852;2147486757
133818;1306868;2147486756
133837;1307055;2147486755
133840;1307086;2147486752
133903;1307680;2147486748
133909;1307742;2147486746
133910;1307758;2147486745
133917;1307821;2147486744
133919;1307852;2147486743
133921;1307867;2147486740
133923;1307883;2147486739
133924;1307899;2147486737
133964;1308274;2147486735
133967;1308305;2147486734
133985;1308477;2147486732
133989;1308523;2147486730
134214;1310664;2147486729
134293;1311445;2147486727
134297;1311476;2147486725
134327;1311757;2147486723
134328;1311773;2147486722
134330;1311788;2147486721
134351;1311991;2147486720
134352;1312007;2147486719
134354;1312023;2147486718
134371;1312179;2147486717
134417;1312616;2147486710
134445;1312882;2147486704
134616;1314506;2147486703
134694;1315256;2147486702
134695;1315272;2147486700
134735;1315647;2147486698
134741;1315709;2147486697
134756;1315850;2147486696
134789;1316178;2147486693
134796;1316240;2147486692
134811;1316381;2147486688
134840;1316662;2147486687
134842;1316678;2147486686
134843;1316693;2147486685
134860;1316850;2147486683
134866;1316912;2147486682
134868;1316928;2147486681
134871;1316959;2147486680
134878;1317021;2147486679
134880;1317037;2147486677
134881;1317053;2147486676
134882;1317068;2147486675
134883;1317068;2147486673
134888;1317115;2147486670
134896;1317193;2147486669
134897;1317209;2147486662
134929;1317521;2147486660
134931;1317537;2147486658
134933;1317553;2147486657
134973;1317928;2147486656
134976;1317959;2147486654
134989;1318084;2147486651
134993;1318115;2147486650
134996;1318146;2147486649
134997;1318162;2147486648
135003;1318224;2147486647
135010;1318287;2147486645
135011;1318287;2147486644
135123;1319365;2147486640
170237;1659199;2147486638
170239;1659215;2147486636
170250;1659324;2147486631
170276;1659574;2147486629
170279;1659605;2147486627
170281;1659621;2147486625
170283;1659652;2147486624
170300;1659808;2147486623
170301;1659824;2147486621
170303;1659839;2147486619
170313;1659933;2147486618
170315;1659949;2147486616
170317;1659964;2147486615
170320;1659996;2147486611
170363;1660402;2147486610
170366;1660433;2147486607
170386;1660636;2147486606
170389;1660652;2147486605
170391;1660683;2147486604
170399;1660745;2147486603
171284;1669243;2147486602
171288;1669275;2147486600
171309;1669478;2147486599
171315;1669540;2147486594
171461;1670946;2147486591
171466;1670993;2147486589
171468;1671009;2147486588
171472;1671040;2147486587
171475;1671071;2147486586
171481;1671134;2147486584
171482;1671149;2147486583
171484;1671165;2147486582
171490;1671212;2147486579
171491;1671227;2147486578
171510;1671399;2147486577
171512;1671430;2147486573
171514;1671446;2147486571
174359;1698898;2147486569
174363;1698929;2147486568
174367;1698976;2147486566
175578;1710692;2147486565
175588;1710786;2147486563
175591;1710817;2147486557
175677;1711661;2147486556
175682;1711708;2147486555
175683;1711723;2147486554
175687;1711755;2147486551
175700;1711879;2147486548
175767;1712520;2147486547
175770;1712551;2147486546
175772;1712567;2147486545
175773;1712582;2147486544
175856;1713395;2147486543
175865;1713473;2147486542
175867;1713488;2147486540
175868;1713504;2147486539
175870;1713520;2147486538
175873;1713551;2147486537
175917;1713973;2147486535
175919;1713988;2147486531
175925;1714051;2147486530
175930;1714098;2147486529
175932;1714113;2147486527
175936;1714160;2147486526
175939;1714191;2147486523
176011;1714879;2147486522
176013;1714894;2147486520
176018;1714957;2147486519
176021;1714973;2147486516
176022;1714988;2147486514
176038;1715144;2147486513
176041;1715176;2147486511
176042;1715176;2147486510
630949;6202900;2147486506
630950;6202900;2147486504
630987;6203260;2147486502
631095;6204291;2147486501
631107;6204400;2147486497
631109;6204416;2147486496
631111;6204431;2147486495
631112;6204447;2147486494
631121;6204525;2147486493
631137;6204681;2147486492
631148;6204791;2147486491
631149;6204806;2147486489
631173;6205025;2147486484
631178;6205087;2147486482
631217;6205462;2147486480
631218;6205462;2147486477
631220;6205494;2147486476
631224;6205525;2147486475
631230;6205587;2147486473
631234;6205619;2147486471
631236;6205634;2147486470
631237;6205650;2147486469
687597;6749494;2147486468
687598;6749494;2147486467
687599;6749510;2147486463
687600;6749525;2147486460
687720;6750650;2147486459
687730;6750744;2147486455
687744;6750885;2147486454
687749;6750931;2147486452
693445;6805060;2147486451
693446;6805075;2147486449
693449;6805106;2147486448
693452;6805122;2147486447
693474;6805341;2147486446
693475;6805356;2147486445
693477;6805372;2147486444
693792;6808356;2147486443
693798;6808403;2147486442
693800;6808434;2147486441
693807;6808496;2147486439
693808;6808512;2147486437
693840;6808809;2147486436
693841;6808809;2147486435
693845;6808856;2147486433
693851;6808918;2147486432
693855;6808949;2147486431
693890;6809293;2147486430
693900;6809387;2147486428
693903;6809418;2147486427
693904;6809418;2147486426
709297;6956453;2147486422
709307;6956547;2147486421
709311;6956593;2147486418
709313;6956609;2147486417
709345;6956906;2147486416
709346;6956922;2147486415
709352;6956968;2147486414
709353;6956984;2147486413
709355;6957000;2147486411
709360;6957046;2147486410
709492;6958312;2147486409
709503;6958406;2147486408
709508;6958452;2147486407
709509;6958468;2147486406
709510;6958484;2147486404
709528;6958640;2147486403
709535;6958718;2147486402
709709;6960374;2147486401
709725;6960530;2147486399
709728;6960561;2147486398
709732;6960593;2147486397
709734;6960608;2147486395
709815;6961389;2147486394
709819;6961436;2147486392
709831;6961545;2147486391
709839;6961624;2147486390
709844;6961670;2147486385
709994;6963108;2147486384
710010;6963264;2147486382
710017;6963326;2147486380
710021;6963357;2147486378
710045;6963592;2147486376
710046;6963607;2147486374
710072;6963857;2147486372
710085;6963967;2147486371
710087;6963998;2147486365
714868;7009862;2147486364
714871;7009894;2147486363
714882;7010003;2147486362
714883;7010003;2147486361
714885;7010034;2147486360
714890;7010081;2147486359
714892;7010097;2147486357
715015;7011268;2147486356
715016;7011268;2147486355
715037;7011471;2147486354
715042;7011534;2147486353
715044;7011549;2147486352
715062;7011721;2147486351
715071;7011799;2147486349
715079;7011878;2147486348
715081;7011893;2147486347
715083;7011924;2147486346
715085;7011940;2147486345
715282;7013830;2147486344
715293;7013940;2147486343
715296;7013971;2147486341
715297;7013986;2147486340
715318;7014174;2147486339
715355;7014533;2147486337
715366;7014643;2147486336
715385;7014814;2147486333
715386;7014830;2147486332
715407;7015033;2147486331
739883;7250256;2147486330
739891;7250334;2147486329
739893;7250350;2147486328
739896;7250381;2147486327
739899;7250412;2147486326
739900;7250428;2147486325
739901;7250428;2147486324
739902;7250444;2147486323
739907;7250491;2147486320
740029;7251647;2147486316
740030;7251662;2147486315
740031;7251678;2147486314
740033;7251693;2147486313
740035;7251709;2147486312
740039;7251740;2147486311
740047;7251818;2147486310
740048;7251834;2147486308
740171;7253006;2147486307
740186;7253146;2147486304
740189;7253177;2147486303
740190;7253177;2147486300
740258;7253834;2147486299
740268;7253927;2147486296
740270;7253943;2147486295
741180;7262597;2147486293
741181;7262613;2147486292
741182;7262613;2147486288
741184;7262644;2147486287
741285;7263612;2147486286
741499;7265643;2147486285
741501;7265659;2147486284
741506;7265706;2147486283
741513;7265768;2147486282
741518;7265831;2147486281
741522;7265862;2147486280
741523;7265878;2147486278
741711;7267674;2147486276
741721;7267768;2147486275
741722;7267768;2147486274
741750;7268033;2147486273
741756;7268096;2147486272
741763;7268158;2147486271
741776;7268283;2147486270
741777;7268283;2147486269
741783;7268346;2147486268
741785;7268361;2147486263
741786;7268377;2147486262
741788;7268393;2147486261
741794;7268455;2147486259
741799;7268502;2147486257
741801;7268518;2147486256
768923;7527876;2147486254
768924;7527876;2147486253
768986;7528470;2147486251
768992;7528532;2147486250
768995;7528563;2147486249
769010;7528704;2147486248
769013;7528735;2147486247
769016;7528766;2147486246
769021;7528813;2147486244
769043;7529016;2147486243
769048;7529063;2147486242
769049;7529079;2147486241
769074;7529313;2147486239
769075;7529329;2147486236
769077;7529344;2147486235
769080;7529376;2147486234
769081;7529391;2147486232
769084;7529422;2147486231
769085;7529422;2147486230
769086;7529438;2147486229
769091;7529485;2147486227
769098;7529547;2147486225
770590;7543904;2147486222
773189;7568759;2147486220
773190;7568775;2147486218
773212;7568994;2147486216
773214;7569009;2147486215
773217;7569040;2147486214
773240;7569259;2147486212
773244;7569306;2147486211
1574265;15453313;2147486209
1574270;15453375;2147486207
1574271;15453375;2147486205
1574289;15453547;2147486204
1574293;15453594;2147486202
1574298;15453641;2147486201
1574299;15453641;2147486200
1574301;15453672;2147486199
1574302;15453672;2147486198
1574486;15455437;2147486197
1574605;15456562;2147486195
1574636;15456874;2147486194
1574641;15456921;2147486193
1574645;15456952;2147486192
1574655;15457046;2147486191
1574660;15457093;2147486189
1574663;15457124;2147486188
1574665;15457140;2147486186
1574675;15457234;2147486185
1574679;15457280;2147486183
1575913;15469090;2147486182
1575921;15469184;2147486181
1575937;15469340;2147486179
1575939;15469356;2147486177
1576318;15473011;2147486176
1576321;15473042;2147486172
1576326;15473089;2147486171
1576330;15473136;2147486170
1576446;15474245;2147486168
1576466;15474433;2147486166
1576470;15474464;2147486165
1576471;15474480;2147486163
1576473;15474495;2147486162
1576478;15474542;2147486158
1576593;15475651;2147486157
1576596;15475682;2147486156
1576598;15475698;2147486153
1576602;15475729;2147486152
1577380;15483118;2147486150
1577392;15483227;2147486149
1577512;15484368;2147486148
1577521;15484446;2147486146
1577527;15484508;2147486145
1577529;15484524;2147486144
1577534;15484571;2147486143
1577665;15485821;2147486139
1577679;15485961;2147486137
1577815;15487273;2147486136
1577823;15487336;2147486135
1577832;15487430;2147486134
1577834;15487445;2147486132
1577853;15487633;2147486129
1577863;15487726;2147486126
1586111;15566161;2147486125
1586123;15566271;2147486124
1586126;15566302;2147486122
1586140;15566443;2147486121
1586144;15566474;2147486119
1586146;15566489;2147486118
1586178;15566802;2147486117
1586184;15566864;2147486116
1586186;15566880;2147486115
1586194;15566958;2147486112
1586196;15566974;2147486111
1586201;15567021;2147486110
1586287;15567833;2147486109
1586314;15568083;2147486107
1586353;15568458;2147486105
1586366;15568583;2147486104
1586374;15568661;2147486103
1586375;15568661;2147486102
1586376;15568676;2147486098
1586377;15568676;2147486097
1586380;15568708;2147486096
1586385;15568755;2147486094
1586387;15568770;2147486092
1586404;15568942;2147486091
1586405;15568958;2147486090
1586417;15569067;2147486089
1586419;15569083;2147486088
1586431;15569192;2147486086
1586433;15569208;2147486084
1586436;15569239;2147486083
1586477;15569629;2147486082
2210147;21672557;2147486081
2210149;21672588;2147486080
2210156;21672650;2147486079
2210158;21672666;2147486078
2210159;21672682;2147486077
2210208;21673135;2147486076
2210213;21673182;2147486074
2210226;21673306;2147486073
2210229;21673322;2147486071
2210244;21673478;2147486070
2210251;21673541;2147486068
2210260;21673619;2147486067
2210472;21675634;2147486065
2210495;21675853;2147486063
2210509;21675978;2147486062
2210513;21676025;2147486061
2210515;21676040;2147486058
2210516;21676040;2147486057
2210520;21676087;2147486056
2210522;21676103;2147486055
2210525;21676134;2147486054
2210527;21676150;2147486053
2210532;21676196;2147486051
2210715;21677930;2147486050
2210729;21678071;2147486049
2210731;21678087;2147486048
2210737;21678149;2147486047
2210744;21678212;2147486044
2210745;21678227;2147486043
2210748;21678243;2147486042
2210756;21678321;2147486040
2210757;21678337;2147486038
2213107;21700519;2147486037
2213120;21700644;2147486033
2213165;21701066;2147486032
2213174;21701159;2147486031
2213183;21701253;2147486029
2213593;21705190;2147486028
2213594;21705190;2147486027
2213599;21705237;2147486026
2213604;21705283;2147486024
2213612;21705362;2147486023
2213618;21705424;2147486022
2213622;21705455;2147486020
2213623;21705471;2147486018
2213624;21705487;2147486017
2213681;21706033;2147486016
2213688;21706096;2147486015
2213695;21706158;2147486014
2213702;21706221;2147486013
2213703;21706236;2147486012
2213709;21706299;2147486009
2213717;21706377;2147486008
2213741;21706596;2147486006
2213743;21706611;2147486005
2220496;21771018;2147486002
2220499;21771049;2147486001
2220500;21771049;2147486000
2220757;21773486;2147485998
2220759;21773502;2147485997
2220763;21773549;2147485995
2220774;21773643;2147485994
2220778;21773690;2147485993
2220780;21773705;2147485991
2220798;21773877;2147485990
2220801;21773908;2147485989
2220814;21774018;2147485988
2220821;21774096;2147485987
2220825;21774127;2147485985
2224266;21806698;2147485983
2224275;21806776;2147485982
2224276;21806791;2147485980
2224277;21806791;2147485979
2224284;21806869;2147485976
2224289;21806916;2147485974
2224334;21807338;2147485973
2225270;21816133;2147485972
2225281;21816242;2147485971
2225300;21816414;2147485969
2225306;21816476;2147485968
2225314;21816555;2147485966
2225316;21816570;2147485965
2225335;21816758;2147485964
2225721;21820397;2147485963
2225722;21820413;2147485962
2225724;21820429;2147485961
2225768;21820835;2147485960
2225777;21820929;2147485959
2225799;21821132;2147485956
2225811;21821257;2147485954
2225815;21821288;2147485953
2226110;21824068;2147485952
2226112;21824100;2147485950
2226138;21824350;2147485949
2226141;21824365;2147485948
2226146;21824412;2147485947
2226211;21825037;2147485946
2226213;21825053;2147485944
2226267;21825568;2147485943
2226271;21825615;2147485942
2226273;21825631;2147485941
2226275;21825646;2147485940
2226279;21825693;2147485939
2226517;21827927;2147485937
2226559;21828333;2147485936
2226563;21828364;2147485935
2226572;21828442;2147485934
2226578;21828505;2147485933
2226579;21828521;2147485932
2226586;21828583;2147485931
2226587;21828599;2147485930
2226632;21829036;2147485928
2226643;21829130;2147485926
2226694;21829614;2147485925
4694978;46213665;2147485924
4694990;46213790;2147485923
4694991;46213790;2147485922
4694995;46213837;2147485921
4695014;46214008;2147485920
4695020;46214071;2147485919
4695028;46214149;2147485918
4695031;46214165;2147485917
4695266;46216398;2147485915
4695267;46216414;2147485914
4695302;46216742;2147485913
4695308;46216805;2147485912
4695330;46217008;2147485911
4695332;46217039;2147485910
4695333;46217039;2147485909
4695338;46217086;2147485908
4695341;46217117;2147485907
4695345;46217148;2147485906
4695348;46217180;2147485904
4702190;46281915;2147485903
4702193;46281946;2147485902
4702196;46281977;2147485900
4702199;46281993;2147485899
4702317;46283117;2147485898
4702332;46283258;2147485897
4702341;46283352;2147485894
4702377;46283680;2147485893
4702379;46283711;2147485889
4702380;46283711;2147485888
4702468;46284555;2147485887
4702471;46284586;2147485885
4702475;46284617;2147485884
4702495;46284804;2147485883
4702501;46284867;2147485882
4702505;46284898;2147485881
4702532;46285164;2147485879
4702533;46285164;2147485877
4702537;46285211;2147485876
4702571;46285523;2147485874
4702639;46286164;2147485873
4702644;46286210;2147485872
4702648;46286257;2147485871
4702649;46286257;2147485870
4702696;46286695;2147485869
4702699;46286726;2147485868
4702703;46286757;2147485867
4702708;46286804;2147485865
4702712;46286851;2147485864
4702717;46286898;2147485861
4702730;46287023;2147485860
4702731;46287023;2147485859
4702732;46287038;2147485858
4702734;46287054;2147485856
4758594;46816047;2147485852
4758596;46816063;2147485851
4758607;46816157;2147485850
4758608;46816172;2147485849
4758884;46818797;2147485848
4758921;46819140;2147485847
4758926;46819187;2147485845
4758933;46819250;2147485844
4758992;46819812;2147485842
4758993;46819828;2147485841
4758995;46819843;2147485840
4760650;46835652;2147485839
4760659;46835730;2147485838
4760674;46835871;2147485836
4760676;46835886;2147485833
4760688;46836011;2147485832
4760875;46837792;2147485831
4760881;46837855;2147485830
4760883;46837870;2147485829
4760896;46837995;2147485828
4760901;46838042;2147485827
4760904;46838058;2147485826
4760906;46838089;2147485824
4761188;46840792;2147485823
4761308;46841932;2147485821
4761326;46842104;2147485820
4761330;46842135;2147485819
4761335;46842182;2147485818
4761341;46842244;2147485816
4761345;46842291;2147485814
4766364;46890155;2147485813
4766373;46890233;2147485812
4766377;46890280;2147485811
4766378;46890280;2147485808
4766512;46891545;2147485807
4766516;46891592;2147485806
4770391;46928443;2147485804
4770396;46928490;2147485803
4770409;46928615;2147485802
4770464;46929130;2147485801
4770467;46929162;2147485800
4770483;46929302;2147485799
4770646;46930864;2147485796
4770667;46931067;2147485794
4771103;46935207;2147485793
4771168;46935816;2147485792
4771196;46936098;2147485791
4771205;46936176;2147485789
4771279;46936879;2147485786
4771282;46936910;2147485785
4771284;46936926;2147485783
4771364;46937691;2147485782
4771366;46937707;2147485777
4772166;46945314;2147485776
4772171;46945377;2147485775
4772176;46945424;2147485774
4772178;46945439;2147485773
4772261;46946220;2147485772
4772263;46946236;2147485770
4772289;46946470;2147485769
4772303;46946611;2147485768
4772305;46946626;2147485764
4772319;46946767;2147485763
4772353;46947095;2147485762
4907675;48235708;2147485759
4907677;48235724;2147485758
4907699;48235927;2147485757
4907732;48236239;2147485756
4907733;48236255;2147485755
4907750;48236427;2147485754
4907752;48236442;2147485753
4907754;48236458;2147485752
4907762;48236536;2147485749
4907770;48236614;2147485748
4907774;48236645;2147485747
4907778;48236692;2147485746
4949475;48631916;2147485745
4949477;48631932;2147485744
4949496;48632119;2147485743
4949499;48632151;2147485741
4949501;48632166;2147485740
4949739;48634400;2147485738
4949742;48634431;2147485737
4949744;48634447;2147485736
4949745;48634462;2147485734
4949746;48634462;2147485733
4951170;48648022;2147485732
4951197;48648287;2147485730
4951205;48648366;2147485729
4951207;48648381;2147485728
4951248;48648772;2147485725
4951251;48648787;2147485724
4951370;48649928;2147485721
4951371;48649928;2147485717
4961019;48741625;2147485716
4961026;48741703;2147485715
4961032;48741750;2147485714
4961036;48741797;2147485713
4961037;48741797;2147485711
4961038;48741813;2147485710
4961132;48742703;2147485709
4961133;48742703;2147485708
4961136;48742734;2147485707
4961137;48742750;2147485706
4961140;48742781;2147485705
4961145;48742828;2147485704
4961741;48748467;2147485702
4961767;48748717;2147485701
6444585;63392404;2147485700
6444604;63392591;2147485699
6444605;63392591;2147485698
6444608;63392622;2147485697
6444612;63392654;2147485696
6445209;63398293;2147485695
6445215;63398355;2147485694
6445223;63398434;2147485693
6445258;63398762;2147485692
6445260;63398777;2147485691
6445283;63399012;2147485690
6445286;63399027;2147485687
6445317;63399340;2147485686
6449425;63438221;2147485685
6449445;63438409;2147485683
6449474;63438674;2147485682
6449481;63438752;2147485681
6449486;63438799;2147485679
6449496;63438893;2147485678
6449497;63438893;2147485677
6449736;63441174;2147485675
6449766;63441470;2147485673
6449768;63441486;2147485670
6450113;63444782;2147485669
6450121;63444860;2147485668
6450139;63445032;2147485667
6450311;63446672;2147485666
6450312;63446688;2147485665
6450364;63447172;2147485664
6450368;63447219;2147485663
6450387;63447391;2147485661
6450400;63447516;2147485659
6450409;63447594;2147485657
6450413;63447641;2147485656
6450414;63447641;2147485655
6450415;63447657;2147485652
6450550;63448953;2147485651
6450648;63449890;2147485650
6450653;63449937;2147485648
6450655;63449953;2147485647
6450661;63450015;2147485645
6450724;63450609;2147485644
6450730;63450656;2147485643
6450731;63450671;2147485642
6457607;63515859;2147485640
6457859;63518250;2147485639
6457860;63518265;2147485638
6457874;63518390;2147485637
6457880;63518453;2147485636
6457882;63518468;2147485635
6457886;63518500;2147485633
6457893;63518562;2147485631
6457894;63518578;2147485629
6463212;63568791;2147485628
6463213;63568806;2147485627
6463295;63569591;2147485624
8308762;81768523;2147485622
8308811;81768991;2147485621
8308822;81769085;2147485617
8308842;81769288;2147485616
8308847;81769335;2147485615
8308855;81769398;2147485614
8308859;81769445;2147485613
8308860;81769445;2147485612
8311340;81792964;2147485611
8311356;81793105;2147485609
8311363;81793167;2147485608
8311368;81793214;2147485606
8311423;81793730;2147485605
8311427;81793777;2147485604
8311428;81793777;2147485603
8311431;81793808;2147485602
8311433;81793823;2147485599
8312023;81799369;2147485598
8312031;81799447;2147485597
8312034;81799478;2147485595
8312036;81799494;2147485594
8312089;81799994;2147485593
8312091;81800025;2147485592
8312094;81800041;2147485591
8312127;81800353;2147485590
8328521;81954802;2147485589
8328522;81954818;2147485588
8328561;81955193;2147485587
8328562;81955193;2147485586
8328576;81955333;2147485585
8328579;81955349;2147485584
8328582;81955380;2147485583
8328752;81956989;2147485582
8328753;81956989;2147485581
8328783;81957271;2147485580
8328785;81957302;2147485579
8328805;81957489;2147485578
8328806;81957505;2147485577
8328809;81957521;2147485576
8328908;81958458;2147485575
8328909;81958473;2147485574
8328920;81958583;2147485573
8328925;81958630;2147485572
8328935;81958723;2147485571
8328964;81959005;2147485570
8328976;81959114;2147485569
8328982;81959161;2147485567
8328984;81959192;2147485566
8328986;81959208;2147485564
8329036;81959676;2147485562
8331557;81983468;2147485561
8331565;81983546;2147485560
8331575;81983639;2147485559
8331580;81983686;2147485558
8331595;81983827;2147485556
8331598;81983858;2147485555
8331599;81983858;2147485554
8331600;81983874;2147485553
8331905;81986748;2147485552
8331915;81986842;2147485551
8331918;81986873;2147485549
8331922;81986904;2147485547
8360422;82255006;2147485546
8360444;82255224;2147485542
8360499;82255724;2147485540
8360521;82255927;2147485537
8360559;82256302;2147485532
8360564;82256349;2147485531
8399126;82620530;2147485530
8399132;82620593;2147485529
8399134;82620608;2147485528
8399136;82620624;2147485526
8399169;82620936;2147485525
8399175;82620999;2147485524
8399176;82620999;2147485523
8399182;82621061;2147485522
8401041;82638588;2147485521
8401042;82638604;2147485520
8401055;82638729;2147485519
8401059;82638760;2147485518
8401065;82638823;2147485516
8401070;82638870;2147485515
8402314;82650603;2147485514
8402323;82650697;2147485513
8402327;82650728;2147485512
8402330;82650759;2147485511
8402331;82650759;2147485510
8402333;82650790;2147485508
8402335;82650806;2147485507
8402434;82651728;2147485506
8402444;82651837;2147485505
8402456;82651946;2147485504
8410834;82731366;2147485502
8410870;82731709;2147485501
8410931;82732287;2147485500
8410938;82732350;2147485499
8410948;82732443;2147485498
8410953;82732490;2147485497
8410965;82732600;2147485496
8410966;82732615;2147485495
8410969;82732647;2147485494
8410972;82732678;2147485493
8411153;82734396;2147485492
8411193;82734771;2147485491
8411198;82734818;2147485490
8411203;82734865;2147485489
8411205;82734880;2147485486
8411469;82737364;2147485485
8411470;82737364;2147485483
8411490;82737552;2147485482
8411491;82737567;2147485481
8411542;82738052;2147485480
8411710;82739629;2147485479
8411723;82739754;2147485475
8411791;82740395;2147485474
#
# name: FRLS
# algorithm_class: solver.FRLS
# instance: muni-pdfx-fal17
# seed: -4624884288137941019
# bestF: 2147485474
# DTF: 1826
# cost: 502791
# startTime: 1772409546145
# totalTime: 86400004
# totalFEs: 8783373
# maxFEs: 9223372036854775807
# maxMilliSeconds: 86400000
# maxSeconds: 86400
#
<?xml version="1.0" encoding="UTF-8" standalone="no"?>
<solution author="ScholORs" cores="1" country="China and Malaysia" institution="Bejing/Hefei/Malaysia" name="muni-pdfx-fal17" runtime="86400" technique="frls">
    <class days="0000100" id="1" start="134" weeks="0101010100101"/>
    <class days="0000100" id="2" start="134" weeks="1010101001010"/>
    <class days="0000100" id="3" start="112" weeks="0101010100101"/>
    <class days="0000100" id="4" start="200" weeks="0101010100101"/>
    <class days="0000100" id="5" start="222" weeks="1010101001010"/>
    <class days="0000100" id="6" room="58" start="189" weeks="1010101001010"/>
    <class days="0000100" id="7" start="156" weeks="1010101001010"/>
    <class days="0000100" id="8" room="11" start="167" weeks="0101010100101"/>
    <class days="0000100" id="9" room="35" start="123" weeks="1010101001010"/>
    <class days="0000100" id="10" room="53" start="90" weeks="0101010100101"/>
    <class days="1000000" id="11" room="28" start="123" weeks="1111111111111"/>
    <class days="0100000" id="12" room="13" start="222" weeks="1111111111111"/>
    <class days="0010000" id="13" room="11" start="90" weeks="1111111111111"/>
    <class days="0001000" id="14" room="28" start="200" weeks="1011111111111"/>
    <class days="0010000" id="15" room="67" start="90" weeks="1111111111111"/>
    <class days="0010000" id="16" room="28" start="211" weeks="1111111111111"/>
    <class days="1000000" id="17" room="26" start="200" weeks="1111111111111"/>
    <class days="0001000" id="18" room="76" start="156" weeks="1011111111111"/>
    <class days="0100000" id="19" room="30" start="90" weeks="1111111111111"/>
    <class days="0010000" id="20" start="189" weeks="1111111111111"/>
    <class days="0000100" id="21" room="26" start="101" weeks="1010101001010"/>
    <class days="0000100" id="22" room="22" start="200" weeks="0101010100101"/>
    <class days="0000100" id="23" room="58" start="134" weeks="1010101001010"/>
    <class days="0000100" id="24" room="69" start="101" weeks="0101010100101"/>
    <class days="0000100" id="25" room="30" start="145" weeks="1010101001010"/>
    <class days="0000100" id="26" room="53" start="178" weeks="0101010100101"/>
    <class days="0000100" id="27" room="66" start="222" weeks="1010101001010"/>
    <class days="0000100" id="28" room="28" start="134" weeks="0101010100101"/>
    <class days="0010000" id="29" room="47" start="145" weeks="1111111111111"/>
    <class days="0001000" id="30" room="69" start="222" weeks="1011111111111"/>
    <class days="0010000" id="31" room="31" start="101" weeks="1111111111111"/>
    <class days="0010000" id="32" room="56" start="134" weeks="1111111111111"/>
    <class days="0010000" id="33" room="16" start="101" weeks="1111111111111"/>
    <class days="0100000" id="34" room="12" start="178" weeks="0101010101010"/>
    <class days="1000000" id="35" room="35" start="189" weeks="1111111111111"/>
    <class days="0001000" id="36" room="67" start="123" weeks="1011111111111"/>
    <class days="0010000" id="37" room="13" start="222" weeks="1111111111111"/>
    <class days="0100000" id="38" room="58" start="167" weeks="1111111111111"/>
    <class days="0010000" id="39" room="6" start="200" weeks="0101010101010"/>
    <class days="0010000" id="40" room="54" start="200" weeks="1010101010101"/>
    <class days="0001000" id="41" room="30" start="134" weeks="1011111111111"/>
    <class days="0001000" id="42" room="58" start="222" weeks="1011111111111"/>
    <class days="1000000" id="43" room="46" start="189" weeks="1010101010101"/>
    <class days="0010000" id="44" room="48" start="178" weeks="1111111111111"/>
    <class days="0100000" id="45" room="23" start="222" weeks="1111111111111"/>
    <class days="0100000" id="46" room="31" start="178" weeks="1111111111111"/>
    <class days="0010000" id="47" room="28" start="145" weeks="1111111111111"/>
    <class days="0100000" id="48" room="29" start="134" weeks="1111111111111"/>
    <class days="0100000" id="49" room="69" start="134" weeks="1111111111111"/>
    <class days="1000000" id="50" room="70" start="156" weeks="1111111111111"/>
    <class days="1000000" id="51" room="35" start="156" weeks="1111111111111"/>
    <class days="0100000" id="52" room="16" start="222" weeks="0101010101010"/>
    <class days="1000000" id="53" room="69" start="134" weeks="1111111111111"/>
    <class days="0000100" id="54" room="28" start="145" weeks="1010101001010"/>
    <class days="0000100" id="55" room="11" start="189" weeks="0101010100101"/>
    <class days="0100000" id="56" room="11" start="211" weeks="1111111111111"/>
    <class days="0010000" id="57" room="49" start="211" weeks="1111111111111"/>
    <class days="0001000" id="58" room="28" start="112" weeks="0001010101010"/>
    <class days="0010000" id="59" room="48" start="90" weeks="1010101010101"/>
    <class days="0000100" id="60" room="30" start="211" weeks="1010101001010"/>
    <class days="0000100" id="61" room="30" start="211" weeks="0101010100101"/>
    <class days="0100000" id="62" room="36" start="90" weeks="1111111111111"/>
    <class days="0100000" id="63" room="30" start="90" weeks="1111111111111"/>
    <class days="0000100" id="64" room="9" start="211" weeks="1010101001010"/>
    <class days="0000100" id="65" room="9" start="90" weeks="0101010100101"/>
    <class days="1000000" id="66" room="31" start="145" weeks="1111111111111"/>
    <class days="0100000" id="67" room="31" start="123" weeks="1111111111111"/>
    <class days="0000100" id="68" room="53" start="167" weeks="1010101001010"/>
    <class days="0000100" id="69" room="48" start="189" weeks="0101010100101"/>
    <class days="1000000" id="70" room="54" start="189" weeks="1111111111111"/>
    <class days="0000100" id="71" room="30" start="112" weeks="1111111101111"/>
    <class days="0000100" id="72" room="30" start="167" weeks="1111111101111"/>
    <class days="0000100" id="73" room="53" start="211" weeks="1111111101111"/>
    <class days="0100000" id="74" room="28" start="90" weeks="1111111111111"/>
    <class days="0100000" id="75" room="35" start="123" weeks="1111111111111"/>
    <class days="0100000" id="76" room="69" start="200" weeks="1111111111111"/>
    <class days="0010000" id="77" room="48" start="200" weeks="1111111111111"/>
    <class days="0100000" id="78" room="69" start="112" weeks="1111111111111"/>
    <class days="0100000" id="79" room="30" start="90" weeks="1111111111111"/>
    <class days="0010000" id="80" room="30" start="145" weeks="1111111111111"/>
    <class days="0001000" id="81" room="30" start="90" weeks="1011111111111"/>
    <class days="0100000" id="82" room="30" start="112" weeks="1111111111111"/>
    <class days="0001000" id="83" room="30" start="112" weeks="1011111111111"/>
    <class days="0010000" id="84" room="12" start="123" weeks="1111111111111"/>
    <class days="0010000" id="85" room="12" start="156" weeks="1111111111111"/>
    <class days="0100000" id="86" room="11" start="156" weeks="1111111111111"/>
    <class days="0100000" id="87" room="64" start="90" weeks="1111111111111"/>
    <class days="0001000" id="88" room="48" start="222" weeks="1011111111111"/>
    <class days="0001000" id="89" room="6" start="112" weeks="1011111111111"/>
    <class days="0000100" id="90" room="48" start="123" weeks="0101010100101"/>
    <class days="0000100" id="91" room="6" start="156" weeks="0101010100101"/>
    <class days="0000100" id="92" room="47" start="90" weeks="1010101001010"/>
    <class days="0000100" id="93" room="81" start="222" weeks="0101010100101"/>
    <class days="0000100" id="94" room="28" start="222" weeks="1010101001010"/>
    <class days="0000100" id="95" start="178" weeks="0101010100101"/>
    <class days="0000100" id="96" room="30" start="189" weeks="1010101001010"/>
    <class days="1000000" id="97" room="65" start="145" weeks="1111111111111"/>
    <class days="0100000" id="98" room="18" start="112" weeks="1111111111111"/>
    <class days="0100000" id="99" room="34" start="90" weeks="1111111111111"/>
    <class days="0001000" id="100" room="59" start="145" weeks="1011111111111"/>
    <class days="0100000" id="101" room="75" start="167" weeks="1111111111111"/>
    <class days="0100000" id="102" room="54" start="178" weeks="1111111111111"/>
    <class days="1000000" id="103" room="28" start="134" weeks="1111111111111"/>
    <class days="1000000" id="104" room="66" start="222" weeks="1111111111111"/>
    <class days="0010000" id="105" room="12" start="211" weeks="1111111111111"/>
    <class days="0010000" id="106" room="69" start="112" weeks="1111111111111"/>
    <class days="0010000" id="107" room="11" start="145" weeks="1111111111111"/>
    <class days="0100000" id="108" room="76" start="101" weeks="1111111111111"/>
    <class days="0100000" id="109" room="59" start="145" weeks="1111111111111"/>
    <class days="1000000" id="110" room="66" start="101" weeks="1111111111111"/>
    <class days="0100000" id="111" room="28" start="156" weeks="1111111111111"/>
    <class days="0001000" id="112" room="29" start="101" weeks="1011111111111"/>
    <class days="1000000" id="113" room="28" start="112" weeks="1111111111111"/>
    <class days="0100000" id="114" room="22" start="211" weeks="1111111111111"/>
    <class days="1000000" id="115" room="38" start="211" weeks="1111111111111"/>
    <class days="0100000" id="116" room="26" start="101" weeks="1111111111111"/>
    <class days="0010000" id="117" room="30" start="200" weeks="1111111111111"/>
    <class days="0010000" id="118" room="6" start="156" weeks="1111111111111"/>
    <class days="0001000" id="119" room="16" start="167" weeks="1011111111111"/>
    <class days="0001000" id="120" room="59" start="101" weeks="1011111111111"/>
    <class days="0001000" id="121" room="76" start="156" weeks="1011111111111"/>
    <class days="0001000" id="122" room="18" start="134" weeks="1011111111111"/>
    <class days="0000100" id="123" room="59" start="90" weeks="1010101001010"/>
    <class days="0000100" id="124" room="58" start="167" weeks="1010101001010"/>
    <class days="0000100" id="125" room="73" start="178" weeks="1010101001010"/>
    <class days="0000100" id="126" room="69" start="222" weeks="1010101001010"/>
    <class days="0000100" id="127" room="18" start="123" weeks="1010101001010"/>
    <class days="0000100" id="128" room="30" start="189" weeks="0101010100101"/>
    <class days="0000100" id="129" room="23" start="90" weeks="0101010100101"/>
    <class days="0000100" id="130" room="31" start="134" weeks="0101010100101"/>
    <class days="0000100" id="131" room="59" start="90" weeks="1010101001010"/>
    <class days="0000100" id="132" room="22" start="211" weeks="0101010100101"/>
    <class days="0000100" id="133" room="49" start="167" weeks="1010101001010"/>
    <class days="0000100" id="134" room="59" start="134" weeks="1010101001010"/>
    <class days="0000100" id="135" room="11" start="112" weeks="1010101001010"/>
    <class days="0000100" id="136" room="30" start="134" weeks="1010101001010"/>
    <class days="0000100" id="137" room="53" start="222" weeks="0101010100101"/>
    <class days="0000100" id="138" room="53" start="101" weeks="1010101001010"/>
    <class days="0000100" id="139" room="9" start="90" weeks="0101010100101"/>
    <class days="0010000" id="140" room="6" start="90" weeks="1111111111111"/>
    <class days="0000100" id="141" room="7" start="90" weeks="1010101001010"/>
    <class days="0000100" id="142" room="39" start="101" weeks="0101010100101"/>
    <class days="0100000" id="143" room="54" start="90" weeks="1111111111111"/>
    <class days="0000100" id="144" room="28" start="134" weeks="1010101001010"/>
    <class days="0000100" id="145" room="6" start="211" weeks="0101010100101"/>
    <class days="0010000" id="146" room="66" start="145" weeks="1111111111111"/>
    <class days="0000100" id="147" room="9" start="156" weeks="1010101001010"/>
    <class days="0000100" id="148" room="54" start="211" weeks="0101010100101"/>
    <class days="0010000" id="149" room="35" start="211" weeks="1111111111111"/>
    <class days="0000100" id="150" room="12" start="222" weeks="0101010100101"/>
    <class days="0000100" id="151" room="58" start="222" weeks="0101010100101"/>
    <class days="0000100" id="152" room="69" start="222" weeks="0101010100101"/>
    <class days="0000100" id="153" room="31" start="178" weeks="0101010100101"/>
    <class days="0010000" id="154" room="38" start="101" weeks="1111111111111"/>
    <class days="0100000" id="155" room="36" start="123" weeks="1111111111111"/>
    <class days="0010000" id="156" room="31" start="167" weeks="1111111111111"/>
    <class days="0010000" id="157" room="35" start="200" weeks="1111111111111"/>
    <class days="1000000" id="158" room="48" start="134" weeks="1111111111111"/>
    <class days="0010000" id="159" room="49" start="156" weeks="1111111111111"/>
    <class days="1000000" id="160" room="48" start="145" weeks="1111111111111"/>
    <class days="1000000" id="161" room="28" start="178" weeks="1111111111111"/>
    <class days="0000010" id="162" room="69" start="102" weeks="0010000000000"/>
    <class days="0000010" id="163" room="23" start="102" weeks="0000000000001"/>
    <class days="0000010" id="164" room="30" start="168" weeks="0010000000000"/>
    <class days="0000010" id="165" room="30" start="168" weeks="0000000000001"/>
    <class days="0000010" id="166" room="25" start="102" weeks="0010000000000"/>
    <class days="0000010" id="167" room="47" start="102" weeks="0000000000001"/>
    <class days="0000010" id="168" room="11" start="168" weeks="0010000000000"/>
    <class days="0000010" id="169" room="35" start="168" weeks="0000000000001"/>
    <class days="0000010" id="170" room="28" start="102" weeks="0010000000000"/>
    <class days="0000010" id="171" room="31" start="102" weeks="0000000000001"/>
    <class days="0000010" id="172" room="35" start="168" weeks="0010000000000"/>
    <class days="0000010" id="173" room="80" start="168" weeks="0000000000001"/>
    <class days="0000010" id="174" room="26" start="168" weeks="0010000000000"/>
    <class days="0000010" id="175" room="26" start="168" weeks="0000000000001"/>
    <class days="0000010" id="176" room="53" start="102" weeks="0010000000000"/>
    <class days="0000010" id="177" room="49" start="102" weeks="0000000000001"/>
    <class days="0000010" id="178" room="26" start="102" weeks="0010000000000"/>
    <class days="0000010" id="179" room="69" start="102" weeks="0000000000001"/>
    <class days="0000010" id="180" room="47" start="102" weeks="0010000000000"/>
    <class days="0000010" id="181" room="58" start="102" weeks="0000000000001"/>
    <class days="0000010" id="182" room="57" start="102" weeks="0010000000000"/>
    <class days="0000010" id="183" room="30" start="102" weeks="0000000000001"/>
    <class days="0000010" id="184" room="28" start="168" weeks="0010000000000"/>
    <class days="0000010" id="185" room="57" start="168" weeks="0000000000001"/>
    <class days="0000010" id="186" room="56" start="168" weeks="0010000000000"/>
    <class days="0000010" id="187" room="25" start="168" weeks="0000000000001"/>
    <class days="0001000" id="188" room="76" start="200" weeks="1011111111111"/>
    <class days="0001000" id="189" room="48" start="156" weeks="1011111111111"/>
    <class days="0001000" id="190" room="58" start="145" weeks="1011111111111"/>
    <class days="0001000" id="191" room="23" start="134" weeks="1011111111111"/>
    <class days="0000100" id="192" room="56" start="101" weeks="1111111101111"/>
    <class days="0000100" id="193" room="30" start="189" weeks="1111111101111"/>
    <class days="0100000" id="194" room="48" start="90" weeks="1111111111111"/>
    <class days="1000000" id="195" room="58" start="211" weeks="1111111111111"/>
    <class days="0001000" id="196" room="39" start="112" weeks="1011111111111"/>
    <class days="0010000" id="197" room="11" start="112" weeks="1111111111111"/>
    <class days="1000000" id="198" room="12" start="145" weeks="1111111111111"/>
    <class days="0100000" id="199" room="48" start="112" weeks="1111111111111"/>
    <class days="0100000" id="200" room="30" start="112" weeks="1111111111111"/>
    <class days="0010000" id="201" room="34" start="123" weeks="1111111111111"/>
    <class days="0000100" id="202" room="48" start="123" weeks="1111111101111"/>
    <class days="0100000" id="203" room="80" start="145" weeks="1111111111111"/>
    <class days="0000100" id="204" room="47" start="211" weeks="1111111101111"/>
    <class days="1000000" id="205" room="75" start="101" weeks="1111111111111"/>
    <class days="0000100" id="206" room="15" start="134" weeks="1010101001010"/>
    <class days="0000100" id="207" room="12" start="156" weeks="1111111101111"/>
    <class days="0000100" id="208" room="21" start="178" weeks="0101010100101"/>
    <class days="1000000" id="209" room="9" start="222" weeks="1111111111111"/>
    <class days="1000000" id="210" room="31" start="145" weeks="1111111111111"/>
    <class days="0100000" id="211" room="12" start="222" weeks="1111111111111"/>
    <class days="1000000" id="212" room="26" start="167" weeks="1111111111111"/>
    <class days="0100000" id="213" room="30" start="189" weeks="1111111111111"/>
    <class days="0100000" id="214" room="59" start="167" weeks="1111111111111"/>
    <class days="0010000" id="215" room="31" start="211" weeks="1111111111111"/>
    <class days="0100000" id="216" room="30" start="189" weeks="1111111111111"/>
    <class days="0001000" id="217" room="80" start="90" weeks="1011111111111"/>
    <class days="0010000" id="218" room="9" start="222" weeks="1111111111111"/>
    <class days="1000000" id="219" room="13" start="200" weeks="1111111111111"/>
    <class days="1000000" id="220" room="46" start="145" weeks="1111111111111"/>
    <class days="0001000" id="221" room="80" start="189" weeks="1011111111111"/>
    <class days="0000100" id="222" room="58" start="101" weeks="1111111101111"/>
    <class days="0000100" id="223" room="21" start="145" weeks="1111111101111"/>
    <class days="0000100" id="224" room="64" start="167" weeks="1111111101111"/>
    <class days="0000100" id="225" start="134" weeks="1111111101111"/>
    <class days="0001000" id="226" room="49" start="211" weeks="1011111111111"/>
    <class days="1000000" id="227" room="35" start="123" weeks="1111111111111"/>
    <class days="0001000" id="228" room="23" start="90" weeks="1011111111111"/>
    <class days="0010000" id="229" room="30" start="134" weeks="1111111111111"/>
    <class days="1000000" id="230" room="75" start="178" weeks="1111111111111"/>
    <class days="1000000" id="231" room="30" start="101" weeks="1111111111111"/>
    <class days="1000000" id="232" room="38" start="156" weeks="1111111111111"/>
    <class days="0100000" id="233" room="54" start="156" weeks="1111111111111"/>
    <class days="1000000" id="234" room="40" start="112" weeks="1111111111111"/>
    <class days="1000000" id="235" room="40" start="90" weeks="1111111111111"/>
    <class days="1000000" id="236" room="40" start="178" weeks="1111111111111"/>
    <class days="1000000" id="237" room="40" start="200" weeks="1111111111111"/>
    <class days="0010000" id="238" room="8" start="134" weeks="1111111111111"/>
    <class days="0010000" id="239" room="8" start="167" weeks="1111111111111"/>
    <class days="0010000" id="240" room="60" start="156" weeks="1111111111111"/>
    <class days="0100000" id="241" room="8" start="145" weeks="1111111111111"/>
    <class days="0001000" id="242" room="60" start="123" weeks="1011111111111"/>
    <class days="0010000" id="243" room="25" start="189" weeks="1111111111111"/>
    <class days="0100000" id="244" room="25" start="90" weeks="1111111111111"/>
    <class days="0010000" id="245" room="25" start="167" weeks="1111111111111"/>
    <class days="1000000" id="246" room="25" start="167" weeks="1111111111111"/>
    <class days="1000000" id="247" room="25" start="156" weeks="1111111111111"/>
    <class days="0100000" id="248" room="56" start="222" weeks="1111111111111"/>
    <class days="0100000" id="249" room="60" start="145" weeks="1111111111111"/>
    <class days="0010000" id="250" room="40" start="178" weeks="1111111111111"/>
    <class days="0010000" id="251" room="82" start="156" weeks="1010101010101"/>
    <class days="0010000" id="252" room="82" start="167" weeks="0101010101010"/>
    <class days="0001000" id="253" room="8" start="145" weeks="1011111111111"/>
    <class days="0100000" id="254" room="8" start="112" weeks="1111111111111"/>
    <class days="1000000" id="255" room="8" start="156" weeks="1111111111111"/>
    <class days="0100000" id="256" room="8" start="167" weeks="1111111111111"/>
    <class days="1000000" id="257" room="6" start="189" weeks="1111111111111"/>
    <class days="0100000" id="258" room="60" start="145" weeks="1111111111111"/>
    <class days="0001000" id="259" room="60" start="222" weeks="1011111111111"/>
    <class days="0100000" id="260" room="60" start="211" weeks="1111111111111"/>
    <class days="0010000" id="261" room="65" start="90" weeks="1111111111111"/>
    <class days="0100000" id="262" room="60" start="189" weeks="1111111111111"/>
    <class days="0010000" id="263" room="60" start="101" weeks="1111111111111"/>
    <class days="0100000" id="264" room="60" start="211" weeks="1111111111111"/>
    <class days="0100000" id="265" room="56" start="211" weeks="1111111111111"/>
    <class days="1000000" id="266" start="112" weeks="1111111111111"/>
    <class days="1000000" id="267" start="90" weeks="1111111111111"/>
    <class days="1000000" id="268" start="167" weeks="1111111111111"/>
    <class days="1000000" id="269" start="200" weeks="1111111111111"/>
    <class days="0100000" id="270" start="167" weeks="1111111111111"/>
    <class days="1000000" id="271" room="60" start="167" weeks="1111111111111"/>
    <class days="0010000" id="272" room="60" start="90" weeks="1111111111111"/>
    <class days="0010000" id="273" room="60" start="189" weeks="1111111111111"/>
    <class days="0001000" id="274" room="25" start="145" weeks="1011111111111"/>
    <class days="0001000" id="275" room="8" start="101" weeks="1011111111111"/>
    <class days="0100000" id="276" room="8" start="211" weeks="1111111111111"/>
    <class days="0010000" id="277" room="8" start="167" weeks="1111111111111"/>
    <class days="1000000" id="278" room="8" start="178" weeks="1111111111111"/>
    <class days="0100000" id="279" room="8" start="200" weeks="1111111111111"/>
    <class days="0010000" id="280" room="56" start="101" weeks="1111111111111"/>
    <class days="1000000" id="281" start="156" weeks="1111111111111"/>
    <class days="1000000" id="282" start="167" weeks="1111111111111"/>
    <class days="0010000" id="283" room="59" start="134" weeks="1111111111111"/>
    <class days="0010000" id="284" room="60" start="222" weeks="1010101010101"/>
    <class days="1000000" id="285" room="60" start="200" weeks="0101010101010"/>
    <class days="0001000" id="286" room="25" start="211" weeks="1010101010101"/>
    <class days="0010000" id="287" room="25" start="189" weeks="1010101010101"/>
    <class days="0001000" id="288" room="25" start="101" weeks="1010101010101"/>
    <class days="1000000" id="289" room="25" start="222" weeks="0101010101010"/>
    <class days="0100000" id="290" start="101" weeks="1111111111111"/>
    <class days="0010000" id="291" room="8" start="189" weeks="1111111111111"/>
    <class days="1000000" id="292" room="60" start="123" weeks="1111111111111"/>
    <class days="0010000" id="293" room="8" start="101" weeks="1111111111111"/>
    <class days="0000100" id="294" room="82" start="145" weeks="0010000000000"/>
    <class days="0000010" id="295" room="82" start="145" weeks="0001000000000"/>
    <class days="0000100" id="296" room="82" start="145" weeks="0000000100000"/>
    <class days="0000010" id="297" room="82" start="156" weeks="0000000010000"/>
    <class days="0100000" id="298" room="82" start="101" weeks="1010101010101"/>
    <class days="0001000" id="299" room="82" start="123" weeks="0001010101010"/>
    <class days="0001000" id="300" room="82" start="101" weeks="0001010101010"/>
    <class days="0010000" id="301" room="82" start="112" weeks="1010101010101"/>
    <class days="0000100" id="302" room="25" start="178" weeks="1000000000000"/>
    <class days="0000100" id="303" room="25" start="222" weeks="1000000000000"/>
    <class days="0000100" id="304" room="25" start="90" weeks="0001000000000"/>
    <class days="0000100" id="305" room="25" start="101" weeks="0000000100000"/>
    <class days="0010000" id="306" room="25" start="90" weeks="1010101010101"/>
    <class days="0010000" id="307" room="25" start="90" weeks="0101010101010"/>
    <class days="0010000" id="308" room="58" start="112" weeks="1111111111111"/>
    <class days="0100000" id="309" room="69" start="156" weeks="1111111111111"/>
    <class days="0000010" id="310" room="81" start="112" weeks="0000000100000"/>
    <class days="0000010" id="311" room="18" start="134" weeks="1000000000000"/>
    <class days="0000010" id="312" room="64" start="200" weeks="0000100000000"/>
    <class days="0000010" id="313" room="35" start="145" weeks="0000100000000"/>
    <class days="0000010" id="314" room="48" start="112" weeks="0000000010000"/>
    <class days="0000010" id="315" room="36" start="178" weeks="0000001000000"/>
    <class days="0000010" id="316" room="36" start="123" weeks="0000000000100"/>
    <class days="0000010" id="317" room="35" start="189" weeks="0001000000000"/>
    <class days="0000010" id="318" room="81" start="90" weeks="0000000000100"/>
    <class days="0000010" id="319" room="11" start="200" weeks="0000000000100"/>
    <class days="0000100" id="320" room="28" start="123" weeks="0001000000000"/>
    <class days="0000100" id="321" room="58" start="123" weeks="0000010000000"/>
    <class days="0000100" id="322" room="58" start="200" weeks="0000001000000"/>
    <class days="0000100" id="323" room="76" start="189" weeks="0010000000000"/>
    <class days="0000100" id="324" room="23" start="145" weeks="0000001000000"/>
    <class days="0000100" id="325" room="35" start="112" weeks="0001000000000"/>
    <class days="0000100" id="326" room="29" start="189" weeks="0000000001000"/>
    <class days="0000100" id="327" room="73" start="90" weeks="0100000000000"/>
    <class days="0000100" id="328" room="23" start="189" weeks="0001000000000"/>
    <class days="0000100" id="329" room="16" start="211" weeks="0001000000000"/>
    <class days="0000100" id="330" room="23" start="178" weeks="0000010000000"/>
    <class days="0000100" id="331" room="80" start="134" weeks="0000100000000"/>
    <class days="0000100" id="332" room="81" start="156" weeks="0000100000000"/>
    <class days="0000100" id="333" room="11" start="200" weeks="0000000001000"/>
    <class days="0000100" id="334" room="23" start="189" weeks="0000000001000"/>
    <class days="0000100" id="335" room="59" start="156" weeks="0000001000000"/>
    <class days="0000100" id="336" room="69" start="123" weeks="0010000000000"/>
    <class days="0000100" id="337" room="11" start="101" weeks="0000010000000"/>
    <class days="0000100" id="338" room="85" start="211" weeks="0000000010000"/>
    <class days="0000100" id="339" room="23" start="156" weeks="0000000100000"/>
    <class days="0000100" id="340" room="29" start="178" weeks="0000000100000"/>
    <class days="0000100" id="341" room="59" start="145" weeks="0000000000100"/>
    <class days="0000100" id="342" room="76" start="189" weeks="0000000000010"/>
    <class days="0000100" id="343" room="59" start="200" weeks="0000001000000"/>
    <class days="0000100" id="344" room="36" start="134" weeks="0000000000100"/>
    <class days="0000100" id="345" room="23" start="222" weeks="0000100000000"/>
    <class days="0000100" id="346" room="11" start="90" weeks="0000000000100"/>
    <class days="0000100" id="347" room="47" start="211" weeks="0000010000000"/>
    <class days="0000100" id="348" room="36" start="123" weeks="0000000001000"/>
    <class days="0000100" id="349" room="35" start="134" weeks="0000000100000"/>
    <class days="0000010" id="350" room="85" start="101" weeks="0100000000000"/>
    <class days="0000010" id="351" room="85" start="200" weeks="0000000001000"/>
    <class days="0000010" id="352" room="7" start="112" weeks="0000000000100"/>
    <class days="0000010" id="353" room="28" start="156" weeks="0000010000000"/>
    <class days="0000010" id="354" room="85" start="189" weeks="0000100000000"/>
    <class days="0000010" id="355" room="47" start="211" weeks="0000100000000"/>
    <class days="0000010" id="356" room="66" start="200" weeks="0000000100000"/>
    <class days="0000010" id="357" room="49" start="134" weeks="0000000100000"/>
    <class days="0000100" id="358" room="36" start="112" weeks="0000010000000"/>
    <class days="0000100" id="359" room="49" start="156" weeks="0000000000001"/>
    <class days="0000010" id="360" room="47" start="112" weeks="0100000000000"/>
    <class days="0000010" id="361" room="47" start="112" weeks="0000001000000"/>
    <class days="0000010" id="362" room="36" start="178" weeks="0000000000100"/>
    <class days="0000010" id="363" room="36" start="211" weeks="0000000000100"/>
    <class days="0000010" id="364" room="35" start="90" weeks="0000000100000"/>
    <class days="1000000" id="365" room="80" start="112" weeks="1111111111111"/>
    <class days="0100000" id="366" room="80" start="90" weeks="1111111111111"/>
    <class days="0100000" id="367" room="69" start="101" weeks="1111111111111"/>
    <class days="1000000" id="368" room="80" start="167" weeks="1111111111111"/>
    <class days="0100000" id="369" room="64" start="101" weeks="1111111111111"/>
    <class days="0100000" id="370" room="39" start="134" weeks="1111111111111"/>
    <class days="1000000" id="371" room="69" start="156" weeks="1111111111111"/>
    <class days="0010000" id="372" room="64" start="101" weeks="1111111111111"/>
    <class days="0010000" id="373" room="47" start="123" weeks="1111111111111"/>
    <class days="1000000" id="374" room="29" start="167" weeks="1111111111111"/>
    <class days="0100000" id="375" room="30" start="167" weeks="1111111111111"/>
    <class days="0100000" id="376" room="69" start="156" weeks="1111111111111"/>
    <class days="0010000" id="377" room="59" start="101" weeks="1111111111111"/>
    <class days="0001000" id="378" room="26" start="134" weeks="1011111111111"/>
    <class days="0010000" id="379" room="59" start="145" weeks="1111111111111"/>
    <class days="0001000" id="380" room="80" start="101" weeks="1011111111111"/>
    <class days="0010000" id="381" room="59" start="101" weeks="1111111111111"/>
    <class days="0010000" id="382" room="64" start="112" weeks="1111111111111"/>
    <class days="0001000" id="383" room="80" start="134" weeks="1011111111111"/>
    <class days="0100000" id="384" room="16" start="156" weeks="1111111111111"/>
    <class days="1000000" id="385" room="69" start="112" weeks="1111111111111"/>
    <class days="1000000" id="386" room="56" start="112" weeks="1111111111111"/>
    <class days="0001000" id="387" room="6" start="123" weeks="1011111111111"/>
    <class days="0001000" id="388" room="48" start="112" weeks="1011111111111"/>
    <class days="0100000" id="389" room="56" start="90" weeks="1111111111111"/>
    <class days="0100000" id="390" room="39" start="101" weeks="1111111111111"/>
    <class days="0100000" id="391" room="29" start="112" weeks="1111111111111"/>
    <class days="1000000" id="392" room="50" start="156" weeks="1111111111111"/>
    <class days="0100000" id="393" room="16" start="101" weeks="1111111111111"/>
    <class days="1000000" id="394" room="18" start="123" weeks="1111111111111"/>
    <class days="0100000" id="395" room="49" start="123" weeks="1111111111111"/>
    <class days="0100000" id="396" room="15" start="112" weeks="1111111111111"/>
    <class days="0010000" id="397" room="44" start="222" weeks="1111111111111"/>
    <class days="0100000" id="398" room="44" start="156" weeks="1111111111111"/>
    <class days="0010000" id="399" room="35" start="134" weeks="1111111111111"/>
    <class days="0001000" id="400" room="19" start="134" weeks="1011111111111"/>
    <class days="0001000" id="401" room="49" start="90" weeks="1011111111111"/>
    <class days="1000000" id="402" room="31" start="178" weeks="1111111111111"/>
    <class days="0001000" id="403" room="41" start="134" weeks="1010101010101"/>
    <class days="1000000" id="404" room="41" start="101" weeks="1010101010101"/>
    <class days="1000000" id="405" room="68" start="145" weeks="1010101010101"/>
    <class days="1000000" id="406" room="68" start="101" weeks="1010101010101"/>
    <class days="0100000" id="407" room="19" start="211" weeks="1111111111111"/>
    <class days="0100000" id="408" room="47" start="200" weeks="1111111111111"/>
    <class days="0001000" id="409" room="16" start="222" weeks="1011111111111"/>
    <class days="0100000" id="410" room="29" start="189" weeks="1111111111111"/>
    <class days="0000100" id="411" room="44" start="112" weeks="0000000001000"/>
    <class days="0010000" id="412" room="37" start="134" weeks="1111111111111"/>
    <class days="0000100" id="413" room="47" start="90" weeks="0000100000000"/>
    <class days="0000100" id="414" room="12" start="200" weeks="0000010000000"/>
    <class days="0000100" id="415" room="30" start="156" weeks="0000000100000"/>
    <class days="0000100" id="416" room="7" start="112" weeks="0001000000000"/>
    <class days="0000100" id="417" room="23" start="167" weeks="0000000001000"/>
    <class days="0000100" id="418" room="39" start="134" weeks="0000000100000"/>
    <class days="0000010" id="419" room="85" start="178" weeks="0000000001000"/>
    <class days="0000010" id="420" room="47" start="211" weeks="0000000100000"/>
    <class days="0000010" id="421" room="46" start="134" weeks="0000000000100"/>
    <class days="0000010" id="422" room="69" start="112" weeks="1000000000000"/>
    <class days="0000010" id="423" room="34" start="222" weeks="1000000000000"/>
    <class days="0000010" id="424" room="81" start="178" weeks="0000000000100"/>
    <class days="0000010" id="425" room="12" start="167" weeks="0000000001000"/>
    <class days="0000010" id="426" room="7" start="167" weeks="0000100000000"/>
    <class days="0000010" id="427" room="9" start="112" weeks="0000000000001"/>
    <class days="0000010" id="428" room="85" start="156" weeks="0100000000000"/>
    <class days="0000010" id="429" room="49" start="101" weeks="0000000000100"/>
    <class days="0000010" id="430" room="7" start="156" weeks="0000000000100"/>
    <class days="0000010" id="431" room="64" start="123" weeks="0000000000100"/>
    <class days="0000010" id="432" room="11" start="156" weeks="0000100000000"/>
    <class days="0010000" id="433" room="24" start="156" weeks="1111111111111"/>
    <class days="0100000" id="434" start="167" weeks="1111111111111"/>
    <class days="0000100" id="435" room="69" start="200" weeks="0000000100000"/>
    <class days="0000100" id="436" room="47" start="112" weeks="0000000001000"/>
    <class days="0100000" id="437" room="7" start="90" weeks="1111111111111"/>
    <class days="0000100" id="438" room="80" start="178" weeks="0000000001000"/>
    <class days="0000100" id="439" room="28" start="178" weeks="0000000010000"/>
    <class days="0000100" id="440" room="59" start="112" weeks="0010000000000"/>
    <class days="0000100" id="441" room="63" start="123" weeks="0000000000001"/>
    <class days="0001000" id="442" room="64" start="123" weeks="1011111111111"/>
    <class days="0100000" id="443" room="64" start="200" weeks="1111111111111"/>
    <class days="0000100" id="444" room="64" start="189" weeks="0000010000000"/>
    <class days="0000100" id="445" room="64" start="101" weeks="0001000000000"/>
    <class days="0000100" id="446" room="64" start="189" weeks="0000000001000"/>
    <class days="0000100" id="447" room="64" start="145" weeks="0000010000000"/>
    <class days="0000100" id="448" room="64" start="211" weeks="0000000000100"/>
    <class days="0000100" id="449" room="64" start="211" weeks="0000000001000"/>
    <class days="0001000" id="450" room="15" start="178" weeks="1011111111111"/>
    <class days="0001000" id="451" room="48" start="123" weeks="1011111111111"/>
    <class days="0000100" id="452" room="42" start="222" weeks="0001000000000"/>
    <class days="0000100" id="453" room="42" start="145" weeks="0001000000000"/>
    <class days="0000100" id="454" room="42" start="156" weeks="0000010000000"/>
    <class days="0000100" id="455" room="42" start="134" weeks="0000010000000"/>
    <class days="0000100" id="456" room="64" start="156" weeks="0100000000000"/>
    <class days="0000100" id="457" room="64" start="101" weeks="0000010000000"/>
    <class days="0000100" id="458" room="64" start="178" weeks="0000000000100"/>
    <class days="0000100" id="459" room="64" start="145" weeks="0000000000010"/>
    <class days="1000000" id="460" room="64" start="134" weeks="1111111111111"/>
    <class days="0000100" id="461" room="65" start="189" weeks="0100000000000"/>
    <class days="0000100" id="462" room="38" start="189" weeks="0000100000000"/>
    <class days="0000100" id="463" room="16" start="145" weeks="0000000100000"/>
    <class days="0000100" id="464" room="49" start="189" weeks="0000000000010"/>
    <class days="0001000" id="465" room="64" start="211" weeks="1011111111111"/>
    <class days="1000000" id="466" room="64" start="222" weeks="1111111111111"/>
    <class days="0000100" id="467" room="72" start="123" weeks="1111111101111"/>
    <class days="0000100" id="468" room="72" start="222" weeks="1111111101111"/>
    <class days="0000100" id="469" room="72" start="200" weeks="1111111101111"/>
    <class days="0000100" id="470" room="72" start="145" weeks="1111111101111"/>
    <class days="0010000" id="471" room="72" start="222" weeks="1111111111111"/>
    <class days="0000100" id="472" room="85" start="178" weeks="0000000010000"/>
    <class days="0000100" id="473" room="28" start="167" weeks="0000000000010"/>
    <class days="0001000" id="474" room="72" start="145" weeks="1011111111111"/>
    <class days="0000100" id="475" room="28" start="123" weeks="0000010000000"/>
    <class days="0000100" id="476" room="9" start="178" weeks="0000100000000"/>
    <class days="0001000" id="477" room="18" start="178" weeks="1011111111111"/>
    <class days="0000100" id="478" room="64" start="167" weeks="0000000100000"/>
    <class days="0000100" id="479" room="13" start="211" weeks="0000000001000"/>
    <class days="0001000" id="480" room="80" start="200" weeks="1011111111111"/>
    <class days="0000100" id="481" room="47" start="145" weeks="0000010000000"/>
    <class days="0000100" id="482" room="18" start="90" weeks="0010000000000"/>
    <class days="0000100" id="483" room="64" start="101" weeks="0000000000100"/>
    <class days="0000100" id="484" room="39" start="222" weeks="0000000001000"/>
    <class days="0100000" id="485" room="18" start="101" weeks="1111111111111"/>
    <class days="0100000" id="486" room="38" start="222" weeks="1111111111111"/>
    <class days="0100000" id="487" start="101" weeks="1111111111111"/>
    <class days="0100000" id="488" room="50" start="134" weeks="1111111111111"/>
    <class days="0000010" id="489" room="85" start="156" weeks="0000000000100"/>
    <class days="0010000" id="490" room="16" start="167" weeks="1111111111111"/>
    <class days="1000000" id="491" room="54" start="145" weeks="1111111111111"/>
    <class days="1000000" id="492" room="38" start="134" weeks="1111111111111"/>
    <class days="0100000" id="493" room="38" start="189" weeks="1111111111111"/>
    <class days="0000100" id="494" room="13" start="145" weeks="0101001000010"/>
    <class days="0010000" id="495" room="15" start="134" weeks="1111111111111"/>
    <class days="0000100" id="496" room="31" start="134" weeks="0100100100001"/>
    <class days="0010000" id="497" room="54" start="123" weeks="1111111111111"/>
    <class days="0000100" id="498" room="6" start="156" weeks="1010000100010"/>
    <class days="0100000" id="499" room="72" start="134" weeks="1111111111111"/>
    <class days="0100000" id="500" room="7" start="123" weeks="1111111111111"/>
    <class days="0000010" id="501" room="44" start="134" weeks="1111101111111"/>
    <class days="0010000" id="502" room="19" start="200" weeks="1111111111111"/>
    <class days="0000100" id="503" room="61" start="233" weeks="1111111101111"/>
    <class days="0010000" id="504" room="66" start="101" weeks="1111111111111"/>
    <class days="0000010" id="505" room="65" start="178" weeks="0000000100000"/>
    <class days="0000010" id="506" room="34" start="112" weeks="0000100000000"/>
    <class days="0000010" id="507" room="34" start="200" weeks="0000001000000"/>
    <class days="0000010" id="508" room="65" start="90" weeks="0000100000000"/>
    <class days="0001000" id="509" room="46" start="200" weeks="1011111111111"/>
    <class days="0000010" id="510" room="38" start="167" weeks="0000000001000"/>
    <class days="0000010" id="511" room="34" start="134" weeks="0010000000000"/>
    <class days="0000010" id="512" room="34" start="90" weeks="0010000000000"/>
    <class days="0000010" id="513" room="38" start="211" weeks="0000000000001"/>
    <class days="0010000" id="514" room="26" start="90" weeks="1111111111111"/>
    <class days="0100000" id="515" room="47" start="112" weeks="1111111111111"/>
    <class days="0000010" id="516" room="34" start="167" weeks="1000000000000"/>
    <class days="0000010" id="517" room="39" start="134" weeks="0000000010000"/>
    <class days="1000000" id="518" room="19" start="156" weeks="1111111111111"/>
    <class days="0000010" id="519" room="54" start="123" weeks="0100000000000"/>
    <class days="0000010" id="520" room="18" start="112" weeks="0000000100000"/>
    <class days="0000010" id="521" room="39" start="156" weeks="0000001000000"/>
    <class days="0000010" id="522" room="39" start="178" weeks="0000000001000"/>
    <class days="0010000" id="523" room="24" start="200" weeks="1111111111111"/>
    <class days="0100000" id="524" room="24" start="145" weeks="1111111111111"/>
    <class days="0000010" id="525" room="38" start="167" weeks="0010000000000"/>
    <class days="0000010" id="526" room="38" start="134" weeks="0000000100000"/>
    <class days="0000010" id="527" room="18" start="189" weeks="0000000100000"/>
    <class days="0000010" id="528" room="39" start="189" weeks="0000000000001"/>
    <class days="0001000" id="529" room="30" start="222" weeks="1011111111111"/>
    <class days="0000010" id="530" room="18" start="222" weeks="1000000000000"/>
    <class days="0000010" id="531" room="38" start="123" weeks="0010000000000"/>
    <class days="0000010" id="532" room="39" start="145" weeks="0010000000000"/>
    <class days="0000010" id="533" room="65" start="200" weeks="0000000100000"/>
    <class days="0000010" id="534" room="54" start="101" weeks="0000001000000"/>
    <class days="0000010" id="535" room="65" start="167" weeks="0000000000100"/>
    <class days="0000010" id="536" room="39" start="101" weeks="0000000010000"/>
    <class days="0000010" id="537" room="38" start="145" weeks="0000000000100"/>
    <class days="0001000" id="538" room="50" start="101" weeks="1011111111111"/>
    <class days="0100000" id="539" room="65" start="101" weeks="1111111111111"/>
    <class days="0000010" id="540" room="7" start="145" weeks="0000001000000"/>
    <class days="0000010" id="541" room="31" start="178" weeks="0000000010000"/>
    <class days="0000010" id="542" room="48" start="134" weeks="0000100000000"/>
    <class days="0000010" id="543" room="6" start="200" weeks="0000000000100"/>
    <class days="0000010" id="544" room="38" start="178" weeks="1000000000000"/>
    <class days="0000010" id="545" room="21" start="167" weeks="0001000000000"/>
    <class days="0000010" id="546" room="36" start="134" weeks="0000001000000"/>
    <class days="0000010" id="547" room="36" start="178" weeks="0000000001000"/>
    <class days="0000010" id="548" room="39" start="90" weeks="0010000000000"/>
    <class days="0000010" id="549" room="65" start="101" weeks="0001000000000"/>
    <class days="0000010" id="550" room="18" start="222" weeks="0000000010000"/>
    <class days="0000010" id="551" room="39" start="145" weeks="0000001000000"/>
    <class days="0001000" id="552" room="76" start="134" weeks="1011111111111"/>
    <class days="1000000" id="553" room="13" start="222" weeks="1111111111111"/>
    <class days="0000010" id="554" room="34" start="211" weeks="0000000000100"/>
    <class days="0000010" id="555" room="65" start="189" weeks="0000000000100"/>
    <class days="0100000" id="556" room="28" start="233" weeks="1111111111111"/>
    <class days="0000010" id="557" room="38" start="123" weeks="0000001000000"/>
    <class days="0000010" id="558" room="34" start="134" weeks="0000100000000"/>
    <class days="0000010" id="559" room="54" start="112" weeks="0000000000010"/>
    <class days="0000010" id="560" room="46" start="222" weeks="0000000001000"/>
    <class days="0010000" id="561" room="31" start="189" weeks="1111111111111"/>
    <class days="0000010" id="562" room="46" start="211" weeks="0100000000000"/>
    <class days="0000010" id="563" room="38" start="90" weeks="0000001000000"/>
    <class days="0010000" id="564" room="46" start="233" weeks="1111111111111"/>
    <class days="0000010" id="565" room="54" start="200" weeks="0010000000000"/>
    <class days="0000010" id="566" room="38" start="222" weeks="0001000000000"/>
    <class days="0000010" id="567" room="18" start="101" weeks="0000000000100"/>
    <class days="0000010" id="568" room="38" start="200" weeks="0001000000000"/>
    <class days="0001000" id="569" room="35" start="90" weeks="1011111111111"/>
    <class days="0000010" id="570" room="54" start="101" weeks="0010000000000"/>
    <class days="0000010" id="571" room="65" start="156" weeks="0000001000000"/>
    <class days="0000010" id="572" room="54" start="101" weeks="0000000000100"/>
    <class days="0000010" id="573" room="54" start="112" weeks="0000000000001"/>
    <class days="0100000" id="574" room="49" start="101" weeks="1111111111111"/>
    <class days="0000010" id="575" room="54" start="178" weeks="1000000000000"/>
    <class days="0000010" id="576" room="54" start="222" weeks="0010000000000"/>
    <class days="0000010" id="577" room="34" start="211" weeks="0000001000000"/>
    <class days="0000010" id="578" room="34" start="178" weeks="0000000010000"/>
    <class days="0000010" id="579" room="54" start="189" weeks="0000000000100"/>
    <class days="0000010" id="580" room="54" start="189" weeks="0000000000001"/>
    <class days="0010000" id="581" room="66" start="189" weeks="1111111111111"/>
    <class days="0100000" id="582" room="46" start="178" weeks="1111111111111"/>
    <class days="0000010" id="583" room="46" start="90" weeks="0100000000000"/>
    <class days="0000010" id="584" room="46" start="145" weeks="0001000000000"/>
    <class days="0000010" id="585" room="54" start="211" weeks="0000000010000"/>
    <class days="0000010" id="586" room="46" start="90" weeks="0000000010000"/>
    <class days="0000010" id="587" room="54" start="189" weeks="0000000001000"/>
    <class days="0000010" id="588" room="65" start="211" weeks="0000000000001"/>
    <class days="0010000" id="589" room="38" start="156" weeks="1111111111111"/>
    <class days="1000000" id="590" room="49" start="233" weeks="1111111111111"/>
    <class days="0000010" id="591" room="65" start="112" weeks="0000000001000"/>
    <class days="0000010" id="592" room="54" start="90" weeks="0001000000000"/>
    <class days="0000010" id="593" room="54" start="123" weeks="0001000000000"/>
    <class days="0000010" id="594" room="34" start="134" weeks="0000001000000"/>
    <class days="0010000" id="595" room="66" start="178" weeks="1111111111111"/>
    <class days="0000010" id="596" room="66" start="134" weeks="0000000001000"/>
    <class days="0000010" id="597" room="64" start="156" weeks="0000000010000"/>
    <class days="0000010" id="598" room="59" start="134" weeks="0000001000000"/>
    <class days="0000010" id="599" room="12" start="134" weeks="0001000000000"/>
    <class days="0000010" id="600" room="48" start="200" weeks="0000100000000"/>
    <class days="0000010" id="601" room="59" start="90" weeks="0000100000000"/>
    <class days="0000010" id="602" room="9" start="156" weeks="0000000010000"/>
    <class days="0000010" id="603" room="38" start="112" weeks="0000000010000"/>
    <class days="0000010" id="604" room="69" start="90" weeks="1000000000000"/>
    <class days="0001000" id="605" room="64" start="178" weeks="1011111111111"/>
    <class days="0000010" id="606" room="7" start="90" weeks="0000001000000"/>
    <class days="0000010" id="607" room="76" start="145" weeks="0000100000000"/>
    <class days="0000010" id="608" room="21" start="101" weeks="0000000010000"/>
    <class days="0000010" id="609" room="48" start="167" weeks="0000000000100"/>
    <class days="1000000" id="610" room="11" start="211" weeks="1111111111111"/>
    <class days="0100000" id="611" room="64" start="90" weeks="1111111111111"/>
    <class days="0000010" id="612" room="18" start="211" weeks="0010000000000"/>
    <class days="0000010" id="613" room="46" start="211" weeks="0000000001000"/>
    <class days="0000010" id="614" room="65" start="112" weeks="0010000000000"/>
    <class days="0000010" id="615" room="54" start="200" weeks="0000000010000"/>
    <class days="0100000" id="616" room="15" start="90" weeks="1111111111111"/>
    <class days="0010000" id="617" room="48" start="233" weeks="1111111111111"/>
    <class days="0000010" id="618" room="48" start="101" weeks="0100000000000"/>
    <class days="0000010" id="619" room="76" start="178" weeks="0000000100000"/>
    <class days="0000010" id="620" room="49" start="145" weeks="0000000010000"/>
    <class days="0000010" id="621" room="11" start="90" weeks="0000000000001"/>
    <class days="0001000" id="622" room="49" start="222" weeks="1011111111111"/>
    <class days="0001000" id="623" room="12" start="211" weeks="1011111111111"/>
    <class days="0000010" id="624" room="76" start="90" weeks="1000000000000"/>
    <class days="0000010" id="625" room="34" start="156" weeks="0000000001000"/>
    <class days="0000010" id="626" room="65" start="189" weeks="0001000000000"/>
    <class days="0000010" id="627" room="16" start="156" weeks="0000100000000"/>
    <class days="1000000" id="628" room="15" start="112" weeks="1111111111111"/>
    <class days="1000000" id="629" room="59" start="123" weeks="1111111111111"/>
    <class days="0000010" id="630" room="76" start="178" weeks="0010000000000"/>
    <class days="0000010" id="631" room="76" start="145" weeks="0100000000000"/>
    <class days="0000010" id="632" room="76" start="211" weeks="0000000100000"/>
    <class days="0000010" id="633" room="15" start="134" weeks="0000100000000"/>
    <class days="0100000" id="634" room="15" start="200" weeks="1111111111111"/>
    <class days="1000000" id="635" room="30" start="134" weeks="1111111111111"/>
    <class days="0000010" id="636" start="167" weeks="0000000010000"/>
    <class days="0000010" id="637" room="66" start="211" weeks="0010000000000"/>
    <class days="0000010" id="638" room="46" start="222" weeks="0000100000000"/>
    <class days="0000010" id="639" room="11" start="90" weeks="0000000001000"/>
    <class days="0100000" id="640" room="25" start="233" weeks="1111111111111"/>
    <class days="0010000" id="641" room="47" start="167" weeks="1111111111111"/>
    <class days="0000010" id="642" room="54" start="200" weeks="0010000000000"/>
    <class days="0000010" id="643" room="16" start="222" weeks="0000001000000"/>
    <class days="0000010" id="644" room="54" start="156" weeks="0000000100000"/>
    <class days="0000010" id="645" room="18" start="200" weeks="0000000001000"/>
    <class days="1000000" id="646" room="47" start="211" weeks="1111111111111"/>
    <class days="0100000" id="647" room="50" start="233" weeks="1111111111111"/>
    <class days="0000010" id="648" room="16" start="112" weeks="0100000000000"/>
    <class days="0000010" id="649" room="65" start="156" weeks="0000100000000"/>
    <class days="0000010" id="650" room="18" start="178" weeks="0001000000000"/>
    <class days="0000010" id="651" room="76" start="123" weeks="0001000000000"/>
    <class days="0010000" id="652" room="24" start="145" weeks="1111111111111"/>
    <class days="0010000" id="653" room="24" start="112" weeks="1111111111111"/>
    <class days="0000010" id="654" room="39" start="101" weeks="0100000000000"/>
    <class days="0000010" id="655" room="38" start="90" weeks="0000000001000"/>
    <class days="0000010" id="656" room="34" start="112" weeks="0010000000000"/>
    <class days="0000010" id="657" room="18" start="134" weeks="0000000000010"/>
    <class days="0100000" id="658" room="22" start="189" weeks="1111111111111"/>
    <class days="0000100" id="659" room="34" start="156" weeks="0001000000000"/>
    <class days="0000100" id="660" room="38" start="134" weeks="0000000100000"/>
    <class days="0000100" id="661" room="11" start="145" weeks="0000010000000"/>
    <class days="0000100" id="662" room="75" start="200" weeks="0000100000000"/>
    <class days="1000000" id="663" room="65" start="134" weeks="1111111111111"/>
    <class days="0000010" id="664" room="65" start="222" weeks="0000001000000"/>
    <class days="0000010" id="665" room="39" start="123" weeks="0010000000000"/>
    <class days="1000000" id="666" room="7" start="145" weeks="1111111111111"/>
    <class days="0000010" id="667" room="46" start="233" weeks="0000000000100"/>
    <class days="0000010" id="668" room="18" start="167" weeks="0000000010000"/>
    <class days="0001000" id="669" room="15" start="156" weeks="1011111111111"/>
    <class days="0000100" id="670" room="12" start="189" weeks="0000000001000"/>
    <class days="0000100" id="671" room="66" start="134" weeks="0000000100000"/>
    <class days="0000100" id="672" room="59" start="101" weeks="0000000100000"/>
    <class days="0000100" id="673" room="11" start="101" weeks="0001000000000"/>
    <class days="0001000" id="674" room="34" start="189" weeks="1011111111111"/>
    <class days="0010000" id="675" room="64" start="222" weeks="1111111111111"/>
    <class days="1000000" id="676" room="64" start="200" weeks="1111111111111"/>
    <class days="0000100" id="677" room="37" start="134" weeks="1111111101111"/>
    <class days="0000100" id="678" room="72" start="123" weeks="1111111101111"/>
    <class days="0000100" id="679" room="24" start="145" weeks="1111111101111"/>
    <class days="1000000" id="680" room="64" start="134" weeks="1111111111111"/>
    <class days="0001000" id="681" room="64" start="156" weeks="1011111111111"/>
    <class days="0100000" id="682" room="42" start="211" weeks="1111111111111"/>
    <class days="0001000" id="683" room="42" start="222" weeks="1011111111111"/>
    <class days="0100000" id="684" room="42" start="167" weeks="1111111111111"/>
    <class days="0001000" id="685" room="42" start="200" weeks="1011111111111"/>
    <class days="0010000" id="686" room="37" start="134" weeks="1111111111111"/>
    <class days="0100000" id="687" room="37" start="156" weeks="1111111111111"/>
    <class days="0100000" id="688" room="37" start="134" weeks="1111111111111"/>
    <class days="0000100" id="689" room="37" start="211" weeks="1111111101111"/>
    <class days="0010000" id="690" room="37" start="222" weeks="1111111111111"/>
    <class days="0001000" id="691" room="72" start="222" weeks="1011111111111"/>
    <class days="0100000" id="692" room="37" start="222" weeks="1111111111111"/>
    <class days="0010000" id="693" room="24" start="189" weeks="1111111111111"/>
    <class days="0000100" id="694" room="37" start="233" weeks="1111111101111"/>
    <class days="0000100" id="695" room="72" start="123" weeks="1111111101111"/>
    <class days="0100000" id="696" room="64" start="167" weeks="1111111111111"/>
    <class days="0001000" id="697" room="64" start="222" weeks="1011111111111"/>
    <class days="0000100" id="698" room="37" start="189" weeks="1111111101111"/>
    <class days="0100000" id="699" room="64" start="211" weeks="1111111111111"/>
    <class days="0100000" id="700" start="167" weeks="1111111111111"/>
    <class days="0001000" id="701" room="40" start="211" weeks="1011111111111"/>
    <class days="0001000" id="702" room="24" start="178" weeks="1011111111111"/>
    <class days="0001000" id="703" start="178" weeks="1011111111111"/>
    <class days="0010000" id="704" start="189" weeks="1111111111111"/>
    <class days="0000100" id="705" room="72" start="167" weeks="1111111101111"/>
    <class days="0001000" id="706" room="59" start="178" weeks="1011111111111"/>
    <class days="0000100" id="707" room="72" start="90" weeks="1111111101111"/>
    <class days="0001000" id="708" start="189" weeks="1011111111111"/>
    <class days="0001000" id="709" room="23" start="211" weeks="1011111111111"/>
    <class days="0000100" id="710" room="13" start="101" weeks="1111111101111"/>
    <class days="0001000" id="711" room="37" start="112" weeks="1011111111111"/>
    <class days="0010000" id="712" room="37" start="189" weeks="1111111111111"/>
    <class days="0000100" id="713" room="72" start="167" weeks="0000010000000"/>
    <class days="0000100" id="714" room="72" start="101" weeks="0001000000000"/>
    <class days="0000100" id="715" room="72" start="145" weeks="0000000100000"/>
    <class days="0000100" id="716" room="72" start="101" weeks="0000000000010"/>
    <class days="0000100" id="717" room="72" start="167" weeks="0000000000001"/>
    <class days="0000100" id="718" room="28" start="211" weeks="0010000000000"/>
    <class days="0000100" id="719" room="43" start="189" weeks="0000001000000"/>
    <class days="0000100" id="720" room="66" start="90" weeks="0000000000100"/>
    <class days="0000100" id="721" room="46" start="211" weeks="0100000000000"/>
    <class days="0000100" id="722" room="13" start="134" weeks="0000000100000"/>
    <class days="0000100" id="723" room="81" start="90" weeks="0000000000100"/>
    <class days="0000100" id="724" room="29" start="200" weeks="0100000000000"/>
    <class days="0000100" id="725" room="7" start="189" weeks="0000000001000"/>
    <class days="0000100" id="726" room="12" start="101" weeks="0000000000100"/>
    <class days="0000100" id="727" room="31" start="189" weeks="1000000000000"/>
    <class days="0000100" id="728" room="18" start="145" weeks="0010000000000"/>
    <class days="0000100" id="729" room="36" start="178" weeks="0000001000000"/>
    <class days="0000100" id="730" room="23" start="145" weeks="0000001000000"/>
    <class days="0000100" id="731" room="75" start="156" weeks="0000001000000"/>
    <class days="0000100" id="732" room="59" start="101" weeks="0100000000000"/>
    <class days="0000100" id="733" room="58" start="123" weeks="0001000000000"/>
    <class days="0000100" id="734" room="29" start="222" weeks="0000000001000"/>
    <class days="0000100" id="735" room="66" start="145" weeks="0000001000000"/>
    <class days="0000100" id="736" room="30" start="145" weeks="0100000000000"/>
    <class days="0000100" id="737" room="75" start="189" weeks="0010000000000"/>
    <class days="0000100" id="738" room="29" start="222" weeks="0100000000000"/>
    <class days="0000100" id="739" room="63" start="134" weeks="0000000001000"/>
    <class days="0000100" id="740" room="65" start="156" weeks="0000001000000"/>
    <class days="0000100" id="741" room="85" start="123" weeks="0000000010000"/>
    <class days="0000100" id="742" room="23" start="211" weeks="0000000100000"/>
    <class days="0000010" id="743" room="39" start="145" weeks="0000000010000"/>
    <class days="0000010" id="744" room="19" start="101" weeks="0010000000000"/>
    <class days="0000010" id="745" room="22" start="123" weeks="0000000100000"/>
    <class days="0000010" id="746" room="34" start="222" weeks="0100000000000"/>
    <class days="0000100" id="747" room="66" start="222" weeks="0010000000000"/>
    <class days="0000100" id="748" room="85" start="189" weeks="0000001000000"/>
    <class days="0000100" id="749" room="13" start="145" weeks="0000000001000"/>
    <class days="0000100" id="750" room="15" start="222" weeks="0000000000001"/>
    <class days="0000100" id="751" room="43" start="123" weeks="0000010000000"/>
    <class days="0000100" id="752" room="11" start="156" weeks="0000010000000"/>
    <class days="0000100" id="753" room="66" start="189" weeks="0001000000000"/>
    <class days="0000100" id="754" room="64" start="134" weeks="0000000100000"/>
    <class days="0000100" id="755" room="66" start="178" weeks="0000100000000"/>
    <class days="0000100" id="756" room="56" start="167" weeks="0001000000000"/>
    <class days="0000100" id="757" room="61" start="211" weeks="0100000000000"/>
    <class days="0000100" id="758" room="80" start="189" weeks="0000000000100"/>
    <class days="0000100" id="759" room="21" start="112" weeks="0000000001000"/>
    <class days="0000100" id="760" room="72" start="178" weeks="0000001000000"/>
    <class days="0000100" id="761" room="72" start="211" weeks="0010000000000"/>
    <class days="0000100" id="762" room="72" start="178" weeks="0000100000000"/>
    <class days="0000100" id="763" room="72" start="211" weeks="0000000001000"/>
    <class days="0000100" id="764" room="24" start="222" weeks="1111111101111"/>
    <class days="0001000" id="765" room="56" start="233" weeks="1011111111111"/>
    <class days="0010000" id="766" room="37" start="123" weeks="1111111111111"/>
    <class days="0000100" id="767" room="24" start="178" weeks="1111111101111"/>
    <class days="0000100" id="768" room="24" start="112" weeks="1111111101111"/>
    <class days="0001000" id="769" room="6" start="200" weeks="1011111111111"/>
    <class days="0001000" id="770" start="200" weeks="1011111111111"/>
    <class days="0000100" id="771" room="24" start="233" weeks="1111111101111"/>
    <class days="0001000" id="772" room="58" start="101" weeks="1011111111111"/>
    <class days="0010000" id="773" room="56" start="211" weeks="1111111111111"/>
    <class days="0000100" id="774" room="25" start="167" weeks="0000000100000"/>
    <class days="0000100" id="775" room="25" start="167" weeks="0010000000000"/>
    <class days="0000100" id="776" room="25" start="101" weeks="0000000001000"/>
    <class days="0000100" id="777" room="25" start="112" weeks="0000000000100"/>
    <class days="0000100" id="778" room="25" start="123" weeks="0000000000100"/>
    <class days="0000100" id="779" room="25" start="112" weeks="0001000000000"/>
    <class days="0000100" id="780" room="25" start="156" weeks="0000000000010"/>
    <class days="0000100" id="781" room="25" start="145" weeks="0000001000000"/>
    <class days="0001000" id="782" room="25" start="123" weeks="1011111111111"/>
    <class days="0100000" id="783" room="25" start="145" weeks="1111111111111"/>
    <class days="1000000" id="784" room="25" start="189" weeks="1111111111111"/>
    <class days="0010000" id="785" room="25" start="189" weeks="1111111111111"/>
    <class days="0100000" id="786" room="25" start="123" weeks="1111111111111"/>
    <class days="0010000" id="787" room="11" start="90" weeks="1111111111111"/>
    <class days="1000000" id="788" room="37" start="101" weeks="1111111111111"/>
    <class days="1000000" id="789" room="37" start="90" weeks="1111111111111"/>
    <class days="1000000" id="790" room="37" start="123" weeks="1111111111111"/>
    <class days="0100000" id="791" room="19" start="101" weeks="1111111111111"/>
    <class days="1000000" id="792" room="66" start="167" weeks="1111111111111"/>
    <class days="0010000" id="793" room="35" start="134" weeks="1111111111111"/>
    <class days="1000000" id="794" room="37" start="222" weeks="1111111111111"/>
    <class days="0000100" id="795" room="46" start="90" weeks="1000000000000"/>
    <class days="0000100" id="796" room="46" start="211" weeks="0000010000000"/>
    <class days="0100000" id="797" room="46" start="145" weeks="1111111111111"/>
    <class days="0100000" id="798" room="46" start="156" weeks="1111111111111"/>
    <class days="0000100" id="799" room="46" start="222" weeks="0000100000000"/>
    <class days="0000100" id="800" room="54" start="222" weeks="0010000000000"/>
    <class days="0000100" id="801" room="46" start="222" weeks="0000001000000"/>
    <class days="0000100" id="802" room="54" start="222" weeks="0000000001000"/>
    <class days="0000010" id="803" room="34" start="134" weeks="0100000000000"/>
    <class days="0000010" id="804" room="54" start="123" weeks="0010000000000"/>
    <class days="0000010" id="805" room="54" start="167" weeks="0001000000000"/>
    <class days="0000010" id="806" room="34" start="123" weeks="0000000010000"/>
    <class days="0000010" id="807" room="54" start="178" weeks="0000100000000"/>
    <class days="0000010" id="808" room="65" start="178" weeks="0000001000000"/>
    <class days="0000010" id="809" room="65" start="211" weeks="0010000000000"/>
    <class days="0000010" id="810" room="34" start="200" weeks="0000100000000"/>
    <class days="0000010" id="811" room="65" start="222" weeks="0000001000000"/>
    <class days="0000010" id="812" room="34" start="90" weeks="0000000001000"/>
    <class days="0000010" id="813" room="65" start="123" weeks="0000001000000"/>
    <class days="0000010" id="814" room="54" start="90" weeks="0000000000010"/>
    <class days="0000010" id="815" room="54" start="145" weeks="0000000010000"/>
    <class days="0000010" id="816" room="54" start="123" weeks="0000000100000"/>
    <class days="0000010" id="817" room="54" start="156" weeks="0000100000000"/>
    <class days="0000010" id="818" room="24" start="156" weeks="0100000000000"/>
    <class days="0000010" id="819" room="24" start="156" weeks="0000000001000"/>
    <class days="0000010" id="820" room="24" start="156" weeks="0000000000001"/>
    <class days="0000010" id="821" room="54" start="101" weeks="0100000000000"/>
    <class days="0000010" id="822" room="54" start="156" weeks="0000001000000"/>
    <class days="0000010" id="823" room="65" start="134" weeks="0000000001000"/>
    <class days="0000010" id="824" room="64" start="178" weeks="0000100000000"/>
    <class days="0000010" id="825" room="12" start="134" weeks="0000001000000"/>
    <class days="0000010" id="826" room="54" start="167" weeks="0010000000000"/>
    <class days="0000010" id="827" room="46" start="134" weeks="0000100000000"/>
    <class days="0000010" id="828" room="75" start="123" weeks="0000001000000"/>
    <class days="0000010" id="829" room="81" start="134" weeks="0000000000010"/>
    <class days="0000010" id="830" room="64" start="211" weeks="0001000000000"/>
    <class days="0000010" id="831" room="49" start="222" weeks="0000000000100"/>
    <class days="0000010" id="832" room="38" start="211" weeks="0000100000000"/>
    <class days="0000010" id="833" room="6" start="222" weeks="0000000000001"/>
    <class days="0000010" id="834" room="64" start="145" weeks="0000000000010"/>
    <class days="0000010" id="835" room="64" start="112" weeks="0000000100000"/>
    <class days="0000010" id="836" room="18" start="134" weeks="0100000000000"/>
    <class days="0000010" id="837" room="11" start="178" weeks="0000100000000"/>
    <class days="0000010" id="838" room="18" start="145" weeks="0000000010000"/>
    <class days="0000010" id="839" room="31" start="134" weeks="0000000100000"/>
    <class days="0000010" id="840" room="15" start="112" weeks="0000000000001"/>
    <class days="0000010" id="841" room="18" start="90" weeks="0000001000000"/>
    <class days="0000010" id="842" room="66" start="112" weeks="0010000000000"/>
    <class days="0000010" id="843" room="6" start="90" weeks="0000000010000"/>
    <class days="0000010" id="844" room="59" start="167" weeks="0000000010000"/>
    <class days="0000010" id="845" room="65" start="123" weeks="0000001000000"/>
    <class days="0000010" id="846" room="6" start="145" weeks="0000000000010"/>
    <class days="0000010" id="847" room="47" start="123" weeks="0000000000010"/>
    <class days="0000010" id="848" room="16" start="101" weeks="0000100000000"/>
    <class days="0000010" id="849" room="21" start="90" weeks="0100000000000"/>
    <class days="0000010" id="850" room="31" start="112" weeks="0000001000000"/>
    <class days="0000010" id="851" room="6" start="101" weeks="0000000001000"/>
    <class days="0000010" id="852" room="48" start="145" weeks="0000100000000"/>
    <class days="0000010" id="853" room="76" start="123" weeks="0000000001000"/>
    <class days="0000010" id="854" room="21" start="211" weeks="0001000000000"/>
    <class days="0000010" id="855" room="59" start="167" weeks="0000000100000"/>
    <class days="0000010" id="856" room="16" start="123" weeks="0000000000010"/>
    <class days="0000010" id="857" room="69" start="112" weeks="0001000000000"/>
    <class days="0000010" id="858" room="76" start="123" weeks="0000000100000"/>
    <class days="0000010" id="859" room="39" start="189" weeks="0000100000000"/>
    <class days="0000010" id="860" room="76" start="178" weeks="0000000000100"/>
    <class days="0000010" id="861" room="24" start="156" weeks="0010000000000"/>
    <class days="0000010" id="862" room="24" start="156" weeks="0000000100000"/>
    <class days="0000010" id="863" room="24" start="156" weeks="0000000001000"/>
    <class days="0000010" id="864" room="24" start="178" weeks="0000000000100"/>
    <class days="0000010" id="865" room="39" start="200" weeks="0100000000000"/>
    <class days="0000010" id="866" room="12" start="90" weeks="0000000001000"/>
    <class days="0000010" id="867" room="48" start="90" weeks="0000000000010"/>
    <class days="0000010" id="868" room="12" start="156" weeks="0000100000000"/>
    <class days="0000010" id="869" room="65" start="222" weeks="0000001000000"/>
    <class days="0000010" id="870" room="54" start="123" weeks="0000100000000"/>
    <class days="0000010" id="871" room="59" start="90" weeks="0000000010000"/>
    <class days="0000010" id="872" room="7" start="222" weeks="0000000010000"/>
    <class days="0000010" id="873" room="18" start="156" weeks="0000001000000"/>
    <class days="0000010" id="874" room="66" start="156" weeks="0000000000100"/>
    <class days="0000010" id="875" room="47" start="167" weeks="0000000000010"/>
    <class days="0000010" id="876" room="11" start="233" weeks="0000000000010"/>
    <class days="0000010" id="877" room="64" start="211" weeks="0000001000000"/>
    <class days="0000010" id="878" room="49" start="134" weeks="0000000001000"/>
    <class days="0000010" id="879" room="36" start="112" weeks="0000000000001"/>
    <class days="0000010" id="880" room="15" start="200" weeks="0010000000000"/>
    <class days="0000010" id="881" room="76" start="112" weeks="0000100000000"/>
    <class days="0000010" id="882" room="81" start="178" weeks="0000000010000"/>
    <class days="0000010" id="883" room="31" start="134" weeks="0010000000000"/>
    <class days="0000010" id="884" room="49" start="145" weeks="0001000000000"/>
    <class days="0000010" id="885" room="64" start="156" weeks="0000001000000"/>
    <class days="0000010" id="886" room="12" start="112" weeks="0000000010000"/>
    <class days="0000010" id="887" room="9" start="90" weeks="0000000001000"/>
    <class days="0000010" id="888" room="21" start="123" weeks="0000100000000"/>
    <class days="0000010" id="889" room="59" start="90" weeks="0000000000010"/>
    <class days="0000010" id="890" room="66" start="101" weeks="1000000000000"/>
    <class days="0000010" id="891" room="18" start="156" weeks="1000000000000"/>
    <class days="0000010" id="892" room="12" start="167" weeks="0100000000000"/>
    <class days="0000010" id="893" room="81" start="112" weeks="0000001000000"/>
    <class days="0000010" id="894" room="64" start="233" weeks="0000000000010"/>
    <class days="0000010" id="895" room="81" start="167" weeks="0000100000000"/>
    <class days="0000010" id="896" room="11" start="134" weeks="0000000100000"/>
    <class days="0000010" id="897" room="66" start="156" weeks="0000000010000"/>
    <class days="0000010" id="898" room="66" start="178" weeks="0000000000001"/>
    <class days="0000010" id="899" room="47" start="189" weeks="0010000000000"/>
    <class days="0000010" id="900" room="12" start="178" weeks="0000100000000"/>
    <class days="0000010" id="901" room="9" start="189" weeks="0000100000000"/>
    <class days="0000010" id="902" room="7" start="90" weeks="0000000000001"/>
    <class days="0000010" id="903" room="16" start="101" weeks="0000000010000"/>
    <class days="0000010" id="904" room="36" start="211" weeks="0000000001000"/>
    <class days="0000010" id="905" room="11" start="90" weeks="0000100000000"/>
    <class days="0000010" id="906" room="39" start="134" weeks="0000000010000"/>
    <class days="0000010" id="907" room="76" start="90" weeks="0000001000000"/>
    <class days="0000010" id="908" room="38" start="101" weeks="0010000000000"/>
    <class days="0000010" id="909" room="54" start="189" weeks="0000100000000"/>
    <class days="0000010" id="910" room="59" start="145" weeks="0001000000000"/>
    <class days="0000010" id="911" room="36" start="222" weeks="0000100000000"/>
    <class days="0000010" id="912" room="81" start="134" weeks="0000000010000"/>
    <class days="0000010" id="913" room="64" start="134" weeks="0000000000001"/>
    <class days="0000010" id="914" room="18" start="189" weeks="1000000000000"/>
    <class days="0000010" id="915" room="38" start="200" weeks="0000001000000"/>
    <class days="0000010" id="916" room="21" start="167" weeks="0000000010000"/>
    <class days="0000010" id="917" room="15" start="112" weeks="0000000000001"/>
    <class days="0000010" id="918" room="75" start="145" weeks="0000000001000"/>
    <class days="0000010" id="919" room="6" start="200" weeks="0000000010000"/>
    <class days="0000010" id="920" room="49" start="90" weeks="0000000000001"/>
    <class days="0000010" id="921" room="39" start="222" weeks="0100000000000"/>
    <class days="0000010" id="922" room="46" start="101" weeks="0000001000000"/>
    <class days="0000010" id="923" room="18" start="189" weeks="0000000000100"/>
    <class days="0000010" id="924" room="36" start="167" weeks="0000000000100"/>
    <class days="0000010" id="925" room="46" start="90" weeks="0000000001000"/>
    <class days="0000010" id="926" room="48" start="222" weeks="0010000000000"/>
    <class days="0000010" id="927" room="56" start="200" weeks="0000100000000"/>
    <class days="0000010" id="928" room="30" start="189" weeks="0000000001000"/>
    <class days="0000010" id="929" room="25" start="189" weeks="0000001000000"/>
    <class days="0000010" id="930" room="75" start="222" weeks="0000000000100"/>
    <class days="0000010" id="931" room="38" start="200" weeks="1000000000000"/>
    <class days="0000010" id="932" room="47" start="90" weeks="0010000000000"/>
    <class days="0000010" id="933" room="12" start="178" weeks="0010000000000"/>
    <class days="0000010" id="934" room="75" start="167" weeks="0000000001000"/>
    <class days="0000010" id="935" room="48" start="222" weeks="1000000000000"/>
    <class days="0000010" id="936" room="64" start="189" weeks="0100000000000"/>
    <class days="0000010" id="937" room="64" start="222" weeks="0010000000000"/>
    <class days="0000010" id="938" room="49" start="211" weeks="0000000010000"/>
    <class days="0000010" id="939" room="66" start="101" weeks="0001000000000"/>
    <class days="0000010" id="940" room="76" start="200" weeks="0000000001000"/>
    <class days="0000010" id="941" room="39" start="123" weeks="0000100000000"/>
    <class days="0000010" id="942" room="65" start="112" weeks="0000001000000"/>
    <class days="0000010" id="943" room="36" start="222" weeks="0000000100000"/>
    <class days="0000010" id="944" room="36" start="200" weeks="0000000010000"/>
    <class days="0000010" id="945" room="18" start="145" weeks="0000000100000"/>
    <class days="0000010" id="946" room="39" start="211" weeks="0001000000000"/>
    <class days="0000010" id="947" room="39" start="134" weeks="0000000000100"/>
    <class days="0000010" id="948" room="36" start="167" weeks="0000100000000"/>
    <class days="0000010" id="949" room="11" start="156" weeks="1000000000000"/>
    <class days="0000010" id="950" room="59" start="178" weeks="0000100000000"/>
    <class days="0000010" id="951" room="31" start="156" weeks="0000000100000"/>
    <class days="0000010" id="952" room="49" start="145" weeks="0000000010000"/>
    <class days="0000010" id="953" room="59" start="178" weeks="0000000001000"/>
    <class days="0000010" id="954" room="16" start="112" weeks="0000000001000"/>
    <class days="0000010" id="955" room="12" start="134" weeks="0000000000010"/>
    <class days="0000010" id="956" room="48" start="123" weeks="0010000000000"/>
    <class days="0000010" id="957" room="18" start="211" weeks="0000001000000"/>
    <class days="0000010" id="958" room="69" start="189" weeks="0000000000100"/>
    <class days="0000010" id="959" room="81" start="90" weeks="0001000000000"/>
    <class days="0000010" id="960" room="47" start="156" weeks="0000000001000"/>
    <class days="0000010" id="961" start="167" weeks="0000000100000"/>
    <class days="0000010" id="962" room="6" start="167" weeks="0000000000010"/>
    <class days="0000010" id="963" room="26" start="167" weeks="1000000000000"/>
    <class days="0000010" id="964" room="12" start="222" weeks="0000000100000"/>
    <class days="0000010" id="965" room="30" start="101" weeks="0000100000000"/>
    <class days="0000010" id="966" room="18" start="200" weeks="0000100000000"/>
    <class days="0000010" id="967" room="81" start="90" weeks="0000000000001"/>
    <class days="0000010" id="968" room="59" start="211" weeks="0000100000000"/>
    <class days="0000010" id="969" room="29" start="145" weeks="0000000000001"/>
    <class days="0100000" id="970" room="25" start="101" weeks="1111111111111"/>
    <class days="0100000" id="971" room="19" start="156" weeks="1010101010101"/>
    <class days="0100000" id="972" room="48" start="211" weeks="1111111111111"/>
    <class days="0001000" id="973" room="65" start="189" weeks="1011111111111"/>
    <class days="0100000" id="974" room="24" start="167" weeks="1111111111111"/>
    <class days="0010000" id="975" room="23" start="123" weeks="1111111111111"/>
    <class days="0010000" id="976" room="25" start="112" weeks="1111111111111"/>
    <class days="0010000" id="977" room="64" start="200" weeks="1111111111111"/>
    <class days="0001000" id="978" room="6" start="211" weeks="1011111111111"/>
    <class days="0001000" id="979" room="34" start="222" weeks="1011111111111"/>
    <class days="0010000" id="980" start="222" weeks="1111111111111"/>
    <class days="0010000" id="981" room="12" start="200" weeks="1111111111111"/>
    <class days="1000000" id="982" room="39" start="123" weeks="1111111111111"/>
    <class days="0100000" id="983" room="80" start="167" weeks="1111111111111"/>
    <class days="0001000" id="984" room="25" start="211" weeks="1011111111111"/>
    <class days="0001000" id="985" room="76" start="178" weeks="1011111111111"/>
    <class days="0001000" id="986" room="80" start="134" weeks="1011111111111"/>
    <class days="0100000" id="987" room="66" start="134" weeks="1111111111111"/>
    <class days="0010000" id="988" start="211" weeks="1111111111111"/>
    <class days="0001000" id="989" room="66" start="112" weeks="1011111111111"/>
    <class days="0010000" id="990" room="75" start="200" weeks="1111111111111"/>
    <class days="0010000" id="991" room="23" start="101" weeks="1111111111111"/>
    <class days="0001000" id="992" start="134" weeks="1011111111111"/>
    <class days="0100000" id="993" room="31" start="167" weeks="1111111111111"/>
    <class days="0100000" id="994" room="64" start="178" weeks="1111111111111"/>
    <class days="0100000" id="995" room="64" start="145" weeks="1111111111111"/>
    <class days="0100000" id="996" room="58" start="123" weeks="1111111111111"/>
    <class days="1000000" id="997" room="28" start="156" weeks="1111111111111"/>
    <class days="1000000" id="998" room="31" start="211" weeks="1111111111111"/>
    <class days="0001000" id="999" room="56" start="90" weeks="1011111111111"/>
    <class days="0010000" id="1000" start="123" weeks="1111111111111"/>
    <class days="0100000" id="1001" room="24" start="145" weeks="1111111111111"/>
    <class days="1000000" id="1002" room="66" start="178" weeks="1111111111111"/>
    <class days="1000000" id="1003" room="40" start="178" weeks="1111111111111"/>
    <class days="0001000" id="1004" room="34" start="112" weeks="1011111111111"/>
    <class days="0010000" id="1005" start="222" weeks="1111111111111"/>
    <class days="0000100" id="1006" room="25" start="134" weeks="0001000000000"/>
    <class days="0000100" id="1007" room="25" start="134" weeks="0000010000000"/>
    <class days="0000100" id="1008" room="25" start="167" weeks="0000100000000"/>
    <class days="0000100" id="1009" room="25" start="189" weeks="0000000000100"/>
    <class days="0000100" id="1010" room="25" start="189" weeks="0000100000000"/>
    <class days="0000100" id="1011" room="25" start="167" weeks="0000000000100"/>
    <class days="0000100" id="1012" room="25" start="145" weeks="0000100000000"/>
    <class days="0000100" id="1013" room="25" start="167" weeks="0000010000000"/>
    <class days="0001000" id="1014" room="25" start="112" weeks="1011111111111"/>
    <class days="0001000" id="1015" room="25" start="189" weeks="1011111111111"/>
    <class days="0100000" id="1016" room="36" start="123" weeks="1111111111111"/>
    <class days="0001000" id="1017" room="9" start="90" weeks="1011111111111"/>
    <class days="0010000" id="1018" room="11" start="123" weeks="1111111111111"/>
    <class days="0001000" id="1019" room="9" start="178" weeks="1011111111111"/>
    <class days="1000000" id="1020" room="30" start="200" weeks="1111111111111"/>
    <class days="0001000" id="1021" room="11" start="90" weeks="1011111111111"/>
    <class days="0100000" id="1022" room="39" start="189" weeks="0101010101010"/>
    <class days="1000000" id="1023" room="36" start="211" weeks="1010101010101"/>
    <class days="0010000" id="1024" room="35" start="167" weeks="1111111111111"/>
    <class days="0100000" id="1025" room="70" start="200" weeks="1111111111111"/>
    <class days="0100000" id="1026" room="11" start="189" weeks="1010101010101"/>
    <class days="0010000" id="1027" room="75" start="222" weeks="1111111111111"/>
    <class days="0100000" id="1028" room="29" start="145" weeks="1111111111111"/>
    <class days="0100000" id="1029" room="59" start="167" weeks="1111111111111"/>
    <class days="0001000" id="1030" room="39" start="145" weeks="0001010101010"/>
    <class days="1000000" id="1031" room="39" start="211" weeks="1010101010101"/>
    <class days="0001000" id="1032" room="18" start="123" weeks="1011111111111"/>
    <class days="0001000" id="1033" room="58" start="123" weeks="1011111111111"/>
    <class days="0010000" id="1034" room="22" start="178" weeks="1111111111111"/>
    <class days="0100000" id="1035" room="34" start="178" weeks="1111111111111"/>
    <class days="0001000" id="1036" start="145" weeks="1011111111111"/>
    <class days="0001000" id="1037" room="34" start="156" weeks="1011111111111"/>
    <class days="0001000" id="1038" room="6" start="134" weeks="1011111111111"/>
    <class days="1000000" id="1039" room="38" start="189" weeks="1010101010101"/>
    <class days="0001000" id="1040" room="11" start="211" weeks="0001010101010"/>
    <class days="0100000" id="1041" room="59" start="189" weeks="1111111111111"/>
    <class days="0010000" id="1042" room="28" start="178" weeks="1111111111111"/>
    <class days="0000100" id="1043" room="66" start="123" weeks="1001010001000"/>
    <class days="0001000" id="1044" room="56" start="112" weeks="0001010101010"/>
    <class days="0001000" id="1045" room="39" start="101" weeks="1011111111111"/>
    <class days="0001000" id="1046" room="76" start="134" weeks="1011111111111"/>
    <class days="0001000" id="1047" room="66" start="189" weeks="1011111111111"/>
    <class days="0001000" id="1048" room="30" start="178" weeks="0001010101010"/>
    <class days="0000100" id="1049" room="66" start="123" weeks="1001010001000"/>
    <class days="0001000" id="1050" room="11" start="123" weeks="1011111111111"/>
    <class days="0001000" id="1051" room="9" start="101" weeks="1010101010101"/>
    <class days="0000100" id="1052" room="39" start="178" weeks="0101010101010"/>
    <class days="0001000" id="1053" room="75" start="145" weeks="1011111111111"/>
    <class days="0001000" id="1054" room="49" start="123" weeks="1011111111111"/>
    <class days="0001000" id="1055" room="47" start="156" weeks="1011111111111"/>
    <class days="0001000" id="1056" room="12" start="123" weeks="1010101010101"/>
    <class days="0001000" id="1057" room="12" start="123" weeks="0001010101010"/>
    <class days="0001000" id="1058" room="23" start="112" weeks="0001010101010"/>
    <class days="0001000" id="1059" room="6" start="112" weeks="1010101010101"/>
    <class days="0010000" id="1060" room="26" start="211" weeks="1111111111111"/>
    <class days="0000100" id="1061" room="76" start="156" weeks="1010101000101"/>
    <class days="0000100" id="1062" room="30" start="101" weeks="1010101000101"/>
    <class days="0000100" id="1063" room="36" start="123" weeks="1010101000101"/>
    <class days="0000100" id="1064" room="7" start="101" weeks="1010101000101"/>
    <class days="0000100" id="1065" room="73" start="134" weeks="1010101000101"/>
    <class days="1000000" id="1066" room="47" start="112" weeks="1111111111111"/>
    <class days="1000000" id="1067" room="49" start="123" weeks="1111111111111"/>
    <class days="0010000" id="1068" room="56" start="222" weeks="1111111111111"/>
    <class days="0100000" id="1069" room="69" start="134" weeks="1111111111111"/>
    <class days="0001000" id="1070" room="69" start="189" weeks="1011111111111"/>
    <class days="0100000" id="1071" room="59" start="123" weeks="1111111111111"/>
    <class days="0001000" id="1072" room="49" start="145" weeks="1011111111111"/>
    <class days="1000000" id="1073" room="16" start="222" weeks="0101010101010"/>
    <class days="0100000" id="1074" room="47" start="123" weeks="1111111111111"/>
    <class days="1000000" id="1075" room="69" start="178" weeks="1111111111111"/>
    <class days="0100000" id="1076" room="66" start="90" weeks="1111111111111"/>
    <class days="0010000" id="1077" room="54" start="222" weeks="1111111111111"/>
    <class days="0100000" id="1078" room="65" start="189" weeks="1111111111111"/>
    <class days="0100000" id="1079" room="23" start="101" weeks="1111111111111"/>
    <class days="1000000" id="1080" room="9" start="134" weeks="1111111111111"/>
    <class days="0100000" id="1081" room="18" start="156" weeks="1111111111111"/>
    <class days="0001000" id="1082" room="75" start="101" weeks="1011111111111"/>
    <class days="0100000" id="1083" room="25" start="222" weeks="1111111111111"/>
    <class days="0010000" id="1084" room="28" start="189" weeks="1111111111111"/>
    <class days="0010000" id="1085" room="56" start="222" weeks="1111111111111"/>
    <class days="1000000" id="1086" room="19" start="178" weeks="1111111111111"/>
    <class days="1000000" id="1087" room="28" start="211" weeks="1101100110110"/>
    <class days="0001000" id="1088" room="28" start="222" weeks="1011111111111"/>
    <class days="0010000" id="1089" room="29" start="156" weeks="1111111111111"/>
    <class days="1000000" id="1090" room="19" start="101" weeks="1111111111111"/>
    <class days="0001000" id="1091" room="30" start="156" weeks="1011111111111"/>
    <class days="0000100" id="1092" room="53" start="134" weeks="0110101100111"/>
    <class days="0000100" id="1093" room="11" start="134" weeks="1111111101111"/>
    <class days="0000100" id="1094" room="9" start="145" weeks="1111111101111"/>
    <class days="0000100" id="1095" room="53" start="145" weeks="1111111101111"/>
    <class days="0000100" id="1096" room="53" start="200" weeks="1111111101111"/>
    <class days="0000100" id="1097" room="53" start="90" weeks="1111111101111"/>
    <class days="0000100" id="1098" room="53" start="112" weeks="1111111101111"/>
    <class days="0010000" id="1099" room="12" start="90" weeks="1111111111111"/>
    <class days="0000010" id="1100" room="18" start="90" weeks="0000000001000"/>
    <class days="0000010" id="1101" room="27" start="189" weeks="0000000100000"/>
    <class days="0000010" id="1102" start="134" weeks="0000000001000"/>
    <class days="0000100" id="1103" room="27" start="123" weeks="0000000100000"/>
    <class days="0000010" id="1104" start="90" weeks="0000000100000"/>
    <class days="0000010" id="1105" start="156" weeks="0000000100000"/>
    <class days="0000100" id="1106" room="58" start="211" weeks="1000000000000"/>
    <class days="0000100" id="1107" room="69" start="189" weeks="0000010000000"/>
    <class days="0000100" id="1108" room="16" start="123" weeks="0000000001000"/>
    <class days="0000100" id="1109" room="49" start="211" weeks="0000010000000"/>
    <class days="0000100" id="1110" room="58" start="211" weeks="0000000000010"/>
    <class days="0000100" id="1111" room="58" start="200" weeks="0000001000000"/>
    <class days="0010000" id="1112" room="25" start="156" weeks="1111111111111"/>
    <class days="0010000" id="1113" room="25" start="167" weeks="1111111111111"/>
    <class days="0010000" id="1114" room="25" start="123" weeks="1111111111111"/>
    <class days="0010000" id="1115" room="25" start="145" weeks="1111111111111"/>
    <class days="0100000" id="1116" room="27" start="200" weeks="1010101010101"/>
    <class days="0000100" id="1117" start="112" weeks="0000100000000"/>
    <class days="0001000" id="1118" room="27" start="134" weeks="1010101010101"/>
    <class days="1000000" id="1119" room="27" start="167" weeks="1010101010101"/>
    <class days="1000000" id="1120" room="18" start="222" weeks="1111111111111"/>
    <class days="0010000" id="1121" room="18" start="134" weeks="1111111111111"/>
    <class days="0010000" id="1122" room="18" start="90" weeks="1111111111111"/>
    <class days="0010000" id="1123" room="46" start="189" weeks="1111111111111"/>
    <class days="1000000" id="1124" room="11" start="200" weeks="1111111111111"/>
    <class days="0100000" id="1125" room="35" start="200" weeks="1111111111111"/>
    <class days="0100000" id="1126" room="30" start="167" weeks="1111111111111"/>
    <class days="0001000" id="1127" room="6" start="156" weeks="1011111111111"/>
    <class days="1000000" id="1128" room="38" start="112" weeks="1111111111111"/>
    <class days="0001000" id="1129" room="75" start="189" weeks="1011111111111"/>
    <class days="0001000" id="1130" room="25" start="200" weeks="1011111111111"/>
    <class days="0100000" id="1131" room="12" start="123" weeks="1111111111111"/>
    <class days="0010000" id="1132" room="34" start="90" weeks="1111111111111"/>
    <class days="0100000" id="1133" room="9" start="101" weeks="1111111111111"/>
    <class days="0010000" id="1134" room="54" start="189" weeks="1111111111111"/>
    <class days="0100000" id="1135" room="18" start="200" weeks="1111111111111"/>
    <class days="0100000" id="1136" room="65" start="178" weeks="1111111111111"/>
    <class days="0001000" id="1137" room="11" start="134" weeks="1011111111111"/>
    <class days="0001000" id="1138" room="38" start="145" weeks="1011111111111"/>
    <class days="1000000" id="1139" room="39" start="101" weeks="1111111111111"/>
    <class days="1000000" id="1140" room="59" start="222" weeks="1111111111111"/>
    <class days="0010000" id="1141" room="18" start="134" weeks="1111111111111"/>
    <class days="1000000" id="1142" room="59" start="101" weeks="1111111111111"/>
    <class days="0001000" id="1143" room="12" start="222" weeks="1011111111111"/>
    <class days="1000000" id="1144" room="25" start="123" weeks="1111111111111"/>
    <class days="0100000" id="1145" room="39" start="167" weeks="1111111111111"/>
    <class days="0010000" id="1146" room="39" start="222" weeks="1111111111111"/>
    <class days="0001000" id="1147" room="46" start="112" weeks="1011111111111"/>
    <class days="0100000" id="1148" room="46" start="189" weeks="1111111111111"/>
    <class days="0100000" id="1149" room="38" start="90" weeks="1111111111111"/>
    <class days="0100000" id="1150" room="59" start="156" weeks="1111111111111"/>
    <class days="1000000" id="1151" room="69" start="222" weeks="1111111111111"/>
    <class days="0001000" id="1152" room="48" start="222" weeks="1011111111111"/>
    <class days="1000000" id="1153" room="76" start="90" weeks="1111111111111"/>
    <class days="1000000" id="1154" room="65" start="211" weeks="1111111111111"/>
    <class days="0100000" id="1155" room="49" start="233" weeks="1111111111111"/>
    <class days="0001000" id="1156" room="56" start="178" weeks="1011111111111"/>
    <class days="0010000" id="1157" room="48" start="112" weeks="1111111111111"/>
    <class days="0100000" id="1158" room="76" start="222" weeks="1111111111111"/>
    <class days="0001000" id="1159" room="18" start="189" weeks="1011111111111"/>
    <class days="1000000" id="1160" start="145" weeks="1111111111111"/>
    <class days="1000000" id="1161" start="178" weeks="1111111111111"/>
    <class days="0100000" id="1162" start="134" weeks="1111111111111"/>
    <class days="0010000" id="1163" start="178" weeks="1111111111111"/>
    <class days="0100000" id="1164" room="49" start="145" weeks="1111111111111"/>
    <class days="0010000" id="1165" room="27" start="90" weeks="1010101010101"/>
    <class days="1000000" id="1166" start="156" weeks="1111111111111"/>
    <class days="0010000" id="1167" start="189" weeks="1111111111111"/>
    <class days="0000100" id="1168" room="27" start="112" weeks="0000000001000"/>
    <class days="0000010" id="1169" room="11" start="101" weeks="0000001000000"/>
    <class days="0000010" id="1170" room="35" start="123" weeks="0000000100000"/>
    <class days="0000010" id="1171" room="27" start="189" weeks="0000000000100"/>
    <class days="0000100" id="1172" room="27" start="101" weeks="0000000000100"/>
    <class days="0000010" id="1173" room="27" start="90" weeks="0000001000000"/>
    <class days="0000010" id="1174" room="61" start="101" weeks="0000000010000"/>
    <class days="0000100" id="1175" room="27" start="100" weeks="0000100000000"/>
    <class days="0000010" id="1176" room="16" start="189" weeks="0000000010000"/>
    <class days="0000100" id="1177" room="73" start="134" weeks="0000000010000"/>
    <class days="0000010" id="1178" room="31" start="200" weeks="0000000001000"/>
    <class days="0000100" id="1179" room="27" start="167" weeks="0000010000000"/>
    <class days="0000010" id="1180" room="27" start="101" weeks="0000001000000"/>
    <class days="0000100" id="1181" room="18" start="112" weeks="0010000000000"/>
    <class days="0000010" id="1182" room="27" start="123" weeks="0000100000000"/>
    <class days="0000100" id="1183" room="23" start="123" weeks="0000100000000"/>
    <class days="0100000" id="1184" room="50" start="211" weeks="1111111111111"/>
    <class days="1000000" id="1185" room="27" start="123" weeks="1111111111111"/>
    <class days="0001000" id="1186" room="27" start="189" weeks="1011111111111"/>
    <class days="0000100" id="1187" room="26" start="134" weeks="0000000100000"/>
    <class days="0000100" id="1188" room="56" start="90" weeks="0000000000010"/>
    <class days="0000100" id="1189" room="80" start="123" weeks="0000000000100"/>
    <class days="0000100" id="1190" room="65" start="123" weeks="0000000100000"/>
    <class days="0000100" id="1191" room="64" start="189" weeks="0010000000000"/>
    <class days="0000100" id="1192" room="21" start="178" weeks="0000100000000"/>
    <class days="0000100" id="1193" room="31" start="200" weeks="0000010000000"/>
    <class days="0000100" id="1194" room="69" start="145" weeks="0000000000100"/>
    <class days="0000100" id="1195" room="81" start="134" weeks="0000000000010"/>
    <class days="0000100" id="1196" start="134" weeks="0000000001000"/>
    <class days="0000100" id="1197" room="18" start="112" weeks="0000100000000"/>
    <class days="0000100" id="1198" room="69" start="101" weeks="0000000000010"/>
    <class days="0000100" id="1199" room="38" start="90" weeks="0000000001000"/>
    <class days="0001000" id="1200" room="11" start="156" weeks="1010101010101"/>
    <class days="0001000" id="1201" room="36" start="200" weeks="1011111111111"/>
    <class days="0100000" id="1202" room="34" start="134" weeks="1111111111111"/>
    <class days="1000000" id="1203" room="39" start="90" weeks="1111111111111"/>
    <class days="0010000" id="1204" room="18" start="123" weeks="1010101010101"/>
    <class days="1000000" id="1205" room="46" start="90" weeks="1111111111111"/>
    <class days="0100000" id="1206" room="11" start="178" weeks="1111111111111"/>
    <class days="0100000" id="1207" room="11" start="90" weeks="1111111111111"/>
    <class days="0010000" id="1208" room="38" start="101" weeks="1111111111111"/>
    <class days="1000000" id="1209" room="46" start="167" weeks="1111111111111"/>
    <class days="0010000" id="1210" room="36" start="145" weeks="1111111111111"/>
    <class days="0010000" id="1211" room="9" start="112" weeks="1111111111111"/>
    <class days="0010000" id="1212" room="47" start="167" weeks="1111111111111"/>
    <class days="0001000" id="1213" room="46" start="211" weeks="1011111111111"/>
    <class days="0010000" id="1214" room="36" start="123" weeks="1111111111111"/>
    <class days="0010000" id="1215" room="9" start="178" weeks="1111111111111"/>
    <class days="0010000" id="1216" room="11" start="167" weeks="1111111111111"/>
    <class days="1000000" id="1217" room="46" start="222" weeks="1111111111111"/>
    <class days="0100000" id="1218" room="18" start="178" weeks="1111111111111"/>
    <class days="0001000" id="1219" room="36" start="233" weeks="1011111111111"/>
    <class days="0010000" id="1220" room="66" start="90" weeks="1111111111111"/>
    <class days="0001000" id="1221" room="64" start="123" weeks="1011111111111"/>
    <class days="1000000" id="1222" room="65" start="189" weeks="1111111111111"/>
    <class days="1000000" id="1223" room="64" start="189" weeks="1111111111111"/>
    <class days="1000000" id="1224" room="47" start="90" weeks="1111111111111"/>
    <class days="1000000" id="1225" room="12" start="134" weeks="1111111111111"/>
    <class days="1000000" id="1226" room="69" start="178" weeks="1111111111111"/>
    <class days="0000100" id="1227" room="39" start="112" weeks="0000000001000"/>
    <class days="0000100" id="1228" room="18" start="112" weeks="0000000000100"/>
    <class days="0000100" id="1229" room="29" start="90" weeks="0000001000000"/>
    <class days="0000100" id="1230" room="35" start="189" weeks="0000000000100"/>
    <class days="0000100" id="1231" room="13" start="101" weeks="0000000001000"/>
    <class days="0000100" id="1232" room="48" start="123" weeks="0000001000000"/>
    <class days="0000100" id="1233" room="31" start="123" weeks="0000000000100"/>
    <class days="0000100" id="1234" room="16" start="112" weeks="0000100000000"/>
    <class days="0000100" id="1235" room="31" start="123" weeks="1000000000000"/>
    <class days="0000100" id="1236" room="9" start="101" weeks="0010000000000"/>
    <class days="0000100" id="1237" room="69" start="112" weeks="0000000000100"/>
    <class days="0000100" id="1238" room="58" start="123" weeks="0000000000001"/>
    <class days="0000100" id="1239" room="66" start="123" weeks="0000000001000"/>
    <class days="0000100" id="1240" room="69" start="123" weeks="0100000000000"/>
    <class days="1000000" id="1241" room="46" start="178" weeks="1111111111111"/>
    <class days="0010000" id="1242" room="64" start="178" weeks="1111111111111"/>
    <class days="1000000" id="1243" room="11" start="189" weeks="1111111111111"/>
    <class days="0010000" id="1244" room="36" start="189" weeks="1111111111111"/>
    <class days="0010000" id="1245" room="54" start="101" weeks="1111111111111"/>
    <class days="0001000" id="1246" room="46" start="90" weeks="1011111111111"/>
    <class days="0010000" id="1247" room="36" start="90" weeks="1111111111111"/>
    <class days="0100000" id="1248" room="38" start="189" weeks="1111111111111"/>
    <class days="1000000" id="1249" room="58" start="233" weeks="1111111111111"/>
    <class days="1000000" id="1250" room="69" start="211" weeks="1111111111111"/>
    <class days="0001000" id="1251" room="65" start="178" weeks="1011111111111"/>
    <class days="0001000" id="1252" room="34" start="145" weeks="1011111111111"/>
    <class days="0100000" id="1253" room="50" start="167" weeks="1111111111111"/>
    <class days="0001000" id="1254" room="28" start="134" weeks="1011111111111"/>
    <class days="0100000" id="1255" room="11" start="112" weeks="1111111111111"/>
    <class days="1000000" id="1256" room="54" start="189" weeks="1111111111111"/>
    <class days="1000000" id="1257" room="34" start="134" weeks="1111111111111"/>
    <class days="0001000" id="1258" room="16" start="134" weeks="1011111111111"/>
    <class days="0001000" id="1259" room="64" start="156" weeks="1011111111111"/>
    <class days="0001000" id="1260" room="36" start="178" weeks="1011111111111"/>
    <class days="0000100" id="1261" room="36" start="123" weeks="0000000001000"/>
    <class days="0000100" id="1262" room="29" start="123" weeks="0000010000000"/>
    <class days="0000100" id="1263" room="54" start="134" weeks="1000000000000"/>
    <class days="0100000" id="1264" room="66" start="178" weeks="0101010101010"/>
    <class days="0010000" id="1265" room="47" start="134" weeks="1111111111111"/>
    <class days="0010000" id="1266" room="66" start="90" weeks="1111111111111"/>
    <class days="0100000" id="1267" room="75" start="90" weeks="1111111111111"/>
    <class days="0100000" id="1268" room="50" start="123" weeks="1111111111111"/>
    <class days="1000000" id="1269" room="11" start="123" weeks="1111111111111"/>
    <class days="1000000" id="1270" room="76" start="145" weeks="1111111111111"/>
    <class days="0100000" id="1271" room="58" start="167" weeks="1111111111111"/>
    <class days="0100000" id="1272" room="65" start="189" weeks="1111111111111"/>
    <class days="0100000" id="1273" room="6" start="112" weeks="1111111111111"/>
    <class days="0100000" id="1274" room="18" start="145" weeks="1111111111111"/>
    <class days="0100000" id="1275" room="28" start="156" weeks="1111111111111"/>
    <class days="0100000" id="1276" room="16" start="134" weeks="1111111111111"/>
    <class days="0100000" id="1277" room="11" start="145" weeks="1111111111111"/>
    <class days="0100000" id="1278" room="36" start="167" weeks="1111111111111"/>
    <class days="0100000" id="1279" room="36" start="178" weeks="1111111111111"/>
    <class days="1000000" id="1280" room="66" start="101" weeks="1111111111111"/>
    <class days="1000000" id="1281" room="29" start="123" weeks="1111111111111"/>
    <class days="0100000" id="1282" room="39" start="112" weeks="1111111111111"/>
    <class days="0100000" id="1283" room="6" start="123" weeks="1111111111111"/>
    <class days="0100000" id="1284" room="29" start="90" weeks="1111111111111"/>
    <class days="0100000" id="1285" room="25" start="112" weeks="1111111111111"/>
    <class days="0100000" id="1286" room="50" start="156" weeks="1111111111111"/>
    <class days="0100000" id="1287" room="69" start="178" weeks="1111111111111"/>
    <class days="0100000" id="1288" room="38" start="123" weeks="1111111111111"/>
    <class days="0100000" id="1289" room="28" start="134" weeks="1111111111111"/>
    <class days="1000000" id="1290" start="200" weeks="1111111111111"/>
    <class days="0001000" id="1291" start="123" weeks="1011111111111"/>
    <class days="1000000" id="1292" start="112" weeks="1111111111111"/>
    <class days="0010000" id="1293" start="123" weeks="1111111111111"/>
    <class days="0010000" id="1294" start="167" weeks="1111111111111"/>
    <class days="0010000" id="1295" room="38" start="189" weeks="1111111111111"/>
    <class days="1000000" id="1296" room="38" start="123" weeks="1111111111111"/>
    <class days="0010000" id="1297" room="21" start="167" weeks="1111111111111"/>
    <class days="0100000" id="1298" room="21" start="145" weeks="1111111111111"/>
    <class days="0100000" id="1299" start="200" weeks="1111111111111"/>
    <class days="0010000" id="1300" start="134" weeks="1111111111111"/>
    <class days="0100000" id="1301" start="156" weeks="1111111111111"/>
    <class days="1000000" id="1302" start="134" weeks="1111111111111"/>
    <class days="0100000" id="1303" start="90" weeks="1111111111111"/>
    <class days="1000000" id="1304" start="101" weeks="1111111111111"/>
    <class days="0100000" id="1305" start="156" weeks="1111111111111"/>
    <class days="0100000" id="1306" start="200" weeks="1111111111111"/>
    <class days="0100000" id="1307" start="101" weeks="1111111111111"/>
    <class days="1000000" id="1308" start="134" weeks="1111111111111"/>
    <class days="0010000" id="1309" start="233" weeks="1111111111111"/>
    <class days="0100000" id="1310" start="189" weeks="1111111111111"/>
    <class days="0100000" id="1311" start="178" weeks="1111111111111"/>
    <class days="0010000" id="1312" start="211" weeks="1111111111111"/>
    <class days="0010000" id="1313" start="112" weeks="1111111111111"/>
    <class days="0100000" id="1314" start="211" weeks="1111111111111"/>
    <class days="0010000" id="1315" start="167" weeks="1111111111111"/>
    <class days="0100000" id="1316" start="123" weeks="1111111111111"/>
    <class days="0010000" id="1317" start="167" weeks="1111111111111"/>
    <class days="1000000" id="1318" start="101" weeks="1111111111111"/>
    <class days="0100000" id="1319" start="101" weeks="1111111111111"/>
    <class days="1000000" id="1320" room="38" start="189" weeks="1111111111111"/>
    <class days="0010000" id="1321" room="21" start="200" weeks="1111111111111"/>
    <class days="1000000" id="1322" room="21" start="167" weeks="1111111111111"/>
    <class days="0010000" id="1323" room="62" start="112" weeks="1111111111111"/>
    <class days="0100000" id="1324" start="112" weeks="1111111111111"/>
    <class days="1000000" id="1325" room="38" start="178" weeks="1111111111111"/>
    <class days="0100000" id="1326" room="62" start="123" weeks="1111111111111"/>
    <class days="1000000" id="1327" room="38" start="112" weeks="1111111111111"/>
    <class days="0001000" id="1328" room="21" start="178" weeks="1011111111111"/>
    <class days="0100000" id="1329" room="21" start="189" weeks="1111111111111"/>
    <class days="0010000" id="1330" room="81" start="101" weeks="1111111111111"/>
    <class days="0001000" id="1331" room="62" start="123" weeks="1011111111111"/>
    <class days="0100000" id="1332" room="62" start="189" weeks="1111111111111"/>
    <class days="0010000" id="1333" start="167" weeks="1111111111111"/>
    <class days="0001000" id="1334" start="178" weeks="1011111111111"/>
    <class days="0010000" id="1335" start="134" weeks="1111111111111"/>
    <class days="0100000" id="1336" start="156" weeks="1111111111111"/>
    <class days="0001000" id="1337" start="134" weeks="1011111111111"/>
    <class days="0010000" id="1338" start="123" weeks="1111111111111"/>
    <class days="0010000" id="1339" start="156" weeks="1111111111111"/>
    <class days="0001000" id="1340" start="134" weeks="1011111111111"/>
    <class days="0001000" id="1341" start="222" weeks="1011111111111"/>
    <class days="0100000" id="1342" start="101" weeks="1111111111111"/>
    <class days="0001000" id="1343" start="145" weeks="1011111111111"/>
    <class days="0001000" id="1344" start="145" weeks="1011111111111"/>
    <class days="0001000" id="1345" start="112" weeks="1011111111111"/>
    <class days="0100000" id="1346" start="134" weeks="1111111111111"/>
    <class days="0010000" id="1347" start="189" weeks="1111111111111"/>
    <class days="0001000" id="1348" start="90" weeks="1011111111111"/>
    <class days="0010000" id="1349" start="211" weeks="1111111111111"/>
    <class days="0001000" id="1350" start="156" weeks="1011111111111"/>
    <class days="0001000" id="1351" start="167" weeks="1011111111111"/>
    <class days="0001000" id="1352" start="222" weeks="1011111111111"/>
    <class days="0100000" id="1353" start="101" weeks="1111111111111"/>
    <class days="0001000" id="1354" start="167" weeks="1011111111111"/>
    <class days="0100000" id="1355" start="134" weeks="1111111111111"/>
    <class days="0010000" id="1356" start="200" weeks="1111111111111"/>
    <class days="0010000" id="1357" start="233" weeks="1111111111111"/>
    <class days="1000000" id="1358" start="90" weeks="1111111111111"/>
    <class days="0010000" id="1359" start="167" weeks="1111111111111"/>
    <class days="0100000" id="1360" start="112" weeks="1111111111111"/>
    <class days="0001000" id="1361" start="156" weeks="1011111111111"/>
    <class days="0010000" id="1362" start="167" weeks="1111111111111"/>
    <class days="0001000" id="1363" start="112" weeks="1011111111111"/>
    <class days="0010000" id="1364" start="101" weeks="1111111111111"/>
    <class days="0010000" id="1365" start="123" weeks="1111111111111"/>
    <class days="0010000" id="1366" start="112" weeks="1111111111111"/>
    <class days="0100000" id="1367" start="123" weeks="1111111111111"/>
    <class days="0001000" id="1368" start="167" weeks="1011111111111"/>
    <class days="0001000" id="1369" start="167" weeks="1011111111111"/>
    <class days="0100000" id="1370" start="189" weeks="1111111111111"/>
    <class days="0010000" id="1371" start="178" weeks="1111111111111"/>
    <class days="0010000" id="1372" start="156" weeks="1111111111111"/>
    <class days="0001000" id="1373" start="134" weeks="1011111111111"/>
    <class days="1000000" id="1374" start="156" weeks="1111111111111"/>
    <class days="0010000" id="1375" start="101" weeks="1111111111111"/>
    <class days="0100000" id="1376" start="167" weeks="1111111111111"/>
    <class days="0100000" id="1377" start="112" weeks="1111111111111"/>
    <class days="0001000" id="1378" start="112" weeks="1011111111111"/>
    <class days="0010000" id="1379" start="189" weeks="1111111111111"/>
    <class days="0010000" id="1380" start="167" weeks="1111111111111"/>
    <class days="1000000" id="1381" start="189" weeks="1111111111111"/>
    <class days="1000000" id="1382" start="134" weeks="1111111111111"/>
    <class days="0010000" id="1383" start="200" weeks="1111111111111"/>
    <class days="0100000" id="1384" start="156" weeks="1111111111111"/>
    <class days="0010000" id="1385" start="156" weeks="1111111111111"/>
    <class days="0001000" id="1386" start="189" weeks="1011111111111"/>
    <class days="0001000" id="1387" start="123" weeks="1011111111111"/>
    <class days="0001000" id="1388" start="200" weeks="1011111111111"/>
    <class days="0100000" id="1389" start="145" weeks="1111111111111"/>
    <class days="0010000" id="1390" start="134" weeks="1111111111111"/>
    <class days="0100000" id="1391" room="62" start="123" weeks="1111111111111"/>
    <class days="1000000" id="1392" room="62" start="167" weeks="1111111111111"/>
    <class days="0001000" id="1393" room="38" start="134" weeks="1011111111111"/>
    <class days="0010000" id="1394" room="62" start="156" weeks="1111111111111"/>
    <class days="0001000" id="1395" room="38" start="112" weeks="1011111111111"/>
    <class days="1000000" id="1396" room="81" start="134" weeks="1111111111111"/>
    <class days="1000000" id="1397" room="81" start="112" weeks="1111111111111"/>
    <class days="0100000" id="1398" start="189" weeks="1111111111111"/>
    <class days="0100000" id="1399" start="123" weeks="1111111111111"/>
    <class days="0100000" id="1400" start="222" weeks="1111111111111"/>
    <class days="0010000" id="1401" start="90" weeks="1111111111111"/>
    <class days="0001000" id="1402" start="134" weeks="1011111111111"/>
    <class days="0100000" id="1403" start="134" weeks="1111111111111"/>
    <class days="0010000" id="1404" start="178" weeks="1111111111111"/>
    <class days="0100000" id="1405" room="25" start="134" weeks="1111111111111"/>
    <class days="0010000" id="1406" room="38" start="211" weeks="1111111111111"/>
    <class days="1000000" id="1407" room="21" start="123" weeks="1111111111111"/>
    <class days="1000000" id="1408" room="21" start="211" weeks="1111111111111"/>
    <class days="0010000" id="1409" room="62" start="178" weeks="1111111111111"/>
    <class days="1000000" id="1410" room="81" start="189" weeks="1111111111111"/>
    <class days="1000000" id="1411" room="38" start="222" weeks="1111111111111"/>
    <class days="1000000" id="1412" room="62" start="222" weeks="1111111111111"/>
    <class days="0100000" id="1413" room="38" start="211" weeks="1111111111111"/>
    <class days="1000000" id="1414" room="21" start="145" weeks="1111111111111"/>
    <class days="0010000" id="1415" room="62" start="134" weeks="1111111111111"/>
    <class days="0000100" id="1416" room="21" start="167" weeks="0000000100000"/>
    <class days="0000100" id="1417" room="21" start="134" weeks="0000010000000"/>
    <class days="0000100" id="1418" room="38" start="178" weeks="0000001000000"/>
    <class days="0000100" id="1419" room="21" start="189" weeks="0000000001000"/>
    <class days="0001000" id="1420" room="21" start="134" weeks="1011111111111"/>
    <class days="0100000" id="1421" start="101" weeks="1111111111111"/>
    <class days="0010000" id="1422" room="62" start="101" weeks="1111111111111"/>
    <class days="0010000" id="1423" start="145" weeks="1111111111111"/>
    <class days="0010000" id="1424" start="101" weeks="1111111111111"/>
    <class days="0000100" id="1425" room="21" start="134" weeks="0001000000000"/>
    <class days="0000100" id="1426" room="21" start="156" weeks="0001000000000"/>
    <class days="0000100" id="1427" room="38" start="200" weeks="0000000100000"/>
    <class days="0000100" id="1428" room="38" start="189" weeks="0000000000010"/>
    <class days="1000000" id="1429" room="81" start="167" weeks="1111111111111"/>
    <class days="0001000" id="1430" room="81" start="134" weeks="1011111111111"/>
    <class days="0001000" id="1431" room="81" start="145" weeks="1011111111111"/>
    <class days="0010000" id="1432" start="112" weeks="1111111111111"/>
    <class days="0001000" id="1433" start="101" weeks="1011111111111"/>
    <class days="0001000" id="1434" start="200" weeks="1011111111111"/>
    <class days="0010000" id="1435" start="123" weeks="1111111111111"/>
    <class days="0000100" id="1436" room="21" start="134" weeks="0100000000000"/>
    <class days="0000100" id="1437" room="21" start="123" weeks="0000000001000"/>
    <class days="0010000" id="1438" room="21" start="101" weeks="1111111111111"/>
    <class days="0000100" id="1439" room="81" start="101" weeks="1000000000000"/>
    <class days="0000100" id="1440" room="62" start="90" weeks="0100000000000"/>
    <class days="0000100" id="1441" room="81" start="178" weeks="0000001000000"/>
    <class days="0000100" id="1442" room="81" start="156" weeks="0000000000001"/>
    <class days="0000100" id="1443" room="62" start="101" weeks="0001000000000"/>
    <class days="0000100" id="1444" room="62" start="200" weeks="0000000000001"/>
    <class days="0000100" id="1445" room="21" start="189" weeks="0000001000000"/>
    <class days="0000100" id="1446" room="21" start="145" weeks="0000000000100"/>
    <class days="0000100" id="1447" room="21" start="156" weeks="0000000000001"/>
    <class days="0001000" id="1448" start="167" weeks="1011111111111"/>
    <class days="0001000" id="1449" start="145" weeks="1011111111111"/>
    <class days="0001000" id="1450" start="145" weeks="1011111111111"/>
    <class days="0001000" id="1451" start="123" weeks="1011111111111"/>
    <class days="0100000" id="1452" start="134" weeks="1111111111111"/>
    <class days="0010000" id="1453" start="112" weeks="1111111111111"/>
    <class days="0001000" id="1454" start="112" weeks="1011111111111"/>
    <class days="0010000" id="1455" start="145" weeks="1111111111111"/>
    <class days="0100000" id="1456" start="145" weeks="1111111111111"/>
    <class days="0001000" id="1457" start="123" weeks="1011111111111"/>
    <class days="0010000" id="1458" start="145" weeks="1111111111111"/>
    <class days="0100000" id="1459" start="156" weeks="1111111111111"/>
    <class days="1000000" id="1460" start="189" weeks="1111111111111"/>
    <class days="1000000" id="1461" start="211" weeks="1111111111111"/>
    <class days="0010000" id="1462" start="233" weeks="1111111111111"/>
    <class days="0100000" id="1463" start="167" weeks="1111111111111"/>
    <class days="0010000" id="1464" start="178" weeks="1111111111111"/>
    <class days="0100000" id="1465" start="178" weeks="1111111111111"/>
    <class days="1000000" id="1466" start="233" weeks="1111111111111"/>
    <class days="0010000" id="1467" start="211" weeks="1111111111111"/>
    <class days="1000000" id="1468" start="189" weeks="1111111111111"/>
    <class days="1000000" id="1469" start="167" weeks="1111111111111"/>
    <class days="1000000" id="1470" start="200" weeks="1111111111111"/>
    <class days="1000000" id="1471" start="233" weeks="1111111111111"/>
    <class days="0100000" id="1472" start="233" weeks="1111111111111"/>
    <class days="0010000" id="1473" start="222" weeks="1111111111111"/>
    <class days="0010000" id="1474" start="167" weeks="1111111111111"/>
    <class days="1000000" id="1475" start="222" weeks="1111111111111"/>
    <class days="0100000" id="1476" start="222" weeks="1111111111111"/>
    <class days="1000000" id="1477" start="211" weeks="1111111111111"/>
    <class days="0010000" id="1478" start="156" weeks="1111111111111"/>
    <class days="0100000" id="1479" start="200" weeks="1111111111111"/>
    <class days="0100000" id="1480" start="156" weeks="1111111111111"/>
    <class days="0001000" id="1481" start="123" weeks="1011111111111"/>
    <class days="0100000" id="1482" start="178" weeks="1111111111111"/>
    <class days="1000000" id="1483" start="123" weeks="1111111111111"/>
    <class days="0100000" id="1484" start="167" weeks="1111111111111"/>
    <class days="0100000" id="1485" start="145" weeks="1111111111111"/>
    <class days="0010000" id="1486" start="112" weeks="1111111111111"/>
    <class days="0100000" id="1487" start="156" weeks="1111111111111"/>
    <class days="0010000" id="1488" start="145" weeks="1111111111111"/>
    <class days="0010000" id="1489" start="156" weeks="1111111111111"/>
    <class days="0001000" id="1490" room="21" start="134" weeks="1011111111111"/>
    <class days="0001000" id="1491" room="21" start="156" weeks="1011111111111"/>
    <class days="1000000" id="1492" room="21" start="112" weeks="1111111111111"/>
    <class days="1000000" id="1493" room="21" start="101" weeks="1111111111111"/>
    <class days="0000100" id="1494" room="21" start="112" weeks="0100000000000"/>
    <class days="0000100" id="1495" room="21" start="112" weeks="0000010000000"/>
    <class days="0000100" id="1496" room="38" start="90" weeks="0000000100000"/>
    <class days="0000100" id="1497" room="81" start="145" weeks="0000001000000"/>
    <class days="0001000" id="1498" room="38" start="145" weeks="1011111111111"/>
    <class days="1000000" id="1499" room="81" start="156" weeks="1111111111111"/>
    <class days="0001000" id="1500" room="81" start="156" weeks="1011111111111"/>
    <class days="0001000" id="1501" room="81" start="167" weeks="1011111111111"/>
    <class days="0001000" id="1502" room="81" start="112" weeks="1011111111111"/>
    <class days="1000000" id="1503" room="6" start="134" weeks="1111111111111"/>
    <class days="0010000" id="1504" start="112" weeks="1111111111111"/>
    <class days="1000000" id="1505" start="189" weeks="1111111111111"/>
    <class days="0100000" id="1506" start="178" weeks="1111111111111"/>
    <class days="0001000" id="1507" start="167" weeks="1011111111111"/>
    <class days="1000000" id="1508" start="156" weeks="1111111111111"/>
    <class days="0100000" id="1509" start="112" weeks="1111111111111"/>
    <class days="0010000" id="1510" start="167" weeks="1111111111111"/>
    <class days="0001000" id="1511" start="112" weeks="1011111111111"/>
    <class days="1000000" id="1512" start="189" weeks="1111111111111"/>
    <class days="0001000" id="1513" start="112" weeks="1011111111111"/>
    <class days="0100000" id="1514" start="123" weeks="1111111111111"/>
    <class days="0010000" id="1515" start="123" weeks="1111111111111"/>
    <class days="0010000" id="1516" start="167" weeks="1111111111111"/>
    <class days="0010000" id="1517" room="39" start="167" weeks="1111111111111"/>
    <class days="0000100" id="1518" room="39" start="156" weeks="0000100000000"/>
    <class days="0000100" id="1519" room="38" start="101" weeks="0000000000100"/>
    <class days="0000100" id="1520" room="38" start="101" weeks="0000100000000"/>
    <class days="0000100" id="1521" room="18" start="200" weeks="0000001000000"/>
    <class days="0000100" id="1522" room="46" start="101" weeks="0001000000000"/>
    <class days="0000100" id="1523" room="34" start="101" weeks="0000001000000"/>
    <class days="0100000" id="1524" room="34" start="222" weeks="1111111111111"/>
    <class days="0001000" id="1525" room="9" start="222" weeks="1011111111111"/>
    <class days="0100000" id="1526" room="75" start="222" weeks="1111111111111"/>
    <class days="0100000" id="1527" room="47" start="90" weeks="1111111111111"/>
    <class days="0001000" id="1528" room="39" start="222" weeks="1011111111111"/>
    <class days="0010000" id="1529" room="65" start="211" weeks="1111111111111"/>
    <class days="0001000" id="1530" room="34" start="167" weeks="1011111111111"/>
    <class days="0100000" id="1531" room="9" start="134" weeks="1111111111111"/>
    <class days="1000000" id="1532" room="18" start="123" weeks="1111111111111"/>
    <class days="0100000" id="1533" room="34" start="101" weeks="1111111111111"/>
    <class days="0100000" id="1534" room="54" start="222" weeks="1111111111111"/>
    <class days="0100000" id="1535" room="47" start="101" weeks="1111111111111"/>
    <class days="0001000" id="1536" room="18" start="211" weeks="1011111111111"/>
    <class days="0010000" id="1537" room="16" start="178" weeks="1111111111111"/>
    <class days="0010000" id="1538" room="47" start="145" weeks="1111111111111"/>
    <class days="0100000" id="1539" room="54" start="167" weeks="1111111111111"/>
    <class days="0001000" id="1540" room="76" start="101" weeks="1011111111111"/>
    <class days="0100000" id="1541" room="12" start="101" weeks="1111111111111"/>
    <class days="0100000" id="1542" room="49" start="189" weeks="1111111111111"/>
    <class days="0001000" id="1543" room="11" start="189" weeks="1011111111111"/>
    <class days="0100000" id="1544" room="48" start="156" weeks="1111111111111"/>
    <class days="1000000" id="1545" room="38" start="90" weeks="1111111111111"/>
    <class days="0001000" id="1546" room="18" start="178" weeks="1011111111111"/>
    <class days="0001000" id="1547" room="11" start="112" weeks="1011111111111"/>
    <class days="1000000" id="1548" room="34" start="112" weeks="1111111111111"/>
    <class days="1000000" id="1549" room="47" start="123" weeks="1111111111111"/>
    <class days="0010000" id="1550" room="36" start="156" weeks="1111111111111"/>
    <class days="0100000" id="1551" room="46" start="134" weeks="1111111111111"/>
    <class days="0001000" id="1552" room="49" start="222" weeks="1011111111111"/>
    <class days="1000000" id="1553" room="65" start="189" weeks="1111111111111"/>
    <class days="0100000" id="1554" room="30" start="134" weeks="1111111111111"/>
    <class days="0010000" id="1555" room="76" start="189" weeks="1111111111111"/>
    <class days="1000000" id="1556" room="76" start="222" weeks="1111111111111"/>
    <class days="0010000" id="1557" room="9" start="211" weeks="1111111111111"/>
    <class days="0010000" id="1558" room="75" start="90" weeks="1111111111111"/>
    <class days="0100000" id="1559" room="39" start="211" weeks="1111111111111"/>
    <class days="0010000" id="1560" start="167" weeks="1111111111111"/>
    <class days="0000100" id="1561" room="46" start="90" weeks="0000010000000"/>
    <class days="0000010" id="1562" room="56" start="90" weeks="0000000000100"/>
    <class days="0000100" id="1563" room="11" start="101" weeks="0001000000000"/>
    <class days="0000010" id="1564" room="16" start="101" weeks="0000100000000"/>
    <class days="0000100" id="1565" room="21" start="101" weeks="0000100000000"/>
    <class days="0000010" id="1566" room="53" start="112" weeks="0100000000000"/>
    <class days="0000100" id="1567" room="36" start="178" weeks="0000100000000"/>
    <class days="0000100" id="1568" room="36" start="211" weeks="0000001000000"/>
    <class days="0000100" id="1569" room="39" start="134" weeks="0000000000010"/>
    <class days="0000010" id="1570" room="18" start="178" weeks="0000000000010"/>
    <class days="0000010" id="1571" room="6" start="167" weeks="0000001000000"/>
    <class days="0000010" id="1572" room="65" start="156" weeks="0000000001000"/>
    <class days="0000100" id="1573" room="66" start="189" weeks="0000010000000"/>
    <class days="0000100" id="1574" room="69" start="189" weeks="0000100000000"/>
    <class days="0000100" id="1575" room="6" start="211" weeks="0000000100000"/>
    <class days="0000100" id="1576" room="38" start="101" weeks="0001000000000"/>
    <class days="0000100" id="1577" room="34" start="90" weeks="0000000000100"/>
    <class days="0000100" id="1578" room="65" start="101" weeks="0000001000000"/>
    <class days="0000100" id="1579" room="54" start="145" weeks="0000000000010"/>
    <class days="0010000" id="1580" room="46" start="134" weeks="1111111111111"/>
    <class days="0001000" id="1581" room="65" start="167" weeks="1011111111111"/>
    <class days="0001000" id="1582" room="54" start="211" weeks="1011111111111"/>
    <class days="1000000" id="1583" room="39" start="156" weeks="1111111111111"/>
    <class days="0000100" id="1584" room="65" start="211" weeks="0001000000000"/>
    <class days="0000100" id="1585" room="54" start="156" weeks="0000000000100"/>
    <class days="0000100" id="1586" room="34" start="145" weeks="0000010000000"/>
    <class days="0000100" id="1587" room="54" start="134" weeks="0000000000001"/>
    <class days="0000100" id="1588" room="39" start="222" weeks="0000100000000"/>
    <class days="0000100" id="1589" room="34" start="90" weeks="0000010000000"/>
    <class days="0000100" id="1590" room="39" start="134" weeks="0000010000000"/>
    <class days="0000100" id="1591" room="39" start="134" weeks="0000001000000"/>
    <class days="0000100" id="1592" room="39" start="156" weeks="0000000100000"/>
    <class days="0000100" id="1593" room="34" start="211" weeks="0000000001000"/>
    <class days="0000100" id="1594" room="34" start="189" weeks="0000001000000"/>
    <class days="0000100" id="1595" room="54" start="123" weeks="0000000001000"/>
    <class days="0000100" id="1596" room="39" start="222" weeks="0000000100000"/>
    <class days="0000100" id="1597" room="34" start="156" weeks="0000001000000"/>
    <class days="0000100" id="1598" room="34" start="178" weeks="0000000000010"/>
    <class days="0000100" id="1599" room="34" start="189" weeks="0000010000000"/>
    <class days="0010000" id="1600" room="46" start="101" weeks="1111111111111"/>
    <class days="0001000" id="1601" room="34" start="90" weeks="1011111111111"/>
    <class days="1000000" id="1602" room="18" start="189" weeks="1111111111111"/>
    <class days="0100000" id="1603" room="9" start="178" weeks="1111111111111"/>
    <class days="1000000" id="1604" room="47" start="211" weeks="1111111111111"/>
    <class days="0010000" id="1605" room="65" start="167" weeks="1111111111111"/>
    <class days="0010000" id="1606" room="34" start="200" weeks="1111111111111"/>
    <class days="0010000" id="1607" room="34" start="167" weeks="1111111111111"/>
    <class days="0001000" id="1608" room="6" start="112" weeks="1011111111111"/>
    <class days="0010000" id="1609" room="16" start="123" weeks="1111111111111"/>
    <class days="0000100" id="1610" room="69" start="167" weeks="1000000000000"/>
    <class days="0000100" id="1611" room="38" start="200" weeks="0001000000000"/>
    <class days="0000100" id="1612" room="38" start="200" weeks="0000010000000"/>
    <class days="0000100" id="1613" room="34" start="156" weeks="0000000100000"/>
    <class days="0000100" id="1614" room="38" start="167" weeks="0000010000000"/>
    <class days="0000100" id="1615" room="39" start="112" weeks="0000000000001"/>
    <class days="0000100" id="1616" room="46" start="156" weeks="1000000000000"/>
    <class days="0000100" id="1617" room="16" start="211" weeks="0000000001000"/>
    <class days="0000100" id="1618" room="48" start="90" weeks="0000000000100"/>
    <class days="0000100" id="1619" room="16" start="123" weeks="0010000000000"/>
    <class days="0000100" id="1620" room="7" start="200" weeks="0000000001000"/>
    <class days="0100000" id="1621" room="16" start="211" weeks="1111111111111"/>
    <class days="1000000" id="1622" room="16" start="90" weeks="1111111111111"/>
    <class days="1000000" id="1623" room="9" start="101" weeks="1111111111111"/>
    <class days="1000000" id="1624" room="9" start="222" weeks="1111111111111"/>
    <class days="1000000" id="1625" room="59" start="90" weeks="1111111111111"/>
    <class days="0000100" id="1626" room="6" start="200" weeks="1010101001010"/>
    <class days="0000100" id="1627" room="23" start="167" weeks="1010101001010"/>
    <class days="0000100" id="1628" room="26" start="222" weeks="1010101001010"/>
    <class days="0000100" id="1629" room="64" start="101" weeks="1010101001010"/>
    <class days="0010000" id="1630" room="58" start="145" weeks="1111111111111"/>
    <class days="0000100" id="1631" start="167" weeks="1111111101111"/>
    <class days="0010000" id="1632" room="80" start="156" weeks="1111111111111"/>
    <class days="0000100" id="1633" room="61" start="178" weeks="1111111101111"/>
    <class days="0100000" id="1634" room="23" start="156" weeks="1111111111111"/>
    <class days="1000000" id="1635" room="69" start="189" weeks="1111111111111"/>
    <class days="0001000" id="1636" room="29" start="200" weeks="1011111111111"/>
    <class days="0100000" id="1637" room="22" start="189" weeks="1111111111111"/>
    <class days="0001000" id="1638" room="54" start="134" weeks="1011111111111"/>
    <class days="0001000" id="1639" room="49" start="189" weeks="1011111111111"/>
    <class days="0000010" id="1640" room="28" start="101" weeks="0101001010101"/>
    <class days="0000010" id="1641" room="21" start="112" weeks="0101001010101"/>
    <class days="0000010" id="1642" room="53" start="112" weeks="0101001010101"/>
    <class days="0000010" id="1643" room="22" start="123" weeks="0101001010101"/>
    <class days="0001000" id="1644" room="30" start="233" weeks="1011111111111"/>
    <class days="0010000" id="1645" room="54" start="167" weeks="1111111111111"/>
    <class days="0000100" id="1646" room="11" start="167" weeks="0101010100101"/>
    <class days="0100000" id="1647" room="22" start="233" weeks="1111111111111"/>
    <class days="0100000" id="1648" room="58" start="211" weeks="1111111111111"/>
    <class days="0100000" id="1649" room="31" start="156" weeks="1111111111111"/>
    <class days="0001000" id="1650" room="23" start="145" weeks="1011111111111"/>
    <class days="0001000" id="1651" room="23" start="123" weeks="1011111111111"/>
    <class days="0001000" id="1652" room="13" start="101" weeks="1011111111111"/>
    <class days="0000100" id="1653" room="13" start="178" weeks="0101010100101"/>
    <class days="0000100" id="1654" room="6" start="189" weeks="0101010100101"/>
    <class days="0010000" id="1655" room="31" start="123" weeks="1111111111111"/>
    <class days="0100000" id="1656" room="30" start="156" weeks="1111111111111"/>
    <class days="0000100" id="1657" room="85" start="222" weeks="0101010100101"/>
    <class days="0100000" id="1658" room="35" start="145" weeks="1111111111111"/>
    <class days="0010000" id="1659" room="69" start="167" weeks="1111111111111"/>
    <class days="0000100" id="1660" room="22" start="156" weeks="0101010100101"/>
    <class days="0010000" id="1661" room="38" start="134" weeks="1111111111111"/>
    <class days="0100000" id="1662" room="76" start="134" weeks="1111111111111"/>
    <class days="0000100" id="1663" room="35" start="123" weeks="1010101001010"/>
    <class days="0100000" id="1664" room="16" start="134" weeks="1111111111111"/>
    <class days="0000100" id="1665" room="11" start="134" weeks="0101010100101"/>
    <class days="0001000" id="1666" room="9" start="189" weeks="1011111111111"/>
    <class days="0100000" id="1667" room="59" start="112" weeks="1111111111111"/>
    <class days="0100000" id="1668" room="65" start="134" weeks="1111111111111"/>
    <class days="0000100" id="1669" room="66" start="211" weeks="0101010100101"/>
    <class days="0000100" id="1670" room="47" start="134" weeks="0101010100101"/>
    <class days="0001000" id="1671" room="47" start="200" weeks="1011111111111"/>
    <class days="0000100" id="1672" room="64" start="200" weeks="0101010100101"/>
    <class days="0000100" id="1673" room="7" start="145" weeks="1000000000000"/>
    <class days="0000100" id="1674" room="7" start="134" weeks="0000000000100"/>
    <class days="0000100" id="1675" room="7" start="123" weeks="0000000001000"/>
    <class days="0000100" id="1676" room="34" start="112" weeks="1000100001000"/>
    <class days="0010000" id="1677" room="46" start="134" weeks="1111111111111"/>
    <class days="0000100" id="1678" room="36" start="200" weeks="0101010100101"/>
    <class days="1000000" id="1679" room="30" start="156" weeks="1111111111111"/>
    <class days="0000100" id="1680" room="30" start="200" weeks="0101010100101"/>
    <class days="1000000" id="1681" room="46" start="156" weeks="1111111111111"/>
    <class days="0000100" id="1682" room="85" start="200" weeks="0101010100101"/>
    <class days="0000100" id="1683" room="11" start="134" weeks="0101010100101"/>
    <class days="0100000" id="1684" room="28" start="189" weeks="1010101010101"/>
    <class days="0000100" id="1685" room="12" start="112" weeks="0100000000000"/>
    <class days="0000100" id="1686" room="38" start="200" weeks="0010000000000"/>
    <class days="0000100" id="1687" room="54" start="156" weeks="0000100000000"/>
    <class days="1000000" id="1688" room="56" start="112" weeks="1111111111111"/>
    <class days="0100000" id="1689" room="28" start="112" weeks="1111111111111"/>
    <class days="0000100" id="1690" room="47" start="90" weeks="0101010100101"/>
    <class days="1000000" id="1691" room="29" start="189" weeks="1111111111111"/>
    <class days="0000100" id="1692" room="39" start="123" weeks="0101010100101"/>
    <class days="0100000" id="1693" room="49" start="145" weeks="1111111111111"/>
    <class days="0000100" id="1694" room="35" start="90" weeks="0101010100101"/>
    <class days="0000100" id="1695" room="76" start="145" weeks="1010101001010"/>
    <class days="0010000" id="1696" room="54" start="112" weeks="1111111111111"/>
    <class days="0000100" id="1697" room="12" start="134" weeks="0101010100101"/>
    <class days="0000100" id="1698" room="53" start="178" weeks="0101010100101"/>
    <class days="0001000" id="1699" room="47" start="200" weeks="1010101010101"/>
    <class days="0000100" id="1700" room="13" start="178" weeks="0101010100101"/>
    <class days="0000100" id="1701" room="15" start="222" weeks="1010101001010"/>
    <class days="0000100" id="1702" room="35" start="156" weeks="1010101001010"/>
    <class days="0100000" id="1703" room="35" start="134" weeks="1111111111111"/>
    <class days="0000100" id="1704" room="29" start="145" weeks="0101010100101"/>
    <class days="0000010" id="1705" room="18" start="145" weeks="0001000000000"/>
    <class days="0000010" id="1706" room="9" start="167" weeks="0100000000000"/>
    <class days="0000010" id="1707" room="46" start="134" weeks="0010000000000"/>
    <class days="0000100" id="1708" room="26" start="123" weeks="0010001000010"/>
    <class days="0100000" id="1709" room="69" start="178" weeks="1111111111111"/>
    <class days="0000100" id="1710" room="7" start="167" weeks="0101010100101"/>
    <class days="1000000" id="1711" room="46" start="123" weeks="1111111111111"/>
    <class days="0000100" id="1712" room="25" start="178" weeks="0101010100101"/>
    <class days="0000100" id="1713" room="12" start="167" weeks="0101010100101"/>
    <class days="0100000" id="1714" room="23" start="145" weeks="1111111111111"/>
    <class days="0000100" id="1715" room="13" start="178" weeks="0010000000000"/>
    <class days="0000100" id="1716" room="16" start="167" weeks="0000001000000"/>
    <class days="0000100" id="1717" room="29" start="145" weeks="0000000000010"/>
    <class days="0100000" id="1718" room="12" start="167" weeks="1111111111111"/>
    <class days="0000100" id="1719" room="16" start="101" weeks="1010101001010"/>
    <class days="0000100" id="1720" room="22" start="101" weeks="0101010100101"/>
    <class days="1000000" id="1721" room="29" start="167" weeks="1111111111111"/>
    <class days="1000000" id="1722" room="49" start="123" weeks="1111111111111"/>
    <class days="0000100" id="1723" room="23" start="123" weeks="1010101001010"/>
    <class days="0001000" id="1724" room="54" start="233" weeks="1011111111111"/>
    <class days="0000100" id="1725" room="49" start="156" weeks="0101010100101"/>
    <class days="0000100" id="1726" room="59" start="156" weeks="0101010100101"/>
    <class days="0100000" id="1727" room="38" start="167" weeks="1111111111111"/>
    <class days="0000100" id="1728" room="76" start="167" weeks="0000010000000"/>
    <class days="0000100" id="1729" room="85" start="167" weeks="0000010000000"/>
    <class days="0000100" id="1730" room="22" start="145" weeks="0000000001000"/>
    <class days="0000100" id="1731" room="29" start="112" weeks="1000000000000"/>
    <class days="0000100" id="1732" room="25" start="134" weeks="0000000001000"/>
    <class days="0010000" id="1733" room="49" start="189" weeks="1111111111111"/>
    <class days="0000100" id="1734" room="58" start="167" weeks="1010101001010"/>
    <class days="0000100" id="1735" room="81" start="178" weeks="0100000000000"/>
    <class days="0000100" id="1736" room="21" start="101" weeks="0010000000000"/>
    <class days="0000100" id="1737" room="36" start="101" weeks="0000000000001"/>
    <class days="0000100" id="1738" room="58" start="211" weeks="0000000100000"/>
    <class days="0000100" id="1739" room="64" start="222" weeks="0000100000000"/>
    <class days="0000100" id="1740" room="80" start="167" weeks="0000000001000"/>
    <class days="0000100" id="1741" room="58" start="156" weeks="1010101001010"/>
    <class days="0000100" id="1742" room="85" start="200" weeks="0000000010000"/>
    <class days="0000100" id="1743" room="85" start="123" weeks="0100000000000"/>
    <class days="0000100" id="1744" room="30" start="189" weeks="0000000000010"/>
    <class days="0010000" id="1745" room="67" start="189" weeks="0101010101010"/>
    <class days="0010000" id="1746" room="38" start="178" weeks="1111111111111"/>
    <class days="0000100" id="1747" room="65" start="222" weeks="1010101001010"/>
    <class days="0001000" id="1748" room="58" start="134" weeks="1011111111111"/>
    <class days="0000100" id="1749" room="70" start="123" weeks="0000100000000"/>
    <class days="0000010" id="1750" room="70" start="90" weeks="0000000100000"/>
    <class days="0000010" id="1751" room="70" start="134" weeks="0000000010000"/>
    <class days="0010000" id="1752" room="70" start="211" weeks="1111111111111"/>
    <class days="0000100" id="1753" room="65" start="200" weeks="0000010000000"/>
    <class days="0000100" id="1754" room="59" start="156" weeks="0000000001000"/>
    <class days="0000100" id="1755" room="11" start="211" weeks="0000000000010"/>
    <class days="0000100" id="1756" room="22" start="101" weeks="1111111101111"/>
    <class days="0000100" id="1757" room="43" start="145" weeks="1111111101111"/>
    <class days="0001000" id="1758" room="16" start="101" weeks="1011111111111"/>
    <class days="0001000" id="1759" room="35" start="222" weeks="1011111111111"/>
    <class days="0000100" id="1760" room="61" start="112" weeks="1111111101111"/>
    <class days="0000100" id="1761" room="22" start="101" weeks="1111111101111"/>
    <class days="0010000" id="1762" room="31" start="178" weeks="1111111111111"/>
    <class days="0001000" id="1763" room="22" start="112" weeks="1011111111111"/>
    <class days="0000100" id="1764" room="65" start="112" weeks="0000000100000"/>
    <class days="0001000" id="1765" room="34" start="101" weeks="1011111111111"/>
    <class days="0010000" id="1766" room="56" start="101" weeks="1111111111111"/>
    <class days="0100000" id="1767" room="46" start="233" weeks="1111111111111"/>
    <class days="1000000" id="1768" room="46" start="134" weeks="1111111111111"/>
    <class days="0001000" id="1769" room="54" start="90" weeks="1011111111111"/>
    <class days="0100000" id="1770" room="46" start="211" weeks="1111111111111"/>
    <class days="0001000" id="1771" room="35" start="112" weeks="1011111111111"/>
    <class days="0100000" id="1772" room="35" start="222" weeks="1111111111111"/>
    <class days="0001000" id="1773" room="47" start="222" weeks="1011111111111"/>
    <class days="1000000" id="1774" room="54" start="189" weeks="1111111111111"/>
    <class days="0001000" id="1775" room="80" start="134" weeks="1011111111111"/>
    <class days="0100000" id="1776" room="12" start="90" weeks="1111111111111"/>
    <class days="0010000" id="1777" room="48" start="222" weeks="1111111111111"/>
    <class days="1000000" id="1778" room="64" start="200" weeks="1111111111111"/>
    <class days="0100000" id="1779" room="47" start="233" weeks="1111111111111"/>
    <class days="0001000" id="1780" room="46" start="222" weeks="1011111111111"/>
    <class days="0001000" id="1781" room="6" start="167" weeks="1011111111111"/>
    <class days="0001000" id="1782" room="46" start="145" weeks="1011111111111"/>
    <class days="0010000" id="1783" room="38" start="178" weeks="1111111111111"/>
    <class days="0001000" id="1784" room="46" start="112" weeks="1010101010101"/>
    <class days="0100000" id="1785" room="48" start="222" weeks="0101010101010"/>
    <class days="0001000" id="1786" room="28" start="112" weeks="0001010101010"/>
    <class days="0100000" id="1787" room="18" start="123" weeks="0101010101010"/>
    <class days="1000000" id="1788" room="64" start="145" weeks="1111111111111"/>
    <class days="1000000" id="1789" room="16" start="112" weeks="1111111111111"/>
    <class days="0010000" id="1790" room="16" start="222" weeks="1111111111111"/>
    <class days="0100000" id="1791" room="69" start="222" weeks="1111111111111"/>
    <class days="1000000" id="1792" room="46" start="101" weeks="1111111111111"/>
    <class days="0100000" id="1793" room="22" start="200" weeks="1111111111111"/>
    <class days="0100000" id="1794" room="18" start="145" weeks="1111111111111"/>
    <class days="0010000" id="1795" room="48" start="112" weeks="1111111111111"/>
    <class days="1000000" id="1796" room="39" start="200" weeks="1111111111111"/>
    <class days="1000000" id="1797" room="11" start="101" weeks="1111111111111"/>
    <class days="0001000" id="1798" room="48" start="112" weeks="1011111111111"/>
    <class days="1000000" id="1799" room="65" start="222" weeks="1111111111111"/>
    <class days="0001000" id="1800" room="66" start="156" weeks="0001010101010"/>
    <class days="0100000" id="1801" room="38" start="101" weeks="1111111111111"/>
    <class days="0000100" id="1802" room="56" start="101" weeks="0000000010000"/>
    <class days="0000100" id="1803" room="66" start="145" weeks="0000000000010"/>
    <class days="0000100" id="1804" room="13" start="90" weeks="0000001000000"/>
    <class days="0000100" id="1805" room="85" start="145" weeks="0010000000000"/>
    <class days="0000100" id="1806" room="49" start="167" weeks="0000001000000"/>
    <class days="0000100" id="1807" room="9" start="134" weeks="1000000000000"/>
    <class days="0000100" id="1808" room="9" start="167" weeks="0000000100000"/>
    <class days="0000100" id="1809" room="50" start="101" weeks="0000100000000"/>
    <class days="0000100" id="1810" room="6" start="123" weeks="0010000000000"/>
    <class days="0000100" id="1811" room="18" start="112" weeks="0000000000010"/>
    <class days="1000000" id="1812" room="46" start="123" weeks="1111111111111"/>
    <class days="1000000" id="1813" room="12" start="123" weeks="1111111111111"/>
    <class days="0001000" id="1814" room="16" start="90" weeks="1011111111111"/>
    <class days="1000000" id="1815" room="66" start="211" weeks="1111111111111"/>
    <class days="0010000" id="1816" room="6" start="156" weeks="1111111111111"/>
    <class days="1000000" id="1817" room="75" start="123" weeks="1111111111111"/>
    <class days="0100000" id="1818" room="46" start="112" weeks="1111111111111"/>
    <class days="0100000" id="1819" room="46" start="167" weeks="1111111111111"/>
    <class days="1000000" id="1820" room="11" start="145" weeks="1111111111111"/>
    <class days="0100000" id="1821" room="47" start="222" weeks="1111111111111"/>
    <class days="0001000" id="1822" room="50" start="200" weeks="1011111111111"/>
    <class days="0001000" id="1823" room="54" start="189" weeks="1011111111111"/>
    <class days="0001000" id="1824" room="66" start="233" weeks="1011111111111"/>
    <class days="0010000" id="1825" room="34" start="134" weeks="1111111111111"/>
    <class days="0010000" id="1826" room="59" start="233" weeks="1111111111111"/>
    <class days="1000000" id="1827" room="36" start="101" weeks="1111111111111"/>
    <class days="0010000" id="1828" room="36" start="156" weeks="1111111111111"/>
    <class days="0010000" id="1829" room="6" start="101" weeks="1010101010101"/>
    <class days="0100000" id="1830" room="48" start="101" weeks="1010101010101"/>
    <class days="0010000" id="1831" room="13" start="123" weeks="1111111111111"/>
    <class days="1000000" id="1832" room="36" start="156" weeks="1111111111111"/>
    <class days="0010000" id="1833" room="28" start="211" weeks="1111111111111"/>
    <class days="1000000" id="1834" room="85" start="123" weeks="0000000100000"/>
    <class days="1000000" id="1835" room="85" start="134" weeks="0000000000100"/>
    <class days="1000000" id="1836" room="85" start="156" weeks="0000000000001"/>
    <class days="0010000" id="1837" room="59" start="178" weeks="1010101010101"/>
    <class days="0100000" id="1838" room="12" start="211" weeks="1111111111111"/>
    <class days="1000000" id="1839" room="34" start="101" weeks="1111111111111"/>
    <class days="0100000" id="1840" room="46" start="211" weeks="1111111111111"/>
    <class days="0000100" id="1841" room="73" start="200" weeks="0100000000000"/>
    <class days="0000100" id="1842" room="73" start="189" weeks="0001000000000"/>
    <class days="0000100" id="1843" room="39" start="167" weeks="0010000000000"/>
    <class days="0010000" id="1844" room="65" start="123" weeks="1111111111111"/>
    <class days="1000000" id="1845" room="28" start="101" weeks="1111111111111"/>
    <class days="0000010" id="1846" room="38" start="112" weeks="0000000000100"/>
    <class days="0000010" id="1847" room="15" start="112" weeks="0000000000100"/>
    <class days="0000010" id="1848" room="57" start="112" weeks="0000000000100"/>
    <class days="0100000" id="1849" room="34" start="145" weeks="1111111111111"/>
    <class days="0100000" id="1850" room="49" start="101" weeks="1111111111111"/>
    <class days="0010000" id="1851" room="29" start="112" weeks="1111111111111"/>
    <class days="0010000" id="1852" room="54" start="123" weeks="1111111111111"/>
    <class days="0000010" id="1853" room="47" start="112" weeks="0000000000100"/>
    <class days="0010000" id="1854" start="167" weeks="0101010101010"/>
    <class days="0010000" id="1855" start="167" weeks="0101010101010"/>
    <class days="0000100" id="1856" start="90" weeks="1111111101111"/>
    <class days="0010000" id="1857" room="80" start="123" weeks="1111111111111"/>
    <class days="1000000" id="1858" room="66" start="101" weeks="1111111111111"/>
    <class days="0100000" id="1859" start="101" weeks="1111111111111"/>
    <class days="0010000" id="1860" room="46" start="123" weeks="1111111111111"/>
    <class days="1000000" id="1861" room="76" start="101" weeks="0101010101010"/>
    <class days="1000000" id="1862" room="76" start="123" weeks="0101010101010"/>
    <class days="1000000" id="1863" room="76" start="156" weeks="0101010101010"/>
    <class days="1000000" id="1864" room="75" start="123" weeks="0101010101010"/>
    <class days="1000000" id="1865" room="75" start="156" weeks="1010101010101"/>
    <class days="1000000" id="1866" room="56" start="123" weeks="0101010101010"/>
    <class days="1000000" id="1867" room="56" start="156" weeks="1010101010101"/>
    <class days="1000000" id="1868" room="56" start="189" weeks="1010101010101"/>
    <class days="0100000" id="1869" start="156" weeks="1010101010101"/>
    <class days="0100000" id="1870" room="56" start="101" weeks="0101010101010"/>
    <class days="0010000" id="1871" room="56" start="123" weeks="0101010101010"/>
    <class days="0010000" id="1872" room="56" start="156" weeks="0101010101010"/>
    <class days="0010000" id="1873" room="56" start="178" weeks="0101010101010"/>
    <class days="1000000" id="1874" room="76" start="101" weeks="1010101010101"/>
    <class days="1000000" id="1875" room="76" start="123" weeks="1010101010101"/>
    <class days="1000000" id="1876" room="76" start="156" weeks="1010101010101"/>
    <class days="1000000" id="1877" room="75" start="123" weeks="1010101010101"/>
    <class days="1000000" id="1878" room="75" start="156" weeks="0101010101010"/>
    <class days="1000000" id="1879" room="56" start="123" weeks="1010101010101"/>
    <class days="1000000" id="1880" room="56" start="156" weeks="0101010101010"/>
    <class days="1000000" id="1881" room="56" start="189" weeks="1010101010101"/>
    <class days="0100000" id="1882" room="56" start="156" weeks="0101010101010"/>
    <class days="0100000" id="1883" room="56" start="101" weeks="1010101010101"/>
    <class days="0010000" id="1884" room="56" start="123" weeks="1010101010101"/>
    <class days="0010000" id="1885" room="56" start="156" weeks="1010101010101"/>
    <class days="0010000" id="1886" room="56" start="178" weeks="1010101010101"/>
    <class days="0010000" id="1887" room="46" start="167" weeks="1010101010101"/>
    <class days="0010000" id="1888" room="6" start="134" weeks="1010101010101"/>
    <class days="0010000" id="1889" room="6" start="134" weeks="0101010101010"/>
    <class days="0010000" id="1890" room="9" start="134" weeks="1010101010101"/>
    <class days="0010000" id="1891" room="9" start="134" weeks="0101010101010"/>
    <class days="0100000" id="1892" room="9" start="156" weeks="1010101010101"/>
    <class days="0100000" id="1893" room="9" start="156" weeks="0101010101010"/>
    <class days="0100000" id="1894" room="6" start="178" weeks="1010101010101"/>
    <class days="0100000" id="1895" room="6" start="178" weeks="0101010101010"/>
    <class days="0010000" id="1896" room="50" start="145" weeks="1010101010101"/>
    <class days="0010000" id="1897" room="50" start="145" weeks="0101010101010"/>
    <class days="0100000" id="1898" room="6" start="156" weeks="1010101010101"/>
    <class days="0100000" id="1899" room="6" start="156" weeks="0101010101010"/>
    <class days="0100000" id="1900" room="76" start="156" weeks="1010101010101"/>
    <class days="0100000" id="1901" room="76" start="156" weeks="0101010101010"/>
    <class days="0100000" id="1902" room="76" start="178" weeks="1010101010101"/>
    <class days="0100000" id="1903" room="76" start="178" weeks="0101010101010"/>
    <class days="0010000" id="1904" room="6" start="112" weeks="1010101010101"/>
    <class days="0010000" id="1905" room="6" start="112" weeks="0101010101010"/>
    <class days="0000100" id="1906" room="19" start="101" weeks="0010000000000"/>
    <class days="0000100" id="1907" room="19" start="156" weeks="0010000000000"/>
    <class days="0000100" id="1908" room="19" start="101" weeks="0001000000000"/>
    <class days="0000100" id="1909" room="19" start="156" weeks="0001000000000"/>
    <class days="0000100" id="1910" room="63" start="101" weeks="1000000000000"/>
    <class days="0000100" id="1911" room="63" start="156" weeks="1000000000000"/>
    <class days="0000100" id="1912" room="63" start="101" weeks="0000100000000"/>
    <class days="0000100" id="1913" room="63" start="156" weeks="0000100000000"/>
    <class days="0000100" id="1914" room="85" start="101" weeks="0010000000000"/>
    <class days="0000100" id="1915" room="85" start="156" weeks="0010000000000"/>
    <class days="0000100" id="1916" room="63" start="101" weeks="0001000000000"/>
    <class days="0000100" id="1917" room="63" start="156" weeks="0001000000000"/>
    <class days="0000100" id="1918" room="85" start="101" weeks="1000000000000"/>
    <class days="0000100" id="1919" room="85" start="156" weeks="1000000000000"/>
    <class days="0000100" id="1920" room="85" start="101" weeks="0001000000000"/>
    <class days="0000100" id="1921" room="85" start="156" weeks="0001000000000"/>
    <class days="0000100" id="1922" room="63" start="101" weeks="0010000000000"/>
    <class days="0000100" id="1923" room="63" start="156" weeks="0010000000000"/>
    <class days="0000100" id="1924" room="19" start="101" weeks="0000001000000"/>
    <class days="0000100" id="1925" room="19" start="156" weeks="0000001000000"/>
    <class days="0000100" id="1926" room="19" start="101" weeks="0000000100000"/>
    <class days="0000100" id="1927" room="19" start="156" weeks="0000000001000"/>
    <class days="0000100" id="1928" room="63" start="101" weeks="0000010000000"/>
    <class days="0000100" id="1929" room="63" start="156" weeks="0000010000000"/>
    <class days="0000100" id="1930" room="85" start="101" weeks="0000001000000"/>
    <class days="0000100" id="1931" room="85" start="156" weeks="0000001000000"/>
    <class days="0000100" id="1932" room="85" start="101" weeks="0000010000000"/>
    <class days="0000100" id="1933" room="85" start="156" weeks="0000010000000"/>
    <class days="0000100" id="1934" room="63" start="101" weeks="0000001000000"/>
    <class days="0000100" id="1935" room="63" start="156" weeks="0000001000000"/>
    <class days="0000100" id="1936" room="85" start="101" weeks="0000100000000"/>
    <class days="0000100" id="1937" room="85" start="156" weeks="0000100000000"/>
    <class days="0000100" id="1938" room="85" start="101" weeks="0000000100000"/>
    <class days="0000100" id="1939" room="85" start="156" weeks="0000000100000"/>
    <class days="0000100" id="1940" room="63" start="101" weeks="0000000100000"/>
    <class days="0000100" id="1941" room="63" start="156" weeks="0000000100000"/>
    <class days="0000100" id="1942" room="19" start="101" weeks="0000000001000"/>
    <class days="0000100" id="1943" room="19" start="156" weeks="0000000000100"/>
    <class days="0000100" id="1944" room="19" start="101" weeks="0000000000001"/>
    <class days="0000100" id="1945" room="19" start="156" weeks="0000000000001"/>
    <class days="0000100" id="1946" room="63" start="101" weeks="0000000001000"/>
    <class days="0000100" id="1947" room="63" start="156" weeks="0000000001000"/>
    <class days="0000100" id="1948" room="85" start="101" weeks="0000000000100"/>
    <class days="0000100" id="1949" room="85" start="156" weeks="0000000000100"/>
    <class days="0000100" id="1950" room="85" start="101" weeks="0000000001000"/>
    <class days="0000100" id="1951" room="85" start="156" weeks="0000000001000"/>
    <class days="0000100" id="1952" room="63" start="101" weeks="0000000000100"/>
    <class days="0000100" id="1953" room="63" start="156" weeks="0000000000100"/>
    <class days="0000100" id="1954" room="85" start="101" weeks="0000000000010"/>
    <class days="0000100" id="1955" room="85" start="156" weeks="0000000000010"/>
    <class days="0000100" id="1956" room="85" start="101" weeks="0000000000001"/>
    <class days="0000100" id="1957" room="85" start="156" weeks="0000000000001"/>
    <class days="0000100" id="1958" room="63" start="101" weeks="0000000000010"/>
    <class days="0000100" id="1959" room="63" start="156" weeks="0000000000010"/>
    <class days="0000100" id="1960" room="46" start="211" weeks="1000000000000"/>
    <class days="0000010" id="1961" room="34" start="167" weeks="0000001000000"/>
    <class days="0000100" id="1962" room="46" start="123" weeks="0000000100000"/>
    <class days="0000010" id="1963" room="65" start="112" weeks="0000000100000"/>
    <class days="0000100" id="1964" room="46" start="90" weeks="0000000001000"/>
    <class days="0000010" id="1965" room="65" start="145" weeks="0000000010000"/>
    <class days="0000010" id="1966" room="46" start="189" weeks="0000001000000"/>
    <class days="0000100" id="1967" room="46" start="211" weeks="0000000000100"/>
    <class days="0000010" id="1968" room="85" start="101" weeks="0000001000000"/>
    <class days="0000010" id="1969" room="85" start="156" weeks="0000001000000"/>
    <class days="0000100" id="1970" room="19" start="101" weeks="0000000000100"/>
    <class days="0100000" id="1971" room="25" start="200" weeks="0001000000000"/>
    <class days="1000000" id="1972" room="23" start="200" weeks="0001000000000"/>
    <class days="1000000" id="1973" room="23" start="200" weeks="0000100000000"/>
    <class days="1000000" id="1974" room="6" start="200" weeks="0001000000000"/>
    <class days="1000000" id="1975" room="6" start="200" weeks="0000100000000"/>
    <class days="0100000" id="1976" room="9" start="200" weeks="0000100000000"/>
    <class days="0100000" id="1977" room="75" start="200" weeks="0000100000000"/>
    <class days="1000000" id="1978" room="9" start="200" weeks="0001000000000"/>
    <class days="0001000" id="1979" room="35" start="200" weeks="0001000000000"/>
    <class days="0100000" id="1980" room="9" start="200" weeks="0001000000000"/>
    <class days="1000000" id="1981" room="9" start="200" weeks="0000100000000"/>
    <class days="0100000" id="1982" room="6" start="200" weeks="0001000000000"/>
    <class days="0100000" id="1983" room="6" start="200" weeks="0000100000000"/>
    <class days="0100000" id="1984" room="53" start="200" weeks="0000100000000"/>
    <class days="1000000" id="1985" room="75" start="200" weeks="0000100000000"/>
    <class days="1000000" id="1986" room="67" start="200" weeks="0001000000000"/>
    <class days="1000000" id="1987" room="67" start="200" weeks="0000100000000"/>
    <class days="0100000" id="1988" room="75" start="200" weeks="0001000000000"/>
    <class days="0100000" id="1989" room="25" start="200" weeks="0000010000000"/>
    <class days="1000000" id="1990" room="23" start="200" weeks="0000010000000"/>
    <class days="1000000" id="1991" room="23" start="200" weeks="0000001000000"/>
    <class days="1000000" id="1992" room="6" start="200" weeks="0000010000000"/>
    <class days="1000000" id="1993" room="6" start="200" weeks="0000001000000"/>
    <class days="0100000" id="1994" room="9" start="200" weeks="0000001000000"/>
    <class days="0100000" id="1995" room="75" start="200" weeks="0000001000000"/>
    <class days="1000000" id="1996" room="9" start="200" weeks="0000010000000"/>
    <class days="0001000" id="1997" room="35" start="200" weeks="0000010000000"/>
    <class days="0100000" id="1998" room="9" start="200" weeks="0000010000000"/>
    <class days="1000000" id="1999" room="9" start="200" weeks="0000001000000"/>
    <class days="0100000" id="2000" room="6" start="200" weeks="0000010000000"/>
    <class days="0100000" id="2001" room="6" start="200" weeks="0000001000000"/>
    <class days="0100000" id="2002" room="29" start="200" weeks="0000001000000"/>
    <class days="1000000" id="2003" room="75" start="200" weeks="0000001000000"/>
    <class days="1000000" id="2004" room="67" start="200" weeks="0000010000000"/>
    <class days="1000000" id="2005" room="67" start="200" weeks="0000001000000"/>
    <class days="0100000" id="2006" room="75" start="200" weeks="0000010000000"/>
    <class days="0100000" id="2007" room="25" start="200" weeks="0000000100000"/>
    <class days="1000000" id="2008" room="23" start="200" weeks="0000000100000"/>
    <class days="1000000" id="2009" room="23" start="200" weeks="0000000010000"/>
    <class days="1000000" id="2010" room="6" start="200" weeks="0000000100000"/>
    <class days="1000000" id="2011" room="6" start="200" weeks="0000000010000"/>
    <class days="0100000" id="2012" room="9" start="200" weeks="0000000010000"/>
    <class days="0100000" id="2013" room="75" start="200" weeks="0000000010000"/>
    <class days="1000000" id="2014" room="9" start="200" weeks="0000000100000"/>
    <class days="0001000" id="2015" room="35" start="200" weeks="0000000100000"/>
    <class days="0100000" id="2016" room="9" start="200" weeks="0000000100000"/>
    <class days="1000000" id="2017" room="9" start="200" weeks="0000000010000"/>
    <class days="0100000" id="2018" room="6" start="200" weeks="0000000100000"/>
    <class days="0100000" id="2019" room="6" start="200" weeks="0000000010000"/>
    <class days="0100000" id="2020" room="11" start="200" weeks="0000000010000"/>
    <class days="1000000" id="2021" room="75" start="200" weeks="0000000010000"/>
    <class days="1000000" id="2022" room="67" start="200" weeks="0000000100000"/>
    <class days="1000000" id="2023" room="67" start="200" weeks="0000000010000"/>
    <class days="0100000" id="2024" room="75" start="200" weeks="0000000100000"/>
    <class days="0100000" id="2025" room="25" start="200" weeks="0000000001000"/>
    <class days="1000000" id="2026" room="23" start="200" weeks="0000000001000"/>
    <class days="1000000" id="2027" room="23" start="200" weeks="0000000000100"/>
    <class days="1000000" id="2028" room="6" start="200" weeks="0000000001000"/>
    <class days="1000000" id="2029" room="6" start="200" weeks="0000000000100"/>
    <class days="0100000" id="2030" room="9" start="200" weeks="0000000000100"/>
    <class days="0100000" id="2031" room="75" start="200" weeks="0000000000100"/>
    <class days="1000000" id="2032" room="9" start="200" weeks="0000000001000"/>
    <class days="0001000" id="2033" room="35" start="200" weeks="0000000001000"/>
    <class days="0100000" id="2034" room="9" start="200" weeks="0000000001000"/>
    <class days="1000000" id="2035" room="9" start="200" weeks="0000000000100"/>
    <class days="0100000" id="2036" room="6" start="200" weeks="0000000001000"/>
    <class days="0100000" id="2037" room="6" start="200" weeks="0000000000100"/>
    <class days="0100000" id="2038" room="47" start="200" weeks="0000000000100"/>
    <class days="1000000" id="2039" room="75" start="200" weeks="0000000000100"/>
    <class days="1000000" id="2040" room="67" start="200" weeks="0000000001000"/>
    <class days="1000000" id="2041" room="67" start="200" weeks="0000000000100"/>
    <class days="0100000" id="2042" room="75" start="200" weeks="0000000001000"/>
    <class days="0100000" id="2043" room="25" start="200" weeks="0000000000010"/>
    <class days="1000000" id="2044" room="23" start="200" weeks="0000000000010"/>
    <class days="1000000" id="2045" room="23" start="200" weeks="0000000000001"/>
    <class days="1000000" id="2046" room="6" start="200" weeks="0000000000010"/>
    <class days="1000000" id="2047" room="6" start="200" weeks="0000000000001"/>
    <class days="0100000" id="2048" room="9" start="200" weeks="0000000000001"/>
    <class days="0100000" id="2049" room="75" start="200" weeks="0000000000001"/>
    <class days="1000000" id="2050" room="9" start="200" weeks="0000000000010"/>
    <class days="0001000" id="2051" room="35" start="200" weeks="0000000000010"/>
    <class days="0100000" id="2052" room="9" start="200" weeks="0000000000010"/>
    <class days="1000000" id="2053" room="9" start="200" weeks="0000000000001"/>
    <class days="0100000" id="2054" room="6" start="200" weeks="0000000000010"/>
    <class days="0100000" id="2055" room="6" start="200" weeks="0000000000001"/>
    <class days="0100000" id="2056" room="28" start="200" weeks="0000000000001"/>
    <class days="1000000" id="2057" room="75" start="200" weeks="0000000000001"/>
    <class days="1000000" id="2058" room="67" start="200" weeks="0000000000010"/>
    <class days="1000000" id="2059" room="67" start="200" weeks="0000000000001"/>
    <class days="0100000" id="2060" room="75" start="200" weeks="0000000000010"/>
    <class days="0100000" id="2061" room="29" start="156" weeks="1111111111111"/>
    <class days="0100000" id="2062" room="29" start="178" weeks="1111111111111"/>
    <class days="0100000" id="2063" room="13" start="156" weeks="1111111111111"/>
    <class days="0100000" id="2064" room="13" start="178" weeks="1111111111111"/>
    <class days="0100000" id="2065" room="36" start="156" weeks="1111111111111"/>
    <class days="0100000" id="2066" room="35" start="178" weeks="1111111111111"/>
    <class days="0000010" id="2067" room="46" start="178" weeks="0010000000000"/>
    <class days="0000010" id="2068" room="46" start="211" weeks="0000000000001"/>
    <class days="0000010" id="2069" room="29" start="112" weeks="0000000001000"/>
    <class days="0000010" id="2070" room="56" start="112" weeks="0000000001000"/>
    <class days="0000010" id="2071" room="6" start="112" weeks="0000000001000"/>
    <class days="0000010" id="2072" room="29" start="112" weeks="0000000000100"/>
    <class days="0000010" id="2073" room="56" start="112" weeks="0000000000100"/>
    <class days="0000010" id="2074" room="6" start="112" weeks="0000000000100"/>
    <class days="0010000" id="2075" room="29" start="178" weeks="0101010101010"/>
    <class days="0100000" id="2076" room="86" start="200" weeks="1111111111111"/>
    <class days="0010000" id="2077" room="75" start="134" weeks="1111111111111"/>
    <class days="0010000" id="2078" room="75" start="156" weeks="1010101010101"/>
    <class days="0010000" id="2079" room="64" start="178" weeks="1111111111111"/>
    <class days="0010000" id="2080" room="58" start="189" weeks="1111111111111"/>
    <class days="0001000" id="2081" start="112" weeks="1011111111111"/>
    <class days="0000100" id="2082" room="34" start="167" weeks="0010000000000"/>
    <class days="0000100" id="2083" room="65" start="90" weeks="0000000100000"/>
    <class days="0000100" id="2084" room="54" start="222" weeks="1000000000000"/>
    <class days="0000100" id="2085" room="38" start="200" weeks="0000000000010"/>
    <class days="1000000" id="2086" room="46" start="145" weeks="1111111111111"/>
    <class days="0000100" id="2087" room="83" start="123" weeks="0000010000000"/>
    <class days="0000100" id="2088" room="65" start="156" weeks="1000000000000"/>
    <class days="0000100" id="2089" room="65" start="167" weeks="0001000000000"/>
    <class days="0000100" id="2090" room="76" start="178" weeks="1000000000000"/>
    <class days="0000100" id="2091" room="65" start="123" weeks="0100000000000"/>
    <class days="0000100" id="2092" room="54" start="134" weeks="0010000000000"/>
    <class days="0000100" id="2093" room="36" start="167" weeks="0001000000000"/>
    <class days="0000100" id="2094" room="39" start="222" weeks="0000010000000"/>
    <class days="0000100" id="2095" room="11" start="178" weeks="0000000001000"/>
    <class days="0000100" id="2096" room="46" start="145" weeks="1000000000000"/>
    <class days="0000100" id="2097" room="65" start="145" weeks="0100000000000"/>
    <class days="0000100" id="2098" room="38" start="112" weeks="0010000000000"/>
    <class days="0000100" id="2099" room="54" start="211" weeks="0001000000000"/>
    <class days="0000100" id="2100" room="38" start="145" weeks="0000010000000"/>
    <class days="0000100" id="2101" room="18" start="178" weeks="0000000000100"/>
    <class days="0000100" id="2102" start="96" weeks="0000000100000"/>
    <class days="0000100" id="2103" room="83" start="96" weeks="0000000001000"/>
    <class days="0000100" id="2104" room="70" start="189" weeks="0010000000000"/>
    <class days="0000100" id="2105" room="70" start="90" weeks="0000000000010"/>
    <class days="0000100" id="2106" room="83" start="189" weeks="0000100000000"/>
    <class days="0000100" id="2107" room="83" start="200" weeks="0000001000000"/>
    <class days="0000100" id="2108" room="83" start="167" weeks="0000000001000"/>
    <class days="0001000" id="2109" room="11" start="222" weeks="1010101010101"/>
    <class days="0001000" id="2110" room="47" start="211" weeks="0001010101010"/>
    <class days="0010000" id="2111" room="5" start="233" weeks="1111111111111"/>
    <class days="0000100" id="2112" room="28" start="112" weeks="0010000000000"/>
    <class days="0000100" id="2113" room="58" start="101" weeks="0001000000000"/>
    <class days="0000100" id="2114" room="83" start="101" weeks="0000000000100"/>
    <class days="1000000" id="2115" room="36" start="211" weeks="1111111111111"/>
    <class days="0100000" id="2116" room="36" start="145" weeks="1111111111111"/>
    <class days="0010000" id="2117" room="80" start="178" weeks="1111111111111"/>
    <class days="0000100" id="2118" start="90" weeks="0000100000000"/>
    <class days="0000100" id="2119" room="83" start="101" weeks="0000000100000"/>
    <class days="0100000" id="2120" room="83" start="96" weeks="1111111111111"/>
    <class days="0001000" id="2121" room="83" start="96" weeks="1011111111111"/>
    <class days="0100000" id="2122" room="22" start="145" weeks="1111111111111"/>
    <class days="0100000" id="2123" room="34" start="167" weeks="1111111111111"/>
    <class days="1000000" id="2124" room="70" start="145" weeks="1010101010101"/>
    <class days="1000000" id="2125" room="70" start="90" weeks="0101010101010"/>
    <class days="0000100" id="2126" room="83" start="90" weeks="1000000000000"/>
    <class days="0000100" id="2127" room="83" start="90" weeks="0000001000000"/>
    <class days="0000100" id="2128" room="70" start="178" weeks="0000001000000"/>
    <class days="0000100" id="2129" room="70" start="134" weeks="0000000000010"/>
    <class days="0000100" id="2130" room="81" start="134" weeks="0100000000000"/>
    <class days="0000100" id="2131" room="34" start="145" weeks="0100000000000"/>
    <class days="0000100" id="2132" start="96" weeks="0000100000000"/>
    <class days="0000100" id="2133" start="96" weeks="0000100000000"/>
    <class days="0000100" id="2134" room="38" start="145" weeks="0000001000000"/>
    <class days="0000100" id="2135" room="39" start="145" weeks="0000001000000"/>
    <class days="1000000" id="2136" room="70" start="189" weeks="1010101010101"/>
    <class days="0100000" id="2137" room="70" start="167" weeks="0101010101010"/>
    <class days="0100000" id="2138" room="16" start="156" weeks="0100000000000"/>
    <class days="0100000" id="2139" room="50" start="156" weeks="0100000000000"/>
    <class days="0100000" id="2140" room="39" start="156" weeks="0010000000000"/>
    <class days="0100000" id="2141" room="39" start="156" weeks="0010000000000"/>
    <class days="0100000" id="2142" room="39" start="156" weeks="0000010000000"/>
    <class days="0100000" id="2143" room="16" start="156" weeks="0000010000000"/>
    <class days="0000100" id="2144" room="80" start="90" weeks="0000100000000"/>
    <class days="0000100" id="2145" room="21" start="90" weeks="0000000000010"/>
    <class days="0000100" id="2146" room="6" start="178" weeks="0000001000000"/>
    <class days="0000100" id="2147" room="21" start="200" weeks="0100000000000"/>
    <class days="0000100" id="2148" room="54" start="211" weeks="0000000100000"/>
    <class days="0000100" id="2149" room="12" start="222" weeks="0000000000010"/>
    <class days="0000100" id="2150" room="38" start="211" weeks="0010000000000"/>
    <class days="0000100" id="2151" room="18" start="90" weeks="0010000000000"/>
    <class days="0000100" id="2152" room="49" start="123" weeks="0000001000000"/>
    <class days="0000100" id="2153" room="38" start="222" weeks="0000000001000"/>
    <class days="0000100" id="2154" room="18" start="189" weeks="0000100000000"/>
    <class days="0000100" id="2155" room="49" start="145" weeks="0000000000010"/>
    <class days="0001000" id="2156" room="50" start="112" weeks="1011111111111"/>
    <class days="0001000" id="2157" room="59" start="123" weeks="1011111111111"/>
    <class days="0010000" id="2158" room="46" start="189" weeks="1111111111111"/>
    <class days="0010000" id="2159" room="12" start="178" weeks="1111111111111"/>
    <class days="0010000" id="2160" room="29" start="200" weeks="1111111111111"/>
    <class days="0100000" id="2161" room="54" start="134" weeks="1111111111111"/>
    <class days="0100000" id="2162" room="69" start="112" weeks="1111111111111"/>
    <class days="0100000" id="2163" room="66" start="145" weeks="1111111111111"/>
    <class days="1000000" id="2164" room="66" start="145" weeks="1111111111111"/>
    <class days="1000000" id="2165" room="35" start="123" weeks="1111111111111"/>
    <class days="0000100" id="2166" room="56" start="145" weeks="1000000000000"/>
    <class days="0000100" id="2167" room="56" start="134" weeks="0000000100000"/>
    <class days="0000100" id="2168" room="6" start="222" weeks="0010000000000"/>
    <class days="0000100" id="2169" room="11" start="211" weeks="0001000000000"/>
    <class days="0000100" id="2170" room="36" start="211" weeks="0000000100000"/>
    <class days="0000100" id="2171" room="12" start="222" weeks="0000000000010"/>
    <class days="0001000" id="2172" room="56" start="156" weeks="1011111111111"/>
    <class days="0100000" id="2173" room="56" start="222" weeks="1111111111111"/>
    <class days="0100000" id="2174" room="49" start="167" weeks="1111111111111"/>
    <class days="0100000" id="2175" room="58" start="189" weeks="1111111111111"/>
    <class days="0000100" id="2176" room="34" start="145" weeks="0010000000000"/>
    <class days="0000100" id="2177" room="34" start="101" weeks="0100000000000"/>
    <class days="0000100" id="2178" room="34" start="211" weeks="0001000000000"/>
    <class days="0000100" id="2179" room="65" start="156" weeks="0000100000000"/>
    <class days="0000100" id="2180" room="54" start="90" weeks="0000001000000"/>
    <class days="0000100" id="2181" room="34" start="101" weeks="0000000100000"/>
    <class days="0000100" id="2182" room="34" start="189" weeks="0000000000100"/>
    <class days="0000100" id="2183" room="65" start="156" weeks="0000000100000"/>
    <class days="0100000" id="2184" room="75" start="233" weeks="1111111111111"/>
    <class days="0001000" id="2185" room="75" start="123" weeks="1011111111111"/>
    <class days="1000000" id="2186" room="16" start="134" weeks="1111111111111"/>
    <class days="1000000" id="2187" room="34" start="178" weeks="1111111111111"/>
    <class days="0010000" id="2188" start="112" weeks="1111111111111"/>
    <class days="1000000" id="2189" room="54" start="112" weeks="1111111111111"/>
    <class days="0010000" id="2190" room="39" start="101" weeks="1111111111111"/>
    <class days="1000000" id="2191" room="35" start="90" weeks="1111111111111"/>
    <class days="1000000" id="2192" room="48" start="123" weeks="1111111111111"/>
    <class days="0000100" id="2193" room="36" start="178" weeks="0000000100000"/>
    <class days="0000100" id="2194" room="16" start="156" weeks="0001000000000"/>
    <class days="0000100" id="2195" room="65" start="145" weeks="0000001000000"/>
    <class days="0000100" id="2196" room="38" start="101" weeks="0000000000001"/>
    <class days="0000100" id="2197" room="76" start="222" weeks="0000010000000"/>
    <class days="0000100" id="2198" room="36" start="211" weeks="0010000000000"/>
    <class days="0000100" id="2199" room="36" start="123" weeks="0000000100000"/>
    <class days="0000100" id="2200" room="64" start="167" weeks="0000000001000"/>
    <class days="0010000" id="2201" room="76" start="211" weeks="1111111111111"/>
    <class days="0100000" id="2202" room="28" start="101" weeks="1111111111111"/>
    <class days="0010000" id="2203" room="25" start="211" weeks="1111111111111"/>
    <class days="0010000" id="2204" room="75" start="211" weeks="1111111111111"/>
    <class days="0001000" id="2205" room="85" start="145" weeks="1010101010101"/>
    <class days="0010000" id="2206" room="70" start="156" weeks="1010101010101"/>
    <class days="0010000" id="2207" room="75" start="167" weeks="0101010101010"/>
    <class days="1000000" id="2208" room="46" start="112" weeks="1111111111111"/>
    <class days="0100000" id="2209" room="76" start="112" weeks="1010101010101"/>
    <class days="0100000" id="2210" room="76" start="134" weeks="1010101010101"/>
    <class days="0100000" id="2211" room="16" start="178" weeks="1010101010101"/>
    <class days="0100000" id="2212" room="76" start="200" weeks="1010101010101"/>
    <class days="0100000" id="2213" room="76" start="112" weeks="0101010101010"/>
    <class days="0100000" id="2214" room="76" start="134" weeks="0101010101010"/>
    <class days="0100000" id="2215" room="16" start="178" weeks="1010101010101"/>
    <class days="0100000" id="2216" room="76" start="200" weeks="0101010101010"/>
    <class days="0010000" id="2217" room="46" start="167" weeks="0101010101010"/>
    <class days="1000000" id="2218" room="76" start="178" weeks="0101010101010"/>
    <class days="1000000" id="2219" room="76" start="178" weeks="1010101010101"/>
    <class days="1000000" id="2220" room="76" start="200" weeks="0101010101010"/>
    <class days="1000000" id="2221" room="76" start="200" weeks="1010101010101"/>
    <class days="0100000" id="2222" room="56" start="178" weeks="0101010101010"/>
    <class days="0100000" id="2223" room="56" start="178" weeks="1010101010101"/>
    <class days="0100000" id="2224" room="65" start="200" weeks="0101010101010"/>
    <class days="0100000" id="2225" room="56" start="200" weeks="1010101010101"/>
    <class days="0010000" id="2226" room="76" start="112" weeks="0101010101010"/>
    <class days="0010000" id="2227" room="76" start="112" weeks="1010101010101"/>
    <class days="0010000" id="2228" room="76" start="134" weeks="0101010101010"/>
    <class days="0010000" id="2229" room="76" start="134" weeks="1010101010101"/>
    <class days="0000100" id="2230" room="46" start="189" weeks="0010000000000"/>
    <class days="0000100" id="2231" room="46" start="200" weeks="0000000000010"/>
    <class days="0000100" id="2232" room="46" start="90" weeks="0000001000000"/>
    <class days="0000100" id="2233" room="46" start="90" weeks="0000001000000"/>
    <class days="0000100" id="2234" room="46" start="123" weeks="0010000000000"/>
    <class days="0000100" id="2235" room="46" start="211" weeks="0000000001000"/>
    <class days="0000100" id="2236" room="46" start="123" weeks="0000010000000"/>
    <class days="0010000" id="2237" room="75" start="145" weeks="0101010101010"/>
    <class days="0010000" id="2238" room="75" start="156" weeks="0101010101010"/>
    <class days="0010000" id="2239" room="80" start="123" weeks="1111111111111"/>
    <class days="0100000" id="2240" room="54" start="156" weeks="1111111111111"/>
    <class days="0010000" id="2241" room="39" start="101" weeks="0101010101010"/>
    <class days="0000010" id="2242" room="34" start="156" weeks="0000000100000"/>
    <class days="0000010" id="2243" room="46" start="211" weeks="0000000000100"/>
    <class days="0000010" id="2244" room="54" start="112" weeks="0000100000000"/>
    <class days="0000010" id="2245" room="34" start="189" weeks="1000000000000"/>
    <class days="0000010" id="2246" room="54" start="200" weeks="0000000010000"/>
    <class days="0000010" id="2247" room="65" start="211" weeks="0000000000100"/>
    <class days="0000010" id="2248" room="59" start="211" weeks="0000000001000"/>
    <class days="0000010" id="2249" room="11" start="101" weeks="0001000000000"/>
    <class days="0100000" id="2250" start="101" weeks="1111111111111"/>
    <class days="0100000" id="2251" start="156" weeks="0101010101010"/>
    <class days="0100000" id="2252" room="38" start="200" weeks="1111111111111"/>
    <class days="0000100" id="2253" room="75" start="101" weeks="1000000000000"/>
    <class days="0000100" id="2254" room="75" start="101" weeks="0000001000000"/>
    <class days="0000100" id="2255" room="75" start="101" weeks="0000000001000"/>
    <class days="0000100" id="2256" room="75" start="101" weeks="0010000000000"/>
    <class days="0000100" id="2257" room="75" start="101" weeks="0000100000000"/>
    <class days="0000100" id="2258" room="75" start="101" weeks="0000000100000"/>
    <class days="0000100" id="2259" room="75" start="101" weeks="0000000000100"/>
    <class days="0000100" id="2260" room="75" start="101" weeks="0000000000001"/>
    <class days="0000100" id="2261" room="75" start="101" weeks="0000000000010"/>
    <class days="0000100" id="2262" room="76" start="101" weeks="0000010000000"/>
    <class days="0000100" id="2263" room="75" start="101" weeks="0100000000000"/>
    <class days="0000100" id="2264" room="75" start="101" weeks="0001000000000"/>
    <class days="0010000" id="2265" room="34" start="112" weeks="1111111111111"/>
    <class days="0100000" id="2266" room="75" start="189" weeks="1111111111111"/>
    <class days="0001000" id="2267" room="75" start="167" weeks="1011111111111"/>
    <class days="0000100" id="2268" room="39" start="211" weeks="0001000000000"/>
    <class days="0000100" id="2269" room="16" start="222" weeks="0000001000000"/>
    <class days="0000100" id="2270" room="39" start="167" weeks="0000001000000"/>
    <class days="0000100" id="2271" room="64" start="134" weeks="0000000000100"/>
    <class days="0000100" id="2272" room="34" start="145" weeks="0000000001000"/>
    <class days="0000100" id="2273" room="54" start="101" weeks="0010000000000"/>
    <class days="0000100" id="2274" room="54" start="90" weeks="0000010000000"/>
    <class days="0000100" id="2275" room="46" start="101" weeks="0000100000000"/>
    <class days="0000100" id="2276" room="76" start="90" weeks="0000010000000"/>
    <class days="0000100" id="2277" room="69" start="90" weeks="0010000000000"/>
    <class days="0000100" id="2278" room="65" start="189" weeks="0000000100000"/>
    <class days="0000100" id="2279" room="65" start="90" weeks="0000100000000"/>
    <class days="1000000" id="2280" room="47" start="156" weeks="1111111111111"/>
    <class days="0100000" id="2281" room="48" start="233" weeks="1111111111111"/>
    <class days="0010000" id="2282" room="34" start="145" weeks="1111111111111"/>
    <class days="0100000" id="2283" room="66" start="200" weeks="1111111111111"/>
    <class days="0010000" id="2284" room="30" start="134" weeks="1111111111111"/>
    <class days="0010000" id="2285" room="35" start="101" weeks="1111111111111"/>
    <class days="0010000" id="2286" room="50" start="211" weeks="1111111111111"/>
    <class days="0010000" id="2287" room="46" start="123" weeks="1111111111111"/>
    <class days="1000000" id="2288" room="34" start="112" weeks="1111111111111"/>
    <class days="0000100" id="2289" room="15" start="200" weeks="0010000000000"/>
    <class days="0000100" id="2290" room="16" start="178" weeks="0010000000000"/>
    <class days="0000100" id="2291" room="46" start="178" weeks="0000000001000"/>
    <class days="0000100" id="2292" room="18" start="211" weeks="0100000000000"/>
    <class days="0000100" id="2293" room="16" start="145" weeks="0000010000000"/>
    <class days="0000100" id="2294" room="64" start="112" weeks="0000000000100"/>
    <class days="0010000" id="2295" room="54" start="167" weeks="0101010101010"/>
    <class days="0010000" id="2296" room="22" start="101" weeks="1010101010101"/>
    <class days="0000100" id="2297" room="18" start="178" weeks="0010000000000"/>
    <class days="0000100" id="2298" room="21" start="222" weeks="0001000000000"/>
    <class days="0000100" id="2299" room="39" start="123" weeks="0010000000000"/>
    <class days="0000100" id="2300" room="47" start="222" weeks="0000000001000"/>
    <class days="0000100" id="2301" room="85" start="90" weeks="0001000000000"/>
    <class days="0000100" id="2302" room="13" start="145" weeks="0000000001000"/>
    <class days="0000100" id="2303" room="6" start="222" weeks="0000000000100"/>
    <class days="0000100" id="2304" room="18" start="189" weeks="1010001000010"/>
    <class days="0000100" id="2305" room="49" start="134" weeks="0000010000000"/>
    <class days="0000100" id="2306" room="28" start="189" weeks="0001000000000"/>
    <class days="0000100" id="2307" room="76" start="189" weeks="0000100000000"/>
    <class days="0000100" id="2308" room="56" start="211" weeks="0001000000000"/>
    <class days="0000100" id="2309" room="31" start="200" weeks="0000000100000"/>
    <class days="0000100" id="2310" room="65" start="200" weeks="0000000000001"/>
    <class days="0000100" id="2311" room="48" start="145" weeks="1010101001010"/>
    <class days="0000100" id="2312" room="81" start="211" weeks="1010101001010"/>
    <class days="0000100" id="2313" room="76" start="200" weeks="0000001000000"/>
    <class days="0000100" id="2314" room="38" start="167" weeks="0000000000010"/>
    <class days="0000100" id="2315" room="21" start="211" weeks="0000000000100"/>
    <class days="0000100" id="2316" room="35" start="189" weeks="0000001000000"/>
    <class days="0000100" id="2317" room="76" start="123" weeks="0000000001000"/>
    <class days="0000100" id="2318" room="36" start="222" weeks="0000000000010"/>
    <class days="0000100" id="2319" room="54" start="178" weeks="1000100001000"/>
    <class days="0000100" id="2320" room="59" start="222" weeks="0010000000000"/>
    <class days="0000100" id="2321" room="36" start="90" weeks="0000010000000"/>
    <class days="0000100" id="2322" room="85" start="156" weeks="0000000010000"/>
    <class days="0000100" id="2323" room="31" start="134" weeks="0000000001000"/>
    <class days="0000100" id="2324" room="76" start="123" weeks="1010001000010"/>
    <class days="0000100" id="2325" room="54" start="90" weeks="1000100001000"/>
    <class days="0000100" id="2326" room="28" start="112" weeks="1000100001000"/>
    <class days="0000100" id="2327" room="39" start="178" weeks="0000100000000"/>
    <class days="0000100" id="2328" room="59" start="112" weeks="0000010000000"/>
    <class days="0000100" id="2329" room="9" start="145" weeks="0000000100000"/>
    <class days="0000100" id="2330" room="66" start="134" weeks="0100000000000"/>
    <class days="0000100" id="2331" room="75" start="211" weeks="0100000000000"/>
    <class days="0000100" id="2332" room="7" start="222" weeks="0000001000000"/>
    <class days="0000100" id="2333" room="47" start="189" weeks="0010001000010"/>
    <class days="0000100" id="2334" room="7" start="222" weeks="1000100001000"/>
    <class days="0000100" id="2335" room="59" start="222" weeks="1000100001000"/>
    <class days="0000100" id="2336" room="64" start="211" weeks="0100000000000"/>
    <class days="0000100" id="2337" room="54" start="145" weeks="0000010000000"/>
    <class days="0000100" id="2338" room="46" start="123" weeks="0000100000000"/>
    <class days="0000100" id="2339" room="11" start="112" weeks="1010101001010"/>
    <class days="0000100" id="2340" room="16" start="178" weeks="0010010001010"/>
    <class days="0000100" id="2341" room="29" start="90" weeks="1010001000010"/>
    <class days="0001000" id="2342" room="16" start="123" weeks="1011111111111"/>
    <class days="0100000" id="2343" room="38" start="178" weeks="1111111111111"/>
    <class days="0010000" id="2344" room="47" start="178" weeks="1111111111111"/>
    <class days="0001000" id="2345" room="38" start="200" weeks="1011111111111"/>
    <class days="1000000" id="2346" room="18" start="178" weeks="1111111111111"/>
    <class days="1000000" id="2347" room="23" start="222" weeks="1111111111111"/>
    <class days="0100000" id="2348" room="36" start="112" weeks="1111111111111"/>
    <class days="0001000" id="2349" room="39" start="200" weeks="1011111111111"/>
    <class days="0001000" id="2350" room="76" start="123" weeks="1011111111111"/>
    <class days="0100000" id="2351" room="73" start="222" weeks="1111111111111"/>
    <class days="0010000" id="2352" room="65" start="233" weeks="1111111111111"/>
    <class days="0001000" id="2353" room="39" start="233" weeks="1011111111111"/>
    <class days="0100000" id="2354" room="39" start="145" weeks="1111111111111"/>
    <class days="0100000" id="2355" room="31" start="90" weeks="1111111111111"/>
    <class days="0001000" id="2356" room="48" start="211" weeks="1011111111111"/>
    <class days="0001000" id="2357" room="39" start="167" weeks="1011111111111"/>
    <class days="0001000" id="2358" room="36" start="145" weeks="1011111111111"/>
    <class days="1000000" id="2359" room="50" start="222" weeks="1111111111111"/>
    <class days="1000000" id="2360" room="49" start="211" weeks="1111111111111"/>
    <class days="0010000" id="2361" room="49" start="90" weeks="1111111111111"/>
    <class days="0001000" id="2362" room="9" start="101" weeks="1011111111111"/>
    <class days="0001000" id="2363" room="49" start="112" weeks="1011111111111"/>
    <class days="0001000" id="2364" room="69" start="134" weeks="1011111111111"/>
    <class days="1000000" id="2365" room="9" start="123" weeks="1111111111111"/>
    <class days="1000000" id="2366" room="50" start="211" weeks="1111111111111"/>
    <class days="0001000" id="2367" room="76" start="233" weeks="1011111111111"/>
    <class days="0000100" id="2368" room="38" start="90" weeks="0000000000100"/>
    <class days="0000100" id="2369" room="49" start="200" weeks="0000000000010"/>
    <class days="0000100" id="2370" room="54" start="123" weeks="0000000000001"/>
    <class days="0000100" id="2371" room="47" start="156" weeks="1000100001010"/>
    <class days="0000100" id="2372" room="73" start="222" weeks="1010101001010"/>
    <class days="0000100" id="2373" room="66" start="90" weeks="1010101001010"/>
    <class days="0000100" id="2374" room="11" start="112" weeks="0000000000100"/>
    <class days="0000100" id="2375" room="85" start="178" weeks="0100000000000"/>
    <class days="0000100" id="2376" room="65" start="145" weeks="0000000001000"/>
    <class days="0000100" id="2377" room="11" start="200" weeks="1000100001010"/>
    <class days="0000100" id="2378" room="12" start="90" weeks="1010101001010"/>
    <class days="0100000" id="2379" room="73" start="90" weeks="1111111111111"/>
    <class days="0001000" id="2380" room="49" start="178" weeks="1011111111111"/>
    <class days="0001000" id="2381" room="30" start="178" weeks="1011111111111"/>
    <class days="0001000" id="2382" room="22" start="222" weeks="1011111111111"/>
    <class days="0100000" id="2383" room="64" start="222" weeks="1111111111111"/>
    <class days="0000100" id="2384" room="69" start="123" weeks="0101010100101"/>
    <class days="1000000" id="2385" room="23" start="178" weeks="1111111111111"/>
    <class days="0010000" id="2386" room="19" start="123" weeks="1111111111111"/>
    <class days="0000100" id="2387" room="49" start="123" weeks="0101010100101"/>
    <class days="0010000" id="2388" room="49" start="145" weeks="1111111111111"/>
    <class days="0000100" id="2389" room="39" start="112" weeks="0100010000100"/>
    <class days="1000000" id="2390" room="49" start="233" weeks="1111111111111"/>
    <class days="0001000" id="2391" room="59" start="167" weeks="1011111111111"/>
    <class days="0000100" id="2392" room="7" start="222" weeks="0100010000100"/>
    <class days="0000100" id="2393" room="36" start="156" weeks="0001000100001"/>
    <class days="0001000" id="2394" room="59" start="189" weeks="1011111111111"/>
    <class days="0100000" id="2395" room="19" start="189" weeks="1111111111111"/>
    <class days="0000100" id="2396" room="73" start="101" weeks="0101010100101"/>
    <class days="1000000" id="2397" room="46" start="134" weeks="1111111111111"/>
    <class days="0000100" id="2398" room="85" start="145" weeks="0100010000100"/>
    <class days="0010000" id="2399" room="48" start="156" weeks="1111111111111"/>
    <class days="0000100" id="2400" room="38" start="134" weeks="1111111101111"/>
    <class days="1000000" id="2401" room="54" start="90" weeks="1111111111111"/>
    <class days="0000100" id="2402" room="29" start="189" weeks="0001000100001"/>
    <class days="0000100" id="2403" room="69" start="167" weeks="0101010100101"/>
    <class days="0000100" id="2404" room="30" start="101" weeks="1111111101111"/>
    <class days="1000000" id="2405" room="76" start="156" weeks="1111111111111"/>
    <class days="0000100" id="2406" room="35" start="189" weeks="0001000100001"/>
    <class days="0100000" id="2407" room="38" start="156" weeks="1111111111111"/>
    <class days="0000100" id="2408" room="66" start="211" weeks="0100010000100"/>
    <class days="0010000" id="2409" room="69" start="222" weeks="1111111111111"/>
    <class days="0000100" id="2410" room="73" start="134" weeks="0101010100101"/>
    <class days="0000100" id="2411" room="66" start="200" weeks="0001000100001"/>
    <class days="0010000" id="2412" room="47" start="222" weeks="1111111111111"/>
    <class days="0000100" id="2413" room="58" start="156" weeks="0101010100101"/>
    <class days="0000100" id="2414" room="31" start="90" weeks="0000100000000"/>
    <class days="0000100" id="2415" room="65" start="222" weeks="0000010000000"/>
    <class days="0000100" id="2416" room="47" start="101" weeks="0100000000000"/>
    <class days="0000100" id="2417" room="49" start="178" weeks="0000000000100"/>
    <class days="0000100" id="2418" room="81" start="200" weeks="0000000100000"/>
    <class days="0000100" id="2419" room="64" start="178" weeks="0100000000000"/>
    <class days="0010000" id="2420" room="34" start="123" weeks="1111111111111"/>
    <class days="0001000" id="2421" room="49" start="145" weeks="1011111111111"/>
    <class days="0001000" id="2422" room="36" start="123" weeks="1011111111111"/>
    <class days="0001000" id="2423" room="69" start="90" weeks="1011111111111"/>
    <class days="0010000" id="2424" room="54" start="189" weeks="1111111111111"/>
    <class days="0010000" id="2425" room="36" start="123" weeks="1010101010101"/>
    <class days="0000100" id="2426" room="69" start="145" weeks="0000001000000"/>
    <class days="0000100" id="2427" room="56" start="134" weeks="0001000000000"/>
    <class days="0000100" id="2428" room="21" start="211" weeks="0000000000010"/>
    <class days="0000100" id="2429" room="59" start="178" weeks="0000010000000"/>
    <class days="0000100" id="2430" room="15" start="90" weeks="0010000000000"/>
    <class days="0000100" id="2431" room="47" start="156" weeks="0000000000100"/>
    <class days="0000100" id="2432" room="12" start="90" weeks="0000000000010"/>
    <class days="0000100" id="2433" room="35" start="200" weeks="0000000001000"/>
    <class days="0000100" id="2434" room="6" start="112" weeks="0000100000000"/>
    <class days="0000100" id="2435" room="18" start="222" weeks="0000010000000"/>
    <class days="0000100" id="2436" room="47" start="167" weeks="0000000001000"/>
    <class days="0000100" id="2437" room="76" start="101" weeks="0000000000100"/>
    <class days="0000100" id="2438" room="31" start="123" weeks="0000001000000"/>
    <class days="0000100" id="2439" room="85" start="90" weeks="0000000010000"/>
    <class days="0000100" id="2440" room="54" start="222" weeks="0000100000000"/>
    <class days="0000100" id="2441" room="48" start="167" weeks="0000000000001"/>
    <class days="0000100" id="2442" room="85" start="145" weeks="0000000010000"/>
    <class days="0000100" id="2443" room="56" start="145" weeks="0010000000000"/>
    <class days="0000100" id="2444" room="64" start="123" weeks="0000000001000"/>
    <class days="0000100" id="2445" room="81" start="200" weeks="0000000001000"/>
    <class days="0000100" id="2446" room="66" start="178" weeks="0010000000000"/>
    <class days="0000100" id="2447" room="30" start="90" weeks="0000000100000"/>
    <class days="0000100" id="2448" room="54" start="134" weeks="0000000000100"/>
    <class days="0000100" id="2449" room="80" start="134" weeks="0000010000000"/>
    <class days="0000100" id="2450" room="9" start="145" weeks="0100000000000"/>
    <class days="0000100" id="2451" room="69" start="222" weeks="0000010000000"/>
    <class days="0000100" id="2452" room="49" start="178" weeks="0000000000010"/>
    <class days="0000100" id="2453" room="29" start="101" weeks="0000000010000"/>
    <class days="0000100" id="2454" room="69" start="123" weeks="0000001000000"/>
    <class days="0000100" id="2455" room="76" start="156" weeks="0000100000000"/>
    <class days="0100000" id="2456" room="38" start="145" weeks="1111111111111"/>
    <class days="0000100" id="2457" room="46" start="189" weeks="1000000000000"/>
    <class days="0000100" id="2458" start="189" weeks="1000000000000"/>
    <class days="0000100" id="2459" room="28" start="189" weeks="1000000000000"/>
    <class days="0000100" id="2460" room="26" start="101" weeks="1000000000000"/>
    <class days="0000100" id="2461" room="49" start="101" weeks="1000000000000"/>
    <class days="0000100" id="2462" room="47" start="156" weeks="0001000000000"/>
    <class days="0000100" id="2463" room="47" start="156" weeks="0001000000000"/>
    <class days="0000100" id="2464" room="59" start="112" weeks="0000000100000"/>
    <class days="0000100" id="2465" room="80" start="112" weeks="0000000100000"/>
    <class days="0000100" id="2466" room="19" start="101" weeks="0000000000010"/>
    <class days="0000100" id="2467" room="30" start="101" weeks="0000000000010"/>
    <class days="0000100" id="2468" room="46" start="101" weeks="1000000000000"/>
    <class days="0000100" id="2469" room="59" start="156" weeks="0001000000000"/>
    <class days="0000100" id="2470" room="54" start="112" weeks="0000000100000"/>
    <class days="0000100" id="2471" room="48" start="101" weeks="0000000000010"/>
    <class days="0000100" id="2472" room="25" start="101" weeks="1000000000000"/>
    <class days="0000100" id="2473" room="34" start="156" weeks="0001000000000"/>
    <class days="0000100" id="2474" room="18" start="112" weeks="0000000100000"/>
    <class days="0000100" id="2475" room="80" start="101" weeks="0000000000010"/>
    <class days="0000010" id="2476" room="9" start="167" weeks="0010000000000"/>
    <class days="0000010" id="2477" room="6" start="101" weeks="0000001000000"/>
    <class days="0000010" id="2478" room="50" start="167" weeks="0010000000000"/>
    <class days="0000010" id="2479" room="50" start="167" weeks="0000000000100"/>
    <class days="0000010" id="2480" room="6" start="167" weeks="0000001000000"/>
    <class days="0000010" id="2481" room="65" start="101" weeks="0000000000100"/>
    <class days="0000100" id="2482" room="38" start="200" weeks="1000000000000"/>
    <class days="0000100" id="2483" room="21" start="200" weeks="0001000000000"/>
    <class days="0000010" id="2484" room="81" start="189" weeks="0000000100000"/>
    <class days="0000100" id="2485" room="13" start="156" weeks="1000000000000"/>
    <class days="0000010" id="2486" room="21" start="156" weeks="0000000100000"/>
    <class days="0000100" id="2487" room="29" start="200" weeks="0000000000010"/>
    <class days="0000100" id="2488" room="34" start="101" weeks="1000000000000"/>
    <class days="0000100" id="2489" room="75" start="167" weeks="0001000000000"/>
    <class days="0000010" id="2490" room="38" start="156" weeks="0000000000010"/>
    <class days="0000100" id="2491" room="39" start="189" weeks="1000000000000"/>
    <class days="0000100" id="2492" room="7" start="90" weeks="0000000100000"/>
    <class days="0000010" id="2493" room="16" start="189" weeks="0000000000010"/>
    <class days="0000100" id="2494" room="16" start="156" weeks="0001000000000"/>
    <class days="0000100" id="2495" room="39" start="189" weeks="0000000100000"/>
    <class days="0000100" id="2496" room="16" start="156" weeks="0000000000010"/>
    <class days="0000010" id="2497" room="16" start="156" weeks="1000000000000"/>
    <class days="0000010" id="2498" room="15" start="156" weeks="0001000000000"/>
    <class days="0000010" id="2499" room="39" start="156" weeks="0000000000010"/>
    <class days="0000100" id="2500" room="16" start="156" weeks="1000000000000"/>
    <class days="0000100" id="2501" room="15" start="200" weeks="0001000000000"/>
    <class days="0000010" id="2502" room="65" start="101" weeks="0000000100000"/>
    <class days="0000010" id="2503" room="38" start="101" weeks="1000000000000"/>
    <class days="0000100" id="2504" room="65" start="200" weeks="0000000100000"/>
    <class days="0000100" id="2505" room="16" start="200" weeks="0000000000010"/>
    <class days="0000010" id="2506" room="21" start="189" weeks="1000000000000"/>
    <class days="0000010" id="2507" room="7" start="156" weeks="0001000000000"/>
    <class days="0000010" id="2508" room="9" start="156" weeks="0000000000010"/>
    <class days="0000100" id="2509" room="76" start="101" weeks="1000000000000"/>
    <class days="0000010" id="2510" room="65" start="200" weeks="1000000000000"/>
    <class days="0000010" id="2511" room="34" start="200" weeks="0001000000000"/>
    <class days="0000010" id="2512" room="15" start="101" weeks="0001000000000"/>
    <class days="0000010" id="2513" room="16" start="101" weeks="0000000100000"/>
    <class days="0000010" id="2514" room="38" start="112" weeks="0000000000010"/>
    <class days="0000100" id="2515" room="1" start="200" weeks="1000000000000"/>
    <class days="0000100" id="2516" room="1" start="200" weeks="0001000000000"/>
    <class days="0000100" id="2517" room="1" start="101" weeks="0000000000010"/>
    <class days="0000100" id="2518" room="29" start="156" weeks="1000000000000"/>
    <class days="0000100" id="2519" room="81" start="101" weeks="0000000100000"/>
    <class days="0000100" id="2520" room="7" start="200" weeks="0000000000010"/>
    <class days="0000010" id="2521" room="7" start="101" weeks="1000000000000"/>
    <class days="0000100" id="2522" room="7" start="112" weeks="0001000000000"/>
    <class days="0000100" id="2523" room="7" start="156" weeks="0000000100000"/>
    <class days="0000100" id="2524" room="70" start="101" weeks="0001000000000"/>
    <class days="0000100" id="2525" room="70" start="101" weeks="0000000100000"/>
    <class days="0000010" id="2526" room="39" start="156" weeks="1000000000000"/>
    <class days="0000010" id="2527" room="16" start="101" weeks="0001000000000"/>
    <class days="0000010" id="2528" room="15" start="101" weeks="0000000000010"/>
    <class days="0000010" id="2529" room="38" start="189" weeks="1000000000000"/>
    <class days="0000100" id="2530" room="38" start="156" weeks="0000000000010"/>
    <class days="0000100" id="2531" room="39" start="200" weeks="1000000000000"/>
    <class days="0000100" id="2532" room="76" start="200" weeks="0001000000000"/>
    <class days="0000100" id="2533" room="39" start="189" weeks="0000000000010"/>
    <class days="0000010" id="2534" room="16" start="200" weeks="0001000000000"/>
    <class days="0000100" id="2535" room="34" start="156" weeks="0000000100000"/>
    <class days="0000100" id="2536" room="34" start="101" weeks="0000000000010"/>
    <class days="0000010" id="2537" room="39" start="167" weeks="0001000000000"/>
    <class days="0000010" id="2538" room="66" start="156" weeks="0000000100000"/>
    <class days="0000010" id="2539" room="49" start="167" weeks="0000000000010"/>
    <class days="0000100" id="2540" room="11" start="156" weeks="1000000000000"/>
    <class days="0000100" id="2541" room="34" start="189" weeks="0000000100000"/>
    <class days="0000010" id="2542" room="39" start="200" weeks="0000000000010"/>
    <class days="0000010" id="2543" room="38" start="101" weeks="0001000000000"/>
    <class days="0000010" id="2544" room="49" start="101" weeks="0000000000010"/>
    <class days="0000010" id="2545" room="34" start="156" weeks="1000000000000"/>
    <class days="0000100" id="2546" room="39" start="156" weeks="0001000000000"/>
    <class days="0000010" id="2547" room="16" start="101" weeks="1000000000000"/>
    <class days="0000010" id="2548" room="34" start="101" weeks="0000000100000"/>
    <class days="0001000" id="2549" room="25" start="167" weeks="1011111111111"/>
    <class days="0000010" id="2550" room="16" start="167" weeks="0100000000000"/>
    <class days="0000010" id="2551" room="11" start="167" weeks="0000000001000"/>
    <class days="0000010" id="2552" room="7" start="189" weeks="0010000000000"/>
    <class days="0000010" id="2553" room="47" start="145" weeks="0001000000000"/>
    <class days="0010000" id="2554" room="49" start="134" weeks="0001000000000"/>
    <class days="1000000" id="2555" room="56" start="156" weeks="0000010000000"/>
    <class days="0010000" id="2556" room="13" start="90" weeks="0000000100000"/>
    <class days="0000100" id="2557" room="65" start="156" weeks="1000000000000"/>
    <class days="0000010" id="2558" room="54" start="156" weeks="0000000100000"/>
    <class days="0000100" id="2559" room="54" start="156" weeks="0000000000010"/>
    <class days="0000010" id="2560" room="65" start="156" weeks="1000000000000"/>
    <class days="0000100" id="2561" room="34" start="189" weeks="0000000100000"/>
    <class days="0000100" id="2562" room="34" start="189" weeks="0000000000010"/>
    <class days="0000100" id="2563" room="65" start="101" weeks="1000000000000"/>
    <class days="0000100" id="2564" room="34" start="101" weeks="0001000000000"/>
    <class days="0000100" id="2565" room="65" start="101" weeks="0000000000010"/>
    <class days="0000100" id="2566" room="34" start="200" weeks="1000000000000"/>
    <class days="0000100" id="2567" room="65" start="200" weeks="0001000000000"/>
    <class days="0000010" id="2568" room="34" start="101" weeks="0000000100000"/>
    <class days="0000010" id="2569" room="34" start="101" weeks="0000000000010"/>
    <class days="0000010" id="2570" room="34" start="101" weeks="1000000000000"/>
    <class days="0000100" id="2571" room="54" start="156" weeks="0001000000000"/>
    <class days="0000100" id="2572" room="46" start="145" weeks="0000000100000"/>
    <class days="0000010" id="2573" room="70" start="101" weeks="0001000000000"/>
    <class days="0000010" id="2574" room="75" start="101" weeks="0001000000000"/>
    <class days="0000010" id="2575" room="70" start="156" weeks="0000000000010"/>
    <class days="0000010" id="2576" room="66" start="156" weeks="0000000000010"/>
    <class days="0000010" id="2577" room="76" start="189" weeks="1000000000000"/>
    <class days="0000100" id="2578" room="48" start="101" weeks="0000000100000"/>
    <class days="0000010" id="2579" room="48" start="156" weeks="0000000000010"/>
    <class days="0000100" id="2580" room="38" start="156" weeks="1000000000000"/>
    <class days="0000100" id="2581" room="39" start="200" weeks="0001000000000"/>
    <class days="0000100" id="2582" room="39" start="156" weeks="0000000000010"/>
    <class days="0000010" id="2583" room="65" start="101" weeks="1000000000000"/>
    <class days="0000010" id="2584" room="39" start="101" weeks="0000000100000"/>
    <class days="0000010" id="2585" room="39" start="101" weeks="0000000000010"/>
    <class days="0000100" id="2586" room="16" start="156" weeks="0000000100000"/>
    <class days="0000100" id="2587" room="15" start="189" weeks="0000000000010"/>
    <class days="0000010" id="2588" room="15" start="189" weeks="0000000000010"/>
    <class days="0000010" id="2589" room="70" start="156" weeks="0000000100000"/>
    <class days="0000010" id="2590" room="70" start="156" weeks="1000000000000"/>
    <class days="0000010" id="2591" room="25" start="156" weeks="0000000100000"/>
    <class days="0000010" id="2592" room="52" start="156" weeks="0000000100000"/>
    <class days="0000100" id="2593" room="65" start="101" weeks="0001000000000"/>
    <class days="0000100" id="2594" room="39" start="200" weeks="0000000100000"/>
    <class days="0000010" id="2595" room="16" start="156" weeks="0000000000010"/>
    <class days="1000000" id="2596" room="38" start="211" weeks="1111111111111"/>
    <class days="0100000" id="2597" start="112" weeks="1111111111111"/>
    <class days="0100000" id="2598" room="50" start="101" weeks="1111111111111"/>
    <class days="0100000" id="2599" room="80" start="123" weeks="1111111111111"/>
    <class days="0100000" id="2600" room="11" start="112" weeks="1111111111111"/>
    <class days="0010000" id="2601" room="46" start="145" weeks="1010101010101"/>
    <class days="0010000" id="2602" room="75" start="112" weeks="1010101010101"/>
    <class days="1000000" id="2603" room="65" start="123" weeks="1111111111111"/>
    <class days="1000000" id="2604" room="50" start="101" weeks="1111111111111"/>
    <class days="1000000" id="2605" room="9" start="134" weeks="1111111111111"/>
    <class days="0001000" id="2606" room="75" start="222" weeks="1011111111111"/>
    <class days="0001000" id="2607" room="12" start="145" weeks="1011111111111"/>
    <class days="0100000" id="2608" start="134" weeks="1111111111111"/>
    <class days="1000000" id="2609" room="12" start="167" weeks="0101010101010"/>
    <class days="1000000" id="2610" room="28" start="167" weeks="1010101010101"/>
    <class days="0100000" id="2611" room="54" start="134" weeks="1111111111111"/>
    <class days="0001000" id="2612" room="22" start="134" weeks="1011111111111"/>
    <class days="0001000" id="2613" room="80" start="222" weeks="1011111111111"/>
    <class days="0010000" id="2614" room="48" start="134" weeks="1111111111111"/>
    <class days="0100000" id="2615" room="66" start="222" weeks="1111111111111"/>
    <class days="1000000" id="2616" room="70" start="156" weeks="0101010101010"/>
    <class days="0001000" id="2617" room="70" start="211" weeks="1010101010101"/>
    <class days="1000000" id="2618" room="59" start="156" weeks="1010101010101"/>
    <class days="1000000" id="2619" room="11" start="156" weeks="1010101010101"/>
    <class days="0100000" id="2620" room="59" start="222" weeks="1111111111111"/>
    <class days="1000000" id="2621" room="65" start="90" weeks="1111111111111"/>
    <class days="0010000" id="2622" room="48" start="123" weeks="0001100000011"/>
    <class days="0010000" id="2623" room="70" start="134" weeks="1111111111111"/>
    <class days="0010000" id="2624" room="39" start="189" weeks="1111111111111"/>
    <class days="0001000" id="2625" room="35" start="211" weeks="0001000000100"/>
    <class days="0100000" id="2626" room="50" start="178" weeks="0000000000010"/>
    <class days="0100000" id="2627" room="28" start="134" weeks="1111111111111"/>
    <class days="1000000" id="2628" room="70" start="189" weeks="0101010101010"/>
    <class days="0001000" id="2629" room="3" start="123" weeks="1011111111111"/>
    <class days="0001000" id="2630" room="70" start="101" weeks="0000000000100"/>
    <class days="0000100" id="2631" room="70" start="101" weeks="0000000000100"/>
    <class days="1000000" id="2632" room="1" start="178" weeks="0101010101010"/>
    <class days="0010000" id="2633" room="64" start="90" weeks="1111111111111"/>
    <class days="0001000" id="2634" room="9" start="167" weeks="0001010101010"/>
    <class days="0010000" id="2635" room="22" start="145" weeks="1010101010101"/>
    <class days="0100000" id="2636" room="54" start="90" weeks="1111111111111"/>
    <class days="0100000" id="2637" room="85" start="222" weeks="0101010101010"/>
    <class days="0001000" id="2638" room="58" start="189" weeks="1010101010101"/>
    <class days="1000000" id="2639" room="38" start="101" weeks="1111111111111"/>
    <class days="0001000" id="2640" room="50" start="90" weeks="0001010101010"/>
    <class days="0001000" id="2641" room="85" start="200" weeks="1010101010101"/>
    <class days="0001000" id="2642" start="101" weeks="0000010000000"/>
    <class days="0000100" id="2643" start="101" weeks="0000010000000"/>
    <class days="0010000" id="2644" room="30" start="189" weeks="0101010101010"/>
    <class days="0001000" id="2645" room="50" start="145" weeks="0001010101010"/>
    <class days="0001000" id="2646" room="28" start="134" weeks="0001010101010"/>
    <class days="0010000" id="2647" room="6" start="200" weeks="1111111111111"/>
    <class days="1000000" id="2648" room="70" start="211" weeks="1111111111111"/>
    <class days="0100000" id="2649" room="35" start="112" weeks="1111111111111"/>
    <class days="1000000" id="2650" room="16" start="211" weeks="1010101010101"/>
    <class days="0010000" id="2651" room="80" start="101" weeks="1010101010101"/>
    <class days="0010000" id="2652" room="9" start="200" weeks="1111111111111"/>
    <class days="0001000" id="2653" room="16" start="167" weeks="1011111111111"/>
    <class days="0010000" id="2654" room="34" start="200" weeks="0101010101010"/>
    <class days="0100000" id="2655" room="18" start="211" weeks="0101010101010"/>
    <class days="0001000" id="2656" room="28" start="90" weeks="1011111111111"/>
    <class days="0010000" id="2657" room="64" start="156" weeks="1111111111111"/>
    <class days="0010000" id="2658" room="75" start="112" weeks="0101010101010"/>
    <class days="0010000" id="2659" room="48" start="156" weeks="1010101010101"/>
    <class days="0010000" id="2660" room="48" start="101" weeks="0101010101010"/>
    <class days="0010000" id="2661" room="39" start="222" weeks="0101010101010"/>
    <class days="1000000" id="2662" room="50" start="134" weeks="0101010101010"/>
    <class days="1000000" id="2663" room="59" start="167" weeks="0101010101010"/>
    <class days="0000010" id="2664" room="15" start="90" weeks="0000100000000"/>
    <class days="0000100" id="2665" room="29" start="123" weeks="0000100000000"/>
    <class days="1000000" id="2666" room="70" start="123" weeks="1111111111111"/>
    <class days="0010000" id="2667" room="29" start="145" weeks="1111111111111"/>
    <class days="0001000" id="2668" room="36" start="90" weeks="1011111111111"/>
    <class days="0100000" id="2669" room="22" start="112" weeks="1111111111111"/>
    <class days="0001000" id="2670" room="39" start="156" weeks="1011111111111"/>
    <class days="0010000" id="2671" room="65" start="211" weeks="1111111111111"/>
    <class days="0100000" id="2672" room="6" start="112" weeks="1111111111111"/>
    <class days="1000000" id="2673" room="18" start="156" weeks="1111111111111"/>
    <class days="0010000" id="2674" room="59" start="178" weeks="0101010101010"/>
    <class days="1000000" id="2675" room="11" start="200" weeks="1111111111111"/>
    <class days="0010000" id="2676" room="18" start="211" weeks="1111111111111"/>
    <class days="0100000" id="2677" room="54" start="211" weeks="1111111111111"/>
    <class days="0010000" id="2678" room="85" start="200" weeks="1111111111111"/>
    <class days="0001000" id="2679" room="59" start="222" weeks="1011111111111"/>
    <class days="0100000" id="2680" room="69" start="189" weeks="1111111111111"/>
    <class days="0001000" id="2681" room="69" start="167" weeks="1011111111111"/>
    <class days="0010000" id="2682" room="47" start="189" weeks="1010000100010"/>
    <class days="1000000" id="2683" room="35" start="112" weeks="1000110111011"/>
    <class days="1000000" id="2684" room="12" start="211" weeks="1111111111111"/>
    <class days="1000000" id="2685" room="36" start="145" weeks="1111111111111"/>
    <class days="1000000" id="2686" room="58" start="200" weeks="1111111111111"/>
    <class days="0001000" id="2687" room="13" start="101" weeks="0001000000000"/>
    <class days="0000100" id="2688" room="38" start="101" weeks="0000000010000"/>
    <class days="1000000" id="2689" room="48" start="167" weeks="1111111111111"/>
    <class days="0000100" id="2690" room="70" start="123" weeks="0000100000000"/>
    <class days="0000100" id="2691" room="70" start="134" weeks="0000100000000"/>
    <class days="0100000" id="2692" room="70" start="112" weeks="1111111111111"/>
    <class days="0001000" id="2693" room="46" start="233" weeks="1011111111111"/>
    <class days="0100000" id="2694" room="39" start="134" weeks="1111111111111"/>
    <class days="0000010" id="2695" room="54" start="156" weeks="0010000000000"/>
    <class days="0000010" id="2696" room="12" start="101" weeks="0000001000000"/>
    <class days="0000010" id="2697" room="70" start="101" weeks="0010000000000"/>
    <class days="0000010" id="2698" room="43" start="101" weeks="0010000000000"/>
    <class days="0000010" id="2699" room="32" start="101" weeks="0010000000000"/>
    <class days="0000010" id="2700" room="70" start="156" weeks="0001000000000"/>
    <class days="0000010" id="2701" room="43" start="156" weeks="0001000000000"/>
    <class days="0000010" id="2702" room="32" start="156" weeks="0001000000000"/>
    <class days="0000010" id="2703" room="70" start="200" weeks="0000100000000"/>
    <class days="0000010" id="2704" room="43" start="200" weeks="0000100000000"/>
    <class days="0000010" id="2705" room="32" start="200" weeks="0000100000000"/>
    <class days="0000010" id="2706" room="70" start="101" weeks="0000001000000"/>
    <class days="0000010" id="2707" room="43" start="101" weeks="0000001000000"/>
    <class days="0000010" id="2708" room="32" start="101" weeks="0000001000000"/>
    <class days="0000010" id="2709" room="70" start="156" weeks="0000000001000"/>
    <class days="0000010" id="2710" room="43" start="156" weeks="0000000001000"/>
    <class days="0000010" id="2711" room="32" start="156" weeks="0000000001000"/>
    <class days="0000010" id="2712" room="70" start="101" weeks="0000000000100"/>
    <class days="0000010" id="2713" room="43" start="101" weeks="0000000000100"/>
    <class days="0000010" id="2714" room="32" start="101" weeks="0000000000100"/>
    <class days="0000010" id="2715" room="75" start="189" weeks="0000000000001"/>
    <class days="0000010" id="2716" room="43" start="189" weeks="0000000000001"/>
    <class days="0000010" id="2717" room="32" start="189" weeks="0000000000001"/>
    <class days="0000010" id="2718" room="38" start="189" weeks="0010000000000"/>
    <class days="0000010" id="2719" room="65" start="156" weeks="0000100000000"/>
    <class days="0000010" id="2720" room="65" start="156" weeks="0000000000010"/>
    <class days="0000010" id="2721" room="65" start="101" weeks="0001000000000"/>
    <class days="0000010" id="2722" room="65" start="101" weeks="0000000000010"/>
    <class days="0000010" id="2723" room="39" start="101" weeks="0001000000000"/>
    <class days="0000010" id="2724" room="76" start="156" weeks="0000000001000"/>
    <class days="0000010" id="2725" room="76" start="101" weeks="0000000000010"/>
    <class days="0000010" id="2726" room="39" start="156" weeks="0010000000000"/>
    <class days="0000010" id="2727" room="39" start="200" weeks="0000000001000"/>
    <class days="0000010" id="2728" room="65" start="167" weeks="0000000000001"/>
    <class days="0000010" id="2729" room="34" start="189" weeks="0010000000000"/>
    <class days="0000010" id="2730" room="39" start="200" weeks="0000000100000"/>
    <class days="0000010" id="2731" room="65" start="189" weeks="0000000001000"/>
    <class days="0000010" id="2732" room="38" start="101" weeks="0000000000001"/>
    <class days="0000010" id="2733" room="39" start="112" weeks="0000000000100"/>
    <class days="0000010" id="2734" room="21" start="167" weeks="0000001000000"/>
    <class days="0000010" id="2735" room="15" start="167" weeks="0000000000100"/>
    <class days="0000010" id="2736" room="65" start="156" weeks="0000100000000"/>
    <class days="0000010" id="2737" room="39" start="101" weeks="0000000100000"/>
    <class days="0000010" id="2738" room="34" start="200" weeks="0000000000010"/>
    <class days="0000010" id="2739" room="38" start="101" weeks="0000100000000"/>
    <class days="0000010" id="2740" room="38" start="167" weeks="0000000100000"/>
    <class days="0000010" id="2741" room="65" start="156" weeks="0000000000001"/>
    <class days="0000010" id="2742" room="76" start="101" weeks="0010000000000"/>
    <class days="0000010" id="2743" room="39" start="156" weeks="0001000000000"/>
    <class days="0000010" id="2744" room="38" start="101" weeks="0000000001000"/>
    <class days="0000010" id="2745" room="15" start="156" weeks="0000000000001"/>
    <class days="0000100" id="2746" room="21" start="112" weeks="0010000000000"/>
    <class days="0000010" id="2747" room="21" start="112" weeks="0010000000000"/>
    <class days="0000100" id="2748" room="65" start="112" weeks="0000100000000"/>
    <class days="0000010" id="2749" room="21" start="112" weeks="0000100000000"/>
    <class days="0000100" id="2750" room="65" start="112" weeks="0000010000000"/>
    <class days="0000010" id="2751" room="49" start="112" weeks="0000000001000"/>
    <class days="0000100" id="2752" room="46" start="112" weeks="0000000000100"/>
    <class days="0000100" id="2753" room="65" start="112" weeks="0000000100000"/>
    <class days="0000010" id="2754" room="34" start="112" weeks="0000000010000"/>
    <class days="0000010" id="2755" room="65" start="112" weeks="0000000000010"/>
    <class days="0000010" id="2756" room="34" start="112" weeks="0000000000001"/>
    <class days="0000100" id="2757" start="90" weeks="0001000000000"/>
    <class days="0000100" id="2758" start="90" weeks="0000100000000"/>
    <class days="0000100" id="2759" start="90" weeks="0000000001000"/>
    <class days="0000100" id="2760" room="65" start="90" weeks="0000000000010"/>
    <class days="0000100" id="2761" room="49" start="90" weeks="0000000000001"/>
    <class days="0000010" id="2762" room="35" start="123" weeks="0000000010000"/>
    <class days="0000100" id="2763" room="49" start="123" weeks="1000000000000"/>
    <class days="0000100" id="2764" room="28" start="156" weeks="0000000100000"/>
    <class days="0000010" id="2765" room="59" start="101" weeks="0000000001000"/>
    <class days="0000010" id="2766" room="12" start="90" weeks="1000000000000"/>
    <class days="0000010" id="2767" room="34" start="178" weeks="0000000010000"/>
    <class days="0000010" id="2768" room="16" start="145" weeks="0001000000000"/>
    <class days="0000010" id="2769" room="66" start="200" weeks="0000000001000"/>
    <class days="0000010" id="2770" room="21" start="167" weeks="0000000000010"/>
    <class days="0000010" id="2771" room="39" start="200" weeks="0000001000000"/>
    <class days="0000100" id="2772" room="48" start="123" weeks="0000010000000"/>
    <class days="0000010" id="2773" room="47" start="112" weeks="0000001000000"/>
    <class days="0000010" id="2774" room="6" start="134" weeks="0000000000001"/>
    <class days="0010000" id="2775" room="64" start="200" weeks="1010101010101"/>
    <class days="0010000" id="2776" room="53" start="167" weeks="0101010101010"/>
    <class days="1000000" id="2777" room="18" start="167" weeks="1111111111111"/>
    <class days="1000000" id="2778" room="36" start="145" weeks="0101010101010"/>
    <class days="0000100" id="2779" room="69" start="101" weeks="0000100000000"/>
    <class days="0000100" id="2780" room="29" start="101" weeks="0000000000010"/>
    <class days="0000100" id="2781" room="81" start="101" weeks="0000010000000"/>
    <class days="0000100" id="2782" room="6" start="101" weeks="0000001000000"/>
    <class days="0001000" id="2783" room="69" start="134" weeks="1011111111111"/>
    <class days="0001000" id="2784" room="53" start="167" weeks="1011111111111"/>
    <class days="1000000" id="2785" room="34" start="222" weeks="0101010101010"/>
    <class days="0010000" id="2786" room="58" start="90" weeks="1111111111111"/>
    <class days="0000100" id="2787" room="81" start="167" weeks="0001000000000"/>
    <class days="0000100" id="2788" room="15" start="112" weeks="0000000100000"/>
    <class days="0000100" id="2789" room="48" start="189" weeks="0010000000000"/>
    <class days="0000100" id="2790" room="48" start="156" weeks="0000000000100"/>
    <class days="0001000" id="2791" room="39" start="101" weeks="1011111111111"/>
    <class days="0001000" id="2792" room="39" start="167" weeks="1011111111111"/>
    <class days="0010000" id="2793" room="46" start="211" weeks="1111111111111"/>
    <class days="0000010" id="2794" room="76" start="134" weeks="0000100000000"/>
    <class days="0000100" id="2795" start="156" weeks="0000010000000"/>
    <class days="0000010" id="2796" room="56" start="123" weeks="0100000000000"/>
    <class days="0000010" id="2797" room="23" start="123" weeks="0000000000100"/>
    <class days="0000010" id="2798" room="46" start="156" weeks="0100000000000"/>
    <class days="0000100" id="2799" room="65" start="90" weeks="0100000000000"/>
    <class days="0000100" id="2800" room="46" start="90" weeks="0000000100000"/>
    <class days="0000100" id="2801" room="11" start="156" weeks="0100000000000"/>
    <class days="0000010" id="2802" room="76" start="145" weeks="0000000001000"/>
    <class days="0000010" id="2803" room="39" start="101" weeks="0001000000000"/>
    <class days="0000010" id="2804" room="49" start="90" weeks="0000001000000"/>
    <class days="0000100" id="2805" room="16" start="123" weeks="0000000000001"/>
    <class days="0000100" id="2806" room="46" start="145" weeks="0010000000000"/>
    <class days="0000010" id="2807" room="11" start="123" weeks="0100000000000"/>
    <class days="0000100" id="2808" room="46" start="90" weeks="0000000001000"/>
    <class days="0000010" id="2809" room="11" start="101" weeks="0000000000010"/>
    <class days="0000100" id="2810" room="16" start="112" weeks="0000001000000"/>
    <class days="0000010" id="2811" room="38" start="123" weeks="0100000000000"/>
    <class days="0000100" id="2812" room="15" start="101" weeks="0000010000000"/>
    <class days="0000010" id="2813" room="36" start="112" weeks="0010000000000"/>
    <class days="0000010" id="2814" room="34" start="134" weeks="0001000000000"/>
    <class days="0000010" id="2815" room="49" start="112" weeks="0000000000001"/>
    <class days="0000100" id="2816" room="65" start="134" weeks="0000010000000"/>
    <class days="0000010" id="2817" room="18" start="101" weeks="0001000000000"/>
    <class days="0000100" id="2818" room="38" start="112" weeks="0000000000100"/>
    <class days="0000010" id="2819" room="38" start="156" weeks="0000000000100"/>
    <class days="0000010" id="2820" room="18" start="90" weeks="0000000010000"/>
    <class days="0000100" id="2821" room="46" start="90" weeks="0100000000000"/>
    <class days="0000010" id="2822" room="46" start="112" weeks="0000000000001"/>
    <class days="0000100" id="2823" room="46" start="112" weeks="0000000100000"/>
    <class days="0000100" id="2824" room="34" start="101" weeks="0000000000100"/>
    <class days="0000010" id="2825" room="46" start="156" weeks="1000000000000"/>
    <class days="0000100" id="2826" room="46" start="112" weeks="0000001000000"/>
    <class days="0100000" id="2827" room="39" start="200" weeks="1010000100010"/>
    <class days="0001000" id="2828" room="11" start="156" weeks="1011111111111"/>
    <class days="0010000" id="2829" room="46" start="233" weeks="1111111111111"/>
    <class days="0100000" id="2830" room="34" start="156" weeks="1111111111111"/>
    <class days="1000000" id="2831" room="84" start="90" weeks="1111111111111"/>
    <class days="0100000" id="2832" room="48" start="156" weeks="1111111111111"/>
    <class days="0001000" id="2833" room="18" start="90" weeks="1011111111111"/>
    <class days="0010000" id="2834" room="49" start="101" weeks="1111111111111"/>
    <class days="1000000" id="2835" room="18" start="167" weeks="1111111111111"/>
    <class days="0100000" id="2836" room="65" start="101" weeks="1111111111111"/>
    <class days="0000010" id="2837" room="36" start="90" weeks="0000000010000"/>
    <class days="0000100" id="2838" room="49" start="123" weeks="0000000001000"/>
    <class days="0000100" id="2839" room="34" start="123" weeks="0000010000000"/>
    <class days="0000100" id="2840" room="81" start="123" weeks="0010000000000"/>
    <class days="0000010" id="2841" room="75" start="145" weeks="0000001000000"/>
    <class days="0000010" id="2842" room="64" start="101" weeks="0000100000000"/>
    <class days="0000010" id="2843" room="47" start="145" weeks="0000000100000"/>
    <class days="0000100" id="2844" room="81" start="90" weeks="0000000001000"/>
    <class days="0000100" id="2845" room="28" start="145" weeks="0100000000000"/>
    <class days="0000100" id="2846" room="69" start="145" weeks="0010000000000"/>
    <class days="0000010" id="2847" room="36" start="145" weeks="0001000000000"/>
    <class days="0000100" id="2848" room="81" start="134" weeks="0000100000000"/>
    <class days="0000010" id="2849" room="75" start="156" weeks="0000000000100"/>
    <class days="0000010" id="2850" room="59" start="112" weeks="0100000000000"/>
    <class days="0000010" id="2851" room="29" start="112" weeks="0001000000000"/>
    <class days="0000010" id="2852" room="7" start="145" weeks="0000001000000"/>
    <class days="0000010" id="2853" room="81" start="123" weeks="0000100000000"/>
    <class days="0000100" id="2854" room="22" start="123" weeks="0000000000010"/>
    <class days="0000010" id="2855" room="49" start="156" weeks="0010000000000"/>
    <class days="0000010" id="2856" room="34" start="145" weeks="0000000000010"/>
    <class days="0000010" id="2857" room="39" start="156" weeks="0000000100000"/>
    <class days="0001000" id="2858" room="34" start="145" weeks="1011111111111"/>
    <class days="1000000" id="2859" start="167" weeks="1111111111111"/>
    <class days="0010000" id="2860" room="49" start="145" weeks="1111111111111"/>
    <class days="0001000" id="2861" room="66" start="156" weeks="1011111111111"/>
    <class days="0001000" id="2862" room="36" start="178" weeks="1011111111111"/>
    <class days="0100000" id="2863" room="64" start="90" weeks="1111111111111"/>
    <class days="0000100" id="2864" start="101" weeks="0000100000000"/>
    <class days="0000100" id="2865" start="112" weeks="0000000001000"/>
    <class days="0000010" id="2866" room="80" start="167" weeks="0000100000000"/>
    <class days="0000100" id="2867" room="46" start="123" weeks="1000000000000"/>
    <class days="0000010" id="2868" start="189" weeks="0000000001000"/>
    <class days="0000010" id="2869" room="65" start="112" weeks="0000000000001"/>
    <class days="0000100" id="2870" room="34" start="123" weeks="1000000000000"/>
    <class days="0000100" id="2871" room="46" start="90" weeks="0100000000000"/>
    <class days="0000100" id="2872" room="34" start="101" weeks="0000001000000"/>
    <class days="0000100" id="2873" room="46" start="123" weeks="0000000001000"/>
    <class days="0000100" id="2874" start="101" weeks="0000000000010"/>
    <class days="0000010" id="2875" room="38" start="156" weeks="0000000000001"/>
    <class days="0000100" id="2876" start="123" weeks="0000000010000"/>
    <class days="0000100" id="2877" room="46" start="189" weeks="0100000000000"/>
    <class days="0000100" id="2878" room="46" start="90" weeks="0000000000100"/>
    <class days="0000010" id="2879" room="46" start="134" weeks="0000100000000"/>
    <class days="0000010" id="2880" room="46" start="123" weeks="0000000000100"/>
    <class days="0010000" id="2881" room="53" start="145" weeks="1111111111111"/>
    <class days="1000000" id="2882" room="65" start="233" weeks="1111111111111"/>
    <class days="1000000" id="2883" room="46" start="101" weeks="1111111111111"/>
    <class days="0010000" id="2884" room="18" start="178" weeks="0101010101010"/>
    <class days="1000000" id="2885" room="12" start="222" weeks="1111111111111"/>
    <class days="1000000" id="2886" room="47" start="145" weeks="1111111111111"/>
    <class days="0100000" id="2887" room="65" start="178" weeks="1111111111111"/>
    <class days="0010000" id="2888" room="16" start="101" weeks="1111111111111"/>
    <class days="0010000" id="2889" room="53" start="123" weeks="1111111111111"/>
    <class days="0100000" id="2890" room="35" start="167" weeks="1111111111111"/>
    <class days="0100000" id="2891" room="36" start="178" weeks="1111111111111"/>
    <class days="0010000" id="2892" room="34" start="145" weeks="1111111111111"/>
    <class days="0001000" id="2893" start="90" weeks="1011111111111"/>
    <class days="0000010" id="2894" room="46" start="134" weeks="0100000000000"/>
    <class days="0000010" id="2895" room="46" start="123" weeks="0000001000000"/>
    <class days="0000010" id="2896" room="34" start="145" weeks="0000000000010"/>
    <class days="0000010" id="2897" room="34" start="90" weeks="0000000000001"/>
    <class days="0000100" id="2898" room="46" start="112" weeks="0010000000000"/>
    <class days="0000100" id="2899" room="46" start="200" weeks="0000000100000"/>
    <class days="0000010" id="2900" room="34" start="101" weeks="0000000000010"/>
    <class days="0000010" id="2901" room="46" start="112" weeks="0010000000000"/>
    <class days="0100000" id="2902" room="34" start="189" weeks="1111111111111"/>
    <class days="0100000" id="2903" room="11" start="134" weeks="1111111111111"/>
    <class days="0010000" id="2904" room="28" start="123" weeks="1111111111111"/>
    <class days="0010000" id="2905" room="16" start="156" weeks="1111111111111"/>
    <class days="0000010" id="2906" room="56" start="112" weeks="0001000000000"/>
    <class days="0000010" id="2907" room="18" start="123" weeks="0010000000000"/>
    <class days="0000100" id="2908" room="65" start="112" weeks="0000000000100"/>
    <class days="0000010" id="2909" room="36" start="145" weeks="0000000010000"/>
    <class days="0000100" id="2910" room="9" start="145" weeks="0000010000000"/>
    <class days="0000100" id="2911" room="34" start="90" weeks="0001000000000"/>
    <class days="0000100" id="2912" start="90" weeks="0000100000000"/>
    <class days="0000100" id="2913" room="76" start="90" weeks="0000000001000"/>
    <class days="1000000" id="2914" room="14" start="156" weeks="1111111111111"/>
    <class days="1000000" id="2915" start="112" weeks="1111111111111"/>
    <class days="0000010" id="2916" room="49" start="134" weeks="0000000000010"/>
    <class days="0000100" id="2917" room="46" start="101" weeks="0000000000001"/>
    <class days="0000010" id="2918" room="36" start="101" weeks="1000000000000"/>
    <class days="0000100" id="2919" room="76" start="156" weeks="0000000100000"/>
    <class days="0000010" id="2920" room="81" start="123" weeks="0100000000000"/>
    <class days="0000100" id="2921" room="16" start="178" weeks="0000000100000"/>
    <class days="0000100" id="2922" room="16" start="145" weeks="0000100000000"/>
    <class days="0000010" id="2923" room="76" start="178" weeks="0000100000000"/>
    <class days="0000010" id="2924" room="13" start="101" weeks="0001000000000"/>
    <class days="0000010" id="2925" room="80" start="156" weeks="0000000010000"/>
    <class days="0000100" id="2926" room="34" start="101" weeks="0000001000000"/>
    <class days="0000010" id="2927" room="46" start="123" weeks="0000000000001"/>
    <class days="0000010" id="2928" start="112" weeks="0000100000000"/>
    <class days="0000010" id="2929" start="112" weeks="0000010000000"/>
    <class days="0000010" id="2930" room="35" start="156" weeks="0000001000000"/>
    <class days="0000010" id="2931" room="64" start="145" weeks="0000000001000"/>
    <class days="0000010" id="2932" room="28" start="123" weeks="0000000000100"/>
    <class days="0000010" id="2933" room="11" start="134" weeks="0000000000001"/>
    <class days="0000100" id="2934" start="90" weeks="0000000001000"/>
    <class days="0000010" id="2935" start="112" weeks="0000000000001"/>
    <class days="0000010" id="2936" room="15" start="145" weeks="1000000000000"/>
    <class days="0000010" id="2937" room="21" start="123" weeks="0100000000000"/>
    <class days="0000010" id="2938" room="48" start="134" weeks="0000000001000"/>
    <class days="0000100" id="2939" room="7" start="123" weeks="0000000001000"/>
    <class days="0000100" id="2940" room="14" start="145" weeks="0000100000000"/>
    <class days="0000100" id="2941" room="39" start="156" weeks="0000000000100"/>
    <class days="0000100" id="2942" room="13" start="112" weeks="1000000000000"/>
    <class days="0000010" id="2943" room="56" start="112" weeks="0000100000000"/>
    <class days="0000010" id="2944" room="66" start="134" weeks="0000001000000"/>
    <class days="0000010" id="2945" room="26" start="156" weeks="0000010000000"/>
    <class days="0000010" id="2946" room="48" start="156" weeks="0010000000000"/>
    <class days="0000100" id="2947" room="30" start="123" weeks="0000000010000"/>
    <class days="0000010" id="2948" room="12" start="90" weeks="0000000100000"/>
    <class days="0000100" id="2949" room="65" start="90" weeks="0001000000000"/>
    <class days="0000100" id="2950" room="46" start="156" weeks="0000100000000"/>
    <class days="0000100" id="2951" room="34" start="145" weeks="0100000000000"/>
    <class days="0000010" id="2952" room="13" start="101" weeks="0000000001000"/>
    <class days="0000100" id="2953" room="80" start="90" weeks="0100000000000"/>
    <class days="0000100" id="2954" room="75" start="101" weeks="0000010000000"/>
    <class days="0000010" id="2955" room="39" start="156" weeks="0000000000100"/>
    <class days="0000010" id="2956" start="145" weeks="0010000000000"/>
    <class days="0000010" id="2957" start="123" weeks="0000001000000"/>
    <class days="0000010" id="2958" room="38" start="156" weeks="0000000001000"/>
    <class days="0000010" id="2959" room="39" start="112" weeks="0000000000010"/>
    <class days="0000010" id="2960" room="47" start="101" weeks="0000001000000"/>
    <class days="0000010" id="2961" room="66" start="112" weeks="0000100000000"/>
    <class days="0000010" id="2962" room="16" start="145" weeks="0010000000000"/>
    <class days="0000100" id="2963" room="47" start="134" weeks="0000001000000"/>
    <class days="0000100" id="2964" start="123" weeks="0100000000000"/>
    <class days="0000100" id="2965" start="156" weeks="0000000100000"/>
    <class days="0000010" id="2966" room="29" start="134" weeks="0000100000000"/>
    <class days="0000010" id="2967" room="85" start="156" weeks="0000000010000"/>
    <class days="0001000" id="2968" room="18" start="156" weeks="1011111111111"/>
    <class days="1000000" id="2969" start="112" weeks="1111110000000"/>
    <class days="0001000" id="2970" start="112" weeks="0000001111110"/>
    <class days="1000000" id="2971" room="85" start="112" weeks="1111110000000"/>
    <class days="1000000" id="2972" room="58" start="156" weeks="0000001111110"/>
    <class days="0010000" id="2973" room="50" start="178" weeks="1111111111111"/>
    <class days="1000000" id="2974" room="13" start="156" weeks="1111111111111"/>
    <class days="0000010" id="2975" room="64" start="123" weeks="0000000000010"/>
    <class days="0000100" id="2976" room="12" start="145" weeks="0000000001000"/>
    <class days="0000010" id="2977" room="16" start="123" weeks="0000001000000"/>
    <class days="0000100" id="2978" room="25" start="90" weeks="0000010000000"/>
    <class days="0000010" id="2979" room="11" start="90" weeks="0000001000000"/>
    <class days="0000010" id="2980" room="46" start="90" weeks="0000000001000"/>
    <class days="0000010" id="2981" room="76" start="90" weeks="0001000000000"/>
    <class days="0000010" id="2982" room="76" start="90" weeks="0000000010000"/>
    <class days="0000010" id="2983" room="16" start="90" weeks="0000000000001"/>
    <class days="0000010" id="2984" room="15" start="101" weeks="0100000000000"/>
    <class days="0000100" id="2985" room="9" start="112" weeks="0000000010000"/>
    <class days="0000010" id="2986" room="6" start="90" weeks="0000000000100"/>
    <class days="1000000" id="2987" room="64" start="101" weeks="1111111111111"/>
    <class days="0001000" id="2988" room="30" start="90" weeks="1011111111111"/>
    <class days="0100000" id="2989" room="4" start="189" weeks="1111111111111"/>
    <class days="0001000" id="2990" room="75" start="145" weeks="1011111111111"/>
    <class days="0001000" id="2991" start="178" weeks="0000000000010"/>
    <class days="0100000" id="2992" room="66" start="156" weeks="1010101010101"/>
    <class days="0001000" id="2993" room="14" start="211" weeks="1011111111111"/>
    <class days="0000100" id="2994" room="65" start="90" weeks="0010000000000"/>
    <class days="0000100" id="2995" room="46" start="134" weeks="0000001000000"/>
    <class days="0000100" id="2996" start="112" weeks="0000001000000"/>
    <class days="0000010" id="2997" room="34" start="123" weeks="0000000000100"/>
    <class days="0000100" id="2998" room="49" start="123" weeks="0100000000000"/>
    <class days="0000010" id="2999" room="21" start="123" weeks="0000001000000"/>
    <class days="0000010" id="3000" room="46" start="112" weeks="0001000000000"/>
    <class days="0000100" id="3001" room="34" start="112" weeks="0000010000000"/>
    <class days="0000100" id="3002" room="46" start="90" weeks="0000000000001"/>
    <class days="0000010" id="3003" room="35" start="101" weeks="0001000000000"/>
    <class days="0000010" id="3004" room="66" start="156" weeks="0001000000000"/>
    <class days="0000010" id="3005" room="59" start="123" weeks="0000000100000"/>
    <class days="0000010" id="3006" room="59" start="156" weeks="0000000000100"/>
    <class days="0000010" id="3007" room="34" start="156" weeks="0000000001000"/>
    <class days="0000100" id="3008" room="34" start="145" weeks="0000100000000"/>
    <class days="0000100" id="3009" room="34" start="101" weeks="0000000000010"/>
    <class days="0000010" id="3010" room="46" start="134" weeks="0000000100000"/>
    <class days="0000100" id="3011" room="46" start="145" weeks="0010000000000"/>
    <class days="0000010" id="3012" room="46" start="156" weeks="0000100000000"/>
    <class days="0000010" id="3013" room="46" start="123" weeks="0000000000010"/>
    <class days="0000010" id="3014" room="46" start="101" weeks="0000000000100"/>
    <class days="0000100" id="3015" room="46" start="90" weeks="0000010000000"/>
    <class days="0000010" id="3016" room="46" start="134" weeks="0010000000000"/>
    <class days="0000100" id="3017" room="46" start="145" weeks="0000000100000"/>
    <class days="0000010" id="3018" room="46" start="156" weeks="0000000010000"/>
    <class days="0000100" id="3019" room="46" start="123" weeks="0000100000000"/>
    <class days="0000010" id="3020" room="7" start="178" weeks="0000001000000"/>
    <class days="0000010" id="3021" room="7" start="178" weeks="0000000100000"/>
    <class days="0000010" id="3022" room="7" start="200" weeks="0000000000100"/>
    <class days="0000100" id="3023" room="7" start="167" weeks="0000000000010"/>
    <class days="0000100" id="3024" room="7" start="156" weeks="0000000000001"/>
    <class days="0000100" id="3025" room="56" start="145" weeks="0000001000000"/>
    <class days="0000100" id="3026" room="65" start="101" weeks="0000000000001"/>
    <class days="0000100" id="3027" room="15" start="134" weeks="0000000100000"/>
    <class days="0000010" id="3028" room="15" start="90" weeks="0000100000000"/>
    <class days="0000100" id="3029" room="38" start="156" weeks="0100000000000"/>
    <class days="0000010" id="3030" room="47" start="112" weeks="0100000000000"/>
    <class days="0000010" id="3031" room="15" start="112" weeks="0010000000000"/>
    <class days="0000100" id="3032" room="11" start="156" weeks="0000001000000"/>
    <class days="0000010" id="3033" room="69" start="123" weeks="0000000100000"/>
    <class days="0000010" id="3034" room="15" start="101" weeks="0000000010000"/>
    <class days="0000010" id="3035" room="76" start="90" weeks="0000001000000"/>
    <class days="0000100" id="3036" room="36" start="134" weeks="0000000000100"/>
    <class days="0000010" id="3037" room="7" start="90" weeks="0000000100000"/>
    <class days="0000100" id="3038" room="36" start="123" weeks="0000000000100"/>
    <class days="0000010" id="3039" room="66" start="112" weeks="0000000100000"/>
    <class days="0000010" id="3040" room="65" start="145" weeks="0010000000000"/>
    <class days="0000010" id="3041" room="34" start="156" weeks="0000001000000"/>
    <class days="0000100" id="3042" room="47" start="112" weeks="0000000000010"/>
    <class days="0000010" id="3043" room="36" start="90" weeks="0000000010000"/>
    <class days="0100000" id="3044" start="101" weeks="1111111111111"/>
    <class days="0010000" id="3045" room="66" start="134" weeks="1111111111111"/>
    <class days="0001000" id="3046" room="61" start="123" weeks="1011111111111"/>
    <class days="1000000" id="3047" room="64" start="112" weeks="1111111111111"/>
    <class days="0010000" id="3048" room="69" start="112" weeks="1111111111111"/>
    <class days="1000000" id="3049" room="69" start="145" weeks="1111111111111"/>
    <class days="0100000" id="3050" room="61" start="134" weeks="1111111111111"/>
    <class days="1000000" id="3051" room="61" start="134" weeks="1111111111111"/>
    <class days="1000000" id="3052" room="61" start="211" weeks="1111111111111"/>
    <class days="1000000" id="3053" room="61" start="189" weeks="1111111111111"/>
    <class days="0001000" id="3054" room="61" start="101" weeks="1011111111111"/>
    <class days="1000000" id="3055" room="61" start="134" weeks="1111111111111"/>
    <class days="0001000" id="3056" room="46" start="178" weeks="1010101010101"/>
    <class days="0001000" id="3057" room="65" start="156" weeks="0001010101010"/>
    <class days="0001000" id="3058" room="34" start="101" weeks="1011111111111"/>
    <class days="0001000" id="3059" room="46" start="134" weeks="1011111111111"/>
    <class days="0010000" id="3060" room="65" start="189" weeks="1111111111111"/>
    <class days="0100000" id="3061" room="46" start="90" weeks="1111111111111"/>
    <class days="0001000" id="3062" room="34" start="123" weeks="1011111111111"/>
    <class days="0010000" id="3063" room="65" start="222" weeks="1111111111111"/>
    <class days="0001000" id="3064" room="65" start="211" weeks="1011111111111"/>
    <class days="0100000" id="3065" room="65" start="145" weeks="1111111111111"/>
    <class days="0001000" id="3066" room="65" start="112" weeks="1011111111111"/>
    <class days="0001000" id="3067" room="64" start="134" weeks="1011111111111"/>
    <class days="1000000" id="3068" room="34" start="90" weeks="0101010101010"/>
    <class days="1000000" id="3069" room="65" start="134" weeks="1111111111111"/>
    <class days="0001000" id="3070" room="18" start="112" weeks="1011111111111"/>
    <class days="1000000" id="3071" room="34" start="167" weeks="1111111111111"/>
    <class days="0100000" id="3072" room="34" start="189" weeks="1111111111111"/>
    <class days="1000000" id="3073" room="39" start="222" weeks="1111111111111"/>
    <class days="1000000" id="3074" room="11" start="90" weeks="1111111111111"/>
    <class days="1000000" id="3075" room="39" start="134" weeks="1111111111111"/>
    <class days="0010000" id="3076" room="76" start="167" weeks="0101010101010"/>
    <class days="1000000" id="3077" room="53" start="233" weeks="1111111111111"/>
    <class days="0100000" id="3078" room="47" start="90" weeks="1111111111111"/>
    <class days="0001000" id="3079" room="28" start="200" weeks="1011111111111"/>
    <class days="0001000" id="3080" room="46" start="222" weeks="1010101010101"/>
    <class days="0001000" id="3081" room="46" start="112" weeks="0001010101010"/>
    <class days="0010000" id="3082" room="35" start="222" weeks="1010101010101"/>
    <class days="0001000" id="3083" room="56" start="189" weeks="0001010101010"/>
    <class days="0010000" id="3084" room="12" start="134" weeks="1010101010101"/>
    <class days="0001000" id="3085" room="47" start="123" weeks="0001010101010"/>
    <class days="0100000" id="3086" room="76" start="167" weeks="1010101010101"/>
    <class days="0100000" id="3087" room="48" start="134" weeks="0101010101010"/>
    <class days="0010000" id="3088" room="39" start="123" weeks="1010101010101"/>
    <class days="0100000" id="3089" room="59" start="101" weeks="0101010101010"/>
    <class days="0001000" id="3090" room="35" start="90" weeks="1010101010101"/>
    <class days="1000000" id="3091" room="18" start="200" weeks="0101010101010"/>
    <class days="0001000" id="3092" room="34" start="112" weeks="1010101010101"/>
    <class days="1000000" id="3093" room="48" start="101" weeks="0101010101010"/>
    <class days="0100000" id="3094" room="50" start="189" weeks="1010101010101"/>
    <class days="1000000" id="3095" room="50" start="189" weeks="0101010101010"/>
    <class days="0010000" id="3096" room="53" start="200" weeks="1010101010101"/>
    <class days="1000000" id="3097" room="6" start="222" weeks="0101010101010"/>
    <class days="0001000" id="3098" room="16" start="200" weeks="1010101010101"/>
    <class days="0100000" id="3099" room="11" start="178" weeks="0101010101010"/>
    <class days="0001000" id="3100" room="50" start="156" weeks="1010101010101"/>
    <class days="0010000" id="3101" room="59" start="211" weeks="0101010101010"/>
    <class days="0000010" id="3102" room="46" start="112" weeks="0000000010000"/>
    <class days="0010000" id="3103" room="66" start="112" weeks="1111111111111"/>
    <class days="0010000" id="3104" room="48" start="167" weeks="1111111111111"/>
    <class days="0100000" id="3105" room="16" start="101" weeks="1111111111111"/>
    <class days="1000000" id="3106" room="16" start="189" weeks="1111111111111"/>
    <class days="1000000" id="3107" room="49" start="178" weeks="1111111111111"/>
    <class days="0001000" id="3108" room="49" start="167" weeks="1011111111111"/>
    <class days="0000010" id="3109" room="46" start="101" weeks="1000000000000"/>
    <class days="1000000" id="3110" start="134" weeks="1111111111111"/>
    <class days="1000000" id="3111" room="18" start="101" weeks="1111111111111"/>
    <class days="0000010" id="3112" room="11" start="167" weeks="0000000100000"/>
    <class days="0000100" id="3113" room="65" start="145" weeks="0000000000010"/>
    <class days="0010000" id="3114" room="46" start="112" weeks="1111111111111"/>
    <class days="1000000" id="3115" room="46" start="211" weeks="1111111111111"/>
    <class days="0010000" id="3116" room="35" start="167" weeks="1111111111111"/>
    <class days="1000000" id="3117" room="66" start="123" weeks="1111111111111"/>
    <class days="0001000" id="3118" room="48" start="189" weeks="1011111111111"/>
    <class days="0001000" id="3119" room="35" start="145" weeks="1011111111111"/>
    <class days="0100000" id="3120" room="34" start="112" weeks="1111111111111"/>
    <class days="0001000" id="3121" room="47" start="145" weeks="1011111111111"/>
    <class days="1000000" id="3122" room="59" start="200" weeks="1111111111111"/>
    <class days="1000000" id="3123" room="35" start="211" weeks="1111111111111"/>
    <class days="1000000" id="3124" room="16" start="101" weeks="1111111111111"/>
    <class days="0001000" id="3125" room="39" start="233" weeks="1011111111111"/>
    <class days="0001000" id="3126" room="75" start="145" weeks="1011111111111"/>
    <class days="1000000" id="3127" room="12" start="123" weeks="1111111111111"/>
    <class days="0001000" id="3128" room="34" start="123" weeks="1011111111111"/>
    <class days="0010000" id="3129" room="75" start="189" weeks="1111111111111"/>
    <class days="0000010" id="3130" room="76" start="101" weeks="0100000000000"/>
    <class days="1000000" id="3131" room="25" start="101" weeks="1111111111111"/>
    <class days="0001000" id="3132" start="90" weeks="1011111111111"/>
    <class days="0001000" id="3133" room="76" start="211" weeks="1011111111111"/>
    <class days="0000100" id="3134" start="123" weeks="0100000000000"/>
    <class days="0000100" id="3135" start="134" weeks="0000001000000"/>
    <class days="0000100" id="3136" start="101" weeks="0000000000010"/>
    <class days="0010000" id="3137" room="18" start="123" weeks="1111111111111"/>
    <class days="0100000" id="3138" start="101" weeks="1111111111111"/>
    <class days="0100000" id="3139" room="55" start="178" weeks="1111111111111"/>
    <class days="1000000" id="3140" room="7" start="200" weeks="1111111111111"/>
    <class days="1000000" id="3141" room="7" start="178" weeks="1111111111111"/>
    <class days="0010000" id="3142" room="7" start="189" weeks="1111111111111"/>
    <class days="1000000" id="3143" room="7" start="222" weeks="1111111111111"/>
    <class days="0000010" id="3144" room="7" start="211" weeks="0100000000000"/>
    <class days="0000010" id="3145" room="7" start="222" weeks="0000000100000"/>
    <class days="0010000" id="3146" room="15" start="222" weeks="1111111111111"/>
    <class days="0100000" id="3147" room="45" start="156" weeks="1111111111111"/>
    <class days="0010000" id="3148" room="7" start="112" weeks="0101010101010"/>
    <class days="0010000" id="3149" room="15" start="167" weeks="1111111111111"/>
    <class days="1000000" id="3150" start="101" weeks="1111111111111"/>
    <class days="1000000" id="3151" room="15" start="134" weeks="1111111111111"/>
    <class days="0001000" id="3152" room="7" start="90" weeks="1011111111111"/>
    <class days="0010000" id="3153" room="45" start="200" weeks="1111111111111"/>
    <class days="0100000" id="3154" room="45" start="112" weeks="1111111111111"/>
    <class days="0100000" id="3155" room="45" start="134" weeks="1111111111111"/>
    <class days="0001000" id="3156" room="15" start="167" weeks="0001010101010"/>
    <class days="0100000" id="3157" room="45" start="200" weeks="1010101010101"/>
    <class days="1000000" id="3158" room="45" start="101" weeks="1111111111111"/>
    <class days="0001000" id="3159" room="15" start="134" weeks="1011111111111"/>
    <class days="0010000" id="3160" room="45" start="134" weeks="0101010101010"/>
    <class days="0100000" id="3161" start="145" weeks="1111111111111"/>
    <class days="0010000" id="3162" room="15" start="112" weeks="1010101010101"/>
    <class days="1000000" id="3163" room="55" start="211" weeks="1111111111111"/>
    <class days="0100000" id="3164" room="15" start="134" weeks="1111111111111"/>
    <class days="0100000" id="3165" room="7" start="156" weeks="1111111111111"/>
    <class days="1000000" id="3166" room="15" start="112" weeks="1111111111111"/>
    <class days="1000000" id="3167" room="15" start="222" weeks="1111111111111"/>
    <class days="0010000" id="3168" room="15" start="101" weeks="1111111111111"/>
    <class days="0010000" id="3169" room="7" start="178" weeks="1111111111111"/>
    <class days="0100000" id="3170" room="45" start="189" weeks="1111111111111"/>
    <class days="1000000" id="3171" start="156" weeks="1111111111111"/>
    <class days="0010000" id="3172" room="51" start="178" weeks="1111111111111"/>
    <class days="0010000" id="3173" room="7" start="200" weeks="1111111111111"/>
    <class days="0100000" id="3174" start="112" weeks="1111111111111"/>
    <class days="0100000" id="3175" start="200" weeks="1111111111111"/>
    <class days="0010000" id="3176" room="15" start="167" weeks="1111111111111"/>
    <class days="0001000" id="3177" room="7" start="112" weeks="1011111111111"/>
    <class days="1000000" id="3178" room="15" start="178" weeks="1111111111111"/>
    <class days="0001000" id="3179" room="15" start="101" weeks="1011111111111"/>
    <class days="0010000" id="3180" room="15" start="189" weeks="1111111111111"/>
    <class days="1000000" id="3181" room="51" start="200" weeks="1111111111111"/>
    <class days="0010000" id="3182" room="7" start="90" weeks="1111111111111"/>
    <class days="0010000" id="3183" room="15" start="211" weeks="1111111111111"/>
    <class days="1000000" id="3184" room="51" start="222" weeks="1111111111111"/>
    <class days="1000000" id="3185" room="7" start="101" weeks="1111111111111"/>
    <class days="1000000" id="3186" room="51" start="200" weeks="1111111111111"/>
    <class days="0100000" id="3187" room="15" start="211" weeks="1111111111111"/>
    <class days="0100000" id="3188" room="7" start="145" weeks="1111111111111"/>
    <class days="1000000" id="3189" room="51" start="134" weeks="1111111111111"/>
    <class days="1000000" id="3190" room="7" start="156" weeks="1111111111111"/>
    <class days="0010000" id="3191" start="112" weeks="1111111111111"/>
    <class days="1000000" id="3192" room="15" start="178" weeks="1111111111111"/>
    <class days="0000010" id="3193" room="7" start="189" weeks="0001000000000"/>
    <class days="0000010" id="3194" room="7" start="200" weeks="0010000000000"/>
    <class days="0000100" id="3195" room="7" start="200" weeks="0000001000000"/>
    <class days="0000010" id="3196" room="7" start="90" weeks="0000000001000"/>
    <class days="0000100" id="3197" room="15" start="90" weeks="0001000000000"/>
    <class days="0000100" id="3198" room="15" start="90" weeks="0010000000000"/>
    <class days="0000100" id="3199" room="15" start="90" weeks="0000000000100"/>
    <class days="0000100" id="3200" room="15" start="90" weeks="0000000000001"/>
    <class days="0010000" id="3201" room="7" start="134" weeks="1111111111111"/>
    <class days="0100000" id="3202" room="51" start="189" weeks="1111111111111"/>
    <class days="1000000" id="3203" room="51" start="123" weeks="1111111111111"/>
    <class days="0000100" id="3204" room="7" start="90" weeks="0000000001000"/>
    <class days="0000100" id="3205" room="7" start="145" weeks="0010000000000"/>
    <class days="0000100" id="3206" room="7" start="200" weeks="0001000000000"/>
    <class days="0000100" id="3207" room="7" start="145" weeks="0000000000010"/>
    <class days="0100000" id="3208" room="15" start="167" weeks="1111111111111"/>
    <class days="0100000" id="3209" room="15" start="189" weeks="1111111111111"/>
    <class days="0000100" id="3210" room="16" start="156" weeks="0000000000100"/>
    <class days="0000100" id="3211" room="38" start="101" weeks="0000000000010"/>
    <class days="0010000" id="3212" room="15" start="90" weeks="1111111111111"/>
    <class days="0010000" id="3213" room="77" start="134" weeks="1111111111111"/>
    <class days="1000000" id="3214" room="32" start="90" weeks="1111111111111"/>
    <class days="0100000" id="3215" room="69" start="156" weeks="1111111111111"/>
    <class days="0100000" id="3216" room="66" start="145" weeks="1111111111111"/>
    <class days="0000100" id="3217" room="32" start="156" weeks="1000000000000"/>
    <class days="0000100" id="3218" room="32" start="123" weeks="0100000000000"/>
    <class days="0000100" id="3219" room="32" start="134" weeks="0100000000000"/>
    <class days="0000100" id="3220" room="32" start="145" weeks="0000000100000"/>
    <class days="0000100" id="3221" room="32" start="145" weeks="0010000000000"/>
    <class days="0000100" id="3222" room="32" start="167" weeks="0000000001000"/>
    <class days="0000100" id="3223" room="32" start="167" weeks="0001000000000"/>
    <class days="0000100" id="3224" room="32" start="123" weeks="0000000000001"/>
    <class days="0100000" id="3225" room="32" start="145" weeks="1111111111111"/>
    <class days="0010000" id="3226" room="32" start="211" weeks="1111111111111"/>
    <class days="0100000" id="3227" room="32" start="145" weeks="1111111111111"/>
    <class days="0100000" id="3228" room="32" start="145" weeks="1111111111111"/>
    <class days="1000000" id="3229" room="32" start="178" weeks="1111111111111"/>
    <class days="0001000" id="3230" room="32" start="178" weeks="1011111111111"/>
    <class days="0001000" id="3231" room="9" start="167" weeks="1011111111111"/>
    <class days="0000100" id="3232" room="77" start="123" weeks="0000010000000"/>
    <class days="0000100" id="3233" room="77" start="156" weeks="0000001000000"/>
    <class days="0000100" id="3234" room="77" start="112" weeks="0000000000010"/>
    <class days="0000100" id="3235" room="77" start="90" weeks="0000000000010"/>
    <class days="0000100" id="3236" room="77" start="134" weeks="0000000000001"/>
    <class days="0000100" id="3237" room="77" start="112" weeks="0000000001000"/>
    <class days="0000100" id="3238" room="32" start="145" weeks="0001000000000"/>
    <class days="0000100" id="3239" room="32" start="123" weeks="0000000100000"/>
    <class days="0000100" id="3240" room="32" start="134" weeks="0000000000010"/>
    <class days="0000100" id="3241" room="32" start="123" weeks="0000001000000"/>
    <class days="0000100" id="3242" room="66" start="112" weeks="0010000000000"/>
    <class days="0000100" id="3243" room="39" start="101" weeks="0000001000000"/>
    <class days="1000000" id="3244" room="32" start="156" weeks="1111111111111"/>
    <class days="0100000" id="3245" room="77" start="134" weeks="1111111111111"/>
    <class days="0100000" id="3246" room="77" start="156" weeks="1111111111111"/>
    <class days="0010000" id="3247" room="32" start="211" weeks="1111111111111"/>
    <class days="0100000" id="3248" room="46" start="134" weeks="1111111111111"/>
    <class days="0010000" id="3249" room="13" start="189" weeks="1111111111111"/>
    <class days="0010000" id="3250" room="78" start="211" weeks="1111111111111"/>
    <class days="1000000" id="3251" room="78" start="189" weeks="1111111111111"/>
    <class days="0001000" id="3252" room="78" start="211" weeks="1011111111111"/>
    <class days="0100000" id="3253" room="65" start="167" weeks="1111111111111"/>
    <class days="0010000" id="3254" room="65" start="112" weeks="1111111111111"/>
    <class days="0010000" id="3255" room="38" start="123" weeks="1111111111111"/>
    <class days="0001000" id="3256" room="16" start="189" weeks="1011111111111"/>
    <class days="0001000" id="3257" room="59" start="211" weeks="1011111111111"/>
    <class days="0100000" id="3258" room="54" start="145" weeks="1111111111111"/>
    <class days="0010000" id="3259" room="78" start="145" weeks="1111111111111"/>
    <class days="0010000" id="3260" room="11" start="189" weeks="1111111111111"/>
    <class days="1000000" id="3261" room="78" start="90" weeks="1111111111111"/>
    <class days="0100000" id="3262" room="78" start="167" weeks="1111111111111"/>
    <class days="0010000" id="3263" room="78" start="200" weeks="1111111111111"/>
    <class days="0100000" id="3264" room="78" start="200" weeks="1111111111111"/>
    <class days="0001000" id="3265" room="54" start="123" weeks="1011111111111"/>
    <class days="0010000" id="3266" room="77" start="178" weeks="1111111111111"/>
    <class days="0100000" id="3267" room="32" start="156" weeks="1111111111111"/>
    <class days="1000000" id="3268" room="16" start="189" weeks="1111111111111"/>
    <class days="1000000" id="3269" room="32" start="145" weeks="1111111111111"/>
    <class days="0000100" id="3270" room="54" start="101" weeks="1000000000000"/>
    <class days="0000100" id="3271" room="38" start="200" weeks="0001000000000"/>
    <class days="0000100" id="3272" room="54" start="112" weeks="0000000100000"/>
    <class days="0000100" id="3273" room="18" start="101" weeks="0000001000000"/>
    <class days="0000100" id="3274" room="11" start="101" weeks="0100000000000"/>
    <class days="0000100" id="3275" room="38" start="145" weeks="0000000000100"/>
    <class days="0000100" id="3276" room="54" start="145" weeks="0000001000000"/>
    <class days="0000100" id="3277" room="49" start="145" weeks="0000100000000"/>
    <class days="0000100" id="3278" room="54" start="134" weeks="0000000001000"/>
    <class days="0000100" id="3279" room="38" start="200" weeks="0000001000000"/>
    <class days="0010000" id="3280" room="36" start="90" weeks="1111111111111"/>
    <class days="0010000" id="3281" room="78" start="189" weeks="1111111111111"/>
    <class days="0001000" id="3282" room="78" start="200" weeks="1011111111111"/>
    <class days="0100000" id="3283" room="78" start="123" weeks="1111111111111"/>
    <class days="0010000" id="3284" room="34" start="178" weeks="1111111111111"/>
    <class days="1000000" id="3285" room="18" start="189" weeks="1111111111111"/>
    <class days="0010000" id="3286" room="78" start="112" weeks="1111111111111"/>
    <class days="0000100" id="3287" room="46" start="200" weeks="0000000100000"/>
    <class days="0000100" id="3288" room="34" start="178" weeks="0000000001000"/>
    <class days="0000100" id="3289" room="54" start="145" weeks="0000000100000"/>
    <class days="0000100" id="3290" room="34" start="101" weeks="0000000000001"/>
    <class days="0000100" id="3291" room="77" start="167" weeks="0000000100000"/>
    <class days="0000100" id="3292" room="77" start="178" weeks="0100000000000"/>
    <class days="0000100" id="3293" room="77" start="156" weeks="0000000001000"/>
    <class days="0000100" id="3294" room="77" start="134" weeks="0001000000000"/>
    <class days="0010000" id="3295" room="65" start="134" weeks="1111111111111"/>
    <class days="1000000" id="3296" room="77" start="167" weeks="1111111111111"/>
    <class days="0010000" id="3297" room="77" start="167" weeks="1111111111111"/>
    <class days="0000100" id="3298" room="77" start="134" weeks="1000000000000"/>
    <class days="0000100" id="3299" room="2" start="102" weeks="0000010000000"/>
    <class days="0000100" id="3300" room="2" start="102" weeks="0000001000000"/>
    <class days="0000100" id="3301" room="2" start="102" weeks="0000000100000"/>
    <class days="0000100" id="3302" start="132" weeks="0000000001000"/>
    <class days="0000100" id="3303" start="132" weeks="0000000000100"/>
    <class days="0000100" id="3304" room="32" start="145" weeks="0000001000000"/>
    <class days="0000100" id="3305" room="32" start="167" weeks="0000010000000"/>
    <class days="0000100" id="3306" room="32" start="167" weeks="0000000000100"/>
    <class days="0000100" id="3307" room="32" start="222" weeks="0000000000100"/>
    <class days="0000100" id="3308" room="77" start="134" weeks="0010000000000"/>
    <class days="0000100" id="3309" room="77" start="123" weeks="0000000100000"/>
    <class days="0100000" id="3310" room="77" start="123" weeks="1111111111111"/>
    <class days="1000000" id="3311" room="77" start="101" weeks="1111111111111"/>
    <class days="0001000" id="3312" room="77" start="145" weeks="1011111111111"/>
    <class days="0010000" id="3313" room="77" start="156" weeks="1111111111111"/>
    <class days="0100000" id="3314" start="156" weeks="1111111111111"/>
    <class days="0100000" id="3315" start="156" weeks="1111111111111"/>
    <class days="0000100" id="3316" room="2" start="102" weeks="1000000000000"/>
    <class days="0000100" id="3317" room="2" start="102" weeks="0100000000000"/>
    <class days="0000100" id="3318" room="2" start="102" weeks="0010000000000"/>
    <class days="0000100" id="3319" room="2" start="102" weeks="0001000000000"/>
    <class days="0000100" id="3320" room="2" start="102" weeks="0000100000000"/>
    <class days="0100000" id="3321" room="32" start="112" weeks="1111111111111"/>
    <class days="0100000" id="3322" room="32" start="123" weeks="1111111111111"/>
    <class days="1000000" id="3323" room="32" start="123" weeks="1111111111111"/>
    <class days="0010000" id="3324" room="32" start="222" weeks="1111111111111"/>
    <class days="0010000" id="3325" room="77" start="90" weeks="1111111111111"/>
    <class days="0001000" id="3326" room="77" start="90" weeks="1011111111111"/>
    <class days="0001000" id="3327" room="77" start="134" weeks="1011111111111"/>
    <class days="0000100" id="3328" room="64" start="167" weeks="0000100000000"/>
    <class days="0000100" id="3329" room="36" start="134" weeks="0001000000000"/>
    <class days="0000100" id="3330" room="18" start="167" weeks="0000010000000"/>
    <class days="0000100" id="3331" room="66" start="112" weeks="0000000000100"/>
    <class days="0000100" id="3332" room="69" start="200" weeks="0010000000000"/>
    <class days="0000100" id="3333" room="9" start="167" weeks="0000100000000"/>
    <class days="0000100" id="3334" room="34" start="123" weeks="0100000000000"/>
    <class days="0000100" id="3335" room="47" start="145" weeks="0010000000000"/>
    <class days="0000100" id="3336" room="16" start="189" weeks="0001000000000"/>
    <class days="0000100" id="3337" room="23" start="134" weeks="0001000000000"/>
    <class days="0000100" id="3338" room="48" start="222" weeks="0000000000001"/>
    <class days="0000100" id="3339" room="85" start="200" weeks="0000000000010"/>
    <class days="0100000" id="3340" room="38" start="101" weeks="1111111111111"/>
    <class days="0010000" id="3341" start="101" weeks="1111111111111"/>
    <class days="0100000" id="3342" start="90" weeks="1111111111111"/>
    <class days="0010000" id="3343" room="52" start="90" weeks="1111111111111"/>
    <class days="1000000" id="3344" room="17" start="189" weeks="1111111111111"/>
    <class days="0001000" id="3345" room="76" start="123" weeks="1011111111111"/>
    <class days="1000000" id="3346" room="64" start="211" weeks="1111111111111"/>
    <class days="0100000" id="3347" room="28" start="90" weeks="1111111111111"/>
    <class days="0010000" id="3348" room="35" start="112" weeks="1111111111111"/>
    <class days="0000100" id="3349" room="11" start="189" weeks="0001000000000"/>
    <class days="0000100" id="3350" room="49" start="222" weeks="0000000001000"/>
    <class days="0000100" id="3351" room="7" start="145" weeks="0000010000000"/>
    <class days="0000100" id="3352" room="38" start="145" weeks="0000100000000"/>
    <class days="0000100" id="3353" room="30" start="167" weeks="0000001000000"/>
    <class days="0000100" id="3354" room="74" start="123" weeks="0000100000000"/>
    <class days="0000100" id="3355" room="74" start="178" weeks="0001000000000"/>
    <class days="0000100" id="3356" room="43" start="112" weeks="0000100000000"/>
    <class days="0000100" id="3357" room="71" start="145" weeks="0010000000000"/>
    <class days="0000100" id="3358" room="43" start="222" weeks="0001000000000"/>
    <class days="0000100" id="3359" room="43" start="90" weeks="0000001000000"/>
    <class days="0000100" id="3360" room="74" start="156" weeks="0000001000000"/>
    <class days="0000100" id="3361" room="71" start="200" weeks="0000000000100"/>
    <class days="0100000" id="3362" room="43" start="200" weeks="1111111111111"/>
    <class days="1000000" id="3363" room="33" start="200" weeks="1111111111111"/>
    <class days="1000000" id="3364" room="71" start="112" weeks="1111111111111"/>
    <class days="0010000" id="3365" room="38" start="189" weeks="1111111111111"/>
    <class days="0001000" id="3366" room="71" start="123" weeks="1011111111111"/>
    <class days="0010000" id="3367" room="71" start="101" weeks="1001000101000"/>
    <class days="1000000" id="3368" room="79" start="178" weeks="1111111111111"/>
    <class days="0010000" id="3369" room="79" start="167" weeks="1111111111111"/>
    <class days="0010000" id="3370" room="33" start="200" weeks="1111111111111"/>
    <class days="0010000" id="3371" room="17" start="211" weeks="1111111111111"/>
    <class days="0010000" id="3372" room="74" start="211" weeks="1111111111111"/>
    <class days="0010000" id="3373" start="211" weeks="1111111111111"/>
    <class days="0010000" id="3374" room="43" start="200" weeks="1111111111111"/>
    <class days="0010000" id="3375" room="71" start="211" weeks="1111111111111"/>
    <class days="0010000" id="3376" room="52" start="211" weeks="1111111111111"/>
    <class days="1000000" id="3377" room="65" start="222" weeks="1111111111111"/>
    <class days="0100000" id="3378" room="71" start="90" weeks="0000101000100"/>
    <class days="1000000" id="3379" room="17" start="101" weeks="1111111111111"/>
    <class days="1000000" id="3380" room="17" start="112" weeks="1111111111111"/>
    <class days="1000000" id="3381" room="17" start="222" weeks="1111111111111"/>
    <class days="1000000" id="3382" room="10" start="200" weeks="1111111111111"/>
    <class days="0010000" id="3383" room="10" start="222" weeks="1111111111111"/>
    <class days="1000000" id="3384" room="10" start="112" weeks="1111111111111"/>
    <class days="0010000" id="3385" room="10" start="145" weeks="1111111111111"/>
    <class days="0100000" id="3386" room="17" start="145" weeks="1111111111111"/>
    <class days="0100000" id="3387" room="17" start="134" weeks="1111111111111"/>
    <class days="0001000" id="3388" room="17" start="112" weeks="1011111111111"/>
    <class days="1000000" id="3389" room="71" start="200" weeks="1111111111111"/>
    <class days="0010000" id="3390" room="71" start="156" weeks="1111111111111"/>
    <class days="0010000" id="3391" room="71" start="112" weeks="1111111111111"/>
    <class days="1000000" id="3392" room="49" start="178" weeks="1111111111111"/>
    <class days="1000000" id="3393" room="65" start="90" weeks="1111111111111"/>
    <class days="0001000" id="3394" room="52" start="167" weeks="1011111111111"/>
    <class days="0010000" id="3395" room="52" start="189" weeks="1111111111111"/>
    <class days="0010000" id="3396" room="18" start="200" weeks="1111111111111"/>
    <class days="0010000" id="3397" room="66" start="145" weeks="1111111111111"/>
    <class days="0001000" id="3398" room="38" start="101" weeks="1011111111111"/>
    <class days="1000000" id="3399" room="52" start="101" weeks="1010101010101"/>
    <class days="0100000" id="3400" room="20" start="170" weeks="0101010101010"/>
    <class days="1000000" id="3401" room="20" start="150" weeks="1111111111111"/>
    <class days="1000000" id="3402" room="33" start="134" weeks="1111111111111"/>
    <class days="0010000" id="3403" room="33" start="90" weeks="1111111111111"/>
    <class days="0001000" id="3404" room="33" start="101" weeks="1011111111111"/>
    <class days="0001000" id="3405" room="54" start="189" weeks="1011111111111"/>
    <class days="0001000" id="3406" room="13" start="123" weeks="1011111111111"/>
    <class days="0100000" id="3407" room="65" start="222" weeks="1111111111111"/>
    <class days="1000000" id="3408" room="69" start="112" weeks="1111111111111"/>
    <class days="0010000" id="3409" room="52" start="167" weeks="1111111111111"/>
    <class days="0010000" id="3410" room="12" start="112" weeks="1111111111111"/>
    <class days="0010000" id="3411" room="52" start="167" weeks="1111111111111"/>
    <class days="0010000" id="3412" room="52" start="134" weeks="1111111111111"/>
    <class days="0010000" id="3413" start="189" weeks="1000110111011"/>
    <class days="0010000" id="3414" start="200" weeks="1000110111011"/>
    <class days="0010000" id="3415" start="222" weeks="1000110111011"/>
    <class days="0010000" id="3416" start="200" weeks="1000110111011"/>
    <class days="0010000" id="3417" start="233" weeks="1000110111011"/>
    <class days="0010000" id="3418" start="233" weeks="1000110111011"/>
    <class days="0010000" id="3419" start="222" weeks="1000110111011"/>
    <class days="0100000" id="3420" room="9" start="156" weeks="1111111111111"/>
    <class days="0010000" id="3421" room="11" start="112" weeks="1111111111111"/>
    <class days="1000000" id="3422" room="9" start="167" weeks="1001000101000"/>
    <class days="1000000" id="3423" room="36" start="123" weeks="1111111111111"/>
    <class days="0010000" id="3424" room="30" start="112" weeks="1111111111111"/>
    <class days="1000000" id="3425" room="17" start="145" weeks="1111111111111"/>
    <class days="0010000" id="3426" room="17" start="178" weeks="1111111111111"/>
    <class days="0001000" id="3427" room="64" start="211" weeks="1011111111111"/>
    <class days="0010000" id="3428" room="17" start="90" weeks="1111111111111"/>
    <class days="0010000" id="3429" room="17" start="156" weeks="1111111111111"/>
    <class days="1000000" id="3430" room="17" start="134" weeks="1111111111111"/>
    <class days="1000000" id="3431" room="52" start="178" weeks="1111111111111"/>
    <class days="1000000" id="3432" room="17" start="134" weeks="0000101000100"/>
    <class days="1000000" id="3433" room="36" start="123" weeks="1111111111111"/>
    <class days="0010000" id="3434" room="58" start="134" weeks="1010101010101"/>
    <class days="0010000" id="3435" room="80" start="178" weeks="1111111111111"/>
    <class days="0001000" id="3436" room="16" start="156" weeks="1011111111111"/>
    <class days="0010000" id="3437" room="64" start="123" weeks="1111111111111"/>
    <class days="0010000" id="3438" room="64" start="101" weeks="1111111111111"/>
    <class days="0000100" id="3439" room="48" start="101" weeks="0001000000000"/>
    <class days="0000100" id="3440" room="48" start="178" weeks="0000000001000"/>
    <class days="0000100" id="3441" room="54" start="101" weeks="0000000000010"/>
    <class days="0000100" id="3442" room="18" start="123" weeks="0000000000100"/>
    <class days="0000100" id="3443" room="85" start="145" weeks="1000000000000"/>
    <class days="0000100" id="3444" room="66" start="156" weeks="0000100000000"/>
    <class days="0000100" id="3445" room="49" start="134" weeks="0000001000000"/>
    <class days="0000100" id="3446" room="74" start="178" weeks="0010000000000"/>
    <class days="0000100" id="3447" room="22" start="167" weeks="0010000000000"/>
    <class days="0000100" id="3448" room="9" start="222" weeks="0001000000000"/>
    <class days="0000100" id="3449" room="75" start="178" weeks="0000000000100"/>
    <class days="0000100" id="3450" room="16" start="90" weeks="0000000000001"/>
    <class days="0100000" id="3451" room="85" start="101" weeks="1111111111111"/>
    <class days="0010000" id="3452" room="58" start="112" weeks="1111111111111"/>
    <class days="0100000" id="3453" room="75" start="167" weeks="1111111111111"/>
    <class days="0100000" id="3454" room="43" start="134" weeks="1111111111111"/>
    <class days="0000100" id="3455" room="9" start="211" weeks="0100000000000"/>
    <class days="0000100" id="3456" room="66" start="101" weeks="0000001000000"/>
    <class days="0000100" id="3457" room="46" start="189" weeks="0000000000010"/>
    <class days="0000100" id="3458" room="18" start="211" weeks="0000010000000"/>
    <class days="0000100" id="3459" room="43" start="211" weeks="0010000000000"/>
    <class days="0000100" id="3460" room="43" start="211" weeks="0000100000000"/>
    <class days="0000100" id="3461" room="43" start="222" weeks="0000000001000"/>
    <class days="0000100" id="3462" room="43" start="178" weeks="0000000001000"/>
    <class days="0000100" id="3463" room="43" start="222" weeks="0100000000000"/>
    <class days="0000100" id="3464" room="43" start="90" weeks="0000000001000"/>
    <class days="0000100" id="3465" room="43" start="222" weeks="0000001000000"/>
    <class days="0000100" id="3466" room="43" start="178" weeks="0001000000000"/>
    <class days="0000100" id="3467" room="43" start="211" weeks="0010000000000"/>
    <class days="0000100" id="3468" room="43" start="112" weeks="0000010000000"/>
    <class days="0000100" id="3469" room="43" start="189" weeks="0000010000000"/>
    <class days="0000100" id="3470" room="43" start="189" weeks="0001000000000"/>
    <class days="0010000" id="3471" room="39" start="211" weeks="1111111111111"/>
    <class days="0001000" id="3472" room="39" start="90" weeks="1011111111111"/>
    <class days="0010000" id="3473" room="43" start="112" weeks="1111111111111"/>
    <class days="0010000" id="3474" room="43" start="156" weeks="1111111111111"/>
    <class days="0010000" id="3475" room="43" start="101" weeks="1111111111111"/>
    <class days="0010000" id="3476" room="43" start="178" weeks="1111111111111"/>
    <class days="0001000" id="3477" room="43" start="101" weeks="1011111111111"/>
    <class days="0001000" id="3478" room="43" start="167" weeks="1011111111111"/>
    <class days="0000100" id="3479" room="69" start="101" weeks="0000100000000"/>
    <class days="0000100" id="3480" room="56" start="222" weeks="0010000000000"/>
    <class days="0000100" id="3481" room="56" start="145" weeks="0000000001000"/>
    <class days="0000100" id="3482" room="65" start="189" weeks="0000000000100"/>
    <class days="0010000" id="3483" room="43" start="134" weeks="1111111111111"/>
    <class days="0001000" id="3484" room="11" start="189" weeks="1011111111111"/>
    <class days="1000000" id="3485" room="49" start="167" weeks="1111111111111"/>
    <class days="0001000" id="3486" room="65" start="211" weeks="1011111111111"/>
    <class days="0100000" id="3487" room="39" start="123" weeks="1111111111111"/>
    <class days="0001000" id="3488" room="35" start="189" weeks="1011111111111"/>
    <class days="0100000" id="3489" room="65" start="134" weeks="1111111111111"/>
    <class days="0010000" id="3490" room="75" start="178" weeks="1111111111111"/>
    <class days="1000000" id="3491" room="49" start="211" weeks="1111111111111"/>
    <class days="0001000" id="3492" room="75" start="167" weeks="1011111111111"/>
    <class days="0001000" id="3493" room="66" start="101" weeks="1011111111111"/>
    <class days="1000000" id="3494" room="69" start="200" weeks="1111111111111"/>
    <class days="0100000" id="3495" room="69" start="123" weeks="1111111111111"/>
    <class days="1000000" id="3496" room="26" start="112" weeks="1111111111111"/>
    <class days="0010000" id="3497" room="16" start="222" weeks="1111111111111"/>
    <class days="0100000" id="3498" room="9" start="123" weeks="1111111111111"/>
    <class days="0100000" id="3499" room="47" start="156" weeks="1111111111111"/>
    <class days="0010000" id="3500" room="65" start="211" weeks="1111111111111"/>
    <class days="0010000" id="3501" room="50" start="123" weeks="1111111111111"/>
    <class days="1000000" id="3502" room="16" start="134" weeks="1111111111111"/>
    <class days="1000000" id="3503" room="16" start="167" weeks="1111111111111"/>
    <class days="1000000" id="3504" room="54" start="233" weeks="1111111111111"/>
    <class days="0010000" id="3505" room="46" start="200" weeks="1111111111111"/>
    <class days="0010000" id="3506" room="23" start="178" weeks="1111111111111"/>
    <class days="0001000" id="3507" room="13" start="101" weeks="1011111111111"/>
    <class days="0010000" id="3508" room="39" start="145" weeks="1111111111111"/>
    <class days="0000100" id="3509" room="54" start="112" weeks="0000100000000"/>
    <class days="0000100" id="3510" room="22" start="112" weeks="0000000000100"/>
    <class days="0000100" id="3511" room="26" start="145" weeks="0000000000010"/>
    <class days="0000100" id="3512" room="76" start="90" weeks="0000001000000"/>
    <class days="0000100" id="3513" room="61" start="200" weeks="0000000000100"/>
    <class days="0000100" id="3514" room="25" start="189" weeks="0000000000001"/>
    <class days="0000100" id="3515" room="49" start="123" weeks="0001000000000"/>
    <class days="0000100" id="3516" room="43" start="156" weeks="0000100000000"/>
    <class days="0000100" id="3517" room="58" start="145" weeks="0000000010000"/>
    <class days="0000100" id="3518" room="75" start="167" weeks="0100000000000"/>
    <class days="0000100" id="3519" room="80" start="101" weeks="0000001000000"/>
    <class days="0000100" id="3520" room="9" start="134" weeks="0000001000000"/>
    <class days="0000100" id="3521" room="7" start="145" weeks="0000001000000"/>
    <class days="0000100" id="3522" room="56" start="200" weeks="0000000000010"/>
    <class days="0000100" id="3523" room="85" start="134" weeks="0000000001000"/>
    <class days="0000100" id="3524" room="28" start="145" weeks="0000000000100"/>
    <class days="0000100" id="3525" room="80" start="178" weeks="0000000000010"/>
    <class days="0000100" id="3526" room="26" start="123" weeks="0001000000000"/>
    <class days="0000100" id="3527" room="12" start="189" weeks="1000000000000"/>
    <class days="0000100" id="3528" room="26" start="123" weeks="0000001000000"/>
    <class days="0000100" id="3529" room="38" start="167" weeks="0000000100000"/>
    <class days="0000100" id="3530" room="85" start="189" weeks="0000000010000"/>
    <class days="0000100" id="3531" room="9" start="90" weeks="0000000001000"/>
    <class days="0000100" id="3532" room="25" start="101" weeks="0000000000010"/>
    <class days="0000100" id="3533" room="39" start="178" weeks="0000100000000"/>
    <class days="0000100" id="3534" room="25" start="178" weeks="0000000001000"/>
    <class days="0000100" id="3535" room="9" start="167" weeks="0000000000001"/>
    <class days="0000100" id="3536" room="26" start="123" weeks="0000000100000"/>
    <class days="0000100" id="3537" room="36" start="145" weeks="0100000000000"/>
    <class days="0000100" id="3538" room="73" start="145" weeks="0000000100000"/>
    <class days="0000100" id="3539" room="59" start="123" weeks="0000010000000"/>
    <class days="0000100" id="3540" room="75" start="90" weeks="1000000000000"/>
    <class days="0000100" id="3541" room="6" start="90" weeks="0000100000000"/>
    <class days="1000000" id="3542" room="46" start="200" weeks="1111111111111"/>
    <class days="1000000" id="3543" room="48" start="101" weeks="1111111111111"/>
    <class days="0010000" id="3544" room="66" start="112" weeks="1111111111111"/>
    <class days="0100000" id="3545" room="36" start="167" weeks="1111111111111"/>
    <class days="0001000" id="3546" room="65" start="90" weeks="1011111111111"/>
    <class days="0010000" id="3547" room="28" start="200" weeks="1111111111111"/>
    <class days="0001000" id="3548" room="75" start="189" weeks="1011111111111"/>
    <class days="0010000" id="3549" room="34" start="222" weeks="1111111111111"/>
    <class days="0010000" id="3550" room="34" start="112" weeks="1111111111111"/>
    <class days="1000000" id="3551" room="65" start="145" weeks="1111111111111"/>
    <class days="0100000" id="3552" room="34" start="101" weeks="1111111111111"/>
    <class days="0001000" id="3553" room="9" start="211" weeks="1011111111111"/>
    <class days="0100000" id="3554" room="59" start="222" weeks="1111111111111"/>
    <class days="0001000" id="3555" room="58" start="101" weeks="1011111111111"/>
    <class days="0010000" id="3556" room="6" start="233" weeks="1111111111111"/>
    <class days="0010000" id="3557" room="16" start="145" weeks="1111111111111"/>
    <class days="0010000" id="3558" room="34" start="101" weeks="1111111111111"/>
    <class days="0000100" id="3559" room="49" start="123" weeks="0000000000100"/>
    <class days="0000100" id="3560" room="36" start="167" weeks="0010000000000"/>
    <class days="0000100" id="3561" room="69" start="101" weeks="0000000001000"/>
    <class days="0000100" id="3562" room="36" start="101" weeks="0001000000000"/>
    <class days="0000100" id="3563" room="21" start="156" weeks="0000000001000"/>
    <class days="0000100" id="3564" room="66" start="145" weeks="0000000000001"/>
    <class days="0000100" id="3565" room="18" start="167" weeks="0000000001000"/>
    <class days="0000100" id="3566" room="64" start="134" weeks="0000000000100"/>
    <class days="0000100" id="3567" room="16" start="134" weeks="0000100000000"/>
    <class days="0000100" id="3568" room="69" start="211" weeks="0000000001000"/>
    <class days="0000100" id="3569" room="11" start="189" weeks="0000000000010"/>
    <class days="0000100" id="3570" room="76" start="200" weeks="0000010000000"/>
    <class days="0000100" id="3571" room="49" start="134" weeks="0000000000010"/>
    <class days="0000100" id="3572" room="65" start="200" weeks="0000010000000"/>
    <class days="0000100" id="3573" room="31" start="145" weeks="1000000000000"/>
    <class days="0000100" id="3574" room="11" start="156" weeks="0000100000000"/>
    <class days="0000100" id="3575" room="9" start="156" weeks="0000001000000"/>
    <class days="0000100" id="3576" room="69" start="167" weeks="0000000001000"/>
    <class days="0000100" id="3577" room="76" start="211" weeks="0000100000000"/>
    <class days="0000100" id="3578" room="59" start="178" weeks="1000000000000"/>
    <class days="0000100" id="3579" room="21" start="189" weeks="0001000000000"/>
    <class days="0000100" id="3580" room="47" start="123" weeks="0000000000100"/>
    <class days="0000100" id="3581" room="21" start="112" weeks="0010000000000"/>
    <class days="0010000" id="3582" room="66" start="112" weeks="1111111111111"/>
    <class days="0010000" id="3583" room="39" start="189" weeks="1111111111111"/>
    <class days="1000000" id="3584" room="11" start="90" weeks="1111111111111"/>
    <class days="1000000" id="3585" room="11" start="156" weeks="1111111111111"/>
    <class days="1000000" id="3586" room="46" start="178" weeks="1111111111111"/>
    <class days="0001000" id="3587" room="47" start="167" weeks="1011111111111"/>
    <class days="0010000" id="3588" room="65" start="167" weeks="1111111111111"/>
    <class days="1000000" id="3589" room="38" start="156" weeks="1111111111111"/>
    <class days="0001000" id="3590" room="47" start="167" weeks="1011111111111"/>
    <class days="0100000" id="3591" room="38" start="211" weeks="1111111111111"/>
    <class days="0001000" id="3592" room="36" start="112" weeks="1011111111111"/>
    <class days="0001000" id="3593" room="12" start="200" weeks="1011111111111"/>
    <class days="0100000" id="3594" room="59" start="178" weeks="1111111111111"/>
    <class days="0010000" id="3595" room="54" start="145" weeks="1111111111111"/>
    <class days="0100000" id="3596" room="46" start="233" weeks="1111111111111"/>
    <class days="1000000" id="3597" room="47" start="233" weeks="1111111111111"/>
    <class days="0001000" id="3598" room="54" start="112" weeks="1011111111111"/>
    <class days="0100000" id="3599" room="65" start="90" weeks="1111111111111"/>
    <class days="0010000" id="3600" room="16" start="156" weeks="1111111111111"/>
    <class days="1000000" id="3601" room="38" start="134" weeks="1111111111111"/>
    <class days="0100000" id="3602" room="47" start="90" weeks="1111111111111"/>
    <class days="0010000" id="3603" room="54" start="112" weeks="1111111111111"/>
    <class days="0010000" id="3604" room="48" start="134" weeks="1111111111111"/>
    <class days="0100000" id="3605" room="48" start="145" weeks="1111111111111"/>
    <class days="0010000" id="3606" room="9" start="189" weeks="1111111111111"/>
    <class days="0100000" id="3607" room="64" start="90" weeks="1111111111111"/>
    <class days="0010000" id="3608" room="9" start="156" weeks="1111111111111"/>
    <class days="0010000" id="3609" room="36" start="112" weeks="1111111111111"/>
    <class days="0010000" id="3610" room="50" start="101" weeks="1111111111111"/>
    <class days="0100000" id="3611" room="75" start="101" weeks="1111111111111"/>
    <class days="0100000" id="3612" room="56" start="156" weeks="1111111111111"/>
    <class days="0010000" id="3613" room="49" start="123" weeks="1111111111111"/>
    <class days="1000000" id="3614" room="50" start="101" weeks="1111111111111"/>
    <class days="0010000" id="3615" room="26" start="123" weeks="1111111111111"/>
    <class days="0000100" id="3616" room="54" start="156" weeks="0000000100000"/>
    <class days="0000100" id="3617" room="54" start="123" weeks="0000000000010"/>
    <class days="0000100" id="3618" room="65" start="211" weeks="1000000000000"/>
    <class days="0000100" id="3619" room="65" start="145" weeks="0000000000100"/>
    <class days="0000100" id="3620" room="54" start="200" weeks="0000100000000"/>
    <class days="0000100" id="3621" room="46" start="90" weeks="0000001000000"/>
    <class days="0100000" id="3622" room="48" start="200" weeks="1111111111111"/>
    <class days="0010000" id="3623" room="64" start="167" weeks="1111111111111"/>
    <class days="0100000" id="3624" room="12" start="211" weeks="1111111111111"/>
    <class days="0010000" id="3625" room="35" start="178" weeks="1111111111111"/>
    <class days="0010000" id="3626" room="34" start="189" weeks="1111111111111"/>
    <class days="0001000" id="3627" room="65" start="233" weeks="1011111111111"/>
    <class days="0100000" id="3628" room="34" start="222" weeks="1111111111111"/>
    <class days="0001000" id="3629" room="66" start="90" weeks="1011111111111"/>
    <class days="0001000" id="3630" room="50" start="211" weeks="1011111111111"/>
    <class days="0100000" id="3631" room="54" start="134" weeks="1111111111111"/>
    <class days="0000100" id="3632" room="76" start="222" weeks="0000100000000"/>
    <class days="0000100" id="3633" room="76" start="101" weeks="0000000100000"/>
    <class days="0000100" id="3634" room="38" start="145" weeks="0000001000000"/>
    <class days="0000100" id="3635" room="16" start="90" weeks="0000100000000"/>
    <class days="0000100" id="3636" room="46" start="222" weeks="0000000000010"/>
    <class days="0000100" id="3637" room="49" start="178" weeks="0001000000000"/>
    <class days="0000100" id="3638" room="38" start="200" weeks="0100000000000"/>
    <class days="0000100" id="3639" room="39" start="112" weeks="0000001000000"/>
    <class days="0000100" id="3640" room="65" start="178" weeks="0000000001000"/>
    <class days="0000100" id="3641" room="18" start="200" weeks="0000000000100"/>
    <class days="0000100" id="3642" room="64" start="90" weeks="0001000000000"/>
    <class days="0000100" id="3643" room="49" start="101" weeks="0000000000100"/>
    <class days="0000100" id="3644" room="9" start="112" weeks="0000100000000"/>
    <class days="0000100" id="3645" room="73" start="211" weeks="0000001000000"/>
    <class days="0001000" id="3646" room="64" start="178" weeks="1011111111111"/>
    <class days="0001000" id="3647" room="75" start="90" weeks="1011111111111"/>
    <class days="1000000" id="3648" room="50" start="211" weeks="1111111111111"/>
    <class days="1000000" id="3649" room="75" start="90" weeks="1111111111111"/>
    <class days="0000100" id="3650" room="46" start="178" weeks="0000010000000"/>
    <class days="0000100" id="3651" room="46" start="90" weeks="0000000100000"/>
    <class days="0100000" id="3652" room="54" start="123" weeks="1111111111111"/>
    <class days="0001000" id="3653" room="54" start="178" weeks="1011111111111"/>
    <class days="0100000" id="3654" room="36" start="189" weeks="1111111111111"/>
    <class days="1000000" id="3655" room="49" start="101" weeks="1111111111111"/>
    <class days="0000100" id="3656" room="36" start="134" weeks="0100000000000"/>
    <class days="0000100" id="3657" room="47" start="123" weeks="0001000000000"/>
    <class days="0000100" id="3658" room="76" start="90" weeks="0000100000000"/>
    <class days="0000100" id="3659" room="31" start="178" weeks="0000100000000"/>
    <class days="0010000" id="3660" room="46" start="145" weeks="1111111111111"/>
    <class days="0000100" id="3661" room="18" start="145" weeks="0000001000000"/>
    <class days="0000100" id="3662" room="81" start="112" weeks="0000000000100"/>
    <class days="0000100" id="3663" room="54" start="123" weeks="0001000000000"/>
    <class days="0000100" id="3664" room="48" start="145" weeks="0000000100000"/>
    <class days="0000100" id="3665" room="46" start="211" weeks="0000010000000"/>
    <class days="0000100" id="3666" room="30" start="178" weeks="0010000000000"/>
    <class days="0000100" id="3667" room="65" start="178" weeks="0000100000000"/>
    <class days="0000100" id="3668" room="64" start="178" weeks="0001000000000"/>
    <class days="0000100" id="3669" room="54" start="189" weeks="0000000100000"/>
    <class days="0000100" id="3670" room="69" start="189" weeks="0000001000000"/>
    <class days="0000100" id="3671" room="34" start="211" weeks="0000010000000"/>
    <class days="0000100" id="3672" room="81" start="178" weeks="0000000001000"/>
    <class days="0000100" id="3673" room="18" start="145" weeks="0000000001000"/>
    <class days="0000100" id="3674" room="46" start="112" weeks="1000000000000"/>
    <class days="0000100" id="3675" room="18" start="167" weeks="0000000001000"/>
    <class days="0000100" id="3676" room="49" start="112" weeks="0000100000000"/>
    <class days="0000100" id="3677" room="54" start="189" weeks="0000010000000"/>
    <class days="0000100" id="3678" room="65" start="90" weeks="0000000001000"/>
    <class days="0000100" id="3679" room="18" start="134" weeks="0100000000000"/>
    <class days="0000100" id="3680" room="49" start="112" weeks="0000000000010"/>
    <class days="0010000" id="3681" room="54" start="90" weeks="1111111111111"/>
    <class days="0100000" id="3682" room="49" start="178" weeks="1111111111111"/>
    <class days="0001000" id="3683" room="56" start="211" weeks="1011111111111"/>
    <class days="0100000" id="3684" room="9" start="189" weeks="1111111111111"/>
    <class days="0010000" id="3685" room="69" start="189" weeks="1111111111111"/>
    <class days="1000000" id="3686" room="18" start="90" weeks="1111111111111"/>
    <class days="1000000" id="3687" room="34" start="211" weeks="1111111111111"/>
    <class days="1000000" id="3688" room="65" start="178" weeks="1111111111111"/>
    <class days="0000100" id="3689" room="65" start="123" weeks="0000001000000"/>
    <class days="0000100" id="3690" room="7" start="90" weeks="0100000000000"/>
    <class days="0000100" id="3691" room="48" start="200" weeks="0000000000010"/>
    <class days="0000100" id="3692" room="18" start="112" weeks="0000000000010"/>
    <class days="0000100" id="3693" room="54" start="211" weeks="1000000000000"/>
    <class days="0000100" id="3694" room="38" start="167" weeks="0000100000000"/>
    <class days="0000100" id="3695" room="39" start="167" weeks="0000000001000"/>
    <class days="0000100" id="3696" room="34" start="211" weeks="0000000100000"/>
    <class days="0000100" id="3697" room="54" start="200" weeks="0100000000000"/>
    <class days="0000100" id="3698" room="49" start="200" weeks="0000010000000"/>
    <class days="0000100" id="3699" room="54" start="178" weeks="0000000100000"/>
    <class days="0000100" id="3700" room="18" start="112" weeks="0000010000000"/>
    <class days="0000100" id="3701" room="18" start="189" weeks="0000010000000"/>
    <class days="0000100" id="3702" room="54" start="200" weeks="0000000000100"/>
    <class days="0000100" id="3703" room="59" start="101" weeks="0100000000000"/>
    <class days="0000100" id="3704" room="34" start="189" weeks="0000001000000"/>
    <class days="0000100" id="3705" room="75" start="101" weeks="0000000100000"/>
    <class days="0000100" id="3706" room="81" start="145" weeks="0000000000100"/>
    <class days="0000100" id="3707" room="81" start="90" weeks="0000000001000"/>
    <class days="0000100" id="3708" room="76" start="178" weeks="0000001000000"/>
    <class days="1000000" id="3709" room="80" start="145" weeks="1111111111111"/>
    <class days="1000000" id="3710" room="66" start="189" weeks="1111111111111"/>
    <class days="0001000" id="3711" room="66" start="178" weeks="1011111111111"/>
    <class days="1000000" id="3712" room="9" start="90" weeks="1111111111111"/>
    <class days="0010000" id="3713" room="76" start="90" weeks="1111111111111"/>
    <class days="0001000" id="3714" room="12" start="178" weeks="1011111111111"/>
    <class days="0100000" id="3715" room="49" start="90" weeks="1111111111111"/>
    <class days="1000000" id="3716" room="23" start="90" weeks="1111111111111"/>
    <class days="0010000" id="3717" room="48" start="90" weeks="1111111111111"/>
</solution>
