fes;time;f
1;31;528
16;63;527
18;63;526
24;78;525
25;78;523
29;78;522
42;94;517
46;94;516
51;94;515
55;110;513
62;110;512
68;110;509
69;110;508
70;110;506
78;125;504
80;125;503
85;125;499
97;141;498
100;141;497
102;141;496
103;141;495
105;141;494
108;141;493
120;156;492
125;156;490
131;156;489
141;172;488
142;172;487
158;172;486
159;172;483
164;188;482
179;188;478
183;188;477
184;188;476
195;203;475
209;203;472
224;219;471
226;219;468
229;235;467
232;235;466
243;235;463
248;235;462
251;235;461
256;250;460
264;250;457
265;250;456
273;250;455
274;250;454
282;266;453
290;266;450
303;266;449
319;281;448
327;281;447
339;297;445
354;297;444
363;313;443
368;313;442
370;313;441
372;313;440
376;313;438
378;313;437
379;313;436
385;313;433
406;328;432
455;360;431
467;375;430
473;375;429
492;391;428
510;391;427
512;391;426
513;391;424
526;406;423
527;406;422
533;406;421
534;406;419
541;406;417
545;406;416
548;422;414
566;422;413
567;422;412
569;422;410
588;438;409
597;438;408
601;438;407
607;453;406
611;453;405
617;453;402
621;453;401
622;453;400
623;453;399
626;453;398
629;453;397
635;469;395
648;469;394
657;469;393
661;485;392
662;485;391
667;485;389
685;485;388
687;485;386
694;500;384
698;500;383
702;500;382
710;500;381
727;516;380
735;516;379
740;531;378
745;531;377
750;531;376
760;531;374
761;531;373
768;547;372
771;547;371
773;547;370
774;547;369
793;563;368
802;563;365
803;563;364
812;563;363
816;563;362
826;578;361
834;578;360
838;578;359
856;594;358
865;594;357
878;610;356
879;610;355
884;610;354
887;610;353
889;610;352
894;610;350
897;610;349
899;625;348
911;625;347
920;625;346
932;641;345
933;641;344
947;641;342
957;656;341
975;656;339
1001;672;338
1020;688;337
1025;688;336
1030;688;335
1062;703;334
1068;703;333
1092;719;332
1111;734;331
1112;734;330
1119;734;329
1134;750;327
1142;750;326
1157;766;325
1171;766;324
1190;781;323
1191;781;322
1194;781;321
1206;781;320
1213;797;319
1219;797;318
1220;797;317
1221;797;316
1239;813;315
1256;813;314
1266;828;313
1267;828;312
1270;828;311
1281;828;310
1295;844;309
1306;844;308
1344;875;307
1346;875;302
1350;875;301
1362;875;300
1367;875;298
1379;891;297
1383;891;296
1396;891;295
1400;906;294
1419;906;293
1446;922;291
1474;938;289
1496;953;288
1500;953;287
1501;953;286
1550;984;285
1564;984;284
1571;984;283
1594;1000;280
1616;1016;279
1626;1016;278
1632;1031;277
1636;1031;276
1641;1031;275
1729;1078;274
1733;1078;273
1744;1094;272
1747;1094;270
1801;1125;269
1822;1141;267
1825;1141;266
1831;1141;264
1841;1141;263
1858;1156;261
1873;1172;260
1903;1187;259
1910;1187;258
1926;1187;257
1932;1203;256
1972;1219;255
2016;1250;254
2021;1250;253
2053;1266;252
2087;1281;251
2094;1297;250
2111;1297;248
2130;1312;247
2157;1328;246
2166;1328;245
2188;1344;244
2209;1344;243
2233;1359;242
2273;1391;241
2350;1422;240
2389;1453;239
2392;1453;238
2408;1469;237
2420;1469;236
2421;1469;235
2422;1469;234
2464;1500;233
2475;1500;232
2542;1531;231
2551;1547;230
2594;1562;229
2611;1578;228
2630;1594;227
2669;1609;226
2686;1609;225
2698;1625;224
2706;1625;222
2713;1625;221
2718;1640;220
2768;1656;219
2780;1672;218
2799;1672;217
2802;1672;216
2824;1687;215
2880;1719;214
2881;1719;213
2907;1734;212
2918;1750;211
2958;1765;210
2970;1781;209
3065;1828;208
3273;1937;207
3295;1953;206
3346;1984;205
3452;2047;204
3454;2047;203
3458;2047;202
3476;2062;201
3573;2109;200
3593;2125;199
3605;2125;198
3615;2140;197
3616;2140;196
3627;2140;195
3634;2140;194
3642;2156;193
3680;2172;192
3693;2187;190
3694;2187;189
3716;2187;188
3949;2312;187
3951;2312;186
3952;2312;185
3962;2328;184
3987;2343;183
3996;2343;182
4003;2343;181
4023;2359;180
4045;2375;179
4051;2375;178
4063;2375;177
4077;2390;176
4091;2390;175
4149;2422;174
4176;2437;173
4197;2453;172
4225;2468;171
4293;2515;170
4327;2531;169
4382;2562;168
4399;2562;167
4412;2578;166
4432;2578;165
4444;2593;164
4521;2625;163
4587;2672;162
4625;2687;161
4641;2703;160
4659;2703;159
4783;2781;158
4784;2781;157
4794;2781;156
4831;2797;155
4931;2859;154
5069;2937;153
5111;2953;152
5165;2984;151
5176;3000;150
5270;3046;149
5429;3140;148
5439;3140;147
5465;3156;146
5556;3203;145
5566;3203;144
5593;3218;143
5608;3234;142
5948;3421;141
6004;3453;140
6182;3546;139
6222;3578;138
6263;3593;137
6380;3656;136
6435;3687;135
6489;3718;134
6636;3796;133
6646;3812;132
6715;3843;131
6883;3937;130
6913;3952;129
6994;3999;128
7060;4046;127
7063;4046;126
7411;4234;125
7414;4234;124
7483;4281;123
7566;4327;122
7567;4327;121
7671;4390;120
7727;4421;119
7845;4484;118
7987;4550;117
8085;4612;116
8164;4643;115
8253;4690;114
8275;4706;113
8399;4784;112
8424;4800;111
8635;4909;110
8638;4909;109
8759;4972;108
8808;5003;107
8830;5018;106
8860;5034;105
9003;5112;103
9037;5128;102
9056;5143;101
9188;5206;100
9234;5237;99
9335;5284;98
9677;5471;97
9754;5518;96
9789;5534;95
9904;5596;94
10332;5831;93
10380;5862;92
10658;6003;91
10830;6112;90
10925;6159;89
11258;6331;88
11529;6487;87
11709;6581;86
11746;6596;85
11764;6612;84
11808;6627;83
12265;6877;82
12665;7096;81
12692;7112;80
12892;7221;78
13013;7283;77
13079;7315;76
13262;7424;75
13296;7440;74
13368;7471;73
13497;7533;72
13559;7580;71
13769;7690;70
13879;7752;69
13963;7799;68
13973;7799;67
14069;7846;66
15282;8502;65
15444;8596;64
15456;8596;63
15774;8783;62
15842;8814;61
17027;9455;60
17121;9502;59
17176;9533;58
17655;9798;57
18509;10265;56
19185;10624;55
20527;11342;54
22433;12358;53
22507;12405;52
22733;12514;51
22926;12623;50
23749;13061;49
23954;13170;48
24109;13264;47
24672;13561;46
26673;14639;45
26850;14732;44
27077;14857;43
27494;15076;42
27989;15342;41
29337;16065;40
29782;16299;39
30229;16549;38
32813;17955;37
32864;17971;36
32980;18049;35
33791;18486;34
33815;18486;33
34770;19017;32
40091;21849;31
40315;21974;30
41008;22333;29
43191;23512;28
45762;24887;27
49496;26871;26
49762;27012;25
50096;27183;24
54074;29292;23
57258;31011;21
58063;31432;20
60176;32557;19
60796;32885;18
67868;36677;17
70295;37958;16
73697;39755;15
75296;40598;14
93335;50207;13
97633;52504;12
102951;55331;11
112568;60474;10
117094;62926;9
129421;69487;8
141656;75988;7
146946;78796;6
170270;91263;5
243803;130529;4
805943;430521;3
852562;455326;2
1220838;649690;1
1296862;690103;-2147416545
1296881;690118;-2147416546
1296889;690118;-2147416576
1296894;690118;-2147416588
1296946;690150;-2147416636
1296980;690181;-2147416640
1297107;690243;-2147416704
1297114;690243;-2147416771
1297139;690259;-2147416851
1297146;690259;-2147416931
1297147;690259;-2147416952
1297173;690275;-2147416964
1297195;690290;-2147416968
1297203;690290;-2147417208
1297223;690306;-2147417448
1297230;690321;-2147417452
1297291;690353;-2147417516
1297367;690400;-2147417595
1297407;690415;-2147417607
1297500;690462;-2147417616
1297571;690509;-2147417660
1297643;690540;-2147417672
1297658;690556;-2147417684
1297679;690556;-2147417687
1297697;690571;-2147417727
1297713;690587;-2147417748
1297743;690603;-2147417921
1297761;690603;-2147417924
1297769;690618;-2147417928
1297862;690665;-2147417929
1297864;690665;-2147417989
1297968;690728;-2147417993
1297983;690728;-2147418003
1298005;690743;-2147418255
1298080;690774;-2147418265
1298216;690853;-2147418345
1298235;690868;-2147418426
1298265;690884;-2147418474
1298351;690915;-2147418477
1298557;691040;-2147418633
1298566;691040;-2147418636
1298629;691087;-2147418640
1298664;691102;-2147418716
1298689;691118;-2147418920
1298690;691118;-2147418923
1298697;691118;-2147418947
1298763;691149;-2147418948
1298769;691149;-2147418972
1298873;691212;-2147418973
1298924;691243;-2147418982
1298931;691243;-2147418985
1298933;691243;-2147418997
1298947;691243;-2147419064
1298960;691259;-2147419068
1298988;691274;-2147419071
1299074;691321;-2147419085
1299106;691337;-2147419134
1299355;691462;-2147419138
1299370;691477;-2147419162
1299398;691493;-2147419202
1299401;691493;-2147419211
1299452;691524;-2147419214
1299493;691540;-2147419257
1299534;691556;-2147419258
1299537;691556;-2147419294
1299570;691587;-2147419297
1299576;691587;-2147419301
1299600;691602;-2147419341
1299667;691634;-2147419401
1299774;691696;-2147419437
1299957;691790;-2147419441
1299981;691805;-2147419481
1299988;691805;-2147419493
1300011;691821;-2147419529
1300085;691868;-2147419532
1300128;691884;-2147419580
1300149;691899;-2147419584
1300224;691930;-2147419588
1300245;691946;-2147419600
1300312;691993;-2147419612
1300501;692087;-2147419636
1300568;692118;-2147419796
1300586;692134;-2147419832
1300598;692134;-2147419856
1300616;692149;-2147420096
1300692;692196;-2147420144
1300709;692196;-2147420165
1300735;692212;-2147420242
1300755;692227;-2147420245
1300769;692227;-2147420257
1300770;692227;-2147420258
1300772;692227;-2147420282
1300775;692227;-2147420318
1300845;692269;-2147420354
1300865;692284;-2147420357
1300873;692284;-2147420358
1300910;692316;-2147420362
1300913;692316;-2147420602
1300923;692316;-2147420626
1300943;692331;-2147420662
1300949;692331;-2147420665
1300966;692347;-2147420773
1301147;692441;-2147420810
1301363;692566;-2147420886
1301365;692566;-2147420890
1301394;692581;-2147420894
1301451;692612;-2147420934
1301463;692612;-2147420978
1301488;692628;-2147420979
1301521;692644;-2147421031
1301540;692659;-2147421043
1301546;692659;-2147421203
1301573;692675;-2147421206
1301612;692691;-2147421207
1301664;692722;-2147421323
1301690;692737;-2147421387
1301738;692753;-2147421399
1301909;692847;-2147421403
1302035;692925;-2147421404
1302037;692925;-2147421408
1302051;692925;-2147421445
1302132;692972;-2147421461
1302145;692972;-2147421470
1302170;692987;-2147421511
1302240;693034;-2147421514
1302247;693034;-2147421754
1302308;693066;-2147421757
1302337;693081;-2147421933
1302433;693144;-2147421969
1302454;693144;-2147421972
1302471;693159;-2147421981
1302491;693175;-2147422164
1302537;693190;-2147422204
1302583;693222;-2147422205
1302679;693269;-2147422325
1302690;693284;-2147422365
1302733;693300;-2147422369
1302738;693300;-2147422372
1302749;693315;-2147422402
1302777;693331;-2147422403
1302799;693347;-2147422451
1302810;693347;-2147422494
1302812;693347;-2147422504
1302818;693347;-2147422531
1302832;693362;-2147422771
1302880;693394;-2147422783
1302893;693394;-2147422786
1303038;693472;-2147422813
1303053;693472;-2147422817
1303062;693487;-2147422961
1303069;693487;-2147423002
1303174;693550;-2147423014
1303267;693597;-2147423017
1303326;693628;-2147423021
1303361;693644;-2147423060
1303567;693753;-2147423061
1303568;693753;-2147423205
1303653;693800;-2147423206
1303671;693815;-2147423209
1303722;693847;-2147423221
1303785;693878;-2147423237
1303798;693878;-2147423249
1303834;693893;-2147423393
1303866;693909;-2147423412
1304018;694003;-2147423416
1304064;694018;-2147423560
1304143;694065;-2147423620
1304153;694065;-2147423632
1304377;694190;-2147423635
1304572;694300;-2147423644
1304611;694315;-2147423668
1304631;694331;-2147423672
1304767;694409;-2147423780
1304958;694503;-2147424011
1305110;694596;-2147424054
1305169;694628;-2147424097
1305174;694628;-2147424137
1305209;694643;-2147424141
1305256;694659;-2147424381
1305341;694721;-2147424385
1305475;694784;-2147424415
1305492;694799;-2147424418
1305536;694815;-2147424658
1305552;694831;-2147424686
1305584;694846;-2147424690
1305615;694862;-2147424694
1305621;694862;-2147424931
1305623;694862;-2147424971
1305641;694878;-2147425163
1305748;694924;-2147425167
1305772;694940;-2147425359
1305778;694940;-2147425371
1305854;694987;-2147425467
1305915;695034;-2147425470
1305994;695065;-2147425511
1306027;695081;-2147425514
1306068;695112;-2147425515
1306197;695174;-2147425519
1306262;695221;-2147425529
1306358;695268;-2147425532
1306419;695299;-2147425535
1306472;695331;-2147425538
1306476;695331;-2147425578
1306634;695424;-2147425618
1306697;695456;-2147425658
1306758;695487;-2147425682
1306846;695534;-2147425726
1306901;695565;-2147425755
1306904;695565;-2147425795
1306909;695565;-2147425891
1307009;695627;-2147425915
1307062;695643;-2147425954
1307101;695674;-2147425955
1307134;695690;-2147425995
1307170;695706;-2147426043
1307272;695768;-2147426052
1307282;695768;-2147426056
1307283;695768;-2147426308
1307370;695815;-2147426548
1307502;695877;-2147426628
1307554;695909;-2147426823
1307570;695924;-2147426826
1307784;696034;-2147426827
1307797;696034;-2147426837
1308043;696174;-2147426873
1308116;696205;-2147426874
1308283;696299;-2147426914
1308375;696346;-2147426990
1308437;696377;-2147427014
1308522;696424;-2147427018
1308724;696518;-2147427030
1308747;696533;-2147427034
1308790;696565;-2147427038
1309127;696737;-2147427042
1309220;696783;-2147427113
1309263;696815;-2147427497
1309295;696830;-2147427501
1309434;696908;-2147427505
1309444;696908;-2147427546
1309450;696908;-2147427550
1309452;696908;-2147427561
1309584;696987;-2147427564
1309598;696987;-2147427568
1309714;697049;-2147427602
1309872;697143;-2147427605
1310050;697236;-2147427614
1310098;697252;-2147427646
1310185;697299;-2147427647
1310230;697330;-2147427671
1310264;697346;-2147427672
1310746;697611;-2147427675
1310985;697736;-2147427678
1311007;697752;-2147427729
1311126;697814;-2147427759
1311151;697814;-2147427760
1311368;697939;-2147427787
1311695;698111;-2147427788
1311713;698127;-2147427798
1311763;698158;-2147427799
1311811;698174;-2147427803
1312066;698314;-2147427806
1312135;698361;-2147427905
1312175;698377;-2147428001
1312514;698564;-2147428010
1312785;698705;-2147428011
1312817;698720;-2147428051
1312903;698767;-2147428059
1312929;698783;-2147428062
1312983;698814;-2147428105
1313058;698845;-2147428155
1313095;698861;-2147428159
1313115;698877;-2147428169
1313117;698877;-2147428170
1313200;698924;-2147428171
1313260;698955;-2147428172
1313444;699064;-2147428173
1313666;699173;-2147428177
1313775;699236;-2147428217
1313826;699267;-2147428262
1314047;699377;-2147428265
1314194;699455;-2147428268
1314209;699470;-2147428412
1314303;699517;-2147428492
1314335;699533;-2147428732
1314422;699580;-2147428811
1314511;699627;-2147428814
1314655;699705;-2147428854
1314773;699767;-2147428921
1314787;699767;-2147428933
1314940;699861;-2147428957
1315406;700111;-2147429197
1315744;700298;-2147429233
1315760;700314;-2147429237
1315791;700329;-2147429261
1315864;700361;-2147429328
1315882;700376;-2147429346
1316003;700439;-2147429350
1316063;700470;-2147429362
1316351;700626;-2147429406
1316398;700658;-2147429436
1316454;700673;-2147429476
1316464;700689;-2147429479
1316605;700751;-2147429551
1316686;700798;-2147429600
1316706;700814;-2147429840
1316731;700829;-2147429850
1316866;700892;-2147429930
1316982;700954;-2147429931
1317066;701001;-2147430171
1317298;701126;-2147430175
1317362;701157;-2147430223
1317422;701189;-2147430247
1317444;701204;-2147430287
1317525;701251;-2147430323
1317675;701329;-2147430324
1317698;701345;-2147430368
1317800;701392;-2147430371
1317995;701501;-2147430468
1318024;701517;-2147430481
1318169;701595;-2147430532
1318323;701673;-2147430568
1318469;701751;-2147430599
1318539;701782;-2147430600
1318545;701798;-2147430672
1318637;701845;-2147430744
1318767;701907;-2147430768
1318796;701923;-2147430772
1318877;701970;-2147430773
1318884;701970;-2147430776
1318889;701970;-2147430840
1318944;702001;-2147431080
1319014;702048;-2147431110
1319053;702063;-2147431146
1319061;702063;-2147431383
1319111;702095;-2147431623
1319160;702110;-2147431639
1319408;702251;-2147431663
1319419;702267;-2147431699
1319481;702298;-2147431738
1319549;702329;-2147431802
1319675;702392;-2147431803
1320063;702610;-2147431807
1320218;702688;-2147431811
1320304;702735;-2147431857
1320393;702782;-2147431887
1320575;702876;-2147431899
1320614;702891;-2147431903
1320717;702954;-2147431912
1320785;702985;-2147432149
1320841;703016;-2147432186
1320850;703016;-2147432189
1321015;703110;-2147432201
1321102;703157;-2147432222
1321207;703220;-2147432231
1321212;703220;-2147432303
1321286;703252;-2147432306
1321726;703501;-2147432366
1321748;703501;-2147432372
1321774;703517;-2147432376
1321859;703564;-2147432379
1321866;703564;-2147432380
1322001;703642;-2147432428
1322095;703689;-2147432452
1322351;703830;-2147432455
1322558;703939;-2147432602
1322922;704142;-2147432612
1323010;704189;-2147432613
1323027;704189;-2147432617
1323367;704376;-2147432620
1323451;704423;-2147432656
1323777;704595;-2147432848
1324105;704767;-2147432924
1324480;704970;-2147433077
1324530;705001;-2147433101
1324538;705001;-2147433245
1324554;705017;-2147433269
1324691;705079;-2147433277
1324762;705126;-2147433289
1324889;705189;-2147433478
1325025;705267;-2147433479
1325133;705329;-2147433519
1325184;705360;-2147433529
1325303;705407;-2147433625
1325407;705470;-2147433629
1325752;705657;-2147433689
1325973;705782;-2147433699
1325977;705782;-2147433709
1326344;705970;-2147433946
1326375;705985;-2147433958
1326599;706110;-2147433998
1326603;706110;-2147434038
1326717;706173;-2147434039
1326871;706266;-2147434040
1326899;706282;-2147434041
1326954;706313;-2147434044
1326988;706329;-2147434054
1327018;706345;-2147434133
1327045;706360;-2147434137
1327125;706391;-2147434184
1327324;706501;-2147434187
1327510;706610;-2147434217
1327636;706673;-2147434220
1327788;706751;-2147434223
1327948;706844;-2147434226
1327971;706860;-2147434256
1328117;706938;-2147434328
1328235;707001;-2147434388
1328648;707251;-2147434391
1329015;707454;-2147434608
1329149;707532;-2147434620
1329260;707594;-2147434623
1329278;707594;-2147434866
1329456;707697;-2147434875
1329587;707759;-2147434939
1329753;707853;-2147434975
1330031;708009;-2147435015
1330076;708025;-2147435147
1330230;708103;-2147435148
1330317;708150;-2147435228
1330371;708181;-2147435468
1330419;708212;-2147435480
1330603;708306;-2147435491
1330812;708415;-2147435528
1330823;708415;-2147435576
1331029;708525;-2147435600
1331308;708681;-2147435606
1331320;708681;-2147435645
1331648;708853;-2147435725
1331669;708868;-2147435818
1331788;708931;-2147435882
1331852;708962;-2147435954
1331905;708993;-2147435990
1332126;709118;-2147436233
1332626;709384;-2147436313
1332816;709478;-2147436314
1332872;709509;-2147436338
1332964;709556;-2147436339
1333244;709712;-2147436375
1333287;709743;-2147436419
1333316;709759;-2147436483
1333385;709790;-2147436484
1333535;709868;-2147436485
1333553;709884;-2147436492
1333651;709931;-2147436522
1333760;709993;-2147436523
1333886;710071;-2147436543
1334039;710149;-2147436583
1334562;710431;-2147436623
1334655;710477;-2147436632
1334704;710493;-2147436648
1334886;710587;-2147436649
1335504;710930;-2147436749
1335543;710946;-2147436788
1336117;711258;-2147436828
1336297;711352;-2147436878
1336979;711712;-2147436918
1337181;711821;-2147437110
1337428;711946;-2147437114
1337583;712040;-2147437115
1337615;712055;-2147437154
1338042;712274;-2147437224
1338044;712274;-2147437227
1338182;712352;-2147437231
1338303;712414;-2147437235
1338726;712649;-2147437275
1338843;712711;-2147437284
1339401;713006;-2147437288
1340030;713350;-2147437327
1340082;713365;-2147437330
1340614;713662;-2147437336
1341080;713896;-2147437380
1341655;714193;-2147437420
1341836;714287;-2147437456
1341924;714334;-2147437457
1342218;714490;-2147437484
1342389;714584;-2147437502
1342516;714646;-2147437503
1342903;714865;-2147437539
1343252;715052;-2147437540
1343354;715099;-2147437604
1343736;715302;-2147437847
1343952;715427;-2147437856
1343953;715427;-2147438039
1344077;715490;-2147438045
1344524;715724;-2147438046
1344567;715755;-2147438047
1344854;715896;-2147438111
1344916;715943;-2147438158
1345018;715990;-2147438398
1345224;716099;-2147438654
1345386;716193;-2147438655
1345512;716255;-2147438656
1345539;716271;-2147438896
1345877;716458;-2147438935
1346038;716536;-2147438936
1346090;716568;-2147438976
1346254;716661;-2147438986
1346348;716708;-2147438987
1346818;716958;-2147438990
1346824;716974;-2147439029
1346839;716974;-2147439030
1347291;717239;-2147439150
1347342;717255;-2147439153
1347948;717583;-2147439249
1348462;717864;-2147439288
1348499;717880;-2147439289
1348649;717958;-2147439290
1348697;717989;-2147439437
1349063;718177;-2147439461
1349475;718411;-2147439528
1349821;718583;-2147439544
1350650;719020;-2147439553
1350972;719208;-2147439557
1351416;719442;-2147439593
1351587;719536;-2147439596
1352064;719786;-2147439599
1352175;719848;-2147439823
1352190;719848;-2147440027
1352243;719879;-2147440030
1352615;720083;-2147440031
1353407;720520;-2147440071
1353420;720520;-2147440075
1353630;720629;-2147440111
1353776;720707;-2147440190
1354314;721004;-2147440334
1354372;721035;-2147440358
1354483;721082;-2147440362
1354766;721239;-2147440506
1355021;721379;-2147440510
1355596;721676;-2147440511
1355810;721801;-2147440552
1356589;722207;-2147440555
1356640;722238;-2147440598
1356855;722348;-2147440646
1357046;722457;-2147440683
1357181;722520;-2147440755
1357390;722644;-2147440794
1357559;722723;-2147440798
1357804;722863;-2147440834
1358065;723004;-2147440835
1358552;723269;-2147440875
1358579;723285;-2147440974
1358725;723347;-2147441037
1359246;723629;-2147441041
1359460;723738;-2147441077
1359687;723863;-2147441081
1360032;724050;-2147441093
1360203;724144;-2147441103
1361013;724582;-2147441106
1361511;724847;-2147441202
1361517;724847;-2147441226
1362035;725128;-2147441346
1362133;725175;-2147441349
1362542;725394;-2147441589
1362602;725425;-2147441599
1362632;725441;-2147441603
1362701;725488;-2147441606
1362901;725597;-2147441610
1363003;725644;-2147441619
1363783;726066;-2147441623
1364446;726418;-2147441627
1365011;726715;-2147441628
1365101;726777;-2147441652
1365241;726840;-2147441901
1366266;727394;-2147442141
1366395;727472;-2147442187
1366708;727628;-2147442199
1367748;728191;-2147442200
1368885;728784;-2147442224
1369176;728956;-2147442264
1369309;729019;-2147442268
1369624;729191;-2147442269
1369736;729253;-2147442333
1370040;729409;-2147442336
1370178;729487;-2147442340
1370321;729566;-2147442577
1370630;729722;-2147442587
1371371;730128;-2147442626
1371388;730143;-2147442656
1371808;730368;-2147442896
1371814;730368;-2147443088
1372778;730868;-2147443128
1373609;731321;-2147443152
1374456;731764;-2147443328
1374806;731952;-2147443337
1375057;732092;-2147443529
1375076;732092;-2147443577
1375963;732577;-2147443607
1376076;732623;-2147443847
1376083;732639;-2147443857
1376918;733076;-2147444097
1376932;733092;-2147444136
1377014;733139;-2147444283
1377117;733186;-2147444373
1377206;733233;-2147444613
1377556;733436;-2147444619
1377917;733623;-2147444763
1378688;734045;-2147444883
1378822;734107;-2147444919
1379142;734279;-2147444943
1379819;734654;-2147444967
1380092;734795;-2147444991
1380338;734920;-2147445231
1381776;735685;-2147445255
1381943;735779;-2147445264
1382164;735904;-2147445268
1382460;736060;-2147445508
1382732;736201;-2147445748
1383226;736466;-2147445749
1383256;736482;-2147445759
1383361;736544;-2147445783
1383721;736732;-2147445784
1384123;736951;-2147445808
1384703;737263;-2147445847
1385015;737435;-2147445887
1385409;737653;-2147445891
1385804;737857;-2147445930
1386991;738497;-2147445933
1387111;738575;-2147445934
1388409;739263;-2147445937
1389184;739684;-2147446017
1389452;739825;-2147446056
1389565;739887;-2147446065
1390634;740465;-2147446113
1391482;740922;-2147446114
1393055;741766;-2147446153
1393222;741859;-2147446189
1393535;742031;-2147446207
1394070;742328;-2147446231
1394266;742422;-2147446232
1394944;742781;-2147446259
1395540;743109;-2147446299
1400180;745610;-2147446539
1402502;746894;-2147446575
1402526;746894;-2147446578
1402807;747050;-2147446622
1402922;747112;-2147446652
1403543;747456;-2147446691
1403583;747487;-2147446692
1403885;747643;-2147446710
1404147;747768;-2147446714
1405993;748768;-2147446718
1406163;748862;-2147446788
1406753;749174;-2147446814
1407329;749487;-2147446854
1407357;749502;-2147446894
1408245;749971;-2147446907
1409459;750627;-2147446908
1409937;750893;-2147446948
1409983;750908;-2147446951
1410691;751299;-2147446954
1411121;751533;-2147446995
1411375;751674;-2147447035
1411800;751909;-2147447072
1412203;752128;-2147447153
1412541;752300;-2147447154
1413041;752581;-2147447274
1413508;752831;-2147447322
1413889;753034;-2147447326
1415288;753784;-2147447353
1416353;754362;-2147447354
1417396;754909;-2147447594
1417920;755190;-2147447630
1417959;755205;-2147447870
1418077;755268;-2147448113
1420529;756572;-2147448353
1420777;756712;-2147448593
1422004;757368;-2147448594
1422975;757884;-2147448658
1424573;758743;-2147448659
1424574;758743;-2147448899
1425639;759305;-2147449139
1425777;759384;-2147449149
1425994;759493;-2147449189
1426301;759649;-2147449190
1427497;760290;-2147449414
1428259;760696;-2147449418
1428579;760868;-2147449457
1428783;760977;-2147449469
1429127;761164;-2147449533
1430866;762089;-2147449534
1432098;762761;-2147449570
1432951;763214;-2147449594
1434378;763964;-2147449834
1434480;764026;-2147449882
1434825;764198;-2147450026
1435255;764417;-2147450029
1436656;765151;-2147450069
1437308;765510;-2147450109
1438650;766220;-2147450110
1439783;766829;-2147450218
1440181;767032;-2147450222
1440363;767142;-2147450462
1442234;768141;-2147450463
1442845;768454;-2147450473
1443278;768688;-2147450474
1443518;768813;-2147450478
1444028;769094;-2147450578
1444131;769157;-2147450582
1448262;771345;-2147450626
1449930;772235;-2147450636
1450840;772735;-2147450676
1451379;773016;-2147450716
1453342;774063;-2147450719
1459193;777187;-2147450723
1462530;778979;-2147450747
1463710;779620;-2147450750
1464394;779995;-2147450751
1465066;780338;-2147450755
1465505;780573;-2147450779
1466259;780979;-2147450843
1466452;781073;-2147450883
1467295;781526;-2147450958
1467612;781697;-2147451102
1469784;782844;-2147451112
1470166;783048;-2147451136
1471624;783829;-2147451160
1473734;784953;-2147451240
1476417;786404;-2147451279
1476713;786561;-2147451339
1477823;787170;-2147451479
1479036;787826;-2147451519
1480604;788685;-2147451562
1483030;789961;-2147451563
1484129;790555;-2147451707
1485950;791539;-2147451713
1486966;792085;-2147451753
1487178;792210;-2147451792
1488775;793063;-2147451793
1489244;793313;-2147451794
1490650;794078;-2147451795
1491038;794281;-2147451825
1491149;794344;-2147451826
1491512;794531;-2147451830
1494307;796031;-2147452067
1494462;796125;-2147452110
1495087;796453;-2147452146
1496574;797250;-2147452186
1497191;797578;-2147452222
1497929;797968;-2147452262
1502312;800309;-2147452292
1503106;800747;-2147452332
1505340;801949;-2147452335
1505812;802199;-2147452359
1506302;802465;-2147452396
1507231;802965;-2147452633
1507292;802996;-2147452670
1513336;806246;-2147452910
1517468;808449;-2147452950
1520692;810167;-2147452951
1525024;812495;-2147452963
1525954;812983;-2147452999
1527383;813748;-2147453143
1533669;817119;-2147453193
1535597;818146;-2147453194
1536672;818724;-2147453218
1538035;819458;-2147453219
1541806;821473;-2147453259
1543748;822520;-2147453265
1544066;822692;-2147453505
1545905;823660;-2147453521
1546732;824113;-2147453522
1547035;824269;-2147453546
1549968;825832;-2147453549
1557555;829879;-2147453550
1557758;829989;-2147453622
1566187;834492;-2147453623
1566425;834633;-2147453863
1573994;838675;-2147453869
1574236;838800;-2147453887
1584291;844189;-2147454127
1585728;844963;-2147454137
1586696;845479;-2147454138
1586759;845510;-2147454182
1587040;845666;-2147454218
1606075;855889;-2147454257
1611651;858852;-2147454281
1613221;859716;-2147454425
1619302;862967;-2147454489
1622947;864911;-2147454553
1623253;865067;-2147454599
1627190;867192;-2147454791
1631270;869405;-2147454863
1632784;870202;-2147454887
1635335;871577;-2147454888
1639256;873670;-2147454891
1643776;876104;-2147454975
1660678;885171;-2147454976
1662501;886143;-2147455013
1664488;887189;-2147455253
1665697;887845;-2147455493
1669592;889974;-2147455532
1673679;892178;-2147455676
1674212;892459;-2147455715
1674614;892678;-2147455718
1677015;893959;-2147455736
1681384;896291;-2147455976
1682689;896979;-2147456056
1684830;898134;-2147456057
1689932;900886;-2147456141
1701227;906919;-2147456145
1703494;908137;-2147456385
1706241;909606;-2147456625
1707696;910371;-2147456865
1707895;910480;-2147457105
1713992;913759;-2147457201
1718932;916384;-2147457237
1726589;920462;-2147457286
1727011;920681;-2147457326
1735575;925289;-2147457327
1740244;927773;-2147457403
1744819;930234;-2147457407
1745327;930500;-2147457447
1762154;939547;-2147457487
1762841;939907;-2147457491
1762898;939938;-2147457731
1763907;940500;-2147457732
1769625;943562;-2147457759
1775052;946483;-2147457762
1775476;946718;-2147458002
1777368;947733;-2147458003
1779782;949025;-2147458243
1795681;957544;-2147458483
1820973;971088;-2147458723
1826349;973962;-2147458963
1831902;976946;-2147458973
1844409;983616;-2147459213
1894108;1010245;-2147459252
1896371;1011510;-2147459264
1912785;1020308;-2147459270
1914718;1021339;-2147459318
3646181;1927540;-2147459495
3663401;1936704;-2147459531
3675407;1943130;-2147459723
3746607;1981214;-2147459727
3851490;2037218;-2147459948
3914013;2070658;-2147459987
3955461;2092814;-2147460031
7106843;3736716;-2147460123
7108723;3737731;-2147460147
7143067;3756093;-2147460187
7151943;3760839;-2147460267
7172635;3771853;-2147460387
7179623;3775587;-2147460388
7205312;3789329;-2147460394
7215586;3794825;-2147460634
7234851;3805145;-2147460635
7235735;3805613;-2147460811
7244363;3810310;-2147460851
7257126;3817111;-2147460854
7257320;3817205;-2147460864
7258768;3817986;-2147460904
7266337;3822047;-2147460922
7266412;3822094;-2147460928
7274346;3826323;-2147461168
7281742;3830295;-2147461195
7283152;3831061;-2147461207
7358281;3871253;-2147461450
7398488;3892813;-2147461690
7485460;3939522;-2147461730
7513655;3954631;-2147461769
7739685;4075704;-2147461770
7745006;4078563;-2147461774
7753182;4082937;-2147461820
7827728;4122768;-2147461859
7894219;4158433;-2147461860
7916850;4170544;-2147461861
7921268;4172918;-2147461900
7980282;4204531;-2147461904
7998916;4214520;-2147461905
21581476;11325847;-2147462022
21656812;11366403;-2147462066
21794853;11440812;-2147462126
21917511;11506928;-2147462165
22246225;11683998;-2147462168
22300190;11712977;-2147462312
22344615;11736859;-2147462313
22345258;11737203;-2147462553
22410499;11772335;-2147462556
22452449;11795000;-2147462582
22472545;11805873;-2147462585
22499803;11820651;-2147462649
22500266;11820901;-2147462650
22503228;11822510;-2147462890
22789322;11976417;-2147463130
22792151;11977917;-2147463133
22875573;12022650;-2147463140
22922060;12047540;-2147463284
22923376;12048258;-2147463323
22953381;12064271;-2147463359
22980741;12078959;-2147463362
23167499;12179129;-2147463398
23529790;12372983;-2147463622
#
# name: Hill Climbing RS
# algorithm_class: solver.HillClimbingWithRS
# instance: pu-llr-spr17
# seed: -9096222798323078036
# bestF: 20026
# DTF: 0
# cost: 20026
# startTime: 1767594234970
# totalTime: 14400012
# totalFEs: 27385611
# maxFEs: 9223372036854775807
# maxMilliSeconds: 14400000
# maxSeconds: 14400
#
<?xml version="1.0" encoding="UTF-8" standalone="no"?>
<solution author="Team Abdipoor" cores="1" country="China and Malaysia" institution="Bejing/Hefei/Malaysia" name="pu-llr-spr17" runtime="14400" technique="hillclimbingwithrs">
    <class days="0010000" id="1" room="14" start="90" weeks="0000000011111110"/>
    <class days="0101000" id="2" room="44" start="108" weeks="1111111111111110"/>
    <class days="1010100" id="3" room="70" start="174" weeks="1111111111111110"/>
    <class days="1010100" id="4" room="70" start="114" weeks="1111111111111110"/>
    <class days="0010000" id="5" room="14" start="90" weeks="1111111100000000"/>
    <class days="0101000" id="6" room="13" start="144" weeks="1111111111111110"/>
    <class days="1010100" id="7" room="3" start="186" weeks="1111111111111110"/>
    <class days="1000000" id="8" room="49" start="114" weeks="1011111111111110"/>
    <class days="1010100" id="9" room="4" start="174" weeks="1111111111111110"/>
    <class days="1000000" id="10" room="44" start="150" weeks="1011111111111110"/>
    <class days="1010100" id="11" room="45" start="102" weeks="1111111111111110"/>
    <class days="0101000" id="12" room="38" start="126" weeks="1111111111111110"/>
    <class days="1010100" id="13" room="29" start="138" weeks="1111111111111110"/>
    <class days="1010100" id="14" room="3" start="102" weeks="1111111111111110"/>
    <class days="1010100" id="15" room="29" start="162" weeks="1111111111111110"/>
    <class days="1000000" id="16" room="44" start="174" weeks="1011111111111110"/>
    <class days="0001000" id="17" room="70" start="162" weeks="1111111111111110"/>
    <class days="0100000" id="18" room="20" start="90" weeks="1111111111111110"/>
    <class days="0000100" id="19" room="20" start="90" weeks="1111111111111110"/>
    <class days="1010100" id="20" room="20" start="126" weeks="1111111111111110"/>
    <class days="0010100" id="21" room="39" start="198" weeks="1111111111111110"/>
    <class days="0101000" id="22" room="49" start="150" weeks="1111111111111110"/>
    <class days="0001000" id="23" room="39" start="102" weeks="1111111111111110"/>
    <class days="0101000" id="24" room="20" start="126" weeks="1111111111111110"/>
    <class days="0010000" id="25" room="20" start="162" weeks="1111111111111110"/>
    <class days="0101000" id="26" room="20" start="108" weeks="1111111111111110"/>
    <class days="1010100" id="27" room="38" start="138" weeks="1111111111111110"/>
    <class days="0101000" id="28" room="20" start="180" weeks="1111111111111110"/>
    <class days="0101000" id="29" room="73" start="144" weeks="1111111111111110"/>
    <class days="0101000" id="30" room="24" start="90" weeks="1111111111111110"/>
    <class days="1010100" id="31" room="5" start="150" weeks="1111111111111110"/>
    <class days="1000000" id="32" room="46" start="138" weeks="1011111111111110"/>
    <class days="0101000" id="33" room="2" start="126" weeks="1111111111111110"/>
    <class days="1010100" id="34" room="19" start="174" weeks="1111111111111110"/>
    <class days="1010100" id="35" room="6" start="126" weeks="1111111111111110"/>
    <class days="0101000" id="36" room="74" start="144" weeks="1111111111111110"/>
    <class days="0101000" id="37" room="74" start="162" weeks="1111111111111110"/>
    <class days="0010000" id="38" room="25" start="216" weeks="1111111111111110"/>
    <class days="0101000" id="39" room="21" start="144" weeks="1111111111111110"/>
    <class days="0101000" id="40" room="21" start="162" weeks="1111111111111110"/>
    <class days="1010100" id="41" room="37" start="114" weeks="1111111111111110"/>
    <class days="0101000" id="42" room="17" start="180" weeks="1111111111111110"/>
    <class days="0101000" id="43" room="17" start="108" weeks="1111111111111110"/>
    <class days="1010100" id="44" room="33" start="90" weeks="1111111111111110"/>
    <class days="0101000" id="45" room="34" start="144" weeks="1111111111111110"/>
    <class days="1010100" id="46" room="17" start="162" weeks="1111111111111110"/>
    <class days="1010100" id="47" room="17" start="126" weeks="1111111111111110"/>
    <class days="0101000" id="48" room="17" start="126" weeks="1111111111111110"/>
    <class days="0101000" id="49" room="17" start="162" weeks="1111111111111110"/>
    <class days="1010100" id="50" room="17" start="138" weeks="1111111111111110"/>
    <class days="0101000" id="51" room="34" start="162" weeks="1111111111111110"/>
    <class days="0101000" id="52" room="24" start="144" weeks="1111111111111110"/>
    <class days="1010000" id="53" room="17" start="114" weeks="1111111111111110"/>
    <class days="1010100" id="54" room="17" start="174" weeks="1111111111111110"/>
    <class days="0100000" id="55" room="22" start="108" weeks="1111111111111110"/>
    <class days="0001000" id="56" room="53" start="162" weeks="1111111111111110"/>
    <class days="0001000" id="57" room="68" start="180" weeks="1111111111111110"/>
    <class days="1010000" id="58" room="17" start="150" weeks="1111111111111110"/>
    <class days="0101000" id="59" room="22" start="138" weeks="1111111111111110"/>
    <class days="0100000" id="60" room="43" start="102" weeks="1111110000000000"/>
    <class days="0100000" id="61" start="102" weeks="1111111111111110"/>
    <class days="1010100" id="62" room="43" start="150" weeks="1111111111111110"/>
    <class days="1010100" id="63" room="35" start="114" weeks="1111111111111110"/>
    <class days="1010100" id="64" room="43" start="114" weeks="1111111111111110"/>
    <class days="0100000" id="65" room="74" start="114" weeks="1111111111111110"/>
    <class days="0101000" id="66" room="7" start="114" weeks="1111111111111110"/>
    <class days="1010100" id="67" room="25" start="174" weeks="1111111111111110"/>
    <class days="0001000" id="68" room="37" start="108" weeks="1111111111111110"/>
    <class days="0101000" id="69" room="41" start="114" weeks="1111111111111110"/>
    <class days="1010000" id="70" room="58" start="114" weeks="1111111100000000"/>
    <class days="1010000" id="71" room="58" start="102" weeks="1111111100000000"/>
    <class days="1111000" id="72" room="67" start="174" weeks="1111111111111110"/>
    <class days="0100000" id="73" room="41" start="126" weeks="1111111111111110"/>
    <class days="1010100" id="74" room="41" start="126" weeks="1111111111111110"/>
    <class days="1010000" id="75" room="41" start="114" weeks="1111111111111110"/>
    <class days="1010000" id="76" room="41" start="138" weeks="1111111111111110"/>
    <class days="1010000" id="77" room="41" start="162" weeks="1111111111111110"/>
    <class days="1010100" id="78" room="67" start="150" weeks="1111111111111110"/>
    <class days="0001000" id="79" room="41" start="150" weeks="1111111111111110"/>
    <class days="1010000" id="80" room="43" start="162" weeks="1111111111111110"/>
    <class days="0101000" id="81" room="26" start="102" weeks="1111111111111110"/>
    <class days="1010000" id="82" room="35" start="102" weeks="1111111111111110"/>
    <class days="0101000" id="83" room="25" start="180" weeks="1111111111111110"/>
    <class days="0101000" id="84" room="15" start="144" weeks="1111111111111110"/>
    <class days="0101000" id="85" room="26" start="162" weeks="1111111111111110"/>
    <class days="0101000" id="86" room="52" start="180" weeks="1111111111111110"/>
    <class days="0101000" id="87" room="55" start="126" weeks="1111111111111110"/>
    <class days="1010000" id="88" room="63" start="150" weeks="1111111111111110"/>
    <class days="0100000" id="89" room="4" start="234" weeks="1111111110000000"/>
    <class days="1000000" id="90" start="234" weeks="1011111110000000"/>
    <class days="0001000" id="91" start="234" weeks="1111111110000000"/>
    <class days="0010000" id="92" start="234" weeks="1111111110000000"/>
    <class days="1000000" id="93" start="234" weeks="1011111110000000"/>
    <class days="0010000" id="94" start="234" weeks="1111111110000000"/>
    <class days="0100000" id="95" start="234" weeks="1111111110000000"/>
    <class days="0001000" id="96" start="234" weeks="1111111110000000"/>
    <class days="0100000" id="97" start="246" weeks="0000000001111110"/>
    <class days="1000000" id="98" start="246" weeks="0000000001111110"/>
    <class days="0001000" id="99" start="246" weeks="0000000001111110"/>
    <class days="0010000" id="100" start="246" weeks="0000000001111110"/>
    <class days="1000000" id="101" start="246" weeks="0000000001111110"/>
    <class days="0010000" id="102" start="246" weeks="0000000001111110"/>
    <class days="0100000" id="103" start="246" weeks="0000000001111110"/>
    <class days="0001000" id="104" start="246" weeks="0000000001111110"/>
    <class days="1010100" id="105" room="70" start="150" weeks="1111111111111110"/>
    <class days="0101000" id="106" room="5" start="114" weeks="1111111111111110"/>
    <class days="1000100" id="107" room="5" start="162" weeks="1111111111111110"/>
    <class days="0101000" id="108" room="5" start="174" weeks="1111111111111110"/>
    <class days="1010100" id="109" room="67" start="138" weeks="1111111111111110"/>
    <class days="1010100" id="110" room="65" start="126" weeks="1111111111111110"/>
    <class days="0101000" id="111" room="5" start="138" weeks="1111111111111110"/>
    <class days="0101000" id="112" room="65" start="108" weeks="1111111111111110"/>
    <class days="1010100" id="113" room="5" start="102" weeks="1111111111111110"/>
    <class days="0101000" id="114" room="55" start="108" weeks="1111111111111110"/>
    <class days="1010000" id="115" room="24" start="102" weeks="1111111111111110"/>
    <class days="0000100" id="116" room="24" start="102" weeks="1111111111111110"/>
    <class days="1010000" id="117" room="60" start="102" weeks="1111111111111110"/>
    <class days="1000000" id="118" room="72" start="186" weeks="1011111111111110"/>
    <class days="0010100" id="119" room="72" start="186" weeks="1111111111111110"/>
    <class days="1010000" id="120" room="15" start="126" weeks="1111111111111110"/>
    <class days="0101000" id="121" room="75" start="186" weeks="1111111111111110"/>
    <class days="0000100" id="122" room="50" start="138" weeks="1111111111111110"/>
    <class days="0001000" id="123" room="41" start="138" weeks="1111111111111110"/>
    <class days="0100000" id="124" room="41" start="138" weeks="1111111111111110"/>
    <class days="1010000" id="125" room="15" start="102" weeks="1111111111111110"/>
    <class days="1000100" id="126" room="54" start="138" weeks="1111111111111110"/>
    <class days="0010000" id="127" room="4" start="138" weeks="1111111111111110"/>
    <class days="0000100" id="128" room="4" start="138" weeks="1111111111111110"/>
    <class days="1010100" id="129" room="54" start="162" weeks="1111111111111110"/>
    <class days="0101000" id="130" room="15" start="180" weeks="1111111111111110"/>
    <class days="1010000" id="131" room="34" start="126" weeks="1111111111111110"/>
    <class days="0000100" id="132" room="8" start="114" weeks="1111111111111110"/>
    <class days="0000100" id="133" room="8" start="198" weeks="1111111111111110"/>
    <class days="0000100" id="134" room="8" start="174" weeks="1111111111111110"/>
    <class days="0000100" id="135" room="8" start="150" weeks="1111111111111110"/>
    <class days="0000100" id="136" room="8" start="90" weeks="1111111111111110"/>
    <class days="0000100" id="137" room="8" start="186" weeks="1111111111111110"/>
    <class days="0000100" id="138" room="34" start="126" weeks="1111111111111110"/>
    <class days="0101000" id="139" room="51" start="102" weeks="1111111111111110"/>
    <class days="0101000" id="140" start="150" weeks="1111111111111110"/>
    <class days="1010000" id="141" start="150" weeks="1111111111111110"/>
    <class days="0101000" id="142" start="102" weeks="1111111111111110"/>
    <class days="0101000" id="143" start="150" weeks="1111111111111110"/>
    <class days="1010100" id="144" room="51" start="186" weeks="1111111111111110"/>
    <class days="1010100" id="145" start="186" weeks="1111111111111110"/>
    <class days="1000000" id="146" room="43" start="222" weeks="1000000000000000"/>
    <class days="0101000" id="147" room="51" start="90" weeks="1111111111111110"/>
    <class days="0101000" id="148" room="51" start="114" weeks="1111111111111110"/>
    <class days="0101000" id="149" start="90" weeks="1111111111111110"/>
    <class days="0101000" id="150" start="114" weeks="1111111111111110"/>
    <class days="1000000" id="151" room="43" start="126" weeks="1011111111111110"/>
    <class days="1000000" id="152" room="43" start="138" weeks="1011111111111110"/>
    <class days="1000000" id="153" room="43" start="174" weeks="1011111111111110"/>
    <class days="0000100" id="154" room="43" start="126" weeks="1111111111111110"/>
    <class days="0000100" id="155" room="43" start="138" weeks="1111111111111110"/>
    <class days="0000100" id="156" room="43" start="174" weeks="1111111111111110"/>
    <class days="0000100" id="157" room="51" start="150" weeks="1111111111111110"/>
    <class days="1010100" id="158" room="51" start="162" weeks="1111111111111110"/>
    <class days="1010100" id="159" room="51" start="174" weeks="1111111111111110"/>
    <class days="1000000" id="160" room="51" start="150" weeks="1011111111111110"/>
    <class days="0101000" id="161" room="51" start="138" weeks="1111111111111110"/>
    <class days="0000100" id="162" room="71" start="150" weeks="1111111111111110"/>
    <class days="0000100" id="163" room="71" start="162" weeks="1111111111111110"/>
    <class days="0101000" id="164" room="51" start="162" weeks="1111111111111110"/>
    <class days="0101000" id="165" room="53" start="126" weeks="1111111111111110"/>
    <class days="0010000" id="166" room="41" start="210" weeks="1111111111111110"/>
    <class days="1010100" id="167" room="48" start="138" weeks="1111111111111110"/>
    <class days="0101000" id="168" room="71" start="162" weeks="1111111111111110"/>
    <class days="1010100" id="169" room="28" start="126" weeks="1111111111111110"/>
    <class days="0101000" id="170" room="9" start="162" weeks="1111111111111110"/>
    <class days="0101000" id="171" room="41" start="180" weeks="1111111111111110"/>
    <class days="1010100" id="172" room="53" start="150" weeks="1111111111111110"/>
    <class days="0101000" id="173" room="71" start="126" weeks="1111111111111110"/>
    <class days="1010100" id="174" room="9" start="138" weeks="1111111111111110"/>
    <class days="0010000" id="175" room="18" start="186" weeks="1111111111111110"/>
    <class days="0101000" id="176" room="18" start="144" weeks="1111111111111110"/>
    <class days="1010100" id="177" room="18" start="162" weeks="1111111111111110"/>
    <class days="1010000" id="178" room="1" start="114" weeks="1111111111111110"/>
    <class days="0010000" id="179" room="18" start="114" weeks="1111111111111110"/>
    <class days="0010000" id="180" room="18" start="126" weeks="1111111111111110"/>
    <class days="1000000" id="181" room="16" start="192" weeks="1011111111111110"/>
    <class days="1000000" id="182" room="14" start="90" weeks="1011111111111110"/>
    <class days="1000000" id="183" room="14" start="126" weeks="1011111111111110"/>
    <class days="0010000" id="184" room="14" start="114" weeks="1111111111111110"/>
    <class days="0001000" id="185" room="14" start="162" weeks="1111111111111110"/>
    <class days="1010000" id="186" room="14" start="138" weeks="1111111111111110"/>
    <class days="0000100" id="187" room="14" start="126" weeks="1111111111111110"/>
    <class days="0001000" id="188" room="14" start="90" weeks="1111111111111110"/>
    <class days="1010100" id="189" room="67" start="114" weeks="1111111111111110"/>
    <class days="1010100" id="190" room="6" start="138" weeks="1111111111111110"/>
    <class days="1010000" id="191" room="24" start="90" weeks="1111111111111110"/>
    <class days="0000100" id="192" room="24" start="90" weeks="1111111111111110"/>
    <class days="1010100" id="193" room="29" start="150" weeks="1111111111111110"/>
    <class days="0010000" id="194" room="6" start="186" weeks="1111111111111110"/>
    <class days="1010100" id="195" room="57" start="150" weeks="1111111111111110"/>
    <class days="1010100" id="196" room="57" start="114" weeks="1111111111111110"/>
    <class days="1010000" id="197" room="4" start="126" weeks="1111111111111110"/>
    <class days="0000100" id="198" room="4" start="126" weeks="1111111111111110"/>
    <class days="0000100" id="199" room="22" start="126" weeks="1111111111111110"/>
    <class days="1010000" id="200" room="29" start="126" weeks="1111111111111110"/>
    <class days="1000100" id="201" room="55" start="138" weeks="1111111111111110"/>
    <class days="0010000" id="202" room="22" start="138" weeks="1111111111111110"/>
    <class days="1010100" id="203" room="22" start="102" weeks="1111111111111110"/>
    <class days="0101000" id="204" room="11" start="144" weeks="1111111111111110"/>
    <class days="1010100" id="205" room="70" start="102" weeks="1111111111111110"/>
    <class days="1010000" id="206" room="11" start="102" weeks="1111111111111110"/>
    <class days="0000100" id="207" room="11" start="102" weeks="1111111111111110"/>
    <class days="0000100" id="208" room="11" start="186" weeks="1111111111111110"/>
    <class days="0101000" id="209" room="70" start="108" weeks="1111111111111110"/>
    <class days="1010100" id="210" room="6" start="114" weeks="1111111111111110"/>
    <class days="1010100" id="211" room="57" start="162" weeks="1111111111111110"/>
    <class days="1010100" id="212" room="6" start="150" weeks="1111111111111110"/>
    <class days="0101000" id="213" room="11" start="102" weeks="1111111111111110"/>
    <class days="0100000" id="214" room="11" start="186" weeks="1111111111111110"/>
    <class days="0100000" id="215" room="11" start="198" weeks="1111111111111110"/>
    <class days="0001000" id="216" room="11" start="186" weeks="1111111111111110"/>
    <class days="1010100" id="217" room="11" start="126" weeks="1111111111111110"/>
    <class days="1010000" id="218" room="44" start="162" weeks="1111111111111110"/>
    <class days="1010000" id="219" room="55" start="186" weeks="1111111111111110"/>
    <class days="0101000" id="220" room="26" start="114" weeks="1111111111111110"/>
    <class days="1000000" id="221" room="34" start="102" weeks="1011111111111110"/>
    <class days="0010000" id="222" room="34" start="102" weeks="1111111111111110"/>
    <class days="0010000" id="223" room="33" start="198" weeks="1111111111111110"/>
    <class days="1000000" id="224" room="33" start="198" weeks="1011111111111110"/>
    <class days="0100000" id="225" room="33" start="90" weeks="1111111111111110"/>
    <class days="0001000" id="226" room="33" start="90" weeks="1111111111111110"/>
    <class days="0101000" id="227" room="20" start="198" weeks="1111111111111110"/>
    <class days="1010000" id="228" room="54" start="126" weeks="1111111111111110"/>
    <class days="1010100" id="229" room="22" start="162" weeks="1111111111111110"/>
    <class days="1010100" id="230" room="22" start="174" weeks="1111111111111110"/>
    <class days="0100000" id="231" room="3" start="198" weeks="1111111111111110"/>
    <class days="1010100" id="232" room="3" start="126" weeks="1111111111111110"/>
    <class days="1010100" id="233" room="66" start="102" weeks="1111111111111110"/>
    <class days="0010000" id="234" room="66" start="186" weeks="1111111111111110"/>
    <class days="1010100" id="235" room="3" start="114" weeks="1111111111111110"/>
    <class days="1010100" id="236" room="51" start="138" weeks="1111111111111110"/>
    <class days="1010100" id="237" room="26" start="126" weeks="1111111111111110"/>
    <class days="1010100" id="238" room="3" start="150" weeks="1111111111111110"/>
    <class days="1010100" id="239" room="66" start="174" weeks="1111111111111110"/>
    <class days="1000000" id="240" room="66" start="198" weeks="1011111111111110"/>
    <class days="1010100" id="241" room="66" start="138" weeks="1111111111111110"/>
    <class days="0101000" id="242" room="66" start="180" weeks="1111111111111110"/>
    <class days="0101000" id="243" room="33" start="126" weeks="1111111111111110"/>
    <class days="0101000" id="244" room="33" start="162" weeks="1111111111111110"/>
    <class days="0101000" id="245" room="33" start="174" weeks="1111111111111110"/>
    <class days="0101000" id="246" room="33" start="138" weeks="1111111111111110"/>
    <class days="0101000" id="247" room="33" start="150" weeks="1111111111111110"/>
    <class days="1010000" id="248" room="33" start="126" weeks="1111111111111110"/>
    <class days="1010000" id="249" room="33" start="138" weeks="1111111111111110"/>
    <class days="1010000" id="250" room="33" start="174" weeks="1111111111111110"/>
    <class days="1010000" id="251" room="33" start="186" weeks="1111111111111110"/>
    <class days="0000100" id="252" room="33" start="126" weeks="1111111111111110"/>
    <class days="0000100" id="253" room="33" start="138" weeks="1111111111111110"/>
    <class days="0000100" id="254" room="33" start="174" weeks="1111111111111110"/>
    <class days="0000100" id="255" room="33" start="186" weeks="1111111111111110"/>
    <class days="1010100" id="256" room="55" start="102" weeks="1111111111111110"/>
    <class days="0000100" id="257" room="68" start="114" weeks="1111111111111110"/>
    <class days="1010100" id="258" room="55" start="126" weeks="1111111111111110"/>
    <class days="1010100" id="259" room="33" start="114" weeks="1111111111111110"/>
    <class days="0001000" id="260" room="1" start="102" weeks="1111111111111110"/>
    <class days="0001000" id="261" room="1" start="162" weeks="1111111111111110"/>
    <class days="0001000" id="262" room="22" start="102" weeks="1111111111111110"/>
    <class days="0001000" id="263" room="65" start="126" weeks="1111111111111110"/>
    <class days="1010100" id="264" room="33" start="102" weeks="1111111111111110"/>
    <class days="0100000" id="265" room="40" start="102" weeks="1111111111111110"/>
    <class days="0100000" id="266" room="40" start="126" weeks="1111111111111110"/>
    <class days="1010100" id="267" room="55" start="198" weeks="1111111111111110"/>
    <class days="1010100" id="268" room="33" start="162" weeks="1111111111111110"/>
    <class days="1010100" id="269" room="55" start="162" weeks="1111111111111110"/>
    <class days="1010100" id="270" room="65" start="102" weeks="1111111111111110"/>
    <class days="1010100" id="271" room="55" start="114" weeks="1111111111111110"/>
    <class days="1010100" id="272" room="62" start="114" weeks="1111111111111110"/>
    <class days="1010100" id="273" room="26" start="162" weeks="1111111111111110"/>
    <class days="1010100" id="274" room="74" start="162" weeks="1111111111111110"/>
    <class days="1101100" id="275" room="55" start="150" weeks="1111111111111110"/>
    <class days="1010100" id="276" room="1" start="138" weeks="1111111111111110"/>
    <class days="1010100" id="277" room="19" start="114" weeks="1111111111111110"/>
    <class days="0101000" id="278" room="68" start="126" weeks="1111111111111110"/>
    <class days="0101000" id="279" room="19" start="126" weeks="1111111111111110"/>
    <class days="0100000" id="280" room="40" start="186" weeks="1111111111111110"/>
    <class days="0100000" id="281" room="55" start="198" weeks="1111111111111110"/>
    <class days="0001000" id="282" room="55" start="198" weeks="1111111111111110"/>
    <class days="1010100" id="283" room="35" start="126" weeks="1111111111111110"/>
    <class days="1010100" id="284" room="15" start="150" weeks="1111111111111110"/>
    <class days="0101000" id="285" room="15" start="126" weeks="1111111111111110"/>
    <class days="1010100" id="286" room="73" start="138" weeks="1111111111111110"/>
    <class days="0101000" id="287" room="71" start="108" weeks="1111111111111110"/>
    <class days="0101000" id="288" room="57" start="186" weeks="1111111111111110"/>
    <class days="1000100" id="289" room="5" start="126" weeks="1111111111111110"/>
    <class days="1000100" id="290" room="5" start="114" weeks="1111111111111110"/>
    <class days="1000100" id="291" room="3" start="162" weeks="1111111111111110"/>
    <class days="1010000" id="292" room="66" start="162" weeks="1111111111111110"/>
    <class days="0101000" id="293" room="13" start="174" weeks="1111111111111110"/>
    <class days="0010100" id="294" room="74" start="186" weeks="1111111111111110"/>
    <class days="1010000" id="295" room="74" start="174" weeks="1111111111111110"/>
    <class days="1010100" id="296" room="13" start="150" weeks="1111111111111110"/>
    <class days="1010000" id="297" room="19" start="162" weeks="1111111111111110"/>
    <class days="0101000" id="298" room="58" start="126" weeks="1111111111111110"/>
    <class days="1010000" id="299" room="61" start="102" weeks="1111111111111110"/>
    <class days="0101000" id="300" room="75" start="144" weeks="1111111111111110"/>
    <class days="0010100" id="301" room="49" start="150" weeks="1111111100000000"/>
    <class days="1010000" id="302" room="49" start="150" weeks="0000000011111110"/>
    <class days="0101000" id="303" room="60" start="150" weeks="1111111111111110"/>
    <class days="0101000" id="304" room="54" start="162" weeks="1111111111111110"/>
    <class days="0101000" id="305" room="43" start="114" weeks="1111111111111110"/>
    <class days="1010000" id="306" room="35" start="150" weeks="1111111111111110"/>
    <class days="0101000" id="307" room="7" start="162" weeks="1111111111111110"/>
    <class days="0101000" id="308" room="35" start="126" weeks="1111111111111110"/>
    <class days="1010000" id="309" room="25" start="138" weeks="1111111111111110"/>
    <class days="0101000" id="310" room="34" start="180" weeks="1111111111111110"/>
    <class days="0100000" id="311" room="25" start="114" weeks="1111111111111110"/>
    <class days="0100000" id="312" room="16" start="114" weeks="1111100000000000"/>
    <class days="0001000" id="313" room="14" start="114" weeks="1111100000000000"/>
    <class days="0010000" id="314" room="14" start="126" weeks="1111111111111110"/>
    <class days="0000100" id="315" room="14" start="114" weeks="1111111111111110"/>
    <class days="0010000" id="316" room="16" start="174" weeks="1111111100000000"/>
    <class days="0101000" id="317" room="16" start="162" weeks="1111111111111110"/>
    <class days="0010000" id="318" room="14" start="162" weeks="1111111111111110"/>
    <class days="1000000" id="319" room="14" start="174" weeks="1011111111111110"/>
    <class days="1000000" id="320" room="14" start="162" weeks="1011111111111110"/>
    <class days="0001000" id="321" room="14" start="126" weeks="1111111111111110"/>
    <class days="1000000" id="322" room="16" start="126" weeks="1011111100000000"/>
    <class days="1000000" id="323" room="22" start="138" weeks="1011111111111110"/>
    <class days="1000000" id="324" room="58" start="150" weeks="1011111111111110"/>
    <class days="0101000" id="325" room="72" start="114" weeks="1111111111111110"/>
    <class days="0101000" id="326" room="51" start="150" weeks="1111111111111110"/>
    <class days="0010100" id="327" room="63" start="198" weeks="1111111111111110"/>
    <class days="0101000" id="328" room="63" start="186" weeks="1111111111111110"/>
    <class days="0101000" id="329" room="33" start="198" weeks="1111111111111110"/>
    <class days="0100000" id="330" room="72" start="150" weeks="1111111111111110"/>
    <class days="1000000" id="331" room="65" start="114" weeks="1011111111111110"/>
    <class days="1000000" id="332" room="22" start="150" weeks="1011111111111110"/>
    <class days="0101000" id="333" room="51" start="198" weeks="1111111111111110"/>
    <class days="0101000" id="334" room="34" start="126" weeks="1111111111111110"/>
    <class days="0010000" id="335" room="34" start="114" weeks="1111111111111110"/>
    <class days="0010000" id="336" room="63" start="174" weeks="1111111111111110"/>
    <class days="1010000" id="337" room="67" start="162" weeks="1111111111111110"/>
    <class days="1000100" id="338" room="43" start="102" weeks="1111111111111110"/>
    <class days="0101000" id="339" room="66" start="198" weeks="1111111111111110"/>
    <class days="1010100" id="340" room="66" start="114" weeks="1111111111111110"/>
    <class days="1010100" id="341" room="45" start="174" weeks="1111111111111110"/>
    <class days="0101000" id="342" room="29" start="162" weeks="1111111111111110"/>
    <class days="1010100" id="343" room="24" start="138" weeks="1111111111111110"/>
    <class days="1010100" id="344" room="24" start="162" weeks="1111111111111110"/>
    <class days="1010100" id="345" room="26" start="102" weeks="1111111111111110"/>
    <class days="1010100" id="346" room="26" start="138" weeks="1111111111111110"/>
    <class days="1010100" id="347" room="74" start="114" weeks="1111111111111110"/>
    <class days="0101000" id="348" room="17" start="144" weeks="1111111111111110"/>
    <class days="0101000" id="349" room="2" start="162" weeks="1111111111111110"/>
    <class days="0101000" id="350" room="72" start="180" weeks="1111111111111110"/>
    <class days="1010000" id="351" room="72" start="198" weeks="1111111111111110"/>
    <class days="1010100" id="352" room="26" start="174" weeks="1111111111111110"/>
    <class days="0010100" id="353" room="65" start="114" weeks="1111111100000000"/>
    <class days="0101000" id="354" room="19" start="144" weeks="1111111111111110"/>
    <class days="0101000" id="355" room="5" start="102" weeks="1111111111111110"/>
    <class days="0101000" id="356" room="74" start="180" weeks="1111111111111110"/>
    <class days="0101000" id="357" room="66" start="90" weeks="1111111111111110"/>
    <class days="0101000" id="358" room="52" start="126" weeks="1111111111111110"/>
    <class days="0101000" id="359" room="4" start="144" weeks="1111111111111110"/>
    <class days="0101000" id="360" room="4" start="162" weeks="1111111111111110"/>
    <class days="0101000" id="361" room="66" start="108" weeks="1111111111111110"/>
    <class days="1000100" id="362" room="48" start="90" weeks="1111111111111110"/>
    <class days="0010000" id="363" room="65" start="90" weeks="1111111111111110"/>
    <class days="0101000" id="364" room="60" start="126" weeks="1111111111111110"/>
    <class days="0101000" id="365" room="2" start="108" weeks="1111111111111110"/>
    <class days="0100000" id="366" room="52" start="198" weeks="1111111111111110"/>
    <class days="0101000" id="367" room="34" start="108" weeks="1111111111111110"/>
    <class days="0000100" id="368" room="42" start="102" weeks="1111111111111110"/>
    <class days="0000100" id="369" room="42" start="114" weeks="1111111111111110"/>
    <class days="1010100" id="370" room="66" start="126" weeks="1111111111111110"/>
    <class days="0101000" id="371" room="62" start="108" weeks="1111111111111110"/>
    <class days="1010000" id="372" room="58" start="126" weeks="1111111111111110"/>
    <class days="1010000" id="373" room="24" start="174" weeks="1111111111111110"/>
    <class days="1010000" id="374" room="11" start="174" weeks="1111111111111110"/>
    <class days="0101000" id="375" room="4" start="108" weeks="1111111111111110"/>
    <class days="0000100" id="376" room="42" start="162" weeks="1111111111111110"/>
    <class days="1010100" id="377" room="70" start="126" weeks="1111111111111110"/>
    <class days="0101000" id="378" room="11" start="126" weeks="1111111111111110"/>
    <class days="1010100" id="379" room="13" start="108" weeks="1111111111000000"/>
    <class days="0100000" id="380" room="42" start="138" weeks="1111111111111110"/>
    <class days="0101000" id="381" room="72" start="126" weeks="1111111111111110"/>
    <class days="0101000" id="382" room="58" start="108" weeks="1111111111111110"/>
    <class days="0101000" id="383" room="29" start="144" weeks="1111111111111110"/>
    <class days="0001000" id="384" room="6" start="186" weeks="1111111111111110"/>
    <class days="0001000" id="385" room="6" start="198" weeks="1111111111111110"/>
    <class days="0001000" id="386" room="44" start="126" weeks="1111111111111110"/>
    <class days="1010100" id="387" room="49" start="174" weeks="1111111111111110"/>
    <class days="1010100" id="388" room="4" start="150" weeks="1111111111111110"/>
    <class days="1010100" id="389" room="61" start="138" weeks="1111111111111110"/>
    <class days="1010100" id="390" room="4" start="162" weeks="1111111111111110"/>
    <class days="1010100" id="391" room="4" start="186" weeks="1111111111111110"/>
    <class days="1010100" id="392" room="4" start="114" weeks="1111111111111110"/>
    <class days="1010100" id="393" room="44" start="126" weeks="1111111111111110"/>
    <class days="1010100" id="394" room="62" start="126" weeks="1111111111111110"/>
    <class days="1010100" id="395" room="57" start="90" weeks="1111111111111110"/>
    <class days="1010100" id="396" room="55" start="174" weeks="1111111111111110"/>
    <class days="0101000" id="397" room="29" start="198" weeks="1111111111111110"/>
    <class days="1010100" id="398" room="75" start="102" weeks="1111111111111110"/>
    <class days="0101000" id="399" room="75" start="198" weeks="1111111111111110"/>
    <class days="1010100" id="400" room="62" start="198" weeks="1111111111111110"/>
    <class days="0010000" id="401" room="62" start="210" weeks="1000000010000000"/>
    <class days="1010100" id="402" room="75" start="174" weeks="1111111111111110"/>
    <class days="0101000" id="403" room="2" start="198" weeks="1111111111111110"/>
    <class days="1010100" id="404" room="28" start="174" weeks="1111111111111110"/>
    <class days="1010100" id="405" room="72" start="150" weeks="1111111111111110"/>
    <class days="1010100" id="406" room="11" start="150" weeks="1111111111111110"/>
    <class days="1010100" id="407" room="57" start="186" weeks="1111111111111110"/>
    <class days="1010100" id="408" room="44" start="102" weeks="1111111111111110"/>
    <class days="1010100" id="409" room="44" start="186" weeks="1111111111111110"/>
    <class days="1010100" id="410" room="44" start="138" weeks="1111111111111110"/>
    <class days="0101000" id="411" room="44" start="180" weeks="1111111111111110"/>
    <class days="1010100" id="412" room="75" start="162" weeks="1111111111111110"/>
    <class days="0101000" id="413" room="24" start="114" weeks="1111100000000000"/>
    <class days="0100000" id="414" room="24" start="114" weeks="0000011110000100"/>
    <class days="1010100" id="415" room="29" start="102" weeks="1111111111111110"/>
    <class days="1000000" id="416" room="4" start="138" weeks="1011111111111110"/>
    <class days="1000000" id="417" room="75" start="138" weeks="1011111111111110"/>
    <class days="0101000" id="418" room="29" start="126" weeks="1111111111111110"/>
    <class days="0101000" id="419" room="29" start="180" weeks="1111111111111110"/>
    <class days="1010100" id="420" room="44" start="114" weeks="1111111111111110"/>
    <class days="0001000" id="421" room="57" start="150" weeks="1111111111111110"/>
    <class days="0101000" id="422" room="54" start="198" weeks="1111111111111110"/>
    <class days="1010100" id="423" room="75" start="186" weeks="1111111111111110"/>
    <class days="1010100" id="424" room="75" start="198" weeks="1111111111111110"/>
    <class days="0101000" id="425" room="6" start="162" weeks="1111111111111110"/>
    <class days="0101000" id="426" room="75" start="162" weeks="1111111111111110"/>
    <class days="1010000" id="427" room="44" start="198" weeks="1111111111111110"/>
    <class days="1010100" id="428" room="37" start="174" weeks="1111111111111110"/>
    <class days="1010100" id="429" room="15" start="138" weeks="1111111111111110"/>
    <class days="0101000" id="430" room="3" start="126" weeks="1111111111111110"/>
    <class days="0101000" id="431" room="3" start="144" weeks="1111111111111110"/>
    <class days="1010100" id="432" room="49" start="186" weeks="1111111111111110"/>
    <class days="0001000" id="433" room="4" start="180" weeks="1111111111111110"/>
    <class days="0000100" id="434" room="75" start="138" weeks="1111111111111110"/>
    <class days="0101000" id="435" room="5" start="162" weeks="1111111111111110"/>
    <class days="0101000" id="436" room="65" start="174" weeks="1111111111111110"/>
    <class days="0101000" id="437" room="61" start="114" weeks="1111111111111110"/>
    <class days="0010100" id="438" room="52" start="150" weeks="1111111111111110"/>
    <class days="0101000" id="439" room="5" start="186" weeks="1111111111111110"/>
    <class days="0101000" id="440" room="13" start="162" weeks="1111111111111110"/>
    <class days="0010100" id="441" room="39" start="138" weeks="1111111111111110"/>
    <class days="1010000" id="442" room="20" start="138" weeks="1111111111111110"/>
    <class days="1010000" id="443" room="52" start="102" weeks="1111111111111110"/>
    <class days="0101000" id="444" room="22" start="180" weeks="1111111111111110"/>
    <class days="0001000" id="445" room="56" start="114" weeks="1111111111111110"/>
    <class days="0000100" id="446" room="54" start="186" weeks="1111111111111110"/>
    <class days="0101000" id="447" room="51" start="126" weeks="1111111111111110"/>
    <class days="0101000" id="448" room="62" start="162" weeks="1111111111111110"/>
    <class days="0101000" id="449" room="62" start="144" weeks="1111111111111110"/>
    <class days="0101000" id="450" room="33" start="108" weeks="1111111111111110"/>
    <class days="1010100" id="451" room="34" start="162" weeks="1111111111111110"/>
    <class days="1010100" id="452" room="33" start="150" weeks="1111111111111110"/>
    <class days="1010100" id="453" room="30" start="102" weeks="1111111111111110"/>
    <class days="1010100" id="454" room="30" start="90" weeks="1111111111111110"/>
    <class days="1000000" id="455" room="8" start="126" weeks="1011111111111110"/>
    <class days="1000000" id="456" room="8" start="174" weeks="1011111111111110"/>
    <class days="0100000" id="457" room="65" start="126" weeks="0111111111111110"/>
    <class days="0101000" id="458" room="65" start="162" weeks="1111111111111110"/>
    <class days="0101000" id="459" room="58" start="186" weeks="1111111111111110"/>
    <class days="1010000" id="460" room="65" start="162" weeks="1111111111111110"/>
    <class days="1010000" id="461" room="22" start="186" weeks="1111111111111110"/>
    <class days="0010000" id="462" start="102" weeks="1111111111111110"/>
    <class days="0010000" id="463" start="102" weeks="1111111111111110"/>
    <class days="0010000" id="464" room="19" start="102" weeks="1111111111111110"/>
    <class days="0100000" id="465" room="73" start="198" weeks="1111111111111110"/>
    <class days="0000100" id="466" room="1" start="90" weeks="1111111111111110"/>
    <class days="0000100" id="467" start="90" weeks="1111111111111110"/>
    <class days="0000100" id="468" start="90" weeks="1111111111111110"/>
    <class days="1000000" id="469" room="22" start="90" weeks="1011111111111110"/>
    <class days="1000000" id="470" start="90" weeks="1011111111111110"/>
    <class days="1000000" id="471" start="90" weeks="1011111111111110"/>
    <class days="1010000" id="472" room="68" start="126" weeks="1111111111111110"/>
    <class days="1010100" id="473" room="19" start="126" weeks="1111111111111110"/>
    <class days="0101000" id="474" room="52" start="144" weeks="1111111111111110"/>
    <class days="0001000" id="475" room="39" start="186" weeks="1111111111111110"/>
    <class days="0001000" id="476" room="39" start="180" weeks="1111111111111110"/>
    <class days="0101000" id="477" room="37" start="162" weeks="1111111111111110"/>
    <class days="0100000" id="478" room="37" start="222" weeks="1111111111111110"/>
    <class days="0100000" id="479" room="39" start="186" weeks="1111111111111110"/>
    <class days="1000000" id="480" room="50" start="138" weeks="1011111111111110"/>
    <class days="1000000" id="481" room="50" start="162" weeks="1011111111111110"/>
    <class days="1000000" id="482" room="50" start="186" weeks="1011111111111110"/>
    <class days="0010000" id="483" room="64" start="138" weeks="1111111111111110"/>
    <class days="0010000" id="484" room="64" start="162" weeks="1111111111111110"/>
    <class days="0010000" id="485" room="64" start="186" weeks="1111111111111110"/>
    <class days="0100000" id="486" room="50" start="114" weeks="1111111111111110"/>
    <class days="0100000" id="487" room="50" start="162" weeks="1111111111111110"/>
    <class days="0100000" id="488" room="50" start="186" weeks="1111111111111110"/>
    <class days="0100000" id="489" room="50" start="138" weeks="1111111111111110"/>
    <class days="0100000" id="490" room="50" start="90" weeks="1111111111111110"/>
    <class days="0001000" id="491" room="64" start="114" weeks="1111111111111110"/>
    <class days="0001000" id="492" room="64" start="162" weeks="1111111111111110"/>
    <class days="0001000" id="493" room="64" start="186" weeks="1111111111111110"/>
    <class days="0001000" id="494" room="64" start="138" weeks="1111111111111110"/>
    <class days="0001000" id="495" room="64" start="90" weeks="1111111111111110"/>
    <class days="0001000" id="496" room="50" start="114" weeks="1111111111111110"/>
    <class days="0001000" id="497" room="50" start="90" weeks="1111111111111110"/>
    <class days="0001000" id="498" room="50" start="162" weeks="1111111111111110"/>
    <class days="0001000" id="499" room="50" start="138" weeks="1111111111111110"/>
    <class days="0001000" id="500" room="50" start="186" weeks="1111111111111110"/>
    <class days="0100000" id="501" room="64" start="114" weeks="1111111111111110"/>
    <class days="0100000" id="502" room="64" start="90" weeks="1111111111111110"/>
    <class days="0100000" id="503" room="64" start="162" weeks="1111111111111110"/>
    <class days="0100000" id="504" room="64" start="138" weeks="1111111111111110"/>
    <class days="0100000" id="505" room="64" start="186" weeks="1111111111111110"/>
    <class days="0010000" id="506" room="50" start="138" weeks="1111111111111110"/>
    <class days="0010000" id="507" room="50" start="114" weeks="1111111111111110"/>
    <class days="0010000" id="508" room="50" start="90" weeks="1111111111111110"/>
    <class days="0010000" id="509" room="50" start="162" weeks="1111111111111110"/>
    <class days="0000100" id="510" room="64" start="138" weeks="1111111111111110"/>
    <class days="0000100" id="511" room="64" start="114" weeks="1111111111111110"/>
    <class days="0000100" id="512" room="64" start="90" weeks="1111111111111110"/>
    <class days="0000100" id="513" room="64" start="162" weeks="1111111111111110"/>
    <class days="0000100" id="514" room="50" start="114" weeks="1111111111111110"/>
    <class days="0000100" id="515" room="50" start="90" weeks="1111111111111110"/>
    <class days="0010000" id="516" room="64" start="114" weeks="1111111111111110"/>
    <class days="0010000" id="517" room="64" start="90" weeks="1111111111111110"/>
    <class days="1010100" id="518" room="31" start="138" weeks="1111111111111110"/>
    <class days="1010100" id="519" room="31" start="186" weeks="1111111111111110"/>
    <class days="1010100" id="520" room="31" start="114" weeks="1111111111111110"/>
    <class days="1010100" id="521" room="31" start="162" weeks="1111111111111110"/>
    <class days="0100000" id="522" room="39" start="216" weeks="1111111111111110"/>
    <class days="1111000" id="523" room="50" start="228" weeks="1111111111111110"/>
    <class days="0101000" id="524" room="8" start="114" weeks="1111111111111110"/>
    <class days="0001000" id="525" room="35" start="180" weeks="1111111111111110"/>
    <class days="0001000" id="526" room="21" start="198" weeks="1111111111111110"/>
    <class days="0001000" id="527" room="21" start="108" weeks="1111111111111110"/>
    <class days="0001000" id="528" room="8" start="144" weeks="1111111111111110"/>
    <class days="0101000" id="529" room="53" start="144" weeks="1111111111111110"/>
    <class days="0101000" id="530" room="68" start="162" weeks="1111111111111110"/>
    <class days="0101000" id="531" room="67" start="102" weeks="1111111111111110"/>
    <class days="0101000" id="532" room="48" start="126" weeks="1111111111111110"/>
    <class days="0101000" id="533" room="24" start="180" weeks="1111111111111110"/>
    <class days="0101000" id="534" room="22" start="162" weeks="1111111111111110"/>
    <class days="1000000" id="535" room="20" start="198" weeks="1011111111111110"/>
    <class days="1000000" id="536" room="33" start="210" weeks="1011111111111110"/>
    <class days="1010000" id="537" start="186" weeks="0111111111111110"/>
    <class days="1010100" id="538" room="62" start="174" weeks="1111111111111110"/>
    <class days="1000000" id="539" room="50" start="126" weeks="1011111111111110"/>
    <class days="0101000" id="540" room="19" start="108" weeks="1111111111111110"/>
    <class days="1010100" id="541" room="40" start="102" weeks="1111111111111110"/>
    <class days="0101000" id="542" room="60" start="162" weeks="1111111111111110"/>
    <class days="0101000" id="543" room="41" start="162" weeks="1111111111111110"/>
    <class days="1010100" id="544" room="53" start="114" weeks="1111100000000000"/>
    <class days="0101000" id="545" room="53" start="90" weeks="1111100000000000"/>
    <class days="0010000" id="546" room="53" start="174" weeks="1111111100000000"/>
    <class days="0010000" id="547" room="53" start="162" weeks="1111111111111110"/>
    <class days="1000100" id="548" room="53" start="162" weeks="1111111111111110"/>
    <class days="1010100" id="549" room="53" start="138" weeks="1111111111111110"/>
    <class days="1010100" id="550" room="53" start="102" weeks="1111111111111110"/>
    <class days="0001000" id="551" room="53" start="186" weeks="1111111111111110"/>
    <class days="1010000" id="552" room="53" start="198" weeks="1111111100000000"/>
    <class days="0101000" id="553" room="53" start="108" weeks="1111111111111110"/>
    <class days="0101000" id="554" room="46" start="144" weeks="1111111111111110"/>
    <class days="0001000" id="555" room="60" start="228" weeks="1111111111111110"/>
    <class days="0001000" id="556" room="60" start="252" weeks="1111111111111110"/>
    <class days="0100000" id="557" room="18" start="162" weeks="1111111111111110"/>
    <class days="0101000" id="558" room="45" start="198" weeks="1111111111111110"/>
    <class days="1010000" id="559" room="73" start="186" weeks="1111111111111110"/>
    <class days="0101000" id="560" room="58" start="162" weeks="1111111111111110"/>
    <class days="0101000" id="561" room="1" start="144" weeks="1111111111111110"/>
    <class days="0010000" id="562" room="65" start="186" weeks="1111111111111110"/>
    <class days="1010100" id="563" room="43" start="186" weeks="1111111111111110"/>
    <class days="0101000" id="564" room="29" start="108" weeks="1111111111111110"/>
    <class days="1010100" id="565" room="34" start="174" weeks="1111111111111110"/>
    <class days="0101000" id="566" room="5" start="198" weeks="1111111111111110"/>
    <class days="1010100" id="567" room="5" start="138" weeks="1111111111111110"/>
    <class days="0101000" id="568" room="45" start="90" weeks="1111111111111110"/>
    <class days="0101000" id="569" room="48" start="108" weeks="1111111111111110"/>
    <class days="0101000" id="570" room="28" start="108" weeks="1111111111111110"/>
    <class days="1010100" id="571" room="25" start="150" weeks="1111111111111110"/>
    <class days="1010100" id="572" room="40" start="114" weeks="1111111111111110"/>
    <class days="0101000" id="573" room="70" start="126" weeks="1111111111111110"/>
    <class days="1010000" id="574" room="40" start="126" weeks="1111111111111110"/>
    <class days="0101000" id="575" room="46" start="162" weeks="1111111111111110"/>
    <class days="1010100" id="576" room="70" start="138" weeks="1111111111111110"/>
    <class days="0101000" id="577" room="44" start="144" weeks="1111111111111110"/>
    <class days="1010100" id="578" room="71" start="102" weeks="1111111111111110"/>
    <class days="0101000" id="579" room="40" start="144" weeks="1111111111111110"/>
    <class days="0101000" id="580" room="18" start="108" weeks="1111111111111110"/>
    <class days="0101000" id="581" room="75" start="108" weeks="1111111111111110"/>
    <class days="0101000" id="582" room="18" start="126" weeks="1111111111111110"/>
    <class days="0100000" id="583" room="54" start="150" weeks="1111111111111110"/>
    <class days="0001000" id="584" room="54" start="150" weeks="1111111111111110"/>
    <class days="1010000" id="585" room="72" start="162" weeks="1111111111111110"/>
    <class days="1000000" id="586" room="9" start="126" weeks="1011111111111110"/>
    <class days="0101000" id="587" room="54" start="114" weeks="1111111111111110"/>
    <class days="1010100" id="588" room="11" start="138" weeks="1111111111111110"/>
    <class days="0101000" id="589" room="72" start="162" weeks="1111111111111110"/>
    <class days="1010000" id="590" room="17" start="102" weeks="1111111111111110"/>
    <class days="0000100" id="591" room="7" start="114" weeks="1111111111111110"/>
    <class days="1010000" id="592" room="7" start="114" weeks="1111111111111110"/>
    <class days="1010000" id="593" room="7" start="162" weeks="1111111111111110"/>
    <class days="0001000" id="594" room="7" start="186" weeks="1111111111111110"/>
    <class days="0001000" id="595" room="7" start="198" weeks="1111111111111110"/>
    <class days="0001000" id="596" room="7" start="180" weeks="1111111111111110"/>
    <class days="1000000" id="597" room="66" start="186" weeks="1000100010001000"/>
    <class days="0101000" id="598" room="66" start="126" weeks="1111111111111110"/>
    <class days="0100000" id="599" room="6" start="198" weeks="1111111111111110"/>
    <class days="0100000" id="600" room="6" start="210" weeks="1111111111111110"/>
    <class days="1010000" id="601" room="19" start="138" weeks="1111111111111110"/>
    <class days="0101000" id="602" room="25" start="126" weeks="1111111111111110"/>
    <class days="0100000" id="603" room="28" start="162" weeks="1111111100000000"/>
    <class days="0101000" id="604" room="68" start="144" weeks="1111111111111110"/>
    <class days="0000100" id="605" room="68" start="138" weeks="1111111111111110"/>
    <class days="1010000" id="606" room="68" start="138" weeks="1111111111111110"/>
    <class days="0001000" id="607" room="15" start="162" weeks="1111111111111110"/>
    <class days="1010100" id="608" room="62" start="102" weeks="1111111111111110"/>
    <class days="1010100" id="609" room="63" start="186" weeks="1111111111111110"/>
    <class days="1010000" id="610" room="29" start="174" weeks="1111111111111110"/>
    <class days="0000100" id="611" room="29" start="174" weeks="1111111111111110"/>
    <class days="1010100" id="612" room="35" start="186" weeks="1111111111111110"/>
    <class days="1010100" id="613" room="24" start="150" weeks="1111111111111110"/>
    <class days="1010100" id="614" room="35" start="162" weeks="1111111111111110"/>
    <class days="1010100" id="615" room="24" start="186" weeks="1111111111111110"/>
    <class days="1010100" id="616" room="24" start="126" weeks="1111111111111110"/>
    <class days="0101000" id="617" room="57" start="198" weeks="1111111111111110"/>
    <class days="0101000" id="618" room="26" start="126" weeks="1111111111111110"/>
    <class days="0101000" id="619" room="56" start="162" weeks="1111111111111110"/>
    <class days="1010100" id="620" room="24" start="114" weeks="1111111111111110"/>
    <class days="1010000" id="621" room="56" start="186" weeks="1111111111111110"/>
    <class days="0000100" id="622" room="56" start="186" weeks="1111111111111110"/>
    <class days="1010000" id="623" room="22" start="114" weeks="1111111111111110"/>
    <class days="0000100" id="624" room="22" start="114" weeks="1111111111111110"/>
    <class days="0101000" id="625" room="70" start="144" weeks="1111111111111110"/>
    <class days="1010100" id="626" room="6" start="162" weeks="1111111111111110"/>
    <class days="0101000" id="627" room="6" start="108" weeks="1111111111111110"/>
    <class days="1010100" id="628" room="38" start="174" weeks="1111111111111110"/>
    <class days="0100000" id="629" room="15" start="198" weeks="1111111111111110"/>
    <class days="0101000" id="630" room="37" start="144" weeks="1111111111111110"/>
    <class days="1000000" id="631" room="13" start="192" weeks="1011111111111110"/>
    <class days="0010100" id="632" room="68" start="162" weeks="1111111111111110"/>
    <class days="0010000" id="633" room="60" start="174" weeks="1111111111111110"/>
    <class days="0010000" id="634" room="60" start="198" weeks="1111111111111110"/>
    <class days="0010000" id="635" room="60" start="126" weeks="1111111111111110"/>
    <class days="0010000" id="636" room="60" start="150" weeks="1111111111111110"/>
    <class days="0010000" id="637" room="60" start="210" weeks="1111111111111110"/>
    <class days="0101000" id="638" room="25" start="144" weeks="1111111111111110"/>
    <class days="1010100" id="639" room="7" start="126" weeks="1111111111111110"/>
    <class days="0100000" id="640" room="7" start="138" weeks="1111111111111110"/>
    <class days="0100000" id="641" room="60" start="180" weeks="1111111111111110"/>
    <class days="1010100" id="642" room="13" start="162" weeks="1111111111111110"/>
    <class days="1010100" id="643" room="13" start="138" weeks="1111111111111110"/>
    <class days="1000000" id="644" room="8" start="150" weeks="1011111111111110"/>
    <class days="1000000" id="645" room="8" start="138" weeks="1011111111111110"/>
    <class days="1010100" id="646" room="55" start="90" weeks="1111111111111110"/>
    <class days="0010100" id="647" room="8" start="126" weeks="1111111111111110"/>
    <class days="0010100" id="648" room="8" start="138" weeks="1111111111111110"/>
    <class days="1000100" id="649" room="53" start="126" weeks="1111111111111110"/>
    <class days="1000100" id="650" room="21" start="102" weeks="1111111111111110"/>
    <class days="1010100" id="651" room="26" start="150" weeks="1111111111111110"/>
    <class days="1010100" id="652" room="34" start="186" weeks="1111111111111110"/>
    <class days="0100000" id="653" room="1" start="180" weeks="1111111111111110"/>
    <class days="0100000" id="654" room="1" start="162" weeks="1111111111111110"/>
    <class days="1010100" id="655" room="34" start="90" weeks="1111111111111110"/>
    <class days="1010100" id="656" room="62" start="186" weeks="1111111111111110"/>
    <class days="1010100" id="657" room="34" start="150" weeks="1111111111111110"/>
    <class days="1010100" id="658" room="62" start="162" weeks="1111111111111110"/>
    <class days="1010100" id="659" room="62" start="90" weeks="1111111111111110"/>
    <class days="1010100" id="660" room="51" start="102" weeks="1111111111111110"/>
    <class days="1010100" id="661" room="62" start="138" weeks="1111111111111110"/>
    <class days="1010100" id="662" room="25" start="186" weeks="1111111111111110"/>
    <class days="1010100" id="663" room="25" start="102" weeks="1111111111111110"/>
    <class days="1010100" id="664" room="72" start="126" weeks="1111111111111110"/>
    <class days="1010100" id="665" room="25" start="162" weeks="1111111111111110"/>
    <class days="1010100" id="666" room="72" start="138" weeks="1111111111111110"/>
    <class days="1010100" id="667" room="72" start="174" weeks="1111111111111110"/>
    <class days="1010100" id="668" room="72" start="114" weeks="1111111111111110"/>
    <class days="0101000" id="669" room="26" start="180" weeks="1111111111111110"/>
    <class days="0000100" id="670" room="55" start="186" weeks="1111111111111110"/>
    <class days="0100000" id="671" room="24" start="198" weeks="1111111111111110"/>
    <class days="1010000" id="672" room="51" start="126" weeks="1111111111111110"/>
    <class days="0000100" id="673" room="58" start="150" weeks="1111111111111110"/>
    <class days="0000100" id="674" room="51" start="126" weeks="1111111111111110"/>
    <class days="1010100" id="675" room="35" start="138" weeks="1111111111111110"/>
    <class days="1010100" id="676" room="35" start="174" weeks="1111111111111110"/>
    <class days="1010100" id="677" room="45" start="186" weeks="1111111111111110"/>
    <class days="0101000" id="678" room="13" start="192" weeks="1111111111111110"/>
    <class days="1010100" id="679" room="61" start="90" weeks="1111111111111110"/>
    <class days="1010100" id="680" room="61" start="126" weeks="1111111111111110"/>
    <class days="1010100" id="681" room="61" start="150" weeks="1111111111111110"/>
    <class days="1010100" id="682" room="61" start="174" weeks="1111111111111110"/>
    <class days="1010100" id="683" room="61" start="198" weeks="1111111111111110"/>
    <class days="0101000" id="684" room="56" start="102" weeks="1111111111111110"/>
    <class days="0101000" id="685" room="57" start="126" weeks="1111111111111110"/>
    <class days="1010100" id="686" room="61" start="114" weeks="1111111111111110"/>
    <class days="1010100" id="687" room="61" start="162" weeks="1111111111111110"/>
    <class days="1010100" id="688" room="61" start="186" weeks="1111111111111110"/>
    <class days="1010100" id="689" room="57" start="102" weeks="1111111111111110"/>
    <class days="1010100" id="690" room="57" start="126" weeks="1111111111111110"/>
    <class days="1010100" id="691" room="57" start="138" weeks="1111111111111110"/>
    <class days="1010100" id="692" room="57" start="174" weeks="1111111111111110"/>
    <class days="0001000" id="693" room="61" start="150" weeks="1111111111111110"/>
    <class days="0100000" id="694" room="61" start="216" weeks="1111111111111110"/>
    <class days="1010100" id="695" room="2" start="102" weeks="1111111111111110"/>
    <class days="1010100" id="696" room="2" start="126" weeks="1111111111111110"/>
    <class days="1010100" id="697" room="2" start="186" weeks="1111111111111110"/>
    <class days="1010100" id="698" room="38" start="126" weeks="1111111111111110"/>
    <class days="1010100" id="699" room="38" start="150" weeks="1111111111111110"/>
    <class days="1010100" id="700" room="38" start="186" weeks="1111111111111110"/>
    <class days="1010100" id="701" room="2" start="114" weeks="1111111111111110"/>
    <class days="1010100" id="702" room="2" start="150" weeks="1111111111111110"/>
    <class days="0100000" id="703" room="57" start="174" weeks="1111111111111110"/>
    <class days="1010100" id="704" room="49" start="102" weeks="1111111111111110"/>
    <class days="1010100" id="705" room="49" start="138" weeks="1111111111111110"/>
    <class days="1010100" id="706" room="49" start="162" weeks="1111111111111110"/>
    <class days="1010100" id="707" room="2" start="138" weeks="1111111111111110"/>
    <class days="1010100" id="708" room="2" start="162" weeks="1111111111111110"/>
    <class days="1010100" id="709" room="2" start="174" weeks="1111111111111110"/>
    <class days="0101000" id="710" room="61" start="102" weeks="1111111111111110"/>
    <class days="0001000" id="711" room="13" start="114" weeks="1010101010101010"/>
    <class days="0101000" id="712" room="61" start="138" weeks="1111111111111110"/>
    <class days="0001000" id="713" room="26" start="150" weeks="1010101010101010"/>
    <class days="0101000" id="714" room="61" start="126" weeks="1111111111111110"/>
    <class days="0000100" id="715" room="40" start="150" weeks="0101010101010100"/>
    <class days="0101000" id="716" room="61" start="162" weeks="1111111111111110"/>
    <class days="0000100" id="717" room="60" start="126" weeks="0101010101010100"/>
    <class days="0101000" id="718" room="61" start="186" weeks="1111111111111110"/>
    <class days="0000100" id="719" room="60" start="186" weeks="0101010101010100"/>
    <class days="0100000" id="720" room="61" start="150" weeks="1111111111111110"/>
    <class days="1010100" id="721" room="60" start="114" weeks="1111111111111110"/>
    <class days="1010100" id="722" room="60" start="162" weeks="1111111111111110"/>
    <class days="0101000" id="723" room="57" start="162" weeks="1111111111111110"/>
    <class days="0101000" id="724" room="38" start="150" weeks="1111111111111110"/>
    <class days="1000100" id="725" room="58" start="138" weeks="1111111111111110"/>
    <class days="1000100" id="726" room="58" start="162" weeks="1111111111111110"/>
    <class days="0101000" id="727" room="61" start="174" weeks="1111111111111110"/>
    <class days="0101000" id="728" room="11" start="114" weeks="1111111111111110"/>
    <class days="1010100" id="729" room="54" start="174" weeks="1111111111111110"/>
    <class days="1010100" id="730" room="54" start="102" weeks="1111111111111110"/>
    <class days="1010100" id="731" room="39" start="114" weeks="1111111111111110"/>
    <class days="1010100" id="732" room="42" start="174" weeks="1111111111111110"/>
    <class days="1010100" id="733" room="4" start="102" weeks="1111111111111110"/>
    <class days="1010000" id="734" room="74" start="126" weeks="1111111111111110"/>
    <class days="0101000" id="735" room="25" start="102" weeks="1111111111111110"/>
    <class days="0101000" id="736" room="1" start="114" weeks="1111111111111110"/>
    <class days="0101000" id="737" room="22" start="126" weeks="1111111111111110"/>
    <class days="0101000" id="738" room="15" start="108" weeks="1111111111111110"/>
    <class days="1010100" id="739" room="11" start="114" weeks="1111111111111110"/>
    <class days="1000100" id="740" room="25" start="114" weeks="1111111111111110"/>
    <class days="1000100" id="741" room="52" start="174" weeks="1111111111111110"/>
    <class days="0101000" id="742" room="62" start="198" weeks="1111111111111110"/>
    <class days="0101000" id="743" room="62" start="180" weeks="1111111111111110"/>
    <class days="0101000" id="744" room="66" start="162" weeks="1111111111111110"/>
    <class days="0101000" id="745" room="62" start="126" weeks="1111111111111110"/>
    <class days="0101000" id="746" room="62" start="90" weeks="1111111111111110"/>
    <class days="0100000" id="747" room="8" start="144" weeks="1111111111111110"/>
    <class days="0100000" id="748" room="8" start="126" weeks="1111111111111110"/>
    <class days="0001000" id="749" room="8" start="162" weeks="1111111111111110"/>
    <class days="0001000" id="750" room="8" start="180" weeks="1111111111111110"/>
    <class days="1010100" id="751" room="30" start="162" weeks="1111111111111110"/>
    <class days="1010100" id="752" room="30" start="174" weeks="1111111111111110"/>
    <class days="0101000" id="753" room="30" start="162" weeks="1111111111111110"/>
    <class days="0101000" id="754" room="30" start="180" weeks="1111111111111110"/>
    <class days="1010100" id="755" room="30" start="138" weeks="1111111111111110"/>
    <class days="0101000" id="756" room="30" start="90" weeks="1111111111111110"/>
    <class days="0101000" id="757" room="30" start="108" weeks="1111111111111110"/>
    <class days="0101000" id="758" room="30" start="126" weeks="1111111111111110"/>
    <class days="0101000" id="759" room="30" start="144" weeks="1111111111111110"/>
    <class days="0101000" id="760" room="67" start="126" weeks="1111111111111110"/>
    <class days="0101000" id="761" room="67" start="144" weeks="1111111111111110"/>
    <class days="1010000" id="762" room="29" start="114" weeks="1111111111111110"/>
    <class days="1010000" id="763" room="66" start="150" weeks="1111111111111110"/>
    <class days="0101000" id="764" room="38" start="162" weeks="1111111111111110"/>
    <class days="1010100" id="765" room="39" start="126" weeks="1111111111111110"/>
    <class days="1010100" id="766" room="11" start="162" weeks="1111111111111110"/>
    <class days="1010100" id="767" room="28" start="102" weeks="1111111111111110"/>
    <class days="1010000" id="768" room="28" start="138" weeks="1111111111111110"/>
    <class days="1010100" id="769" room="28" start="114" weeks="1111111111111110"/>
    <class days="0010000" id="770" room="29" start="186" weeks="1111111111111110"/>
    <class days="1000100" id="771" room="29" start="186" weeks="1111111111111110"/>
    <class days="0101000" id="772" room="35" start="144" weeks="1111111111111110"/>
    <class days="0101000" id="773" room="35" start="162" weeks="1111111111111110"/>
    <class days="0100000" id="774" room="57" start="72" weeks="1111111111111110"/>
    <class days="1010100" id="775" room="37" start="186" weeks="1111111111111110"/>
    <class days="1010100" id="776" room="36" start="90" weeks="1111111111111110"/>
    <class days="0010000" id="777" room="26" start="186" weeks="1111111111111110"/>
    <class days="0010000" id="778" room="39" start="186" weeks="1111111111111110"/>
    <class days="0100000" id="779" room="36" start="126" weeks="1111111111111110"/>
    <class days="0100000" id="780" room="8" start="162" weeks="1111111111111110"/>
    <class days="0100000" id="781" room="52" start="108" weeks="1111111111111110"/>
    <class days="0101000" id="782" room="55" start="180" weeks="1111111111111110"/>
    <class days="0010000" id="783" room="58" start="162" weeks="1111111111111110"/>
    <class days="0010000" id="784" room="58" start="138" weeks="1111111111111110"/>
    <class days="1000100" id="785" room="21" start="138" weeks="1111111111111110"/>
    <class days="0101000" id="786" room="42" start="162" weeks="1111111111111110"/>
    <class days="0100000" id="787" room="6" start="138" weeks="0101010100000000"/>
    <class days="0101000" id="788" room="73" start="114" weeks="1111111111111110"/>
    <class days="0101000" id="789" room="72" start="90" weeks="1111111111111110"/>
    <class days="0100000" id="790" room="6" start="138" weeks="1010101000000000"/>
    <class days="0100000" id="791" room="21" start="102" weeks="1111111111111110"/>
    <class days="0101000" id="792" start="108" weeks="1111111111111110"/>
    <class days="0101000" id="793" start="126" weeks="1111111111111110"/>
    <class days="0101000" id="794" room="1" start="126" weeks="1111111111111110"/>
    <class days="0101000" id="795" room="68" start="108" weeks="1111111111111110"/>
    <class days="1000000" id="796" room="68" start="162" weeks="1011111111111110"/>
    <class days="0010000" id="797" room="21" start="138" weeks="1111111111111110"/>
    <class days="1000000" id="798" room="21" start="216" weeks="1011111111111000"/>
    <class days="1000000" id="799" room="21" start="240" weeks="1011111111111000"/>
    <class days="1000000" id="800" room="52" start="192" weeks="1011111111111000"/>
    <class days="0010000" id="801" start="222" weeks="1000100100100000"/>
    <class days="0010000" id="802" room="21" start="216" weeks="1000100010100100"/>
    <class days="0001000" id="803" room="72" start="198" weeks="1000000000000000"/>
    <class days="0001000" id="804" room="72" start="198" weeks="0000000000001000"/>
    <class days="0101000" id="805" room="3" start="162" weeks="1111111111111110"/>
    <class days="0010000" id="806" room="3" start="162" weeks="1111111111111110"/>
    <class days="0100000" id="807" room="42" start="150" weeks="1111111111111110"/>
    <class days="0001000" id="808" room="42" start="150" weeks="1111111111111110"/>
    <class days="1000000" id="809" room="1" start="150" weeks="1011111111111110"/>
    <class days="0101000" id="810" room="4" start="126" weeks="1111111111111110"/>
    <class days="1000000" id="811" room="48" start="186" weeks="1011111111111110"/>
    <class days="0101000" id="812" room="19" start="162" weeks="1111111111111110"/>
    <class days="1010100" id="813" room="41" start="150" weeks="1111111111111110"/>
    <class days="1010000" id="814" room="70" start="162" weeks="1111111111111110"/>
    <class days="1000000" id="815" room="75" start="126" weeks="1011111111111110"/>
    <class days="1010100" id="816" room="74" start="102" weeks="1111111111111110"/>
    <class days="1000000" id="817" room="20" start="174" weeks="1011111111111110"/>
    <class days="0000100" id="818" room="48" start="162" weeks="1111111111111110"/>
    <class days="1010000" id="819" room="37" start="126" weeks="1111111111111110"/>
    <class days="0000100" id="820" room="74" start="126" weeks="1111111111111110"/>
    <class days="0000100" id="821" room="74" start="138" weeks="1111111111111110"/>
    <class days="1010100" id="822" room="30" start="114" weeks="1111111111111110"/>
    <class days="1010100" id="823" room="30" start="126" weeks="1111111111111110"/>
    <class days="1010100" id="824" room="30" start="150" weeks="1111111111111110"/>
    <class days="1010100" id="825" room="30" start="186" weeks="1111111111111110"/>
    <class days="1010100" id="826" room="30" start="198" weeks="1111111111111110"/>
    <class days="1000100" id="827" room="26" start="186" weeks="1111111111111110"/>
    <class days="0101000" id="828" room="26" start="138" weeks="1111111111111110"/>
    <class days="1010100" id="829" room="58" start="186" weeks="1111111111111110"/>
    <class days="1010100" id="830" room="45" start="138" weeks="1111111111111110"/>
    <class days="0101000" id="831" room="57" start="138" weeks="1111111111111110"/>
    <class days="1010100" id="832" room="74" start="150" weeks="1111111111111110"/>
    <class days="0001000" id="833" room="13" start="126" weeks="1111111111111110"/>
    <class days="0001000" id="834" start="126" weeks="1111111111111110"/>
    <class days="0000100" id="835" room="13" start="174" weeks="1111111111111110"/>
    <class days="0100000" id="836" room="13" start="126" weeks="0001111111111110"/>
    <class days="1010000" id="837" room="13" start="174" weeks="1111111111111110"/>
    <class days="0000100" id="838" room="56" start="174" weeks="1111111111111110"/>
    <class days="0001000" id="839" room="45" start="126" weeks="1111111111111110"/>
    <class days="1010100" id="840" room="36" start="138" weeks="1111111111111110"/>
    <class days="1010100" id="841" room="36" start="162" weeks="1111111111111110"/>
    <class days="0101000" id="842" room="36" start="138" weeks="1111111111111110"/>
    <class days="0101000" id="843" room="36" start="150" weeks="1111111111111110"/>
    <class days="1101100" id="844" room="36" start="102" weeks="0001111111111110"/>
    <class days="1010100" id="845" room="36" start="126" weeks="0001111111111110"/>
    <class days="0010000" id="846" room="36" start="102" weeks="0001111111111110"/>
    <class days="0001000" id="847" room="36" start="126" weeks="0001111111111110"/>
    <class days="0100000" id="848" room="36" start="174" weeks="0100000000000000"/>
    <class days="1101100" id="849" room="36" start="174" weeks="0001111111111110"/>
    <class days="0101000" id="850" room="36" start="162" weeks="0000000011111110"/>
    <class days="0101000" id="851" room="56" start="138" weeks="0001111111111110"/>
    <class days="1000100" id="852" room="36" start="198" weeks="0001111111111110"/>
    <class days="0010000" id="853" room="36" start="204" weeks="1011111111111110"/>
    <class days="0101000" id="854" room="36" start="198" weeks="1011111111111110"/>
    <class days="0101000" id="855" room="63" start="150" weeks="1111111111111110"/>
    <class days="0101000" id="856" room="63" start="162" weeks="1111111111111110"/>
    <class days="0101000" id="857" room="63" start="138" weeks="1111111111111110"/>
    <class days="0101000" id="858" room="63" start="114" weeks="1111111111111110"/>
    <class days="0101000" id="859" room="63" start="126" weeks="1111111111111110"/>
    <class days="0101000" id="860" room="63" start="174" weeks="1111111111111110"/>
    <class days="0101000" id="861" room="63" start="102" weeks="1111111111111110"/>
    <class days="1010100" id="862" room="63" start="102" weeks="1111111111111110"/>
    <class days="1000000" id="863" room="63" start="174" weeks="1011111111111110"/>
    <class days="1010000" id="864" room="63" start="114" weeks="1111111111111110"/>
    <class days="0000100" id="865" room="63" start="114" weeks="1111111111111110"/>
    <class days="0010100" id="866" room="1" start="168" weeks="1111111111111110"/>
    <class days="1010000" id="867" room="56" start="150" weeks="1111111111111110"/>
    <class days="0000100" id="868" room="56" start="150" weeks="1111111111111110"/>
    <class days="1010000" id="869" room="63" start="126" weeks="1111111111111110"/>
    <class days="1010000" id="870" room="63" start="138" weeks="1111111111111110"/>
    <class days="0000100" id="871" room="63" start="126" weeks="1111111111111110"/>
    <class days="0000100" id="872" room="63" start="138" weeks="1111111111111110"/>
    <class days="1010000" id="873" room="56" start="102" weeks="1111111111111110"/>
    <class days="1010000" id="874" room="56" start="114" weeks="1111111111111110"/>
    <class days="0000100" id="875" room="56" start="102" weeks="1111111111111110"/>
    <class days="0000100" id="876" room="56" start="114" weeks="1111111111111110"/>
    <class days="1010000" id="877" room="63" start="162" weeks="1111111111111110"/>
    <class days="0101000" id="878" room="56" start="126" weeks="1111111111111110"/>
    <class days="1010000" id="879" room="56" start="138" weeks="1111111111111110"/>
    <class days="1010000" id="880" room="56" start="126" weeks="1111111111111110"/>
    <class days="1010000" id="881" room="56" start="174" weeks="1111111111111110"/>
    <class days="1010000" id="882" room="56" start="162" weeks="1111111111111110"/>
    <class days="1010100" id="883" room="70" start="186" weeks="1111111111111110"/>
    <class days="0101000" id="884" room="70" start="180" weeks="1111111111111110"/>
    <class days="0101000" id="885" room="74" start="126" weeks="1111111111111110"/>
    <class days="1010100" id="886" room="39" start="174" weeks="1111111111111110"/>
    <class days="0101000" id="887" room="43" start="126" weeks="1111111111111110"/>
    <class days="1010100" id="888" room="38" start="114" weeks="1111111111111110"/>
    <class days="0101000" id="889" room="49" start="126" weeks="1111111111111110"/>
    <class days="1010100" id="890" room="71" start="114" weeks="1111111111111110"/>
    <class days="0101000" id="891" room="71" start="144" weeks="1111111111111110"/>
    <class days="1010100" id="892" room="20" start="150" weeks="1111111111111110"/>
    <class days="1010100" id="893" room="3" start="138" weeks="1111111111111110"/>
    <class days="0101000" id="894" room="9" start="180" weeks="1111111111111110"/>
    <class days="0101000" id="895" room="45" start="144" weeks="1111111111111110"/>
    <class days="1010100" id="896" room="73" start="150" weeks="1111111111111110"/>
    <class days="1010100" id="897" room="67" start="126" weeks="1111111111111110"/>
    <class days="1010100" id="898" room="39" start="150" weeks="1111111111111110"/>
    <class days="1010100" id="899" room="75" start="114" weeks="1111111111111110"/>
    <class days="1010100" id="900" room="8" start="102" weeks="1111111111111110"/>
    <class days="1010100" id="901" room="51" start="114" weeks="1111111111111110"/>
    <class days="0101000" id="902" room="51" start="180" weeks="1111111111111110"/>
    <class days="0100000" id="903" room="5" start="90" weeks="1111111111111110"/>
    <class days="0001000" id="904" room="21" start="186" weeks="1111111111111110"/>
    <class days="0000100" id="905" room="21" start="126" weeks="1111111111111110"/>
    <class days="0010000" id="906" room="5" start="126" weeks="1111111111111110"/>
    <class days="0100000" id="907" room="21" start="114" weeks="1111111111111110"/>
    <class days="0010000" id="908" room="5" start="114" weeks="1111111111111110"/>
    <class days="0010000" id="909" room="21" start="186" weeks="1111111111111110"/>
    <class days="0100000" id="910" room="53" start="174" weeks="1111111111111110"/>
    <class days="0100000" id="911" room="5" start="126" weeks="1111111111111110"/>
    <class days="0000100" id="912" room="21" start="162" weeks="1111111111111110"/>
    <class days="0010000" id="913" room="5" start="162" weeks="1111111111111110"/>
    <class days="0010000" id="914" room="21" start="102" weeks="1111111111111110"/>
    <class days="0101000" id="915" room="56" start="180" weeks="1111111111111110"/>
    <class days="1010000" id="916" room="74" start="138" weeks="1111111111111110"/>
    <class days="0101000" id="917" room="57" start="108" weeks="1111111111111110"/>
    <class days="0101000" id="918" room="66" start="144" weeks="1111111111111110"/>
    <class days="0101000" id="919" room="55" start="162" weeks="1111111111111110"/>
    <class days="0101000" id="920" room="3" start="180" weeks="1111111111111110"/>
    <class days="0101000" id="921" room="45" start="180" weeks="1111111111111110"/>
    <class days="1010100" id="922" room="48" start="126" weeks="1111111111111110"/>
    <class days="0101000" id="923" room="58" start="144" weeks="1111111111111110"/>
    <class days="1010100" id="924" room="67" start="102" weeks="1111111111111110"/>
    <class days="0101000" id="925" room="43" start="162" weeks="1111111111111110"/>
    <class days="1010100" id="926" room="40" start="162" weeks="1111111111111110"/>
    <class days="0000100" id="927" room="25" start="138" weeks="1111111111111110"/>
    <class days="1010100" id="928" room="7" start="138" weeks="1111111111111110"/>
    <class days="1010100" id="929" room="7" start="186" weeks="1111111111111110"/>
    <class days="1010100" id="930" room="9" start="162" weeks="1111111111111110"/>
    <class days="0101000" id="931" room="21" start="126" weeks="1111111111111110"/>
    <class days="1010000" id="932" room="48" start="198" weeks="1111111111111110"/>
    <class days="1010000" id="933" room="21" start="126" weeks="1111111111111110"/>
    <class days="1010000" id="934" room="21" start="162" weeks="1111111111111110"/>
    <class days="1010100" id="935" room="21" start="114" weeks="1111111111111110"/>
    <class days="1010100" id="936" room="48" start="150" weeks="1111111111111110"/>
    <class days="1010100" id="937" room="71" start="174" weeks="1111111111111110"/>
    <class days="0000100" id="938" room="52" start="162" weeks="1111111111111110"/>
    <class days="1010100" id="939" room="26" start="114" weeks="1111111111111110"/>
    <class days="1010100" id="940" room="34" start="138" weeks="1111111111111110"/>
    <class days="1010100" id="941" room="62" start="150" weeks="1111111111111110"/>
    <class days="1010100" id="942" room="51" start="90" weeks="1111111111111110"/>
    <class days="0101000" id="943" room="45" start="162" weeks="1111111111111110"/>
    <class days="0101000" id="944" room="9" start="126" weeks="1111111111111110"/>
    <class days="0101000" id="945" room="9" start="144" weeks="1111111111111110"/>
    <class days="1010100" id="946" room="28" start="162" weeks="1111111111111110"/>
    <class days="0101000" id="947" room="54" start="126" weeks="1111111111111110"/>
    <class days="0001000" id="948" room="65" start="144" weeks="1111111111111110"/>
    <class days="0101000" id="949" room="67" start="114" weeks="1111111111111110"/>
    <class days="0101000" id="950" room="24" start="126" weeks="1111111111111110"/>
    <class days="0100000" id="951" room="25" start="162" weeks="1111111111111110"/>
    <class days="0000100" id="952" room="25" start="126" weeks="1111111111111110"/>
    <class days="0001000" id="953" room="25" start="198" weeks="1111111111111110"/>
    <class days="0010000" id="954" room="1" start="198" weeks="1111111111111110"/>
    <class days="0001000" id="955" room="54" start="216" weeks="1111111111111110"/>
    <class days="0100000" id="956" room="35" start="108" weeks="1111111111111110"/>
    <class days="0001000" id="957" room="22" start="114" weeks="1111111111111110"/>
    <class days="0001000" id="958" room="8" start="126" weeks="1111111111111110"/>
    <class days="0100000" id="959" room="8" start="96" weeks="1111111111111110"/>
    <class days="0010000" id="960" room="8" start="150" weeks="1111111111111110"/>
    <class days="0010000" id="961" room="8" start="168" weeks="1111111111111110"/>
    <class days="0100000" id="962" room="35" start="180" weeks="1111111111111110"/>
    <class days="0100000" id="963" room="24" start="162" weeks="1111111111111110"/>
    <class days="0001000" id="964" room="1" start="174" weeks="1111111111111110"/>
    <class days="0001000" id="965" room="1" start="186" weeks="1111111111111110"/>
    <class days="1000000" id="966" room="8" start="114" weeks="1011111111111110"/>
    <class days="0001000" id="967" room="8" start="102" weeks="1111111111111110"/>
    <class days="0100000" id="968" room="14" start="114" weeks="1111111111111110"/>
    <class days="0001000" id="969" room="16" start="114" weeks="1111111111111110"/>
    <class days="0000100" id="970" room="14" start="162" weeks="1111111111111110"/>
    <class days="1000000" id="971" room="14" start="114" weeks="1011111100000000"/>
    <class days="0000100" id="972" room="16" start="126" weeks="1111111111111110"/>
    <class days="0010000" id="973" room="16" start="126" weeks="0000000011111100"/>
    <class days="0000100" id="974" room="16" start="90" weeks="0000000011111110"/>
    <class days="0100000" id="975" room="14" start="90" weeks="0000000011111110"/>
    <class days="0010000" id="976" room="16" start="126" weeks="1111111100000000"/>
    <class days="1010000" id="977" room="16" start="138" weeks="1111111111111110"/>
    <class days="0010000" id="978" room="16" start="150" weeks="0000000011111110"/>
    <class days="0100000" id="979" room="16" start="138" weeks="1111111100000000"/>
    <class days="0000100" id="980" room="16" start="138" weeks="1111111100000000"/>
    <class days="0000100" id="981" room="16" start="102" weeks="0000000011111110"/>
    <class days="1000000" id="982" room="16" start="114" weeks="1011100000000000"/>
    <class days="0010100" id="983" room="16" start="114" weeks="1111100000000000"/>
    <class days="0100000" id="984" room="16" start="138" weeks="0000000011111110"/>
    <class days="0001000" id="985" room="16" start="102" weeks="0000000011111110"/>
    <class days="1000000" id="986" room="16" start="114" weeks="0000000011111110"/>
    <class days="1000000" id="987" room="16" start="102" weeks="1011111111111110"/>
    <class days="0100000" id="988" room="16" start="102" weeks="1111111111111110"/>
    <class days="0010000" id="989" room="16" start="150" weeks="1111111000000000"/>
    <class days="0100000" id="990" room="16" start="114" weeks="0000000111111110"/>
    <class days="0001000" id="991" room="14" start="114" weeks="0000000111111110"/>
    <class days="0000100" id="992" room="14" start="96" weeks="1111111111111110"/>
    <class days="1111100" id="993" room="14" start="150" weeks="1111111111111110"/>
    <class days="0101000" id="994" room="16" start="150" weeks="1111111111111110"/>
    <class days="1000000" id="995" room="16" start="150" weeks="1011111111111110"/>
    <class days="0100000" id="996" room="14" start="162" weeks="1111111111111110"/>
    <class days="0010000" id="997" room="16" start="96" weeks="1111111111111110"/>
    <class days="0010000" id="998" room="14" start="192" weeks="1111111111111110"/>
    <class days="0100000" id="999" room="45" start="126" weeks="1111111111111110"/>
    <class days="0101000" id="1000" room="52" start="162" weeks="1111111111111110"/>
    <class days="1000000" id="1001" room="1" start="162" weeks="1011111111111110"/>
</solution>
