fes;time;f
1;124;2147488102
3;173;2147488101
12;370;2147488100
20;489;2147488098
21;504;2147488097
24;547;2147488096
28;604;2147488095
33;673;2147488090
37;728;2147488089
38;742;2147488087
57;1023;2147488085
58;1037;2147488082
61;1082;2147488079
68;1205;2147488078
70;1236;2147488076
75;1309;2147488075
82;1408;2147488073
83;1423;2147488072
85;1453;2147488069
89;1511;2147488067
96;1612;2147488065
98;1640;2147488064
99;1654;2147488063
100;1669;2147488059
114;1888;2147488058
124;2028;2147488056
129;2102;2147488055
136;2205;2147488052
164;2607;2147488051
167;2651;2147488050
170;2692;2147488049
174;2748;2147488048
181;2846;2147488047
188;2942;2147488046
190;2970;2147488044
192;2998;2147488042
196;3054;2147488040
197;3068;2147488039
472;6891;2147488038
474;6907;2147488037
475;6922;2147488036
480;7000;2147488033
492;7172;2147488032
495;7204;2147488031
496;7219;2147488030
501;7313;2147487831
506;7375;2147487828
511;7438;2147487827
512;7453;2147487825
517;7532;2147487824
518;7532;2147487823
524;7625;2147487822
526;7641;2147487821
529;7688;2147487820
537;7797;2147487819
541;7844;2147487818
543;7875;2147487817
552;8000;2147487816
555;8047;2147487815
567;8203;2147487813
571;8266;2147487812
572;8266;2147487811
573;8281;2147487810
577;8344;2147487809
585;8453;2147487808
587;8484;2147487806
591;8531;2147487804
595;8594;2147487803
597;8609;2147487802
2358;32857;2147487801
2359;32872;2147487798
2361;32888;2147487797
2369;33029;2147487795
2373;33075;2147487793
2374;33091;2147487790
2379;33169;2147487789
2393;33372;2147487788
2395;33388;2147487785
2396;33404;2147487784
3186;44140;2147487781
3188;44171;2147487780
3191;44218;2147487779
3198;44312;2147487778
6105;84282;2147487774
6106;84297;2147487772
6109;84344;2147487771
6111;84360;2147487770
6117;84453;2147487769
6120;84485;2147487767
6126;84563;2147487766
6127;84578;2147487763
6128;84594;2147487762
6133;84672;2147487761
6136;84703;2147487760
6143;84813;2147487758
6144;84828;2147487757
6151;84922;2147487756
6156;84985;2147487750
6158;85016;2147487749
6160;85047;2147487748
6163;85078;2147487744
6164;85094;2147487742
6165;85110;2147487741
6167;85141;2147487740
6169;85172;2147487739
6170;85188;2147487738
6171;85203;2147487737
6172;85219;2147487735
6175;85250;2147487733
6176;85266;2147487731
6186;85406;2147487729
6190;85453;2147487728
6193;85500;2147487727
6197;85547;2147487726
6199;85578;2147487725
6210;85734;2147487724
6211;85750;2147487723
6214;85781;2147487722
6217;85828;2147487721
6218;85844;2147487720
6221;85875;2147487715
6224;85922;2147487711
6227;85969;2147487709
6236;86094;2147487707
6241;86174;2147487706
6243;86205;2147487705
6244;86221;2147487704
6266;86518;2147487703
6268;86549;2147487701
6272;86596;2147487700
6275;86643;2147487698
6277;86658;2147487697
6284;86752;2147487696
6287;86799;2147487695
6288;86814;2147487693
6297;86939;2147487692
6303;87018;2147487689
6306;87049;2147487685
6312;87127;2147487684
6314;87158;2147487680
6316;87189;2147487675
6328;87361;2147487673
6329;87377;2147487672
6330;87377;2147487670
6334;87439;2147487669
6335;87455;2147487667
6337;87471;2147487664
6345;87580;2147487663
6355;87720;2147487662
6358;87767;2147487661
6360;87783;2147487659
6367;87877;2147487657
6368;87892;2147487656
6381;88064;2147487655
6384;88111;2147487652
6387;88158;2147487650
6393;88236;2147487649
6396;88283;2147487643
6397;88298;2147487642
6400;88330;2147487641
7427;102320;2147487640
7435;102413;2147487638
7438;102460;2147487637
7440;102491;2147487636
7446;102570;2147487635
7448;102601;2147487634
7454;102679;2147487633
7460;102773;2147487632
7463;102804;2147487631
7484;103085;2147487630
7489;103163;2147487629
7494;103226;2147487627
7496;103257;2147487626
7497;103273;2147487624
7500;103319;2147487623
7505;103382;2147487619
7508;103429;2147487618
7516;103523;2147487617
7518;103554;2147487615
7521;103601;2147487614
7525;103663;2147487613
7530;103726;2147487612
7534;103772;2147487611
7539;103851;2147487609
7540;103851;2147487608
7542;103882;2147487607
7550;103991;2147487606
7557;104085;2147487604
7566;104210;2147487603
7570;104272;2147487601
7573;104304;2147487600
7587;104507;2147487599
7596;104632;2147487598
7599;104663;2147487596
7606;104757;2147487595
7607;104772;2147487594
7610;104819;2147487593
7611;104835;2147487592
7616;104897;2147487591
7621;104960;2147487588
7633;105132;2147487585
7639;105210;2147487584
7643;105272;2147487583
7650;105350;2147487582
7654;105413;2147487581
7658;105475;2147487580
7663;105538;2147487579
7666;105569;2147487577
7669;105616;2147487576
7671;105647;2147487575
7672;105663;2147487573
7676;105710;2147487571
7688;105881;2147487569
7691;105913;2147487568
7696;105991;2147487567
7700;106038;2147487566
7709;106165;2147487563
7711;106181;2147487562
7715;106244;2147487560
7720;106322;2147487558
7722;106337;2147487557
7724;106369;2147487556
7730;106447;2147487555
7732;106478;2147487552
7740;106587;2147487551
7741;106603;2147487549
7744;106634;2147487546
7745;106650;2147487545
7750;106728;2147487544
7759;106837;2147487543
7761;106868;2147487542
7764;106915;2147487540
7768;106962;2147487539
7769;106978;2147487536
7776;107072;2147487535
7783;107165;2147487534
7788;107243;2147487532
7791;107275;2147487531
7793;107306;2147487530
7797;107353;2147487529
7803;107431;2147487528
7813;107571;2147487526
7818;107634;2147487524
7823;107712;2147487523
7825;107728;2147487522
7837;107899;2147487519
7844;107993;2147487518
7851;108087;2147487516
7853;108118;2147487515
7860;108212;2147487514
7864;108274;2147487513
7879;108477;2147487512
7885;108556;2147487507
7886;108571;2147487506
7890;108634;2147487505
7894;108680;2147487504
7900;108759;2147487503
7902;108790;2147487502
7918;109009;2147487501
7927;109134;2147487500
7928;109149;2147487496
7934;109243;2147487495
7939;109305;2147487493
7943;109352;2147487492
7949;109446;2147487490
7952;109477;2147487489
7953;109493;2147487488
7957;109555;2147487487
7959;109587;2147487485
7967;109696;2147487482
7974;109790;2147487481
7975;109805;2147487479
7977;109836;2147487478
7987;109977;2147487477
7998;110118;2147487476
17724;242712;2147487475
17725;242728;2147487474
17726;242743;2147487472
17733;242837;2147487471
17743;242962;2147487470
17746;243009;2147487468
17752;243087;2147487467
17753;243103;2147487466
17762;243228;2147487463
17767;243306;2147487462
17770;243337;2147487461
17775;243415;2147487460
17793;243649;2147487456
17797;243712;2147487453
17801;243759;2147487452
17808;243852;2147487451
17812;243899;2147487449
17815;243946;2147487447
17820;244009;2147487445
17830;244149;2147487442
17836;244227;2147487441
17837;244243;2147487439
17840;244290;2147487437
17846;244368;2147487434
17848;244399;2147487433
17867;244649;2147487432
17871;244712;2147487431
17872;244727;2147487429
17877;244790;2147487427
17883;244868;2147487426
17886;244915;2147487425
17887;244930;2147487423
17893;245008;2147487422
17895;245040;2147487419
17896;245055;2147487418
17901;245118;2147487417
17910;245243;2147487414
17913;245290;2147487413
17917;245336;2147487412
17918;245352;2147487410
17930;245508;2147487409
17934;245571;2147487408
17947;245743;2147487407
17967;246024;2147487406
17975;246118;2147487400
17976;246133;2147487399
17979;246180;2147487398
17983;246227;2147487396
17985;246258;2147487395
17987;246292;2147487394
17989;246308;2147487393
17993;246371;2147487391
17994;246386;2147487388
17995;246402;2147487387
17997;246417;2147487384
18005;246527;2147487383
18018;246714;2147487382
18019;246730;2147487381
18024;246792;2147487380
18028;246839;2147487378
18030;246870;2147487377
18039;246995;2147487376
18054;247198;2147487374
18058;247261;2147487372
18072;247448;2147487371
18084;247605;2147487369
18092;247714;2147487368
18102;247855;2147487367
18103;247855;2147487366
18109;247948;2147487365
18112;247980;2147487364
18115;248026;2147487363
18116;248042;2147487361
18118;248073;2147487359
18119;248073;2147487358
18122;248120;2147487357
18128;248214;2147487356
18131;248245;2147487355
18136;248308;2147487354
18143;248401;2147487353
18148;248479;2147487349
18156;248604;2147487348
18161;248667;2147487347
18168;248761;2147487346
18172;248807;2147487345
18173;248823;2147487343
18184;248979;2147487341
18185;248979;2147487340
18195;249120;2147487339
18208;249307;2147487338
18215;249401;2147487337
18218;249448;2147487336
18222;249495;2147487335
18224;249526;2147487334
18229;249589;2147487332
18231;249620;2147487331
18232;249635;2147487329
18234;249667;2147487327
18237;249698;2147487326
18242;249760;2147487325
18244;249792;2147487322
18245;249807;2147487321
18247;249838;2147487319
18252;249901;2147487318
18254;249932;2147487315
18265;250073;2147487312
18283;250323;2147487311
18286;250354;2147487310
18290;250416;2147487309
18292;250448;2147487308
18301;250573;2147487307
18308;250666;2147487306
18309;250682;2147487305
18313;250729;2147487304
18330;250963;2147487302
18335;251026;2147487300
18339;251073;2147487297
18340;251088;2147487296
18343;251135;2147487295
18348;251213;2147487293
18357;251325;2147487292
18359;251357;2147487291
18360;251372;2147487290
18361;251388;2147487289
18363;251419;2147487287
18369;251497;2147487286
18371;251529;2147487282
18374;251560;2147487281
18378;251607;2147487280
18383;251685;2147487279
18404;251966;2147487277
18410;252044;2147487276
18416;252122;2147487275
18426;252263;2147487274
18432;252341;2147487272
18433;252356;2147487271
18436;252403;2147487270
18459;252716;2147487267
18460;252731;2147487265
18463;252778;2147487264
18464;252794;2147487263
18466;252810;2147487261
18469;252856;2147487260
18479;252981;2147487257
18482;253028;2147487256
18488;253106;2147487254
18489;253122;2147487251
18496;253216;2147487249
18501;253294;2147487244
18510;253403;2147487243
18514;253466;2147487242
18526;253637;2147487240
18540;253825;2147487239
18569;254215;2147487238
18574;254278;2147487237
18579;254356;2147487235
18581;254387;2147487234
18588;254481;2147487233
18603;254668;2147487230
18614;254825;2147487228
18627;254996;2147487226
18633;255090;2147487225
18634;255106;2147487224
18641;255200;2147487223
18642;255215;2147487222
18646;255262;2147487220
18647;255278;2147487217
18648;255293;2147487215
18652;255340;2147487212
18671;255606;2147487211
18677;255684;2147487209
18679;255715;2147487207
18688;255840;2147487206
18691;255871;2147487205
18695;255934;2147487204
18705;256075;2147487203
18712;256168;2147487202
18724;256342;2147487201
18726;256374;2147487198
18734;256467;2147487197
18740;256561;2147487196
18743;256592;2147487194
18745;256624;2147487193
18746;256639;2147487190
18749;256686;2147487189
18751;256702;2147487188
18760;256827;2147487185
18766;256905;2147487183
18777;257061;2147487182
18783;257139;2147487181
18786;257186;2147487179
18813;257561;2147487177
18816;257592;2147487174
18831;257795;2147487173
18832;257811;2147487171
18834;257842;2147487170
18837;257889;2147487169
18842;257951;2147487168
18849;258061;2147487167
18850;258076;2147487165
18868;258311;2147487163
18869;258326;2147487161
18871;258357;2147487160
18875;258404;2147487159
18892;258639;2147487157
18900;258748;2147487155
18903;258795;2147487153
18904;258810;2147487150
18905;258826;2147487148
18909;258873;2147487146
18913;258935;2147487145
18914;258951;2147487144
18919;259014;2147487143
18922;259060;2147487142
18937;259264;2147487141
18943;259357;2147487138
18944;259357;2147487137
18952;259467;2147487136
18961;259592;2147487135
18962;259607;2147487134
18965;259654;2147487133
18969;259701;2147487132
18981;259873;2147487131
18987;259951;2147487128
18996;260076;2147487127
18998;260091;2147487126
19000;260123;2147487124
19002;260154;2147487122
19008;260232;2147487120
19015;260326;2147487119
19020;260388;2147487118
19029;260513;2147487116
19030;260529;2147487115
19031;260529;2147487114
19046;260732;2147487113
19059;260919;2147487112
19060;260935;2147487111
19084;261263;2147487110
19094;261406;2147487109
19097;261437;2147487108
19098;261453;2147487107
19105;261546;2147487106
19117;261703;2147487105
19120;261749;2147487104
19131;261906;2147487102
19137;261984;2147487101
19139;262015;2147487100
19151;262171;2147487098
19153;262202;2147487097
19154;262202;2147487096
19156;262234;2147487094
19162;262312;2147487093
19169;262421;2147487092
19171;262437;2147487090
19192;262734;2147487089
19193;262749;2147487086
19197;262796;2147487085
37812;515610;2147487083
37821;515735;2147487082
37826;515813;2147487081
37831;515876;2147487079
37832;515891;2147487076
37837;515969;2147487075
37852;516157;2147487074
37868;516375;2147487073
37871;516409;2147487072
37879;516519;2147487071
37881;516550;2147487070
37883;516581;2147487069
37885;516613;2147487068
37898;516784;2147487067
37904;516863;2147487066
37907;516909;2147487065
37909;516925;2147487064
37913;516987;2147487062
37933;517269;2147487060
37934;517284;2147487059
37936;517300;2147487057
37938;517331;2147487056
37949;517487;2147487055
37954;517550;2147487054
37975;517831;2147487053
37976;517847;2147487052
37982;517925;2147487051
37985;517972;2147487050
37988;518018;2147487048
37991;518050;2147487047
37992;518065;2147487046
37995;518112;2147487044
38012;518347;2147487043
38016;518393;2147487042
38023;518487;2147487040
38037;518675;2147487039
38050;518846;2147487038
38058;518956;2147487037
38064;519034;2147487036
38066;519065;2147487035
38070;519112;2147487033
38074;519174;2147487030
38095;519456;2147487029
38097;519487;2147487028
38111;519674;2147487027
38112;519690;2147487026
38129;519924;2147487025
38139;520049;2147487024
38152;520237;2147487023
38167;520440;2147487022
38212;521049;2147487021
38217;521127;2147487020
38219;521143;2147487018
38228;521283;2147487015
38233;521346;2147487014
38237;521396;2147487012
38239;521427;2147487007
38240;521443;2147487006
38241;521458;2147487005
38250;521568;2147487004
38252;521599;2147487003
38253;521615;2147487002
38255;521630;2147487001
38272;521865;2147487000
38282;521989;2147486998
38288;522083;2147486994
38306;522318;2147486992
38308;522349;2147486991
38318;522489;2147486990
38323;522552;2147486988
38329;522630;2147486985
38330;522646;2147486984
38355;522974;2147486983
38357;523005;2147486982
38358;523021;2147486981
38359;523036;2147486978
38362;523083;2147486977
38363;523099;2147486976
38385;523395;2147486975
38391;523474;2147486973
38396;523536;2147486972
42209;574624;2147486971
42216;574718;2147486970
42224;574827;2147486968
42228;574889;2147486965
42230;574905;2147486964
42231;574921;2147486963
42235;574983;2147486962
42250;575171;2147486960
42253;575217;2147486959
42256;575264;2147486958
42257;575264;2147486957
42270;575436;2147486955
42279;575561;2147486953
42281;575592;2147486947
42287;575670;2147486946
42288;575686;2147486945
42294;575780;2147486943
42300;575858;2147486942
42320;576123;2147486941
42327;576217;2147486939
42328;576233;2147486938
42331;576280;2147486937
42340;576405;2147486935
42366;576752;2147486934
42369;576783;2147486933
42382;576955;2147486931
42391;577080;2147486930
42396;577142;2147486929
42399;577189;2147486926
42409;577330;2147486923
42412;577361;2147486922
42441;577767;2147486921
42457;577986;2147486918
42459;578001;2147486917
42464;578079;2147486916
42470;578157;2147486915
42475;578236;2147486914
42482;578314;2147486911
42486;578376;2147486910
42493;578470;2147486908
42504;578610;2147486907
42519;578814;2147486906
42522;578845;2147486905
42527;578923;2147486904
42541;579110;2147486903
42543;579142;2147486901
42544;579142;2147486900
42550;579235;2147486898
42556;579313;2147486897
42560;579376;2147486896
42571;579517;2147486895
42577;579595;2147486894
42589;579751;2147486893
42590;579766;2147486892
42595;579829;2147486891
42608;580016;2147486890
42611;580048;2147486889
42616;580126;2147486888
42621;580188;2147486887
42628;580282;2147486886
42630;580313;2147486885
42631;580329;2147486883
42644;580501;2147486882
42658;580688;2147486881
42690;581126;2147486879
42704;581329;2147486878
42710;581407;2147486875
42718;581518;2147486874
42723;581596;2147486872
42729;581674;2147486871
42734;581737;2147486869
42738;581784;2147486867
42763;582127;2147486866
42766;582174;2147486864
42767;582190;2147486863
42775;582299;2147486862
42779;582346;2147486860
42800;582627;2147486858
42808;582737;2147486857
42819;582893;2147486855
42824;582955;2147486854
42827;583002;2147486853
42829;583018;2147486852
42836;583112;2147486851
42840;583174;2147486849
42843;583221;2147486847
42851;583330;2147486844
42854;583377;2147486842
42861;583471;2147486841
42864;583502;2147486840
42865;583518;2147486839
42868;583565;2147486837
42886;583815;2147486836
42888;583830;2147486835
42889;583846;2147486834
42907;584096;2147486830
42915;584205;2147486829
42916;584221;2147486824
42927;584377;2147486823
42928;584377;2147486821
42929;584393;2147486820
42930;584408;2147486819
42937;584502;2147486818
42941;584564;2147486816
42944;584596;2147486815
42963;584846;2147486814
42968;584924;2147486813
42971;584955;2147486812
42984;585142;2147486811
42989;585221;2147486810
43012;585517;2147486809
43032;585799;2147486808
43039;585892;2147486807
43052;586064;2147486806
43065;586236;2147486804
43069;586298;2147486803
43075;586376;2147486802
43076;586392;2147486801
43093;586629;2147486800
43095;586645;2147486797
43099;586707;2147486795
43115;586910;2147486794
43126;587051;2147486793
43129;587098;2147486792
43130;587114;2147486791
43133;587145;2147486790
43135;587176;2147486789
43161;587535;2147486788
43169;587645;2147486787
43170;587660;2147486786
43178;587770;2147486784
43198;588035;2147486783
43199;588051;2147486782
43206;588145;2147486779
43210;588191;2147486778
43217;588285;2147486777
43238;588582;2147486776
43239;588582;2147486774
43240;588598;2147486772
43259;588863;2147486771
43268;588988;2147486770
43276;589082;2147486769
43290;589285;2147486768
43302;589441;2147486766
43308;589519;2147486764
43309;589535;2147486763
43313;589582;2147486762
43338;589916;2147486761
43339;589931;2147486754
43346;590025;2147486752
43369;590337;2147486747
43374;590400;2147486746
43386;590556;2147486744
43393;590650;2147486743
43397;590712;2147486742
43399;590743;2147486737
43404;590806;2147486736
43420;591025;2147486735
43433;591196;2147486734
43435;591228;2147486733
43453;591465;2147486732
43462;591590;2147486730
43464;591621;2147486728
43469;591683;2147486727
43470;591699;2147486726
43485;591886;2147486725
43494;592011;2147486723
43505;592168;2147486722
43507;592199;2147486721
43520;592371;2147486719
43540;592652;2147486718
43545;592714;2147486716
43558;592886;2147486715
43560;592917;2147486714
43568;593027;2147486713
43571;593058;2147486711
43573;593089;2147486709
43575;593121;2147486708
43581;593199;2147486707
43583;593230;2147486706
43594;593370;2147486704
43604;593511;2147486703
43614;593652;2147486702
43624;593777;2147486701
43635;593933;2147486699
43640;593995;2147486697
43649;594120;2147486696
43667;594355;2147486695
43675;594464;2147486693
43689;594667;2147486691
43690;594667;2147486689
43706;594886;2147486688
43708;594901;2147486685
43711;594948;2147486684
43721;595073;2147486683
43723;595104;2147486681
43730;595198;2147486680
43750;595479;2147486679
43751;595495;2147486678
43758;595573;2147486677
43770;595745;2147486675
43774;595792;2147486674
43781;595885;2147486673
43784;595932;2147486672
43813;596324;2147486671
43828;596514;2147486670
43832;596577;2147486669
43837;596639;2147486668
43843;596733;2147486665
43844;596748;2147486664
43849;596811;2147486662
43860;596967;2147486661
43866;597061;2147486660
43890;597373;2147486659
43892;597404;2147486658
43895;597436;2147486657
43896;597451;2147486656
43903;597545;2147486654
43906;597592;2147486652
43916;597732;2147486651
43920;597779;2147486648
43925;597842;2147486647
43935;597982;2147486646
43940;598061;2147486645
43961;598342;2147486643
43962;598357;2147486641
43973;598498;2147486639
44003;598888;2147486638
44015;599045;2147486637
44031;599263;2147486636
44032;599279;2147486635
44042;599420;2147486634
44048;599498;2147486633
44074;599841;2147486632
44088;600029;2147486631
44092;600076;2147486630
44114;600372;2147486629
44117;600404;2147486628
44131;600607;2147486626
44164;601044;2147486624
44180;601263;2147486622
44182;601294;2147486621
44191;601404;2147486620
44195;601469;2147486619
44207;601625;2147486618
44214;601719;2147486616
44226;601875;2147486615
44237;602031;2147486614
44243;602109;2147486612
44261;602344;2147486611
44266;602422;2147486610
44298;602844;2147486609
44305;602937;2147486608
44324;603187;2147486606
44325;603203;2147486604
44328;603234;2147486603
44338;603375;2147486601
44342;603422;2147486600
44346;603484;2147486599
44350;603531;2147486598
44359;603656;2147486596
44363;603703;2147486594
44370;603796;2147486592
44392;604078;2147486590
44394;604109;2147486588
44403;604234;2147486587
44404;604234;2147486585
44409;604312;2147486584
44421;604453;2147486583
44424;604499;2147486581
44437;604671;2147486580
44439;604703;2147486579
44452;604874;2147486578
44459;604968;2147486577
44460;604984;2147486576
44462;605015;2147486575
44463;605031;2147486574
44468;605093;2147486573
44475;605187;2147486572
44477;605202;2147486570
44483;605281;2147486569
44486;605327;2147486567
44488;605359;2147486564
44503;605546;2147486563
44527;605859;2147486561
44530;605905;2147486560
44539;606030;2147486559
44547;606124;2147486557
44551;606187;2147486556
44559;606296;2147486555
44604;606893;2147486554
44621;607127;2147486552
44627;607205;2147486551
44634;607299;2147486549
44635;607299;2147486548
44644;607424;2147486547
44673;607799;2147486546
44696;608111;2147486545
44706;608236;2147486544
44726;608502;2147486543
44731;608564;2147486542
44747;608783;2147486541
44753;608845;2147486540
44757;608908;2147486539
44759;608923;2147486538
44767;609033;2147486537
44769;609064;2147486535
44772;609111;2147486534
44785;609283;2147486532
44786;609283;2147486531
44790;609345;2147486530
44791;609361;2147486529
44793;609392;2147486528
44795;609408;2147486527
44799;609470;2147486525
89105;1199163;2147486523
89131;1199507;2147486522
89134;1199538;2147486521
89142;1199648;2147486520
89150;1199757;2147486519
89153;1199788;2147486517
89155;1199819;2147486516
89157;1199851;2147486515
89159;1199866;2147486514
89165;1199960;2147486512
89167;1199976;2147486511
89177;1200116;2147486509
89179;1200132;2147486507
89203;1200444;2147486506
89205;1200475;2147486505
89211;1200554;2147486504
89213;1200585;2147486503
89221;1200679;2147486501
89256;1201163;2147486500
89274;1201444;2147486499
89281;1201553;2147486498
89310;1201947;2147486497
89314;1201994;2147486496
89320;1202088;2147486495
89333;1202259;2147486494
89334;1202275;2147486492
89335;1202291;2147486490
89337;1202306;2147486489
89350;1202478;2147486488
89356;1202556;2147486487
89369;1202728;2147486484
89378;1202853;2147486483
89381;1202884;2147486482
89387;1202962;2147486481
89408;1203244;2147486480
89426;1203478;2147486479
89448;1203775;2147486477
89452;1203822;2147486476
89460;1203931;2147486475
89465;1203993;2147486474
89484;1204259;2147486473
89492;1204353;2147486472
89501;1204478;2147486471
89505;1204525;2147486470
89507;1204556;2147486469
89510;1204603;2147486468
89514;1204650;2147486466
89517;1204681;2147486465
89518;1204696;2147486464
89529;1204853;2147486463
89533;1204899;2147486462
89534;1204915;2147486461
89546;1205071;2147486460
89550;1205134;2147486459
89551;1205134;2147486457
89577;1205477;2147486456
89586;1205602;2147486455
96585;1297911;2147486453
96603;1298145;2147486452
96616;1298317;2147486451
96651;1298785;2147486450
96664;1298942;2147486449
96667;1298989;2147486448
96671;1299035;2147486447
96673;1299065;2147486446
96680;1299158;2147486444
96695;1299362;2147486443
96721;1299705;2147486441
96724;1299736;2147486440
96725;1299752;2147486439
96726;1299768;2147486438
96728;1299799;2147486437
96741;1299971;2147486436
96745;1300018;2147486435
96747;1300049;2147486434
96751;1300096;2147486433
96757;1300189;2147486431
96763;1300268;2147486430
96772;1300377;2147486428
96780;1300486;2147486427
96781;1300502;2147486425
96810;1300877;2147486422
96817;1300971;2147486421
96837;1301236;2147486420
96838;1301252;2147486419
96861;1301549;2147486418
96862;1301564;2147486416
96877;1301752;2147486415
96883;1301830;2147486414
96888;1301896;2147486412
96890;1301927;2147486411
96892;1301958;2147486410
96901;1302067;2147486409
96906;1302145;2147486408
96915;1302255;2147486407
96925;1302395;2147486406
96943;1302630;2147486405
96946;1302677;2147486403
96947;1302677;2147486401
96964;1302911;2147486398
96966;1302942;2147486397
96988;1303223;2147486396
96997;1303348;2147486395
97001;1303395;2147486394
97005;1303458;2147486393
97015;1303583;2147486392
97043;1303942;2147486391
97054;1304083;2147486390
97055;1304098;2147486389
97058;1304145;2147486388
97065;1304239;2147486387
97079;1304426;2147486386
97086;1304504;2147486385
97127;1305051;2147486384
97133;1305129;2147486383
97134;1305145;2147486382
97140;1305223;2147486380
97141;1305239;2147486379
97146;1305301;2147486378
97147;1305317;2147486377
97150;1305348;2147486376
97161;1305488;2147486375
97167;1305582;2147486373
97170;1305613;2147486372
97174;1305660;2147486371
97181;1305754;2147486370
97186;1305832;2147486368
97196;1305957;2147486367
97203;1306051;2147486364
97206;1306082;2147486363
97219;1306254;2147486362
97226;1306348;2147486361
97229;1306394;2147486360
97230;1306394;2147486359
97291;1307210;2147486357
97309;1307460;2147486354
97316;1307554;2147486353
97337;1307819;2147486352
97339;1307850;2147486351
97342;1307882;2147486350
97354;1308053;2147486349
97378;1308366;2147486348
97383;1308428;2147486347
97387;1308475;2147486346
97392;1308553;2147486345
97395;1308585;2147486344
97408;1308756;2147486343
97417;1308866;2147486342
97428;1309022;2147486341
97443;1309225;2147486338
97460;1309444;2147486337
97492;1309865;2147486336
97496;1309912;2147486335
97502;1309990;2147486334
97516;1310178;2147486332
97548;1310615;2147486331
97552;1310662;2147486330
97608;1311412;2147486329
97633;1311740;2147486328
97637;1311803;2147486327
97644;1311883;2147486326
97645;1311899;2147486325
97652;1311993;2147486323
97690;1312508;2147486322
97708;1312742;2147486321
97713;1312805;2147486319
97716;1312852;2147486315
97720;1312914;2147486313
97737;1313133;2147486312
97745;1313227;2147486310
97749;1313289;2147486309
97750;1313305;2147486308
97751;1313320;2147486307
97766;1313508;2147486306
97777;1313648;2147486305
97794;1313883;2147486304
97806;1314039;2147486303
97811;1314117;2147486301
97815;1314164;2147486300
97818;1314211;2147486297
97827;1314320;2147486296
97828;1314336;2147486295
97833;1314398;2147486294
97836;1314445;2147486293
97850;1314633;2147486291
97862;1314789;2147486290
97877;1314976;2147486289
97879;1315008;2147486288
97891;1315164;2147486287
97898;1315257;2147486285
97931;1315711;2147486284
97957;1316054;2147486283
97960;1316085;2147486281
97962;1316117;2147486280
97972;1316242;2147486279
97989;1316476;2147486277
98018;1316851;2147486276
98025;1316948;2147486275
98043;1317182;2147486274
98082;1317697;2147486273
98106;1318026;2147486272
98117;1318166;2147486271
98143;1318510;2147486270
98155;1318666;2147486269
98157;1318697;2147486268
98164;1318775;2147486267
98168;1318838;2147486266
98171;1318869;2147486265
98177;1318947;2147486264
98179;1318978;2147486261
98205;1319322;2147486260
98207;1319338;2147486259
98233;1319697;2147486258
98247;1319869;2147486257
98253;1319947;2147486256
98259;1320025;2147486254
98282;1320337;2147486253
98285;1320369;2147486252
98297;1320525;2147486251
98332;1320994;2147486250
98336;1321040;2147486249
98345;1321165;2147486248
98350;1321244;2147486247
98367;1321462;2147486246
98373;1321540;2147486245
98375;1321572;2147486243
98421;1322214;2147486242
98425;1322261;2147486241
98429;1322323;2147486240
98435;1322401;2147486239
98452;1322620;2147486238
98459;1322714;2147486237
98492;1323151;2147486236
98493;1323167;2147486235
98510;1323401;2147486234
98529;1323651;2147486233
98559;1324042;2147486232
98560;1324057;2147486231
98561;1324057;2147486230
98562;1324073;2147486229
98563;1324088;2147486228
98573;1324213;2147486227
98576;1324260;2147486226
98581;1324323;2147486225
98584;1324370;2147486224
98585;1324385;2147486223
98590;1324448;2147486222
98606;1324666;2147486221
98617;1324807;2147486220
98627;1324932;2147486219
98641;1325119;2147486218
98647;1325198;2147486216
98664;1325416;2147486215
98669;1325494;2147486213
98679;1325619;2147486212
98684;1325682;2147486211
98690;1325760;2147486210
98699;1325885;2147486209
98706;1325979;2147486208
98719;1326150;2147486207
98727;1326244;2147486206
98743;1326463;2147486205
98750;1326557;2147486204
98753;1326603;2147486203
98756;1326635;2147486202
98767;1326775;2147486201
98778;1326933;2147486200
98785;1327012;2147486199
98796;1327168;2147486198
98805;1327293;2147486196
98813;1327387;2147486195
98820;1327480;2147486194
98843;1327793;2147486193
98844;1327808;2147486192
98855;1327949;2147486191
98884;1328339;2147486189
98904;1328589;2147486188
98916;1328761;2147486187
98920;1328808;2147486185
98924;1328871;2147486184
98925;1328886;2147486183
98948;1329183;2147486182
98956;1329292;2147486180
98976;1329558;2147486179
98980;1329605;2147486178
98992;1329761;2147486177
99009;1329995;2147486176
99015;1330073;2147486174
99017;1330105;2147486173
99028;1330245;2147486172
99031;1330276;2147486170
99042;1330417;2147486169
99043;1330433;2147486168
99079;1330917;2147486167
99093;1331120;2147486166
99123;1331511;2147486165
99147;1331823;2147486164
99187;1332357;2147486163
99196;1332466;2147486162
99202;1332544;2147486153
99207;1332622;2147486152
99229;1332919;2147486150
99234;1332982;2147486149
99239;1333060;2147486148
99243;1333107;2147486146
99266;1333419;2147486145
99269;1333466;2147486141
99283;1333653;2147486140
99309;1333997;2147486139
99311;1334013;2147486138
99323;1334169;2147486137
99342;1334419;2147486136
99364;1334716;2147486135
99381;1334934;2147486134
99392;1335075;2147486133
99402;1335200;2147486132
99412;1335340;2147486131
99418;1335403;2147486130
99424;1335481;2147486129
99429;1335559;2147486128
99447;1335793;2147486127
99450;1335825;2147486126
99461;1335965;2147486125
99470;1336090;2147486124
99520;1336762;2147486123
99524;1336809;2147486122
99533;1336918;2147486121
99551;1337168;2147486120
99557;1337246;2147486119
99558;1337246;2147486118
99559;1337262;2147486117
99563;1337324;2147486116
99576;1337496;2147486115
99584;1337606;2147486114
99588;1337652;2147486113
99590;1337684;2147486112
99594;1337730;2147486111
99598;1337793;2147486110
99601;1337824;2147486109
99603;1337855;2147486108
99621;1338090;2147486107
99632;1338246;2147486106
99642;1338371;2147486105
99673;1338793;2147486104
99684;1338933;2147486103
99690;1339011;2147486102
99695;1339074;2147486101
99699;1339121;2147486100
99706;1339214;2147486099
99730;1339527;2147486098
99765;1339996;2147486097
99769;1340058;2147486094
99770;1340058;2147486092
99777;1340152;2147486090
99784;1340246;2147486089
99795;1340402;2147486088
99819;1340714;2147486087
99843;1341027;2147486086
99853;1341152;2147486085
99857;1341214;2147486083
99878;1341495;2147486081
99882;1341542;2147486080
99885;1341589;2147486079
99900;1341776;2147486076
99980;1342841;2147486075
99995;1343028;2147486073
99997;1343059;2147486072
100008;1343200;2147486071
100016;1343294;2147486070
100021;1343372;2147486068
100025;1343419;2147486067
100026;1343434;2147486064
100027;1343450;2147486063
100028;1343466;2147486062
100034;1343544;2147486061
100041;1343637;2147486060
100055;1343825;2147486059
100060;1343887;2147486057
100094;1344356;2147486056
100114;1344622;2147486055
100117;1344653;2147486054
100123;1344731;2147486053
100149;1345090;2147486052
100157;1345200;2147486051
100159;1345215;2147486050
100178;1345465;2147486049
100180;1345481;2147486048
100195;1345684;2147486047
100198;1345731;2147486046
100200;1345746;2147486044
100225;1346074;2147486043
100250;1346402;2147486041
100272;1346699;2147486040
100308;1347186;2147486038
100321;1347367;2147486037
100324;1347398;2147486036
100358;1347866;2147486035
100359;1347866;2147486034
100379;1348132;2147486033
100389;1348273;2147486032
100391;1348288;2147486031
100419;1348663;2147486030
100423;1348710;2147486029
100426;1348757;2147486028
100431;1348819;2147486026
100434;1348851;2147486025
100462;1349225;2147486024
100473;1349366;2147486023
100475;1349382;2147486022
100478;1349429;2147486020
100488;1349554;2147486019
100518;1349960;2147486013
100540;1350257;2147486012
100543;1350288;2147486011
100555;1350444;2147486010
100599;1351038;2147486009
100630;1351459;2147486008
100636;1351537;2147486006
100652;1351741;2147486005
100666;1351928;2147486004
100674;1352037;2147486003
100680;1352115;2147486002
100689;1352240;2147486001
100691;1352256;2147486000
100701;1352397;2147485999
100734;1352818;2147485998
100788;1353553;2147485995
100811;1353849;2147485994
100846;1354318;2147485992
100861;1354506;2147485991
100869;1354615;2147485990
100870;1354630;2147485988
100888;1354865;2147485987
100915;1355240;2147485985
100936;1355521;2147485984
100963;1355880;2147485983
100992;1356255;2147485982
100994;1356286;2147485981
101015;1356568;2147485980
101023;1356661;2147485979
101068;1357242;2147485978
101095;1357601;2147485976
101121;1357960;2147485975
101143;1358241;2147485974
101145;1358273;2147485973
101153;1358382;2147485972
101159;1358460;2147485971
101205;1359069;2147485970
101224;1359335;2147485969
101233;1359444;2147485968
101240;1359538;2147485967
101243;1359585;2147485966
101254;1359725;2147485964
101265;1359866;2147485963
101272;1359975;2147485962
101285;1360147;2147485961
101313;1360522;2147485960
101347;1361006;2147485959
101349;1361038;2147485958
101380;1361444;2147485956
101382;1361475;2147485955
101397;1361678;2147485954
101426;1362055;2147485953
101433;1362149;2147485951
101443;1362289;2147485950
101444;1362305;2147485949
101445;1362305;2147485947
101473;1362696;2147485946
101479;1362774;2147485945
101480;1362789;2147485943
101491;1362930;2147485941
101512;1363211;2147485940
101517;1363274;2147485939
101523;1363352;2147485938
101529;1363445;2147485937
101532;1363477;2147485932
101540;1363586;2147485931
101545;1363648;2147485930
101550;1363711;2147485929
101556;1363805;2147485928
101557;1363805;2147485926
101578;1364086;2147485924
101582;1364148;2147485922
101602;1364398;2147485920
101609;1364492;2147485919
101635;1364836;2147485918
101641;1364929;2147485917
101643;1364945;2147485916
101651;1365054;2147485915
101659;1365164;2147485914
101674;1365351;2147485913
101680;1365429;2147485912
101694;1365617;2147485911
101696;1365632;2147485910
101710;1365820;2147485909
101720;1365960;2147485908
101733;1366132;2147485907
101770;1366617;2147485906
101771;1366632;2147485905
101774;1366679;2147485904
101782;1366773;2147485902
101792;1366913;2147485901
101823;1367321;2147485900
101832;1367431;2147485899
101844;1367587;2147485898
101884;1368118;2147485897
101888;1368165;2147485896
101949;1368977;2147485894
101963;1369149;2147485893
101970;1369243;2147485891
101984;1369430;2147485890
101992;1369540;2147485889
102011;1369774;2147485888
102033;1370071;2147485887
102035;1370102;2147485886
102089;1370805;2147485885
102122;1371242;2147485884
102128;1371321;2147485883
102146;1371555;2147485882
102148;1371586;2147485881
102166;1371820;2147485880
102178;1371979;2147485878
102224;1372588;2147485877
102235;1372744;2147485874
102236;1372744;2147485873
102245;1372869;2147485872
102283;1373384;2147485871
102301;1373619;2147485870
102303;1373650;2147485869
102309;1373728;2147485868
102321;1373884;2147485867
102323;1373916;2147485866
102387;1374759;2147485865
102397;1374884;2147485864
102398;1374900;2147485862
204647;2734274;2147485861
204654;2734367;2147485860
204672;2734602;2147485859
204679;2734695;2147485858
204682;2734727;2147485857
204685;2734773;2147485856
204707;2735055;2147485855
204709;2735086;2147485854
204752;2735648;2147485853
204765;2735820;2147485852
204781;2736039;2147485851
204790;2736148;2147485850
217292;2901236;2147485849
217294;2901252;2147485848
217340;2901861;2147485847
217364;2902189;2147485846
217372;2902298;2147485844
217379;2902392;2147485842
217408;2902767;2147485840
217417;2902892;2147485839
217424;2902970;2147485838
217428;2903033;2147485837
217431;2903080;2147485836
217444;2903251;2147485834
217460;2903454;2147485833
217477;2903673;2147485832
217486;2903798;2147485831
217508;2904095;2147485830
217547;2904595;2147485829
217553;2904673;2147485828
217562;2904782;2147485827
217577;2904985;2147485825
217603;2905329;2147485824
217605;2905360;2147485823
217631;2905704;2147485822
217656;2906048;2147485820
217659;2906079;2147485819
217674;2906266;2147485818
217689;2906469;2147485815
217696;2906563;2147485814
217699;2906610;2147485812
217700;2906626;2147485811
217717;2906844;2147485810
217740;2907157;2147485809
217741;2907157;2147485807
217744;2907204;2147485806
217746;2907235;2147485805
217799;2907926;2147485804
217809;2908066;2147485803
217810;2908066;2147485802
217825;2908269;2147485801
217828;2908300;2147485800
217865;2908800;2147485799
217888;2909113;2147485798
217924;2909581;2147485796
217988;2910409;2147485795
218011;2910706;2147485794
218028;2910925;2147485793
218036;2911034;2147485792
218042;2911112;2147485791
218070;2911472;2147485790
218091;2911753;2147485789
218144;2912440;2147485788
218147;2912487;2147485787
218151;2912534;2147485786
218167;2912740;2147485785
218174;2912849;2147485784
218212;2913334;2147485783
218263;2914021;2147485782
218265;2914037;2147485780
218296;2914458;2147485779
218297;2914474;2147485778
218317;2914740;2147485777
218323;2914818;2147485776
218353;2915224;2147485775
218357;2915271;2147485774
218363;2915349;2147485772
218385;2915646;2147485771
218387;2915677;2147485770
218391;2915724;2147485769
218398;2915817;2147485768
218408;2915958;2147485767
218428;2916208;2147485766
218446;2916458;2147485765
218456;2916583;2147485764
218461;2916645;2147485763
218511;2917317;2147485762
218513;2917333;2147485761
218531;2917583;2147485760
218561;2917961;2147485759
218568;2918055;2147485758
218601;2918492;2147485756
218626;2918820;2147485755
218629;2918867;2147485754
218649;2919132;2147485753
218730;2920210;2147485752
218736;2920288;2147485751
218746;2920429;2147485750
218747;2920429;2147485748
218748;2920445;2147485746
218749;2920460;2147485745
218770;2920742;2147485744
218781;2920882;2147485743
218815;2921335;2147485742
218817;2921366;2147485741
218824;2921460;2147485739
218850;2921804;2147485738
218893;2922366;2147485737
218894;2922382;2147485736
218922;2922760;2147485734
218940;2922994;2147485733
219003;2923822;2147485732
219009;2923900;2147485731
219025;2924119;2147485730
219048;2924416;2147485729
219057;2924540;2147485727
219067;2924681;2147485726
219074;2924759;2147485725
219084;2924900;2147485724
219088;2924947;2147485722
219121;2925384;2147485720
219132;2925525;2147485719
219154;2925821;2147485717
219177;2926134;2147485716
219186;2926259;2147485714
219197;2926399;2147485713
219213;2926618;2147485711
219235;2926915;2147485710
219254;2927165;2147485709
219264;2927290;2147485708
219276;2927446;2147485707
219280;2927509;2147485706
219294;2927696;2147485704
219301;2927777;2147485703
219304;2927824;2147485702
219312;2927918;2147485701
219316;2927980;2147485699
219319;2928011;2147485698
219336;2928246;2147485697
219351;2928449;2147485696
219363;2928605;2147485693
219365;2928620;2147485692
219389;2928964;2147485691
219405;2929167;2147485690
219412;2929261;2147485689
219447;2929730;2147485688
219455;2929839;2147485687
219464;2929948;2147485686
219478;2930136;2147485685
219481;2930183;2147485684
219489;2930292;2147485683
219519;2930683;2147485682
219520;2930698;2147485681
219538;2930948;2147485679
219539;2930948;2147485678
219584;2931557;2147485677
219618;2931995;2147485676
219660;2932557;2147485674
219701;2933106;2147485673
219705;2933153;2147485672
219709;2933215;2147485671
219718;2933325;2147485670
219796;2934371;2147485669
219799;2934418;2147485668
219832;2934856;2147485667
219839;2934949;2147485666
219843;2934996;2147485665
219863;2935262;2147485664
219896;2935684;2147485663
219926;2936090;2147485661
219929;2936121;2147485660
219947;2936371;2147485659
219964;2936590;2147485658
219973;2936699;2147485657
219983;2936824;2147485656
219990;2936933;2147485655
219999;2937043;2147485654
220026;2937402;2147485653
220048;2937699;2147485649
220069;2937982;2147485648
220070;2937998;2147485647
220071;2938014;2147485646
220080;2938123;2147485645
220101;2938404;2147485644
220108;2938498;2147485643
220211;2939857;2147485642
220229;2940107;2147485641
220233;2940154;2147485640
220243;2940294;2147485639
220263;2940560;2147485638
220269;2940638;2147485637
220300;2941044;2147485636
220346;2941653;2147485635
220369;2941966;2147485634
220382;2942138;2147485633
220393;2942278;2147485632
220395;2942309;2147485631
220417;2942606;2147485629
220448;2943012;2147485628
220469;2943294;2147485627
220482;2943465;2147485625
220503;2943731;2147485624
220511;2943840;2147485623
220513;2943872;2147485622
220530;2944090;2147485621
220550;2944356;2147485620
220577;2944715;2147485619
220594;2944934;2147485618
220635;2945480;2147485617
220640;2945559;2147485616
220655;2945746;2147485614
220659;2945809;2147485612
220698;2946324;2147485611
220755;2947058;2147485610
220775;2947324;2147485609
220810;2947811;2147485608
220814;2947858;2147485607
220828;2948045;2147485606
220839;2948201;2147485605
220850;2948358;2147485604
220941;2949576;2147485603
220963;2949857;2147485602
221011;2950482;2147485601
221013;2950513;2147485600
221014;2950529;2147485599
221023;2950638;2147485598
221027;2950701;2147485597
221053;2951045;2147485596
221127;2952029;2147485595
221130;2952076;2147485594
221152;2952357;2147485593
221165;2952529;2147485590
221166;2952529;2147485589
221172;2952622;2147485588
221179;2952716;2147485587
221190;2952859;2147485586
221195;2952937;2147485585
221199;2952984;2147485584
221207;2953093;2147485583
221236;2953484;2147485582
221279;2954062;2147485581
221284;2954125;2147485580
221301;2954359;2147485579
221317;2954578;2147485578
221327;2954703;2147485577
221340;2954890;2147485576
221388;2955531;2147485575
221405;2955765;2147485574
221441;2956234;2147485573
221443;2956265;2147485572
221477;2956718;2147485571
221488;2956858;2147485570
221499;2957015;2147485569
221501;2957030;2147485568
221526;2957374;2147485567
221558;2957798;2147485566
221568;2957939;2147485565
221578;2958064;2147485564
221587;2958188;2147485563
221606;2958438;2147485562
221617;2958579;2147485561
221655;2959095;2147485560
221716;2959938;2147485559
221760;2960532;2147485558
221765;2960594;2147485556
221804;2961125;2147485555
221828;2961453;2147485554
221884;2962188;2147485553
221885;2962203;2147485552
221935;2962878;2147485551
221952;2963113;2147485550
222027;2964112;2147485549
222039;2964269;2147485548
222071;2964690;2147485547
222105;2965179;2147485546
222107;2965211;2147485545
222110;2965257;2147485544
222115;2965320;2147485543
222179;2966163;2147485542
222181;2966195;2147485541
222211;2966601;2147485540
222246;2967054;2147485539
222262;2967273;2147485538
222267;2967335;2147485536
222286;2967585;2147485535
222296;2967710;2147485534
222346;2968385;2147485533
222349;2968432;2147485532
222410;2969275;2147485531
222420;2969416;2147485530
222446;2969760;2147485529
222479;2970181;2147485528
222501;2970478;2147485527
222538;2970962;2147485526
222544;2971056;2147485525
222576;2971478;2147485524
222602;2971822;2147485523
222606;2971868;2147485522
222609;2971915;2147485521
222624;2972103;2147485520
222631;2972197;2147485519
222639;2972306;2147485518
222647;2972400;2147485517
222672;2972728;2147485516
222673;2972746;2147485515
222674;2972762;2147485514
222695;2973043;2147485513
222741;2973652;2147485512
222759;2973902;2147485511
222808;2974542;2147485510
222829;2974808;2147485509
222863;2975261;2147485508
222905;2975823;2147485507
222918;2975995;2147485506
222957;2976495;2147485505
222962;2976573;2147485504
222988;2976901;2147485503
222997;2977026;2147485502
223006;2977151;2147485501
223016;2977276;2147485500
223046;2977667;2147485499
223105;2978451;2147485498
223119;2978638;2147485497
223129;2978763;2147485496
223155;2979107;2147485495
223198;2979685;2147485494
223233;2980138;2147485493
223234;2980154;2147485492
223252;2980388;2147485491
223256;2980435;2147485490
223261;2980497;2147485489
223288;2980872;2147485488
223318;2981263;2147485487
223373;2981981;2147485486
223375;2982012;2147485485
223381;2982091;2147485484
223394;2982262;2147485483
223414;2982528;2147485482
223427;2982700;2147485480
223504;2983717;2147485479
223512;2983811;2147485478
223518;2983889;2147485477
223580;2984733;2147485476
223583;2984764;2147485475
223585;2984795;2147485474
223592;2984889;2147485472
223594;2984920;2147485471
223599;2984983;2147485470
223623;2985295;2147485469
223660;2985779;2147485468
223703;2986357;2147485467
223743;2986873;2147485466
223770;2987232;2147485465
223780;2987373;2147485464
223788;2987466;2147485463
223795;2987560;2147485462
223801;2987638;2147485461
223802;2987654;2147485460
223811;2987781;2147485459
223826;2987969;2147485457
223864;2988468;2147485456
223892;2988843;2147485455
223893;2988843;2147485454
223896;2988890;2147485453
223914;2989125;2147485452
223948;2989578;2147485451
224035;2990718;2147485450
224098;2991546;2147485447
224128;2991952;2147485446
224178;2992608;2147485445
224194;2992830;2147485444
224202;2992924;2147485443
224226;2993236;2147485442
224270;2993814;2147485441
224278;2993924;2147485440
224282;2993971;2147485439
224321;2994486;2147485438
224347;2994830;2147485437
224359;2994986;2147485436
224361;2995017;2147485434
224376;2995220;2147485431
224409;2995642;2147485430
224421;2995798;2147485429
224490;2996704;2147485428
224503;2996876;2147485427
224548;2997454;2147485426
224565;2997689;2147485425
224566;2997704;2147485424
224579;2997879;2147485423
224584;2997942;2147485422
224588;2997988;2147485421
224595;2998082;2147485420
224626;2998488;2147485419
224638;2998645;2147485418
224657;2998894;2147485416
224780;3000519;2147485415
224812;3000956;2147485413
224911;3002253;2147485412
224952;3002788;2147485411
224953;3002803;2147485410
224999;3003412;2147485409
225088;3004600;2147485408
225092;3004647;2147485407
225101;3004771;2147485406
225120;3005021;2147485405
225125;3005100;2147485404
225145;3005365;2147485403
225159;3005537;2147485402
225161;3005568;2147485399
225277;3007099;2147485398
225315;3007599;2147485396
225394;3008648;2147485395
225415;3008929;2147485394
225424;3009054;2147485393
225432;3009147;2147485392
225460;3009522;2147485391
225561;3010850;2147485390
225564;3010897;2147485389
225596;3011319;2147485388
225619;3011631;2147485385
225621;3011647;2147485384
225654;3012100;2147485382
225658;3012147;2147485381
225672;3012334;2147485380
225673;3012350;2147485379
225696;3012647;2147485378
225730;3013102;2147485377
225741;3013243;2147485376
225743;3013274;2147485375
225794;3013946;2147485373
225795;3013961;2147485372
225837;3014524;2147485371
225847;3014649;2147485370
225951;3016039;2147485369
225973;3016320;2147485368
226037;3017179;2147485367
226044;3017273;2147485366
226049;3017336;2147485365
226067;3017570;2147485364
226091;3017900;2147485363
226109;3018135;2147485362
226121;3018291;2147485361
226168;3018916;2147485360
226187;3019166;2147485359
226242;3019900;2147485358
226262;3020165;2147485356
226270;3020275;2147485355
226285;3020478;2147485354
226291;3020556;2147485353
226304;3020728;2147485352
226327;3021040;2147485351
226361;3021493;2147485350
226386;3021837;2147485349
226431;3022430;2147485348
226504;3023401;2147485347
226535;3023810;2147485346
226540;3023872;2147485345
226546;3023950;2147485343
226595;3024606;2147485342
226610;3024809;2147485341
226668;3025559;2147485340
226688;3025825;2147485339
226699;3025981;2147485338
226709;3026106;2147485337
226725;3026325;2147485336
226772;3026965;2147485335
226788;3027168;2147485334
226798;3027309;2147485333
226809;3027449;2147485332
226814;3027512;2147485331
226819;3027574;2147485330
226889;3028514;2147485329
226921;3028951;2147485328
226938;3029170;2147485327
226947;3029295;2147485326
226960;3029451;2147485325
226967;3029545;2147485324
226975;3029654;2147485323
226979;3029701;2147485322
227029;3030373;2147485321
227083;3031075;2147485320
227100;3031310;2147485319
227180;3032372;2147485318
227229;3033015;2147485317
227284;3033749;2147485316
227298;3033937;2147485315
227301;3033968;2147485314
227322;3034249;2147485312
227334;3034405;2147485311
227395;3035233;2147485310
227415;3035499;2147485308
227424;3035624;2147485307
227458;3036077;2147485306
227486;3036436;2147485305
227505;3036686;2147485304
227538;3037139;2147485303
227551;3037311;2147485302
227613;3038127;2147485301
227649;3038595;2147485300
227686;3039079;2147485299
227723;3039579;2147485298
227779;3040298;2147485297
228060;3044034;2147485296
228161;3045377;2147485294
228199;3045877;2147485293
228202;3045924;2147485292
228223;3046190;2147485290
228236;3046362;2147485289
228255;3046612;2147485288
228265;3046736;2147485287
228266;3046752;2147485286
228275;3046877;2147485285
228308;3047330;2147485284
228314;3047408;2147485283
228340;3047752;2147485282
228435;3049035;2147485281
228493;3049816;2147485280
228529;3050285;2147485279
228558;3050675;2147485278
228606;3051316;2147485276
228619;3051488;2147485275
228631;3051644;2147485274
228673;3052191;2147485273
228681;3052300;2147485272
228696;3052503;2147485271
228754;3053272;2147485270
228810;3054006;2147485269
228817;3054100;2147485268
228830;3054271;2147485267
228839;3054396;2147485266
228850;3054537;2147485265
228860;3054662;2147485264
228865;3054740;2147485263
228922;3055490;2147485262
228924;3055521;2147485261
228929;3055584;2147485260
228935;3055662;2147485259
228970;3056115;2147485257
228973;3056162;2147485256
229004;3056568;2147485255
229013;3056693;2147485254
229040;3057052;2147485253
229053;3057208;2147485252
229071;3057458;2147485251
229111;3057991;2147485250
229163;3058679;2147485249
229212;3059335;2147485248
229227;3059538;2147485247
229273;3060147;2147485245
229295;3060444;2147485243
229302;3060538;2147485242
229323;3060819;2147485241
229338;3061006;2147485238
229354;3061225;2147485237
229382;3061600;2147485236
229386;3061647;2147485235
229441;3062381;2147485234
229468;3062740;2147485233
229493;3063086;2147485232
229561;3063992;2147485231
229617;3064742;2147485230
229635;3064976;2147485229
229694;3065741;2147485228
229795;3067069;2147485227
229899;3068431;2147485226
229906;3068525;2147485225
229936;3068915;2147485224
229938;3068947;2147485223
229981;3069509;2147485222
229999;3069759;2147485221
230001;3069774;2147485220
230010;3069899;2147485219
230172;3072055;2147485218
230236;3072902;2147485217
230237;3072917;2147485216
230270;3073339;2147485215
230364;3074589;2147485214
#
# name: Hill Climbing RS
# algorithm_class: solver.HillClimbingWithRS
# instance: agh-fal17
# seed: 1879556108212712410
# bestF: 2147485214
# DTF: 1566
# cost: 228980
# startTime: 1767679498911
# totalTime: 32811789
# totalFEs: 300281
# maxFEs: 9223372036854775807
# maxMilliSeconds: 14400000
# maxSeconds: 14400
#
<?xml version="1.0" encoding="UTF-8" standalone="no"?>
<solution author="ScholORs" cores="1" country="China and Malaysia" institution="Bejing/Hefei/Malaysia" name="agh-fal17" runtime="14400" technique="hillclimbingwithrs">
    <class days="0001000" id="1" room="268" start="116" weeks="011110000000000000"/>
    <class days="0000100" id="2" room="32" start="126" weeks="000111111111001111"/>
    <class days="0100000" id="3" room="32" start="116" weeks="000111111111100111"/>
    <class days="0100000" id="4" room="208" start="136" weeks="011111111111100111"/>
    <class days="0001000" id="5" room="248" start="150" weeks="010100101010100101"/>
    <class days="0100000" id="6" room="248" start="204" weeks="010101010101000101"/>
    <class days="0001000" id="7" room="248" start="204" weeks="001010010101001010"/>
    <class days="0001000" id="8" room="248" start="204" weeks="010100101010100101"/>
    <class days="0001000" id="9" room="248" start="204" weeks="010100101010100101"/>
    <class days="0001000" id="10" room="248" start="150" weeks="001010010101001010"/>
    <class days="0001000" id="11" room="209" start="114" weeks="010100101010100101"/>
    <class days="0001000" id="12" room="209" start="114" weeks="001010010101001010"/>
    <class days="0001000" id="13" room="245" start="150" weeks="001010010101001010"/>
    <class days="0001000" id="14" room="245" start="150" weeks="010100101010100101"/>
    <class days="0001000" id="15" room="245" start="150" weeks="010100101010100101"/>
    <class days="0001000" id="16" room="245" start="150" weeks="001010010101001010"/>
    <class days="0001000" id="17" room="245" start="132" weeks="010100101010100101"/>
    <class days="0001000" id="18" room="245" start="132" weeks="001010010101001010"/>
    <class days="0000100" id="19" room="245" start="141" weeks="001010101010001010"/>
    <class days="0000100" id="20" room="245" start="165" weeks="001010101010001010"/>
    <class days="0000100" id="21" room="245" start="183" weeks="010101010101000101"/>
    <class days="0000100" id="22" room="245" start="183" weeks="001010101010001010"/>
    <class days="0100000" id="23" room="268" start="176" weeks="011111111110000000"/>
    <class days="0100000" id="24" room="28" start="136" weeks="011111111110000000"/>
    <class days="0010000" id="25" room="28" start="96" weeks="011110111111000000"/>
    <class days="1000000" id="26" room="28" start="116" weeks="011111111110000000"/>
    <class days="0001000" id="27" room="28" start="96" weeks="011110111111000000"/>
    <class days="0000100" id="28" room="28" start="216" weeks="011111111110000000"/>
    <class days="0010000" id="29" room="28" start="226" weeks="011110111111000000"/>
    <class days="0001000" id="30" room="28" start="226" weeks="011110111111000000"/>
    <class days="0000100" id="31" room="28" start="106" weeks="011111111110000000"/>
    <class days="0100000" id="32" room="28" start="196" weeks="011111111110000000"/>
    <class days="0010000" id="33" room="242" start="176" weeks="011110111000000000"/>
    <class days="0010000" id="34" room="120" start="176" weeks="011110111100000000"/>
    <class days="0010000" id="35" room="236" start="196" weeks="010100101010100101"/>
    <class days="0010000" id="36" room="236" start="196" weeks="010100101010100101"/>
    <class days="0010000" id="37" room="238" start="206" weeks="010100101010100101"/>
    <class days="0010000" id="38" room="238" start="206" weeks="010100101010100101"/>
    <class days="0010000" id="39" room="243" start="206" weeks="011110111111101111"/>
    <class days="1000000" id="40" room="21" start="206" weeks="011111111111100111"/>
    <class days="0100000" id="41" room="241" start="186" weeks="011111111111100111"/>
    <class days="1000000" id="42" room="244" start="226" weeks="011111111111100111"/>
    <class days="1000000" id="43" room="174" start="226" weeks="011111111000000000"/>
    <class days="1000000" id="44" room="303" start="117" weeks="011111111111100111"/>
    <class days="0000100" id="45" room="303" start="96" weeks="011111111111001111"/>
    <class days="0100000" id="46" room="303" start="120" weeks="011111111111100111"/>
    <class days="0100000" id="47" room="303" start="138" weeks="011111111111100111"/>
    <class days="0010000" id="48" room="303" start="138" weeks="011110111111101111"/>
    <class days="0000100" id="49" room="303" start="114" weeks="011111111111001111"/>
    <class days="0100000" id="50" room="303" start="120" weeks="011111111111100111"/>
    <class days="0001000" id="51" room="303" start="204" weeks="011110111111101111"/>
    <class days="0001000" id="52" room="304" start="120" weeks="011110111111101111"/>
    <class days="0001000" id="53" room="303" start="222" weeks="011110111111101111"/>
    <class days="0000100" id="54" room="303" start="132" weeks="011111111111001111"/>
    <class days="0000100" id="55" room="303" start="150" weeks="011111111111001111"/>
    <class days="1000000" id="56" room="190" start="96" weeks="000111111111100111"/>
    <class days="0001000" id="57" room="21" start="206" weeks="011110111111101111"/>
    <class days="0100000" id="58" room="241" start="116" weeks="011111111111100111"/>
    <class days="0000100" id="59" room="236" start="116" weeks="011111111111001111"/>
    <class days="1000000" id="60" room="240" start="132" weeks="011111111111100111"/>
    <class days="0001000" id="61" room="238" start="186" weeks="011110111111101111"/>
    <class days="0001000" id="62" room="243" start="216" weeks="011110111111101111"/>
    <class days="0010000" id="63" room="244" start="216" weeks="011110111111101111"/>
    <class days="0100000" id="64" room="120" start="156" weeks="011111111111100111"/>
    <class days="0001000" id="65" room="234" start="166" weeks="001010010101001010"/>
    <class days="1000000" id="66" room="234" start="106" weeks="010101010101000101"/>
    <class days="0100000" id="67" room="242" start="96" weeks="011111111111100111"/>
    <class days="0001000" id="68" room="242" start="106" weeks="011110111111101111"/>
    <class days="0010000" id="69" room="242" start="166" weeks="011110111111101111"/>
    <class days="0000100" id="70" room="234" start="106" weeks="010101010101000101"/>
    <class days="0000100" id="71" room="234" start="106" weeks="010101010101000101"/>
    <class days="0001000" id="72" room="241" start="136" weeks="010100101010100101"/>
    <class days="0001000" id="73" room="243" start="146" weeks="010100101010100101"/>
    <class days="0100000" id="74" room="21" start="146" weeks="010101010101000101"/>
    <class days="0100000" id="75" room="243" start="186" weeks="010101010101000101"/>
    <class days="0010000" id="76" room="27" start="156" weeks="011110111000000000"/>
    <class days="0100000" id="77" room="238" start="206" weeks="011111111111100111"/>
    <class days="0001000" id="78" room="96" start="196" weeks="011110111111101111"/>
    <class days="0100000" id="79" room="190" start="96" weeks="011111111111100111"/>
    <class days="1000000" id="80" room="21" start="226" weeks="010101010101000101"/>
    <class days="1000000" id="81" room="241" start="126" weeks="010101010101000101"/>
    <class days="0100000" id="82" room="21" start="246" weeks="001010101010100010"/>
    <class days="0001000" id="83" room="234" start="216" weeks="001010010101001010"/>
    <class days="0000100" id="84" room="21" start="246" weeks="010101010101000101"/>
    <class days="0010000" id="85" room="238" start="186" weeks="001010010101001010"/>
    <class days="0100000" id="86" room="21" start="116" weeks="001010101010100010"/>
    <class days="1000000" id="87" room="190" start="180" weeks="011111111111100111"/>
    <class days="0100000" id="88" room="231" start="168" weeks="011111111000000000"/>
    <class days="1000000" id="89" room="239" start="159" weeks="011111111111100111"/>
    <class days="1000000" id="90" room="239" start="195" weeks="011111111111100111"/>
    <class days="0010000" id="91" room="239" start="117" weeks="011110111111101111"/>
    <class days="0010000" id="92" room="239" start="96" weeks="011110111111101111"/>
    <class days="1000000" id="93" room="239" start="231" weeks="011111111111100111"/>
    <class days="1000000" id="94" room="239" start="177" weeks="011111111111100111"/>
    <class days="1000000" id="95" room="239" start="213" weeks="011111111111100111"/>
    <class days="0100000" id="96" start="168" weeks="011111111111100111"/>
    <class days="0001000" id="97" start="168" weeks="011110111111101111"/>
    <class days="0100000" id="98" start="168" weeks="011111111111100111"/>
    <class days="0001000" id="99" start="168" weeks="011110111111101111"/>
    <class days="0010000" id="100" room="268" start="196" weeks="011110111100000000"/>
    <class days="1000000" id="101" room="28" start="156" weeks="010101010101000101"/>
    <class days="0100000" id="102" room="32" start="136" weeks="001010101010100010"/>
    <class days="0000100" id="103" room="28" start="146" weeks="001010101010001010"/>
    <class days="1000000" id="104" room="32" start="116" weeks="001010101010100010"/>
    <class days="0010000" id="105" room="32" start="106" weeks="010100101010100101"/>
    <class days="0000100" id="106" room="32" start="116" weeks="010101010101000101"/>
    <class days="1000000" id="107" room="28" start="206" weeks="010101010101000101"/>
    <class days="0010000" id="108" room="207" start="204" weeks="011110111111101111"/>
    <class days="0010000" id="109" room="247" start="222" weeks="010100101010100101"/>
    <class days="0100000" id="110" room="239" start="226" weeks="001010101010100010"/>
    <class days="0100000" id="111" room="239" start="226" weeks="010101010101000101"/>
    <class days="0010000" id="112" room="247" start="222" weeks="001010010101001010"/>
    <class days="0100000" id="113" room="239" start="206" weeks="001010101010100010"/>
    <class days="0100000" id="114" room="239" start="206" weeks="010101010101000101"/>
    <class days="1000000" id="115" room="247" start="204" weeks="011111111111100111"/>
    <class days="0000100" id="116" room="239" start="111" weeks="011111111111001111"/>
    <class days="1000000" id="117" room="239" start="132" weeks="011111111111100111"/>
    <class days="1000000" id="118" room="239" start="96" weeks="011111111111100111"/>
    <class days="0000100" id="119" room="239" start="93" weeks="011111111111001111"/>
    <class days="1000000" id="120" room="239" start="132" weeks="011111111111100111"/>
    <class days="0000100" id="121" room="156" start="120" weeks="011111111111001111"/>
    <class days="0000100" id="122" room="156" start="141" weeks="011111111111001111"/>
    <class days="0001000" id="123" room="70" start="120" weeks="001010010101001010"/>
    <class days="0001000" id="124" room="70" start="120" weeks="010100101010100101"/>
    <class days="0010000" id="125" room="120" start="126" weeks="011110111111101111"/>
    <class days="0010000" id="126" room="234" start="96" weeks="011110111111101111"/>
    <class days="0100000" id="127" room="244" start="126" weeks="011111111111100111"/>
    <class days="0010000" id="128" room="27" start="176" weeks="011110111111101111"/>
    <class days="0010000" id="129" room="243" start="136" weeks="011110111111101111"/>
    <class days="0010000" id="130" room="240" start="96" weeks="011110111111101111"/>
    <class days="0001000" id="131" room="241" start="156" weeks="011110111111101111"/>
    <class days="0000100" id="132" room="112" start="93" weeks="011111111110000000"/>
    <class days="0000100" id="133" room="164" start="159" weeks="011111110000000000"/>
    <class days="0001000" id="134" room="250" start="96" weeks="011110111000000000"/>
    <class days="0000100" id="135" room="164" start="141" weeks="011111110000000000"/>
    <class days="0000100" id="136" room="164" start="141" weeks="011111110000000000"/>
    <class days="0001000" id="137" room="250" start="114" weeks="011110111000000000"/>
    <class days="0000100" id="138" room="108" start="159" weeks="000000001111001111"/>
    <class days="0000100" id="139" start="159" weeks="000000001111001111"/>
    <class days="0001000" id="140" room="218" start="96" weeks="000000000111101111"/>
    <class days="0001000" id="141" start="96" weeks="000000000111101111"/>
    <class days="0000100" id="142" room="218" start="123" weeks="000000001111001111"/>
    <class days="0000100" id="143" start="123" weeks="000000001111001111"/>
    <class days="0000100" id="144" room="218" start="141" weeks="000000001111001111"/>
    <class days="0000100" id="145" start="141" weeks="000000001111001111"/>
    <class days="0001000" id="146" room="218" start="114" weeks="000000000111101111"/>
    <class days="0001000" id="147" start="114" weeks="000000000111101111"/>
    <class days="0000100" id="148" room="242" start="196" weeks="011111111111001111"/>
    <class days="1000000" id="149" room="13" start="226" weeks="011111111111100111"/>
    <class days="0001000" id="150" room="190" start="96" weeks="011110111111101111"/>
    <class days="0000100" id="151" room="236" start="126" weeks="010101010101000101"/>
    <class days="0001000" id="152" room="21" start="236" weeks="001010010101001010"/>
    <class days="0000100" id="153" room="21" start="246" weeks="001010101010001010"/>
    <class days="1000000" id="154" room="21" start="96" weeks="001010101010100010"/>
    <class days="1000000" id="155" room="21" start="176" weeks="001010101010100010"/>
    <class days="0001000" id="156" room="243" start="196" weeks="010100101010100101"/>
    <class days="0100000" id="157" room="317" start="126" weeks="001010101010100010"/>
    <class days="1000000" id="158" room="317" start="225" weeks="010101010101000101"/>
    <class days="0010000" id="159" room="317" start="126" weeks="010100101010100101"/>
    <class days="0100000" id="160" room="317" start="156" weeks="001010101010100010"/>
    <class days="0100000" id="161" room="317" start="192" weeks="001010101010100010"/>
    <class days="0000100" id="162" room="317" start="195" weeks="001010101010001010"/>
    <class days="0000100" id="163" room="317" start="99" weeks="010101010101000101"/>
    <class days="0100000" id="164" room="317" start="183" weeks="010101010101000101"/>
    <class days="0000100" id="165" room="317" start="150" weeks="010101010101000101"/>
    <class days="0100000" id="166" room="317" start="219" weeks="010101010101000101"/>
    <class days="0001000" id="167" room="317" start="129" weeks="010100101010100101"/>
    <class days="0001000" id="168" room="317" start="165" weeks="001010010101001010"/>
    <class days="0010000" id="169" room="268" start="226" weeks="011110111111101111"/>
    <class days="0001000" id="170" room="240" start="96" weeks="011110111111101111"/>
    <class days="0000100" id="171" room="24" start="116" weeks="011111111111001111"/>
    <class days="0000100" id="172" room="244" start="176" weeks="011111111111001111"/>
    <class days="1000000" id="173" room="243" start="166" weeks="011111111111100111"/>
    <class days="0001000" id="174" room="240" start="126" weeks="011110111111101111"/>
    <class days="0001000" id="175" room="244" start="196" weeks="011110111111101111"/>
    <class days="0000100" id="176" room="38" start="176" weeks="011111111111001111"/>
    <class days="0000100" id="177" room="38" start="196" weeks="011111111111001111"/>
    <class days="1000000" id="178" room="38" start="146" weeks="011111111111100111"/>
    <class days="0000100" id="179" room="38" start="106" weeks="011111111111001111"/>
    <class days="1000000" id="180" room="38" start="246" weeks="011111111111100111"/>
    <class days="0000100" id="181" room="38" start="236" weeks="011111111111001111"/>
    <class days="0100000" id="182" room="38" start="146" weeks="011111111111100111"/>
    <class days="0100000" id="183" room="38" start="206" weeks="011111111111100111"/>
    <class days="0001000" id="184" room="38" start="106" weeks="011110111111101111"/>
    <class days="1000000" id="185" room="38" start="156" weeks="011111111111100111"/>
    <class days="1000000" id="186" room="38" start="176" weeks="011111111111100111"/>
    <class days="0100000" id="187" room="38" start="116" weeks="011111111111100111"/>
    <class days="0100000" id="188" room="242" start="166" weeks="001010101010100010"/>
    <class days="0010000" id="189" room="13" start="116" weeks="011110111111101111"/>
    <class days="1000000" id="190" room="13" start="146" weeks="011111111111100111"/>
    <class days="1000000" id="191" room="13" start="196" weeks="011111111111100111"/>
    <class days="1000000" id="192" room="190" start="126" weeks="000000001111100111"/>
    <class days="0010000" id="193" room="24" start="146" weeks="010100101010100101"/>
    <class days="0000100" id="194" room="240" start="126" weeks="001010101010001010"/>
    <class days="0010000" id="195" room="241" start="126" weeks="001010010101001010"/>
    <class days="0000100" id="196" room="241" start="176" weeks="001010101010001010"/>
    <class days="0010000" id="197" room="244" start="96" weeks="010100101010100101"/>
    <class days="1000000" id="198" room="241" start="226" weeks="001010101010100010"/>
    <class days="1000000" id="199" room="234" start="216" weeks="000111111111100111"/>
    <class days="0001000" id="200" room="21" start="166" weeks="000110111111101111"/>
    <class days="0000100" id="201" room="21" start="116" weeks="000111111111001111"/>
    <class days="0000100" id="202" room="238" start="146" weeks="000111111111001111"/>
    <class days="0010000" id="203" room="240" start="186" weeks="000110111111101111"/>
    <class days="0001000" id="204" room="240" start="216" weeks="000110111111101111"/>
    <class days="0010000" id="205" room="27" start="176" weeks="011110111111000000"/>
    <class days="0100000" id="206" room="234" start="116" weeks="011111111110000000"/>
    <class days="0010000" id="207" room="241" start="116" weeks="011110111111000000"/>
    <class days="1000000" id="208" room="313" start="168" weeks="001010101010000000"/>
    <class days="1000000" id="209" room="313" start="168" weeks="010101010100000000"/>
    <class days="0010000" id="210" room="313" start="144" weeks="010100101010000000"/>
    <class days="0010000" id="211" room="313" start="144" weeks="001010010101000000"/>
    <class days="1000000" id="212" room="268" start="96" weeks="011111111110000000"/>
    <class days="0100000" id="213" room="243" start="226" weeks="011111110000000000"/>
    <class days="0010000" id="214" room="241" start="166" weeks="011110111000000000"/>
    <class days="0100000" id="215" room="24" start="166" weeks="011111110000000000"/>
    <class days="1000000" id="216" room="238" start="216" weeks="011111110000000000"/>
    <class days="0001000" id="217" room="240" start="156" weeks="011110111000000000"/>
    <class days="0000100" id="218" room="244" start="126" weeks="011111110000000000"/>
    <class days="0001000" id="219" room="241" start="116" weeks="011110111000000000"/>
    <class days="1000000" id="220" room="234" start="196" weeks="011111110000000000"/>
    <class days="0000100" id="221" room="243" start="96" weeks="011111110000000000"/>
    <class days="0001000" id="222" room="27" start="196" weeks="011110111000000000"/>
    <class days="1000000" id="223" room="190" start="124" weeks="000111110000000000"/>
    <class days="0001000" id="224" room="13" start="246" weeks="011110111111101111"/>
    <class days="0001000" id="225" room="13" start="176" weeks="011110111111101111"/>
    <class days="0100000" id="226" room="13" start="236" weeks="011111111111100111"/>
    <class days="0001000" id="227" room="13" start="156" weeks="011110111111101111"/>
    <class days="0001000" id="228" room="13" start="96" weeks="011110111111101111"/>
    <class days="0000100" id="229" room="13" start="136" weeks="011111111111001111"/>
    <class days="1000000" id="230" room="13" start="166" weeks="011111111111100111"/>
    <class days="0010000" id="231" room="13" start="176" weeks="011110111111101111"/>
    <class days="0010000" id="232" room="13" start="216" weeks="011110111111101111"/>
    <class days="0000100" id="233" room="13" start="96" weeks="011111111111001111"/>
    <class days="1000000" id="234" room="13" start="96" weeks="011111111111100111"/>
    <class days="0001000" id="235" room="13" start="116" weeks="011110111111101111"/>
    <class days="0010000" id="236" room="13" start="246" weeks="011110111111101111"/>
    <class days="0100000" id="237" room="13" start="136" weeks="011111111111100111"/>
    <class days="0010000" id="238" room="242" start="106" weeks="011110111100000000"/>
    <class days="0000100" id="239" room="244" start="156" weeks="001010101010001010"/>
    <class days="0000100" id="240" room="234" start="206" weeks="001010101010001010"/>
    <class days="0001000" id="241" room="21" start="146" weeks="001010010101001010"/>
    <class days="0001000" id="242" room="21" start="246" weeks="010100101010100101"/>
    <class days="1000000" id="243" room="21" start="246" weeks="001010101010100010"/>
    <class days="1000000" id="244" room="240" start="96" weeks="010101010101000101"/>
    <class days="1000000" id="245" room="28" start="156" weeks="001010101010100010"/>
    <class days="1000000" id="246" room="28" start="156" weeks="010101010101000101"/>
    <class days="1000000" id="247" room="32" start="186" weeks="010101010101000101"/>
    <class days="1000000" id="248" room="32" start="156" weeks="001010101010100010"/>
    <class days="1000000" id="249" room="32" start="196" weeks="001010101010100010"/>
    <class days="1000000" id="250" room="32" start="196" weeks="001010101010100010"/>
    <class days="1000000" id="251" room="268" start="196" weeks="011111111110000000"/>
    <class days="0010000" id="252" room="241" start="226" weeks="011110111000000000"/>
    <class days="1000000" id="253" room="21" start="146" weeks="011111110000000000"/>
    <class days="0000100" id="254" room="240" start="226" weeks="011111110000000000"/>
    <class days="0001000" id="255" room="244" start="226" weeks="011110111000000000"/>
    <class days="0001000" id="256" room="238" start="216" weeks="011110111000000000"/>
    <class days="0100000" id="257" room="242" start="186" weeks="010101010101000101"/>
    <class days="0010000" id="258" room="13" start="146" weeks="001010010101001010"/>
    <class days="1000000" id="259" room="13" start="176" weeks="001010101010100010"/>
    <class days="1000000" id="260" room="13" start="146" weeks="010101010101000101"/>
    <class days="0000100" id="261" room="13" start="116" weeks="001010101010001010"/>
    <class days="0100000" id="262" room="13" start="156" weeks="001010101010100010"/>
    <class days="0001000" id="263" room="13" start="116" weeks="010100101010100101"/>
    <class days="0000100" id="264" room="240" start="206" weeks="011111111000000000"/>
    <class days="0100000" id="265" room="32" start="166" weeks="011111111000000000"/>
    <class days="0010000" id="266" room="32" start="136" weeks="011110111100000000"/>
    <class days="1000000" id="267" room="190" start="156" weeks="011111111111100111"/>
    <class days="0000100" id="268" room="268" start="126" weeks="011111111110000000"/>
    <class days="0001000" id="269" room="27" start="102" weeks="011110111111000000"/>
    <class days="0001000" id="270" room="27" start="216" weeks="011110111111000000"/>
    <class days="0001000" id="271" room="238" start="116" weeks="011110111111000000"/>
    <class days="0100000" id="272" room="242" start="150" weeks="011111111110000000"/>
    <class days="0010000" id="273" room="238" start="166" weeks="011110111111000000"/>
    <class days="0010000" id="274" room="316" start="216" weeks="010100101010000000"/>
    <class days="0010000" id="275" room="316" start="236" weeks="001010010101000000"/>
    <class days="0000100" id="276" room="316" start="136" weeks="001010101010000000"/>
    <class days="0001000" id="277" room="316" start="156" weeks="010100101010000000"/>
    <class days="0010000" id="278" room="316" start="136" weeks="010100101010000000"/>
    <class days="0010000" id="279" room="316" start="206" weeks="001010010101000000"/>
    <class days="0100000" id="280" room="316" start="196" weeks="010101010100000000"/>
    <class days="0100000" id="281" room="316" start="216" weeks="001010101010000000"/>
    <class days="0100000" id="282" room="316" start="246" weeks="010101010100000000"/>
    <class days="0100000" id="283" room="316" start="246" weeks="001010101010000000"/>
    <class days="0000100" id="284" room="316" start="106" weeks="010101010100000000"/>
    <class days="0000100" id="285" room="316" start="196" weeks="001010101010000000"/>
    <class days="0001000" id="286" room="120" start="96" weeks="011110111000000000"/>
    <class days="1000000" id="287" room="13" start="106" weeks="011111110000000000"/>
    <class days="0010000" id="288" room="13" start="196" weeks="011110111000000000"/>
    <class days="0000100" id="289" room="13" start="226" weeks="011111110000000000"/>
    <class days="0000100" id="290" room="321" start="159" weeks="011111111111001111"/>
    <class days="0000100" id="291" start="159" weeks="011111111111001111"/>
    <class days="0001000" id="292" start="141" weeks="011110111111101111"/>
    <class days="0001000" id="293" start="141" weeks="011110111111101111"/>
    <class days="0001000" id="294" start="141" weeks="011110111111101111"/>
    <class days="0001000" id="295" start="150" weeks="011110111111101111"/>
    <class days="0001000" id="296" start="150" weeks="011110111111101111"/>
    <class days="0001000" id="297" start="150" weeks="011110111111101111"/>
    <class days="0001000" id="298" start="150" weeks="011110111111101111"/>
    <class days="0001000" id="299" start="150" weeks="011110111111101111"/>
    <class days="0001000" id="300" start="141" weeks="011110111111101111"/>
    <class days="0001000" id="301" start="141" weeks="011110111111101111"/>
    <class days="0010000" id="302" room="242" start="126" weeks="001010010101001010"/>
    <class days="0010000" id="303" room="244" start="106" weeks="001010010101001010"/>
    <class days="0010000" id="304" room="240" start="206" weeks="001010010101001010"/>
    <class days="0010000" id="305" room="236" start="106" weeks="001010010101001010"/>
    <class days="1000000" id="306" room="241" start="176" weeks="010101010101000101"/>
    <class days="0010000" id="307" room="234" start="146" weeks="001010010101001010"/>
    <class days="0010000" id="308" room="268" start="246" weeks="011110111100000000"/>
    <class days="1000000" id="309" room="234" start="156" weeks="011111111111100111"/>
    <class days="0001000" id="310" start="136" weeks="011110111111101111"/>
    <class days="1000000" id="311" room="233" start="206" weeks="010101010101000101"/>
    <class days="0000100" id="312" room="27" start="196" weeks="011111111000000000"/>
    <class days="1000000" id="313" room="236" start="186" weeks="011111111111100111"/>
    <class days="0100000" id="314" room="243" start="166" weeks="011111111000000000"/>
    <class days="0001000" id="315" room="300" start="146" weeks="011110111111101111"/>
    <class days="0010000" id="316" room="300" start="116" weeks="011110111111101111"/>
    <class days="0001000" id="317" room="120" start="146" weeks="011110111100000000"/>
    <class days="1000000" id="318" room="24" start="116" weeks="001010101010100010"/>
    <class days="0100000" id="319" room="320" start="201" weeks="001010101010100010"/>
    <class days="0100000" id="320" room="320" start="201" weeks="010101010101000101"/>
    <class days="0000100" id="321" room="120" start="146" weeks="000000000111000000"/>
    <class days="0000100" id="322" room="27" start="166" weeks="000000000000000100"/>
    <class days="0100000" id="323" room="234" start="186" weeks="011111111111100111"/>
    <class days="0100000" id="324" room="234" start="166" weeks="011111111111100111"/>
    <class days="1000000" id="325" room="120" start="136" weeks="011111111111100111"/>
    <class days="0001000" id="326" room="236" start="126" weeks="010100101010100101"/>
    <class days="0000100" id="327" room="316" start="106" weeks="010101010101000101"/>
    <class days="0010000" id="328" room="316" start="106" weeks="001010010101001010"/>
    <class days="0001000" id="329" room="140" start="117" weeks="011110111111101111"/>
    <class days="0000100" id="330" room="296" start="117" weeks="010101010101000101"/>
    <class days="0000100" id="331" room="296" start="117" weeks="001010101010001010"/>
    <class days="0001000" id="332" room="24" start="126" weeks="011110111111101111"/>
    <class days="0001000" id="333" room="234" start="156" weeks="010100101010100101"/>
    <class days="0100000" id="334" room="319" start="222" weeks="010101010101000101"/>
    <class days="0100000" id="335" room="319" start="222" weeks="010101010101000101"/>
    <class days="0001000" id="336" start="96" weeks="011110111111101111"/>
    <class days="0001000" id="337" room="13" start="196" weeks="000000110000000000"/>
    <class days="0001000" id="338" room="13" start="226" weeks="000000110000000000"/>
    <class days="0001000" id="339" room="234" start="206" weeks="000000011111000000"/>
    <class days="0010000" id="340" room="234" start="126" weeks="011110111100000000"/>
    <class days="0010000" id="341" room="34" start="96" weeks="011110111111000000"/>
    <class days="0001000" id="342" room="28" start="146" weeks="011110111111101111"/>
    <class days="0100000" id="343" room="34" start="116" weeks="000000000001100111"/>
    <class days="0000100" id="344" room="301" start="168" weeks="011111111111001111"/>
    <class days="0000100" id="345" room="301" start="186" weeks="001010101010001010"/>
    <class days="0100000" id="346" room="24" start="96" weeks="011111000000000000"/>
    <class days="0100000" id="347" room="24" start="116" weeks="000000111110000000"/>
    <class days="0100000" id="348" room="233" start="216" weeks="000000000001100111"/>
    <class days="0000100" id="349" start="146" weeks="000000000111000000"/>
    <class days="0000100" id="350" room="21" start="116" weeks="000000000000000010"/>
    <class days="0100000" id="351" start="156" weeks="011111111111100111"/>
    <class days="1000000" id="352" room="24" start="206" weeks="001010101010100010"/>
    <class days="1000000" id="353" room="316" start="136" weeks="010101010101000101"/>
    <class days="0100000" id="354" room="24" start="136" weeks="011111111111100111"/>
    <class days="0100000" id="355" room="21" start="156" weeks="001010101010100010"/>
    <class days="1000000" id="356" room="32" start="156" weeks="010101010101000101"/>
    <class days="0001000" id="357" start="96" weeks="011110111111101111"/>
    <class days="0100000" id="358" room="13" start="186" weeks="000000000110000000"/>
    <class days="1000000" id="359" start="96" weeks="011111000000000000"/>
    <class days="0000100" id="360" room="21" start="176" weeks="011111111111001111"/>
    <class days="0100000" id="361" room="234" start="166" weeks="011111111111100111"/>
    <class days="1000000" id="362" room="229" start="206" weeks="010101010101000101"/>
    <class days="0000100" id="363" start="146" weeks="011111111111001111"/>
    <class days="0010000" id="364" room="238" start="146" weeks="010100101010100101"/>
    <class days="0010000" id="365" room="238" start="146" weeks="001010010101001010"/>
    <class days="0100000" id="366" room="238" start="246" weeks="011111111111100111"/>
    <class days="1000000" id="367" room="21" start="246" weeks="010101010101000101"/>
    <class days="0010000" id="368" room="229" start="146" weeks="011110111111101111"/>
    <class days="1000000" id="369" room="238" start="146" weeks="011111111111100111"/>
    <class days="0100000" id="370" room="24" start="226" weeks="001010101010100010"/>
    <class days="0100000" id="371" room="229" start="166" weeks="001010101010100010"/>
    <class days="0000100" id="372" start="146" weeks="000000000111000000"/>
    <class days="0000100" id="373" start="116" weeks="000000000000000010"/>
    <class days="1000000" id="374" start="126" weeks="011111111111100111"/>
    <class days="0000100" id="375" room="234" start="216" weeks="010101010101000101"/>
    <class days="0001000" id="376" room="316" start="96" weeks="001010010101001010"/>
    <class days="0001000" id="377" start="96" weeks="011110111111101111"/>
    <class days="1000000" id="378" room="13" start="96" weeks="000000000001100000"/>
    <class days="0100000" id="379" room="236" start="226" weeks="011111000000000000"/>
    <class days="0100000" id="380" room="236" start="186" weeks="011111111111100111"/>
    <class days="0100000" id="381" room="13" start="116" weeks="011111111111100111"/>
    <class days="0010000" id="382" room="13" start="176" weeks="011110111111101111"/>
    <class days="0010000" id="383" room="27" start="236" weeks="011110111111101111"/>
    <class days="0010000" id="384" room="24" start="226" weeks="011110111000000000"/>
    <class days="0100000" id="385" room="32" start="186" weeks="011111111111100111"/>
    <class days="0100000" id="386" room="13" start="226" weeks="011111111111100111"/>
    <class days="0001000" id="387" room="234" start="136" weeks="011110111111101111"/>
    <class days="0100000" id="388" room="13" start="206" weeks="011111111111100111"/>
    <class days="0000100" id="389" room="13" start="136" weeks="011111111111001111"/>
    <class days="0010000" id="390" start="166" weeks="000000000011100000"/>
    <class days="0000100" id="391" room="120" start="116" weeks="000000000000001000"/>
    <class days="0100000" id="392" room="244" start="156" weeks="000000001111100111"/>
    <class days="0000100" id="393" room="236" start="166" weeks="011111111111001111"/>
    <class days="0100000" id="394" room="238" start="126" weeks="011111111111100111"/>
    <class days="0100000" id="395" start="126" weeks="011111111111100111"/>
    <class days="0010000" id="396" room="236" start="196" weeks="001010010101001010"/>
    <class days="1000000" id="397" room="316" start="226" weeks="001010101010100010"/>
    <class days="0000100" id="398" room="316" start="126" weeks="010101010101000101"/>
    <class days="0001000" id="399" start="96" weeks="011110111111101111"/>
    <class days="0000100" id="400" room="13" start="176" weeks="000000000110000000"/>
    <class days="0010000" id="401" room="13" start="96" weeks="000000000011000000"/>
    <class days="1000000" id="402" room="244" start="106" weeks="000000000001100111"/>
    <class days="0100000" id="403" start="216" weeks="011111111000000000"/>
    <class days="0010000" id="404" room="32" start="226" weeks="011110111111101111"/>
    <class days="0001000" id="405" room="27" start="136" weeks="011110111111101111"/>
    <class days="1000000" id="406" room="241" start="186" weeks="001010101010100010"/>
    <class days="0100000" id="407" start="146" weeks="011111111000000000"/>
    <class days="0010000" id="408" room="238" start="116" weeks="001010010101001010"/>
    <class days="0100000" id="409" room="320" start="180" weeks="001010101010100010"/>
    <class days="0100000" id="410" room="320" start="180" weeks="010101010101000101"/>
    <class days="0001000" id="411" room="243" start="116" weeks="011110111100000000"/>
    <class days="0001000" id="412" room="32" start="156" weeks="011110111111101111"/>
    <class days="0000100" id="413" start="146" weeks="000000000111000000"/>
    <class days="0000100" id="414" room="120" start="116" weeks="000000000000000100"/>
    <class days="0100000" id="415" start="166" weeks="011111111111100111"/>
    <class days="0001000" id="416" room="21" start="226" weeks="001010010101001010"/>
    <class days="0010000" id="417" room="316" start="166" weeks="010100101010100101"/>
    <class days="0001000" id="418" room="316" start="116" weeks="001010010101001010"/>
    <class days="0010000" id="419" room="268" start="106" weeks="011110111111101111"/>
    <class days="0001000" id="420" room="236" start="126" weeks="011110111111101111"/>
    <class days="0100000" id="421" room="24" start="201" weeks="010101010101000101"/>
    <class days="0100000" id="422" room="24" start="201" weeks="001010101010100010"/>
    <class days="0001000" id="423" start="96" weeks="011110111111101111"/>
    <class days="1000000" id="424" room="238" start="146" weeks="000000111110000000"/>
    <class days="0100000" id="425" room="13" start="96" weeks="000000000000000110"/>
    <class days="0000100" id="426" room="13" start="96" weeks="000000000000000110"/>
    <class days="1000000" id="427" room="318" start="132" weeks="011111111111100111"/>
    <class days="1000000" id="428" room="318" start="150" weeks="011111111111100111"/>
    <class days="0000100" id="429" start="146" weeks="000000000111000000"/>
    <class days="0000100" id="430" room="27" start="166" weeks="000000000000000010"/>
    <class days="0100000" id="431" room="97" start="168" weeks="011111111111100111"/>
    <class days="0000100" id="432" room="318" start="114" weeks="011111111111001111"/>
    <class days="0100000" id="433" room="27" start="146" weeks="011111111111100111"/>
    <class days="0100000" id="434" room="240" start="96" weeks="011111111111100111"/>
    <class days="1000000" id="435" start="126" weeks="011111111111100111"/>
    <class days="0100000" id="436" room="21" start="156" weeks="001010101010100010"/>
    <class days="0001000" id="437" room="316" start="136" weeks="001010010101001010"/>
    <class days="1000000" id="438" room="298" start="96" weeks="011111111111100111"/>
    <class days="0100000" id="439" room="298" start="96" weeks="011111111111100111"/>
    <class days="1000000" id="440" room="184" start="207" weeks="011111111111100111"/>
    <class days="0100000" id="441" room="318" start="192" weeks="010101010101000101"/>
    <class days="0100000" id="442" room="318" start="192" weeks="001010101010100010"/>
    <class days="0001000" id="443" room="242" start="96" weeks="011110111111101111"/>
    <class days="0100000" id="444" room="13" start="106" weeks="000000011000000000"/>
    <class days="1000000" id="445" room="244" start="106" weeks="000000111110000000"/>
    <class days="1000000" id="446" start="156" weeks="011111111000000000"/>
    <class days="0000100" id="447" room="32" start="196" weeks="011111111111001111"/>
    <class days="0000100" id="448" room="240" start="96" weeks="011111111111001111"/>
    <class days="0000100" id="449" room="238" start="126" weeks="011111111111001111"/>
    <class days="0001000" id="450" room="234" start="176" weeks="010100101010100101"/>
    <class days="0000100" id="451" room="32" start="226" weeks="011111111111001111"/>
    <class days="0100000" id="452" room="32" start="206" weeks="011111111111100111"/>
    <class days="0001000" id="453" room="32" start="176" weeks="001010010101001010"/>
    <class days="1000000" id="454" start="206" weeks="000000000111000000"/>
    <class days="0000100" id="455" room="120" start="116" weeks="000000000000000001"/>
    <class days="1000000" id="456" room="120" start="156" weeks="011111111111100111"/>
    <class days="0010000" id="457" room="32" start="106" weeks="001010010101001010"/>
    <class days="0100000" id="458" room="32" start="96" weeks="010101010101000101"/>
    <class days="0000100" id="459" room="32" start="96" weeks="001010101010001010"/>
    <class days="0010000" id="460" room="241" start="146" weeks="011110111111101111"/>
    <class days="0100000" id="461" room="243" start="96" weeks="010101010101000101"/>
    <class days="1000000" id="462" room="300" start="206" weeks="011111111110000000"/>
    <class days="1000000" id="463" room="300" start="106" weeks="011111111110000000"/>
    <class days="0001000" id="464" start="96" weeks="011110111111101111"/>
    <class days="0000100" id="465" room="13" start="156" weeks="000000011000000000"/>
    <class days="1000000" id="466" room="13" start="216" weeks="000000000000000110"/>
    <class days="0100000" id="467" room="236" start="226" weeks="000000111110000000"/>
    <class days="0001000" id="468" room="108" start="196" weeks="011110111111101111"/>
    <class days="0000100" id="469" room="241" start="136" weeks="011111110000000000"/>
    <class days="0000100" id="470" room="241" start="136" weeks="000000001111001111"/>
    <class days="1000000" id="471" room="243" start="196" weeks="011111111110000000"/>
    <class days="0000100" id="472" room="238" start="146" weeks="011111111110000000"/>
    <class days="0010000" id="473" room="244" start="186" weeks="011110111111000000"/>
    <class days="0010000" id="474" room="236" start="136" weeks="011110111111000000"/>
    <class days="0000100" id="475" room="21" start="216" weeks="011111111110000000"/>
    <class days="0001000" id="476" room="236" start="186" weeks="011110111111000000"/>
    <class days="0000100" id="477" room="243" start="226" weeks="011111111110000000"/>
    <class days="1000000" id="478" room="238" start="236" weeks="011111111110000000"/>
    <class days="0100000" id="479" room="268" start="156" weeks="000000001111100111"/>
    <class days="1000000" id="480" room="120" start="96" weeks="011111100000000000"/>
    <class days="0001000" id="481" room="241" start="216" weeks="001010010101000000"/>
    <class days="0010000" id="482" room="244" start="196" weeks="010100101010000000"/>
    <class days="0001000" id="483" room="241" start="136" weeks="001010010101000000"/>
    <class days="0001000" id="484" room="238" start="116" weeks="001010010101000000"/>
    <class days="0010000" id="485" room="120" start="106" weeks="000000000111101111"/>
    <class days="0100000" id="486" room="240" start="226" weeks="000000111110000000"/>
    <class days="0100000" id="487" room="238" start="96" weeks="000000000001100111"/>
    <class days="0000100" id="488" room="243" start="176" weeks="000000111110000000"/>
    <class days="0000100" id="489" room="238" start="236" weeks="011111000000000000"/>
    <class days="0010000" id="490" room="7" start="195" weeks="011100000000000000"/>
    <class days="1000000" id="491" room="7" start="228" weeks="000011100000000000"/>
    <class days="0000100" id="492" room="7" start="213" weeks="000000011100000000"/>
    <class days="0000100" id="493" room="7" start="252" weeks="000000000011001000"/>
    <class days="0010000" id="494" room="7" start="219" weeks="000000000000000111"/>
    <class days="1000000" id="495" room="7" start="156" weeks="011100000000000000"/>
    <class days="0100000" id="496" room="7" start="138" weeks="000011100000000000"/>
    <class days="1000000" id="497" room="7" start="225" weeks="000000011100000000"/>
    <class days="0010000" id="498" room="242" start="136" weeks="011110111111101111"/>
    <class days="0001000" id="499" room="244" start="136" weeks="000000000111101111"/>
    <class days="0001000" id="500" room="244" start="156" weeks="000000000111101111"/>
    <class days="0100000" id="501" room="244" start="196" weeks="000000001111100111"/>
    <class days="1000000" id="502" room="234" start="246" weeks="000000001111100111"/>
    <class days="0001000" id="503" room="241" start="186" weeks="011110111111101111"/>
    <class days="0100000" id="504" room="27" start="146" weeks="011111111111100111"/>
    <class days="1000000" id="505" room="242" start="236" weeks="011111111111100111"/>
    <class days="0000100" id="506" room="24" start="196" weeks="011111111111001111"/>
    <class days="0010000" id="507" room="268" start="136" weeks="011110111111101111"/>
    <class days="1000000" id="508" room="21" start="126" weeks="011111111111100111"/>
    <class days="0001000" id="509" room="238" start="236" weeks="011110111111101111"/>
    <class days="0000100" id="510" room="241" start="196" weeks="011111111111001111"/>
    <class days="0100000" id="511" room="234" start="216" weeks="011111111111100111"/>
    <class days="0100000" id="512" room="22" start="136" weeks="011111111111100111"/>
    <class days="1000000" id="513" room="22" start="96" weeks="011111111111100111"/>
    <class days="1000000" id="514" room="22" start="136" weeks="011111111111100111"/>
    <class days="0100000" id="515" room="22" start="106" weeks="011111111111100111"/>
    <class days="1000000" id="516" room="22" start="196" weeks="011111111111100111"/>
    <class days="0010000" id="517" room="22" start="206" weeks="011110111111101111"/>
    <class days="0000100" id="518" room="22" start="156" weeks="011111111111001111"/>
    <class days="0001000" id="519" room="22" start="126" weeks="011110111111101111"/>
    <class days="0100000" id="520" room="268" start="96" weeks="011111111111100111"/>
    <class days="0000100" id="521" room="27" start="96" weeks="011111111111001111"/>
    <class days="0100000" id="522" room="27" start="116" weeks="011111111111100111"/>
    <class days="0100000" id="523" room="27" start="126" weeks="011111111111100111"/>
    <class days="0100000" id="524" room="27" start="256" weeks="011111111111100111"/>
    <class days="1000000" id="525" room="33" start="96" weeks="011111111111100111"/>
    <class days="0001000" id="526" room="33" start="136" weeks="011110111111101111"/>
    <class days="1000000" id="527" room="33" start="106" weeks="011111111111100111"/>
    <class days="0000100" id="528" room="33" start="156" weeks="011111111111001111"/>
    <class days="0010000" id="529" room="33" start="216" weeks="011110111111101111"/>
    <class days="0001000" id="530" room="33" start="96" weeks="011110111111101111"/>
    <class days="1000000" id="531" room="33" start="196" weeks="011111111111100111"/>
    <class days="0000100" id="532" room="33" start="176" weeks="011111111111001111"/>
    <class days="1000000" id="533" room="27" start="156" weeks="011111110000000000"/>
    <class days="0001000" id="534" room="236" start="146" weeks="010100101010100101"/>
    <class days="0100000" id="535" room="120" start="236" weeks="010101010101000101"/>
    <class days="0010000" id="536" room="244" start="146" weeks="011110111111000000"/>
    <class days="0001000" id="537" room="244" start="96" weeks="011110111111000000"/>
    <class days="0010000" id="538" room="27" start="216" weeks="011110100000000000"/>
    <class days="0100000" id="539" room="27" start="236" weeks="011111000000000000"/>
    <class days="0100000" id="540" room="27" start="196" weeks="011111000000000000"/>
    <class days="0100000" id="541" room="27" start="176" weeks="011111000000000000"/>
    <class days="0001000" id="542" room="242" start="136" weeks="000000000111101111"/>
    <class days="0010000" id="543" room="241" start="166" weeks="001010010101001010"/>
    <class days="0000100" id="544" room="241" start="166" weeks="001010101010001010"/>
    <class days="0010000" id="545" room="27" start="156" weeks="000110111000000000"/>
    <class days="0010000" id="546" room="27" start="156" weeks="000000000111101111"/>
    <class days="0100000" id="547" room="247" start="222" weeks="011111111111100111"/>
    <class days="0001000" id="548" room="247" start="180" weeks="011110111111101111"/>
    <class days="0001000" id="549" room="247" start="159" weeks="011110111111101111"/>
    <class days="0100000" id="550" room="247" start="204" weeks="011111111111100111"/>
    <class days="0100000" id="551" room="120" start="116" weeks="011111111111100111"/>
    <class days="1000000" id="552" room="240" start="236" weeks="011111111111100111"/>
    <class days="1000000" id="553" room="240" start="186" weeks="011111111111100111"/>
    <class days="0100000" id="554" room="243" start="116" weeks="011111111111100111"/>
    <class days="0001000" id="555" room="24" start="216" weeks="011110111111101111"/>
    <class days="0100000" id="556" start="168" weeks="011111111111100111"/>
    <class days="0001000" id="557" start="168" weeks="011110111111101111"/>
    <class days="0100000" id="558" start="168" weeks="011111111111100111"/>
    <class days="0001000" id="559" start="168" weeks="011110111111101111"/>
    <class days="1000000" id="560" room="190" start="186" weeks="011111000000000000"/>
    <class days="0000100" id="561" room="300" start="156" weeks="001010101010001010"/>
    <class days="0100000" id="562" room="300" start="236" weeks="010101010101000101"/>
    <class days="0100000" id="563" room="300" start="166" weeks="010101010101000101"/>
    <class days="0100000" id="564" room="300" start="156" weeks="001010101010100010"/>
    <class days="0000100" id="565" room="300" start="216" weeks="001010101010001010"/>
    <class days="0001000" id="566" room="300" start="236" weeks="010100101010100101"/>
    <class days="0010000" id="567" room="300" start="156" weeks="001010010101001010"/>
    <class days="0010000" id="568" room="300" start="246" weeks="010100101010100101"/>
    <class days="1000000" id="569" room="268" start="136" weeks="011111111111100111"/>
    <class days="0010000" id="570" room="21" start="166" weeks="011110111111101111"/>
    <class days="0010000" id="571" room="243" start="166" weeks="011110111111101111"/>
    <class days="0010000" id="572" room="21" start="206" weeks="011110111111101111"/>
    <class days="0100000" id="573" room="236" start="136" weeks="011111111111100111"/>
    <class days="0000100" id="574" room="120" start="186" weeks="010000000000000000"/>
    <class days="0100000" id="575" room="28" start="106" weeks="011111111110000000"/>
    <class days="0100000" id="576" room="26" start="146" weeks="011111111110000000"/>
    <class days="1000000" id="577" room="32" start="246" weeks="011111111110000000"/>
    <class days="0001000" id="578" room="28" start="176" weeks="011110111111000000"/>
    <class days="0001000" id="579" room="32" start="136" weeks="011110111111000000"/>
    <class days="0010000" id="580" room="28" start="126" weeks="011110111111000000"/>
    <class days="0000100" id="581" room="26" start="236" weeks="011111111110000000"/>
    <class days="0010000" id="582" room="28" start="176" weeks="011110111111000000"/>
    <class days="0100000" id="583" room="27" start="156" weeks="011111110000000000"/>
    <class days="0100000" id="584" room="27" start="216" weeks="000000001111100111"/>
    <class days="0100000" id="585" room="19" start="156" weeks="000000001111100111"/>
    <class days="0000100" id="586" room="19" start="156" weeks="000000001111001111"/>
    <class days="0100000" id="587" room="268" start="216" weeks="000000111110000000"/>
    <class days="0010000" id="588" room="38" start="136" weeks="010100101010100101"/>
    <class days="0010000" id="589" room="38" start="116" weeks="001010010101001010"/>
    <class days="0010000" id="590" room="38" start="206" weeks="010100101010100101"/>
    <class days="0010000" id="591" room="38" start="156" weeks="010100101010100101"/>
    <class days="0001000" id="592" room="38" start="166" weeks="010100101010100101"/>
    <class days="0001000" id="593" room="38" start="136" weeks="010100101010100101"/>
    <class days="0010000" id="594" room="38" start="236" weeks="001010010101001010"/>
    <class days="0100000" id="595" room="38" start="236" weeks="010101010101000101"/>
    <class days="0000100" id="596" room="120" start="96" weeks="011111111111001111"/>
    <class days="0000100" id="597" room="243" start="126" weeks="011111111111001111"/>
    <class days="0001000" id="598" room="236" start="206" weeks="011110111111101111"/>
    <class days="0001000" id="599" room="236" start="226" weeks="011110111111101111"/>
    <class days="0000100" id="600" room="243" start="146" weeks="011111111111001111"/>
    <class days="0010000" id="601" room="30" start="196" weeks="011110100000000000"/>
    <class days="0001000" id="602" room="44" start="156" weeks="001010010101001010"/>
    <class days="0001000" id="603" room="44" start="106" weeks="001010010101001010"/>
    <class days="0100000" id="604" room="44" start="226" weeks="001010101010100010"/>
    <class days="0010000" id="605" room="268" start="126" weeks="011110111000000000"/>
    <class days="0100000" id="606" room="242" start="206" weeks="011111111000000000"/>
    <class days="0000100" id="607" room="49" start="146" weeks="000000111110000000"/>
    <class days="1000000" id="608" room="49" start="206" weeks="011111000000000000"/>
    <class days="0000100" id="609" room="49" start="176" weeks="011111000000000000"/>
    <class days="0001000" id="610" room="49" start="126" weeks="000000011111000000"/>
    <class days="0001000" id="611" room="226" start="106" weeks="011110111111101111"/>
    <class days="1000000" id="612" room="226" start="96" weeks="011111111111100111"/>
    <class days="0000100" id="613" room="228" start="126" weeks="011111111111001111"/>
    <class days="0010000" id="614" room="268" start="156" weeks="000000000111101111"/>
    <class days="0001000" id="615" room="120" start="166" weeks="011110111000000000"/>
    <class days="0000100" id="616" room="234" start="166" weeks="010101010101000101"/>
    <class days="0000100" id="617" room="21" start="156" weeks="001010101010001010"/>
    <class days="0010000" id="618" room="242" start="196" weeks="011110100000000000"/>
    <class days="1000000" id="619" room="251" start="108" weeks="011111100000000000"/>
    <class days="0010000" id="620" room="251" start="171" weeks="011110110000000000"/>
    <class days="0010000" id="621" room="24" start="171" weeks="011110110000000000"/>
    <class days="0010000" id="622" room="251" start="117" weeks="011110110000000000"/>
    <class days="0001000" id="623" room="256" start="96" weeks="010100101010100101"/>
    <class days="0100000" id="624" room="256" start="117" weeks="010101010101000101"/>
    <class days="0001000" id="625" room="256" start="117" weeks="001010010101001010"/>
    <class days="0100000" id="626" room="256" start="117" weeks="001010101010100010"/>
    <class days="0001000" id="627" room="256" start="96" weeks="001010010101001010"/>
    <class days="0001000" id="628" room="256" start="117" weeks="010100101010100101"/>
    <class days="0001000" id="629" room="256" start="96" weeks="010100101010100101"/>
    <class days="0001000" id="630" room="256" start="117" weeks="010100101010100101"/>
    <class days="0010000" id="631" room="24" start="116" weeks="001010010101001010"/>
    <class days="0001000" id="632" room="240" start="146" weeks="000000000011101111"/>
    <class days="0100000" id="633" room="268" start="236" weeks="001010101010100010"/>
    <class days="0010000" id="634" room="243" start="216" weeks="011110111111101111"/>
    <class days="0000100" id="635" room="21" start="196" weeks="011111111111001111"/>
    <class days="1000000" id="636" room="238" start="236" weeks="011111111111100111"/>
    <class days="0010000" id="637" room="238" start="116" weeks="011110111111101111"/>
    <class days="0010000" id="638" room="120" start="156" weeks="010100101010100101"/>
    <class days="0100000" id="639" room="299" start="106" weeks="010101010101000101"/>
    <class days="0100000" id="640" room="299" start="226" weeks="001010101010100010"/>
    <class days="0000100" id="641" room="299" start="176" weeks="010101010101000101"/>
    <class days="0001000" id="642" room="299" start="186" weeks="010100101010100101"/>
    <class days="0000100" id="643" room="7" start="126" weeks="001010101010000000"/>
    <class days="0001000" id="644" room="7" start="196" weeks="010100101010000000"/>
    <class days="0010000" id="645" room="240" start="216" weeks="000000000010000000"/>
    <class days="0010000" id="646" room="234" start="206" weeks="000000000001000000"/>
    <class days="0001000" id="647" room="238" start="96" weeks="000000000000100000"/>
    <class days="0010000" id="648" room="21" start="136" weeks="000010110000000000"/>
    <class days="0010000" id="649" room="236" start="216" weeks="011110111111000000"/>
    <class days="1000000" id="650" room="238" start="106" weeks="011111111110000000"/>
    <class days="1000000" id="651" room="120" start="146" weeks="011111111110000000"/>
    <class days="1000000" id="652" room="241" start="196" weeks="011111111000000000"/>
    <class days="1000000" id="653" room="236" start="106" weeks="011111111000000000"/>
    <class days="0000100" id="654" room="238" start="246" weeks="011111111000000000"/>
    <class days="0100000" id="655" room="244" start="176" weeks="011111111000000000"/>
    <class days="0001000" id="656" room="36" start="236" weeks="011110111111000000"/>
    <class days="0100000" id="657" room="36" start="106" weeks="011111111110000000"/>
    <class days="0010000" id="658" room="36" start="236" weeks="011110111111000000"/>
    <class days="0000100" id="659" room="36" start="96" weeks="011111111110000000"/>
    <class days="0100000" id="660" room="36" start="226" weeks="011111111110000000"/>
    <class days="0001000" id="661" room="36" start="186" weeks="011110111111000000"/>
    <class days="0000100" id="662" room="36" start="226" weeks="011111111110000000"/>
    <class days="0000100" id="663" room="36" start="126" weeks="011111111110000000"/>
    <class days="0000100" id="664" room="190" start="96" weeks="011111111111001111"/>
    <class days="0010000" id="665" room="242" start="146" weeks="011110111111000000"/>
    <class days="0000100" id="666" room="268" start="196" weeks="011111000000000000"/>
    <class days="0100000" id="667" room="21" start="226" weeks="000000111110000000"/>
    <class days="0001000" id="668" room="24" start="96" weeks="000000011111000000"/>
    <class days="0000100" id="669" room="244" start="216" weeks="000000111110000000"/>
    <class days="0000100" id="670" room="234" start="116" weeks="001010101010000000"/>
    <class days="0010000" id="671" room="24" start="126" weeks="010100101010000000"/>
    <class days="0001000" id="672" room="244" start="176" weeks="001010010101000000"/>
    <class days="0001000" id="673" room="234" start="116" weeks="010100101010000000"/>
    <class days="0100000" id="674" room="27" start="216" weeks="011111000000000000"/>
    <class days="0000100" id="675" room="23" start="96" weeks="000000001111001111"/>
    <class days="1000000" id="676" room="23" start="106" weeks="000000001111100111"/>
    <class days="0001000" id="677" room="23" start="106" weeks="000000000111101111"/>
    <class days="0100000" id="678" room="23" start="96" weeks="000000001111100111"/>
    <class days="0001000" id="679" room="268" start="206" weeks="011110111111101111"/>
    <class days="0100000" id="680" room="234" start="186" weeks="011111111111100111"/>
    <class days="0000100" id="681" room="243" start="226" weeks="011111111111001111"/>
    <class days="0001000" id="682" room="236" start="176" weeks="011110111111101111"/>
    <class days="0100000" id="683" room="241" start="156" weeks="011111111111100111"/>
    <class days="0100000" id="684" room="32" start="226" weeks="011111110000000000"/>
    <class days="0000100" id="685" room="32" start="156" weeks="000000001111001111"/>
    <class days="0100000" id="686" start="141" weeks="011111111111100111"/>
    <class days="0100000" id="687" start="141" weeks="011111111111100111"/>
    <class days="0100000" id="688" start="141" weeks="011111111111100111"/>
    <class days="0100000" id="689" start="141" weeks="011111111111100111"/>
    <class days="0100000" id="690" start="141" weeks="011111111111100111"/>
    <class days="0100000" id="691" start="150" weeks="011111111111100111"/>
    <class days="0100000" id="692" start="150" weeks="011111111111100111"/>
    <class days="0100000" id="693" start="150" weeks="011111111111100111"/>
    <class days="0100000" id="694" start="150" weeks="011111111111100111"/>
    <class days="0010000" id="695" room="241" start="206" weeks="011110111111000000"/>
    <class days="0010000" id="696" room="20" start="206" weeks="000000000000101111"/>
    <class days="0010000" id="697" start="206" weeks="000000000000101111"/>
    <class days="0010000" id="698" room="243" start="106" weeks="011110111000000000"/>
    <class days="0000100" id="699" room="268" start="146" weeks="000000001111001111"/>
    <class days="0000100" id="700" room="27" start="96" weeks="011111111111001111"/>
    <class days="0010000" id="701" room="27" start="96" weeks="011110111111101111"/>
    <class days="0000100" id="702" room="27" start="116" weeks="011111111111001111"/>
    <class days="0010000" id="703" room="27" start="116" weeks="011110111111101111"/>
    <class days="0100000" id="704" room="242" start="226" weeks="011111000000000000"/>
    <class days="0100000" id="705" room="240" start="206" weeks="010101010101000101"/>
    <class days="0100000" id="706" room="240" start="206" weeks="001010101010100010"/>
    <class days="1000000" id="707" room="240" start="146" weeks="011111110000000000"/>
    <class days="1000000" id="708" room="236" start="136" weeks="000000001111100111"/>
    <class days="0001000" id="709" room="302" start="96" weeks="010100101010100101"/>
    <class days="0001000" id="710" room="302" start="96" weeks="001010010101001010"/>
    <class days="1000000" id="711" room="243" start="136" weeks="011111111000000000"/>
    <class days="0100000" id="712" room="23" start="216" weeks="011111111110000000"/>
    <class days="0010000" id="713" room="23" start="116" weeks="011110111111000000"/>
    <class days="0000100" id="714" start="236" weeks="011111110000000000"/>
    <class days="0000100" id="715" room="32" start="106" weeks="001010101010001010"/>
    <class days="1000000" id="716" room="27" start="126" weeks="011111111000000000"/>
    <class days="0100000" id="717" room="234" start="96" weeks="000000001111100111"/>
    <class days="0100000" id="718" room="23" start="166" weeks="011111000000000000"/>
    <class days="0001000" id="719" room="23" start="186" weeks="000000011111000000"/>
    <class days="0010000" id="720" room="236" start="176" weeks="000000000011101111"/>
    <class days="0000100" id="721" room="36" start="186" weeks="010101010101000101"/>
    <class days="0001000" id="722" room="36" start="116" weeks="010100101010100101"/>
    <class days="0000100" id="723" start="116" weeks="000000000111000000"/>
    <class days="0001000" id="724" room="27" start="166" weeks="000000000000100000"/>
    <class days="0001000" id="725" room="21" start="126" weeks="011110111100000000"/>
    <class days="0010000" id="726" room="23" start="146" weeks="011110111111000000"/>
    <class days="1000000" id="727" room="23" start="176" weeks="011111111110000000"/>
    <class days="1000000" id="728" room="27" start="216" weeks="011111110000000000"/>
    <class days="0100000" id="729" room="33" start="176" weeks="000000001111100111"/>
    <class days="0100000" id="730" room="33" start="196" weeks="000000001111100111"/>
    <class days="0100000" id="731" room="243" start="136" weeks="011111111000000000"/>
    <class days="1000000" id="732" room="241" start="96" weeks="011111111111100111"/>
    <class days="0100000" id="733" room="238" start="186" weeks="011111110000000000"/>
    <class days="0100000" id="734" room="238" start="186" weeks="000000001111100111"/>
    <class days="0010000" id="735" room="35" start="136" weeks="010100101010100101"/>
    <class days="0010000" id="736" room="35" start="96" weeks="001010010101001010"/>
    <class days="1000000" id="737" room="27" start="186" weeks="011111110000000000"/>
    <class days="0100000" id="738" room="111" start="126" weeks="000000001111100111"/>
    <class days="1000000" id="739" room="111" start="166" weeks="000000001111100111"/>
    <class days="0100000" id="740" room="241" start="176" weeks="011111111111100111"/>
    <class days="0010000" id="741" room="234" start="186" weeks="010100101010100101"/>
    <class days="1000000" id="742" room="268" start="126" weeks="011111111110000000"/>
    <class days="0010000" id="743" room="15" start="186" weeks="000000000111101111"/>
    <class days="0010000" id="744" start="206" weeks="000000000111101111"/>
    <class days="0010000" id="745" room="325" start="116" weeks="011110111000000000"/>
    <class days="0010000" id="746" room="32" start="176" weeks="011110111111101111"/>
    <class days="1000000" id="747" room="244" start="186" weeks="011111110000000000"/>
    <class days="1000000" id="748" room="238" start="196" weeks="011111110000000000"/>
    <class days="0000100" id="749" room="44" start="96" weeks="010101010101000101"/>
    <class days="0100000" id="750" room="44" start="96" weeks="010101010101000101"/>
    <class days="1000000" id="751" room="244" start="156" weeks="011111111111100111"/>
    <class days="0010000" id="752" room="238" start="216" weeks="001010010101001010"/>
    <class days="0010000" id="753" room="240" start="136" weeks="011110111111101111"/>
    <class days="1000000" id="754" room="32" start="116" weeks="011111111111100111"/>
    <class days="0010000" id="755" room="21" start="116" weeks="011110111111101111"/>
    <class days="0000100" id="756" room="15" start="106" weeks="000000001111001111"/>
    <class days="1000000" id="757" room="24" start="136" weeks="011111110000000000"/>
    <class days="0010000" id="758" room="302" start="176" weeks="000000000111101111"/>
    <class days="0000100" id="759" room="27" start="166" weeks="011111110000000000"/>
    <class days="0000100" id="760" room="32" start="216" weeks="001010101010001010"/>
    <class days="1000000" id="761" room="21" start="126" weeks="011111110000000000"/>
    <class days="0001000" id="762" room="240" start="166" weeks="000000000111101111"/>
    <class days="1000000" id="763" start="106" weeks="011111111000000000"/>
    <class days="0000100" id="764" room="238" start="106" weeks="000000001111001111"/>
    <class days="1000000" id="765" room="23" start="206" weeks="011111000000000000"/>
    <class days="0010000" id="766" room="226" start="96" weeks="011110111111101111"/>
    <class days="0100000" id="767" room="21" start="176" weeks="011111000000000000"/>
    <class days="0000100" id="768" room="268" start="206" weeks="000000111110000000"/>
    <class days="0100000" id="769" room="238" start="146" weeks="000000000001100111"/>
    <class days="0000100" id="770" room="120" start="116" weeks="000000000111000000"/>
    <class days="0001000" id="771" room="120" start="126" weeks="000000000000001000"/>
    <class days="0001000" id="772" room="236" start="106" weeks="011110111000000000"/>
    <class days="0010000" id="773" room="233" start="166" weeks="000000000111101111"/>
    <class days="0010000" id="774" room="22" start="146" weeks="001110100000000000"/>
    <class days="0000100" id="775" room="234" start="146" weeks="011111111111001111"/>
    <class days="0001000" id="776" room="22" start="196" weeks="000110111000000000"/>
    <class days="1000000" id="777" start="216" weeks="011111110000000000"/>
    <class days="0100000" id="778" start="196" weeks="000000001111100111"/>
    <class days="0100000" id="779" room="240" start="136" weeks="011111110000000000"/>
    <class days="0100000" id="780" room="240" start="136" weeks="000000001111100111"/>
    <class days="0001000" id="781" start="106" weeks="011110111000000000"/>
    <class days="0010000" id="782" room="7" start="96" weeks="011110111000000000"/>
    <class days="1000000" id="783" start="176" weeks="000000001111100111"/>
    <class days="1000000" id="784" room="234" start="126" weeks="011111111111100111"/>
    <class days="0000100" id="785" room="236" start="186" weeks="011111110000000000"/>
    <class days="1000000" id="786" room="234" start="176" weeks="011111111111100111"/>
    <class days="1000000" id="787" start="116" weeks="011111111000000000"/>
    <class days="0000100" id="788" room="238" start="96" weeks="011111110000000000"/>
    <class days="0001000" id="789" room="238" start="156" weeks="011110111111101111"/>
    <class days="1000000" id="790" room="15" start="136" weeks="000000111110000000"/>
    <class days="1000000" id="791" room="15" start="176" weeks="000000000001100111"/>
    <class days="1000000" id="792" start="136" weeks="011111111000000000"/>
    <class days="0000100" id="793" room="23" start="146" weeks="011111000000000000"/>
    <class days="0100000" id="794" room="23" start="146" weeks="000000111110000000"/>
    <class days="0100000" id="795" room="21" start="96" weeks="011111111110000000"/>
    <class days="0010000" id="796" start="216" weeks="000000000000101110"/>
    <class days="0010000" id="797" room="241" start="186" weeks="011110111111101111"/>
    <class days="0000100" id="798" room="236" start="226" weeks="011111110000000000"/>
    <class days="1000000" id="799" room="36" start="216" weeks="010101010101000101"/>
    <class days="1000000" id="800" room="36" start="116" weeks="010101010101000101"/>
    <class days="0000100" id="801" room="244" start="96" weeks="000000001111001111"/>
    <class days="0000100" id="802" start="116" weeks="000000000111000000"/>
    <class days="0000100" id="803" room="27" start="166" weeks="000000000001000000"/>
    <class days="0010000" id="804" room="21" start="246" weeks="011110111111101111"/>
    <class days="0010000" id="805" room="31" start="206" weeks="011110111111101111"/>
    <class days="0001000" id="806" room="31" start="176" weeks="011110111111101111"/>
    <class days="1000000" id="807" room="31" start="206" weeks="011111111111100111"/>
    <class days="1000000" id="808" room="24" start="176" weeks="011111110000000000"/>
    <class days="1000000" id="809" room="24" start="206" weeks="000000001111100111"/>
    <class days="0010000" id="810" room="20" start="156" weeks="010100101010100101"/>
    <class days="0000100" id="811" room="20" start="116" weeks="010101010101000101"/>
    <class days="0100000" id="812" room="234" start="146" weeks="011111110000000000"/>
    <class days="0010000" id="813" room="234" start="176" weeks="000000000111101111"/>
    <class days="1000000" id="814" room="44" start="126" weeks="011111111110000000"/>
    <class days="0000100" id="815" room="44" start="156" weeks="011111111110000000"/>
    <class days="0010000" id="816" room="241" start="146" weeks="011110111111101111"/>
    <class days="1000000" id="817" room="31" start="106" weeks="011111111110000000"/>
    <class days="0010000" id="818" room="31" start="106" weeks="011110111111000000"/>
    <class days="1000000" id="819" room="236" start="216" weeks="011111111111100111"/>
    <class days="0010000" id="820" room="234" start="226" weeks="011110111000000000"/>
    <class days="0000100" id="821" room="244" start="196" weeks="011111111111001111"/>
    <class days="1000000" id="822" room="120" start="116" weeks="011111110000000000"/>
    <class days="1000000" id="823" room="24" start="96" weeks="011111110000000000"/>
    <class days="1000000" id="824" start="106" weeks="011111111000000000"/>
    <class days="0100000" id="825" room="23" start="156" weeks="000000000001100111"/>
    <class days="0100000" id="826" room="23" start="146" weeks="000000111110000000"/>
    <class days="0100000" id="827" room="226" start="106" weeks="011111111111100111"/>
    <class days="0010000" id="828" start="146" weeks="011110111111000000"/>
    <class days="0010000" id="829" room="25" start="156" weeks="000000000000101110"/>
    <class days="0000100" id="830" start="116" weeks="000000000111000000"/>
    <class days="0000100" id="831" room="120" start="166" weeks="000000000010000000"/>
    <class days="0000100" id="832" room="236" start="216" weeks="000000001111001111"/>
    <class days="0010000" id="833" room="21" start="136" weeks="000000000111101111"/>
    <class days="0000100" id="834" room="234" start="136" weeks="011111111111001111"/>
    <class days="0010000" id="835" room="21" start="156" weeks="011110111111101111"/>
    <class days="0100000" id="836" room="238" start="236" weeks="011111111111100111"/>
    <class days="0100000" id="837" room="28" start="166" weeks="011111110000000000"/>
    <class days="0001000" id="838" room="26" start="236" weeks="000000000111101111"/>
    <class days="0001000" id="839" start="126" weeks="011110111000000000"/>
    <class days="1000000" id="840" room="12" start="126" weeks="000000001111100111"/>
    <class days="0000100" id="841" room="12" start="126" weeks="000000001111001111"/>
    <class days="0001000" id="842" room="12" start="116" weeks="000000000111101111"/>
    <class days="0010000" id="843" room="16" start="126" weeks="011110111111101111"/>
    <class days="0100000" id="844" start="153" weeks="011111111111100111"/>
    <class days="0010000" id="845" room="16" start="96" weeks="011110111111101111"/>
    <class days="0001000" id="846" room="46" start="166" weeks="011110111111101111"/>
    <class days="0010000" id="847" room="71" start="116" weeks="011110111111101111"/>
    <class days="0001000" id="848" room="55" start="216" weeks="011110110000000000"/>
    <class days="0001000" id="849" room="14" start="126" weeks="000000000000000111"/>
    <class days="0100000" id="850" room="16" start="136" weeks="011111100000000000"/>
    <class days="0000100" id="851" room="55" start="196" weeks="000000011111001000"/>
    <class days="0100000" id="852" room="73" start="176" weeks="011111111111100111"/>
    <class days="0010000" id="853" room="272" start="166" weeks="011110111111101111"/>
    <class days="0000100" id="854" room="71" start="206" weeks="011111111111001111"/>
    <class days="0100000" id="855" room="272" start="136" weeks="011111111111100111"/>
    <class days="0010000" id="856" room="6" start="206" weeks="011110111111101111"/>
    <class days="0010000" id="857" room="66" start="166" weeks="011110111111101111"/>
    <class days="0001000" id="858" room="272" start="146" weeks="011110111111101111"/>
    <class days="0001000" id="859" start="176" weeks="011110100000000011"/>
    <class days="1000000" id="860" room="3" start="225" weeks="011111111111100111"/>
    <class days="0010000" id="861" room="80" start="126" weeks="011110111100000000"/>
    <class days="0001000" id="862" room="18" start="105" weeks="011110111111101111"/>
    <class days="0000100" id="863" room="254" start="228" weeks="011111111111001111"/>
    <class days="0001000" id="864" room="216" start="246" weeks="011110111111101111"/>
    <class days="0100000" id="865" room="189" start="105" weeks="011111111111100111"/>
    <class days="1000000" id="866" room="254" start="141" weeks="011111111111100111"/>
    <class days="1000000" id="867" room="65" start="159" weeks="011111111111100111"/>
    <class days="1000000" id="868" room="200" start="162" weeks="011111111111100111"/>
    <class days="0010000" id="869" room="200" start="219" weeks="011110100000000000"/>
    <class days="0100000" id="870" room="272" start="96" weeks="011111111111100111"/>
    <class days="0001000" id="871" room="159" start="144" weeks="011110111111101111"/>
    <class days="0100000" id="872" room="153" start="165" weeks="011111111111100111"/>
    <class days="0001000" id="873" room="56" start="126" weeks="011110111111101111"/>
    <class days="0100000" id="874" room="272" start="114" weeks="011111111111100111"/>
    <class days="1000000" id="875" room="80" start="106" weeks="011111111111100111"/>
    <class days="0000100" id="876" room="125" start="96" weeks="001010101010001010"/>
    <class days="0000100" id="877" room="55" start="116" weeks="010101010101000101"/>
    <class days="0000100" id="878" room="124" start="116" weeks="001010101010001010"/>
    <class days="0010000" id="879" room="68" start="208" weeks="011110111111101111"/>
    <class days="1000000" id="880" room="68" start="206" weeks="011111111111100111"/>
    <class days="0001000" id="881" room="200" start="147" weeks="011110111111101111"/>
    <class days="0001000" id="882" room="254" start="236" weeks="011110111111101111"/>
    <class days="0010000" id="883" room="272" start="126" weeks="011110111111101111"/>
    <class days="0000100" id="884" room="254" start="206" weeks="011111111111001111"/>
    <class days="1000000" id="885" room="181" start="236" weeks="011111111111100111"/>
    <class days="0000100" id="886" start="147" weeks="011111111110000000"/>
    <class days="1000000" id="887" start="171" weeks="011111111110000000"/>
    <class days="0010000" id="888" start="162" weeks="011110111111000000"/>
    <class days="0001000" id="889" start="96" weeks="011110111111000000"/>
    <class days="0100000" id="890" start="120" weeks="011111111110000000"/>
    <class days="0000100" id="891" start="207" weeks="011111111110000000"/>
    <class days="1000000" id="892" start="150" weeks="011111111110000000"/>
    <class days="0010000" id="893" start="183" weeks="011110111111000000"/>
    <class days="0010000" id="894" room="14" start="168" weeks="011110111111101111"/>
    <class days="0010000" id="895" room="14" start="147" weeks="011110111111101111"/>
    <class days="0000100" id="896" room="198" start="180" weeks="011111111111001111"/>
    <class days="1000000" id="897" room="89" start="176" weeks="011111111111100111"/>
    <class days="0010000" id="898" room="89" start="126" weeks="011110111111101111"/>
    <class days="0010000" id="899" room="18" start="146" weeks="011110111111000000"/>
    <class days="0010000" id="900" room="64" start="144" weeks="011110111111000000"/>
    <class days="0010000" id="901" room="64" start="99" weeks="011110111111000000"/>
    <class days="1000000" id="902" room="200" start="165" weeks="011111111111100111"/>
    <class days="0001000" id="903" start="105" weeks="000000000111101111"/>
    <class days="0000100" id="904" start="171" weeks="000000001111001111"/>
    <class days="1000000" id="905" start="192" weeks="011111110000000000"/>
    <class days="0000100" id="906" start="102" weeks="011111110000000000"/>
    <class days="0001000" id="907" start="132" weeks="000000000111101111"/>
    <class days="1000000" id="908" start="192" weeks="000000001111100111"/>
    <class days="1000000" id="909" start="234" weeks="011111110000000000"/>
    <class days="0000100" id="910" start="195" weeks="011111110000000000"/>
    <class days="0001000" id="911" start="243" weeks="000000000111101111"/>
    <class days="0100000" id="912" start="99" weeks="000000001111100111"/>
    <class days="1000000" id="913" room="189" start="144" weeks="011101111011000111"/>
    <class days="0000100" id="914" room="200" start="210" weeks="011111111111001111"/>
    <class days="0000100" id="915" room="133" start="99" weeks="011111111111001111"/>
    <class days="0001000" id="916" start="105" weeks="011110111111000000"/>
    <class days="0100000" id="917" start="117" weeks="011111111110000000"/>
    <class days="0010000" id="918" start="108" weeks="011110111111000000"/>
    <class days="0100000" id="919" start="171" weeks="011111111110000000"/>
    <class days="1000000" id="920" start="186" weeks="011111111110000000"/>
    <class days="1000000" id="921" start="126" weeks="011111111110000000"/>
    <class days="0100000" id="922" start="105" weeks="011111111110000000"/>
    <class days="0100000" id="923" start="132" weeks="011111111110000000"/>
    <class days="1000000" id="924" start="111" weeks="011111111110000000"/>
    <class days="0100000" id="925" start="141" weeks="011111111110000000"/>
    <class days="0100000" id="926" start="156" weeks="011111111110000000"/>
    <class days="0100000" id="927" start="228" weeks="011111111110000000"/>
    <class days="0000100" id="928" room="200" start="183" weeks="011111111111001111"/>
    <class days="0010000" id="929" start="93" weeks="011110111111000000"/>
    <class days="0010000" id="930" start="186" weeks="011110111111000000"/>
    <class days="0000100" id="931" start="204" weeks="011111111110000000"/>
    <class days="0010000" id="932" start="93" weeks="011110111111000000"/>
    <class days="0010000" id="933" start="138" weeks="011110111111000000"/>
    <class days="0001000" id="934" start="93" weeks="011110111111000000"/>
    <class days="1000000" id="935" start="219" weeks="011111111110000000"/>
    <class days="0000100" id="936" start="147" weeks="011111111110000000"/>
    <class days="0001000" id="937" room="200" start="171" weeks="011110111111101111"/>
    <class days="0001000" id="938" room="154" start="96" weeks="011110111111101111"/>
    <class days="0001000" id="939" room="272" start="176" weeks="011110111111101111"/>
    <class days="0000100" id="940" room="202" start="196" weeks="011111111111001111"/>
    <class days="0010000" id="941" room="56" start="166" weeks="011110111111101111"/>
    <class days="0100000" id="942" room="153" start="236" weeks="011111111111100111"/>
    <class days="0000100" id="943" room="254" start="176" weeks="011111111111001111"/>
    <class days="0010000" id="944" room="200" start="168" weeks="011110111111101111"/>
    <class days="0000100" id="945" room="125" start="126" weeks="010101010101000101"/>
    <class days="1000000" id="946" room="56" start="166" weeks="001010101010100010"/>
    <class days="1000000" id="947" start="207" weeks="011111110000000000"/>
    <class days="0010000" id="948" start="207" weeks="011110111000000000"/>
    <class days="0100000" id="949" start="240" weeks="000000001111100111"/>
    <class days="0001000" id="950" start="168" weeks="011110111000000000"/>
    <class days="1000000" id="951" room="18" start="93" weeks="011111111111100111"/>
    <class days="1000000" id="952" room="202" start="206" weeks="011111111111100111"/>
    <class days="0000100" id="953" room="124" start="226" weeks="011111111111001111"/>
    <class days="0001000" id="954" room="56" start="216" weeks="000000000000101111"/>
    <class days="0000100" id="955" room="189" start="186" weeks="011111111110000000"/>
    <class days="0010000" id="956" room="11" start="196" weeks="011110111111101111"/>
    <class days="0010000" id="957" start="96" weeks="011110111111101111"/>
    <class days="0001000" id="958" room="189" start="198" weeks="011110111111101111"/>
    <class days="0100000" id="959" room="55" start="99" weeks="010101010101000101"/>
    <class days="1000000" id="960" room="14" start="226" weeks="011111111111100111"/>
    <class days="1000000" id="961" room="272" start="246" weeks="011111111111100111"/>
    <class days="0010000" id="962" room="55" start="165" weeks="011110111111101111"/>
    <class days="0000100" id="963" room="40" start="156" weeks="011111111111001111"/>
    <class days="1000000" id="964" room="202" start="226" weeks="011111111111100111"/>
    <class days="1000000" id="965" room="189" start="176" weeks="011111111111100111"/>
    <class days="0001000" id="966" room="151" start="116" weeks="011110111111101111"/>
    <class days="0001000" id="967" room="195" start="136" weeks="001010010101001010"/>
    <class days="0001000" id="968" room="195" start="136" weeks="010100101010100101"/>
    <class days="0100000" id="969" room="56" start="204" weeks="011111111111100111"/>
    <class days="0000100" id="970" room="56" start="246" weeks="011111111111001111"/>
    <class days="1000000" id="971" room="56" start="96" weeks="011111111111100111"/>
    <class days="0010000" id="972" room="272" start="146" weeks="011110111111101111"/>
    <class days="1000000" id="973" room="56" start="186" weeks="011111111111100111"/>
    <class days="0100000" id="974" room="160" start="126" weeks="011111111111100111"/>
    <class days="1000000" id="975" room="272" start="146" weeks="011111111111100111"/>
    <class days="0001000" id="976" room="55" start="136" weeks="011110111111101111"/>
    <class days="0000100" id="977" room="6" start="106" weeks="011111111111001111"/>
    <class days="1000000" id="978" room="200" start="189" weeks="011111110000000000"/>
    <class days="0010000" id="979" room="200" start="204" weeks="000000000100000000"/>
    <class days="0010000" id="980" room="55" start="123" weeks="001010010101001010"/>
    <class days="0100000" id="981" room="289" start="135" weeks="010101010101000101"/>
    <class days="0000100" id="982" room="154" start="177" weeks="010101010101000101"/>
    <class days="0001000" id="983" room="63" start="162" weeks="010100101010100101"/>
    <class days="0001000" id="984" room="151" start="96" weeks="001010010101001010"/>
    <class days="0100000" id="985" room="154" start="186" weeks="001010101010100010"/>
    <class days="0100000" id="986" room="55" start="225" weeks="011111110000000000"/>
    <class days="0010000" id="987" room="55" start="147" weeks="000000000100000000"/>
    <class days="0100000" id="988" room="124" start="168" weeks="010101010101000101"/>
    <class days="0100000" id="989" room="202" start="141" weeks="001010101010100010"/>
    <class days="0000100" id="990" start="162" weeks="000000001111001111"/>
    <class days="1000000" id="991" start="204" weeks="000000001111100111"/>
    <class days="1000000" id="992" start="192" weeks="011111110000000000"/>
    <class days="0010000" id="993" room="189" start="129" weeks="011110111000000000"/>
    <class days="0100000" id="994" room="55" start="231" weeks="000000001000000000"/>
    <class days="0100000" id="995" room="40" start="176" weeks="010101010101000101"/>
    <class days="0010000" id="996" start="93" weeks="000000000111101111"/>
    <class days="0000100" id="997" start="201" weeks="000000001111001111"/>
    <class days="0010000" id="998" room="189" start="156" weeks="011110111000000000"/>
    <class days="0001000" id="999" room="200" start="99" weeks="000000000100000000"/>
    <class days="0001000" id="1000" room="200" start="183" weeks="010100101010100101"/>
    <class days="0001000" id="1001" room="55" start="156" weeks="010100101010100101"/>
    <class days="0010000" id="1002" room="10" start="219" weeks="010100101010100101"/>
    <class days="0000100" id="1003" room="272" start="111" weeks="010101010101000101"/>
    <class days="0001000" id="1004" start="102" weeks="011110111000000000"/>
    <class days="0100000" id="1005" start="219" weeks="011111110000000000"/>
    <class days="0001000" id="1006" start="105" weeks="000000000111101111"/>
    <class days="0000100" id="1007" start="219" weeks="000000001111001111"/>
    <class days="0000100" id="1008" start="240" weeks="011111110000000000"/>
    <class days="0100000" id="1009" start="168" weeks="011111110000000000"/>
    <class days="0100000" id="1010" start="213" weeks="000000001111100111"/>
    <class days="1000000" id="1011" room="216" start="226" weeks="011111111111100111"/>
    <class days="1000000" id="1012" room="159" start="96" weeks="011111111111100111"/>
    <class days="0000100" id="1013" room="200" start="116" weeks="011111111111001111"/>
    <class days="0100000" id="1014" room="55" start="206" weeks="011111111111100111"/>
    <class days="1000000" id="1015" room="200" start="96" weeks="011111111111100111"/>
    <class days="0000100" id="1016" room="216" start="201" weeks="000000001111001110"/>
    <class days="0000100" id="1017" room="254" start="135" weeks="000000001111001110"/>
    <class days="0010000" id="1018" room="254" start="174" weeks="000000000111101110"/>
    <class days="0010000" id="1019" room="153" start="144" weeks="000000000111101110"/>
    <class days="0000100" id="1020" room="216" start="219" weeks="000000001111001110"/>
    <class days="0000100" id="1021" room="181" start="111" weeks="000000001111001110"/>
    <class days="0010000" id="1022" room="14" start="116" weeks="000000000111101110"/>
    <class days="0100000" id="1023" room="202" start="206" weeks="000000001111100110"/>
    <class days="0100000" id="1024" start="195" weeks="011111110000000000"/>
    <class days="0001000" id="1025" start="180" weeks="011110111000000000"/>
    <class days="0100000" id="1026" start="156" weeks="011111110000000000"/>
    <class days="0010000" id="1027" start="114" weeks="011110111000000000"/>
    <class days="0010000" id="1028" start="153" weeks="011110111000000000"/>
    <class days="0000100" id="1029" start="171" weeks="011111110000000000"/>
    <class days="0010000" id="1030" start="105" weeks="011110111000000000"/>
    <class days="0100000" id="1031" start="144" weeks="011111110000000000"/>
    <class days="0000100" id="1032" start="156" weeks="011111110000000000"/>
    <class days="0000100" id="1033" start="183" weeks="011111110000000000"/>
    <class days="0010000" id="1034" start="135" weeks="011110111000000000"/>
    <class days="0001000" id="1035" start="198" weeks="011110111000000000"/>
    <class days="0000100" id="1036" start="165" weeks="011111110000000000"/>
    <class days="1000000" id="1037" start="198" weeks="011111110000000000"/>
    <class days="0000100" id="1038" start="105" weeks="011111110000000000"/>
    <class days="0001000" id="1039" start="174" weeks="011110111000000000"/>
    <class days="0001000" id="1040" room="18" start="138" weeks="000000000111101111"/>
    <class days="0001000" id="1041" room="200" start="213" weeks="011110111111101111"/>
    <class days="0100000" id="1042" room="116" start="213" weeks="011111111111100111"/>
    <class days="0100000" id="1043" room="124" start="126" weeks="011111111111100111"/>
    <class days="0001000" id="1044" room="124" start="99" weeks="011110111111101111"/>
    <class days="1000000" id="1045" room="153" start="162" weeks="011111111111100111"/>
    <class days="0100000" id="1046" room="189" start="93" weeks="000000001111100111"/>
    <class days="0000100" id="1047" room="153" start="192" weeks="011111111111001111"/>
    <class days="0100000" id="1048" room="202" start="159" weeks="011111111111100111"/>
    <class days="0000100" id="1049" room="115" start="144" weeks="011111111111001111"/>
    <class days="0001000" id="1050" room="272" start="99" weeks="011110111111101111"/>
    <class days="0100000" id="1051" room="18" start="180" weeks="010101010101000101"/>
    <class days="1000000" id="1052" room="124" start="150" weeks="011111111111100111"/>
    <class days="1000000" id="1053" room="71" start="96" weeks="001010101010100010"/>
    <class days="1000000" id="1054" room="71" start="96" weeks="010101010101000101"/>
    <class days="1000000" id="1055" room="200" start="246" weeks="011111111111100111"/>
    <class days="0010000" id="1056" start="183" weeks="011110111111000000"/>
    <class days="0001000" id="1057" start="228" weeks="011110111111000000"/>
    <class days="0010000" id="1058" start="174" weeks="011110111111000000"/>
    <class days="0100000" id="1059" room="189" start="195" weeks="011111111111100111"/>
    <class days="0001000" id="1060" room="216" start="225" weeks="011110111111101111"/>
    <class days="0001000" id="1061" room="202" start="108" weeks="011110111111101111"/>
    <class days="1000000" id="1062" room="55" start="165" weeks="011111111111100111"/>
    <class days="0000100" id="1063" start="135" weeks="011111111110000000"/>
    <class days="0100000" id="1064" start="222" weeks="011111111110000000"/>
    <class days="0100000" id="1065" start="228" weeks="011111111110000000"/>
    <class days="0010000" id="1066" start="201" weeks="011110111111000000"/>
    <class days="0010000" id="1067" start="207" weeks="011110111111000000"/>
    <class days="0010000" id="1068" room="200" start="117" weeks="011110111111101111"/>
    <class days="0000100" id="1069" room="160" start="99" weeks="011111111111001111"/>
    <class days="0001000" id="1070" room="189" start="219" weeks="011110111111101111"/>
    <class days="1000000" id="1071" room="202" start="168" weeks="011111111111100111"/>
    <class days="0001000" id="1072" room="180" start="174" weeks="011110111111101111"/>
    <class days="0100000" id="1073" room="18" start="243" weeks="011111111111100111"/>
    <class days="0010000" id="1074" room="200" start="159" weeks="011110111111101111"/>
    <class days="0100000" id="1075" room="124" start="144" weeks="011111111111100111"/>
    <class days="1000000" id="1076" room="153" start="138" weeks="011111111111100111"/>
    <class days="0100000" id="1077" room="189" start="171" weeks="011111111111100111"/>
    <class days="0010000" id="1078" start="96" weeks="011110111111000000"/>
    <class days="1000000" id="1079" start="225" weeks="011111111110000000"/>
    <class days="0000100" id="1080" room="189" start="156" weeks="011111111111001111"/>
    <class days="1000000" id="1081" room="154" start="153" weeks="001010101010100010"/>
    <class days="0001000" id="1082" room="216" start="117" weeks="010100101010100101"/>
    <class days="0010000" id="1083" room="10" start="147" weeks="001010010101001010"/>
    <class days="0001000" id="1084" room="115" start="237" weeks="010100101010100101"/>
    <class days="0010000" id="1085" room="189" start="201" weeks="010100101010100101"/>
    <class days="1000000" id="1086" room="125" start="150" weeks="001010101010100010"/>
    <class days="0100000" id="1087" room="202" start="183" weeks="001010101010100010"/>
    <class days="0010000" id="1088" room="125" start="141" weeks="010100101010100101"/>
    <class days="0000100" id="1089" room="55" start="144" weeks="010101010101000101"/>
    <class days="0010000" id="1090" room="125" start="132" weeks="001010010101001010"/>
    <class days="1000000" id="1091" room="254" start="198" weeks="010101010101000101"/>
    <class days="1000000" id="1092" room="200" start="132" weeks="011111111111100111"/>
    <class days="0100000" id="1093" room="125" start="99" weeks="010101010101000101"/>
    <class days="0000100" id="1094" room="18" start="198" weeks="010101010101000101"/>
    <class days="0100000" id="1095" room="200" start="222" weeks="011111111111100111"/>
    <class days="0000100" id="1096" room="124" start="132" weeks="010101010101000101"/>
    <class days="1000000" id="1097" room="133" start="219" weeks="010101010101000101"/>
    <class days="0000100" id="1098" room="80" start="102" weeks="010101010101000101"/>
    <class days="1000000" id="1099" room="115" start="108" weeks="010101010101000101"/>
    <class days="0000100" id="1100" room="200" start="189" weeks="011111111111001111"/>
    <class days="0000100" id="1101" room="80" start="144" weeks="001010101010001010"/>
    <class days="0010000" id="1102" room="216" start="111" weeks="001010010101001010"/>
    <class days="1000000" id="1103" room="160" start="180" weeks="001010101010100010"/>
    <class days="0001000" id="1104" room="202" start="174" weeks="010100101010100101"/>
    <class days="0000100" id="1105" room="189" start="99" weeks="011111111111001111"/>
    <class days="0010000" id="1106" room="133" start="222" weeks="010100101010100101"/>
    <class days="0100000" id="1107" room="254" start="120" weeks="001010101010100010"/>
    <class days="0100000" id="1108" room="56" start="246" weeks="001010101010100010"/>
    <class days="0010000" id="1109" room="202" start="162" weeks="001010010101001010"/>
    <class days="0100000" id="1110" room="18" start="219" weeks="011111110000000000"/>
    <class days="0000100" id="1111" room="200" start="246" weeks="000000001000000000"/>
    <class days="1000000" id="1112" room="216" start="195" weeks="001010101010100010"/>
    <class days="1000000" id="1113" room="148" start="138" weeks="001010101010100010"/>
    <class days="0000100" id="1114" room="133" start="153" weeks="001010101010001010"/>
    <class days="0100000" id="1115" room="55" start="96" weeks="001010101010100010"/>
    <class days="1000000" id="1116" room="54" start="102" weeks="010101010101000101"/>
    <class days="0100000" id="1117" room="54" start="174" weeks="001010101010100010"/>
    <class days="0001000" id="1118" room="63" start="159" weeks="001010010101001010"/>
    <class days="0000100" id="1119" room="159" start="171" weeks="010101010101000101"/>
    <class days="0001000" id="1120" room="254" start="114" weeks="010100101010100101"/>
    <class days="0001000" id="1121" room="216" start="136" weeks="011110111111101111"/>
    <class days="0010000" id="1122" room="16" start="174" weeks="001110111000000000"/>
    <class days="1000000" id="1123" room="16" start="180" weeks="000000001111100100"/>
    <class days="0001000" id="1124" room="16" start="156" weeks="001110111000000000"/>
    <class days="1000000" id="1125" room="16" start="93" weeks="000000001111100100"/>
    <class days="0010000" id="1126" room="56" start="240" weeks="011110111111101111"/>
    <class days="0010000" id="1127" room="289" start="216" weeks="011110111111101111"/>
    <class days="0100000" id="1128" room="10" start="116" weeks="011111111111100111"/>
    <class days="0010000" id="1129" room="10" start="117" weeks="011110111111101111"/>
    <class days="0010000" id="1130" room="289" start="162" weeks="011110111111101111"/>
    <class days="0010000" id="1131" room="160" start="216" weeks="011110111111101111"/>
    <class days="0010000" id="1132" room="56" start="216" weeks="011110111111101111"/>
    <class days="0001000" id="1133" room="55" start="176" weeks="001010010101001010"/>
    <class days="0100000" id="1134" room="115" start="226" weeks="001010101010100010"/>
    <class days="1000000" id="1135" room="272" start="126" weeks="010101010101000101"/>
    <class days="0000100" id="1136" start="171" weeks="000000001111001111"/>
    <class days="0100000" id="1137" start="219" weeks="000000001111100111"/>
    <class days="0100000" id="1138" start="108" weeks="000000001111100111"/>
    <class days="0100000" id="1139" start="180" weeks="011111110000000000"/>
    <class days="0000100" id="1140" start="207" weeks="000000001111001111"/>
    <class days="0100000" id="1141" start="240" weeks="000000001111100111"/>
    <class days="0001000" id="1142" room="189" start="165" weeks="011110111111101111"/>
    <class days="0000100" id="1143" start="180" weeks="011111111110000000"/>
    <class days="0000100" id="1144" start="150" weeks="011111111110000000"/>
    <class days="1000000" id="1145" start="123" weeks="011111111110000000"/>
    <class days="0000100" id="1146" start="192" weeks="011111111110000000"/>
    <class days="1000000" id="1147" start="135" weeks="011111111110000000"/>
    <class days="0001000" id="1148" start="231" weeks="011110111111000000"/>
    <class days="0100000" id="1149" start="228" weeks="011111111110000000"/>
    <class days="0010000" id="1150" start="141" weeks="011110111111000000"/>
    <class days="0100000" id="1151" start="198" weeks="011111111110000000"/>
    <class days="1000000" id="1152" room="200" start="192" weeks="011111111111100111"/>
    <class days="0001000" id="1153" start="150" weeks="000000000111101111"/>
    <class days="0100000" id="1154" start="129" weeks="011111110000000000"/>
    <class days="1000000" id="1155" start="123" weeks="011111110000000000"/>
    <class days="0000100" id="1156" room="18" start="219" weeks="011111111111001111"/>
    <class days="0000100" id="1157" room="133" start="126" weeks="001010101010001010"/>
    <class days="0001000" id="1158" start="222" weeks="000000000111101111"/>
    <class days="0001000" id="1159" start="198" weeks="000000000111101111"/>
    <class days="0001000" id="1160" room="189" start="99" weeks="011110111111101111"/>
    <class days="0000100" id="1161" room="153" start="135" weeks="010101010101000101"/>
    <class days="0000100" id="1162" room="125" start="204" weeks="010101010101000101"/>
    <class days="0100000" id="1163" room="202" start="234" weeks="001010101010100010"/>
    <class days="0010000" id="1164" start="156" weeks="011110111000000000"/>
    <class days="0001000" id="1165" start="207" weeks="011110111000000000"/>
    <class days="0010000" id="1166" start="198" weeks="011110111000000000"/>
    <class days="0001000" id="1167" start="159" weeks="000000000111101111"/>
    <class days="0001000" id="1168" start="207" weeks="000000000111101111"/>
    <class days="0001000" id="1169" start="207" weeks="011110111000000000"/>
    <class days="0100000" id="1170" room="200" start="210" weeks="011111111111100111"/>
    <class days="0100000" id="1171" room="266" start="186" weeks="000000001111100111"/>
    <class days="0001000" id="1172" room="133" start="204" weeks="000000000111101111"/>
    <class days="0000100" id="1173" room="56" start="177" weeks="000000001111001111"/>
    <class days="1000000" id="1174" room="181" start="165" weeks="000000001111100111"/>
    <class days="0000100" id="1175" room="202" start="243" weeks="000000001111001111"/>
    <class days="0010000" id="1176" start="198" weeks="011110111111101111"/>
    <class days="0010000" id="1177" start="198" weeks="011110111111101111"/>
    <class days="0010000" id="1178" room="89" start="136" weeks="011110111111101111"/>
    <class days="0010000" id="1179" room="272" start="226" weeks="000000000111101111"/>
    <class days="0010000" id="1180" room="18" start="166" weeks="011110111111101111"/>
    <class days="0001000" id="1181" room="54" start="156" weeks="010100101010100101"/>
    <class days="0000100" id="1182" room="272" start="156" weeks="001010101010001010"/>
    <class days="0001000" id="1183" room="18" start="196" weeks="011110111111000000"/>
    <class days="0000100" id="1184" room="18" start="196" weeks="000111111111000000"/>
    <class days="0001000" id="1185" room="289" start="226" weeks="011110111111101111"/>
    <class days="0100000" id="1186" room="10" start="176" weeks="011111111111100111"/>
    <class days="0100000" id="1187" room="12" start="116" weeks="011111111111100111"/>
    <class days="0010000" id="1188" room="68" start="116" weeks="011110111111101111"/>
    <class days="0001000" id="1189" room="116" start="176" weeks="011110111111101111"/>
    <class days="0001000" id="1190" room="73" start="216" weeks="011110111111101111"/>
    <class days="0100000" id="1191" room="71" start="216" weeks="011111111111100111"/>
    <class days="0001000" id="1192" room="71" start="156" weeks="011110111111101111"/>
    <class days="0001000" id="1193" start="132" weeks="011110111111101111"/>
    <class days="1000000" id="1194" start="96" weeks="011111111111100111"/>
    <class days="1000000" id="1195" start="96" weeks="011111111111100111"/>
    <class days="0001000" id="1196" start="132" weeks="011110111111101111"/>
    <class days="0010000" id="1197" start="96" weeks="011110111111101111"/>
    <class days="0010000" id="1198" start="96" weeks="011110111111101111"/>
    <class days="0010000" id="1199" start="96" weeks="011110111111101111"/>
    <class days="0010000" id="1200" start="226" weeks="011110111100000000"/>
    <class days="0100000" id="1201" room="11" start="96" weeks="011111110000000000"/>
    <class days="0100000" id="1202" room="11" start="216" weeks="011111110000000000"/>
    <class days="0001000" id="1203" room="52" start="136" weeks="011110111000000000"/>
    <class days="1000000" id="1204" room="11" start="236" weeks="000000001111100111"/>
    <class days="0010000" id="1205" room="66" start="96" weeks="000000000111101111"/>
    <class days="0001000" id="1206" room="66" start="106" weeks="000000000111101111"/>
    <class days="0001000" id="1207" room="289" start="96" weeks="011110111111101111"/>
    <class days="0001000" id="1208" room="159" start="116" weeks="011110111111101111"/>
    <class days="0001000" id="1209" room="159" start="116" weeks="011110111111101111"/>
    <class days="0000100" id="1210" room="289" start="156" weeks="011111111111001111"/>
    <class days="0000100" id="1211" room="46" start="96" weeks="011111111111001111"/>
    <class days="0010000" id="1212" room="272" start="186" weeks="011110111111101111"/>
    <class days="0000100" id="1213" room="55" start="146" weeks="011111111111001111"/>
    <class days="1000000" id="1214" room="115" start="216" weeks="011111111111100111"/>
    <class days="0000100" id="1215" room="159" start="166" weeks="011111111111001111"/>
    <class days="0001000" id="1216" room="56" start="136" weeks="011110111111101111"/>
    <class days="0100000" id="1217" room="189" start="144" weeks="011111111111100111"/>
    <class days="0100000" id="1218" room="115" start="126" weeks="011111111111100111"/>
    <class days="0001000" id="1219" room="10" start="116" weeks="011110111111101111"/>
    <class days="0100000" id="1220" room="159" start="176" weeks="011111111111100111"/>
    <class days="0100000" id="1221" room="159" start="156" weeks="011111111111100111"/>
    <class days="1000000" id="1222" room="18" start="156" weeks="011111111111100111"/>
    <class days="0010000" id="1223" room="56" start="136" weeks="011110111111101111"/>
    <class days="0100000" id="1224" room="10" start="196" weeks="011111110000000000"/>
    <class days="1000000" id="1225" room="115" start="216" weeks="011111111111100111"/>
    <class days="0010000" id="1226" room="11" start="116" weeks="011110111111101111"/>
    <class days="0000100" id="1227" room="6" start="206" weeks="011111111111001111"/>
    <class days="0010000" id="1228" room="11" start="226" weeks="011110111111101111"/>
    <class days="0010000" id="1229" room="289" start="216" weeks="011110111111101111"/>
    <class days="0100000" id="1230" room="71" start="116" weeks="011111111111100111"/>
    <class days="0100000" id="1231" room="11" start="196" weeks="011111111111100111"/>
    <class days="0001000" id="1232" room="11" start="126" weeks="011110111111101111"/>
    <class days="0010000" id="1233" start="99" weeks="011110111111101111"/>
    <class days="0010000" id="1234" room="10" start="96" weeks="011110111111101111"/>
    <class days="0000100" id="1235" room="10" start="116" weeks="011111111111001111"/>
    <class days="1000000" id="1236" room="10" start="96" weeks="011111111111100111"/>
    <class days="0100000" id="1237" room="74" start="171" weeks="010101010101000101"/>
    <class days="1000000" id="1238" room="74" start="159" weeks="001010101010100010"/>
    <class days="0100000" id="1239" room="74" start="177" weeks="001010101010100010"/>
    <class days="0100000" id="1240" room="74" start="99" weeks="001010101010100010"/>
    <class days="0000100" id="1241" room="74" start="168" weeks="010101010101000101"/>
    <class days="0100000" id="1242" room="268" start="116" weeks="011111111111100111"/>
    <class days="1000000" id="1243" room="244" start="196" weeks="011111111111100111"/>
    <class days="0001000" id="1244" room="21" start="186" weeks="011110111111101111"/>
    <class days="0001000" id="1245" room="19" start="166" weeks="011110111111101111"/>
    <class days="0001000" id="1246" room="19" start="186" weeks="011110111111101111"/>
    <class days="0001000" id="1247" room="289" start="96" weeks="011110111111000000"/>
    <class days="0100000" id="1248" room="272" start="216" weeks="011111111111100111"/>
    <class days="0010000" id="1249" room="54" start="206" weeks="010100101010000000"/>
    <class days="0010000" id="1250" room="272" start="106" weeks="001010010101000000"/>
    <class days="1000000" id="1251" room="137" start="168" weeks="011111111111100111"/>
    <class days="1000000" id="1252" room="187" start="168" weeks="011111111111100111"/>
    <class days="0100000" id="1253" room="137" start="186" weeks="011111111111100111"/>
    <class days="0100000" id="1254" room="187" start="186" weeks="011111111111100111"/>
    <class days="0100000" id="1255" room="188" start="186" weeks="011111111111100111"/>
    <class days="0100000" id="1256" room="189" start="123" weeks="011111111111100111"/>
    <class days="0000100" id="1257" room="54" start="176" weeks="011111111111001111"/>
    <class days="1000000" id="1258" room="160" start="106" weeks="011111111111100111"/>
    <class days="0010000" id="1259" room="160" start="116" weeks="011110111111101111"/>
    <class days="0010000" id="1260" room="56" start="116" weeks="011110111111101111"/>
    <class days="0010000" id="1261" room="160" start="216" weeks="011110111111101111"/>
    <class days="0001000" id="1262" room="99" start="146" weeks="011110111111101111"/>
    <class days="1000000" id="1263" room="115" start="136" weeks="010101010101000101"/>
    <class days="0100000" id="1264" room="86" start="108" weeks="010101010101000101"/>
    <class days="1000000" id="1265" start="96" weeks="011111111111100111"/>
    <class days="0001000" id="1266" start="132" weeks="011110111111101111"/>
    <class days="0010000" id="1267" room="54" start="96" weeks="011110111111101111"/>
    <class days="1000000" id="1268" start="196" weeks="011111111111100111"/>
    <class days="0010000" id="1269" room="50" start="196" weeks="010100101010100101"/>
    <class days="0100000" id="1270" start="136" weeks="011111111111100111"/>
    <class days="0001000" id="1271" room="55" start="136" weeks="011110111000000000"/>
    <class days="0000100" id="1272" room="46" start="216" weeks="011111111110000000"/>
    <class days="1000000" id="1273" room="115" start="136" weeks="001010101010100010"/>
    <class days="0100000" id="1274" room="86" start="108" weeks="001010101010100010"/>
    <class days="0001000" id="1275" start="114" weeks="011110111111101111"/>
    <class days="0100000" id="1276" start="176" weeks="011111111111100111"/>
    <class days="0000100" id="1277" room="54" start="196" weeks="000000001111001111"/>
    <class days="0000100" id="1278" room="54" start="226" weeks="000000001111001111"/>
    <class days="0010000" id="1279" room="159" start="216" weeks="011110111111101111"/>
    <class days="0001000" id="1280" room="11" start="216" weeks="011110111111101111"/>
    <class days="0100000" id="1281" room="11" start="176" weeks="011111111111100111"/>
    <class days="1000000" id="1282" start="96" weeks="011111111111100111"/>
    <class days="0001000" id="1283" start="132" weeks="011110111111101111"/>
    <class days="0010000" id="1284" start="96" weeks="011110111111101111"/>
    <class days="1000000" id="1285" room="46" start="196" weeks="011111111111100111"/>
    <class days="0010000" id="1286" start="186" weeks="010100101010100101"/>
    <class days="0010000" id="1287" room="12" start="136" weeks="011110111111101111"/>
    <class days="0001000" id="1288" room="54" start="166" weeks="011110111111101111"/>
    <class days="0010000" id="1289" room="50" start="96" weeks="011110111111101111"/>
    <class days="0000100" id="1290" room="50" start="176" weeks="011111111111001111"/>
    <class days="0010000" id="1291" room="115" start="176" weeks="010100101010100101"/>
    <class days="0001000" id="1292" room="60" start="116" weeks="001010010101001010"/>
    <class days="0001000" id="1293" room="222" start="114" weeks="011110111111101111"/>
    <class days="0100000" id="1294" room="222" start="176" weeks="011111111111100111"/>
    <class days="1000000" id="1295" room="14" start="96" weeks="011111111110000000"/>
    <class days="0100000" id="1296" room="16" start="106" weeks="011111111110000000"/>
    <class days="0000100" id="1297" room="115" start="216" weeks="011111111110000000"/>
    <class days="0100000" id="1298" room="14" start="176" weeks="011111111110000000"/>
    <class days="0001000" id="1299" room="14" start="136" weeks="011110111111000000"/>
    <class days="0001000" id="1300" room="10" start="156" weeks="011110111111000000"/>
    <class days="0100000" id="1301" start="126" weeks="011111111110000000"/>
    <class days="0000100" id="1302" room="55" start="176" weeks="011111110000000000"/>
    <class days="0000100" id="1303" room="99" start="96" weeks="011111111110000000"/>
    <class days="0000100" id="1304" room="99" start="126" weeks="011111111110000000"/>
    <class days="0010000" id="1305" room="18" start="216" weeks="011110111111000000"/>
    <class days="0100000" id="1306" room="66" start="96" weeks="011111111110000000"/>
    <class days="0001000" id="1307" room="73" start="186" weeks="011110111111000000"/>
    <class days="0010000" id="1308" room="289" start="156" weeks="011110111111000000"/>
    <class days="0000100" id="1309" room="52" start="136" weeks="011111111110000000"/>
    <class days="0000100" id="1310" room="73" start="146" weeks="011111111110000000"/>
    <class days="1000000" id="1311" room="289" start="146" weeks="011111111111100111"/>
    <class days="0010000" id="1312" room="73" start="156" weeks="011110111111101111"/>
    <class days="0100000" id="1313" room="71" start="156" weeks="011111111111100111"/>
    <class days="0100000" id="1314" room="71" start="186" weeks="011111111111100111"/>
    <class days="0001000" id="1315" start="132" weeks="011110111111101111"/>
    <class days="1000000" id="1316" start="96" weeks="011111111111100111"/>
    <class days="0001000" id="1317" start="132" weeks="011110111111101111"/>
    <class days="1000000" id="1318" start="96" weeks="011111111111100111"/>
    <class days="0001000" id="1319" room="153" start="176" weeks="011110100000000011"/>
    <class days="1000000" id="1320" room="3" start="106" weeks="011111111111100111"/>
    <class days="0010000" id="1321" room="3" start="176" weeks="011110111111101111"/>
    <class days="0100000" id="1322" room="3" start="206" weeks="011111111111100111"/>
    <class days="1000000" id="1323" room="64" start="166" weeks="001010101010100010"/>
    <class days="0000100" id="1324" room="64" start="126" weeks="001010101010001010"/>
    <class days="0001000" id="1325" room="64" start="156" weeks="010100101010100101"/>
    <class days="0001000" id="1326" room="64" start="136" weeks="001010010101001010"/>
    <class days="0100000" id="1327" start="96" weeks="011111111111100111"/>
    <class days="0100000" id="1328" start="96" weeks="011111111111100111"/>
    <class days="0010000" id="1329" start="123" weeks="011110111111101111"/>
    <class days="0010000" id="1330" start="123" weeks="011110111111101111"/>
    <class days="0010000" id="1331" room="289" start="116" weeks="011110111111101111"/>
    <class days="0000100" id="1332" room="56" start="116" weeks="011111111111001111"/>
    <class days="0100000" id="1333" room="115" start="96" weeks="011111111111100111"/>
    <class days="0001000" id="1334" room="289" start="146" weeks="011110111111101111"/>
    <class days="0001000" id="1335" room="160" start="146" weeks="011110111111101111"/>
    <class days="1000000" id="1336" room="55" start="136" weeks="011111111111100111"/>
    <class days="1000000" id="1337" room="54" start="156" weeks="011111111111100111"/>
    <class days="0100000" id="1338" room="160" start="96" weeks="011111111111100111"/>
    <class days="0100000" id="1339" room="55" start="126" weeks="011111111111100111"/>
    <class days="0000100" id="1340" room="272" start="136" weeks="011111111111001111"/>
    <class days="0001000" id="1341" room="159" start="216" weeks="011110111111101111"/>
    <class days="1000000" id="1342" room="272" start="216" weeks="011111111111100111"/>
    <class days="0001000" id="1343" room="289" start="126" weeks="010100101010100101"/>
    <class days="0010000" id="1344" room="54" start="196" weeks="001010010101001010"/>
    <class days="0000100" id="1345" room="159" start="226" weeks="001010101010001010"/>
    <class days="0100000" id="1346" room="57" start="166" weeks="011111111111100111"/>
    <class days="0001000" id="1347" room="200" start="120" weeks="011110111000000000"/>
    <class days="0000100" id="1348" room="10" start="216" weeks="011111111111001111"/>
    <class days="0010000" id="1349" room="159" start="166" weeks="011110111111101111"/>
    <class days="0001000" id="1350" room="10" start="136" weeks="011110111111101111"/>
    <class days="0010000" id="1351" room="159" start="116" weeks="011110111111101111"/>
    <class days="0001000" id="1352" room="10" start="196" weeks="011110111111101111"/>
    <class days="0000100" id="1353" room="160" start="136" weeks="011111111111001111"/>
    <class days="1000000" id="1354" room="18" start="136" weeks="011111111111100111"/>
    <class days="0001000" id="1355" room="55" start="196" weeks="011110111111101111"/>
    <class days="0100000" id="1356" room="159" start="126" weeks="010101010101000101"/>
    <class days="0001000" id="1357" room="16" start="126" weeks="010100101010100101"/>
    <class days="0001000" id="1358" room="16" start="116" weeks="010100101010100101"/>
    <class days="0010000" id="1359" room="55" start="156" weeks="011110111111101111"/>
    <class days="1000000" id="1360" room="159" start="176" weeks="011111111000000000"/>
    <class days="0000100" id="1361" room="71" start="186" weeks="000000001111001111"/>
    <class days="0100000" id="1362" room="73" start="146" weeks="000000001111100111"/>
    <class days="0001000" id="1363" start="146" weeks="011110111000000000"/>
    <class days="0010000" id="1364" room="11" start="146" weeks="011110111111000000"/>
    <class days="0000100" id="1365" room="11" start="106" weeks="011111111110000000"/>
    <class days="0000100" id="1366" room="73" start="136" weeks="011111111110000000"/>
    <class days="1000000" id="1367" room="52" start="126" weeks="011111111110000000"/>
    <class days="0000100" id="1368" room="18" start="146" weeks="010101010101000101"/>
    <class days="0010000" id="1369" room="71" start="196" weeks="011110111111101111"/>
    <class days="0010000" id="1370" room="52" start="156" weeks="011110111111101111"/>
    <class days="0001000" id="1371" room="71" start="196" weeks="011110111111101111"/>
    <class days="0000100" id="1372" room="11" start="176" weeks="011111111111001111"/>
    <class days="0001000" id="1373" room="66" start="116" weeks="011110111111101111"/>
    <class days="0010000" id="1374" room="272" start="176" weeks="011110111100000000"/>
    <class days="0010000" id="1375" room="115" start="116" weeks="011110111100000000"/>
    <class days="1000000" id="1376" room="10" start="156" weeks="000000001111100111"/>
    <class days="0000100" id="1377" room="74" start="165" weeks="001010101010001010"/>
    <class days="0000100" id="1378" room="74" start="183" weeks="001010101010001010"/>
    <class days="0100000" id="1379" room="74" start="144" weeks="010101010101000101"/>
    <class days="0100000" id="1380" room="74" start="138" weeks="001010101010100010"/>
    <class days="1000000" id="1381" room="206" start="168" weeks="011111111111100111"/>
    <class days="1000000" id="1382" room="204" start="168" weeks="011111111111100111"/>
    <class days="1000000" id="1383" room="135" start="168" weeks="011111111111100111"/>
    <class days="0100000" id="1384" start="186" weeks="011111111111100111"/>
    <class days="0100000" id="1385" start="186" weeks="011111111111100111"/>
    <class days="0100000" id="1386" start="186" weeks="011111111111100111"/>
    <class days="0001000" id="1387" start="204" weeks="011110111111101111"/>
    <class days="0010000" id="1388" start="138" weeks="011110111111101111"/>
    <class days="0100000" id="1389" room="200" start="126" weeks="011111111111100111"/>
    <class days="0010000" id="1390" room="10" start="166" weeks="011110111111101111"/>
    <class days="0001000" id="1391" room="115" start="126" weeks="011110111111101111"/>
    <class days="0001000" id="1392" room="115" start="156" weeks="011110111111101111"/>
    <class days="0100000" id="1393" room="159" start="96" weeks="011111111111100111"/>
    <class days="0010000" id="1394" room="160" start="96" weeks="011110111111101111"/>
    <class days="0010000" id="1395" start="206" weeks="011110111111101111"/>
    <class days="0010000" id="1396" room="289" start="186" weeks="011110111111101111"/>
    <class days="0001000" id="1397" room="288" start="96" weeks="011110111111101111"/>
    <class days="1000000" id="1398" room="115" start="106" weeks="011111111111100111"/>
    <class days="0100000" id="1399" room="200" start="108" weeks="000000111110000000"/>
    <class days="0010000" id="1400" room="200" start="138" weeks="010100101010100101"/>
    <class days="1000000" id="1401" room="200" start="222" weeks="011111111111100111"/>
    <class days="0100000" id="1402" room="200" start="96" weeks="000000000001100111"/>
    <class days="0100000" id="1403" room="289" start="231" weeks="011111111111100111"/>
    <class days="0100000" id="1404" room="6" start="93" weeks="011111111111100111"/>
    <class days="1000000" id="1405" room="159" start="156" weeks="011101111011000111"/>
    <class days="0000100" id="1406" room="160" start="166" weeks="011111111111001111"/>
    <class days="1000000" id="1407" room="289" start="222" weeks="011111111111100111"/>
    <class days="1000000" id="1408" room="289" start="180" weeks="011111111111100111"/>
    <class days="1000000" id="1409" room="289" start="96" weeks="011111111111100111"/>
    <class days="0001000" id="1410" room="10" start="216" weeks="011110111111101111"/>
    <class days="0001000" id="1411" room="272" start="216" weeks="011110111111101111"/>
    <class days="1000000" id="1412" room="55" start="226" weeks="011111111111100111"/>
    <class days="0000100" id="1413" room="55" start="196" weeks="011111111111001111"/>
    <class days="0100000" id="1414" room="160" start="216" weeks="011111111111100111"/>
    <class days="0010000" id="1415" room="55" start="216" weeks="011110111111101111"/>
    <class days="1000000" id="1416" room="189" start="196" weeks="011111111111100111"/>
    <class days="1000000" id="1417" room="289" start="138" weeks="000010000100100000"/>
    <class days="0010000" id="1418" room="18" start="216" weeks="011110111111101111"/>
    <class days="0010000" id="1419" room="18" start="96" weeks="011110111111101111"/>
    <class days="0000100" id="1420" room="160" start="96" weeks="011111111111001111"/>
    <class days="0000100" id="1421" room="160" start="126" weeks="011111111111001111"/>
    <class days="0000100" id="1422" room="54" start="120" weeks="011111111111001111"/>
    <class days="0001000" id="1423" room="54" start="120" weeks="011110111111101111"/>
    <class days="1000000" id="1424" room="46" start="156" weeks="011101111011000111"/>
    <class days="0000100" id="1425" room="60" start="96" weeks="011111111111001111"/>
    <class days="0000100" id="1426" room="10" start="176" weeks="011111111111001111"/>
    <class days="0000100" id="1427" room="115" start="176" weeks="011111111111001111"/>
    <class days="0000100" id="1428" room="272" start="176" weeks="011111111111001111"/>
    <class days="0000100" id="1429" room="289" start="174" weeks="011111111111001111"/>
    <class days="0000100" id="1430" room="46" start="174" weeks="011111111111001111"/>
    <class days="0000100" id="1431" room="160" start="174" weeks="011111111111001111"/>
    <class days="0100000" id="1432" room="200" start="240" weeks="011111111111100111"/>
    <class days="0001000" id="1433" room="237" start="126" weeks="011110111111101111"/>
    <class days="0100000" id="1434" room="14" start="120" weeks="011111111111100111"/>
    <class days="1000000" id="1435" room="48" start="138" weeks="011101111011000111"/>
    <class days="1000000" id="1436" room="160" start="136" weeks="011111111111100111"/>
    <class days="1000000" id="1437" room="1" start="162" weeks="011101111011000111"/>
    <class days="0000100" id="1438" room="18" start="166" weeks="011111111111001111"/>
    <class days="0000100" id="1439" room="18" start="126" weeks="011111111111001111"/>
    <class days="0010000" id="1440" room="115" start="96" weeks="011110111111101111"/>
    <class days="0001000" id="1441" room="115" start="96" weeks="011110111111101111"/>
    <class days="0001000" id="1442" room="160" start="116" weeks="011110111111101111"/>
    <class days="0010000" id="1443" room="55" start="186" weeks="011110111111000000"/>
    <class days="0001000" id="1444" room="6" start="186" weeks="011110111111000000"/>
    <class days="0001000" id="1445" room="6" start="206" weeks="011110111111000000"/>
    <class days="0001000" id="1446" room="6" start="116" weeks="011110111111000000"/>
    <class days="1000000" id="1447" room="6" start="96" weeks="011111111110000000"/>
    <class days="1000000" id="1448" start="176" weeks="011111111111100111"/>
    <class days="0100000" id="1449" room="6" start="136" weeks="011111111111100111"/>
    <class days="0000100" id="1450" room="6" start="136" weeks="011111111111001111"/>
    <class days="1000000" id="1451" room="6" start="206" weeks="011111111111100111"/>
    <class days="0100000" id="1452" room="6" start="96" weeks="011111111111100111"/>
    <class days="0010000" id="1453" room="6" start="146" weeks="011110111111101111"/>
    <class days="0000100" id="1454" room="56" start="136" weeks="011111111111001111"/>
    <class days="0100000" id="1455" room="52" start="196" weeks="011111111111100111"/>
    <class days="1000000" id="1456" room="52" start="176" weeks="011111111111100111"/>
    <class days="0100000" id="1457" room="115" start="166" weeks="011111111110000000"/>
    <class days="1000000" id="1458" room="11" start="166" weeks="011111111110000000"/>
    <class days="1000000" id="1459" room="11" start="166" weeks="011111111110000000"/>
    <class days="1000000" id="1460" room="11" start="106" weeks="011111111110000000"/>
    <class days="0001000" id="1461" room="54" start="186" weeks="011110111111000000"/>
    <class days="0000100" id="1462" room="52" start="96" weeks="011111111000000000"/>
    <class days="0001000" id="1463" start="126" weeks="011110111000000000"/>
    <class days="0010000" id="1464" room="73" start="116" weeks="011110111111101111"/>
    <class days="0100000" id="1465" room="18" start="146" weeks="011111111110000000"/>
    <class days="0001000" id="1466" room="74" start="168" weeks="011110111111000000"/>
    <class days="0000100" id="1467" room="74" start="123" weeks="011111111110000000"/>
    <class days="0010000" id="1468" room="74" start="186" weeks="011110111111000000"/>
    <class days="0100000" id="1469" room="55" start="176" weeks="011111111111100111"/>
    <class days="0000100" id="1470" room="74" start="96" weeks="011111111111001111"/>
    <class days="0000100" id="1471" room="74" start="192" weeks="011111111111001111"/>
    <class days="0010000" id="1472" room="74" start="120" weeks="011110111111101111"/>
    <class days="0100000" id="1473" room="74" start="102" weeks="011111111111100111"/>
    <class days="0001000" id="1474" room="74" start="102" weeks="011110111111101111"/>
    <class days="1000000" id="1475" room="74" start="147" weeks="011111111111100111"/>
    <class days="0001000" id="1476" room="56" start="106" weeks="011110111111101111"/>
    <class days="0100000" id="1477" room="6" start="156" weeks="011111111111100111"/>
    <class days="0100000" id="1478" room="73" start="126" weeks="011111111111100111"/>
    <class days="1000000" id="1479" room="52" start="196" weeks="011111111111100111"/>
    <class days="0001000" id="1480" room="73" start="186" weeks="011110111111101111"/>
    <class days="1000000" id="1481" room="6" start="186" weeks="011111111111100111"/>
    <class days="0000100" id="1482" room="189" start="120" weeks="011111111111001111"/>
    <class days="1000000" id="1483" room="272" start="176" weeks="011111111111100111"/>
    <class days="1000000" id="1484" room="289" start="196" weeks="011111111111100111"/>
    <class days="0010000" id="1485" room="18" start="176" weeks="011110111111101111"/>
    <class days="0100000" id="1486" room="159" start="136" weeks="001010101010100010"/>
    <class days="1000000" id="1487" room="159" start="136" weeks="010101010101000101"/>
    <class days="0100000" id="1488" room="160" start="176" weeks="010101010101000101"/>
    <class days="0010000" id="1489" room="289" start="116" weeks="011110111111101111"/>
    <class days="0100000" id="1490" room="73" start="186" weeks="000000001111100111"/>
    <class days="0000100" id="1491" room="66" start="96" weeks="000000001111001111"/>
    <class days="0001000" id="1492" room="52" start="206" weeks="000000000111101111"/>
    <class days="0000100" id="1493" room="52" start="176" weeks="000000001111001111"/>
    <class days="0100000" id="1494" room="66" start="126" weeks="000000001111100111"/>
    <class days="1000000" id="1495" start="96" weeks="011111111111100111"/>
    <class days="0001000" id="1496" start="132" weeks="011110111111101111"/>
    <class days="0001000" id="1497" start="132" weeks="011110111111101111"/>
    <class days="1000000" id="1498" start="96" weeks="011111111111100111"/>
    <class days="1000000" id="1499" room="55" start="96" weeks="011111000000000011"/>
    <class days="0001000" id="1500" room="3" start="196" weeks="011110111111101111"/>
    <class days="0100000" id="1501" room="3" start="96" weeks="011111111111100111"/>
    <class days="0001000" id="1502" room="3" start="96" weeks="011110111111101111"/>
    <class days="1000000" id="1503" room="3" start="176" weeks="011111111111100111"/>
    <class days="0001000" id="1504" room="3" start="146" weeks="011110111111101111"/>
    <class days="0001000" id="1505" start="96" weeks="011110111111101111"/>
    <class days="0010000" id="1506" start="168" weeks="011110111111101111"/>
    <class days="0010000" id="1507" start="168" weeks="011110111111101111"/>
    <class days="0010000" id="1508" start="168" weeks="011110111111101111"/>
    <class days="0001000" id="1509" start="96" weeks="011110111111101111"/>
    <class days="0010000" id="1510" start="168" weeks="011110111111101111"/>
    <class days="0100000" id="1511" room="18" start="96" weeks="011111111111100111"/>
    <class days="0010000" id="1512" room="115" start="156" weeks="011110111111101111"/>
    <class days="0010000" id="1513" room="160" start="136" weeks="011110111111101111"/>
    <class days="0001000" id="1514" room="159" start="96" weeks="011110111111101111"/>
    <class days="0010000" id="1515" room="160" start="156" weeks="011110111111101111"/>
    <class days="0100000" id="1516" room="10" start="136" weeks="011111111111100111"/>
    <class days="0100000" id="1517" room="160" start="156" weeks="011111111111100111"/>
    <class days="0010000" id="1518" room="10" start="116" weeks="011110111111101111"/>
    <class days="0001000" id="1519" room="272" start="126" weeks="011110111111101111"/>
    <class days="0010000" id="1520" room="56" start="116" weeks="011110111111101111"/>
    <class days="0010000" id="1521" room="289" start="96" weeks="011110111111101111"/>
    <class days="0001000" id="1522" room="115" start="106" weeks="011110111111101111"/>
    <class days="0010000" id="1523" room="115" start="136" weeks="011110111111101111"/>
    <class days="0001000" id="1524" room="18" start="126" weeks="011110111111101111"/>
    <class days="0100000" id="1525" room="115" start="216" weeks="011111111111100111"/>
    <class days="0000100" id="1526" room="10" start="156" weeks="011111111111001111"/>
    <class days="1000000" id="1527" room="160" start="206" weeks="011111111111100111"/>
    <class days="0000100" id="1528" room="160" start="216" weeks="011111111111001111"/>
    <class days="1000000" id="1529" room="18" start="116" weeks="011111111111100111"/>
    <class days="0100000" id="1530" room="289" start="106" weeks="011111111111100111"/>
    <class days="1000000" id="1531" room="66" start="106" weeks="011111111111100111"/>
    <class days="1000000" id="1532" room="66" start="176" weeks="011111111111100111"/>
    <class days="0001000" id="1533" room="11" start="186" weeks="011110111111101111"/>
    <class days="0000100" id="1534" room="73" start="116" weeks="011111111111001111"/>
    <class days="0000100" id="1535" room="73" start="96" weeks="011111111111001111"/>
    <class days="0001000" id="1536" room="56" start="166" weeks="011110111111101111"/>
    <class days="0000100" id="1537" room="71" start="226" weeks="011111111111001111"/>
    <class days="0100000" id="1538" room="11" start="156" weeks="011111111111100111"/>
    <class days="0100000" id="1539" room="11" start="126" weeks="011111111111100111"/>
    <class days="0000100" id="1540" room="71" start="126" weeks="011111111111001111"/>
    <class days="1000000" id="1541" room="73" start="226" weeks="011111111111100111"/>
    <class days="1000000" id="1542" room="11" start="206" weeks="011111111111100111"/>
    <class days="0010000" id="1543" room="18" start="126" weeks="011110111111101111"/>
    <class days="0001000" id="1544" room="10" start="166" weeks="011110111000000000"/>
    <class days="0000100" id="1545" room="10" start="116" weeks="011111110000000000"/>
    <class days="0010000" id="1546" room="115" start="206" weeks="011110111000000000"/>
    <class days="1000000" id="1547" room="10" start="166" weeks="011111110000000000"/>
    <class days="0010000" id="1548" room="73" start="186" weeks="000000000111101111"/>
    <class days="0100000" id="1549" room="66" start="166" weeks="000000001111100111"/>
    <class days="1000000" id="1550" room="66" start="146" weeks="000000001111100111"/>
    <class days="0001000" id="1551" room="73" start="126" weeks="000000000111101111"/>
    <class days="0000100" id="1552" room="71" start="146" weeks="000000001111001111"/>
    <class days="0001000" id="1553" room="71" start="226" weeks="000000000111101111"/>
    <class days="0001000" id="1554" room="73" start="96" weeks="000000000111101111"/>
    <class days="0010000" id="1555" room="71" start="176" weeks="000000000111101111"/>
    <class days="0001000" id="1556" room="18" start="176" weeks="011110111111101111"/>
    <class days="1000000" id="1557" room="73" start="106" weeks="011111111000000000"/>
    <class days="0001000" id="1558" room="66" start="216" weeks="011110111100000000"/>
    <class days="0001000" id="1559" room="73" start="156" weeks="011110111100000000"/>
    <class days="0000100" id="1560" room="73" start="186" weeks="011111111000000000"/>
    <class days="0000100" id="1561" room="71" start="116" weeks="011111111000000000"/>
    <class days="0001000" id="1562" room="66" start="146" weeks="011110111100000000"/>
    <class days="0100000" id="1563" room="272" start="186" weeks="011111111111100111"/>
    <class days="0010000" id="1564" room="289" start="196" weeks="011110111111101111"/>
    <class days="0100000" id="1565" room="160" start="156" weeks="011111111111100111"/>
    <class days="0001000" id="1566" room="115" start="196" weeks="011110111111101111"/>
    <class days="1000000" id="1567" room="18" start="196" weeks="011111111111100111"/>
    <class days="1000000" id="1568" room="60" start="146" weeks="011111111111100111"/>
    <class days="0100000" id="1569" room="60" start="126" weeks="011111111111100111"/>
    <class days="0100000" id="1570" room="60" start="186" weeks="011111111111100111"/>
    <class days="0010000" id="1571" room="60" start="206" weeks="011110111111101111"/>
    <class days="0001000" id="1572" room="60" start="136" weeks="011110111111101111"/>
    <class days="0010000" id="1573" room="60" start="226" weeks="011110111111101111"/>
    <class days="1000000" id="1574" room="60" start="176" weeks="011111111111100111"/>
    <class days="0001000" id="1575" room="60" start="226" weeks="011110111111101111"/>
    <class days="0000100" id="1576" room="60" start="146" weeks="011111111111001111"/>
    <class days="0100000" id="1577" room="56" start="116" weeks="011111111000000000"/>
    <class days="0001000" id="1578" room="10" start="196" weeks="011110111111101111"/>
    <class days="0010000" id="1579" room="10" start="196" weeks="011110111111101111"/>
    <class days="0010000" id="1580" room="159" start="136" weeks="011110111111101111"/>
    <class days="1000000" id="1581" room="18" start="176" weeks="011111110000000000"/>
    <class days="0000100" id="1582" room="73" start="206" weeks="011111111111001111"/>
    <class days="0100000" id="1583" room="73" start="106" weeks="011111111111100111"/>
    <class days="1000000" id="1584" room="71" start="216" weeks="011111111111100111"/>
    <class days="0001000" id="1585" room="11" start="156" weeks="011110111111101111"/>
    <class days="0010000" id="1586" room="52" start="136" weeks="011110111111101111"/>
    <class days="0010000" id="1587" room="66" start="116" weeks="011110111111101111"/>
    <class days="0010000" id="1588" room="66" start="216" weeks="011110111111101111"/>
    <class days="0001000" id="1589" room="66" start="176" weeks="011110111111101111"/>
    <class days="1000000" id="1590" room="206" start="150" weeks="011111111111100111"/>
    <class days="1000000" id="1591" room="204" start="150" weeks="011111111111100111"/>
    <class days="1000000" id="1592" room="135" start="150" weeks="011111111111100111"/>
    <class days="1000000" id="1593" room="137" start="150" weeks="011111111111100111"/>
    <class days="0100000" id="1594" room="206" start="186" weeks="011111111111100111"/>
    <class days="0100000" id="1595" room="204" start="186" weeks="011111111111100111"/>
    <class days="0100000" id="1596" room="135" start="186" weeks="011111111111100111"/>
    <class days="0001000" id="1597" room="160" start="206" weeks="011110111111101111"/>
    <class days="0001000" id="1598" room="160" start="176" weeks="011110111111101111"/>
    <class days="1000000" id="1599" start="166" weeks="011111111111100111"/>
    <class days="0001000" id="1600" room="71" start="96" weeks="011110111111101111"/>
    <class days="0000100" id="1601" room="66" start="136" weeks="011111111111001111"/>
    <class days="0100000" id="1602" room="56" start="186" weeks="011111111111100111"/>
    <class days="1000000" id="1603" room="73" start="166" weeks="011111111111100111"/>
    <class days="0010000" id="1604" room="73" start="136" weeks="011110111111101111"/>
    <class days="0100000" id="1605" room="160" start="216" weeks="011111111111100111"/>
    <class days="1000000" id="1606" room="11" start="146" weeks="011111111111100111"/>
    <class days="0000100" id="1607" room="11" start="146" weeks="011111111111001111"/>
    <class days="0001000" id="1608" start="114" weeks="011110111111101111"/>
    <class days="0100000" id="1609" start="136" weeks="011111111110000000"/>
    <class days="0010000" id="1610" room="74" start="138" weeks="011110111111101111"/>
    <class days="0100000" id="1611" room="74" start="210" weeks="011111111111100111"/>
    <class days="0001000" id="1612" room="74" start="120" weeks="011110111111101111"/>
    <class days="0000100" id="1613" start="120" weeks="011111111111001111"/>
    <class days="1000000" id="1614" room="10" start="206" weeks="011111111110000000"/>
    <class days="0010000" id="1615" room="52" start="116" weeks="011110111111000000"/>
    <class days="0100000" id="1616" room="160" start="196" weeks="011111111111100111"/>
    <class days="0010000" id="1617" room="71" start="136" weeks="011110111111101111"/>
    <class days="1000000" id="1618" room="56" start="206" weeks="011111111111100111"/>
    <class days="1000000" id="1619" room="73" start="136" weeks="011111111111100111"/>
    <class days="0001000" id="1620" room="84" start="114" weeks="011110111111101111"/>
    <class days="0100000" id="1621" room="55" start="126" weeks="011111111110000000"/>
    <class days="0001000" id="1622" room="74" start="141" weeks="011110111111101111"/>
    <class days="1000000" id="1623" room="74" start="207" weeks="011111111111100111"/>
    <class days="0100000" id="1624" start="206" weeks="011111111110000000"/>
    <class days="0001000" id="1625" room="52" start="176" weeks="011110111111000000"/>
    <class days="0000100" id="1626" room="73" start="176" weeks="011111111110000000"/>
    <class days="1000000" id="1627" room="56" start="156" weeks="011111110000000000"/>
    <class days="0000100" id="1628" room="12" start="196" weeks="000000001111001111"/>
    <class days="0010000" id="1629" room="160" start="186" weeks="011110111111000000"/>
    <class days="1000000" id="1630" start="106" weeks="011111111111100111"/>
    <class days="1000000" id="1631" room="73" start="216" weeks="011111111111100111"/>
    <class days="1000000" id="1632" start="116" weeks="011111111111100111"/>
    <class days="0100000" id="1633" room="89" start="136" weeks="011111111111100111"/>
    <class days="0001000" id="1634" start="166" weeks="011110111111000000"/>
    <class days="0010000" id="1635" room="11" start="176" weeks="011110111111101111"/>
    <class days="0100000" id="1636" room="54" start="138" weeks="011111111111100111"/>
    <class days="0001000" id="1637" start="206" weeks="011110111111000000"/>
    <class days="0000100" id="1638" start="176" weeks="011111111000000000"/>
    <class days="1000000" id="1639" room="159" start="216" weeks="011111111111100111"/>
    <class days="0000100" id="1640" room="159" start="196" weeks="011111111111001111"/>
    <class days="0100000" id="1641" room="64" start="186" weeks="010101010101000101"/>
    <class days="0010000" id="1642" room="56" start="216" weeks="011110111100000000"/>
    <class days="1000000" id="1643" room="66" start="216" weeks="011111110000000000"/>
    <class days="1000000" id="1644" room="50" start="226" weeks="000000001111100111"/>
    <class days="0000100" id="1645" room="289" start="176" weeks="011111111111001111"/>
    <class days="1000000" id="1646" room="52" start="216" weeks="011111111111100111"/>
    <class days="0100000" id="1647" room="289" start="186" weeks="011111111000000000"/>
    <class days="0100000" id="1648" room="66" start="206" weeks="011111111110000000"/>
    <class days="0001000" id="1649" room="159" start="186" weeks="011110111111000000"/>
    <class days="1000000" id="1650" room="73" start="186" weeks="010101010100000000"/>
    <class days="0010000" id="1651" room="52" start="226" weeks="001010010101000000"/>
    <class days="1000000" id="1652" room="55" start="136" weeks="011111110000000000"/>
    <class days="0010000" id="1653" start="176" weeks="011110111111101111"/>
    <class days="0100000" id="1654" room="159" start="226" weeks="011111111110000000"/>
    <class days="1000000" id="1655" room="71" start="186" weeks="011111111110000000"/>
    <class days="0000100" id="1656" room="11" start="206" weeks="011111111110000000"/>
    <class days="1000000" id="1657" room="115" start="176" weeks="011111111111100111"/>
    <class days="0100000" id="1658" room="6" start="216" weeks="011111111111100111"/>
    <class days="1000000" id="1659" room="115" start="196" weeks="011111111000000000"/>
    <class days="1000000" id="1660" room="54" start="186" weeks="011111111111100111"/>
    <class days="0010000" id="1661" room="159" start="196" weeks="011110111111101111"/>
    <class days="0100000" id="1662" room="54" start="216" weeks="011111111111100111"/>
    <class days="0001000" id="1663" room="54" start="216" weeks="011110111111101111"/>
    <class days="0001000" id="1664" room="54" start="196" weeks="011110111111101111"/>
    <class days="0010000" id="1665" room="46" start="186" weeks="001010010101001010"/>
    <class days="1000000" id="1666" room="10" start="186" weeks="011111111000000000"/>
    <class days="0001000" id="1667" room="50" start="216" weeks="011110111100000000"/>
    <class days="1000000" id="1668" room="12" start="216" weeks="000000111110000000"/>
    <class days="0100000" id="1669" room="12" start="186" weeks="000000111110000000"/>
    <class days="0100000" id="1670" room="10" start="226" weeks="011111111111100111"/>
    <class days="0000100" id="1671" room="80" start="216" weeks="011111111000000000"/>
    <class days="0010000" id="1672" room="128" start="106" weeks="011110111111000000"/>
    <class days="0001000" id="1673" room="277" start="206" weeks="011110111111000000"/>
    <class days="1000000" id="1674" room="286" start="156" weeks="011111111110000000"/>
    <class days="1000000" id="1675" room="127" start="136" weeks="011111111111100111"/>
    <class days="0100000" id="1676" room="83" start="136" weeks="011111111111100111"/>
    <class days="0100000" id="1677" room="82" start="116" weeks="011111111111100111"/>
    <class days="0100000" id="1678" room="113" start="96" weeks="011111111111100111"/>
    <class days="1000000" id="1679" room="276" start="156" weeks="011111111111100111"/>
    <class days="0100000" id="1680" room="133" start="96" weeks="011111111111100111"/>
    <class days="0100000" id="1681" room="276" start="116" weeks="011111111111100111"/>
    <class days="0001000" id="1682" room="277" start="106" weeks="011110111100000000"/>
    <class days="0001000" id="1683" room="77" start="206" weeks="011110111111000000"/>
    <class days="0100000" id="1684" room="78" start="216" weeks="010000000000000000"/>
    <class days="0100000" id="1685" room="291" start="116" weeks="010101010100000000"/>
    <class days="0010000" id="1686" room="291" start="126" weeks="010100101010000000"/>
    <class days="1000000" id="1687" room="291" start="126" weeks="010101010100000000"/>
    <class days="0100000" id="1688" room="78" start="216" weeks="000100000000000000"/>
    <class days="0100000" id="1689" room="133" start="116" weeks="011111111000000000"/>
    <class days="0010000" id="1690" room="119" start="116" weeks="011110111111000000"/>
    <class days="0001000" id="1691" room="127" start="176" weeks="011110111111101111"/>
    <class days="1000000" id="1692" room="277" start="106" weeks="011111111111100111"/>
    <class days="1000000" id="1693" room="286" start="216" weeks="011111111111100111"/>
    <class days="1000000" id="1694" room="286" start="186" weeks="011111111111100111"/>
    <class days="0010000" id="1695" room="290" start="206" weeks="011110111111101111"/>
    <class days="1000000" id="1696" room="78" start="146" weeks="011111111000000000"/>
    <class days="1000000" id="1697" room="129" start="206" weeks="011111111110000000"/>
    <class days="0001000" id="1698" room="129" start="166" weeks="011110111111000000"/>
    <class days="0010000" id="1699" room="129" start="116" weeks="011110111111000000"/>
    <class days="0001000" id="1700" room="276" start="106" weeks="011110111100000000"/>
    <class days="0000100" id="1701" room="291" start="126" weeks="011111111110000000"/>
    <class days="0001000" id="1702" room="127" start="226" weeks="001010010101001010"/>
    <class days="0010000" id="1703" room="82" start="246" weeks="001010010101001010"/>
    <class days="0100000" id="1704" room="82" start="226" weeks="010101010101000101"/>
    <class days="0010000" id="1705" room="82" start="146" weeks="001010010101001010"/>
    <class days="0010000" id="1706" room="82" start="166" weeks="001010010101001010"/>
    <class days="1000000" id="1707" room="82" start="156" weeks="001010101010100010"/>
    <class days="0001000" id="1708" room="82" start="116" weeks="010100101010100101"/>
    <class days="0010000" id="1709" room="82" start="126" weeks="001010010101001010"/>
    <class days="1000000" id="1710" room="82" start="156" weeks="010101010101000101"/>
    <class days="0100000" id="1711" room="82" start="136" weeks="011111111111100111"/>
    <class days="1000000" id="1712" start="226" weeks="011111111111100111"/>
    <class days="0001000" id="1713" room="82" start="96" weeks="011110111111101111"/>
    <class days="0001000" id="1714" start="136" weeks="011110111111101111"/>
    <class days="1000000" id="1715" room="82" start="126" weeks="011111111111100111"/>
    <class days="1000000" id="1716" start="126" weeks="011111111111100111"/>
    <class days="1000000" id="1717" room="82" start="106" weeks="011111111111100111"/>
    <class days="0100000" id="1718" start="106" weeks="011111111111100111"/>
    <class days="1000000" id="1719" room="82" start="96" weeks="011111111111100111"/>
    <class days="0010000" id="1720" start="226" weeks="011110111111101111"/>
    <class days="0010000" id="1721" room="82" start="206" weeks="011110111111101111"/>
    <class days="0010000" id="1722" start="206" weeks="011110111111101111"/>
    <class days="1000000" id="1723" room="83" start="226" weeks="011111111000000000"/>
    <class days="0010000" id="1724" room="277" start="166" weeks="011110111111000000"/>
    <class days="0000100" id="1725" room="127" start="96" weeks="011111111111001111"/>
    <class days="1000000" id="1726" room="277" start="216" weeks="011111111111100111"/>
    <class days="0000100" id="1727" room="290" start="176" weeks="011111111111001111"/>
    <class days="0001000" id="1728" room="83" start="156" weeks="011110111111101111"/>
    <class days="0100000" id="1729" room="144" start="186" weeks="011111111111100111"/>
    <class days="0100000" id="1730" room="286" start="146" weeks="011111111111100111"/>
    <class days="0000100" id="1731" room="276" start="226" weeks="011111111111001111"/>
    <class days="0010000" id="1732" room="80" start="156" weeks="011110111111101111"/>
    <class days="0010000" id="1733" room="82" start="96" weeks="011110111111101111"/>
    <class days="0000100" id="1734" room="82" start="246" weeks="011111111111001111"/>
    <class days="0000100" id="1735" room="277" start="116" weeks="011111111111001111"/>
    <class days="1000000" id="1736" room="82" start="206" weeks="011111111111100111"/>
    <class days="0000100" id="1737" room="129" start="106" weeks="010101010000000000"/>
    <class days="0000100" id="1738" room="76" start="186" weeks="011111111111001111"/>
    <class days="0100000" id="1739" room="78" start="146" weeks="011111111111100111"/>
    <class days="0100000" id="1740" room="294" start="246" weeks="011111111111100111"/>
    <class days="0010000" id="1741" room="76" start="226" weeks="011110111111101111"/>
    <class days="1000000" id="1742" room="113" start="126" weeks="011111111111100111"/>
    <class days="0010000" id="1743" room="290" start="106" weeks="011110111111101111"/>
    <class days="0000100" id="1744" room="290" start="136" weeks="010101010101000101"/>
    <class days="0000100" id="1745" room="290" start="96" weeks="001010101010001010"/>
    <class days="0100000" id="1746" room="76" start="196" weeks="010101010101000101"/>
    <class days="0100000" id="1747" room="290" start="126" weeks="001010101010100010"/>
    <class days="1000000" id="1748" room="76" start="106" weeks="010101010101000101"/>
    <class days="0100000" id="1749" room="129" start="106" weeks="001010101010100010"/>
    <class days="1000000" id="1750" room="290" start="206" weeks="010101010101000101"/>
    <class days="1000000" id="1751" room="290" start="156" weeks="001010101010100010"/>
    <class days="0000100" id="1752" room="127" start="186" weeks="010101010101000101"/>
    <class days="0000100" id="1753" room="276" start="166" weeks="010101010101000101"/>
    <class days="0000100" id="1754" room="276" start="136" weeks="001010101010001010"/>
    <class days="0001000" id="1755" room="83" start="116" weeks="010100101010100101"/>
    <class days="0001000" id="1756" room="78" start="176" weeks="001010010101001010"/>
    <class days="1000000" id="1757" room="127" start="226" weeks="001010101010100010"/>
    <class days="0100000" id="1758" room="77" start="206" weeks="011111111111100111"/>
    <class days="0100000" id="1759" room="77" start="106" weeks="011111111111100111"/>
    <class days="1000000" id="1760" room="77" start="106" weeks="011111111111100111"/>
    <class days="0001000" id="1761" room="291" start="156" weeks="011110111111101111"/>
    <class days="1000000" id="1762" room="77" start="156" weeks="011111111111100111"/>
    <class days="0100000" id="1763" room="291" start="176" weeks="011111111111100111"/>
    <class days="0010000" id="1764" room="80" start="226" weeks="010100101000000000"/>
    <class days="0010000" id="1765" room="128" start="186" weeks="011110111111101111"/>
    <class days="0010000" id="1766" room="291" start="206" weeks="011110111111101111"/>
    <class days="1000000" id="1767" room="290" start="136" weeks="011111111111100111"/>
    <class days="0010000" id="1768" room="127" start="126" weeks="010100101000000000"/>
    <class days="0010000" id="1769" room="290" start="216" weeks="011110111111101111"/>
    <class days="0100000" id="1770" room="129" start="126" weeks="011111111111100111"/>
    <class days="0010000" id="1771" room="129" start="236" weeks="011110111111101111"/>
    <class days="0010000" id="1772" room="128" start="166" weeks="011110111111101111"/>
    <class days="0000100" id="1773" room="78" start="146" weeks="011111111000000000"/>
    <class days="0100000" id="1774" room="286" start="106" weeks="011111111110000000"/>
    <class days="0010000" id="1775" room="83" start="106" weeks="011110111111000000"/>
    <class days="0001000" id="1776" start="204" weeks="011110111111101111"/>
    <class days="0100000" id="1777" start="204" weeks="011111111111100111"/>
    <class days="0100000" id="1778" start="204" weeks="011111111111100111"/>
    <class days="0001000" id="1779" start="204" weeks="011110111111101111"/>
    <class days="1000000" id="1780" room="127" start="126" weeks="001010101000000000"/>
    <class days="1000000" id="1781" room="291" start="176" weeks="011111111111100111"/>
    <class days="1000000" id="1782" room="77" start="196" weeks="011111111111100111"/>
    <class days="1000000" id="1783" room="291" start="96" weeks="011111111111100111"/>
    <class days="0100000" id="1784" room="77" start="226" weeks="011111111111100111"/>
    <class days="1000000" id="1785" room="124" start="146" weeks="011111111000000000"/>
    <class days="1000000" id="1786" room="129" start="206" weeks="011111111110000000"/>
    <class days="0000100" id="1787" room="127" start="176" weeks="001010101000000000"/>
    <class days="0010000" id="1788" room="276" start="136" weeks="011110111111101111"/>
    <class days="0100000" id="1789" room="287" start="166" weeks="011111111111100111"/>
    <class days="1000000" id="1790" room="287" start="96" weeks="011111111111100111"/>
    <class days="1000000" id="1791" room="277" start="196" weeks="011111110000000000"/>
    <class days="0000100" id="1792" room="77" start="196" weeks="000000001000000000"/>
    <class days="0010000" id="1793" room="290" start="106" weeks="011110111111000000"/>
    <class days="0000100" id="1794" room="77" start="116" weeks="011111111110000000"/>
    <class days="0010000" id="1795" room="113" start="126" weeks="001000000000000000"/>
    <class days="0100000" id="1796" room="291" start="116" weeks="001010101010000000"/>
    <class days="0010000" id="1797" room="291" start="196" weeks="001010010101000000"/>
    <class days="0100000" id="1798" room="77" start="146" weeks="001010101010000000"/>
    <class days="1000000" id="1799" room="40" start="176" weeks="000010000000000000"/>
    <class days="0000100" id="1800" room="80" start="176" weeks="001010101010001010"/>
    <class days="0000100" id="1801" room="129" start="126" weeks="001010101000000000"/>
    <class days="0000100" id="1802" room="77" start="166" weeks="011111111111001111"/>
    <class days="0000100" id="1803" room="80" start="246" weeks="011111111000000000"/>
    <class days="0010000" id="1804" room="291" start="246" weeks="011110111100000000"/>
    <class days="0010000" id="1805" room="291" start="226" weeks="011110111100000000"/>
    <class days="0001000" id="1806" room="77" start="126" weeks="011110111100000000"/>
    <class days="1000000" id="1807" room="119" start="146" weeks="011111111000000000"/>
    <class days="1000000" id="1808" room="76" start="156" weeks="011111110000000000"/>
    <class days="0100000" id="1809" room="76" start="126" weeks="011111110000000000"/>
    <class days="0010000" id="1810" room="77" start="226" weeks="011110111000000000"/>
    <class days="0001000" id="1811" room="291" start="96" weeks="011110111000000000"/>
    <class days="0010000" id="1812" room="127" start="226" weeks="010100101010100101"/>
    <class days="0001000" id="1813" room="78" start="176" weeks="010100101010100101"/>
    <class days="0010000" id="1814" room="78" start="196" weeks="001010010101001010"/>
    <class days="0001000" id="1815" room="113" start="236" weeks="010100101010100101"/>
    <class days="0000100" id="1816" room="113" start="226" weeks="001010101010001010"/>
    <class days="0001000" id="1817" room="83" start="196" weeks="010100101010100101"/>
    <class days="0001000" id="1818" room="286" start="136" weeks="001010010101001010"/>
    <class days="0010000" id="1819" room="127" start="166" weeks="011110111100000000"/>
    <class days="0100000" id="1820" room="127" start="156" weeks="011111111110000000"/>
    <class days="0001000" id="1821" room="78" start="146" weeks="011110111111000000"/>
    <class days="1000000" id="1822" room="78" start="236" weeks="011111111111100111"/>
    <class days="1000000" id="1823" room="291" start="226" weeks="011111111111100111"/>
    <class days="0001000" id="1824" room="291" start="136" weeks="011110111111101111"/>
    <class days="0100000" id="1825" room="291" start="226" weeks="011111111111100111"/>
    <class days="0000100" id="1826" room="291" start="156" weeks="011111111111001111"/>
    <class days="0100000" id="1827" room="78" start="116" weeks="001010101010100010"/>
    <class days="0010000" id="1828" room="291" start="146" weeks="011110111111101111"/>
    <class days="1000000" id="1829" room="291" start="156" weeks="011111111111100111"/>
    <class days="0001000" id="1830" room="129" start="116" weeks="011110111111101111"/>
    <class days="1000000" id="1831" room="128" start="156" weeks="011111111111100111"/>
    <class days="0010000" id="1832" room="80" start="246" weeks="001010010100000000"/>
    <class days="1000000" id="1833" room="76" start="226" weeks="011111111111100111"/>
    <class days="0010000" id="1834" room="76" start="166" weeks="011110111111101111"/>
    <class days="0000100" id="1835" room="77" start="96" weeks="011111111111001111"/>
    <class days="0001000" id="1836" room="80" start="106" weeks="011110111000000000"/>
    <class days="0010000" id="1837" room="276" start="196" weeks="011110111000000000"/>
    <class days="0001000" id="1838" room="80" start="136" weeks="011110111000000000"/>
    <class days="0100000" id="1839" room="80" start="116" weeks="011111110000000000"/>
    <class days="0000100" id="1840" room="277" start="116" weeks="011111110000000000"/>
    <class days="0010000" id="1841" room="78" start="126" weeks="011110111111101111"/>
    <class days="0001000" id="1842" room="128" start="236" weeks="011110111111101111"/>
    <class days="0100000" id="1843" room="128" start="226" weeks="011111111111100111"/>
    <class days="0010000" id="1844" room="129" start="96" weeks="011110111111101111"/>
    <class days="1000000" id="1845" room="129" start="116" weeks="011111111111100111"/>
    <class days="1000000" id="1846" room="128" start="146" weeks="011111111111100111"/>
    <class days="0100000" id="1847" room="129" start="156" weeks="011111111111100111"/>
    <class days="0010000" id="1848" room="129" start="146" weeks="011110111111101111"/>
    <class days="0000100" id="1849" room="129" start="246" weeks="011111111111001111"/>
    <class days="0100000" id="1850" room="80" start="146" weeks="000000000111100111"/>
    <class days="0001000" id="1851" room="291" start="136" weeks="000000000011101111"/>
    <class days="0001000" id="1852" room="77" start="126" weeks="000000000011101111"/>
    <class days="0000100" id="1853" room="291" start="126" weeks="000000000111001111"/>
    <class days="0010000" id="1854" room="291" start="96" weeks="000000000011101111"/>
    <class days="1000000" id="1855" room="291" start="156" weeks="000000001111100111"/>
    <class days="0001000" id="1856" room="77" start="146" weeks="000000000111101111"/>
    <class days="0010000" id="1857" room="291" start="176" weeks="000000000111101111"/>
    <class days="0001000" id="1858" room="291" start="126" weeks="000000000111101111"/>
    <class days="0000100" id="1859" room="127" start="216" weeks="011111111111001111"/>
    <class days="0000100" id="1860" room="119" start="236" weeks="011111111111001111"/>
    <class days="0010000" id="1861" room="119" start="186" weeks="011110111111101111"/>
    <class days="1000000" id="1862" room="119" start="216" weeks="011111111111100111"/>
    <class days="0010000" id="1863" room="119" start="236" weeks="011110111111101111"/>
    <class days="0001000" id="1864" room="119" start="156" weeks="011110111111101111"/>
    <class days="1000000" id="1865" room="119" start="166" weeks="011111111111100111"/>
    <class days="0001000" id="1866" room="119" start="216" weeks="011110111111101111"/>
    <class days="1000000" id="1867" room="119" start="96" weeks="011111111111100111"/>
    <class days="0100000" id="1868" start="168" weeks="011111111111100111"/>
    <class days="0001000" id="1869" room="307" start="132" weeks="011110111111101111"/>
    <class days="1000000" id="1870" room="307" start="114" weeks="011111110000000000"/>
    <class days="0000100" id="1871" room="78" start="246" weeks="011111111111001111"/>
    <class days="0010000" id="1872" room="80" start="246" weeks="010100101000000000"/>
    <class days="0000100" id="1873" room="82" start="166" weeks="011111111111001111"/>
    <class days="0010000" id="1874" room="133" start="176" weeks="011110111111101111"/>
    <class days="0000100" id="1875" room="40" start="216" weeks="011111111111001111"/>
    <class days="0001000" id="1876" room="133" start="156" weeks="011110111100000000"/>
    <class days="0100000" id="1877" room="287" start="136" weeks="011111111111100111"/>
    <class days="0000100" id="1878" room="287" start="186" weeks="011111111111001111"/>
    <class days="0010000" id="1879" room="286" start="156" weeks="000000000010000000"/>
    <class days="0000100" id="1880" start="226" weeks="001010101010001010"/>
    <class days="0000100" id="1881" room="277" start="156" weeks="001010101010001010"/>
    <class days="0010000" id="1882" start="126" weeks="010100101010100101"/>
    <class days="0010000" id="1883" room="83" start="146" weeks="001010010101001010"/>
    <class days="0100000" id="1884" room="276" start="206" weeks="010101010101000101"/>
    <class days="0001000" id="1885" room="119" start="116" weeks="011110111111101111"/>
    <class days="0000100" id="1886" room="119" start="146" weeks="010101010101000101"/>
    <class days="0001000" id="1887" room="119" start="196" weeks="001010010101001010"/>
    <class days="0000100" id="1888" start="126" weeks="010101010101000101"/>
    <class days="1000000" id="1889" room="291" start="226" weeks="010101010101000101"/>
    <class days="0100000" id="1890" room="77" start="116" weeks="001010101010100010"/>
    <class days="1000000" id="1891" room="133" start="196" weeks="011111111111100111"/>
    <class days="0100000" id="1892" room="119" start="126" weeks="011111111111100111"/>
    <class days="0010000" id="1893" room="129" start="176" weeks="001010010101001010"/>
    <class days="0100000" id="1894" room="129" start="176" weeks="010101010101000101"/>
    <class days="0000100" id="1895" room="78" start="216" weeks="011111111111001111"/>
    <class days="0100000" id="1896" room="76" start="206" weeks="010101010101000101"/>
    <class days="0000100" id="1897" room="119" start="176" weeks="011111111111001111"/>
    <class days="0100000" id="1898" room="119" start="156" weeks="011111111111100111"/>
    <class days="0001000" id="1899" room="290" start="216" weeks="010100101010100101"/>
    <class days="1000000" id="1900" room="80" start="126" weeks="001010101010100010"/>
    <class days="1000000" id="1901" room="37" start="136" weeks="001010101010100010"/>
    <class days="0000100" id="1902" room="277" start="246" weeks="001010101010001010"/>
    <class days="0010000" id="1903" room="82" start="156" weeks="010100101010100101"/>
    <class days="0001000" id="1904" room="286" start="246" weeks="010100101010100101"/>
    <class days="0010000" id="1905" room="286" start="196" weeks="011110111111101111"/>
    <class days="0000100" id="1906" room="77" start="226" weeks="011111111111001111"/>
    <class days="0001000" id="1907" room="277" start="146" weeks="011110111111101111"/>
    <class days="0100000" id="1908" room="277" start="206" weeks="011111111111100111"/>
    <class days="0000100" id="1909" room="80" start="116" weeks="011111110000000000"/>
    <class days="1000000" id="1910" room="129" start="96" weeks="000000001111100111"/>
    <class days="0000100" id="1911" room="129" start="196" weeks="000000001111001111"/>
    <class days="0100000" id="1912" room="129" start="226" weeks="011111110000000000"/>
    <class days="0010000" id="1913" room="77" start="96" weeks="010100101010100101"/>
    <class days="0010000" id="1914" room="291" start="226" weeks="010100101010100101"/>
    <class days="0010000" id="1915" room="77" start="246" weeks="010100101010100101"/>
    <class days="0100000" id="1916" room="83" start="96" weeks="010101010101000101"/>
    <class days="0010000" id="1917" room="128" start="246" weeks="001010010101001010"/>
    <class days="0010000" id="1918" room="83" start="166" weeks="011110111000000000"/>
    <class days="0100000" id="1919" room="80" start="166" weeks="011111111111100111"/>
    <class days="0010000" id="1920" room="290" start="156" weeks="000000000111101111"/>
    <class days="0001000" id="1921" start="236" weeks="001010010101001010"/>
    <class days="1000000" id="1922" room="276" start="226" weeks="001010101010100010"/>
    <class days="0010000" id="1923" start="146" weeks="010100101010100101"/>
    <class days="1000000" id="1924" room="276" start="136" weeks="010101010101000101"/>
    <class days="1000000" id="1925" room="78" start="176" weeks="011111111111100111"/>
    <class days="0100000" id="1926" room="78" start="236" weeks="011111111111100111"/>
    <class days="0001000" id="1927" start="176" weeks="010100101010100101"/>
    <class days="0000100" id="1928" room="77" start="196" weeks="010101010101000101"/>
    <class days="0000100" id="1929" room="291" start="106" weeks="001010101010001010"/>
    <class days="0000100" id="1930" room="286" start="106" weeks="011111111111001111"/>
    <class days="0001000" id="1931" room="76" start="236" weeks="011110111111101111"/>
    <class days="0001000" id="1932" room="291" start="186" weeks="011110111111101111"/>
    <class days="0000100" id="1933" room="276" start="176" weeks="011111111111001111"/>
    <class days="0100000" id="1934" room="211" start="206" weeks="011111111111100111"/>
    <class days="0001000" id="1935" room="276" start="176" weeks="011110111111101111"/>
    <class days="0001000" id="1936" room="113" start="96" weeks="011110111111101111"/>
    <class days="0000100" id="1937" room="276" start="106" weeks="011111111111001111"/>
    <class days="0001000" id="1938" start="136" weeks="001010010101001010"/>
    <class days="0000100" id="1939" room="83" start="116" weeks="001010101010001010"/>
    <class days="0010000" id="1940" start="126" weeks="010100101010100101"/>
    <class days="0001000" id="1941" room="286" start="216" weeks="001010010101001010"/>
    <class days="0001000" id="1942" room="78" start="146" weeks="011110111111101111"/>
    <class days="0000100" id="1943" room="290" start="246" weeks="011111111111001111"/>
    <class days="0010000" id="1944" room="290" start="246" weeks="011110111111101111"/>
    <class days="0100000" id="1945" room="291" start="156" weeks="000000001111100111"/>
    <class days="0100000" id="1946" room="83" start="236" weeks="011111111111100111"/>
    <class days="1000000" id="1947" room="77" start="226" weeks="011111111111100111"/>
    <class days="0010000" id="1948" room="113" start="96" weeks="011110111111101111"/>
    <class days="0001000" id="1949" room="129" start="216" weeks="011110111111101111"/>
    <class days="0000100" id="1950" start="106" weeks="010101010101000101"/>
    <class days="0001000" id="1951" room="77" start="106" weeks="001010010101001010"/>
    <class days="1000000" id="1952" room="291" start="206" weeks="001010101010100010"/>
    <class days="0010000" id="1953" room="124" start="166" weeks="011110111111101111"/>
    <class days="0010000" id="1954" room="77" start="206" weeks="011110111111101111"/>
    <class days="0010000" id="1955" room="286" start="176" weeks="010100101010100101"/>
    <class days="1000000" id="1956" room="83" start="196" weeks="010101010101000101"/>
    <class days="0001000" id="1957" start="226" weeks="001010010101001010"/>
    <class days="0001000" id="1958" room="144" start="156" weeks="001010010101001010"/>
    <class days="0010000" id="1959" room="127" start="216" weeks="001010010101001010"/>
    <class days="0010000" id="1960" room="144" start="196" weeks="011110111111101111"/>
    <class days="0010000" id="1961" start="136" weeks="010100101010100101"/>
    <class days="0100000" id="1962" room="113" start="116" weeks="010101010101000101"/>
    <class days="0000100" id="1963" room="82" start="146" weeks="011111110000000000"/>
    <class days="0000100" id="1964" room="145" start="166" weeks="010101010101000101"/>
    <class days="0000100" id="1965" room="145" start="96" weeks="010101010101000101"/>
    <class days="0010000" id="1966" room="83" start="226" weeks="011110111111101111"/>
    <class days="0001000" id="1967" room="76" start="126" weeks="011110111111101111"/>
    <class days="1000000" id="1968" room="129" start="146" weeks="010101010101000101"/>
    <class days="0001000" id="1969" room="129" start="96" weeks="010100101010100101"/>
    <class days="0010000" id="1970" room="76" start="196" weeks="010100101010100101"/>
    <class days="0010000" id="1971" room="77" start="96" weeks="001010010101001010"/>
    <class days="0010000" id="1972" room="77" start="156" weeks="010100101010100101"/>
    <class days="0001000" id="1973" start="116" weeks="010100101010100101"/>
    <class days="0001000" id="1974" room="286" start="96" weeks="010100101010100101"/>
    <class days="0001000" id="1975" room="290" start="226" weeks="001010010101001010"/>
    <class days="0010000" id="1976" room="290" start="136" weeks="001010010101001010"/>
    <class days="1000000" id="1977" room="211" start="146" weeks="010101010101000101"/>
    <class days="0001000" id="1978" room="211" start="126" weeks="001010010101001010"/>
    <class days="0100000" id="1979" room="286" start="186" weeks="010101010101000101"/>
    <class days="0001000" id="1980" room="286" start="96" weeks="010100101010100101"/>
    <class days="0010000" id="1981" room="286" start="96" weeks="001010010101001010"/>
    <class days="0010000" id="1982" room="134" start="196" weeks="001010010101001010"/>
    <class days="0010000" id="1983" room="277" start="216" weeks="011110111111101111"/>
    <class days="1000000" id="1984" room="276" start="196" weeks="011111111111100111"/>
    <class days="1000000" id="1985" room="145" start="216" weeks="001010101010100010"/>
    <class days="1000000" id="1986" room="124" start="216" weeks="010101010101000101"/>
    <class days="0010000" id="1987" room="127" start="196" weeks="011110111111101111"/>
    <class days="1000000" id="1988" room="76" start="136" weeks="011111111111100111"/>
    <class days="1000000" id="1989" room="83" start="156" weeks="011111111111100111"/>
    <class days="0010000" id="1990" room="146" start="156" weeks="011110111111101111"/>
    <class days="1000000" id="1991" room="37" start="111" weeks="011111111111100111"/>
    <class days="0010000" id="1992" room="124" start="132" weeks="011110111111101111"/>
    <class days="0001000" id="1993" room="40" start="176" weeks="010100101010100101"/>
    <class days="0001000" id="1994" room="76" start="196" weeks="011110111111101111"/>
    <class days="0010000" id="1995" room="129" start="196" weeks="010100101010100101"/>
    <class days="0010000" id="1996" room="290" start="176" weeks="011110111111101111"/>
    <class days="1000000" id="1997" room="119" start="196" weeks="011111111111100111"/>
    <class days="0100000" id="1998" room="277" start="146" weeks="011111111111100111"/>
    <class days="0100000" id="1999" room="82" start="166" weeks="011111111111100111"/>
    <class days="1000000" id="2000" room="145" start="156" weeks="011111111111100111"/>
    <class days="1000000" id="2001" room="145" start="176" weeks="011111111111100111"/>
    <class days="0001000" id="2002" room="127" start="96" weeks="011110111111101111"/>
    <class days="0100000" id="2003" room="283" start="196" weeks="011111111111100111"/>
    <class days="1000000" id="2004" room="283" start="116" weeks="011111111111100111"/>
    <class days="0000100" id="2005" room="283" start="186" weeks="011111111111001111"/>
    <class days="0001000" id="2006" room="283" start="206" weeks="011110111111101111"/>
    <class days="0010000" id="2007" room="78" start="106" weeks="011110111111101111"/>
    <class days="0010000" id="2008" room="78" start="226" weeks="011110111111101111"/>
    <class days="0001000" id="2009" room="286" start="186" weeks="011110111111101111"/>
    <class days="0100000" id="2010" room="127" start="156" weeks="011111111000000000"/>
    <class days="0000100" id="2011" room="77" start="96" weeks="011111111000000000"/>
    <class days="0000100" id="2012" room="77" start="146" weeks="011111111000000000"/>
    <class days="0001000" id="2013" room="127" start="156" weeks="011110111100000000"/>
    <class days="0010000" id="2014" room="127" start="106" weeks="011110100000000000"/>
    <class days="0000100" id="2015" room="40" start="116" weeks="011111000000000000"/>
    <class days="0000100" id="2016" room="83" start="186" weeks="011111000000000000"/>
    <class days="0001000" id="2017" room="286" start="96" weeks="001010010101001010"/>
    <class days="1000000" id="2018" room="77" start="146" weeks="011111111111100111"/>
    <class days="0010000" id="2019" room="77" start="146" weeks="011110111111101111"/>
    <class days="0001000" id="2020" room="77" start="146" weeks="011110111111101111"/>
    <class days="0010000" id="2021" room="78" start="246" weeks="010100101010100101"/>
    <class days="0000100" id="2022" room="76" start="156" weeks="011111111111001111"/>
    <class days="0010000" id="2023" room="76" start="146" weeks="011110111111101111"/>
    <class days="0000100" id="2024" room="76" start="106" weeks="011111111111001111"/>
    <class days="0100000" id="2025" start="204" weeks="011111111111100111"/>
    <class days="0001000" id="2026" start="204" weeks="011110111111101111"/>
    <class days="0001000" id="2027" start="204" weeks="011110111111101111"/>
    <class days="0001000" id="2028" start="204" weeks="011110111111101111"/>
    <class days="0100000" id="2029" start="204" weeks="011111111111100111"/>
    <class days="0100000" id="2030" start="204" weeks="011111111111100111"/>
    <class days="0001000" id="2031" room="127" start="236" weeks="010100101010100101"/>
    <class days="0001000" id="2032" room="128" start="96" weeks="001010010101001010"/>
    <class days="1000000" id="2033" room="128" start="226" weeks="010101010101000101"/>
    <class days="0100000" id="2034" room="127" start="136" weeks="011111111111100111"/>
    <class days="1000000" id="2035" room="286" start="126" weeks="011111111111100111"/>
    <class days="0000100" id="2036" room="113" start="126" weeks="011111111111001111"/>
    <class days="0000100" id="2037" room="113" start="96" weeks="011111111111001111"/>
    <class days="1000000" id="2038" room="83" start="96" weeks="011111111111100111"/>
    <class days="0001000" id="2039" room="80" start="156" weeks="011110111111101111"/>
    <class days="0001000" id="2040" room="144" start="106" weeks="010100101010100101"/>
    <class days="0001000" id="2041" room="83" start="176" weeks="001010010101001010"/>
    <class days="0010000" id="2042" room="80" start="196" weeks="011110111111101111"/>
    <class days="1000000" id="2043" room="117" start="96" weeks="010101010101000101"/>
    <class days="0000100" id="2044" room="117" start="196" weeks="001010101010001010"/>
    <class days="0001000" id="2045" room="117" start="106" weeks="010100101010100101"/>
    <class days="0001000" id="2046" room="117" start="136" weeks="001010010101001010"/>
    <class days="0000100" id="2047" room="117" start="116" weeks="010101010101000101"/>
    <class days="0010000" id="2048" room="117" start="226" weeks="001010010101001010"/>
    <class days="0100000" id="2049" room="78" start="166" weeks="011111111111100111"/>
    <class days="0010000" id="2050" room="82" start="176" weeks="011110111111101111"/>
    <class days="0100000" id="2051" room="82" start="196" weeks="011111111111100111"/>
    <class days="0100000" id="2052" room="83" start="166" weeks="011111111000000000"/>
    <class days="0001000" id="2053" room="77" start="186" weeks="011110111100000000"/>
    <class days="0010000" id="2054" room="113" start="186" weeks="011110111100000000"/>
    <class days="0100000" id="2055" room="83" start="186" weeks="011111111000000000"/>
    <class days="1000000" id="2056" room="5" start="96" weeks="011111111000000000"/>
    <class days="0001000" id="2057" room="113" start="136" weeks="000000000111101111"/>
    <class days="0100000" id="2058" room="128" start="166" weeks="011111111110000000"/>
    <class days="0010000" id="2059" room="128" start="206" weeks="011110111111000000"/>
    <class days="0010000" id="2060" room="80" start="96" weeks="011110111111101111"/>
    <class days="1000000" id="2061" room="78" start="126" weeks="011111111111100111"/>
    <class days="0001000" id="2062" room="83" start="216" weeks="011110111111101111"/>
    <class days="0100000" id="2063" room="276" start="246" weeks="011111111111100111"/>
    <class days="0010000" id="2064" room="277" start="196" weeks="011110111111101111"/>
    <class days="1000000" id="2065" room="124" start="196" weeks="011111111111100111"/>
    <class days="0010000" id="2066" room="80" start="176" weeks="011110111111101111"/>
    <class days="1000000" id="2067" room="78" start="96" weeks="011111111000000000"/>
    <class days="0000100" id="2068" room="127" start="136" weeks="011111111111001111"/>
    <class days="0010000" id="2069" room="133" start="116" weeks="010100101010100101"/>
    <class days="0001000" id="2070" room="286" start="246" weeks="001010010101001010"/>
    <class days="1000000" id="2071" room="133" start="116" weeks="010101010101000101"/>
    <class days="1000000" id="2072" room="133" start="96" weeks="001010101010100010"/>
    <class days="0100000" id="2073" room="139" start="146" weeks="010101010101000101"/>
    <class days="0100000" id="2074" room="139" start="116" weeks="001010101010100010"/>
    <class days="0010000" id="2075" room="139" start="96" weeks="010100101010100101"/>
    <class days="0001000" id="2076" room="139" start="106" weeks="010100101010100101"/>
    <class days="0000100" id="2077" room="139" start="106" weeks="001010101010001010"/>
    <class days="0000100" id="2078" room="139" start="156" weeks="001010101010001010"/>
    <class days="0010000" id="2079" room="139" start="216" weeks="010100101010100101"/>
    <class days="0010000" id="2080" room="139" start="196" weeks="001010010101001010"/>
    <class days="0000100" id="2081" room="276" start="186" weeks="011111111000000000"/>
    <class days="1000000" id="2082" room="277" start="146" weeks="011111111000000000"/>
    <class days="0010000" id="2083" room="113" start="186" weeks="011110111111000000"/>
    <class days="0001000" id="2084" room="129" start="166" weeks="011110111111000000"/>
    <class days="0001000" id="2085" room="128" start="146" weeks="011110111111000000"/>
    <class days="0100000" id="2086" room="128" start="96" weeks="011111111110000000"/>
    <class days="0001000" id="2087" room="127" start="126" weeks="010100101010100101"/>
    <class days="0001000" id="2088" room="286" start="156" weeks="010100101010100101"/>
    <class days="0001000" id="2089" room="286" start="116" weeks="001010010101001010"/>
    <class days="0001000" id="2090" room="290" start="186" weeks="010100101010100101"/>
    <class days="0001000" id="2091" room="124" start="226" weeks="010100101010100101"/>
    <class days="1000000" id="2092" room="80" start="226" weeks="011111111111100111"/>
    <class days="0010000" id="2093" room="145" start="126" weeks="011110111111101111"/>
    <class days="1000000" id="2094" room="145" start="126" weeks="011111111111100111"/>
    <class days="0000100" id="2095" room="145" start="126" weeks="011111111111001111"/>
    <class days="0000100" id="2096" room="145" start="236" weeks="011111111111001111"/>
    <class days="0001000" id="2097" room="145" start="126" weeks="011110111111101111"/>
    <class days="0100000" id="2098" room="145" start="126" weeks="011111111111100111"/>
    <class days="0001000" id="2099" room="290" start="146" weeks="010100101010100101"/>
    <class days="0100000" id="2100" room="40" start="146" weeks="001010101010100010"/>
    <class days="0010000" id="2101" room="144" start="106" weeks="010100101010100101"/>
    <class days="0001000" id="2102" room="80" start="206" weeks="011110111000000000"/>
    <class days="1000000" id="2103" room="276" start="106" weeks="011111110000000000"/>
    <class days="0000100" id="2104" room="286" start="226" weeks="011111110000000000"/>
    <class days="0100000" id="2105" room="276" start="146" weeks="011111110000000000"/>
    <class days="0100000" id="2106" room="80" start="146" weeks="011111110000000000"/>
    <class days="0100000" id="2107" room="127" start="186" weeks="001010101010100010"/>
    <class days="0001000" id="2108" room="76" start="156" weeks="011110111111101111"/>
    <class days="0001000" id="2109" room="76" start="96" weeks="011110111111101111"/>
    <class days="0001000" id="2110" room="127" start="196" weeks="010100101010100101"/>
    <class days="0001000" id="2111" room="290" start="116" weeks="010100101010100101"/>
    <class days="0000100" id="2112" room="119" start="136" weeks="001010101010001010"/>
    <class days="0100000" id="2113" room="119" start="206" weeks="010101010101000101"/>
    <class days="0001000" id="2114" room="290" start="196" weeks="001010010101001010"/>
    <class days="0100000" id="2115" room="78" start="116" weeks="011111111111100111"/>
    <class days="0010000" id="2116" room="113" start="106" weeks="010100101010100101"/>
    <class days="0000100" id="2117" room="113" start="196" weeks="001010101010001010"/>
    <class days="0100000" id="2118" room="290" start="204" weeks="001010101010100010"/>
    <class days="0001000" id="2119" room="128" start="102" weeks="010100101010100101"/>
    <class days="0100000" id="2120" room="80" start="186" weeks="011111111000000000"/>
    <class days="0001000" id="2121" room="40" start="126" weeks="011110111100000000"/>
    <class days="0100000" id="2122" room="80" start="96" weeks="011111111000000000"/>
    <class days="0100000" id="2123" room="307" start="168" weeks="011111111111100111"/>
    <class days="1000000" id="2124" room="307" start="132" weeks="011111110000000000"/>
    <class days="1000000" id="2125" start="132" weeks="011111110000000000"/>
    <class days="1000000" id="2126" start="132" weeks="011111110000000000"/>
    <class days="0001000" id="2127" room="78" start="216" weeks="011110111100000000"/>
    <class days="0001000" id="2128" room="124" start="176" weeks="011110111100000000"/>
    <class days="0010000" id="2129" room="277" start="96" weeks="011110111100000000"/>
    <class days="0000100" id="2130" room="119" start="216" weeks="011111111000000000"/>
    <class days="0100000" id="2131" room="127" start="106" weeks="011111111111100111"/>
    <class days="0000100" id="2132" room="128" start="96" weeks="011111111111001111"/>
    <class days="0010000" id="2133" room="128" start="166" weeks="011110111111101111"/>
    <class days="0000100" id="2134" room="128" start="116" weeks="011111111111001111"/>
    <class days="0001000" id="2135" room="113" start="206" weeks="011110111111101111"/>
    <class days="0000100" id="2136" room="128" start="236" weeks="011111111111001111"/>
    <class days="0010000" id="2137" room="119" start="96" weeks="011110111111101111"/>
    <class days="1000000" id="2138" room="290" start="216" weeks="011111111111100111"/>
    <class days="0000100" id="2139" room="127" start="196" weeks="001010101010001010"/>
    <class days="0010000" id="2140" room="128" start="136" weeks="011110111111101111"/>
    <class days="0100000" id="2141" room="128" start="126" weeks="011111111111100111"/>
    <class days="0100000" id="2142" room="128" start="146" weeks="011111111111100111"/>
    <class days="0100000" id="2143" room="127" start="106" weeks="011111111111100111"/>
    <class days="0001000" id="2144" room="40" start="226" weeks="011110111111101111"/>
    <class days="0100000" id="2145" room="290" start="166" weeks="011111111111100111"/>
    <class days="0100000" id="2146" room="144" start="156" weeks="011111111111100111"/>
    <class days="0000100" id="2147" room="78" start="126" weeks="001010101010001010"/>
    <class days="0001000" id="2148" room="124" start="126" weeks="010100101010100101"/>
    <class days="0000100" id="2149" room="82" start="126" weeks="001010101010001010"/>
    <class days="0010000" id="2150" room="144" start="136" weeks="010100101010100101"/>
    <class days="0010000" id="2151" room="113" start="136" weeks="010100101010100101"/>
    <class days="0001000" id="2152" room="119" start="96" weeks="011110111111101111"/>
    <class days="0001000" id="2153" room="113" start="166" weeks="011110111111101111"/>
    <class days="1000000" id="2154" room="144" start="176" weeks="011111111111100111"/>
    <class days="0000100" id="2155" room="127" start="236" weeks="011111111111001111"/>
    <class days="0010000" id="2156" room="139" start="136" weeks="010100101010100101"/>
    <class days="0010000" id="2157" room="139" start="106" weeks="001010010101001010"/>
    <class days="0001000" id="2158" room="139" start="126" weeks="010100101010100101"/>
    <class days="0100000" id="2159" room="139" start="166" weeks="001010101010100010"/>
    <class days="0010000" id="2160" room="139" start="116" weeks="010100101010100101"/>
    <class days="0000100" id="2161" room="83" start="146" weeks="001010101010001010"/>
    <class days="0010000" id="2162" room="82" start="136" weeks="010100101010100101"/>
    <class days="0100000" id="2163" room="113" start="156" weeks="010101010101000101"/>
    <class days="0010000" id="2164" room="78" start="176" weeks="001010010101001010"/>
    <class days="0000100" id="2165" room="128" start="126" weeks="010101010101000101"/>
    <class days="0001000" id="2166" room="128" start="126" weeks="001010010101001010"/>
    <class days="1000000" id="2167" room="128" start="126" weeks="010101010101000101"/>
    <class days="1000000" id="2168" room="113" start="156" weeks="010101010101000101"/>
    <class days="0001000" id="2169" room="82" start="96" weeks="001010010101001010"/>
    <class days="0001000" id="2170" room="78" start="186" weeks="001010010101001010"/>
    <class days="1000000" id="2171" room="83" start="136" weeks="011111111111100111"/>
    <class days="0100000" id="2172" start="236" weeks="011111111111100111"/>
    <class days="0010000" id="2173" room="83" start="196" weeks="011110111111101111"/>
    <class days="1000000" id="2174" room="113" start="156" weeks="001010101010100010"/>
    <class days="0100000" id="2175" room="277" start="186" weeks="011111111111100111"/>
    <class days="0001000" id="2176" room="82" start="136" weeks="001010010101001010"/>
    <class days="0100000" id="2177" room="291" start="226" weeks="011111111111100111"/>
    <class days="0100000" id="2178" room="277" start="116" weeks="011111111111100111"/>
    <class days="0000100" id="2179" room="139" start="96" weeks="010101010101000101"/>
    <class days="0000100" id="2180" room="139" start="136" weeks="001010101010001010"/>
    <class days="1000000" id="2181" room="76" start="196" weeks="001010101010100010"/>
    <class days="0001000" id="2182" room="80" start="176" weeks="010100101010100101"/>
    <class days="0000100" id="2183" room="139" start="156" weeks="010101010101000101"/>
    <class days="0100000" id="2184" room="139" start="196" weeks="001010101010100010"/>
    <class days="0000100" id="2185" room="76" start="126" weeks="010101010101000101"/>
    <class days="1000000" id="2186" room="80" start="136" weeks="010101010101000101"/>
    <class days="0010000" id="2187" room="276" start="156" weeks="011110111111101111"/>
    <class days="0001000" id="2188" room="83" start="96" weeks="001010010101001010"/>
    <class days="0001000" id="2189" room="128" start="176" weeks="010100101010100101"/>
    <class days="0000001" id="2190" room="70" start="96" weeks="000000000001000000"/>
    <class days="0000001" id="2191" room="70" start="96" weeks="000000001000000000"/>
    <class days="0000001" id="2192" room="200" start="144" weeks="000100000000000000"/>
    <class days="0000001" id="2193" room="70" start="96" weeks="000100000000000000"/>
    <class days="0000001" id="2194" room="276" start="144" weeks="000100000000000000"/>
    <class days="0000001" id="2195" room="200" start="231" weeks="010000000000000000"/>
    <class days="0000001" id="2196" room="127" start="204" weeks="000100000000000000"/>
    <class days="0000001" id="2197" room="83" start="138" weeks="000100000000000000"/>
    <class days="0000001" id="2198" room="133" start="225" weeks="000000000000000100"/>
    <class days="0000001" id="2199" room="82" start="168" weeks="000000000000000100"/>
    <class days="0000001" id="2200" room="277" start="153" weeks="000000000000000100"/>
    <class days="0000001" id="2201" room="113" start="168" weeks="000000010000000000"/>
    <class days="0000001" id="2202" room="80" start="177" weeks="000001000000000000"/>
    <class days="0000001" id="2203" room="189" start="177" weeks="000001000000000000"/>
    <class days="0000001" id="2204" room="290" start="234" weeks="000000000001000000"/>
    <class days="0000001" id="2205" room="277" start="165" weeks="000001000000000000"/>
    <class days="0000001" id="2206" room="144" start="222" weeks="000001000000000000"/>
    <class days="0000001" id="2207" room="200" start="129" weeks="000000001000000000"/>
    <class days="0000001" id="2208" room="124" start="165" weeks="000000010000000000"/>
    <class days="0000001" id="2209" room="77" start="228" weeks="000000000100000000"/>
    <class days="0000001" id="2210" room="144" start="177" weeks="000000001000000000"/>
    <class days="0000001" id="2211" room="276" start="192" weeks="000000010000000000"/>
    <class days="0000001" id="2212" room="276" start="192" weeks="000000010000000000"/>
    <class days="0000001" id="2213" room="83" start="138" weeks="000000000001000000"/>
    <class days="0000001" id="2214" room="144" start="195" weeks="000000000001000000"/>
    <class days="0000001" id="2215" room="291" start="111" weeks="000000000001000000"/>
    <class days="0000001" id="2216" room="128" start="201" weeks="000000000100000000"/>
    <class days="0000001" id="2217" room="124" start="150" weeks="000000000100000000"/>
    <class days="0000001" id="2218" room="189" start="108" weeks="000000000100000000"/>
    <class days="0000001" id="2219" room="70" start="186" weeks="000000000000000100"/>
    <class days="0000001" id="2220" room="80" start="146" weeks="010000000000000000"/>
    <class days="0000001" id="2221" room="127" start="216" weeks="010000000000000000"/>
    <class days="0000001" id="2222" room="70" start="126" weeks="000100000000000000"/>
    <class days="0000001" id="2223" room="80" start="196" weeks="000001000000000000"/>
    <class days="0000001" id="2224" room="70" start="136" weeks="000000000100000000"/>
    <class days="0000001" id="2225" room="70" start="126" weeks="000000000001000000"/>
    <class days="0000001" id="2226" room="70" start="146" weeks="000000010000000000"/>
    <class days="0000001" id="2227" room="70" start="116" weeks="000000001000000000"/>
    <class days="0000001" id="2228" room="133" start="146" weeks="000100000000000000"/>
    <class days="0000001" id="2229" room="144" start="206" weeks="000100000000000000"/>
    <class days="0000001" id="2230" room="277" start="236" weeks="000100000000000000"/>
    <class days="0000001" id="2231" room="276" start="116" weeks="000000000000000100"/>
    <class days="0000001" id="2232" room="124" start="136" weeks="000000000000000100"/>
    <class days="0000001" id="2233" room="83" start="136" weeks="000000000000000100"/>
    <class days="0000001" id="2234" room="286" start="106" weeks="000000000001000000"/>
    <class days="0000001" id="2235" room="40" start="196" weeks="000000000001000000"/>
    <class days="0000001" id="2236" room="124" start="246" weeks="000000000001000000"/>
    <class days="0000001" id="2237" room="40" start="96" weeks="000000010000000000"/>
    <class days="0000001" id="2238" room="277" start="246" weeks="000000010000000000"/>
    <class days="0000001" id="2239" room="286" start="106" weeks="000000010000000000"/>
    <class days="0000001" id="2240" room="144" start="126" weeks="000001000000000000"/>
    <class days="0000001" id="2241" room="124" start="176" weeks="000001000000000000"/>
    <class days="0000001" id="2242" room="133" start="116" weeks="000001000000000000"/>
    <class days="0000001" id="2243" room="144" start="166" weeks="000000000100000000"/>
    <class days="0000001" id="2244" room="144" start="96" weeks="000000000100000000"/>
    <class days="0000001" id="2245" room="277" start="186" weeks="000000000100000000"/>
    <class days="0000001" id="2246" room="83" start="136" weeks="000000001000000000"/>
    <class days="0000001" id="2247" room="144" start="156" weeks="000000001000000000"/>
    <class days="0000001" id="2248" room="40" start="226" weeks="000000001000000000"/>
    <class days="0000001" id="2249" room="144" start="176" weeks="000000000001000000"/>
    <class days="0000001" id="2250" room="277" start="106" weeks="000000000001000000"/>
    <class days="0000001" id="2251" room="82" start="96" weeks="000000000001000000"/>
    <class days="0000001" id="2252" room="286" start="226" weeks="000000000100000000"/>
    <class days="0000001" id="2253" room="124" start="186" weeks="000000000100000000"/>
    <class days="0000001" id="2254" room="83" start="96" weeks="000000000100000000"/>
    <class days="0000001" id="2255" room="82" start="96" weeks="000000000100000000"/>
    <class days="0000001" id="2256" start="166" weeks="000000000100000000"/>
    <class days="0000001" id="2257" room="82" start="186" weeks="000000000100000000"/>
    <class days="0000001" id="2258" start="146" weeks="000000000100000000"/>
    <class days="0000001" id="2259" room="82" start="146" weeks="000000000100000000"/>
    <class days="0000001" id="2260" start="186" weeks="000000000100000000"/>
    <class days="0000001" id="2261" room="82" start="106" weeks="000000010000000000"/>
    <class days="0000001" id="2262" start="146" weeks="000000010000000000"/>
    <class days="0000001" id="2263" room="82" start="146" weeks="000000010000000000"/>
    <class days="0000001" id="2264" start="146" weeks="000000010000000000"/>
    <class days="0000001" id="2265" room="82" start="136" weeks="000000010000000000"/>
    <class days="0000001" id="2266" start="96" weeks="000000010000000000"/>
    <class days="0000001" id="2267" room="82" start="186" weeks="000100000000000000"/>
    <class days="0000001" id="2268" start="106" weeks="000100000000000000"/>
    <class days="0000001" id="2269" room="82" start="96" weeks="000100000000000000"/>
    <class days="0000001" id="2270" start="96" weeks="000100000000000000"/>
    <class days="0000001" id="2271" room="82" start="136" weeks="000100000000000000"/>
    <class days="0000001" id="2272" start="136" weeks="000100000000000000"/>
    <class days="0000001" id="2273" room="82" start="186" weeks="000000000000000100"/>
    <class days="0000001" id="2274" start="186" weeks="000000000000000100"/>
    <class days="0000001" id="2275" room="82" start="186" weeks="000000000000000100"/>
    <class days="0000001" id="2276" start="186" weeks="000000000000000100"/>
    <class days="0000001" id="2277" room="82" start="146" weeks="000000000000000100"/>
    <class days="0000001" id="2278" start="146" weeks="000000000000000100"/>
    <class days="0000001" id="2279" room="82" start="116" weeks="000000000001000000"/>
    <class days="0000001" id="2280" start="126" weeks="000000000001000000"/>
    <class days="0000001" id="2281" room="82" start="186" weeks="000000000001000000"/>
    <class days="0000001" id="2282" start="116" weeks="000000000001000000"/>
    <class days="0000001" id="2283" room="82" start="156" weeks="000000000001000000"/>
    <class days="0000001" id="2284" start="156" weeks="000000000001000000"/>
    <class days="0000001" id="2285" room="82" start="126" weeks="000000001000000000"/>
    <class days="0000001" id="2286" start="126" weeks="000000001000000000"/>
    <class days="0000001" id="2287" room="82" start="156" weeks="000000001000000000"/>
    <class days="0000001" id="2288" start="136" weeks="000000001000000000"/>
    <class days="0000001" id="2289" room="82" start="186" weeks="000000001000000000"/>
    <class days="0000001" id="2290" start="166" weeks="000000001000000000"/>
    <class days="0000001" id="2291" room="200" start="96" weeks="010000000000000000"/>
    <class days="0000001" id="2292" room="113" start="226" weeks="000000010000000000"/>
    <class days="0000001" id="2293" room="40" start="186" weeks="000000010000000000"/>
    <class days="0000001" id="2294" room="133" start="166" weeks="000000010000000000"/>
    <class days="0000001" id="2295" room="124" start="146" weeks="000001000000000000"/>
    <class days="0000001" id="2296" room="133" start="206" weeks="000001000000000000"/>
    <class days="0000001" id="2297" room="40" start="136" weeks="000001000000000000"/>
    <class days="0000001" id="2298" room="113" start="206" weeks="000000000000000100"/>
    <class days="0000001" id="2299" room="124" start="96" weeks="000000000000000100"/>
    <class days="0000001" id="2300" room="40" start="96" weeks="000000000000000100"/>
    <class days="0000001" id="2301" room="40" start="126" weeks="000100000000000000"/>
    <class days="0000001" id="2302" room="133" start="126" weeks="010000000000000000"/>
    <class days="0000001" id="2303" room="124" start="126" weeks="010000000000000000"/>
    <class days="0000001" id="2304" room="40" start="146" weeks="000000000001000000"/>
    <class days="0000001" id="2305" room="113" start="206" weeks="000000000001000000"/>
    <class days="0000001" id="2306" room="40" start="96" weeks="000000000001000000"/>
    <class days="0000001" id="2307" room="133" start="196" weeks="000000000100000000"/>
    <class days="0000001" id="2308" room="40" start="136" weeks="000000000100000000"/>
    <class days="0000001" id="2309" room="40" start="106" weeks="000000000100000000"/>
    <class days="0000001" id="2310" room="127" start="116" weeks="100000000000000000"/>
    <class days="0000001" id="2311" room="80" start="206" weeks="000000100000000000"/>
    <class days="0000001" id="2312" room="80" start="236" weeks="000000000000001000"/>
    <class days="0000001" id="2313" room="124" start="96" weeks="000000000000001000"/>
    <class days="0000001" id="2314" room="128" start="176" weeks="000000000000000100"/>
    <class days="0000001" id="2315" room="119" start="96" weeks="000000000000000100"/>
    <class days="0000001" id="2316" room="124" start="186" weeks="000000000000001000"/>
    <class days="0000001" id="2317" room="124" start="216" weeks="000010000000000000"/>
    <class days="0000001" id="2318" room="119" start="176" weeks="000000100000000000"/>
    <class days="0000001" id="2319" room="119" start="106" weeks="000000100000000000"/>
    <class days="0000001" id="2320" room="124" start="116" weeks="000010000000000000"/>
    <class days="0000001" id="2321" room="128" start="216" weeks="001000000000000000"/>
    <class days="0000001" id="2322" room="124" start="186" weeks="000010000000000000"/>
    <class days="0000001" id="2323" room="119" start="136" weeks="001000000000000000"/>
    <class days="0000001" id="2324" room="119" start="146" weeks="000010000000000000"/>
    <class days="0000001" id="2325" room="124" start="126" weeks="000000000000001000"/>
    <class days="0000001" id="2326" room="119" start="186" weeks="000000000000001000"/>
    <class days="0000001" id="2327" room="119" start="136" weeks="000000000000001000"/>
    <class days="0000001" id="2328" room="119" start="206" weeks="000000000000001000"/>
    <class days="0000001" id="2329" room="124" start="126" weeks="000000000000000010"/>
    <class days="0000001" id="2330" room="128" start="206" weeks="000000000000000100"/>
    <class days="0000001" id="2331" room="124" start="166" weeks="000000000000000010"/>
    <class days="0000001" id="2332" room="124" start="206" weeks="000000000000000100"/>
    <class days="0000001" id="2333" room="119" start="96" weeks="000000001000000000"/>
    <class days="0000001" id="2334" room="119" start="96" weeks="000000001000000000"/>
    <class days="0000001" id="2335" room="124" start="116" weeks="000000001000000000"/>
    <class days="0000001" id="2336" room="128" start="216" weeks="000000001000000000"/>
    <class days="0000001" id="2337" room="189" start="186" weeks="000000000100000000"/>
    <class days="0000001" id="2338" room="80" start="196" weeks="000000000001000000"/>
    <class days="0000001" id="2339" room="200" start="236" weeks="000000010000000000"/>
    <class days="0000001" id="2340" room="80" start="206" weeks="000000001000000000"/>
    <class days="0000001" id="2341" room="189" start="226" weeks="000001000000000000"/>
    <class days="0000001" id="2342" room="83" start="166" weeks="000100000000000000"/>
    <class days="0000001" id="2343" room="286" start="116" weeks="000100000000000000"/>
    <class days="0000001" id="2344" room="286" start="176" weeks="000100000000000000"/>
    <class days="0000001" id="2345" room="290" start="156" weeks="000000000100000000"/>
    <class days="0000001" id="2346" room="286" start="136" weeks="000000000100000000"/>
    <class days="0000001" id="2347" room="82" start="156" weeks="000000000100000000"/>
    <class days="0000001" id="2348" room="290" start="136" weeks="000000001000000000"/>
    <class days="0000001" id="2349" room="277" start="166" weeks="000000001000000000"/>
    <class days="0000001" id="2350" room="276" start="106" weeks="000000001000000000"/>
    <class days="0000001" id="2351" room="129" start="116" weeks="000000010000000000"/>
    <class days="0000001" id="2352" room="144" start="116" weeks="000000010000000000"/>
    <class days="0000001" id="2353" room="80" start="166" weeks="000000010000000000"/>
    <class days="0000001" id="2354" room="286" start="116" weeks="000001000000000000"/>
    <class days="0000001" id="2355" room="82" start="96" weeks="000001000000000000"/>
    <class days="0000001" id="2356" room="83" start="96" weeks="000001000000000000"/>
    <class days="0000001" id="2357" room="286" start="146" weeks="000000000001000000"/>
    <class days="0000001" id="2358" room="290" start="96" weeks="000000000001000000"/>
    <class days="0000001" id="2359" room="82" start="156" weeks="000000000001000000"/>
    <class days="0000001" id="2360" room="78" start="216" weeks="100000000000000000"/>
    <class days="0000001" id="2361" room="127" start="226" weeks="000000100000000000"/>
    <class days="0000001" id="2362" room="80" start="196" weeks="000000000000001000"/>
    <class days="0000001" id="2363" room="286" start="116" weeks="000010000000000000"/>
    <class days="0000001" id="2364" room="290" start="106" weeks="000010000000000000"/>
    <class days="0000001" id="2365" room="83" start="176" weeks="000000100000000000"/>
    <class days="0000001" id="2366" room="82" start="156" weeks="000000100000000000"/>
    <class days="0000001" id="2367" room="286" start="146" weeks="000000001000000000"/>
    <class days="0000001" id="2368" room="286" start="176" weeks="000000001000000000"/>
    <class days="0000001" id="2369" room="83" start="96" weeks="000000000010000000"/>
    <class days="0000001" id="2370" room="290" start="106" weeks="000000000010000000"/>
    <class days="0000001" id="2371" room="277" start="176" weeks="000010000000000000"/>
    <class days="0000001" id="2372" room="82" start="116" weeks="000010000000000000"/>
    <class days="0000001" id="2373" room="286" start="146" weeks="000000100000000000"/>
    <class days="0000001" id="2374" room="290" start="166" weeks="000000100000000000"/>
    <class days="0000001" id="2375" room="127" start="156" weeks="000010000000000000"/>
    <class days="0000001" id="2376" room="127" start="146" weeks="000000100000000000"/>
    <class days="0000001" id="2377" room="127" start="106" weeks="001000000000000000"/>
    <class days="0000001" id="2378" room="127" start="96" weeks="000000000000000010"/>
    <class days="0000001" id="2379" room="127" start="176" weeks="000000001000000000"/>
    <class days="0000001" id="2380" room="127" start="146" weeks="000000000000001000"/>
    <class days="0000001" id="2381" room="189" start="236" weeks="001000000000000000"/>
    <class days="0000001" id="2382" room="144" start="166" weeks="001000000000000000"/>
    <class days="0000001" id="2383" room="290" start="166" weeks="001000000000000000"/>
    <class days="0000001" id="2384" room="124" start="136" weeks="001000000000000000"/>
    <class days="0000001" id="2385" room="83" start="206" weeks="000000100000000000"/>
    <class days="0000001" id="2386" room="80" start="96" weeks="000000100000000000"/>
    <class days="0000001" id="2387" room="133" start="206" weeks="000000100000000000"/>
    <class days="0000001" id="2388" room="119" start="216" weeks="000000100000000000"/>
    <class days="0000001" id="2389" room="189" start="186" weeks="000000000000001000"/>
    <class days="0000001" id="2390" room="82" start="226" weeks="000000000000001000"/>
    <class days="0000001" id="2391" room="286" start="176" weeks="000000000000001000"/>
    <class days="0000001" id="2392" room="217" start="206" weeks="000000000000001000"/>
    <class days="0000001" id="2393" room="200" start="186" weeks="000000000000000100"/>
    <class days="0000001" id="2394" room="40" start="166" weeks="000000000000000100"/>
    <class days="0000001" id="2395" room="144" start="206" weeks="000000000000000100"/>
    <class days="0000001" id="2396" room="277" start="206" weeks="000000000000000100"/>
    <class days="0000001" id="2397" room="127" start="126" weeks="100000000000000000"/>
    <class days="0000001" id="2398" room="113" start="136" weeks="000001000000000000"/>
    <class days="0000001" id="2399" room="113" start="176" weeks="000001000000000000"/>
    <class days="0000001" id="2400" room="277" start="126" weeks="000100000000000000"/>
    <class days="0000001" id="2401" room="189" start="96" weeks="000100000000000000"/>
    <class days="0000001" id="2402" room="200" start="106" weeks="000000000000000100"/>
    <class days="0000001" id="2403" room="200" start="146" weeks="100000000000000000"/>
    <class days="0000001" id="2404" room="200" start="116" weeks="000000000100000000"/>
    <class days="0000001" id="2405" room="80" start="166" weeks="000000000100000000"/>
    <class days="0000001" id="2406" room="277" start="146" weeks="000000000001000000"/>
    <class days="0000001" id="2407" room="144" start="216" weeks="000000000001000000"/>
    <class days="0000001" id="2408" room="129" start="216" weeks="000000000001000000"/>
    <class days="0000001" id="2409" room="134" start="216" weeks="000000000001000000"/>
    <class days="0000001" id="2410" room="189" start="196" weeks="000000000001000000"/>
    <class days="0000001" id="2411" room="144" start="176" weeks="000000010000000000"/>
    <class days="0000001" id="2412" room="134" start="156" weeks="000000010000000000"/>
    <class days="0000001" id="2413" room="124" start="186" weeks="000000010000000000"/>
    <class days="0000001" id="2414" room="200" start="156" weeks="010000000000000000"/>
    <class days="0000001" id="2415" room="211" start="166" weeks="010000000000000000"/>
    <class days="0000001" id="2416" room="129" start="96" weeks="010000000000000000"/>
    <class days="0000001" id="2417" room="200" start="186" weeks="010000000000000000"/>
    <class days="0000001" id="2418" room="277" start="146" weeks="000000000000000100"/>
    <class days="0000001" id="2419" room="133" start="196" weeks="000000000000000100"/>
    <class days="0000001" id="2420" room="290" start="106" weeks="000000010000000000"/>
    <class days="0000001" id="2421" room="124" start="216" weeks="000000010000000000"/>
    <class days="0000001" id="2422" room="189" start="126" weeks="000000000001000000"/>
    <class days="0000001" id="2423" room="290" start="166" weeks="000000000001000000"/>
    <class days="0000001" id="2424" room="113" start="116" weeks="010000000000000000"/>
    <class days="0000001" id="2425" room="129" start="206" weeks="000000010000000000"/>
    <class days="0000001" id="2426" room="189" start="106" weeks="010000000000000000"/>
    <class days="0000001" id="2427" room="82" start="176" weeks="010000000000000000"/>
    <class days="0000001" id="2428" room="276" start="166" weeks="100000000000000000"/>
    <class days="0000001" id="2429" room="83" start="216" weeks="100000000000000000"/>
    <class days="0000001" id="2430" room="78" start="166" weeks="000000000010000000"/>
    <class days="0000001" id="2431" room="113" start="156" weeks="000000100000000000"/>
    <class days="0000001" id="2432" room="127" start="156" weeks="100000000000000000"/>
    <class days="0000001" id="2433" room="128" start="206" weeks="000000000000001000"/>
    <class days="0000001" id="2434" room="119" start="166" weeks="000000000000001000"/>
    <class days="0000001" id="2435" room="76" start="226" weeks="000000000000001000"/>
    <class days="0000001" id="2436" room="128" start="126" weeks="000000000010000000"/>
    <class days="0000001" id="2437" room="76" start="216" weeks="000000000010000000"/>
    <class days="0000001" id="2438" room="77" start="196" weeks="000000000010000000"/>
    <class days="0000001" id="2439" room="77" start="96" weeks="000010000000000000"/>
    <class days="0000001" id="2440" room="119" start="176" weeks="000010000000000000"/>
    <class days="0000001" id="2441" room="77" start="196" weeks="000010000000000000"/>
    <class days="0000001" id="2442" room="290" start="156" weeks="000000000000000100"/>
    <class days="0000001" id="2443" room="286" start="146" weeks="000000000000000100"/>
    <class days="0000001" id="2444" room="290" start="186" weeks="000000000000000100"/>
    <class days="0000001" id="2445" room="290" start="186" weeks="100000000000000000"/>
    <class days="0000001" id="2446" room="144" start="186" weeks="100000000000000000"/>
    <class days="0000001" id="2447" room="290" start="116" weeks="100000000000000000"/>
    <class days="0000001" id="2448" room="128" start="106" weeks="000000100000000000"/>
    <class days="0000001" id="2449" room="77" start="176" weeks="000000100000000000"/>
    <class days="0000001" id="2450" room="77" start="236" weeks="000000100000000000"/>
    <class days="0000001" id="2451" room="119" start="216" weeks="000000000000000010"/>
    <class days="0000001" id="2452" room="291" start="146" weeks="000000000000000010"/>
    <class days="0000001" id="2453" room="76" start="106" weeks="000000000000000010"/>
    <class days="0000001" id="2454" room="144" start="126" weeks="000000001000000000"/>
    <class days="0000001" id="2455" room="144" start="106" weeks="000000001000000000"/>
    <class days="0000001" id="2456" room="290" start="186" weeks="000000001000000000"/>
    <class days="0000001" id="2457" room="80" start="96" weeks="100000000000000000"/>
    <class days="0000001" id="2458" room="127" start="106" weeks="000010000010000000"/>
    <class days="0000001" id="2459" room="83" start="246" weeks="000010000010000000"/>
    <class days="0000001" id="2460" room="276" start="136" weeks="000010000010000000"/>
    <class days="0000001" id="2461" room="124" start="246" weeks="000000000000000010"/>
    <class days="0000001" id="2462" room="83" start="186" weeks="000000000000000010"/>
    <class days="0000001" id="2463" room="83" start="216" weeks="000000001000000000"/>
    <class days="0000001" id="2464" room="277" start="106" weeks="000000001000000000"/>
    <class days="0000001" id="2465" room="127" start="186" weeks="010000000000000000"/>
    <class days="0000001" id="2466" room="200" start="136" weeks="000001000000000000"/>
    <class days="0000001" id="2467" room="70" start="116" weeks="010000000000000000"/>
    <class days="0000001" id="2468" room="200" start="226" weeks="000000000000000100"/>
    <class days="0000001" id="2469" room="77" start="236" weeks="000000010000000000"/>
    <class days="0000001" id="2470" room="77" start="186" weeks="000000010000000000"/>
    <class days="0000001" id="2471" room="77" start="146" weeks="000000010000000000"/>
    <class days="0000001" id="2472" room="291" start="196" weeks="000000000000000100"/>
    <class days="0000001" id="2473" room="291" start="96" weeks="000000000000000100"/>
    <class days="0000001" id="2474" room="77" start="186" weeks="000000000000000100"/>
    <class days="0000001" id="2475" room="77" start="106" weeks="000001000000000000"/>
    <class days="0000001" id="2476" room="77" start="216" weeks="000001000000000000"/>
    <class days="0000001" id="2477" room="77" start="166" weeks="000001000000000000"/>
    <class days="0000001" id="2478" room="77" start="126" weeks="000000000000000100"/>
    <class days="0000001" id="2479" room="291" start="126" weeks="000000000000000100"/>
    <class days="0000001" id="2480" room="77" start="196" weeks="000000000000000100"/>
    <class days="0000001" id="2481" room="77" start="116" weeks="000000001000000000"/>
    <class days="0000001" id="2482" room="77" start="226" weeks="000000001000000000"/>
    <class days="0000001" id="2483" room="77" start="146" weeks="000000001000000000"/>
    <class days="0000001" id="2484" room="77" start="136" weeks="000000000000000100"/>
    <class days="0000001" id="2485" room="77" start="176" weeks="000000001000000000"/>
    <class days="0000001" id="2486" room="291" start="186" weeks="000100000000000000"/>
    <class days="0000001" id="2487" room="291" start="96" weeks="000000001000000000"/>
    <class days="0000001" id="2488" room="291" start="206" weeks="000000001000000000"/>
    <class days="0000001" id="2489" room="77" start="196" weeks="000000001000000000"/>
    <class days="0000001" id="2490" room="291" start="116" weeks="000001000000000000"/>
    <class days="0000001" id="2491" room="291" start="216" weeks="000000000000000100"/>
    <class days="0000001" id="2492" room="77" start="196" weeks="000100000000000000"/>
    <class days="0000001" id="2493" room="77" start="166" weeks="000000000001000000"/>
    <class days="0000001" id="2494" room="291" start="166" weeks="000000000001000000"/>
    <class days="0000001" id="2495" room="77" start="196" weeks="000000000001000000"/>
    <class days="0000001" id="2496" room="127" start="196" weeks="100000000000000000"/>
    <class days="0000001" id="2497" room="127" start="96" weeks="000000001000000000"/>
    <class days="0000001" id="2498" room="127" start="156" weeks="000000000010000000"/>
    <class days="0000001" id="2499" room="127" start="106" weeks="001000000000000000"/>
    <class days="0000001" id="2500" room="119" start="166" weeks="000000000000000100"/>
    <class days="0000001" id="2501" room="119" start="126" weeks="000000000000000100"/>
    <class days="0000001" id="2502" room="119" start="136" weeks="000000000000000100"/>
    <class days="0000001" id="2503" room="119" start="166" weeks="000000000000000100"/>
    <class days="0000001" id="2504" room="119" start="106" weeks="000000000010000000"/>
    <class days="0000001" id="2505" room="119" start="156" weeks="000000000000000010"/>
    <class days="0000001" id="2506" room="119" start="216" weeks="000000100000000000"/>
    <class days="0000001" id="2507" room="119" start="146" weeks="001000000000000000"/>
    <class days="0000001" id="2508" room="119" start="106" weeks="001000000000000000"/>
    <class days="0000001" id="2509" room="119" start="206" weeks="001000000000000000"/>
    <class days="0000001" id="2510" room="119" start="206" weeks="001000000000000000"/>
    <class days="0000001" id="2511" room="124" start="206" weeks="001000000000000000"/>
    <class days="0000001" id="2512" room="119" start="186" weeks="000000000000000010"/>
    <class days="0000001" id="2513" room="129" start="146" weeks="000000000010000000"/>
    <class days="0000001" id="2514" room="119" start="216" weeks="000000000010000000"/>
    <class days="0000001" id="2515" room="124" start="156" weeks="000000000010000000"/>
    <class days="0000001" id="2516" room="124" start="196" weeks="000000000000000010"/>
    <class days="0000001" id="2517" room="129" start="206" weeks="000000000000000010"/>
    <class days="0000001" id="2518" room="124" start="106" weeks="000000000000000010"/>
    <class days="0000001" id="2519" room="129" start="116" weeks="000000000000000010"/>
    <class days="0000001" id="2520" room="124" start="236" weeks="000000001000000000"/>
    <class days="0000001" id="2521" room="119" start="236" weeks="000000001000000000"/>
    <class days="0000001" id="2522" room="128" start="226" weeks="000000001000000000"/>
    <class days="0000001" id="2523" room="129" start="216" weeks="000000100000000000"/>
    <class days="0000001" id="2524" start="96" weeks="000000000100000000"/>
    <class days="0000001" id="2525" start="96" weeks="000000000000000100"/>
    <class days="0000001" id="2526" start="96" weeks="000100000000000000"/>
    <class days="0000001" id="2527" start="96" weeks="000001000000000000"/>
    <class days="0000001" id="2528" start="96" weeks="100000000000000000"/>
    <class days="0000001" id="2529" room="113" start="96" weeks="000001000000000000"/>
    <class days="0000001" id="2530" room="113" start="116" weeks="000000010000000000"/>
    <class days="0000001" id="2531" room="78" start="116" weeks="000000000100000000"/>
    <class days="0000001" id="2532" room="127" start="136" weeks="000100000000000000"/>
    <class days="0000001" id="2533" room="78" start="196" weeks="000000000000000100"/>
    <class days="0000001" id="2534" room="127" start="126" weeks="000000000001000000"/>
    <class days="0000001" id="2535" room="119" start="206" weeks="000000000001000000"/>
    <class days="0000001" id="2536" room="128" start="206" weeks="000000000001000000"/>
    <class days="0000001" id="2537" room="77" start="236" weeks="000000000001000000"/>
    <class days="0000001" id="2538" room="291" start="206" weeks="000000000001000000"/>
    <class days="0000001" id="2539" room="119" start="146" weeks="000000000100000000"/>
    <class days="0000001" id="2540" room="76" start="116" weeks="000000000100000000"/>
    <class days="0000001" id="2541" room="128" start="176" weeks="000000000100000000"/>
    <class days="0000001" id="2542" room="129" start="196" weeks="000000000100000000"/>
    <class days="0000001" id="2543" room="77" start="166" weeks="000100000000000000"/>
    <class days="0000001" id="2544" room="128" start="106" weeks="000100000000000000"/>
    <class days="0000001" id="2545" room="129" start="176" weeks="000100000000000000"/>
    <class days="0000001" id="2546" room="119" start="216" weeks="000100000000000000"/>
    <class days="0000001" id="2547" room="127" start="236" weeks="000001000000000000"/>
    <class days="0000001" id="2548" room="113" start="166" weeks="000000000100000000"/>
    <class days="0000001" id="2549" room="127" start="106" weeks="010000000000000000"/>
    <class days="0000001" id="2550" room="113" start="186" weeks="100000000000000000"/>
    <class days="0000001" id="2551" room="127" start="166" weeks="000000000001000000"/>
    <class days="0000001" id="2552" room="127" start="116" weeks="000000000000000100"/>
    <class days="0000001" id="2553" room="76" start="126" weeks="000000010000000000"/>
    <class days="0000001" id="2554" room="77" start="136" weeks="000000000100000000"/>
    <class days="0000001" id="2555" room="128" start="126" weeks="000000000100000000"/>
    <class days="0000001" id="2556" room="291" start="176" weeks="000000000100000000"/>
    <class days="0000001" id="2557" room="76" start="156" weeks="000001000000000000"/>
    <class days="0000001" id="2558" room="128" start="166" weeks="000000010000000000"/>
    <class days="0000001" id="2559" room="129" start="136" weeks="000001000000000000"/>
    <class days="0000001" id="2560" room="129" start="186" weeks="000001000000000000"/>
    <class days="0000001" id="2561" room="129" start="156" weeks="000000000000000100"/>
    <class days="0000001" id="2562" room="76" start="216" weeks="000000000000000100"/>
    <class days="0000001" id="2563" room="291" start="166" weeks="000000000000000100"/>
    <class days="0000001" id="2564" room="129" start="106" weeks="000000000000000100"/>
    <class days="0000001" id="2565" room="119" start="166" weeks="000100000000000000"/>
    <class days="0000001" id="2566" room="129" start="126" weeks="000100000000000000"/>
    <class days="0000001" id="2567" room="76" start="126" weeks="000100000000000000"/>
    <class days="0000001" id="2568" room="77" start="96" weeks="000100000000000000"/>
    <class days="0000001" id="2569" room="119" start="96" weeks="010000000000000000"/>
    <class days="0000001" id="2570" room="119" start="226" weeks="010000000000000000"/>
    <class days="0000001" id="2571" room="77" start="116" weeks="010000000000000000"/>
    <class days="0000001" id="2572" room="119" start="196" weeks="010000000000000000"/>
    <class days="0000001" id="2573" room="76" start="176" weeks="000000000001000000"/>
    <class days="0000001" id="2574" room="128" start="116" weeks="000000000001000000"/>
    <class days="0000001" id="2575" room="76" start="126" weeks="000000000001000000"/>
    <class days="0000001" id="2576" room="291" start="206" weeks="000000000001000000"/>
    <class days="0000001" id="2577" room="291" start="206" weeks="010000000000000000"/>
    <class days="0000001" id="2578" room="129" start="166" weeks="000000000100000000"/>
    <class days="0000001" id="2579" room="77" start="96" weeks="000000010000000000"/>
    <class days="0000001" id="2580" room="119" start="126" weeks="000000010000000000"/>
    <class days="0000001" id="2581" room="129" start="206" weeks="010000000000000000"/>
    <class days="0000001" id="2582" room="119" start="146" weeks="010000000000000000"/>
    <class days="0000001" id="2583" room="189" start="146" weeks="000000001000000000"/>
    <class days="0000001" id="2584" room="200" start="196" weeks="000000000010000000"/>
    <class days="0000001" id="2585" room="80" start="106" weeks="001000000000000000"/>
    <class days="0000001" id="2586" room="80" start="146" weeks="000000000000001000"/>
    <class days="0000001" id="2587" room="127" start="96" weeks="100000000000000000"/>
    <class days="0000001" id="2588" room="127" start="176" weeks="000000100000000000"/>
    <class days="0000001" id="2589" room="277" start="166" weeks="001000000000000000"/>
    <class days="0000001" id="2590" room="133" start="166" weeks="001000000000000000"/>
    <class days="0000001" id="2591" room="134" start="236" weeks="001000000000000000"/>
    <class days="0000001" id="2592" room="291" start="136" weeks="001000000000000000"/>
    <class days="0000001" id="2593" room="145" start="196" weeks="000000100000000000"/>
    <class days="0000001" id="2594" room="145" start="126" weeks="000000100000000000"/>
    <class days="0000001" id="2595" room="145" start="136" weeks="000000100000000000"/>
    <class days="0000001" id="2596" room="145" start="96" weeks="000000100000000000"/>
    <class days="0000001" id="2597" room="145" start="116" weeks="000000000000000010"/>
    <class days="0000001" id="2598" room="145" start="216" weeks="000000000000000010"/>
    <class days="0000001" id="2599" room="145" start="226" weeks="000000000000000010"/>
    <class days="0000001" id="2600" room="145" start="166" weeks="000000000000000010"/>
    <class days="0000001" id="2601" room="145" start="206" weeks="000000000000001000"/>
    <class days="0000001" id="2602" room="145" start="106" weeks="000000000000001000"/>
    <class days="0000001" id="2603" room="145" start="166" weeks="000000000000001000"/>
    <class days="0000001" id="2604" room="145" start="236" weeks="000000000000001000"/>
    <class days="0000001" id="2605" room="145" start="166" weeks="000000001000000000"/>
    <class days="0000001" id="2606" room="145" start="106" weeks="000000001000000000"/>
    <class days="0000001" id="2607" room="145" start="216" weeks="000000001000000000"/>
    <class days="0000001" id="2608" room="145" start="96" weeks="000000001000000000"/>
    <class days="0000001" id="2609" room="113" start="216" weeks="000000001000000000"/>
    <class days="0000001" id="2610" room="80" start="96" weeks="000000000000000010"/>
    <class days="0000001" id="2611" room="113" start="176" weeks="001000000000000000"/>
    <class days="0000001" id="2612" room="129" start="216" weeks="000100000000000000"/>
    <class days="0000001" id="2613" room="128" start="226" weeks="000100000000000000"/>
    <class days="0000001" id="2614" room="128" start="106" weeks="000000010000000000"/>
    <class days="0000001" id="2615" room="291" start="106" weeks="000000010000000000"/>
    <class days="0000001" id="2616" room="128" start="146" weeks="000000000001000000"/>
    <class days="0000001" id="2617" room="128" start="236" weeks="000000000001000000"/>
    <class days="0000001" id="2618" room="119" start="116" weeks="000100000000000000"/>
    <class days="0000001" id="2619" room="291" start="96" weeks="000100000000000000"/>
    <class days="0000001" id="2620" room="119" start="106" weeks="000000000001000000"/>
    <class days="0000001" id="2621" room="129" start="186" weeks="000000000001000000"/>
    <class days="0000001" id="2622" room="291" start="166" weeks="000000010000000000"/>
    <class days="0000001" id="2623" room="291" start="176" weeks="000000010000000000"/>
    <class days="0000001" id="2624" room="78" start="96" weeks="100000000000000000"/>
    <class days="0000001" id="2625" room="113" start="166" weeks="000010000000000000"/>
    <class days="0000001" id="2626" room="78" start="126" weeks="000000000010000000"/>
    <class days="0000001" id="2627" room="133" start="226" weeks="000000000010000000"/>
    <class days="0000001" id="2628" room="290" start="156" weeks="000000000010000000"/>
    <class days="0000001" id="2629" room="276" start="186" weeks="000000000000000010"/>
    <class days="0000001" id="2630" room="133" start="106" weeks="000000000000000010"/>
    <class days="0000001" id="2631" room="82" start="166" weeks="000010000000000000"/>
    <class days="0000001" id="2632" room="290" start="136" weeks="000010000000000000"/>
    <class days="0000001" id="2633" room="200" start="116" weeks="000010000000000000"/>
    <class days="0000001" id="2634" room="189" start="126" weeks="000000001000000000"/>
    <class days="0000001" id="2635" room="189" start="96" weeks="100000000000000000"/>
    <class days="0000001" id="2636" room="119" start="196" weeks="000000001000000000"/>
    <class days="0000001" id="2637" room="119" start="166" weeks="000000001000000000"/>
    <class days="0000001" id="2638" room="119" start="206" weeks="000000001000000000"/>
    <class days="0000001" id="2639" room="128" start="206" weeks="000000001000000000"/>
    <class days="0000001" id="2640" room="291" start="196" weeks="000000000000000010"/>
    <class days="0000001" id="2641" room="119" start="96" weeks="000000000000000010"/>
    <class days="0000001" id="2642" room="129" start="146" weeks="000000000000000010"/>
    <class days="0000001" id="2643" room="129" start="106" weeks="000000000000000010"/>
    <class days="0000001" id="2644" room="77" start="96" weeks="000000000000000100"/>
    <class days="0000001" id="2645" room="128" start="96" weeks="000000000000000100"/>
    <class days="0000001" id="2646" room="76" start="126" weeks="000000000000000100"/>
    <class days="0000001" id="2647" room="76" start="156" weeks="000000000000000100"/>
    <class days="0000001" id="2648" room="77" start="166" weeks="000010000000000000"/>
    <class days="0000001" id="2649" room="77" start="216" weeks="000010000000000000"/>
    <class days="0000001" id="2650" room="119" start="196" weeks="000010000000000000"/>
    <class days="0000001" id="2651" room="291" start="226" weeks="000010000000000000"/>
    <class days="0000001" id="2652" room="76" start="136" weeks="001000000000000000"/>
    <class days="0000001" id="2653" room="128" start="186" weeks="001000000000000000"/>
    <class days="0000001" id="2654" room="76" start="206" weeks="001000000000000000"/>
    <class days="0000001" id="2655" room="77" start="166" weeks="001000000000000000"/>
    <class days="0000001" id="2656" room="128" start="146" weeks="000000000010000000"/>
    <class days="0000001" id="2657" room="128" start="176" weeks="000000000010000000"/>
    <class days="0000001" id="2658" room="119" start="146" weeks="000000000010000000"/>
    <class days="0000001" id="2659" room="128" start="116" weeks="000000000010000000"/>
    <class days="0000001" id="2660" room="80" start="226" weeks="000010000000000000"/>
    <class days="0000001" id="2661" room="78" start="186" weeks="100000000000000000"/>
    <class days="0000001" id="2662" room="113" start="126" weeks="100000000000000000"/>
    <class days="0000001" id="2663" room="78" start="96" weeks="000000000010000000"/>
    <class days="0000001" id="2664" room="80" start="186" weeks="001000000000000000"/>
    <class days="0000001" id="2665" room="127" start="216" weeks="000000001000000000"/>
    <class days="0000001" id="2666" room="291" start="146" weeks="001000000000000000"/>
    <class days="0000001" id="2667" room="291" start="146" weeks="001000000000000000"/>
    <class days="0000001" id="2668" room="291" start="236" weeks="000000001000000000"/>
    <class days="0000001" id="2669" room="291" start="156" weeks="000000001000000000"/>
    <class days="0000001" id="2670" room="291" start="216" weeks="000000000000001000"/>
    <class days="0000001" id="2671" room="291" start="206" weeks="000000000000001000"/>
    <class days="0000001" id="2672" room="291" start="186" weeks="000010000000000000"/>
    <class days="0000001" id="2673" room="291" start="176" weeks="000010000000000000"/>
    <class days="0000001" id="2674" room="291" start="216" weeks="100000000000000000"/>
    <class days="0000001" id="2675" room="291" start="116" weeks="100000000000000000"/>
    <class days="0000001" id="2676" room="291" start="186" weeks="000000000010000000"/>
    <class days="0000001" id="2677" room="291" start="216" weeks="000000000010000000"/>
    <class days="0000001" id="2678" room="78" start="206" weeks="001000100000001000"/>
    <class days="0000001" id="2679" room="78" start="126" weeks="100000000000000000"/>
    <class days="0000001" id="2680" room="129" start="236" weeks="000000000000000010"/>
    <class days="0000001" id="2681" room="77" start="196" weeks="000000000000000010"/>
    <class days="0000001" id="2682" room="291" start="96" weeks="001000100000001000"/>
    <class days="0000001" id="2683" room="129" start="126" weeks="001000100000001000"/>
    <class days="0000001" id="2684" room="80" start="206" weeks="000000000000000100"/>
    <class days="0000001" id="2685" room="80" start="206" weeks="100000000000000000"/>
    <class days="0000001" id="2686" room="127" start="246" weeks="000000000100000000"/>
    <class days="0000001" id="2687" room="80" start="186" weeks="100000000000000000"/>
    <class days="0000001" id="2688" room="127" start="136" weeks="000000000100000000"/>
    <class days="0000001" id="2689" room="113" start="226" weeks="000001000000000000"/>
    <class days="0000001" id="2690" room="80" start="126" weeks="000100000000000000"/>
    <class days="0000001" id="2691" room="276" start="146" weeks="000000000000000100"/>
    <class days="0000001" id="2692" room="113" start="146" weeks="000100000000000000"/>
    <class days="0000001" id="2693" room="189" start="96" weeks="000000100000000000"/>
    <class days="0000001" id="2694" room="127" start="206" weeks="000000000000000010"/>
    <class days="0000001" id="2695" room="127" start="176" weeks="100000000000000000"/>
    <class days="0000001" id="2696" room="189" start="186" weeks="001000000000000000"/>
    <class days="0000001" id="2697" room="129" start="146" weeks="000000000000000010"/>
    <class days="0000001" id="2698" room="77" start="236" weeks="000000000000000010"/>
    <class days="0000001" id="2699" room="291" start="226" weeks="000000000000000010"/>
    <class days="0000001" id="2700" room="77" start="96" weeks="000000000000000010"/>
    <class days="0000001" id="2701" room="76" start="186" weeks="000000000010000000"/>
    <class days="0000001" id="2702" room="76" start="106" weeks="000000000010000000"/>
    <class days="0000001" id="2703" room="291" start="176" weeks="000000000010000000"/>
    <class days="0000001" id="2704" room="291" start="106" weeks="000000000010000000"/>
    <class days="0000001" id="2705" room="128" start="136" weeks="000010000000000000"/>
    <class days="0000001" id="2706" room="291" start="136" weeks="000010000010000000"/>
    <class days="0000001" id="2707" room="129" start="156" weeks="000010000000000000"/>
    <class days="0000001" id="2708" room="76" start="116" weeks="000010000000000000"/>
    <class days="0000001" id="2709" room="128" start="116" weeks="000000001000000000"/>
    <class days="0000001" id="2710" room="76" start="186" weeks="000000001000000000"/>
    <class days="0000001" id="2711" room="77" start="116" weeks="000000001000000000"/>
    <class days="0000001" id="2712" room="291" start="126" weeks="000000001000000000"/>
    <class days="0000001" id="2713" room="77" start="136" weeks="001000000000000000"/>
    <class days="0000001" id="2714" room="21" start="216" weeks="001000000000000000"/>
    <class days="0000001" id="2715" room="128" start="126" weeks="001000000000000000"/>
    <class days="0000001" id="2716" room="76" start="96" weeks="001000000000000000"/>
    <class days="0000001" id="2717" room="76" start="216" weeks="000000100000000000"/>
    <class days="0000001" id="2718" room="129" start="96" weeks="000000100000000000"/>
    <class days="0000001" id="2719" room="21" start="216" weeks="000000100000000000"/>
    <class days="0000001" id="2720" room="76" start="136" weeks="000000100000000000"/>
    <class days="0000001" id="2721" room="127" start="176" weeks="001000000000000000"/>
    <class days="0000001" id="2722" room="133" start="136" weeks="000000100000000000"/>
    <class days="0000001" id="2723" room="113" start="216" weeks="000000000010000000"/>
    <class days="0000001" id="2724" room="129" start="196" weeks="001000000000000000"/>
    <class days="0000001" id="2725" room="144" start="116" weeks="000000100000000000"/>
    <class days="0000001" id="2726" room="189" start="116" weeks="000000000000001000"/>
    <class days="0000001" id="2727" room="80" start="96" weeks="000100000000000000"/>
    <class days="0000001" id="2728" room="80" start="216" weeks="000001000000000000"/>
    <class days="0000001" id="2729" room="78" start="146" weeks="000000000100000000"/>
    <class days="0000001" id="2730" room="76" start="216" weeks="000000000100000000"/>
    <class days="0000001" id="2731" room="76" start="176" weeks="000000000100000000"/>
    <class days="0000001" id="2732" room="76" start="126" weeks="000001000000000000"/>
    <class days="0000001" id="2733" room="291" start="166" weeks="000001000000000000"/>
    <class days="0000001" id="2734" room="76" start="176" weeks="000100000000000000"/>
    <class days="0000001" id="2735" room="76" start="206" weeks="000100000000000000"/>
    <class days="0000001" id="2736" room="133" start="206" weeks="000000010000000000"/>
    <class days="0000001" id="2737" room="133" start="186" weeks="000000001000000000"/>
    <class days="0000001" id="2738" room="80" start="136" weeks="010000000000000000"/>
    <class days="0000001" id="2739" room="277" start="206" weeks="000000000100000000"/>
    <class days="0000001" id="2740" room="124" start="126" weeks="000000010000000000"/>
    <class days="0000001" id="2741" room="286" start="196" weeks="000001000000000000"/>
    <class days="0000001" id="2742" room="127" start="136" weeks="001000000000000000"/>
    <class days="0000001" id="2743" room="286" start="216" weeks="001000000000000000"/>
    <class days="0000001" id="2744" room="83" start="166" weeks="100000000000000000"/>
    <class days="0000001" id="2745" room="83" start="156" weeks="000000000010000000"/>
    <class days="0000001" id="2746" room="276" start="216" weeks="000000000010000000"/>
    <class days="0000001" id="2747" room="127" start="156" weeks="001000000000000000"/>
    <class days="0000001" id="2748" room="276" start="96" weeks="000000000010000000"/>
    <class days="0000001" id="2749" room="80" start="146" weeks="100000000000000000"/>
    <class days="0000001" id="2750" room="277" start="96" weeks="100000000000000000"/>
    <class days="0000001" id="2751" room="133" start="96" weeks="000000001000000000"/>
    <class days="0000001" id="2752" room="200" start="156" weeks="000000001000000000"/>
    <class days="0000001" id="2753" room="133" start="166" weeks="000010000000000000"/>
    <class days="0000001" id="2754" room="217" start="166" weeks="000010000000000000"/>
    <class days="0000001" id="2755" room="291" start="136" weeks="000000000000001000"/>
    <class days="0000001" id="2756" room="127" start="136" weeks="000000000000001000"/>
    <class days="0000001" id="2757" start="96" weeks="000001000000000000"/>
    <class days="0000001" id="2758" room="103" start="96" weeks="000000000001000000"/>
    <class days="0000001" id="2759" room="103" start="136" weeks="000000010000000000"/>
    <class days="0000001" id="2760" room="103" start="156" weeks="000001000000000000"/>
    <class days="0000001" id="2761" room="103" start="126" weeks="000000000100000000"/>
    <class days="0000001" id="2762" room="103" start="196" weeks="000000001000000000"/>
    <class days="0000001" id="2763" room="277" start="236" weeks="100000000000000000"/>
    <class days="0000001" id="2764" room="78" start="106" weeks="000010000000000000"/>
    <class days="0000001" id="2765" room="40" start="226" weeks="001000000000000000"/>
    <class days="0000001" id="2766" room="276" start="216" weeks="000000100000000000"/>
    <class days="0000001" id="2767" room="129" start="116" weeks="000000000010000000"/>
    <class days="0000001" id="2768" room="129" start="236" weeks="000000000010000000"/>
    <class days="0000001" id="2769" room="129" start="136" weeks="000000001000000000"/>
    <class days="0000001" id="2770" room="129" start="216" weeks="000000001000000000"/>
    <class days="0000001" id="2771" room="129" start="96" weeks="000000000000001000"/>
    <class days="0000001" id="2772" room="129" start="176" weeks="000000000000001000"/>
    <class days="0000001" id="2773" room="129" start="96" weeks="000000000010000000"/>
    <class days="0000001" id="2774" room="129" start="206" weeks="000000000010000000"/>
    <class days="0000001" id="2775" room="129" start="196" weeks="000000100000000000"/>
    <class days="0000001" id="2776" room="129" start="196" weeks="000010000000000000"/>
    <class days="0000001" id="2777" room="129" start="186" weeks="000000001000000000"/>
    <class days="0000001" id="2778" room="128" start="116" weeks="100000000000000000"/>
    <class days="0000001" id="2779" room="129" start="96" weeks="001000000000000000"/>
    <class days="0000001" id="2780" room="189" start="216" weeks="100000000000000000"/>
    <class days="0000001" id="2781" room="189" start="146" weeks="000000100000000000"/>
    <class days="0000001" id="2782" room="200" start="126" weeks="000000000000001000"/>
    <class days="0000001" id="2783" room="83" start="186" weeks="000000001000000000"/>
    <class days="0000001" id="2784" room="276" start="106" weeks="000000010000000000"/>
    <class days="0000001" id="2785" room="286" start="206" weeks="000100000000000000"/>
    <class days="0000001" id="2786" room="83" start="176" weeks="000000000100000000"/>
    <class days="0000001" id="2787" room="113" start="136" weeks="000000000001000000"/>
    <class days="0000001" id="2788" room="133" start="176" weeks="000001000000000000"/>
    <class days="0000001" id="2789" room="78" start="206" weeks="000100000000000000"/>
    <class days="0000001" id="2790" room="113" start="176" weeks="000000001000000000"/>
    <class days="0000001" id="2791" room="113" start="226" weeks="000000010000000000"/>
    <class days="0000001" id="2792" room="113" start="116" weeks="100000000000000000"/>
    <class days="0000001" id="2793" room="276" start="106" weeks="000010000000000000"/>
    <class days="0000001" id="2794" room="80" start="176" weeks="000000000010000000"/>
    <class days="0000001" id="2795" room="291" start="216" weeks="000000000010000000"/>
    <class days="0000001" id="2796" room="77" start="196" weeks="100000000000000000"/>
    <class days="0000001" id="2797" room="129" start="196" weeks="000010000000000000"/>
    <class days="0000001" id="2798" room="80" start="106" weeks="100000000000000000"/>
    <class days="0000001" id="2799" room="80" start="116" weeks="000000000010000000"/>
    <class days="0000001" id="2800" room="127" start="216" weeks="000010000000000000"/>
    <class days="0000001" id="2801" room="113" start="206" weeks="000000001000000000"/>
    <class days="0000001" id="2802" room="127" start="226" weeks="000000000010000000"/>
    <class days="0000001" id="2803" room="276" start="116" weeks="000000100000000000"/>
    <class days="0000001" id="2804" room="113" start="206" weeks="000010000000000000"/>
    <class days="0000001" id="2805" room="276" start="216" weeks="000000001000000000"/>
    <class days="0000001" id="2806" room="277" start="166" weeks="000000100000000000"/>
    <class days="0000001" id="2807" room="276" start="166" weeks="000000100000000000"/>
    <class days="0000001" id="2808" room="113" start="226" weeks="000010000000000000"/>
    <class days="0000001" id="2809" room="80" start="206" weeks="000000000010000000"/>
    <class days="0000001" id="2810" room="40" start="196" weeks="000000001000000000"/>
    <class days="0000001" id="2811" room="124" start="226" weeks="000000000000001000"/>
    <class days="0000001" id="2812" room="286" start="116" weeks="000000100000000000"/>
    <class days="0000001" id="2813" room="217" start="166" weeks="000000010000000000"/>
    <class days="0000001" id="2814" room="217" start="186" weeks="000000000100000000"/>
    <class days="0000001" id="2815" room="83" start="126" weeks="000100000000000000"/>
    <class days="0000001" id="2816" room="80" start="126" weeks="010000000000000000"/>
    <class days="0000001" id="2817" room="277" start="206" weeks="000100000000000000"/>
    <class days="0000001" id="2818" room="124" start="146" weeks="000000001000000000"/>
    <class days="0000001" id="2819" room="200" start="116" weeks="000000000001000000"/>
    <class days="0000001" id="2820" room="189" start="216" weeks="000000010000000000"/>
    <class days="0000001" id="2821" room="80" start="96" weeks="010000000000000000"/>
    <class days="0000001" id="2822" room="77" start="166" weeks="010000000000000000"/>
    <class days="0000001" id="2823" room="128" start="186" weeks="000000000001000000"/>
    <class days="0000001" id="2824" room="80" start="206" weeks="100000000000000000"/>
    <class days="0000001" id="2825" room="276" start="236" weeks="000000001000000000"/>
    <class days="0000001" id="2826" room="40" start="136" weeks="000010000000000000"/>
    <class days="0000001" id="2827" room="40" start="196" weeks="000010000000000000"/>
    <class days="0000001" id="2828" room="133" start="126" weeks="000000001000000000"/>
    <class days="0000001" id="2829" room="200" start="226" weeks="000000000000001000"/>
    <class days="0000001" id="2830" room="133" start="206" weeks="000000000001000000"/>
    <class days="0000001" id="2831" room="80" start="196" weeks="010000000000000000"/>
    <class days="0000001" id="2832" room="83" start="166" weeks="000000010000000000"/>
    <class days="0000001" id="2833" room="286" start="106" weeks="000000000100000000"/>
    <class days="0000001" id="2834" room="133" start="116" weeks="000100000000000000"/>
    <class days="0000001" id="2835" room="276" start="206" weeks="000001000000000000"/>
    <class days="0000001" id="2836" room="128" start="136" weeks="000100000000000000"/>
    <class days="0000001" id="2837" room="129" start="176" weeks="010000000000000000"/>
    <class days="0000001" id="2838" room="119" start="136" weeks="000000000001000000"/>
    <class days="0000001" id="2839" room="128" start="196" weeks="000000010000000000"/>
    <class days="0000001" id="2840" room="119" start="116" weeks="000000000100000000"/>
    <class days="0000001" id="2841" room="128" start="136" weeks="000001000000000000"/>
    <class days="0000001" id="2842" room="200" start="136" weeks="000000000100000000"/>
    <class days="0000001" id="2843" room="78" start="186" weeks="000001000000000000"/>
    <class days="0000001" id="2844" room="276" start="166" weeks="000100000000000000"/>
    <class days="0000001" id="2845" room="291" start="126" weeks="000100000000000000"/>
    <class days="0000001" id="2846" room="76" start="236" weeks="000100000000000000"/>
    <class days="0000001" id="2847" room="129" start="116" weeks="000000000100000000"/>
    <class days="0000001" id="2848" room="119" start="216" weeks="000000000100000000"/>
    <class days="0000001" id="2849" room="119" start="166" weeks="000001000000000000"/>
    <class days="0000001" id="2850" room="129" start="226" weeks="000001000000000000"/>
    <class days="0000001" id="2851" room="277" start="136" weeks="000000001000000000"/>
    <class days="0000001" id="2852" room="286" start="156" weeks="000000010000000000"/>
    <class days="0000001" id="2853" room="80" start="186" weeks="010000000000000000"/>
    <class days="0000001" id="2854" room="291" start="96" weeks="000000000100000000"/>
    <class days="0000001" id="2855" room="200" start="156" weeks="000000000001000000"/>
    <class days="0000001" id="2856" room="129" start="106" weeks="000000001000000000"/>
    <class days="0000001" id="2857" room="103" start="96" weeks="000001000000000000"/>
    <class days="0000001" id="2858" room="80" start="96" weeks="000010000000000000"/>
    <class days="0000001" id="2859" room="82" start="196" weeks="000010000000000000"/>
    <class days="0000001" id="2860" room="277" start="226" weeks="000000001000000000"/>
    <class days="0000001" id="2861" room="144" start="216" weeks="000000001000000000"/>
    <class days="0000001" id="2862" room="119" start="156" weeks="100000000000000000"/>
    <class days="0000001" id="2863" room="200" start="226" weeks="100000000000000000"/>
    <class days="0000001" id="2864" room="277" start="176" weeks="001000000000000000"/>
    <class days="0000001" id="2865" room="40" start="106" weeks="001000000000000000"/>
    <class days="0000001" id="2866" room="290" start="186" weeks="000000000000001000"/>
    <class days="0000001" id="2867" room="286" start="146" weeks="000000000000001000"/>
    <class days="0000001" id="2868" room="82" start="206" weeks="000000000000000010"/>
    <class days="0000001" id="2869" room="290" start="206" weeks="000000000000000010"/>
    <class days="0000001" id="2870" room="78" start="236" weeks="000000100000000000"/>
    <class days="0000001" id="2871" room="78" start="136" weeks="000000000000001000"/>
    <class days="0000001" id="2872" room="276" start="166" weeks="100000000000000000"/>
    <class days="0000001" id="2873" room="133" start="216" weeks="000100000000000000"/>
    <class days="0000001" id="2874" room="128" start="136" weeks="000000010000000000"/>
    <class days="0000001" id="2875" room="189" start="246" weeks="000000001000000000"/>
    <class days="0000001" id="2876" room="80" start="176" weeks="000000001000000000"/>
    <class days="0000001" id="2877" room="286" start="206" weeks="000000010000000000"/>
    <class days="0000001" id="2878" room="113" start="96" weeks="000100000000000000"/>
    <class days="0000001" id="2879" room="83" start="156" weeks="000001000000000000"/>
    <class days="0000001" id="2880" room="83" start="136" weeks="000000000100000000"/>
    <class days="0000001" id="2881" room="277" start="176" weeks="000000000001000000"/>
    <class days="0000001" id="2882" room="72" start="146" weeks="010000000000000000"/>
    <class days="0000001" id="2883" room="83" start="96" weeks="000000010000000000"/>
    <class days="0000001" id="2884" room="113" start="136" weeks="000000001000000000"/>
    <class days="0000001" id="2885" room="129" start="176" weeks="000000010000000000"/>
    <class days="0000001" id="2886" room="128" start="116" weeks="010000000000000000"/>
    <class days="0000001" id="2887" room="129" start="236" weeks="000000001000000000"/>
    <class days="0000001" id="2888" room="83" start="196" weeks="000010000000000000"/>
    <class days="0000001" id="2889" room="40" start="136" weeks="000000100000000000"/>
    <class days="0000001" id="2890" room="277" start="126" weeks="001000000000000000"/>
    <class days="0000001" id="2891" room="277" start="176" weeks="100000000000000000"/>
    <class days="0000001" id="2892" room="277" start="156" weeks="100000000000000000"/>
    <class days="0000001" id="2893" room="276" start="196" weeks="000000000010000000"/>
    <class days="0000001" id="2894" room="133" start="156" weeks="000000000000000010"/>
    <class days="0000001" id="2895" room="128" start="106" weeks="000000000000000010"/>
    <class days="0000001" id="2896" room="128" start="206" weeks="000000000000000010"/>
    <class days="0000001" id="2897" room="291" start="106" weeks="000000000000000010"/>
    <class days="0000001" id="2898" room="76" start="166" weeks="000010000000000000"/>
    <class days="0000001" id="2899" room="77" start="126" weeks="000010000000000000"/>
    <class days="0000001" id="2900" room="119" start="106" weeks="000010000000000000"/>
    <class days="0000001" id="2901" room="76" start="206" weeks="100000000000000000"/>
    <class days="0000001" id="2902" room="128" start="216" weeks="100000000000000000"/>
    <class days="0000001" id="2903" room="129" start="126" weeks="100000000000000000"/>
    <class days="0000001" id="2904" room="76" start="176" weeks="001000000000000000"/>
    <class days="0000001" id="2905" room="77" start="176" weeks="001000000000000000"/>
    <class days="0000001" id="2906" room="291" start="196" weeks="001000000000000000"/>
    <class days="0000001" id="2907" room="76" start="146" weeks="000000001000000000"/>
    <class days="0000001" id="2908" room="291" start="176" weeks="000000100000000000"/>
    <class days="0000001" id="2909" room="76" start="186" weeks="000000100000000000"/>
    <class days="0000001" id="2910" room="129" start="156" weeks="000000001000000000"/>
    <class days="0000001" id="2911" room="129" start="96" weeks="000000001000000000"/>
    <class days="0000001" id="2912" room="76" start="216" weeks="000000001000000000"/>
    <class days="0000001" id="2913" room="77" start="196" weeks="000000100000000000"/>
    <class days="0000001" id="2914" room="291" start="236" weeks="000000100000000000"/>
    <class days="0000001" id="2915" room="76" start="106" weeks="000000100000000000"/>
    <class days="0000001" id="2916" room="291" start="176" weeks="000000000000001000"/>
    <class days="0000001" id="2917" room="76" start="146" weeks="000000000000001000"/>
    <class days="0000001" id="2918" room="76" start="186" weeks="000000000000001000"/>
    <class days="0000001" id="2919" room="77" start="126" weeks="000000000010000000"/>
    <class days="0000001" id="2920" room="76" start="236" weeks="000000000010000000"/>
    <class days="0000001" id="2921" room="119" start="176" weeks="000000000010000000"/>
    <class days="0000001" id="2922" room="83" start="156" weeks="000010000000000000"/>
    <class days="0000001" id="2923" room="133" start="226" weeks="000000100000000000"/>
    <class days="0000001" id="2924" room="78" start="176" weeks="000010000000000000"/>
    <class days="0000001" id="2925" room="286" start="106" weeks="000000001000000000"/>
    <class days="0000001" id="2926" room="83" start="226" weeks="000000000010000000"/>
    <class days="0000001" id="2927" room="277" start="96" weeks="001000000000000000"/>
    <class days="0000001" id="2928" room="83" start="106" weeks="000000100000000000"/>
    <class days="0000001" id="2929" room="133" start="216" weeks="000010000000000000"/>
    <class days="0000001" id="2930" room="80" start="246" weeks="000000001000000000"/>
    <class days="0000001" id="2931" room="127" start="106" weeks="000000000000001000"/>
    <class days="0000001" id="2932" room="80" start="186" weeks="000000000000000010"/>
    <class days="0000001" id="2933" room="286" start="96" weeks="000000000010000000"/>
    <class days="0000001" id="2934" room="200" start="236" weeks="000000000010000000"/>
    <class days="0000001" id="2935" room="200" start="116" weeks="000000000010000000"/>
    <class days="0000001" id="2936" room="76" start="136" weeks="000000000010000000"/>
    <class days="0000001" id="2937" room="134" start="136" weeks="000000001000000000"/>
    <class days="0000001" id="2938" room="134" start="186" weeks="000000001000000000"/>
    <class days="0000001" id="2939" room="200" start="186" weeks="000000001000000000"/>
    <class days="0000001" id="2940" room="211" start="146" weeks="000000000000001000"/>
    <class days="0000001" id="2941" room="129" start="216" weeks="000000000000001000"/>
    <class days="0000001" id="2942" room="134" start="146" weeks="000000000000001000"/>
    <class days="0000001" id="2943" room="77" start="136" weeks="000000100000000000"/>
    <class days="0000001" id="2944" room="119" start="136" weeks="000000100000000000"/>
    <class days="0000001" id="2945" room="134" start="146" weeks="000000100000000000"/>
    <class days="0000001" id="2946" room="134" start="226" weeks="000000000000000010"/>
    <class days="0000001" id="2947" room="40" start="196" weeks="000000000000000010"/>
    <class days="0000001" id="2948" room="211" start="136" weeks="000000000000000010"/>
    <class days="0000001" id="2949" room="80" start="126" weeks="001000000000000000"/>
    <class days="0000001" id="2950" room="80" start="156" weeks="001000000000000000"/>
    <class days="0000001" id="2951" room="144" start="136" weeks="001000000000000000"/>
    <class days="0000001" id="2952" room="113" start="126" weeks="001000000000000000"/>
    <class days="0000001" id="2953" room="286" start="216" weeks="000000000000000010"/>
    <class days="0000001" id="2954" room="80" start="146" weeks="000000001000000000"/>
    <class days="0000001" id="2955" room="291" start="106" weeks="000000000000001000"/>
    <class days="0000001" id="2956" room="77" start="146" weeks="000000000000001000"/>
    <class days="0000001" id="2957" room="76" start="106" weeks="000000000000001000"/>
    <class days="0000001" id="2958" room="76" start="156" weeks="000000000000000010"/>
    <class days="0000001" id="2959" room="77" start="136" weeks="000000000000000010"/>
    <class days="0000001" id="2960" room="129" start="156" weeks="000000000010000000"/>
    <class days="0000001" id="2961" room="119" start="116" weeks="000010000000000000"/>
    <class days="0000001" id="2962" room="128" start="166" weeks="000010000000000000"/>
    <class days="0000001" id="2963" room="76" start="206" weeks="000010000000000000"/>
    <class days="0000001" id="2964" room="286" start="206" weeks="000000100000000000"/>
    <class days="0000001" id="2965" room="127" start="116" weeks="000000001000000000"/>
    <class days="0000001" id="2966" room="277" start="136" weeks="000010000000000000"/>
    <class days="0000001" id="2967" room="40" start="136" weeks="001000000000000000"/>
    <class days="0000001" id="2968" room="83" start="226" weeks="001000000000000000"/>
    <class days="0000001" id="2969" room="80" start="226" weeks="000000000010000000"/>
    <class days="0000001" id="2970" room="286" start="106" weeks="000000000000000010"/>
    <class days="0000001" id="2971" room="286" start="156" weeks="001000000000000000"/>
    <class days="0000001" id="2972" room="200" start="236" weeks="001000000000000000"/>
    <class days="0000001" id="2973" room="291" start="106" weeks="000010000000000000"/>
    <class days="0000001" id="2974" room="200" start="216" weeks="000010000000000000"/>
    <class days="0000001" id="2975" room="127" start="96" weeks="000000100000000000"/>
    <class days="0000001" id="2976" room="124" start="206" weeks="000000001000000000"/>
    <class days="0000001" id="2977" room="144" start="186" weeks="000000000000000010"/>
    <class days="0000001" id="2978" room="78" start="176" weeks="000000000000000010"/>
    <class days="0000001" id="2979" room="277" start="196" weeks="000000001000000000"/>
    <class days="0000001" id="2980" room="200" start="226" weeks="000000001000000000"/>
    <class days="0000001" id="2981" room="82" start="146" weeks="000000000010000000"/>
    <class days="0000001" id="2982" room="82" start="116" weeks="000000000010000000"/>
    <class days="0000001" id="2983" room="286" start="146" weeks="000100000000000000"/>
    <class days="0000001" id="2984" room="277" start="206" weeks="000001000000000000"/>
    <class days="0000001" id="2985" room="78" start="186" weeks="000000000001000000"/>
    <class days="0000001" id="2986" room="80" start="166" weeks="000000000100000000"/>
    <class days="0000001" id="2987" room="276" start="186" weeks="000000001000000000"/>
    <class days="0000001" id="2988" room="276" start="176" weeks="000000000100000000"/>
    <class days="0000001" id="2989" room="77" start="96" weeks="000000000001000000"/>
    <class days="0000001" id="2990" room="119" start="236" weeks="000000001000000000"/>
    <class days="0000001" id="2991" room="76" start="186" weeks="000001000000000000"/>
    <class days="0000001" id="2992" room="83" start="226" weeks="000000000100000000"/>
    <class days="0000001" id="2993" room="80" start="166" weeks="010000000000000000"/>
    <class days="0000001" id="2994" room="286" start="176" weeks="000100000000000000"/>
    <class days="0000001" id="2995" room="276" start="216" weeks="000000010000000000"/>
    <class days="0000001" id="2996" room="200" start="156" weeks="000000010000000000"/>
    <class days="0000001" id="2997" room="277" start="156" weeks="000100000000000000"/>
    <class days="0000001" id="2998" room="276" start="176" weeks="000000000001000000"/>
    <class days="0000001" id="2999" room="80" start="236" weeks="010000000000000000"/>
    <class days="0000001" id="3000" room="83" start="226" weeks="000000010000000000"/>
    <class days="0000001" id="3001" room="129" start="156" weeks="000000000001000000"/>
    <class days="0000001" id="3002" room="291" start="116" weeks="000001000000000000"/>
    <class days="0000001" id="3003" room="276" start="96" weeks="000000000000000010"/>
    <class days="0000001" id="3004" room="78" start="136" weeks="000000001000000000"/>
    <class days="0000001" id="3005" room="127" start="216" weeks="001000000000000000"/>
    <class days="0000001" id="3006" room="277" start="166" weeks="000000010000000000"/>
    <class days="0000001" id="3007" room="189" start="146" weeks="100000000000000000"/>
    <class days="0000001" id="3008" room="277" start="136" weeks="000000010000000000"/>
    <class days="0000001" id="3009" room="200" start="176" weeks="100000000000000000"/>
    <class days="0000001" id="3010" room="78" start="166" weeks="010000000000000000"/>
    <class days="0000001" id="3011" room="77" start="206" weeks="010000000000000000"/>
    <class days="0000001" id="3012" room="78" start="116" weeks="000000000001000000"/>
    <class days="0000001" id="3013" room="78" start="206" weeks="000000000100000000"/>
    <class days="0000001" id="3014" room="40" start="176" weeks="000001000000000000"/>
    <class days="0000001" id="3015" room="286" start="166" weeks="000001000000000000"/>
    <class days="0000001" id="3016" room="83" start="106" weeks="000000000000000100"/>
    <class days="0000001" id="3017" room="286" start="196" weeks="000000000100000000"/>
    <class days="0000001" id="3018" room="144" start="96" weeks="000000000001000000"/>
    <class days="0000001" id="3019" room="40" start="186" weeks="010000000000000000"/>
    <class days="0000001" id="3020" room="144" start="206" weeks="000000010000000000"/>
    <class days="0000001" id="3021" room="40" start="136" weeks="010000000000000000"/>
    <class days="0000001" id="3022" room="124" start="126" weeks="100000000000000000"/>
    <class days="0000001" id="3023" room="83" start="146" weeks="100000000000000000"/>
    <class days="0000001" id="3024" room="277" start="206" weeks="010000000000000000"/>
    <class days="0000001" id="3025" room="40" start="216" weeks="000000010000000000"/>
    <class days="0000001" id="3026" room="113" start="186" weeks="100000000000000000"/>
    <class days="0000001" id="3027" room="113" start="206" weeks="100000000000000000"/>
    <class days="0000001" id="3028" room="144" start="106" weeks="000000010000000000"/>
    <class days="0000001" id="3029" room="113" start="176" weeks="000000000001000000"/>
    <class days="0000001" id="3030" room="80" start="146" weeks="000100000000000000"/>
    <class days="0000001" id="3031" room="78" start="156" weeks="000000010000000000"/>
    <class days="0000001" id="3032" room="189" start="96" weeks="000010000000000000"/>
    <class days="0000001" id="3033" room="113" start="96" weeks="100000000000000000"/>
    <class days="0000001" id="3034" room="113" start="216" weeks="001000000000000000"/>
    <class days="0000001" id="3035" room="40" start="126" weeks="000000000000000010"/>
    <class days="0000001" id="3036" room="40" start="216" weeks="000000000000001000"/>
    <class days="0000001" id="3037" room="40" start="176" weeks="000000100000000000"/>
    <class days="0000001" id="3038" room="134" start="186" weeks="000000001000000000"/>
    <class days="0000001" id="3039" room="113" start="196" weeks="000000000010000000"/>
    <class days="0000001" id="3040" room="76" start="96" weeks="000000001000000000"/>
    <class days="0000001" id="3041" room="119" start="186" weeks="001000000000000000"/>
    <class days="0000001" id="3042" room="211" start="136" weeks="001000000000000000"/>
    <class days="0000001" id="3043" room="134" start="246" weeks="001000000000000000"/>
    <class days="0000001" id="3044" room="277" start="176" weeks="000000000000000010"/>
    <class days="0000001" id="3045" room="83" start="206" weeks="000000000000000010"/>
    <class days="0000001" id="3046" room="144" start="106" weeks="000000000000000010"/>
    <class days="0000001" id="3047" room="40" start="116" weeks="000000000010000000"/>
    <class days="0000001" id="3048" room="83" start="196" weeks="000000000010000000"/>
    <class days="0000001" id="3049" room="211" start="166" weeks="000000000010000000"/>
    <class days="0000001" id="3050" room="40" start="156" weeks="001000000000000000"/>
    <class days="0000001" id="3051" room="134" start="126" weeks="001000000000000000"/>
    <class days="0000001" id="3052" room="40" start="196" weeks="001000000000000000"/>
    <class days="0000001" id="3053" room="83" start="106" weeks="000000000000000010"/>
    <class days="0000001" id="3054" room="113" start="226" weeks="000000000000000010"/>
    <class days="0000001" id="3055" room="80" start="116" weeks="000000000000001000"/>
    <class days="0000001" id="3056" room="83" start="96" weeks="000000001000000000"/>
    <class days="0000001" id="3057" room="276" start="96" weeks="000000000000001000"/>
    <class days="0000001" id="3058" room="83" start="126" weeks="000000000010000000"/>
    <class days="0000001" id="3059" room="40" start="116" weeks="000000001000000000"/>
    <class days="0000001" id="3060" room="113" start="126" weeks="000010000000000000"/>
    <class days="0000001" id="3061" room="133" start="106" weeks="000000000010000000"/>
    <class days="0000001" id="3062" room="276" start="196" weeks="100000000000000000"/>
    <class days="0000001" id="3063" room="276" start="206" weeks="001000000000000000"/>
    <class days="0000001" id="3064" room="139" start="116" weeks="000000000010000000"/>
    <class days="0000001" id="3065" room="139" start="136" weeks="000000000010000000"/>
    <class days="0000001" id="3066" room="139" start="96" weeks="001000000000000000"/>
    <class days="0000001" id="3067" room="139" start="146" weeks="000000100000000000"/>
    <class days="0000001" id="3068" room="139" start="146" weeks="001000000000000000"/>
    <class days="0000001" id="3069" room="139" start="186" weeks="001000000000000000"/>
    <class days="0000001" id="3070" room="139" start="166" weeks="000000000000000010"/>
    <class days="0000001" id="3071" room="139" start="106" weeks="000000000000000010"/>
    <class days="0000001" id="3072" room="139" start="126" weeks="000000000000001000"/>
    <class days="0000001" id="3073" room="139" start="96" weeks="000000000000001000"/>
    <class days="0000001" id="3074" room="82" start="196" weeks="001000000000000000"/>
    <class days="0000001" id="3075" room="286" start="146" weeks="000000000000000010"/>
    <class days="0000001" id="3076" room="78" start="186" weeks="000000001000000000"/>
    <class days="0000001" id="3077" room="80" start="176" weeks="000000000000001000"/>
    <class days="0000001" id="3078" room="77" start="166" weeks="000000000010000000"/>
    <class days="0000001" id="3079" room="77" start="96" weeks="000000100000000000"/>
    <class days="0000001" id="3080" room="128" start="136" weeks="000000000000001000"/>
    <class days="0000001" id="3081" room="77" start="216" weeks="001000000000000000"/>
    <class days="0000001" id="3082" room="129" start="216" weeks="000000000000001000"/>
    <class days="0000001" id="3083" room="40" start="156" weeks="000000001000000000"/>
    <class days="0000001" id="3084" room="40" start="176" weeks="100000000000000000"/>
    <class days="0000001" id="3085" room="286" start="176" weeks="000010000000000000"/>
    <class days="0000001" id="3086" room="133" start="106" weeks="100000000000000000"/>
    <class days="0000001" id="3087" room="82" start="106" weeks="000000001000000000"/>
    <class days="0000001" id="3088" room="286" start="216" weeks="000000001000000000"/>
    <class days="0000001" id="3089" room="133" start="206" weeks="000000000010000000"/>
    <class days="0000001" id="3090" room="290" start="246" weeks="000010000010000000"/>
    <class days="0000001" id="3091" room="276" start="206" weeks="010000000000000000"/>
    <class days="0000001" id="3092" room="133" start="166" weeks="000000000000000100"/>
    <class days="0000001" id="3093" room="276" start="196" weeks="000001000000000000"/>
    <class days="0000001" id="3094" room="133" start="106" weeks="000000000100000000"/>
    <class days="0000001" id="3095" room="80" start="96" weeks="000100000000000000"/>
    <class days="0000001" id="3096" room="133" start="186" weeks="100000000000000000"/>
    <class days="0000001" id="3097" room="133" start="136" weeks="100000000000000000"/>
    <class days="0000001" id="3098" room="139" start="126" weeks="000100000000000000"/>
    <class days="0000001" id="3099" room="139" start="146" weeks="000100000000000000"/>
    <class days="0000001" id="3100" room="139" start="146" weeks="000000010000000000"/>
    <class days="0000001" id="3101" room="139" start="186" weeks="000000010000000000"/>
    <class days="0000001" id="3102" room="139" start="156" weeks="000001000000000000"/>
    <class days="0000001" id="3103" room="139" start="176" weeks="000001000000000000"/>
    <class days="0000001" id="3104" room="139" start="196" weeks="000000000100000000"/>
    <class days="0000001" id="3105" room="139" start="216" weeks="000000000100000000"/>
    <class days="0000001" id="3106" room="139" start="126" weeks="000000000001000000"/>
    <class days="0000001" id="3107" room="139" start="236" weeks="000000000001000000"/>
    <class days="0000001" id="3108" room="40" start="236" weeks="000100000000000000"/>
    <class days="0000001" id="3109" room="290" start="196" weeks="000000000001000000"/>
    <class days="0000001" id="3110" room="83" start="116" weeks="010000000000000000"/>
    <class days="0000001" id="3111" room="92" start="136" weeks="000010000000000000"/>
    <class days="0000001" id="3112" room="92" start="116" weeks="000000001000000000"/>
    <class days="0000001" id="3113" room="92" start="176" weeks="000000100000000000"/>
    <class days="0000001" id="3114" room="92" start="206" weeks="000000000000001000"/>
    <class days="0000001" id="3115" room="92" start="216" weeks="000000000010000000"/>
    <class days="0000001" id="3116" room="92" start="226" weeks="010000000000000000"/>
    <class days="0000001" id="3117" room="92" start="176" weeks="000100000000000000"/>
    <class days="0000001" id="3118" room="92" start="146" weeks="010000000000000000"/>
    <class days="0000001" id="3119" room="92" start="156" weeks="000001000000000000"/>
    <class days="0000001" id="3120" room="92" start="216" weeks="000000000001000000"/>
    <class days="0000001" id="3121" room="92" start="186" weeks="000000000100000000"/>
    <class days="0000001" id="3122" room="92" start="126" weeks="000000000100000000"/>
    <class days="0000001" id="3123" room="92" start="96" weeks="000100000000000000"/>
    <class days="0000001" id="3124" room="92" start="156" weeks="000000000000000100"/>
    <class days="0000001" id="3125" room="92" start="236" weeks="000001000000000000"/>
    <class days="0000001" id="3126" room="92" start="136" weeks="000000000001000000"/>
    <class days="0000001" id="3127" room="277" start="106" weeks="000010000010000000"/>
    <class days="0000001" id="3128" room="40" start="196" weeks="100000000000000000"/>
    <class days="0000001" id="3129" room="276" start="136" weeks="100000000000000000"/>
    <class days="0000001" id="3130" room="128" start="176" weeks="000000000010000000"/>
    <class days="0000001" id="3131" room="129" start="226" weeks="000010000000000000"/>
    <class days="0000001" id="3132" room="128" start="146" weeks="000000000000000010"/>
    <class days="0000001" id="3133" room="83" start="196" weeks="100000000000000000"/>
    <class days="0000001" id="3134" room="286" start="156" weeks="000000100000000000"/>
    <class days="0000001" id="3135" room="277" start="206" weeks="100000000000000000"/>
    <class days="0000001" id="3136" room="40" start="126" weeks="000000100000000000"/>
    <class days="0000001" id="3137" room="133" start="236" weeks="100000000000000000"/>
    <class days="0000001" id="3138" room="127" start="226" weeks="100000000000000000"/>
    <class days="0000001" id="3139" room="78" start="196" weeks="000010000000000000"/>
    <class days="0000001" id="3140" room="189" start="156" weeks="000000000000000010"/>
    <class days="0000001" id="3141" room="200" start="206" weeks="100000000000000000"/>
    <class days="0000001" id="3142" room="276" start="136" weeks="000000000000001000"/>
    <class days="0000001" id="3143" room="127" start="126" weeks="000010000000000000"/>
    <class days="0000001" id="3144" room="277" start="126" weeks="000000000000000010"/>
    <class days="0000001" id="3145" room="277" start="236" weeks="000010000000000000"/>
    <class days="0000001" id="3146" room="277" start="116" weeks="001000000000000000"/>
    <class days="0000001" id="3147" room="78" start="146" weeks="000000100000000000"/>
    <class days="0000001" id="3148" room="277" start="186" weeks="000000100000000000"/>
    <class days="0000001" id="3149" room="113" start="106" weeks="000000000000001000"/>
    <class days="0000001" id="3150" room="80" start="156" weeks="000000000000000010"/>
    <class days="0000001" id="3151" room="286" start="216" weeks="000000000000001000"/>
    <class days="0000001" id="3152" room="40" start="146" weeks="000000000010000000"/>
    <class days="0000001" id="3153" room="133" start="156" weeks="100000000000000000"/>
    <class days="0000001" id="3154" room="277" start="146" weeks="000000000010000000"/>
    <class days="0000001" id="3155" room="117" start="176" weeks="001000100000001000"/>
    <class days="0000001" id="3156" room="117" start="106" weeks="001000100000001000"/>
    <class days="0000001" id="3157" room="117" start="106" weeks="000010000010000000"/>
    <class days="0000001" id="3158" room="117" start="156" weeks="000010000010000000"/>
    <class days="0000001" id="3159" room="128" start="136" weeks="100000000000000000"/>
    <class days="0000001" id="3160" room="128" start="106" weeks="000000000000000010"/>
    <class days="0000001" id="3161" room="128" start="156" weeks="000000001000000000"/>
    <class days="0000001" id="3162" room="128" start="176" weeks="000000000000000010"/>
    <class days="0000001" id="3163" room="128" start="96" weeks="000010000010000000"/>
    <class days="0000001" id="3164" room="128" start="126" weeks="001000100000001000"/>
    <class days="0000001" id="3165" room="127" start="156" weeks="000001000000000000"/>
    <class days="0000001" id="3166" room="78" start="146" weeks="000000000001000000"/>
    <class days="0000001" id="3167" room="78" start="196" weeks="000000010000000000"/>
    <class days="0000001" id="3168" room="276" start="166" weeks="000000000000000100"/>
    <class days="0000001" id="3169" room="127" start="136" weeks="010000000000000000"/>
    <class days="0000001" id="3170" room="127" start="176" weeks="000100000000000000"/>
    <class days="0000001" id="3171" room="40" start="136" weeks="100000000000000000"/>
    <class days="0000001" id="3172" room="40" start="96" weeks="100000000000000000"/>
    <class days="0000001" id="3173" room="133" start="136" weeks="000000000100000000"/>
    <class days="0000001" id="3174" room="80" start="196" weeks="000000000100000000"/>
    <class days="0000001" id="3175" room="76" start="156" weeks="000000000001000000"/>
    <class days="0000001" id="3176" room="113" start="166" weeks="000000000000000100"/>
    <class days="0000001" id="3177" room="129" start="106" weeks="000001000000000000"/>
    <class days="0000001" id="3178" room="134" start="186" weeks="000000010000000000"/>
    <class days="0000001" id="3179" room="128" start="146" weeks="010000000000000000"/>
    <class days="0000001" id="3180" room="77" start="226" weeks="000100000000000000"/>
    <class days="0000001" id="3181" room="129" start="176" weeks="100000000000000000"/>
    <class days="0000001" id="3182" room="144" start="226" weeks="100000000000000000"/>
    <class days="0000001" id="3183" room="276" start="176" weeks="001000000000000000"/>
    <class days="0000001" id="3184" room="83" start="226" weeks="000000000000001000"/>
    <class days="0000001" id="3185" room="80" start="236" weeks="000000100000000000"/>
    <class days="0000001" id="3186" room="200" start="236" weeks="000000100000000000"/>
    <class days="0000001" id="3187" room="133" start="96" weeks="000000000000001000"/>
    <class days="0000001" id="3188" room="290" start="166" weeks="100000000000000000"/>
    <class days="0000001" id="3189" room="78" start="96" weeks="000000100000000000"/>
    <class days="0000001" id="3190" room="200" start="106" weeks="100000000000000000"/>
    <class days="0000001" id="3191" room="113" start="226" weeks="100000000000000000"/>
    <class days="0000001" id="3192" room="78" start="156" weeks="000010000000000000"/>
    <class days="0000001" id="3193" room="78" start="206" weeks="000000000010000000"/>
    <class days="0000001" id="3194" room="277" start="206" weeks="100000000000000000"/>
    <class days="0000001" id="3195" room="40" start="166" weeks="000010000000000000"/>
    <class days="0000001" id="3196" room="113" start="106" weeks="000000000000000010"/>
    <class days="0000001" id="3197" room="113" start="146" weeks="000000000010000000"/>
    <class days="0000001" id="3198" room="40" start="96" weeks="000001000000000000"/>
    <class days="0000001" id="3199" room="277" start="96" weeks="000000000100000000"/>
    <class days="0000001" id="3200" room="286" start="216" weeks="000000000001000000"/>
    <class days="0000001" id="3201" room="40" start="136" weeks="000000000000000100"/>
    <class days="0000001" id="3202" room="127" start="96" weeks="000100000000000000"/>
    <class days="0000001" id="3203" room="127" start="146" weeks="100000000000000000"/>
    <class days="0000001" id="3204" room="145" start="216" weeks="000100000000000000"/>
    <class days="0000001" id="3205" room="145" start="206" weeks="000100000000000000"/>
    <class days="0000001" id="3206" room="145" start="106" weeks="000000000001000000"/>
    <class days="0000001" id="3207" room="145" start="166" weeks="000000000001000000"/>
    <class days="0000001" id="3208" room="145" start="136" weeks="000000010000000000"/>
    <class days="0000001" id="3209" room="145" start="96" weeks="000000010000000000"/>
    <class days="0000001" id="3210" room="145" start="216" weeks="000000000000000100"/>
    <class days="0000001" id="3211" room="145" start="106" weeks="000000000000000100"/>
    <class days="0000001" id="3212" room="145" start="216" weeks="000000000100000000"/>
    <class days="0000001" id="3213" room="145" start="196" weeks="000000000100000000"/>
    <class days="0000001" id="3214" room="145" start="196" weeks="000001000000000000"/>
    <class days="0000001" id="3215" room="145" start="166" weeks="000001000000000000"/>
    <class days="0000001" id="3216" room="286" start="126" weeks="000100000000000000"/>
    <class days="0000001" id="3217" room="40" start="196" weeks="000000000000000100"/>
    <class days="0000001" id="3218" room="124" start="206" weeks="000001000000000000"/>
    <class days="0000001" id="3219" room="290" start="146" weeks="000000000001000000"/>
    <class days="0000001" id="3220" room="133" start="166" weeks="000000000100000000"/>
    <class days="0000001" id="3221" room="286" start="96" weeks="000010000000000000"/>
    <class days="0000001" id="3222" room="80" start="116" weeks="000000100000000000"/>
    <class days="0000001" id="3223" room="133" start="96" weeks="000000100000000000"/>
    <class days="0000001" id="3224" room="40" start="116" weeks="000010000000000000"/>
    <class days="0000001" id="3225" room="139" start="186" weeks="000000000000001000"/>
    <class days="0000001" id="3226" room="139" start="156" weeks="000000000000001000"/>
    <class days="0000001" id="3227" room="139" start="126" weeks="000000001000000000"/>
    <class days="0000001" id="3228" room="139" start="186" weeks="000000001000000000"/>
    <class days="0000001" id="3229" room="139" start="136" weeks="000000100000000000"/>
    <class days="0000001" id="3230" room="139" start="196" weeks="000000100000000000"/>
    <class days="0000001" id="3231" room="139" start="166" weeks="000010000010000000"/>
    <class days="0000001" id="3232" room="139" start="206" weeks="000010000010000000"/>
    <class days="0000001" id="3233" room="128" start="226" weeks="001000000000000000"/>
    <class days="0000001" id="3234" room="128" start="186" weeks="001000000000000000"/>
    <class days="0000001" id="3235" room="128" start="196" weeks="000000000000000010"/>
    <class days="0000001" id="3236" room="128" start="216" weeks="000000000000000010"/>
    <class days="0000001" id="3237" room="40" start="196" weeks="000000100000000000"/>
    <class days="0000001" id="3238" room="80" start="226" weeks="001000000000000000"/>
    <class days="0000001" id="3239" room="189" start="186" weeks="100000000000000000"/>
    <class days="0000001" id="3240" room="127" start="146" weeks="000000001000000000"/>
    <class days="0000001" id="3241" room="276" start="156" weeks="000000000010000000"/>
    <class days="0000001" id="3242" room="277" start="166" weeks="000000000000001000"/>
    <class days="0000001" id="3243" room="113" start="106" weeks="000000001000000000"/>
    <class days="0000001" id="3244" room="200" start="186" weeks="001000000000000000"/>
    <class days="0000001" id="3245" room="124" start="146" weeks="000000100000000000"/>
    <class days="0000001" id="3246" room="82" start="206" weeks="000000000000001000"/>
    <class days="0000001" id="3247" room="127" start="226" weeks="100000000000000000"/>
    <class days="0000001" id="3248" room="113" start="166" weeks="100000000000000000"/>
    <class days="0000001" id="3249" room="276" start="216" weeks="000000000000001000"/>
    <class days="0000001" id="3250" room="113" start="126" weeks="000000100000000000"/>
    <class days="0000001" id="3251" room="127" start="186" weeks="001000000000000000"/>
    <class days="0000001" id="3252" room="127" start="186" weeks="000000000000001000"/>
    <class days="0000001" id="3253" room="286" start="136" weeks="000000000010000000"/>
    <class days="0000001" id="3254" room="128" start="196" weeks="000000000000001000"/>
    <class days="0000001" id="3255" room="128" start="216" weeks="000000000010000000"/>
    <class days="0000001" id="3256" room="128" start="96" weeks="000000000000001000"/>
    <class days="0000001" id="3257" room="128" start="116" weeks="001000000000000000"/>
    <class days="0000001" id="3258" room="128" start="126" weeks="000000100000000000"/>
    <class days="0000001" id="3259" room="128" start="196" weeks="000010000000000000"/>
    <class days="0000001" id="3260" room="277" start="126" weeks="010000000000000000"/>
    <class days="0000001" id="3261" room="113" start="206" weeks="000100000000000000"/>
    <class days="0000001" id="3262" room="78" start="96" weeks="000100000000000000"/>
    <class days="0000001" id="3263" room="276" start="96" weeks="000000000001000000"/>
    <class days="0000001" id="3264" room="277" start="246" weeks="010000000000000000"/>
    <class days="0000001" id="3265" room="127" start="236" weeks="000000010000000000"/>
    <class days="0000001" id="3266" room="133" start="116" weeks="000000000000000100"/>
    <class days="0000001" id="3267" room="127" start="146" weeks="000000010000000000"/>
    <class days="0000001" id="3268" room="113" start="116" weeks="000000000001000000"/>
    <class days="0000001" id="3269" room="77" start="136" weeks="000100000000000000"/>
    <class days="0000001" id="3270" room="80" start="166" weeks="000100000000000000"/>
    <class days="0000001" id="3271" room="129" start="96" weeks="000100000000000000"/>
    <class days="0000001" id="3272" room="276" start="126" weeks="000100000000000000"/>
    <class days="0000001" id="3273" room="200" start="186" weeks="000000010000000000"/>
    <class days="0000001" id="3274" room="189" start="186" weeks="000000010000000000"/>
    <class days="0000001" id="3275" room="70" start="106" weeks="000000010000000000"/>
    <class days="0000001" id="3276" room="211" start="216" weeks="000000010000000000"/>
    <class days="0000001" id="3277" room="83" start="166" weeks="000000000001000000"/>
    <class days="0000001" id="3278" room="133" start="146" weeks="000000000001000000"/>
    <class days="0000001" id="3279" room="276" start="116" weeks="000000000100000000"/>
    <class days="0000001" id="3280" room="83" start="106" weeks="000000000001000000"/>
    <class days="0000001" id="3281" room="291" start="196" weeks="000001000000000000"/>
    <class days="0000001" id="3282" room="291" start="206" weeks="000000010000000000"/>
    <class days="0000001" id="3283" room="119" start="156" weeks="000000010000000000"/>
    <class days="0000001" id="3284" room="77" start="196" weeks="000000000100000000"/>
    <class days="0000001" id="3285" room="129" start="96" weeks="000000000001000000"/>
    <class days="0000001" id="3286" room="119" start="206" weeks="000000000000000100"/>
    <class days="0000001" id="3287" room="103" start="126" weeks="010000000000000000"/>
    <class days="0000001" id="3288" room="276" start="116" weeks="100000000000000000"/>
    <class days="0000001" id="3289" room="286" start="156" weeks="100000000000000000"/>
    <class days="0000001" id="3290" room="277" start="206" weeks="000010000000000000"/>
    <class days="0000001" id="3291" room="132" start="146" weeks="001000000000000000"/>
    <class days="0000001" id="3292" room="132" start="206" weeks="000000100000000000"/>
    <class days="0000001" id="3293" room="40" start="216" weeks="000000000010000000"/>
    <class days="0000001" id="3294" room="133" start="206" weeks="001000000000000000"/>
    <class days="0000001" id="3295" room="113" start="186" weeks="000000100000000000"/>
    <class days="0000001" id="3296" room="133" start="146" weeks="000000000000001000"/>
    <class days="0000001" id="3297" room="286" start="116" weeks="100000000000000000"/>
    <class days="0000001" id="3298" room="286" start="166" weeks="100000000000000000"/>
    <class days="0000001" id="3299" room="83" start="96" weeks="000010000000000000"/>
    <class days="0000001" id="3300" room="70" start="106" weeks="000000100000000000"/>
    <class days="0000001" id="3301" room="217" start="166" weeks="001000000000000000"/>
    <class days="0000001" id="3302" room="113" start="216" weeks="000000000000001000"/>
    <class days="0000001" id="3303" room="113" start="116" weeks="000000000010000000"/>
    <class days="0000001" id="3304" room="80" start="106" weeks="000001000000000000"/>
    <class days="0000001" id="3305" room="80" start="196" weeks="000100000000000000"/>
    <class days="0000001" id="3306" room="286" start="106" weeks="010000000000000000"/>
    <class days="0000001" id="3307" room="83" start="176" weeks="000001000000000000"/>
    <class days="0000001" id="3308" room="113" start="106" weeks="000000000100000000"/>
    <class days="0000001" id="3309" room="119" start="196" weeks="000001000000000000"/>
    <class days="0000001" id="3310" room="128" start="156" weeks="000000000100000000"/>
    <class days="0000001" id="3311" room="291" start="236" weeks="000001000000000000"/>
    <class days="0000001" id="3312" room="128" start="176" weeks="000100000000000000"/>
    <class days="0000001" id="3313" room="78" start="136" weeks="000100000000000000"/>
    <class days="0000001" id="3314" room="200" start="246" weeks="000000000100000000"/>
    <class days="0000001" id="3315" room="290" start="216" weeks="010000000000000000"/>
    <class days="0000001" id="3316" room="189" start="246" weeks="000000000001000000"/>
    <class days="0000001" id="3317" room="127" start="106" weeks="000000000100000000"/>
    <class days="0000001" id="3318" room="276" start="116" weeks="000000000001000000"/>
    <class days="0000001" id="3319" room="82" start="216" weeks="000000000000000100"/>
    <class days="0000001" id="3320" room="290" start="166" weeks="000100000000000000"/>
    <class days="0000001" id="3321" room="189" start="146" weeks="000001000000000000"/>
    <class days="0000001" id="3322" room="129" start="146" weeks="000000010000000000"/>
    <class days="0000001" id="3323" room="276" start="236" weeks="000001000000000000"/>
    <class days="0000001" id="3324" room="83" start="146" weeks="000000010000000000"/>
    <class days="0000001" id="3325" room="113" start="206" weeks="000000000100000000"/>
    <class days="0000001" id="3326" room="133" start="166" weeks="000000000001000000"/>
    <class days="0000001" id="3327" room="78" start="96" weeks="000000000000000100"/>
    <class days="0000001" id="3328" room="286" start="216" weeks="000100000000000000"/>
    <class days="0000001" id="3329" room="113" start="196" weeks="010000000000000000"/>
    <class days="0000001" id="3330" room="83" start="176" weeks="000000000000000100"/>
    <class days="0000001" id="3331" room="277" start="196" weeks="000000010000000000"/>
    <class days="0000001" id="3332" room="133" start="126" weeks="000000010000000000"/>
    <class days="0000001" id="3333" room="78" start="176" weeks="100000000000000000"/>
    <class days="0000001" id="3334" room="277" start="106" weeks="000010000000000000"/>
    <class days="0000001" id="3335" room="113" start="226" weeks="100000000000000000"/>
    <class days="0000001" id="3336" room="287" start="206" weeks="000000000010000000"/>
    <class days="0000001" id="3337" room="287" start="156" weeks="000000000010000000"/>
    <class days="0000001" id="3338" room="287" start="206" weeks="000000100000000000"/>
    <class days="0000001" id="3339" room="287" start="146" weeks="000000100000000000"/>
    <class days="0000001" id="3340" room="287" start="216" weeks="000010000000000000"/>
    <class days="0000001" id="3341" room="287" start="186" weeks="000010000000000000"/>
    <class days="0000001" id="3342" room="77" start="186" weeks="000010000000000000"/>
    <class days="0000001" id="3343" room="77" start="106" weeks="000000000010000000"/>
    <class days="0000001" id="3344" room="77" start="136" weeks="000010000000000000"/>
    <class days="0000001" id="3345" room="291" start="126" weeks="000000000010000000"/>
    <class days="0000001" id="3346" room="127" start="196" weeks="000000000010000000"/>
    <class days="0000001" id="3347" room="127" start="226" weeks="000000000000001000"/>
    <class days="0000001" id="3348" room="277" start="126" weeks="100000000000000000"/>
    <class days="0000001" id="3349" room="78" start="146" weeks="001000000000000000"/>
    <class days="0000001" id="3350" room="77" start="186" weeks="000000000000001000"/>
    <class days="0000001" id="3351" room="291" start="156" weeks="100000000000000000"/>
    <class days="0000001" id="3352" room="129" start="216" weeks="000000000010000000"/>
    <class days="0000001" id="3353" room="119" start="106" weeks="001000000000000000"/>
    <class days="0000001" id="3354" room="133" start="206" weeks="100000000000000000"/>
    <class days="0000001" id="3355" room="80" start="176" weeks="000010000000000000"/>
    <class days="0000001" id="3356" room="277" start="146" weeks="100000000000000000"/>
    <class days="0000001" id="3357" room="277" start="136" weeks="000000000000001000"/>
    <class days="0000001" id="3358" room="133" start="116" weeks="000010000000000000"/>
    <class days="0000001" id="3359" room="189" start="236" weeks="000000000000001000"/>
    <class days="0000001" id="3360" room="82" start="116" weeks="000000100000000000"/>
    <class days="0000001" id="3361" room="276" start="106" weeks="010000000000000000"/>
    <class days="0000001" id="3362" room="133" start="166" weeks="000100000000000000"/>
    <class days="0000001" id="3363" room="113" start="136" weeks="000000000100000000"/>
    <class days="0000001" id="3364" room="78" start="126" weeks="000000000000000100"/>
    <class days="0000001" id="3365" room="124" start="196" weeks="000100000000000000"/>
    <class days="0000001" id="3366" room="189" start="126" weeks="000000010000000000"/>
    <class days="0000001" id="3367" room="189" start="166" weeks="000000000100000000"/>
    <class days="0000001" id="3368" room="78" start="116" weeks="000000000000000010"/>
    <class days="0000001" id="3369" room="78" start="136" weeks="000000000000000010"/>
    <class days="0000001" id="3370" room="78" start="116" weeks="000000001000000000"/>
    <class days="0000001" id="3371" room="78" start="116" weeks="000000000000001000"/>
    <class days="0000001" id="3372" room="129" start="156" weeks="000000000000001000"/>
    <class days="0000001" id="3373" room="129" start="136" weeks="000000000000001000"/>
    <class days="0000001" id="3374" room="129" start="136" weeks="000000000000001000"/>
    <class days="0000001" id="3375" room="129" start="136" weeks="000000001000000000"/>
    <class days="0000001" id="3376" room="129" start="156" weeks="000000001000000000"/>
    <class days="0000001" id="3377" room="129" start="176" weeks="000000001000000000"/>
    <class days="0000001" id="3378" room="78" start="116" weeks="000000100000000000"/>
    <class days="0000001" id="3379" room="129" start="136" weeks="000000100000000000"/>
    <class days="0000001" id="3380" room="129" start="156" weeks="000000100000000000"/>
    <class days="0000001" id="3381" room="129" start="176" weeks="000000100000000000"/>
    <class days="0000001" id="3382" room="78" start="116" weeks="001000000000000000"/>
    <class days="0000001" id="3383" room="129" start="176" weeks="001000000000000000"/>
    <class days="0000001" id="3384" room="129" start="156" weeks="001000000000000000"/>
    <class days="0000001" id="3385" room="129" start="176" weeks="001000000000000000"/>
    <class days="0000001" id="3386" room="128" start="156" weeks="000000001000000000"/>
    <class days="0000001" id="3387" room="128" start="136" weeks="000000001000000000"/>
    <class days="0000001" id="3388" room="128" start="176" weeks="000000001000000000"/>
    <class days="0000001" id="3389" room="83" start="136" weeks="001000000000000000"/>
    <class days="0000001" id="3390" room="83" start="156" weeks="001000000000000000"/>
    <class days="0000001" id="3391" room="83" start="176" weeks="001000000000000000"/>
    <class days="0000001" id="3392" room="83" start="176" weeks="000000000000001000"/>
    <class days="0000001" id="3393" room="83" start="136" weeks="000000000000001000"/>
    <class days="0000001" id="3394" room="83" start="156" weeks="000000000000001000"/>
    <class days="0000001" id="3395" room="128" start="156" weeks="001000000000000000"/>
    <class days="0000001" id="3396" room="128" start="156" weeks="001000000000000000"/>
    <class days="0000001" id="3397" room="128" start="156" weeks="001000000000000000"/>
    <class days="0000001" id="3398" room="128" start="156" weeks="000000100000000000"/>
    <class days="0000001" id="3399" room="128" start="156" weeks="000000100000000000"/>
    <class days="0000001" id="3400" room="128" start="176" weeks="000000100000000000"/>
    <class days="0000001" id="3401" room="119" start="186" weeks="000000010000000000"/>
    <class days="0010000" id="3402" room="91" start="116" weeks="011110111111000000"/>
    <class days="1000000" id="3403" room="91" start="206" weeks="011111111110000000"/>
    <class days="0100000" id="3404" room="267" start="156" weeks="011111111110000000"/>
    <class days="0010000" id="3405" room="270" start="116" weeks="011110111111000000"/>
    <class days="1000000" id="3406" room="8" start="108" weeks="011111111111100111"/>
    <class days="0000100" id="3407" room="273" start="106" weeks="011111111111001111"/>
    <class days="0010000" id="3408" room="265" start="106" weeks="010100101010100101"/>
    <class days="0100000" id="3409" room="114" start="96" weeks="001010101010100010"/>
    <class days="1000000" id="3410" room="271" start="186" weeks="011111111111000000"/>
    <class days="0100000" id="3411" room="93" start="206" weeks="001010101010100010"/>
    <class days="0100000" id="3412" room="93" start="116" weeks="010101010101000101"/>
    <class days="0010000" id="3413" room="93" start="136" weeks="010100101010100101"/>
    <class days="1000000" id="3414" room="93" start="136" weeks="001010101010100010"/>
    <class days="0001000" id="3415" room="93" start="116" weeks="001010010101001010"/>
    <class days="0100000" id="3416" room="121" start="146" weeks="011111111111000000"/>
    <class days="1000000" id="3417" room="228" start="166" weeks="001010101010100010"/>
    <class days="1000000" id="3418" room="228" start="206" weeks="010101010101000101"/>
    <class days="0000100" id="3419" room="292" start="136" weeks="001010101010001010"/>
    <class days="0000100" id="3420" room="292" start="116" weeks="001010101010001010"/>
    <class days="0000100" id="3421" room="213" start="146" weeks="010101010101000101"/>
    <class days="0010000" id="3422" room="121" start="136" weeks="011110111111100000"/>
    <class days="1000000" id="3423" room="72" start="176" weeks="010101010101000101"/>
    <class days="0001000" id="3424" room="151" start="156" weeks="001010010101001010"/>
    <class days="1000000" id="3425" room="192" start="126" weeks="001010101010100010"/>
    <class days="0010000" id="3426" room="88" start="226" weeks="001010010101001010"/>
    <class days="0100000" id="3427" room="94" start="106" weeks="010101010101000101"/>
    <class days="0010000" id="3428" room="271" start="156" weeks="011110111111100000"/>
    <class days="1000000" id="3429" room="93" start="96" weeks="010101010101000101"/>
    <class days="1000000" id="3430" room="93" start="136" weeks="010101010101000101"/>
    <class days="0100000" id="3431" room="93" start="116" weeks="001010101010100010"/>
    <class days="0100000" id="3432" room="93" start="156" weeks="010101010101000101"/>
    <class days="0001000" id="3433" room="93" start="156" weeks="010100101010100101"/>
    <class days="0001000" id="3434" room="278" start="176" weeks="011110111111101111"/>
    <class days="0100000" id="3435" room="278" start="176" weeks="011111111111100111"/>
    <class days="0010000" id="3436" room="278" start="186" weeks="011110111111101111"/>
    <class days="0001000" id="3437" room="278" start="196" weeks="011110111111101111"/>
    <class days="0100000" id="3438" room="8" start="206" weeks="011111111111100111"/>
    <class days="1000000" id="3439" room="259" start="136" weeks="011111111111100111"/>
    <class days="0010000" id="3440" room="259" start="206" weeks="011110111111101111"/>
    <class days="0100000" id="3441" room="72" start="106" weeks="011111110000000000"/>
    <class days="1000000" id="3442" room="278" start="186" weeks="011111111111100111"/>
    <class days="0000100" id="3443" room="278" start="166" weeks="011111111111001111"/>
    <class days="0000100" id="3444" room="8" start="96" weeks="001010101010001010"/>
    <class days="0100000" id="3445" room="274" start="246" weeks="001010101010100010"/>
    <class days="1000000" id="3446" room="269" start="246" weeks="001010101010100010"/>
    <class days="0010000" id="3447" room="121" start="116" weeks="011110111111101111"/>
    <class days="0100000" id="3448" room="273" start="146" weeks="001010101010100010"/>
    <class days="0001000" id="3449" room="186" start="136" weeks="001010010101001010"/>
    <class days="0100000" id="3450" room="279" start="108" weeks="011111111111000000"/>
    <class days="1000000" id="3451" room="224" start="219" weeks="001010101010100010"/>
    <class days="0010000" id="3452" room="280" start="192" weeks="010100101010100101"/>
    <class days="1000000" id="3453" room="85" start="237" weeks="010101010101000101"/>
    <class days="0100000" id="3454" room="274" start="162" weeks="010101010101000101"/>
    <class days="1000000" id="3455" start="171" weeks="001010101010100010"/>
    <class days="0010000" id="3456" room="279" start="106" weeks="011110111000000000"/>
    <class days="0010000" id="3457" room="281" start="144" weeks="011110111000000000"/>
    <class days="1000000" id="3458" room="281" start="207" weeks="011111110000000000"/>
    <class days="0010000" id="3459" room="72" start="116" weeks="011110111111000000"/>
    <class days="1000000" id="3460" room="143" start="166" weeks="011111111110000000"/>
    <class days="1000000" id="3461" room="88" start="226" weeks="011111111110000000"/>
    <class days="1000000" id="3462" start="132" weeks="011111111111100111"/>
    <class days="0010000" id="3463" start="168" weeks="011110111111101111"/>
    <class days="1000000" id="3464" start="132" weeks="011111111111100111"/>
    <class days="0010000" id="3465" start="168" weeks="011110111111101111"/>
    <class days="0000100" id="3466" room="271" start="186" weeks="011111111111001111"/>
    <class days="0001000" id="3467" room="279" start="93" weeks="011110111111101111"/>
    <class days="0000100" id="3468" room="82" start="96" weeks="011111111111001111"/>
    <class days="0010000" id="3469" room="269" start="176" weeks="011110111111101111"/>
    <class days="1000000" id="3470" room="93" start="156" weeks="011111111111100111"/>
    <class days="0100000" id="3471" room="93" start="136" weeks="011111111111100111"/>
    <class days="0100000" id="3472" room="121" start="236" weeks="010101010101000101"/>
    <class days="0100000" id="3473" room="273" start="146" weeks="010101010101000101"/>
    <class days="0100000" id="3474" room="273" start="116" weeks="001010101010100010"/>
    <class days="0001000" id="3475" room="118" start="246" weeks="001010010101001010"/>
    <class days="0001000" id="3476" room="118" start="126" weeks="010100101010100101"/>
    <class days="1000000" id="3477" room="118" start="166" weeks="001010101010100010"/>
    <class days="1000000" id="3478" room="118" start="246" weeks="010101010101000101"/>
    <class days="0001000" id="3479" room="269" start="147" weeks="011110111111101111"/>
    <class days="0100000" id="3480" room="274" start="219" weeks="001010101010100010"/>
    <class days="0001000" id="3481" room="279" start="240" weeks="001010010101001010"/>
    <class days="0000100" id="3482" room="224" start="159" weeks="001010101010001010"/>
    <class days="1000000" id="3483" room="280" start="111" weeks="010101010101000101"/>
    <class days="0100000" id="3484" room="85" start="228" weeks="001010101010100010"/>
    <class days="0100000" id="3485" room="136" start="111" weeks="010101010101000101"/>
    <class days="0000100" id="3486" room="271" start="136" weeks="001010101010001010"/>
    <class days="0001000" id="3487" room="264" start="166" weeks="001010010101001010"/>
    <class days="1000000" id="3488" room="264" start="106" weeks="001010101010100010"/>
    <class days="0000100" id="3489" room="8" start="183" weeks="010101010101000101"/>
    <class days="0001000" id="3490" room="279" start="165" weeks="001010010101001010"/>
    <class days="0001000" id="3491" room="224" start="105" weeks="010100101010100101"/>
    <class days="0100000" id="3492" room="177" start="222" weeks="011111110000000000"/>
    <class days="0100000" id="3493" room="281" start="207" weeks="001010101010100010"/>
    <class days="0010000" id="3494" room="281" start="111" weeks="010100101010100101"/>
    <class days="0100000" id="3495" room="281" start="132" weeks="001010101010100010"/>
    <class days="0100000" id="3496" room="177" start="146" weeks="011111111111000000"/>
    <class days="0100000" id="3497" room="270" start="116" weeks="010101010101000101"/>
    <class days="0001000" id="3498" room="279" start="216" weeks="001010010101001010"/>
    <class days="0000100" id="3499" room="292" start="196" weeks="001010101010001010"/>
    <class days="0000100" id="3500" room="292" start="186" weeks="010101010101000101"/>
    <class days="0000100" id="3501" room="292" start="126" weeks="010101010101000101"/>
    <class days="0001000" id="3502" room="292" start="166" weeks="011110111111000000"/>
    <class days="0001000" id="3503" room="213" start="196" weeks="011110111111000000"/>
    <class days="0001000" id="3504" room="292" start="226" weeks="011110111111000000"/>
    <class days="1000000" id="3505" room="177" start="207" weeks="011111111111100111"/>
    <class days="0000100" id="3506" room="284" start="210" weeks="001010101010001010"/>
    <class days="0010000" id="3507" room="284" start="117" weeks="001010010101001010"/>
    <class days="0100000" id="3508" start="226" weeks="011111111111100111"/>
    <class days="1000000" id="3509" room="177" start="136" weeks="011111111111100111"/>
    <class days="0010000" id="3510" room="273" start="186" weeks="001010010101001010"/>
    <class days="0010000" id="3511" room="273" start="166" weeks="010100101010100101"/>
    <class days="1000000" id="3512" room="171" start="196" weeks="001010101010100010"/>
    <class days="1000000" id="3513" room="171" start="166" weeks="001010101010100010"/>
    <class days="0010000" id="3514" room="171" start="186" weeks="010100101010100101"/>
    <class days="0100000" id="3515" room="171" start="216" weeks="001010101010100010"/>
    <class days="0100000" id="3516" room="91" start="146" weeks="001010101010100010"/>
    <class days="0001000" id="3517" room="273" start="156" weeks="011110111111101111"/>
    <class days="0001000" id="3518" room="273" start="116" weeks="011110111111101111"/>
    <class days="0001000" id="3519" room="273" start="176" weeks="011110111111101111"/>
    <class days="1000000" id="3520" room="273" start="106" weeks="011111111110000000"/>
    <class days="0010000" id="3521" room="273" start="146" weeks="011110111111000000"/>
    <class days="0100000" id="3522" room="91" start="196" weeks="001010101010100010"/>
    <class days="0010000" id="3523" room="88" start="176" weeks="010100101010100101"/>
    <class days="0010000" id="3524" room="88" start="166" weeks="001010010101001010"/>
    <class days="0000100" id="3525" room="292" start="186" weeks="010101010101000101"/>
    <class days="0000100" id="3526" room="213" start="216" weeks="001010101010001010"/>
    <class days="0000100" id="3527" room="213" start="126" weeks="010101010101000101"/>
    <class days="0000100" id="3528" room="114" start="156" weeks="001010101010001010"/>
    <class days="0001000" id="3529" room="88" start="146" weeks="011110111111101111"/>
    <class days="0010000" id="3530" room="278" start="96" weeks="011110111111101111"/>
    <class days="0010000" id="3531" start="150" weeks="011110111111101111"/>
    <class days="0010000" id="3532" start="150" weeks="011110111111101111"/>
    <class days="0010000" id="3533" start="150" weeks="011110111111101111"/>
    <class days="0010000" id="3534" start="150" weeks="011110111111101111"/>
    <class days="0001000" id="3535" room="265" start="166" weeks="001010010101001010"/>
    <class days="0100000" id="3536" room="265" start="126" weeks="011111111111000000"/>
    <class days="0100000" id="3537" room="259" start="136" weeks="011111111111100111"/>
    <class days="0100000" id="3538" room="279" start="126" weeks="001010101010100010"/>
    <class days="0010000" id="3539" room="93" start="196" weeks="001010010101001010"/>
    <class days="0001000" id="3540" room="93" start="196" weeks="011110111111101111"/>
    <class days="0010000" id="3541" start="96" weeks="011110111111101111"/>
    <class days="1000000" id="3542" room="269" start="166" weeks="011111111111100111"/>
    <class days="0001000" id="3543" room="93" start="126" weeks="001010010101001010"/>
    <class days="0010000" id="3544" room="93" start="136" weeks="010100101010100101"/>
    <class days="0100000" id="3545" room="265" start="106" weeks="011111111111100111"/>
    <class days="0000100" id="3546" room="292" start="226" weeks="001010101010001010"/>
    <class days="0010000" id="3547" room="143" start="106" weeks="001010010101001010"/>
    <class days="1000000" id="3548" room="285" start="196" weeks="001010101010100010"/>
    <class days="0010000" id="3549" room="192" start="126" weeks="011110111111101111"/>
    <class days="1000000" id="3550" room="253" start="126" weeks="001010101010100010"/>
    <class days="1000000" id="3551" room="263" start="106" weeks="001010101010100010"/>
    <class days="0000100" id="3552" room="214" start="96" weeks="011111111111001111"/>
    <class days="0100000" id="3553" room="88" start="166" weeks="011111111111100111"/>
    <class days="0010000" id="3554" room="88" start="146" weeks="011110111111101111"/>
    <class days="0010000" id="3555" room="88" start="126" weeks="011110111111101111"/>
    <class days="0100000" id="3556" start="106" weeks="011111111111100111"/>
    <class days="0010000" id="3557" room="91" start="146" weeks="010100101010100101"/>
    <class days="0000100" id="3558" room="91" start="116" weeks="001010101010001010"/>
    <class days="0001000" id="3559" room="90" start="222" weeks="001010010101001010"/>
    <class days="1000000" id="3560" room="123" start="216" weeks="011111111111100111"/>
    <class days="1000000" id="3561" room="265" start="246" weeks="011111111111100111"/>
    <class days="0010000" id="3562" room="161" start="106" weeks="011110111111000000"/>
    <class days="0001000" id="3563" room="163" start="236" weeks="011110111111000000"/>
    <class days="0010000" id="3564" room="91" start="176" weeks="011110111111101111"/>
    <class days="0100000" id="3565" room="259" start="176" weeks="011111111111100111"/>
    <class days="0001000" id="3566" room="259" start="156" weeks="011110111111101111"/>
    <class days="0100000" id="3567" room="259" start="196" weeks="011111111111100111"/>
    <class days="1000000" id="3568" room="91" start="156" weeks="011111111111100111"/>
    <class days="0100000" id="3569" room="253" start="126" weeks="011111111111100111"/>
    <class days="0010000" id="3570" room="263" start="96" weeks="011110111111101111"/>
    <class days="0000100" id="3571" room="91" start="166" weeks="011111111111001111"/>
    <class days="1000000" id="3572" room="267" start="246" weeks="011111111110000000"/>
    <class days="0010000" id="3573" room="278" start="186" weeks="011110111111000000"/>
    <class days="0000100" id="3574" room="85" start="136" weeks="011111111110000000"/>
    <class days="0010000" id="3575" room="85" start="106" weeks="011110111111000000"/>
    <class days="1000000" id="3576" room="85" start="216" weeks="011111111110000000"/>
    <class days="1000000" id="3577" start="132" weeks="011111111111100111"/>
    <class days="0010000" id="3578" start="168" weeks="011110111111101111"/>
    <class days="1000000" id="3579" start="132" weeks="011111111111100111"/>
    <class days="0010000" id="3580" start="168" weeks="011110111111101111"/>
    <class days="0001000" id="3581" room="264" start="146" weeks="011110111111101111"/>
    <class days="0100000" id="3582" room="90" start="116" weeks="011111111111100111"/>
    <class days="1000000" id="3583" room="270" start="246" weeks="011111111111100111"/>
    <class days="0000100" id="3584" room="72" start="135" weeks="011111111111001111"/>
    <class days="0000100" id="3585" room="262" start="207" weeks="011111111111001111"/>
    <class days="0010000" id="3586" room="305" start="228" weeks="011110111111101111"/>
    <class days="1000000" id="3587" room="211" start="192" weeks="011111111111100111"/>
    <class days="1000000" id="3588" room="72" start="96" weeks="011111111111100111"/>
    <class days="0010000" id="3589" room="253" start="196" weeks="011110111111000000"/>
    <class days="0100000" id="3590" room="72" start="186" weeks="011111111110000000"/>
    <class days="1000000" id="3591" room="267" start="176" weeks="011111111111100111"/>
    <class days="0010000" id="3592" room="85" start="176" weeks="010100101010100101"/>
    <class days="0010000" id="3593" room="85" start="216" weeks="010100101010100101"/>
    <class days="0001000" id="3594" room="8" start="186" weeks="011110111111000000"/>
    <class days="0100000" id="3595" room="261" start="196" weeks="011111111110000000"/>
    <class days="0010000" id="3596" room="261" start="196" weeks="011110111111000000"/>
    <class days="0010000" id="3597" room="267" start="186" weeks="011110111111101111"/>
    <class days="0100000" id="3598" room="85" start="186" weeks="011111111111100111"/>
    <class days="1000000" id="3599" room="94" start="126" weeks="011111111111100111"/>
    <class days="0001000" id="3600" room="114" start="96" weeks="011110111111000000"/>
    <class days="0100000" id="3601" room="151" start="136" weeks="011111111111100111"/>
    <class days="0001000" id="3602" room="278" start="146" weeks="011110111111101111"/>
    <class days="1000000" id="3603" room="278" start="126" weeks="011111111111100111"/>
    <class days="0000100" id="3604" room="72" start="166" weeks="011111111111001111"/>
    <class days="1000000" id="3605" room="161" start="126" weeks="011111111111100111"/>
    <class days="0100000" id="3606" room="269" start="136" weeks="011111111111100111"/>
    <class days="0100000" id="3607" room="177" start="106" weeks="011111111110000000"/>
    <class days="1000000" id="3608" room="265" start="116" weeks="011111111110000000"/>
    <class days="0010000" id="3609" room="278" start="116" weeks="011110111111000000"/>
    <class days="0100000" id="3610" room="278" start="136" weeks="011111111110000000"/>
    <class days="0100000" id="3611" room="186" start="146" weeks="011111111110000000"/>
    <class days="1000000" id="3612" room="91" start="116" weeks="011111111110000000"/>
    <class days="1000000" id="3613" room="259" start="106" weeks="011111111111100111"/>
    <class days="0001000" id="3614" room="270" start="156" weeks="011110111111101111"/>
    <class days="1000000" id="3615" room="143" start="146" weeks="011111111111100111"/>
    <class days="0010000" id="3616" room="94" start="156" weeks="011110111111101111"/>
    <class days="0000100" id="3617" room="88" start="136" weeks="011111111111001111"/>
    <class days="0001000" id="3618" room="94" start="186" weeks="011110111111101111"/>
    <class days="0001000" id="3619" room="278" start="116" weeks="011110111111101111"/>
    <class days="0000100" id="3620" room="265" start="216" weeks="011111111110000000"/>
    <class days="1000000" id="3621" start="166" weeks="011111111111100111"/>
    <class days="0010000" id="3622" room="280" start="226" weeks="011110111111101111"/>
    <class days="0000100" id="3623" room="85" start="96" weeks="011111111111001111"/>
    <class days="0010000" id="3624" room="85" start="126" weeks="011110111111101111"/>
    <class days="1000000" id="3625" room="85" start="176" weeks="011111111111100111"/>
    <class days="0001000" id="3626" room="85" start="196" weeks="011110111111101111"/>
    <class days="1000000" id="3627" room="88" start="156" weeks="011111111111100111"/>
    <class days="0100000" id="3628" room="85" start="156" weeks="011111111111100111"/>
    <class days="0100000" id="3629" start="123" weeks="011111111111100111"/>
    <class days="1000000" id="3630" room="262" start="234" weeks="011111111111100111"/>
    <class days="0010000" id="3631" room="94" start="206" weeks="011110111111000000"/>
    <class days="0100000" id="3632" room="72" start="126" weeks="011111111111100111"/>
    <class days="0100000" id="3633" room="267" start="96" weeks="010101010101000101"/>
    <class days="0001000" id="3634" room="90" start="106" weeks="011110111111101111"/>
    <class days="0000100" id="3635" room="264" start="116" weeks="011111111111001111"/>
    <class days="0001000" id="3636" room="278" start="126" weeks="011110111111101111"/>
    <class days="0100000" id="3637" room="278" start="106" weeks="011111111111100111"/>
    <class days="0100000" id="3638" room="177" start="186" weeks="011111111111100111"/>
    <class days="0000100" id="3639" room="280" start="96" weeks="011111111111001111"/>
    <class days="0100000" id="3640" room="280" start="96" weeks="011111111111100111"/>
    <class days="0010000" id="3641" start="96" weeks="011110111111101111"/>
    <class days="0000100" id="3642" room="91" start="96" weeks="011111111111001111"/>
    <class days="1000000" id="3643" room="270" start="146" weeks="010101010101000101"/>
    <class days="1000000" id="3644" room="274" start="166" weeks="001010101010100010"/>
    <class days="0001000" id="3645" room="85" start="116" weeks="011110111111101111"/>
    <class days="1000000" id="3646" room="85" start="126" weeks="011111111111100111"/>
    <class days="0010000" id="3647" room="8" start="126" weeks="011110111111000000"/>
    <class days="0010000" id="3648" room="177" start="93" weeks="001010010101001010"/>
    <class days="0100000" id="3649" room="8" start="96" weeks="011111111111100111"/>
    <class days="0010000" id="3650" room="102" start="236" weeks="011110111111101111"/>
    <class days="1000000" id="3651" room="102" start="216" weeks="011111111111100111"/>
    <class days="0001000" id="3652" room="102" start="136" weeks="011110111111101111"/>
    <class days="1000000" id="3653" room="102" start="156" weeks="011111111111100111"/>
    <class days="0100000" id="3654" room="102" start="176" weeks="011111111111100111"/>
    <class days="0001000" id="3655" room="102" start="126" weeks="011110111111101111"/>
    <class days="0000100" id="3656" room="102" start="216" weeks="011111111111001111"/>
    <class days="0001000" id="3657" room="102" start="236" weeks="011110111111101111"/>
    <class days="0010000" id="3658" room="90" start="144" weeks="011110111111101111"/>
    <class days="0100000" id="3659" room="284" start="228" weeks="010101010101000101"/>
    <class days="0010000" id="3660" start="219" weeks="011110111111101111"/>
    <class days="1000000" id="3661" room="284" start="99" weeks="001010101010100010"/>
    <class days="0001000" id="3662" room="284" start="204" weeks="001010010101001010"/>
    <class days="0010000" id="3663" start="147" weeks="011110111111101111"/>
    <class days="0010000" id="3664" room="284" start="192" weeks="010100101010100101"/>
    <class days="0010000" id="3665" start="183" weeks="001010010101001010"/>
    <class days="0001000" id="3666" room="72" start="106" weeks="011110111111000000"/>
    <class days="0100000" id="3667" room="161" start="186" weeks="011111111110000000"/>
    <class days="0000100" id="3668" room="273" start="246" weeks="011111111110000000"/>
    <class days="0100000" id="3669" room="261" start="146" weeks="011111111110000000"/>
    <class days="0001000" id="3670" room="263" start="126" weeks="011110111111000000"/>
    <class days="0100000" id="3671" room="264" start="166" weeks="011111111110000000"/>
    <class days="0100000" id="3672" room="253" start="166" weeks="011111111110000000"/>
    <class days="0001000" id="3673" room="270" start="246" weeks="010100101010100101"/>
    <class days="0100000" id="3674" room="8" start="216" weeks="011111111111100111"/>
    <class days="0010000" id="3675" room="269" start="176" weeks="011110111111101111"/>
    <class days="0000100" id="3676" room="91" start="136" weeks="011111111111001111"/>
    <class days="0010000" id="3677" start="166" weeks="011110111111101111"/>
    <class days="0100000" id="3678" room="91" start="156" weeks="011111111111100111"/>
    <class days="0000100" id="3679" room="263" start="116" weeks="011111111111001111"/>
    <class days="0010000" id="3680" start="156" weeks="011110111111101111"/>
    <class days="0001000" id="3681" room="90" start="116" weeks="011110111111101111"/>
    <class days="0000100" id="3682" room="269" start="146" weeks="011111111111001111"/>
    <class days="0000100" id="3683" room="8" start="146" weeks="011111111110000000"/>
    <class days="0100000" id="3684" room="8" start="196" weeks="011111111110000000"/>
    <class days="0000100" id="3685" room="177" start="153" weeks="001010101010001010"/>
    <class days="0000100" id="3686" room="284" start="138" weeks="010101010101000101"/>
    <class days="0100000" id="3687" room="72" start="156" weeks="010101010101000101"/>
    <class days="0010000" id="3688" room="72" start="198" weeks="001010010101001010"/>
    <class days="0001000" id="3689" room="123" start="96" weeks="010100101010100101"/>
    <class days="0000100" id="3690" room="8" start="243" weeks="010101010101000101"/>
    <class days="1000000" id="3691" room="269" start="129" weeks="010101010101000101"/>
    <class days="0100000" id="3692" room="138" start="147" weeks="001010101010100010"/>
    <class days="0001000" id="3693" room="262" start="177" weeks="010100101010100101"/>
    <class days="0010000" id="3694" room="121" start="226" weeks="011110111111101111"/>
    <class days="0000100" id="3695" room="265" start="176" weeks="011111111111001111"/>
    <class days="0010000" id="3696" room="265" start="136" weeks="011110111111101111"/>
    <class days="0100000" id="3697" room="265" start="196" weeks="011111111111100111"/>
    <class days="0000100" id="3698" room="121" start="186" weeks="011111111111001111"/>
    <class days="0001000" id="3699" room="267" start="236" weeks="001010010101001010"/>
    <class days="0001000" id="3700" room="264" start="106" weeks="010100101010100101"/>
    <class days="0010000" id="3701" room="8" start="236" weeks="010100101010100101"/>
    <class days="1000000" id="3702" room="271" start="226" weeks="011111111111100111"/>
    <class days="1000000" id="3703" room="259" start="186" weeks="011111111111100111"/>
    <class days="0010000" id="3704" room="259" start="176" weeks="011110111111101111"/>
    <class days="0010000" id="3705" room="259" start="226" weeks="011110111111101111"/>
    <class days="0000100" id="3706" room="259" start="166" weeks="011111111111001111"/>
    <class days="1000000" id="3707" room="72" start="146" weeks="011111111111100111"/>
    <class days="1000000" id="3708" room="261" start="186" weeks="011111111111100111"/>
    <class days="0010000" id="3709" room="261" start="176" weeks="011110111111101111"/>
    <class days="1000000" id="3710" room="261" start="226" weeks="011111111111100111"/>
    <class days="0001000" id="3711" room="261" start="186" weeks="011110111111101111"/>
    <class days="1000000" id="3712" room="264" start="176" weeks="010101010101000101"/>
    <class days="0001000" id="3713" room="267" start="166" weeks="011110111111101111"/>
    <class days="1000000" id="3714" room="253" start="116" weeks="011111111110000000"/>
    <class days="1000000" id="3715" room="192" start="196" weeks="011111111110000000"/>
    <class days="0001000" id="3716" room="85" start="186" weeks="011110111111000000"/>
    <class days="0010000" id="3717" room="114" start="186" weeks="011110111111101111"/>
    <class days="0001000" id="3718" room="114" start="216" weeks="010100101010100101"/>
    <class days="0010000" id="3719" room="114" start="116" weeks="010100101010100101"/>
    <class days="0010000" id="3720" start="166" weeks="011110111111101111"/>
    <class days="0100000" id="3721" room="114" start="246" weeks="010101010101000101"/>
    <class days="1000000" id="3722" room="114" start="176" weeks="001010101010100010"/>
    <class days="1000000" id="3723" room="114" start="246" weeks="001010101010100010"/>
    <class days="0010000" id="3724" room="114" start="96" weeks="001010010101001010"/>
    <class days="0000100" id="3725" room="114" start="176" weeks="010101010101000101"/>
    <class days="0001000" id="3726" room="114" start="206" weeks="001010010101001010"/>
    <class days="0001000" id="3727" start="236" weeks="011110111111101111"/>
    <class days="0010000" id="3728" room="114" start="176" weeks="001010010101001010"/>
    <class days="0001000" id="3729" room="114" start="156" weeks="010100101010100101"/>
    <class days="0000100" id="3730" room="114" start="96" weeks="001010101010001010"/>
    <class days="0010000" id="3731" room="114" start="146" weeks="010100101010100101"/>
    <class days="0100000" id="3732" room="271" start="176" weeks="011111111110000000"/>
    <class days="0001000" id="3733" room="88" start="96" weeks="011110111111000000"/>
    <class days="0100000" id="3734" room="88" start="246" weeks="011111111110000000"/>
    <class days="0100000" id="3735" room="88" start="116" weeks="011111111110000000"/>
    <class days="1000000" id="3736" room="114" start="116" weeks="001010101010100010"/>
    <class days="1000000" id="3737" room="114" start="96" weeks="010101010101000101"/>
    <class days="0000100" id="3738" room="114" start="96" weeks="001010101010001010"/>
    <class days="1000000" id="3739" room="121" start="116" weeks="010101010101000101"/>
    <class days="0100000" id="3740" room="90" start="136" weeks="010101010101000101"/>
    <class days="0100000" id="3741" room="269" start="156" weeks="010101010101000101"/>
    <class days="0010000" id="3742" room="279" start="136" weeks="001010010101001010"/>
    <class days="1000000" id="3743" room="177" start="136" weeks="001010101010100010"/>
    <class days="0000100" id="3744" room="278" start="246" weeks="011111111111001111"/>
    <class days="1000000" id="3745" room="278" start="206" weeks="011111111111100111"/>
    <class days="0100000" id="3746" room="278" start="236" weeks="011111111111100111"/>
    <class days="1000000" id="3747" room="278" start="246" weeks="011111111111100111"/>
    <class days="1000000" id="3748" room="8" start="195" weeks="011111111111100111"/>
    <class days="1000000" id="3749" room="176" start="135" weeks="001010101010100010"/>
    <class days="0010000" id="3750" room="270" start="207" weeks="001010010101001010"/>
    <class days="1000000" id="3751" room="262" start="174" weeks="001010101010100010"/>
    <class days="0010000" id="3752" room="269" start="136" weeks="001010010101000000"/>
    <class days="0010000" id="3753" room="270" start="156" weeks="001010010101000000"/>
    <class days="0100000" id="3754" room="262" start="166" weeks="001010101010000000"/>
    <class days="0001000" id="3755" room="177" start="116" weeks="001010010101000000"/>
    <class days="1000000" id="3756" room="271" start="106" weeks="011111111111100111"/>
    <class days="0001000" id="3757" room="8" start="166" weeks="011110111111101111"/>
    <class days="0001000" id="3758" room="270" start="96" weeks="011110111111101111"/>
    <class days="1000000" id="3759" room="121" start="176" weeks="011111111111100111"/>
    <class days="0100000" id="3760" room="72" start="216" weeks="011111111111100111"/>
    <class days="0100000" id="3761" room="104" start="156" weeks="011111111111100111"/>
    <class days="0001000" id="3762" room="104" start="156" weeks="011110111111101111"/>
    <class days="0010000" id="3763" room="104" start="156" weeks="011110111111101111"/>
    <class days="0001000" id="3764" room="104" start="186" weeks="011110111111101111"/>
    <class days="1000000" id="3765" room="91" start="136" weeks="010101010101000101"/>
    <class days="0001000" id="3766" room="274" start="196" weeks="010100101010100101"/>
    <class days="0000100" id="3767" room="267" start="196" weeks="001010101010001010"/>
    <class days="0001000" id="3768" room="278" start="216" weeks="011110111111101111"/>
    <class days="0100000" id="3769" room="88" start="166" weeks="011111111111100111"/>
    <class days="1000000" id="3770" room="88" start="196" weeks="011111111111100111"/>
    <class days="0010000" id="3771" room="278" start="156" weeks="011110111111101111"/>
    <class days="0001000" id="3772" room="259" start="116" weeks="011110111111000000"/>
    <class days="0010000" id="3773" room="158" start="186" weeks="011110111111000000"/>
    <class days="0010000" id="3774" room="158" start="116" weeks="011110111111000000"/>
    <class days="1000000" id="3775" start="132" weeks="011111111111100111"/>
    <class days="0010000" id="3776" start="168" weeks="011110111111101111"/>
    <class days="1000000" id="3777" start="132" weeks="011111111111100111"/>
    <class days="0010000" id="3778" start="168" weeks="011110111111101111"/>
    <class days="1000000" id="3779" start="132" weeks="011111111111100111"/>
    <class days="0010000" id="3780" start="168" weeks="011110111111101111"/>
    <class days="1000000" id="3781" start="132" weeks="011111111111100111"/>
    <class days="0010000" id="3782" start="168" weeks="011110111111101111"/>
    <class days="1000000" id="3783" room="271" start="106" weeks="011111111110000000"/>
    <class days="0001000" id="3784" room="163" start="126" weeks="011110111111000000"/>
    <class days="0010000" id="3785" room="163" start="136" weeks="011110111111000000"/>
    <class days="1000000" id="3786" room="163" start="136" weeks="011111111110000000"/>
    <class days="0100000" id="3787" room="163" start="116" weeks="011111111110000000"/>
    <class days="0000100" id="3788" room="163" start="126" weeks="011111111110000000"/>
    <class days="0001000" id="3789" room="8" start="102" weeks="011110111111101111"/>
    <class days="1000000" id="3790" room="224" start="105" weeks="011111111111100111"/>
    <class days="0000100" id="3791" room="279" start="135" weeks="011111111111001111"/>
    <class days="0100000" id="3792" room="271" start="207" weeks="011111111111100111"/>
    <class days="1000000" id="3793" room="305" start="240" weeks="011111111111100111"/>
    <class days="0100000" id="3794" room="253" start="240" weeks="011111111111100111"/>
    <class days="0010000" id="3795" room="256" start="210" weeks="011110111111101111"/>
    <class days="1000000" id="3796" room="271" start="207" weeks="011111111111100111"/>
    <class days="0010000" id="3797" room="280" start="210" weeks="011110111111101111"/>
    <class days="0100000" id="3798" room="264" start="116" weeks="010101010101000101"/>
    <class days="0001000" id="3799" room="114" start="126" weeks="011110111111101111"/>
    <class days="0000100" id="3800" room="270" start="166" weeks="011111111111001111"/>
    <class days="0100000" id="3801" room="101" start="166" weeks="011111111111100111"/>
    <class days="0000100" id="3802" room="101" start="206" weeks="011111111111001111"/>
    <class days="0001000" id="3803" room="121" start="226" weeks="011110111111101111"/>
    <class days="1000000" id="3804" room="101" start="186" weeks="011111111111100111"/>
    <class days="0100000" id="3805" room="101" start="216" weeks="011111111111100111"/>
    <class days="0100000" id="3806" room="101" start="166" weeks="011111111111100111"/>
    <class days="0010000" id="3807" room="101" start="196" weeks="011110111111101111"/>
    <class days="0001000" id="3808" room="101" start="156" weeks="011110111111101111"/>
    <class days="0010000" id="3809" room="101" start="176" weeks="011110111111101111"/>
    <class days="0001000" id="3810" room="101" start="136" weeks="011110111111101111"/>
    <class days="0001000" id="3811" room="101" start="116" weeks="011110111111101111"/>
    <class days="0000100" id="3812" room="101" start="96" weeks="011111111111001111"/>
    <class days="0010000" id="3813" room="271" start="96" weeks="011110111111101111"/>
    <class days="0001000" id="3814" room="253" start="156" weeks="011110111111101111"/>
    <class days="0100000" id="3815" start="96" weeks="011111111111100111"/>
    <class days="0000100" id="3816" room="263" start="186" weeks="011111111111001111"/>
    <class days="1000000" id="3817" room="263" start="106" weeks="011111111111100111"/>
    <class days="1000000" id="3818" start="146" weeks="011111111111100111"/>
    <class days="0010000" id="3819" room="263" start="136" weeks="011110111111101111"/>
    <class days="0100000" id="3820" room="263" start="96" weeks="011111111111100111"/>
    <class days="0010000" id="3821" room="177" start="96" weeks="010100101010100101"/>
    <class days="1000000" id="3822" room="264" start="196" weeks="010101010101000101"/>
    <class days="0000100" id="3823" room="264" start="196" weeks="010101010101000101"/>
    <class days="0001000" id="3824" room="264" start="216" weeks="010100101010100101"/>
    <class days="0001000" id="3825" room="264" start="246" weeks="001010010101001010"/>
    <class days="0010000" id="3826" room="72" start="156" weeks="011110111111000000"/>
    <class days="0100000" id="3827" room="226" start="156" weeks="011111111110000000"/>
    <class days="0010000" id="3828" room="104" start="106" weeks="011110111111000000"/>
    <class days="0000100" id="3829" room="104" start="136" weeks="011111111110000000"/>
    <class days="0100000" id="3830" room="104" start="206" weeks="011111111110000000"/>
    <class days="1000000" id="3831" room="226" start="196" weeks="011111111110000000"/>
    <class days="1000000" id="3832" room="279" start="146" weeks="010101010101000101"/>
    <class days="0010000" id="3833" room="273" start="246" weeks="010100101010100101"/>
    <class days="1000000" id="3834" room="171" start="116" weeks="011111111111100111"/>
    <class days="0100000" id="3835" room="271" start="146" weeks="011111111110000000"/>
    <class days="1000000" id="3836" room="253" start="236" weeks="011111111110000000"/>
    <class days="0000100" id="3837" room="274" start="236" weeks="011111111110000000"/>
    <class days="0100000" id="3838" room="90" start="206" weeks="011111111110000000"/>
    <class days="0001000" id="3839" room="72" start="226" weeks="001010010101001010"/>
    <class days="0001000" id="3840" room="265" start="106" weeks="001010010101001010"/>
    <class days="1000000" id="3841" room="274" start="136" weeks="011111111111100111"/>
    <class days="0000100" id="3842" room="274" start="126" weeks="011111111111001111"/>
    <class days="0010000" id="3843" room="267" start="136" weeks="011110111111000000"/>
    <class days="0010000" id="3844" room="267" start="166" weeks="011110111111000000"/>
    <class days="0100000" id="3845" room="269" start="116" weeks="011111111110000000"/>
    <class days="0000100" id="3846" room="273" start="126" weeks="011111111110000000"/>
    <class days="1000000" id="3847" room="262" start="106" weeks="011111111110000000"/>
    <class days="0100000" id="3848" room="262" start="126" weeks="011111111110000000"/>
    <class days="0001000" id="3849" room="262" start="196" weeks="011110111111000000"/>
    <class days="0010000" id="3850" room="273" start="106" weeks="011110111111000000"/>
    <class days="0100000" id="3851" start="123" weeks="011111111111100111"/>
    <class days="0100000" id="3852" start="123" weeks="011111111111100111"/>
    <class days="0100000" id="3853" start="132" weeks="011111111111100111"/>
    <class days="0100000" id="3854" start="132" weeks="011111111111100111"/>
    <class days="0100000" id="3855" start="132" weeks="011111111111100111"/>
    <class days="0100000" id="3856" start="132" weeks="011111111111100111"/>
    <class days="0001000" id="3857" room="186" start="126" weeks="011110111111101111"/>
    <class days="0010000" id="3858" room="271" start="206" weeks="001010010101001010"/>
    <class days="0001000" id="3859" room="267" start="216" weeks="011110111111101111"/>
    <class days="0010000" id="3860" room="253" start="146" weeks="001010010101001010"/>
    <class days="0010000" id="3861" room="253" start="126" weeks="001010010101001010"/>
    <class days="1000000" id="3862" room="262" start="176" weeks="010101010101000101"/>
    <class days="0010000" id="3863" room="274" start="216" weeks="010100101010100101"/>
    <class days="0001000" id="3864" room="162" start="186" weeks="001010010101001010"/>
    <class days="0001000" id="3865" room="162" start="206" weeks="001010010101001010"/>
    <class days="0001000" id="3866" room="262" start="226" weeks="010100101010100101"/>
    <class days="1000000" id="3867" room="262" start="246" weeks="001010101010100010"/>
    <class days="0001000" id="3868" room="270" start="106" weeks="001010010101001010"/>
    <class days="1000000" id="3869" room="273" start="196" weeks="001010101010100010"/>
    <class days="0100000" id="3870" room="90" start="96" weeks="011111111111100111"/>
    <class days="0010000" id="3871" room="90" start="116" weeks="011110111111101111"/>
    <class days="0001000" id="3872" room="163" start="216" weeks="010100101010100101"/>
    <class days="0100000" id="3873" room="163" start="186" weeks="011111111111100111"/>
    <class days="0000100" id="3874" room="186" start="166" weeks="011111111111001111"/>
    <class days="1000000" id="3875" room="114" start="136" weeks="010101010101000101"/>
    <class days="0001000" id="3876" room="253" start="236" weeks="011110111111101111"/>
    <class days="0100000" id="3877" room="273" start="126" weeks="011111111111100111"/>
    <class days="0010000" id="3878" room="274" start="136" weeks="001010010101001010"/>
    <class days="0001000" id="3879" room="262" start="176" weeks="001010010101001010"/>
    <class days="0010000" id="3880" room="253" start="106" weeks="001010010101001010"/>
    <class days="1000000" id="3881" room="72" start="201" weeks="011111111111100111"/>
    <class days="1000000" id="3882" room="121" start="176" weeks="011111111111100111"/>
    <class days="0010000" id="3883" room="262" start="216" weeks="001010010101001010"/>
    <class days="0001000" id="3884" room="262" start="136" weeks="011110111111101111"/>
    <class days="0010000" id="3885" start="236" weeks="001010010101001010"/>
    <class days="0010000" id="3886" room="195" start="126" weeks="011110111111101111"/>
    <class days="0001000" id="3887" room="93" start="236" weeks="011110111111101111"/>
    <class days="0010000" id="3888" room="93" start="166" weeks="011110111111101111"/>
    <class days="1000000" id="3889" room="253" start="206" weeks="011111111111100111"/>
    <class days="0100000" id="3890" room="118" start="116" weeks="011111111111100111"/>
    <class days="0000100" id="3891" room="118" start="206" weeks="011111111111001111"/>
    <class days="1000000" id="3892" room="90" start="116" weeks="011111111111100111"/>
    <class days="0010000" id="3893" room="114" start="146" weeks="011110111111101111"/>
    <class days="0000100" id="3894" room="114" start="216" weeks="011111111111001111"/>
    <class days="0100000" id="3895" room="271" start="156" weeks="011111111111100111"/>
    <class days="0010000" id="3896" room="274" start="136" weeks="010100101010100101"/>
    <class days="0100000" id="3897" room="267" start="226" weeks="011111111111100111"/>
    <class days="1000000" id="3898" room="267" start="96" weeks="011111111111100111"/>
    <class days="1000000" id="3899" room="275" start="183" weeks="001010101010100010"/>
    <class days="0000100" id="3900" room="280" start="111" weeks="011111111111001111"/>
    <class days="0100000" id="3901" room="121" start="186" weeks="011111111111100111"/>
    <class days="1000000" id="3902" room="121" start="226" weeks="011111111111100111"/>
    <class days="0010000" id="3903" start="96" weeks="011110111111101111"/>
    <class days="0010000" id="3904" start="96" weeks="011110111111101111"/>
    <class days="0010000" id="3905" start="96" weeks="011110111111101111"/>
    <class days="0010000" id="3906" start="96" weeks="011110111111101111"/>
    <class days="0010000" id="3907" start="96" weeks="011110111111101111"/>
    <class days="0010000" id="3908" start="96" weeks="011110111111101111"/>
    <class days="0010000" id="3909" start="96" weeks="011110111111101111"/>
    <class days="1000000" id="3910" room="264" start="116" weeks="001010101010100010"/>
    <class days="1000000" id="3911" room="274" start="116" weeks="010101010101000101"/>
    <class days="0100000" id="3912" room="163" start="136" weeks="011111111111100111"/>
    <class days="1000000" id="3913" room="163" start="176" weeks="011111111111100111"/>
    <class days="0100000" id="3914" room="72" start="206" weeks="001010101010100010"/>
    <class days="0000100" id="3915" room="270" start="236" weeks="011111111111001111"/>
    <class days="0000100" id="3916" room="85" start="146" weeks="011111111111001111"/>
    <class days="0001000" id="3917" room="278" start="216" weeks="011110111111101111"/>
    <class days="0000100" id="3918" room="278" start="126" weeks="011111111111001111"/>
    <class days="1000000" id="3919" room="263" start="216" weeks="011111111111100111"/>
    <class days="0000100" id="3920" room="264" start="176" weeks="011111111111001111"/>
    <class days="0100000" id="3921" room="269" start="206" weeks="011111111111100111"/>
    <class days="0001000" id="3922" room="90" start="136" weeks="011110111111101111"/>
    <class days="1000000" id="3923" room="267" start="116" weeks="011111111111100111"/>
    <class days="0000100" id="3924" room="104" start="96" weeks="011111111111001111"/>
    <class days="0000100" id="3925" room="104" start="226" weeks="011111111111001111"/>
    <class days="1000000" id="3926" room="263" start="206" weeks="011111111111100111"/>
    <class days="0010000" id="3927" room="263" start="206" weeks="011110111111101111"/>
    <class days="0010000" id="3928" room="8" start="126" weeks="001010010101001010"/>
    <class days="0001000" id="3929" room="271" start="106" weeks="011110111111101111"/>
    <class days="1000000" id="3930" room="177" start="186" weeks="011111111111100111"/>
    <class days="0100000" id="3931" room="118" start="146" weeks="011111111111100111"/>
    <class days="1000000" id="3932" room="118" start="136" weeks="011111111111100111"/>
    <class days="0100000" id="3933" room="8" start="146" weeks="010101010101000101"/>
    <class days="0010000" id="3934" room="228" start="216" weeks="011110111111101111"/>
    <class days="0100000" id="3935" room="93" start="226" weeks="010101010101000101"/>
    <class days="1000000" id="3936" room="270" start="96" weeks="011111111111100111"/>
    <class days="0001000" id="3937" room="270" start="136" weeks="011110111111101111"/>
    <class days="0010000" id="3938" room="262" start="228" weeks="010100101010100101"/>
    <class days="0010000" id="3939" room="262" start="228" weeks="001010010101001010"/>
    <class days="1000000" id="3940" room="162" start="176" weeks="011111111111100111"/>
    <class days="0010000" id="3941" room="101" start="96" weeks="010100101010100101"/>
    <class days="0000100" id="3942" room="261" start="166" weeks="001010101010001010"/>
    <class days="0100000" id="3943" room="279" start="156" weeks="011111111111100111"/>
    <class days="0000100" id="3944" room="264" start="146" weeks="011111111111001111"/>
    <class days="0001000" id="3945" room="151" start="116" weeks="010100101010100101"/>
    <class days="1000000" id="3946" room="93" start="186" weeks="011111111111100111"/>
    <class days="1000000" id="3947" room="93" start="236" weeks="011111111111100111"/>
    <class days="1000000" id="3948" room="273" start="126" weeks="010101010101000101"/>
    <class days="0010000" id="3949" room="192" start="96" weeks="011110111111101111"/>
    <class days="1000000" id="3950" room="228" start="136" weeks="011111111111100111"/>
    <class days="0001000" id="3951" room="273" start="96" weeks="010100101010100101"/>
    <class days="0000100" id="3952" room="93" start="136" weeks="011111111111001111"/>
    <class days="0010000" id="3953" room="93" start="246" weeks="011110111111101111"/>
    <class days="0000100" id="3954" room="263" start="216" weeks="010101010101000101"/>
    <class days="1000000" id="3955" room="265" start="166" weeks="011111111111100111"/>
    <class days="1000000" id="3956" room="263" start="176" weeks="011111111111100111"/>
    <class days="1000000" id="3957" room="263" start="126" weeks="011111111111100111"/>
    <class days="1000000" id="3958" room="270" start="206" weeks="011111111111100111"/>
    <class days="0010000" id="3959" room="270" start="236" weeks="011110111111101111"/>
    <class days="0000100" id="3960" room="270" start="186" weeks="011111111111001111"/>
    <class days="0100000" id="3961" room="72" start="126" weeks="001010101010100010"/>
    <class days="0000100" id="3962" room="274" start="156" weeks="011111111111001111"/>
    <class days="0001000" id="3963" room="274" start="216" weeks="011110111111101111"/>
    <class days="0010000" id="3964" room="274" start="198" weeks="011110111111101111"/>
    <class days="1000000" id="3965" room="253" start="206" weeks="001010101010100010"/>
    <class days="0000100" id="3966" room="253" start="186" weeks="001010101010001010"/>
    <class days="0010000" id="3967" room="253" start="146" weeks="010100101010100101"/>
    <class days="0000100" id="3968" room="270" start="116" weeks="011111111111001111"/>
    <class days="0010000" id="3969" room="262" start="126" weeks="011110111111101111"/>
    <class days="0000100" id="3970" room="273" start="176" weeks="001010101010001010"/>
    <class days="0100000" id="3971" room="104" start="246" weeks="000000001111100111"/>
    <class days="1000000" id="3972" room="104" start="186" weeks="000000001111100111"/>
    <class days="0010000" id="3973" room="264" start="146" weeks="011110111111101111"/>
    <class days="0100000" id="3974" room="273" start="166" weeks="011111111111100111"/>
    <class days="0100000" id="3975" room="273" start="126" weeks="010101010101000101"/>
    <class days="0010000" id="3976" room="265" start="156" weeks="011110111111101111"/>
    <class days="0010000" id="3977" room="253" start="226" weeks="011110111111101111"/>
    <class days="0100000" id="3978" room="267" start="206" weeks="001010101010100010"/>
    <class days="0010000" id="3979" room="186" start="166" weeks="010100101010100101"/>
    <class days="0100000" id="3980" room="263" start="186" weeks="001010101010100010"/>
    <class days="1000000" id="3981" room="262" start="136" weeks="011111111111100111"/>
    <class days="0100000" id="3982" room="267" start="116" weeks="010101010101000101"/>
    <class days="0001000" id="3983" room="263" start="166" weeks="011110111111101111"/>
    <class days="0001000" id="3984" room="279" start="216" weeks="010100101010100101"/>
    <class days="0000100" id="3985" room="262" start="146" weeks="001010101010001010"/>
    <class days="0010000" id="3986" room="228" start="116" weeks="011110111111101111"/>
    <class days="1000000" id="3987" room="8" start="126" weeks="010101010101000101"/>
    <class days="0001000" id="3988" room="85" start="156" weeks="011110111111101111"/>
    <class days="0001000" id="3989" room="262" start="106" weeks="010100101010100101"/>
    <class days="0001000" id="3990" room="151" start="186" weeks="010100101010100101"/>
    <class days="0001000" id="3991" room="265" start="146" weeks="010100101010100101"/>
    <class days="0100000" id="3992" room="265" start="166" weeks="001010101010100010"/>
    <class days="0001000" id="3993" room="271" start="231" weeks="010100101010100101"/>
    <class days="1000000" id="3994" room="280" start="237" weeks="001010101010100010"/>
    <class days="0100000" id="3995" room="281" start="171" weeks="001010101010100010"/>
    <class days="0001000" id="3996" room="91" start="196" weeks="010100101010100101"/>
    <class days="0000100" id="3997" room="274" start="96" weeks="001010101010001010"/>
    <class days="0010000" id="3998" room="8" start="196" weeks="011110111111101111"/>
    <class days="0001000" id="3999" room="177" start="156" weeks="011110111111101111"/>
    <class days="0010000" id="4000" room="259" start="136" weeks="011110111111101111"/>
    <class days="0010000" id="4001" room="269" start="216" weeks="011110111111101111"/>
    <class days="0001000" id="4002" room="8" start="210" weeks="011110111111101111"/>
    <class days="0100000" id="4003" room="262" start="237" weeks="011111111111100111"/>
    <class days="0000100" id="4004" room="259" start="108" weeks="011111111111001111"/>
    <class days="0001000" id="4005" room="280" start="240" weeks="011110111111101111"/>
    <class days="0000100" id="4006" room="72" start="210" weeks="011111111111001111"/>
    <class days="0100000" id="4007" room="176" start="165" weeks="011111111111100111"/>
    <class days="0000100" id="4008" room="114" start="234" weeks="011111111111001111"/>
    <class days="0000100" id="4009" room="121" start="186" weeks="011111111111001111"/>
    <class days="0100000" id="4010" room="114" start="196" weeks="010101010101000101"/>
    <class days="0010000" id="4011" room="280" start="96" weeks="011110111111101111"/>
    <class days="0100000" id="4012" room="280" start="116" weeks="011111111111100111"/>
    <class days="1000000" id="4013" room="271" start="136" weeks="011111111110000000"/>
    <class days="1000000" id="4014" room="280" start="136" weeks="011111111110000000"/>
    <class days="0001000" id="4015" room="280" start="176" weeks="011110111111000000"/>
    <class days="0100000" id="4016" room="280" start="176" weeks="011111111110000000"/>
    <class days="0000100" id="4017" start="106" weeks="011111111111001111"/>
    <class days="0001000" id="4018" room="274" start="146" weeks="001010010101001010"/>
    <class days="0001000" id="4019" room="264" start="96" weeks="001010010101001010"/>
    <class days="0000100" id="4020" room="90" start="186" weeks="001010101010001010"/>
    <class days="0010000" id="4021" room="72" start="246" weeks="011110111111000000"/>
    <class days="0010000" id="4022" room="278" start="206" weeks="011110111111000000"/>
    <class days="0001000" id="4023" room="88" start="176" weeks="011110111111000000"/>
    <class days="0000100" id="4024" room="88" start="216" weeks="011111111110000000"/>
    <class days="0010000" id="4025" room="91" start="206" weeks="011110111111101111"/>
    <class days="0010000" id="4026" room="90" start="176" weeks="001010010101001010"/>
    <class days="0010000" id="4027" room="121" start="96" weeks="010100101010100101"/>
    <class days="0001000" id="4028" room="267" start="146" weeks="010100101010100101"/>
    <class days="1000000" id="4029" room="271" start="226" weeks="011111111111100111"/>
    <class days="0100000" id="4030" room="270" start="136" weeks="011111111111100111"/>
    <class days="0000100" id="4031" room="259" start="216" weeks="011111111111001111"/>
    <class days="0000100" id="4032" room="90" start="156" weeks="011111111111001111"/>
    <class days="0010000" id="4033" room="121" start="186" weeks="011110111111101111"/>
    <class days="0100000" id="4034" room="259" start="226" weeks="001010101010100010"/>
    <class days="0100000" id="4035" room="259" start="246" weeks="001010101010100010"/>
    <class days="0000100" id="4036" room="186" start="246" weeks="010101010101000101"/>
    <class days="0100000" id="4037" room="121" start="116" weeks="001010101010100010"/>
    <class days="0010000" id="4038" room="280" start="166" weeks="011110111111101111"/>
    <class days="0010000" id="4039" room="280" start="116" weeks="011110111111101111"/>
    <class days="1000000" id="4040" start="132" weeks="011111111111100111"/>
    <class days="0010000" id="4041" start="168" weeks="011110111111101111"/>
    <class days="1000000" id="4042" start="132" weeks="011111111111100111"/>
    <class days="0010000" id="4043" start="168" weeks="011110111111101111"/>
    <class days="0010000" id="4044" room="114" start="246" weeks="001010010101001010"/>
    <class days="0001000" id="4045" room="185" start="126" weeks="001010010101001010"/>
    <class days="0001000" id="4046" room="185" start="126" weeks="010100101010100101"/>
    <class days="0010000" id="4047" room="185" start="106" weeks="010100101010100101"/>
    <class days="1000000" id="4048" room="121" start="96" weeks="011111111111100111"/>
    <class days="0100000" id="4049" room="185" start="156" weeks="011111111111100111"/>
    <class days="1000000" id="4050" room="185" start="166" weeks="011111111111100111"/>
    <class days="0010000" id="4051" room="185" start="196" weeks="011110111111101111"/>
    <class days="0010000" id="4052" room="185" start="116" weeks="011110111111101111"/>
    <class days="1000000" id="4053" room="185" start="136" weeks="011111111111100111"/>
    <class days="0001000" id="4054" room="271" start="166" weeks="011110111111101111"/>
    <class days="0010000" id="4055" room="264" start="216" weeks="010100101010100101"/>
    <class days="1000000" id="4056" room="271" start="166" weeks="001010101010100010"/>
    <class days="0000100" id="4057" room="121" start="236" weeks="001010101010001010"/>
    <class days="0000100" id="4058" room="269" start="126" weeks="001010101010001010"/>
    <class days="0000100" id="4059" room="280" start="186" weeks="011111111111001111"/>
    <class days="0000100" id="4060" room="280" start="216" weeks="011111111111001111"/>
    <class days="0010000" id="4061" room="8" start="216" weeks="001010010101001010"/>
    <class days="0001000" id="4062" room="278" start="176" weeks="011110111111101111"/>
    <class days="0001000" id="4063" room="278" start="146" weeks="011110111111101111"/>
    <class days="0001000" id="4064" room="278" start="96" weeks="011110111111101111"/>
    <class days="0010000" id="4065" room="90" start="216" weeks="010100101010100101"/>
    <class days="0001000" id="4066" room="280" start="136" weeks="011110111111101111"/>
    <class days="0001000" id="4067" room="280" start="116" weeks="011110111111101111"/>
    <class days="0000100" id="4068" room="90" start="216" weeks="010101010101000101"/>
    <class days="0000100" id="4069" room="280" start="166" weeks="011111111111001111"/>
    <class days="0000100" id="4070" room="280" start="186" weeks="011111111111001111"/>
    <class days="0100000" id="4071" room="280" start="116" weeks="011111111110000000"/>
    <class days="0010000" id="4072" room="280" start="96" weeks="011110111111000000"/>
    <class days="0001000" id="4073" room="280" start="196" weeks="011110111111000000"/>
    <class days="0010000" id="4074" room="267" start="116" weeks="011110111111000000"/>
    <class days="0001000" id="4075" room="269" start="176" weeks="011110111111000000"/>
    <class days="0001000" id="4076" room="90" start="246" weeks="011110111111000000"/>
    <class days="0010000" id="4077" room="177" start="196" weeks="011110111111101111"/>
    <class days="0100000" id="4078" room="94" start="146" weeks="011111111111100111"/>
    <class days="0100000" id="4079" room="195" start="116" weeks="011111111111100111"/>
    <class days="0010000" id="4080" room="88" start="166" weeks="011110111111101111"/>
    <class days="1000000" id="4081" room="177" start="206" weeks="011111111111100111"/>
    <class days="0010000" id="4082" room="88" start="206" weeks="001010010101001010"/>
    <class days="0001000" id="4083" room="88" start="206" weeks="010100101010100101"/>
    <class days="0010000" id="4084" room="88" start="206" weeks="010100101010100101"/>
    <class days="1000000" id="4085" room="121" start="206" weeks="011111111110000000"/>
    <class days="0000100" id="4086" room="280" start="136" weeks="011111111110000000"/>
    <class days="0100000" id="4087" room="280" start="166" weeks="011111111110000000"/>
    <class days="0000100" id="4088" room="280" start="206" weeks="011111111110000000"/>
    <class days="1000000" id="4089" room="72" start="166" weeks="011111111111100111"/>
    <class days="1000000" id="4090" room="280" start="196" weeks="011111111111100111"/>
    <class days="0001000" id="4091" room="280" start="176" weeks="011110111111101111"/>
    <class days="0001000" id="4092" room="206" start="114" weeks="011110111111101111"/>
    <class days="0001000" id="4093" room="204" start="114" weeks="011110111111101111"/>
    <class days="0001000" id="4094" room="135" start="114" weeks="011110111111101111"/>
    <class days="0001000" id="4095" room="206" start="150" weeks="011110111111101111"/>
    <class days="0100000" id="4096" room="8" start="166" weeks="011111111111100111"/>
    <class days="0100000" id="4097" room="278" start="196" weeks="011111111111100111"/>
    <class days="0010000" id="4098" room="278" start="216" weeks="011110111111101111"/>
    <class days="0100000" id="4099" room="278" start="216" weeks="011111111111100111"/>
    <class days="0010000" id="4100" room="269" start="146" weeks="010100101010100101"/>
    <class days="0000100" id="4101" room="280" start="146" weeks="011111111111001111"/>
    <class days="0000100" id="4102" room="280" start="116" weeks="011111111111001111"/>
    <class days="0000100" id="4103" room="91" start="176" weeks="011111111111001111"/>
    <class days="0100000" id="4104" room="280" start="146" weeks="011111111111100111"/>
    <class days="0100000" id="4105" room="273" start="206" weeks="001010101010100010"/>
    <class days="0010000" id="4106" room="280" start="136" weeks="010100101010100101"/>
    <class days="0001000" id="4107" room="186" start="116" weeks="011110111111101111"/>
    <class days="0100000" id="4108" room="186" start="96" weeks="011111111111100111"/>
    <class days="0010000" id="4109" room="72" start="226" weeks="011110111111101111"/>
    <class days="0001000" id="4110" room="264" start="186" weeks="011110111111101111"/>
    <class days="0010000" id="4111" room="177" start="226" weeks="001010010101001010"/>
    <class days="1000000" id="4112" room="265" start="96" weeks="010101010101000101"/>
    <class days="0010000" id="4113" room="185" start="236" weeks="001010010101001010"/>
    <class days="0010000" id="4114" room="185" start="236" weeks="010100101010100101"/>
    <class days="0001000" id="4115" room="185" start="216" weeks="010100101010100101"/>
    <class days="0001000" id="4116" room="185" start="186" weeks="001010010101001010"/>
    <class days="0010000" id="4117" room="177" start="156" weeks="011110111111101111"/>
    <class days="1000000" id="4118" room="91" start="96" weeks="011111111111100111"/>
    <class days="1000000" id="4119" room="267" start="156" weeks="011111111111100111"/>
    <class days="1000000" id="4120" room="90" start="156" weeks="011111111111100111"/>
    <class days="1000000" id="4121" room="186" start="156" weeks="011111111111100111"/>
    <class days="1000000" id="4122" room="263" start="156" weeks="011111111111100111"/>
    <class days="0100000" id="4123" room="62" start="216" weeks="011111111111100111"/>
    <class days="1000000" id="4124" room="279" start="156" weeks="011111111111100111"/>
    <class days="1000000" id="4125" room="114" start="156" weeks="011111111111100111"/>
    <class days="1000000" id="4126" room="264" start="156" weeks="011111111111100111"/>
    <class days="1000000" id="4127" room="273" start="156" weeks="011111111111100111"/>
    <class days="1000000" id="4128" room="259" start="156" weeks="011111111111100111"/>
    <class days="0000100" id="4129" room="149" start="196" weeks="011111111111001111"/>
    <class days="0001000" id="4130" room="101" start="216" weeks="011110111111101111"/>
    <class days="0010000" id="4131" start="106" weeks="011110111111101111"/>
    <class days="0001000" id="4132" room="72" start="136" weeks="011110111111000000"/>
    <class days="1000000" id="4133" room="273" start="96" weeks="011111111110000000"/>
    <class days="0001000" id="4134" room="186" start="96" weeks="011110111111000000"/>
    <class days="0000100" id="4135" room="177" start="120" weeks="011111111111001111"/>
    <class days="0100000" id="4136" room="271" start="106" weeks="011111111111100111"/>
    <class days="1000000" id="4137" room="102" start="176" weeks="011111111111100111"/>
    <class days="1000000" id="4138" room="102" start="156" weeks="011111111111100111"/>
    <class days="0010000" id="4139" room="102" start="166" weeks="011110111111101111"/>
    <class days="0001000" id="4140" room="102" start="106" weeks="011110111111101111"/>
    <class days="0000100" id="4141" room="102" start="196" weeks="011111111111001111"/>
    <class days="0010000" id="4142" room="102" start="136" weeks="011110111111101111"/>
    <class days="0001000" id="4143" room="177" start="236" weeks="011110111111000000"/>
    <class days="1000000" id="4144" room="93" start="226" weeks="011111110000000000"/>
    <class days="0010000" id="4145" room="93" start="226" weeks="011110111000000000"/>
    <class days="0000100" id="4146" room="214" start="126" weeks="011111111110000000"/>
    <class days="0000100" id="4147" room="214" start="226" weeks="011111111110000000"/>
    <class days="0000100" id="4148" room="213" start="96" weeks="011111111110000000"/>
    <class days="0000100" id="4149" room="292" start="166" weeks="011111111110000000"/>
    <class days="0001000" id="4150" room="72" start="186" weeks="011110111111000000"/>
    <class days="0010000" id="4151" room="93" start="116" weeks="011110111000000000"/>
    <class days="0001000" id="4152" room="93" start="146" weeks="011110111000000000"/>
    <class days="1000000" id="4153" room="93" start="116" weeks="011111111110000000"/>
    <class days="0100000" id="4154" room="93" start="206" weeks="011111111110000000"/>
    <class days="1000000" id="4155" room="93" start="176" weeks="011111111110000000"/>
    <class days="0100000" id="4156" room="93" start="166" weeks="011111111110000000"/>
    <class days="0010000" id="4157" room="121" start="156" weeks="011110111000000000"/>
    <class days="0001000" id="4158" room="121" start="106" weeks="011110111000000000"/>
    <class days="0001000" id="4159" room="271" start="126" weeks="011110111111000000"/>
    <class days="1000000" id="4160" room="88" start="166" weeks="011111110000000000"/>
    <class days="0010000" id="4161" room="228" start="166" weeks="011110111000000000"/>
    <class days="0000100" id="4162" room="214" start="206" weeks="011111111110000000"/>
    <class days="0000100" id="4163" room="214" start="206" weeks="011111111110000000"/>
    <class days="0000100" id="4164" room="214" start="156" weeks="011111111110000000"/>
    <class days="0000100" id="4165" room="214" start="96" weeks="011111111110000000"/>
    <class days="0001000" id="4166" room="90" start="186" weeks="011110111111101111"/>
    <class days="1000000" id="4167" room="121" start="116" weeks="001010101010100010"/>
    <class days="0000100" id="4168" room="271" start="156" weeks="001010101010001010"/>
    <class days="0000100" id="4169" room="274" start="186" weeks="010101010101000101"/>
    <class days="0100000" id="4170" room="259" start="206" weeks="001010101010100010"/>
    <class days="0000100" id="4171" room="114" start="186" weeks="001010101010001010"/>
    <class days="0001000" id="4172" room="100" start="206" weeks="010100101010000000"/>
    <class days="0010000" id="4173" room="100" start="216" weeks="001010010101000000"/>
    <class days="1000000" id="4174" room="100" start="196" weeks="010101010100000000"/>
    <class days="1000000" id="4175" room="100" start="236" weeks="010101010100000000"/>
    <class days="0000100" id="4176" room="100" start="236" weeks="001010101010000000"/>
    <class days="0000100" id="4177" room="100" start="236" weeks="010101010100000000"/>
    <class days="0010000" id="4178" room="177" start="116" weeks="011110111111101111"/>
    <class days="0001000" id="4179" room="259" start="176" weeks="011110111111101111"/>
    <class days="1000000" id="4180" room="259" start="216" weeks="011111111111100111"/>
    <class days="0001000" id="4181" room="259" start="206" weeks="011110111111101111"/>
    <class days="1000000" id="4182" room="279" start="106" weeks="011111111111100111"/>
    <class days="0100000" id="4183" room="8" start="236" weeks="000000001111100111"/>
    <class days="1000000" id="4184" room="261" start="106" weeks="011111111111100111"/>
    <class days="0001000" id="4185" room="261" start="166" weeks="011110111111101111"/>
    <class days="1000000" id="4186" room="261" start="136" weeks="011111111111100111"/>
    <class days="0100000" id="4187" room="261" start="136" weeks="011111111111100111"/>
    <class days="1000000" id="4188" room="91" start="186" weeks="011111111110000000"/>
    <class days="0100000" id="4189" room="88" start="146" weeks="011111111110000000"/>
    <class days="1000000" id="4190" room="121" start="136" weeks="011111111111100111"/>
    <class days="0001000" id="4191" room="267" start="96" weeks="011110111111101111"/>
    <class days="0010000" id="4192" room="267" start="146" weeks="011110111111101111"/>
    <class days="0001000" id="4193" room="8" start="166" weeks="011110111000000000"/>
    <class days="1000000" id="4194" room="278" start="146" weeks="011111111111100111"/>
    <class days="0010000" id="4195" room="278" start="156" weeks="011110111111101111"/>
    <class days="0001000" id="4196" room="278" start="246" weeks="011110111111101111"/>
    <class days="0010000" id="4197" room="271" start="176" weeks="011110111111101111"/>
    <class days="0100000" id="4198" room="262" start="156" weeks="010101010101000101"/>
    <class days="0100000" id="4199" room="121" start="166" weeks="001010101010100010"/>
    <class days="0000100" id="4200" room="121" start="166" weeks="011111111111001111"/>
    <class days="0000100" id="4201" room="253" start="216" weeks="010101010101000101"/>
    <class days="0100000" id="4202" room="259" start="216" weeks="010101010101000101"/>
    <class days="0001000" id="4203" room="151" start="166" weeks="010100101010100101"/>
    <class days="0010000" id="4204" room="265" start="126" weeks="011110111111101111"/>
    <class days="0100000" id="4205" room="263" start="156" weeks="011111111111100111"/>
    <class days="1000000" id="4206" start="132" weeks="011111111111100111"/>
    <class days="0010000" id="4207" start="168" weeks="011110111111101111"/>
    <class days="1000000" id="4208" start="132" weeks="011111111111100111"/>
    <class days="0010000" id="4209" start="168" weeks="011110111111101111"/>
    <class days="1000000" id="4210" start="132" weeks="011111111111100111"/>
    <class days="0010000" id="4211" start="168" weeks="011110111111101111"/>
    <class days="0010000" id="4212" room="121" start="243" weeks="011110111111101111"/>
    <class days="0000100" id="4213" room="136" start="114" weeks="011111111111001111"/>
    <class days="1000000" id="4214" room="270" start="126" weeks="011111111111100111"/>
    <class days="0100000" id="4215" room="114" start="186" weeks="011111111111100111"/>
    <class days="0000100" id="4216" room="284" start="117" weeks="010101010101000101"/>
    <class days="1000000" id="4217" room="274" start="210" weeks="001010101010100010"/>
    <class days="1000000" id="4218" room="274" start="234" weeks="010101010101000101"/>
    <class days="0010000" id="4219" room="177" start="243" weeks="010100101010100101"/>
    <class days="0000100" id="4220" start="222" weeks="001010101010001010"/>
    <class days="0000100" id="4221" room="269" start="150" weeks="010101010101000101"/>
    <class days="0010000" id="4222" room="269" start="116" weeks="011110000000000000"/>
    <class days="1000000" id="4223" room="195" start="166" weeks="011111111110000000"/>
    <class days="0001000" id="4224" room="91" start="136" weeks="011110111111101111"/>
    <class days="0010000" id="4225" room="101" start="156" weeks="011110111111101111"/>
    <class days="1000000" id="4226" room="101" start="106" weeks="011111111111100111"/>
    <class days="1000000" id="4227" room="101" start="136" weeks="011111111111100111"/>
    <class days="0100000" id="4228" room="101" start="146" weeks="011111111111100111"/>
    <class days="0000100" id="4229" room="177" start="222" weeks="001010101010001010"/>
    <class days="0010000" id="4230" room="121" start="207" weeks="010100101010100101"/>
    <class days="0100000" id="4231" room="279" start="192" weeks="001010101010100010"/>
    <class days="1000000" id="4232" start="102" weeks="001010101010100010"/>
    <class days="0100000" id="4233" room="281" start="135" weeks="010101010101000101"/>
    <class days="0001000" id="4234" room="121" start="146" weeks="011110111111101111"/>
    <class days="0000100" id="4235" room="269" start="176" weeks="001010101010001010"/>
    <class days="0100000" id="4236" room="267" start="176" weeks="010101010101000101"/>
    <class days="0100000" id="4237" start="146" weeks="011111111111100111"/>
    <class days="0100000" id="4238" room="91" start="176" weeks="001010101010100010"/>
    <class days="0001000" id="4239" room="177" start="196" weeks="001010010101001010"/>
    <class days="0001000" id="4240" room="267" start="166" weeks="010100101010100101"/>
    <class days="0001000" id="4241" room="72" start="166" weeks="001010010101001010"/>
    <class days="0100000" id="4242" room="93" start="176" weeks="011111111111100111"/>
    <class days="1000000" id="4243" room="93" start="156" weeks="011111111111100111"/>
    <class days="0001000" id="4244" room="121" start="196" weeks="001010010101001010"/>
    <class days="0010000" id="4245" room="274" start="106" weeks="010100101010100101"/>
    <class days="0100000" id="4246" room="186" start="106" weeks="001010101010100010"/>
    <class days="0100000" id="4247" room="269" start="156" weeks="010101010101000101"/>
    <class days="0100000" id="4248" room="271" start="136" weeks="011111111110000000"/>
    <class days="0100000" id="4249" room="274" start="196" weeks="011111110000000000"/>
    <class days="1000000" id="4250" room="267" start="216" weeks="011111110000000000"/>
    <class days="0000100" id="4251" room="214" start="156" weeks="011111111110000000"/>
    <class days="0000100" id="4252" room="213" start="196" weeks="011111111110000000"/>
    <class days="0000100" id="4253" room="213" start="176" weeks="011111111110000000"/>
    <class days="0000100" id="4254" room="292" start="106" weeks="011111111110000000"/>
    <class days="1000000" id="4255" room="269" start="132" weeks="001010101010100010"/>
    <class days="0001000" id="4256" room="284" start="168" weeks="010100101010100101"/>
    <class days="1000000" id="4257" room="284" start="123" weeks="010101010101000101"/>
    <class days="0001000" id="4258" room="259" start="136" weeks="011110111111101111"/>
    <class days="0010000" id="4259" room="121" start="206" weeks="011110111111101111"/>
    <class days="0010000" id="4260" room="72" start="116" weeks="011110111111101111"/>
    <class days="0001000" id="4261" room="253" start="126" weeks="001010010101001010"/>
    <class days="0001000" id="4262" room="253" start="156" weeks="010100101010100101"/>
    <class days="1000000" id="4263" start="136" weeks="011111111110000000"/>
    <class days="0100000" id="4264" room="226" start="116" weeks="011111111110000000"/>
    <class days="0001000" id="4265" room="226" start="176" weeks="011110111111000000"/>
    <class days="0100000" id="4266" room="114" start="166" weeks="011111111111100111"/>
    <class days="0010000" id="4267" room="262" start="146" weeks="011110111111101111"/>
    <class days="0000100" id="4268" room="262" start="136" weeks="011111111111001111"/>
    <class days="0100000" id="4269" start="196" weeks="011111111111100111"/>
    <class days="0000100" id="4270" room="262" start="166" weeks="011111111111001111"/>
    <class days="0001000" id="4271" room="72" start="166" weeks="001010010101001010"/>
    <class days="1000000" id="4272" room="273" start="126" weeks="010101010101000101"/>
    <class days="0001000" id="4273" room="273" start="136" weeks="001010010101001010"/>
    <class days="1000000" id="4274" room="253" start="96" weeks="011111111110000000"/>
    <class days="0001000" id="4275" room="177" start="176" weeks="011110111111000000"/>
    <class days="0100000" id="4276" room="93" start="96" weeks="011111111110000000"/>
    <class days="0000100" id="4277" room="114" start="136" weeks="011111111000000000"/>
    <class days="0000100" id="4278" room="163" start="96" weeks="011111111111001111"/>
    <class days="0001000" id="4279" room="163" start="186" weeks="011110111111101111"/>
    <class days="0000100" id="4280" start="246" weeks="011111111000000000"/>
    <class days="0001000" id="4281" room="163" start="156" weeks="011110111111101111"/>
    <class days="0000100" id="4282" start="156" weeks="010101010101000101"/>
    <class days="0100000" id="4283" room="94" start="186" weeks="011111111111100111"/>
    <class days="1000000" id="4284" room="94" start="146" weeks="011111111111100111"/>
    <class days="1000000" id="4285" room="88" start="96" weeks="011111111111100111"/>
    <class days="0000100" id="4286" room="121" start="126" weeks="010101010101000101"/>
    <class days="0100000" id="4287" room="253" start="96" weeks="011111111110000000"/>
    <class days="0100000" id="4288" room="114" start="206" weeks="011111110000000000"/>
    <class days="0010000" id="4289" start="141" weeks="011110111111101111"/>
    <class days="0010000" id="4290" start="141" weeks="011110111111101111"/>
    <class days="0010000" id="4291" start="141" weeks="011110111111101111"/>
    <class days="0010000" id="4292" start="141" weeks="011110111111101111"/>
    <class days="0100000" id="4293" room="270" start="226" weeks="011111111110000000"/>
    <class days="0001000" id="4294" room="273" start="246" weeks="011110111111000000"/>
    <class days="0100000" id="4295" room="121" start="126" weeks="010101010101000101"/>
    <class days="1000000" id="4296" room="224" start="196" weeks="001010101010100010"/>
    <class days="0010000" id="4297" room="224" start="246" weeks="001010010101001010"/>
    <class days="0100000" id="4298" start="186" weeks="001010101010100010"/>
    <class days="0001000" id="4299" room="271" start="156" weeks="010100101010100101"/>
    <class days="0100000" id="4300" room="121" start="216" weeks="001010101010100010"/>
    <class days="0100000" id="4301" room="253" start="146" weeks="001010101010100010"/>
    <class days="0010000" id="4302" room="253" start="146" weeks="001010010101001010"/>
    <class days="0001000" id="4303" room="253" start="126" weeks="010100101010100101"/>
    <class days="1000000" id="4304" room="270" start="106" weeks="011111111111100111"/>
    <class days="0100000" id="4305" room="91" start="136" weeks="010101010101000101"/>
    <class days="0100000" id="4306" room="253" start="226" weeks="010101010101000101"/>
    <class days="0001000" id="4307" room="186" start="246" weeks="011110111111101111"/>
    <class days="0010000" id="4308" room="267" start="206" weeks="011110111111101111"/>
    <class days="1000000" id="4309" room="158" start="136" weeks="011111111111100111"/>
    <class days="0100000" id="4310" room="158" start="106" weeks="011111111111100111"/>
    <class days="0010000" id="4311" room="265" start="226" weeks="010100101010100101"/>
    <class days="0010000" id="4312" room="279" start="146" weeks="010100101010100101"/>
    <class days="0000100" id="4313" room="269" start="116" weeks="010101010101000101"/>
    <class days="0000100" id="4314" room="253" start="136" weeks="011111111111001111"/>
    <class days="0100000" id="4315" room="270" start="156" weeks="010101010101000101"/>
    <class days="0001000" id="4316" room="228" start="166" weeks="011110111111101111"/>
    <class days="0010000" id="4317" room="274" start="246" weeks="001010010101001010"/>
    <class days="0010000" id="4318" room="195" start="206" weeks="011110111111101111"/>
    <class days="0000100" id="4319" room="269" start="96" weeks="011111111111001111"/>
    <class days="0000100" id="4320" room="269" start="246" weeks="011111111111001111"/>
    <class days="1000000" id="4321" room="90" start="96" weeks="001010101010100010"/>
    <class days="0010000" id="4322" room="91" start="106" weeks="011110111111101111"/>
    <class days="0000100" id="4323" room="263" start="96" weeks="011111111111001111"/>
    <class days="0100000" id="4324" room="279" start="147" weeks="011111111111100111"/>
    <class days="1000000" id="4325" room="90" start="222" weeks="010101010101000101"/>
    <class days="0001000" id="4326" room="121" start="144" weeks="010100101010100101"/>
    <class days="0100000" id="4327" room="271" start="228" weeks="001010101010100010"/>
    <class days="0010000" id="4328" start="96" weeks="011110111111101111"/>
    <class days="0010000" id="4329" start="96" weeks="011110111111101111"/>
    <class days="0010000" id="4330" start="96" weeks="011110111111101111"/>
    <class days="0010000" id="4331" start="96" weeks="011110111111101111"/>
    <class days="0000100" id="4332" room="93" start="156" weeks="011111111111001111"/>
    <class days="0001000" id="4333" room="271" start="196" weeks="011110111000000000"/>
    <class days="1000000" id="4334" room="101" start="216" weeks="001010101010100010"/>
    <class days="0001000" id="4335" room="270" start="216" weeks="001010010101001010"/>
    <class days="0100000" id="4336" room="262" start="96" weeks="011111111111100111"/>
    <class days="0100000" id="4337" room="91" start="126" weeks="001010101010100010"/>
    <class days="0001000" id="4338" room="104" start="236" weeks="010100101010100101"/>
    <class days="0001000" id="4339" room="104" start="136" weeks="010100101010100101"/>
    <class days="0001000" id="4340" room="279" start="126" weeks="011110111111101111"/>
    <class days="0010000" id="4341" room="93" start="126" weeks="001010010101001010"/>
    <class days="0001000" id="4342" room="93" start="106" weeks="010100101010100101"/>
    <class days="0000100" id="4343" room="177" start="176" weeks="010101010101000101"/>
    <class days="1000000" id="4344" room="104" start="206" weeks="011111111111100111"/>
    <class days="1000000" id="4345" room="104" start="236" weeks="011111111111100111"/>
    <class days="0010000" id="4346" room="271" start="226" weeks="011110111111101111"/>
    <class days="1000000" id="4347" room="102" start="96" weeks="011111111111100111"/>
    <class days="0100000" id="4348" room="102" start="166" weeks="011111111111100111"/>
    <class days="1000000" id="4349" room="72" start="246" weeks="010101010101000101"/>
    <class days="0001000" id="4350" room="151" start="136" weeks="001010010101001010"/>
    <class days="0001000" id="4351" room="279" start="186" weeks="010100101010100101"/>
    <class days="0010000" id="4352" room="279" start="166" weeks="010100101010100101"/>
    <class days="0100000" id="4353" room="114" start="126" weeks="011111111111100111"/>
    <class days="1000000" id="4354" room="186" start="116" weeks="011111111111100111"/>
    <class days="1000000" id="4355" room="284" start="198" weeks="011111111111100111"/>
    <class days="0100000" id="4356" room="211" start="135" weeks="001010101010100010"/>
    <class days="0010000" id="4357" room="123" start="168" weeks="010100101010100101"/>
    <class days="0100000" id="4358" room="262" start="206" weeks="011111111111100111"/>
    <class days="1000000" id="4359" room="263" start="226" weeks="010101010101000101"/>
    <class days="0100000" id="4360" room="278" start="156" weeks="001010101010100010"/>
    <class days="1000000" id="4361" room="278" start="176" weeks="010101010101000101"/>
    <class days="1000000" id="4362" room="264" start="116" weeks="011111111111100111"/>
    <class days="0010000" id="4363" room="8" start="156" weeks="001010010101001010"/>
    <class days="0100000" id="4364" room="101" start="106" weeks="001010101010100010"/>
    <class days="0010000" id="4365" room="101" start="136" weeks="010100101010100101"/>
    <class days="0001000" id="4366" room="292" start="206" weeks="011110111111101111"/>
    <class days="0010000" id="4367" room="279" start="166" weeks="001010010101001010"/>
    <class days="1000000" id="4368" room="88" start="126" weeks="010101010101000101"/>
    <class days="0000100" id="4369" room="214" start="186" weeks="010101010101000101"/>
    <class days="0000100" id="4370" room="214" start="176" weeks="001010101010001010"/>
    <class days="0010000" id="4371" room="253" start="166" weeks="001010010101001010"/>
    <class days="0001000" id="4372" room="158" start="206" weeks="010100101010100101"/>
    <class days="0001000" id="4373" room="158" start="136" weeks="010100101010100101"/>
    <class days="1000000" id="4374" room="8" start="126" weeks="001010101010100010"/>
    <class days="0001000" id="4375" room="265" start="126" weeks="001010010101001010"/>
    <class days="0100000" id="4376" room="265" start="196" weeks="011111111111100111"/>
    <class days="0100000" id="4377" room="265" start="176" weeks="010101010101000101"/>
    <class days="0001000" id="4378" room="265" start="206" weeks="001010010101001010"/>
    <class days="0001000" id="4379" room="265" start="166" weeks="010100101010100101"/>
    <class days="1000000" id="4380" room="273" start="126" weeks="001010101010100010"/>
    <class days="0000100" id="4381" room="8" start="166" weeks="010101010101000101"/>
    <class days="0010000" id="4382" room="123" start="96" weeks="011110111000000000"/>
    <class days="0010000" id="4383" room="195" start="147" weeks="011110111000000000"/>
    <class days="1000000" id="4384" room="195" start="236" weeks="011111111111100111"/>
    <class days="0001000" id="4385" room="121" start="166" weeks="011110111111101111"/>
    <class days="0100000" id="4386" room="186" start="146" weeks="011111111111100111"/>
    <class days="0010000" id="4387" room="265" start="236" weeks="010100101010100101"/>
    <class days="0001000" id="4388" room="265" start="186" weeks="001010010101001010"/>
    <class days="0010000" id="4389" room="177" start="136" weeks="011110111111000000"/>
    <class days="0000100" id="4390" room="265" start="136" weeks="011111111110000000"/>
    <class days="0001000" id="4391" room="274" start="166" weeks="011110111111000000"/>
    <class days="0000100" id="4392" room="267" start="126" weeks="011111111110000000"/>
    <class days="1000000" id="4393" room="91" start="116" weeks="011111111110000000"/>
    <class days="0000100" id="4394" start="102" weeks="011111111111001111"/>
    <class days="0001000" id="4395" room="269" start="216" weeks="011110111111101111"/>
    <class days="0001000" id="4396" room="257" start="146" weeks="011110111111000000"/>
    <class days="0100000" id="4397" room="257" start="126" weeks="011111111110000000"/>
    <class days="0000100" id="4398" room="257" start="186" weeks="011111111110000000"/>
    <class days="0000100" id="4399" room="271" start="116" weeks="011111111111001111"/>
    <class days="0000100" id="4400" room="102" start="136" weeks="011111111111001111"/>
    <class days="0010000" id="4401" room="102" start="126" weeks="011110111111101111"/>
    <class days="1000000" id="4402" room="102" start="226" weeks="011111111111100111"/>
    <class days="0100000" id="4403" room="263" start="206" weeks="001010101010100010"/>
    <class days="0000100" id="4404" room="163" start="96" weeks="011111111111001111"/>
    <class days="0100000" id="4405" room="270" start="176" weeks="001010101010100010"/>
    <class days="0000100" id="4406" room="279" start="206" weeks="010101010101000101"/>
    <class days="0000100" id="4407" room="274" start="126" weeks="010101010101000101"/>
    <class days="0001000" id="4408" room="8" start="136" weeks="011110111000000000"/>
    <class days="0000100" id="4409" room="278" start="226" weeks="011111111111001111"/>
    <class days="0000100" id="4410" room="278" start="106" weeks="011111111111001111"/>
    <class days="0100000" id="4411" room="123" start="196" weeks="011111111111100111"/>
    <class days="0100000" id="4412" room="267" start="146" weeks="011111111111100111"/>
    <class days="0001000" id="4413" room="186" start="186" weeks="011110111111101111"/>
    <class days="0000100" id="4414" room="100" start="146" weeks="010101010101000101"/>
    <class days="0000100" id="4415" room="100" start="106" weeks="010101010101000101"/>
    <class days="1000000" id="4416" start="132" weeks="011111111111100111"/>
    <class days="0010000" id="4417" start="168" weeks="011110111111101111"/>
    <class days="1000000" id="4418" start="132" weeks="011111111111100111"/>
    <class days="0010000" id="4419" start="168" weeks="011110111111101111"/>
    <class days="0010000" id="4420" room="253" start="196" weeks="011110111111101111"/>
    <class days="1000000" id="4421" room="257" start="126" weeks="011111111000000000"/>
    <class days="0000100" id="4422" room="177" start="198" weeks="011111111111001111"/>
    <class days="1000000" id="4423" room="8" start="168" weeks="011111111111100111"/>
    <class days="0001000" id="4424" room="114" start="237" weeks="011110111111101111"/>
    <class days="1000000" id="4425" room="90" start="116" weeks="011111111111100111"/>
    <class days="0010000" id="4426" room="90" start="196" weeks="010100101010100101"/>
    <class days="0100000" id="4427" room="269" start="206" weeks="011111111111100111"/>
    <class days="0010000" id="4428" room="228" start="176" weeks="011110111111101111"/>
    <class days="0100000" id="4429" room="177" start="166" weeks="011111111111100111"/>
    <class days="0100000" id="4430" room="273" start="106" weeks="010101010101000101"/>
    <class days="1000000" id="4431" room="278" start="96" weeks="010101010101000101"/>
    <class days="0100000" id="4432" room="151" start="96" weeks="010101010101000101"/>
    <class days="0000100" id="4433" room="151" start="96" weeks="001010101010001010"/>
    <class days="0001000" id="4434" room="91" start="156" weeks="011110111111101111"/>
    <class days="0100000" id="4435" room="264" start="136" weeks="010101010101000101"/>
    <class days="0000100" id="4436" room="72" start="243" weeks="011111111110000000"/>
    <class days="0100000" id="4437" room="224" start="165" weeks="011111111110000000"/>
    <class days="0000100" id="4438" room="8" start="117" weeks="011111111110000000"/>
    <class days="1000000" id="4439" room="8" start="216" weeks="011111111111100111"/>
    <class days="0001000" id="4440" room="259" start="236" weeks="011110111111101111"/>
    <class days="0000100" id="4441" room="259" start="136" weeks="011111111111001111"/>
    <class days="1000000" id="4442" room="269" start="106" weeks="011111111110000000"/>
    <class days="0001000" id="4443" room="253" start="176" weeks="011110111111000000"/>
    <class days="0001000" id="4444" room="186" start="216" weeks="011110111100000000"/>
    <class days="0000100" id="4445" room="88" start="96" weeks="011111111111001111"/>
    <class days="0001000" id="4446" room="163" start="96" weeks="011110111111101111"/>
    <class days="0000100" id="4447" room="90" start="146" weeks="011111111110000000"/>
    <class days="0010000" id="4448" room="265" start="156" weeks="011110111111000000"/>
    <class days="0010000" id="4449" room="264" start="96" weeks="011110111111000000"/>
    <class days="0010000" id="4450" room="91" start="136" weeks="001010010101001010"/>
    <class days="0010000" id="4451" room="278" start="206" weeks="011110111111101111"/>
    <class days="0001000" id="4452" room="88" start="126" weeks="011110111111101111"/>
    <class days="0100000" id="4453" room="259" start="106" weeks="011111110000000000"/>
    <class days="1000000" id="4454" room="94" start="216" weeks="011111111110000000"/>
    <class days="0001000" id="4455" room="88" start="226" weeks="011110111111000000"/>
    <class days="0001000" id="4456" room="274" start="96" weeks="011110111111101111"/>
    <class days="0100000" id="4457" room="121" start="226" weeks="001010101010100010"/>
    <class days="0000100" id="4458" room="271" start="96" weeks="001010101010001010"/>
    <class days="0000100" id="4459" start="159" weeks="011111111111001111"/>
    <class days="0000100" id="4460" room="264" start="216" weeks="001010101010001010"/>
    <class days="0000100" id="4461" room="273" start="226" weeks="010101010101000101"/>
    <class days="1000000" id="4462" room="265" start="186" weeks="010101010101000101"/>
    <class days="1000000" id="4463" room="257" start="206" weeks="001010101010100010"/>
    <class days="0100000" id="4464" room="257" start="166" weeks="001010101010100010"/>
    <class days="0100000" id="4465" room="274" start="216" weeks="010101010101000101"/>
    <class days="0100000" id="4466" room="94" start="236" weeks="001010101010100010"/>
    <class days="1000000" id="4467" room="269" start="156" weeks="011111111111100111"/>
    <class days="1000000" id="4468" room="264" start="136" weeks="010101010101000101"/>
    <class days="0001000" id="4469" room="8" start="126" weeks="000000000111101111"/>
    <class days="0010000" id="4470" room="257" start="146" weeks="001010010000000000"/>
    <class days="0010000" id="4471" room="257" start="176" weeks="010100101000000000"/>
    <class days="1000000" id="4472" room="269" start="96" weeks="001010101010100010"/>
    <class days="0010000" id="4473" room="267" start="96" weeks="001010010101001010"/>
    <class days="0001000" id="4474" room="274" start="126" weeks="001010010101001010"/>
    <class days="0001000" id="4475" room="114" start="146" weeks="001010010101001010"/>
    <class days="1000000" id="4476" room="114" start="196" weeks="010101010101000101"/>
    <class days="0010000" id="4477" start="96" weeks="011110111111101111"/>
    <class days="0100000" id="4478" room="264" start="96" weeks="010101010101000101"/>
    <class days="1000000" id="4479" room="72" start="116" weeks="011111111111100111"/>
    <class days="0010000" id="4480" room="262" start="96" weeks="010100101010100101"/>
    <class days="0010000" id="4481" room="264" start="186" weeks="010100101010100101"/>
    <class days="0010000" id="4482" room="264" start="186" weeks="001010010101001010"/>
    <class days="0010000" id="4483" room="186" start="146" weeks="001010010101001010"/>
    <class days="0010000" id="4484" room="279" start="206" weeks="011110111111101111"/>
    <class days="0000100" id="4485" room="253" start="156" weeks="001010101010001010"/>
    <class days="0000100" id="4486" room="279" start="106" weeks="001010101010001010"/>
    <class days="0001000" id="4487" room="263" start="106" weeks="010100101010100101"/>
    <class days="0100000" id="4488" room="90" start="156" weeks="011111111111100111"/>
    <class days="0001000" id="4489" room="121" start="146" weeks="011110111111101111"/>
    <class days="0010000" id="4490" room="278" start="236" weeks="011110111111101111"/>
    <class days="0100000" id="4491" room="278" start="236" weeks="011111111111100111"/>
    <class days="0000100" id="4492" start="111" weeks="011111111111001111"/>
    <class days="0000100" id="4493" room="121" start="204" weeks="001010101010001010"/>
    <class days="1000000" id="4494" room="274" start="156" weeks="011111111111100111"/>
    <class days="0100000" id="4495" room="224" start="138" weeks="011111111111100111"/>
    <class days="0000100" id="4496" room="91" start="226" weeks="011111110000000000"/>
    <class days="1000000" id="4497" room="226" start="226" weeks="000000001111100111"/>
    <class days="0001000" id="4498" room="94" start="206" weeks="000000000111101111"/>
    <class days="0010000" id="4499" room="269" start="219" weeks="001010010101001010"/>
    <class days="0010000" id="4500" room="90" start="237" weeks="010100101010100101"/>
    <class days="0000100" id="4501" room="274" start="192" weeks="001010101010001010"/>
    <class days="0010000" id="4502" room="265" start="196" weeks="011110111111101111"/>
    <class days="0100000" id="4503" room="265" start="146" weeks="011111111111100111"/>
    <class days="1000000" id="4504" room="121" start="156" weeks="001010101010100010"/>
    <class days="1000000" id="4505" room="186" start="216" weeks="010101010101000101"/>
    <class days="0100000" id="4506" room="186" start="216" weeks="010101010101000101"/>
    <class days="0001000" id="4507" room="271" start="102" weeks="011110111111101111"/>
    <class days="0100000" id="4508" room="259" start="166" weeks="011111111111100111"/>
    <class days="0010000" id="4509" room="259" start="116" weeks="011110111111101111"/>
    <class days="0010000" id="4510" room="271" start="186" weeks="011110111111101111"/>
    <class days="0010000" id="4511" room="186" start="96" weeks="011110111111101111"/>
    <class days="1000000" id="4512" room="186" start="196" weeks="011111111111100111"/>
    <class days="0001000" id="4513" room="265" start="216" weeks="011110111111101111"/>
    <class days="0010000" id="4514" room="253" start="126" weeks="010100101010100101"/>
    <class days="0100000" id="4515" room="91" start="176" weeks="010101010101000101"/>
    <class days="0000100" id="4516" room="263" start="146" weeks="001010101010001010"/>
    <class days="0010000" id="4517" room="263" start="186" weeks="001010010101001010"/>
    <class days="0001000" id="4518" room="264" start="226" weeks="001010010101001010"/>
    <class days="0001000" id="4519" room="91" start="236" weeks="010100101010100101"/>
    <class days="0001000" id="4520" room="114" start="196" weeks="010100101010100101"/>
    <class days="1000000" id="4521" start="132" weeks="011111111111100111"/>
    <class days="0010000" id="4522" start="168" weeks="011110111111101111"/>
    <class days="1000000" id="4523" start="132" weeks="011111111111100111"/>
    <class days="0010000" id="4524" start="168" weeks="011110111111101111"/>
    <class days="0000100" id="4525" room="186" start="136" weeks="011111111111001111"/>
    <class days="0001000" id="4526" room="271" start="226" weeks="011110111111101111"/>
    <class days="0100000" id="4527" room="186" start="176" weeks="011111111111100111"/>
    <class days="0010000" id="4528" room="186" start="126" weeks="011110111111101111"/>
    <class days="0010000" id="4529" room="269" start="237" weeks="001010010101001010"/>
    <class days="1000000" id="4530" room="284" start="219" weeks="011111111111100111"/>
    <class days="0000100" id="4531" room="90" start="237" weeks="011111111111001111"/>
    <class days="1000000" id="4532" room="279" start="176" weeks="001010101010100010"/>
    <class days="1000000" id="4533" room="186" start="176" weeks="001010101010100010"/>
    <class days="0010000" id="4534" room="186" start="126" weeks="010100101010100101"/>
    <class days="1000000" id="4535" room="226" start="156" weeks="011111111111100111"/>
    <class days="0010000" id="4536" room="226" start="126" weeks="011110111111101111"/>
    <class days="0000100" id="4537" room="192" start="166" weeks="011111111111001111"/>
    <class days="0001000" id="4538" room="269" start="236" weeks="011110111111101111"/>
    <class days="0000100" id="4539" room="91" start="206" weeks="011111111111001111"/>
    <class days="0001000" id="4540" room="267" start="196" weeks="011110111111101111"/>
    <class days="1000000" id="4541" room="91" start="246" weeks="001010101010100010"/>
    <class days="0010000" id="4542" room="262" start="246" weeks="010100101010100101"/>
    <class days="0010000" id="4543" room="114" start="206" weeks="010100101010100101"/>
    <class days="0000100" id="4544" room="271" start="206" weeks="001010101010001010"/>
    <class days="0001000" id="4545" room="186" start="226" weeks="011110111111101111"/>
    <class days="0100000" id="4546" room="186" start="226" weeks="011111111111100111"/>
    <class days="0100000" id="4547" room="271" start="96" weeks="010101010101000101"/>
    <class days="0010000" id="4548" room="8" start="106" weeks="011110111111101111"/>
    <class days="0001000" id="4549" room="91" start="116" weeks="011110111111101111"/>
    <class days="0000100" id="4550" room="94" start="236" weeks="011111111111001111"/>
    <class days="0000100" id="4551" room="278" start="176" weeks="011111111111001111"/>
    <class days="0001000" id="4552" room="91" start="206" weeks="011110111111101111"/>
    <class days="0001000" id="4553" room="91" start="186" weeks="001010010101001010"/>
    <class days="0001000" id="4554" room="263" start="226" weeks="010100101010100101"/>
    <class days="0001000" id="4555" room="273" start="186" weeks="001010010101001010"/>
    <class days="1000000" id="4556" room="186" start="226" weeks="011111111111100111"/>
    <class days="0001000" id="4557" room="186" start="156" weeks="011110111111101111"/>
    <class days="0000100" id="4558" start="159" weeks="011111111111001111"/>
    <class days="0000100" id="4559" start="159" weeks="011111111111001111"/>
    <class days="0000100" id="4560" start="159" weeks="011111111111001111"/>
    <class days="0001000" id="4561" room="269" start="116" weeks="011110111111101111"/>
    <class days="1000000" id="4562" room="265" start="136" weeks="011111111111100111"/>
    <class days="0010000" id="4563" room="186" start="146" weeks="011110111111101111"/>
    <class days="0001000" id="4564" room="263" start="106" weeks="011110111111101111"/>
    <class days="0010000" id="4565" room="263" start="116" weeks="011110111111101111"/>
    <class days="0100000" id="4566" room="186" start="126" weeks="001010101010100010"/>
    <class days="0001000" id="4567" room="186" start="206" weeks="011110111111101111"/>
    <class days="1000000" id="4568" room="186" start="146" weeks="011111111111100111"/>
    <class days="0010000" id="4569" room="186" start="206" weeks="011110111111101111"/>
    <class days="0000100" id="4570" room="186" start="96" weeks="011111111111001111"/>
    <class days="1000000" id="4571" room="186" start="136" weeks="011111111111100111"/>
    <class days="0010000" id="4572" start="96" weeks="011110111111101111"/>
    <class days="0010000" id="4573" start="96" weeks="011110111111101111"/>
    <class days="1000000" id="4574" room="262" start="216" weeks="011111111111100111"/>
    <class days="1000000" id="4575" room="265" start="186" weeks="011111111111100111"/>
    <class days="0010000" id="4576" start="186" weeks="011110111111101111"/>
    <class days="0100000" id="4577" room="186" start="176" weeks="011111111111100111"/>
    <class days="0010000" id="4578" room="269" start="186" weeks="011110111111101111"/>
    <class days="1000000" id="4579" room="90" start="196" weeks="011111111111100111"/>
    <class days="0010000" id="4580" room="186" start="156" weeks="011110111111101111"/>
    <class days="0010000" id="4581" room="85" start="146" weeks="011110111111101111"/>
    <class days="0100000" id="4582" room="85" start="116" weeks="011111111111100111"/>
    <class days="0001000" id="4583" room="265" start="126" weeks="010100101010100101"/>
    <class days="1000000" id="4584" room="259" start="236" weeks="011111111111100111"/>
    <class days="0010000" id="4585" room="72" start="136" weeks="011110111111101111"/>
    <class days="1000000" id="4586" room="82" start="186" weeks="011111111111100111"/>
    <class days="0000100" id="4587" room="8" start="116" weeks="001010101010001010"/>
    <class days="0000100" id="4588" room="273" start="146" weeks="011111111111001111"/>
    <class days="0010000" id="4589" room="186" start="196" weeks="011110111111101111"/>
    <class days="0010000" id="4590" room="186" start="226" weeks="011110111111101111"/>
    <class days="0001000" id="4591" room="269" start="117" weeks="011110111111101111"/>
    <class days="0001000" id="4592" room="91" start="96" weeks="010100101010100101"/>
    <class days="0001000" id="4593" room="91" start="96" weeks="001010010101001010"/>
    <class days="0000100" id="4594" room="121" start="96" weeks="011111111111001111"/>
    <class days="0000100" id="4595" room="101" start="153" weeks="001010101010001010"/>
    <class days="0000100" id="4596" room="114" start="153" weeks="010101010101000101"/>
    <class days="1000000" id="4597" room="101" start="174" weeks="010101010101000101"/>
    <class days="1000000" id="4598" room="270" start="174" weeks="001010101010100010"/>
    <class days="0001000" id="4599" room="270" start="174" weeks="010100101010100101"/>
    <class days="0001000" id="4600" room="270" start="174" weeks="001010010101001010"/>
    <class days="0010000" id="4601" room="269" start="96" weeks="011110111111101111"/>
    <class days="0010000" id="4602" room="269" start="96" weeks="011110111111101111"/>
    <class days="1000000" id="4603" room="270" start="207" weeks="001010101010100010"/>
    <class days="1000000" id="4604" room="114" start="207" weeks="001010101010100010"/>
    <class days="0010000" id="4605" room="270" start="156" weeks="010100101010100101"/>
    <class days="0001000" id="4606" room="270" start="216" weeks="010100101010100101"/>
    <class days="0001000" id="4607" room="270" start="216" weeks="001010010101001010"/>
    <class days="0010000" id="4608" room="114" start="207" weeks="001010010101001010"/>
    <class days="0010000" id="4609" room="163" start="234" weeks="001010010101001010"/>
    <class days="0100000" id="4610" room="264" start="105" weeks="001010101010100010"/>
    <class days="0100000" id="4611" room="263" start="216" weeks="010101010101000101"/>
    <class days="1000000" id="4612" room="123" start="177" weeks="001010101010100010"/>
    <class days="0001000" id="4613" room="162" start="240" weeks="001010010101001010"/>
    <class days="1000000" id="4614" room="257" start="180" weeks="001010101010100010"/>
    <class days="0010000" id="4615" room="257" start="93" weeks="001010010101001010"/>
    <class days="0100000" id="4616" room="162" start="210" weeks="010101010101000101"/>
    <class days="0100000" id="4617" room="118" start="186" weeks="001010101010100010"/>
    <class days="0001000" id="4618" room="171" start="222" weeks="010100101010100101"/>
    <class days="0100000" id="4619" room="90" start="174" weeks="010101010101000101"/>
    <class days="0001000" id="4620" room="161" start="135" weeks="010100101010100101"/>
    <class days="0010000" id="4621" room="274" start="171" weeks="011110111111101111"/>
    <class days="0010000" id="4622" room="161" start="144" weeks="011110111111101111"/>
    <class days="1000000" id="4623" room="140" start="180" weeks="010101010101000101"/>
    <class days="0100000" id="4624" room="185" start="96" weeks="011111111111100111"/>
    <class days="0100000" id="4625" room="185" start="126" weeks="011111111111100111"/>
    <class days="0000100" id="4626" room="185" start="96" weeks="011111111111001111"/>
    <class days="0000100" id="4627" room="185" start="126" weeks="011111111111001111"/>
    <class days="1000000" id="4628" room="91" start="96" weeks="011111111111100111"/>
    <class days="0001000" id="4629" room="280" start="96" weeks="011110111111101111"/>
    <class days="0001000" id="4630" room="280" start="138" weeks="011110111111101111"/>
    <class days="1000000" id="4631" room="273" start="150" weeks="011111111111100111"/>
    <class days="1000000" id="4632" room="273" start="171" weeks="011111111111100111"/>
    <class days="0100000" id="4633" room="121" start="96" weeks="011111111111100111"/>
    <class days="0100000" id="4634" room="8" start="117" weeks="001010101010100010"/>
    <class days="0100000" id="4635" room="186" start="117" weeks="010101010101000101"/>
    <class days="0001000" id="4636" room="125" start="141" weeks="011110111100000000"/>
    <class days="0010000" id="4637" room="122" start="216" weeks="011110111100000000"/>
    <class days="0001000" id="4638" room="178" start="196" weeks="000000000011101111"/>
    <class days="0000100" id="4639" room="191" start="168" weeks="001010101010001010"/>
    <class days="1000000" id="4640" start="138" weeks="011111111111100111"/>
    <class days="0010000" id="4641" room="191" start="106" weeks="011000000000000000"/>
    <class days="0100000" id="4642" room="282" start="206" weeks="000111100000000000"/>
    <class days="0001000" id="4643" room="154" start="186" weeks="000000001111000000"/>
    <class days="0010000" id="4644" room="255" start="96" weeks="011110111111101111"/>
    <class days="0100000" id="4645" room="154" start="96" weeks="011111110000000000"/>
    <class days="0001000" id="4646" room="224" start="206" weeks="011110111111101111"/>
    <class days="0010000" id="4647" room="178" start="126" weeks="010100101010100101"/>
    <class days="1000000" id="4648" room="122" start="206" weeks="011111111111100111"/>
    <class days="0100000" id="4649" room="154" start="146" weeks="011111111111100111"/>
    <class days="1000000" id="4650" start="226" weeks="011111111111100111"/>
    <class days="0100000" id="4651" start="226" weeks="011111111111100111"/>
    <class days="1000000" id="4652" room="154" start="96" weeks="001010101010100010"/>
    <class days="1000000" id="4653" room="150" start="96" weeks="010101010101000101"/>
    <class days="0100000" id="4654" room="258" start="196" weeks="001010101010100010"/>
    <class days="0100000" id="4655" room="224" start="226" weeks="011111111111100111"/>
    <class days="0100000" id="4656" start="106" weeks="010101010101000101"/>
    <class days="0010000" id="4657" room="260" start="196" weeks="001010010101001010"/>
    <class days="0000100" id="4658" room="154" start="106" weeks="011111111111001111"/>
    <class days="1000000" id="4659" room="113" start="196" weeks="011111111111100111"/>
    <class days="0001000" id="4660" room="191" start="166" weeks="001010010101001010"/>
    <class days="0100000" id="4661" room="178" start="146" weeks="010101010101000101"/>
    <class days="0010000" id="4662" room="178" start="126" weeks="001010010101001010"/>
    <class days="0100000" id="4663" room="219" start="206" weeks="011111111111100111"/>
    <class days="0100000" id="4664" start="166" weeks="011111110000000000"/>
    <class days="1000000" id="4665" start="156" weeks="011111111111100111"/>
    <class days="0100000" id="4666" room="258" start="226" weeks="011111110000000000"/>
    <class days="1000000" id="4667" room="113" start="226" weeks="011111111111100111"/>
    <class days="0000100" id="4668" room="194" start="156" weeks="011111111111001111"/>
    <class days="0000100" id="4669" room="224" start="189" weeks="011111111111001111"/>
    <class days="0010000" id="4670" room="58" start="222" weeks="011110111000000000"/>
    <class days="0100000" id="4671" room="69" start="192" weeks="000000001000000000"/>
    <class days="1000000" id="4672" room="268" start="96" weeks="011111111111100111"/>
    <class days="0100000" id="4673" room="4" start="180" weeks="011111111111100111"/>
    <class days="0000100" id="4674" room="150" start="206" weeks="011111111111001111"/>
    <class days="0001000" id="4675" room="154" start="144" weeks="011110111111101111"/>
    <class days="0100000" id="4676" room="191" start="102" weeks="011111111111100111"/>
    <class days="1000000" id="4677" room="282" start="116" weeks="011111111111100111"/>
    <class days="0100000" id="4678" room="255" start="116" weeks="011111111111100111"/>
    <class days="0000100" id="4679" room="289" start="126" weeks="011111111111001110"/>
    <class days="0001000" id="4680" room="282" start="228" weeks="001110010011000100"/>
    <class days="0010000" id="4681" room="113" start="159" weeks="011110111000000000"/>
    <class days="0001000" id="4682" room="122" start="201" weeks="011110111111101111"/>
    <class days="0100000" id="4683" room="191" start="198" weeks="011111111111100111"/>
    <class days="1000000" id="4684" room="191" start="216" weeks="011111111111100111"/>
    <class days="1000000" id="4685" room="122" start="96" weeks="010101010101000101"/>
    <class days="0100000" id="4686" room="154" start="116" weeks="011111111111100111"/>
    <class days="0010000" id="4687" room="150" start="206" weeks="011110111111101111"/>
    <class days="0000100" id="4688" room="181" start="206" weeks="010101010101000101"/>
    <class days="0001000" id="4689" room="80" start="228" weeks="011110111111101111"/>
    <class days="0000100" id="4690" room="177" start="108" weeks="001110010011000100"/>
    <class days="1000000" id="4691" room="258" start="136" weeks="000000000111000000"/>
    <class days="0100000" id="4692" room="258" start="246" weeks="000000000111000000"/>
    <class days="0010000" id="4693" room="258" start="236" weeks="000000000011100000"/>
    <class days="0001000" id="4694" room="258" start="246" weeks="000000000011100000"/>
    <class days="0000100" id="4695" room="219" start="226" weeks="000000000111000000"/>
    <class days="0000100" id="4696" room="150" start="146" weeks="001110010011000100"/>
    <class days="0100000" id="4697" room="150" start="216" weeks="011111111111100111"/>
    <class days="1000000" id="4698" room="219" start="166" weeks="000000000111000000"/>
    <class days="0100000" id="4699" room="258" start="226" weeks="000000000111000000"/>
    <class days="0010000" id="4700" room="258" start="206" weeks="000000000011100000"/>
    <class days="0001000" id="4701" room="258" start="166" weeks="000000000011100000"/>
    <class days="0000100" id="4702" room="219" start="96" weeks="000000000111000000"/>
    <class days="0100000" id="4703" room="150" start="216" weeks="011111111111100111"/>
    <class days="0000100" id="4704" room="84" start="177" weeks="011111111111001111"/>
    <class days="1000000" id="4705" room="154" start="219" weeks="011111111111100111"/>
    <class days="1000000" id="4706" room="179" start="120" weeks="000100010001000010"/>
    <class days="0000100" id="4707" room="176" start="96" weeks="011111111111001111"/>
    <class days="0100100" id="4708" start="134" weeks="011111111111101111"/>
    <class days="1000000" id="4709" room="225" start="117" weeks="000010001000100001"/>
    <class days="1000000" id="4710" room="150" start="146" weeks="011111111111100111"/>
    <class days="0010000" id="4711" room="191" start="129" weeks="000010000100100000"/>
    <class days="1000000" id="4712" room="176" start="176" weeks="011111111111100111"/>
    <class days="1000000" id="4713" room="154" start="176" weeks="011111111111100111"/>
    <class days="1000000" id="4714" room="219" start="146" weeks="000100010001000010"/>
    <class days="1000000" id="4715" room="181" start="196" weeks="011111111111100111"/>
    <class days="0010000" id="4716" room="125" start="186" weeks="011110111000000000"/>
    <class days="0100000" id="4717" room="258" start="106" weeks="011111111111100111"/>
    <class days="0000100" id="4718" room="179" start="146" weeks="011111111111001111"/>
    <class days="1000000" id="4719" room="258" start="176" weeks="011111111111100111"/>
    <class days="0010000" id="4720" room="179" start="246" weeks="011110111111101111"/>
    <class days="1000000" id="4721" room="219" start="96" weeks="011111111111100111"/>
    <class days="0010000" id="4722" room="219" start="96" weeks="011110111111101111"/>
    <class days="0100000" id="4723" room="219" start="96" weeks="011111111111100111"/>
    <class days="0001000" id="4724" room="219" start="96" weeks="011110111111101111"/>
    <class days="0100000" id="4725" room="219" start="96" weeks="011111111111100111"/>
    <class days="0001000" id="4726" room="219" start="96" weeks="011110111111101111"/>
    <class days="0100000" id="4727" room="150" start="176" weeks="011111111111100111"/>
    <class days="0010000" id="4728" room="255" start="176" weeks="011110111111101111"/>
    <class days="0000100" id="4729" room="255" start="116" weeks="011111111111001111"/>
    <class days="0000100" id="4730" room="255" start="146" weeks="011111111111001111"/>
    <class days="1000000" id="4731" room="225" start="136" weeks="011111111111100111"/>
    <class days="1000000" id="4732" room="252" start="96" weeks="011111111111100111"/>
    <class days="0010000" id="4733" room="252" start="196" weeks="011110111111101111"/>
    <class days="0001000" id="4734" room="179" start="106" weeks="011110111111101111"/>
    <class days="0010000" id="4735" room="179" start="116" weeks="011110111111101111"/>
    <class days="0001000" id="4736" room="219" start="116" weeks="011110111111101111"/>
    <class days="0000100" id="4737" room="179" start="96" weeks="011111111111001111"/>
    <class days="0010000" id="4738" room="61" start="96" weeks="001110111111101111"/>
    <class days="0010000" id="4739" room="61" start="115" weeks="001110111111101111"/>
    <class days="0010000" id="4740" room="150" start="116" weeks="000000000111101111"/>
    <class days="0001000" id="4741" room="178" start="96" weeks="011110111111101111"/>
    <class days="0001000" id="4742" room="260" start="126" weeks="011110111111101111"/>
    <class days="0010000" id="4743" room="176" start="136" weeks="011110111111101111"/>
    <class days="0000100" id="4744" room="125" start="186" weeks="011111111111001111"/>
    <class days="0010000" id="4745" room="125" start="106" weeks="011110111111101111"/>
    <class days="0010000" id="4746" room="252" start="146" weeks="001010010101001010"/>
    <class days="0000100" id="4747" room="252" start="146" weeks="010101010101000101"/>
    <class days="0010000" id="4748" room="176" start="116" weeks="010100101010100101"/>
    <class days="1000000" id="4749" room="177" start="114" weeks="011111111111100111"/>
    <class days="0010000" id="4750" room="225" start="204" weeks="011110111111101111"/>
    <class days="0100000" id="4751" room="113" start="222" weeks="011111111111100111"/>
    <class days="1000000" id="4752" room="282" start="240" weeks="011111110000000000"/>
    <class days="0000100" id="4753" room="178" start="150" weeks="000000001111001111"/>
    <class days="0100000" id="4754" room="122" start="96" weeks="011111111111100111"/>
    <class days="0010000" id="4755" room="258" start="106" weeks="011110111111101111"/>
    <class days="0000100" id="4756" room="258" start="136" weeks="011111111111001111"/>
    <class days="0001000" id="4757" room="179" start="206" weeks="011110111111101111"/>
    <class days="0000100" id="4758" room="179" start="166" weeks="011111111111001111"/>
    <class days="1000000" id="4759" room="230" start="216" weeks="011111111111100111"/>
    <class days="1000000" id="4760" room="181" start="216" weeks="011111111111100111"/>
    <class days="0010000" id="4761" room="224" start="196" weeks="011110111111101111"/>
    <class days="0010000" id="4762" room="255" start="226" weeks="011110111111101111"/>
    <class days="0010000" id="4763" room="150" start="226" weeks="011110111111101111"/>
    <class days="0000100" id="4764" room="225" start="106" weeks="011111111111001111"/>
    <class days="0010000" id="4765" room="122" start="146" weeks="001010010101001010"/>
    <class days="0100000" id="4766" room="181" start="106" weeks="001010101010100010"/>
    <class days="0100000" id="4767" room="181" start="126" weeks="001010101010100010"/>
    <class days="0010000" id="4768" room="176" start="156" weeks="011110111111101111"/>
    <class days="0001000" id="4769" room="181" start="186" weeks="010100101010100101"/>
    <class days="0100000" id="4770" room="255" start="246" weeks="001010101010100010"/>
    <class days="0010000" id="4771" room="122" start="176" weeks="011110111000000000"/>
    <class days="0010000" id="4772" start="116" weeks="011110111111101111"/>
    <class days="0100000" id="4773" room="181" start="176" weeks="010101010101000101"/>
    <class days="0100000" id="4774" room="252" start="106" weeks="011111111111100111"/>
    <class days="0001000" id="4775" room="258" start="126" weeks="000000001111101111"/>
    <class days="0100000" id="4776" room="282" start="176" weeks="000000000001000000"/>
    <class days="0000100" id="4777" room="252" start="146" weeks="001010101010001010"/>
    <class days="0000100" id="4778" room="252" start="186" weeks="010101010101000101"/>
    <class days="0100000" id="4779" room="224" start="116" weeks="011111111111100111"/>
    <class days="0100000" id="4780" room="176" start="126" weeks="011111111111100111"/>
    <class days="0001000" id="4781" start="186" weeks="011110111111101111"/>
    <class days="0000100" id="4782" room="122" start="126" weeks="011111111111001111"/>
    <class days="0010000" id="4783" room="179" start="226" weeks="000000011111000000"/>
    <class days="0010000" id="4784" room="179" start="226" weeks="000000000000101111"/>
    <class days="0001000" id="4785" room="178" start="136" weeks="011110111111000000"/>
    <class days="1000000" id="4786" room="252" start="116" weeks="011111111111100111"/>
    <class days="0010000" id="4787" room="255" start="156" weeks="011110111000000000"/>
    <class days="0000100" id="4788" room="255" start="246" weeks="000000001111001111"/>
    <class days="0100000" id="4789" room="225" start="116" weeks="010101010101000101"/>
    <class days="0010000" id="4790" room="219" start="156" weeks="011110111111101111"/>
    <class days="1000000" id="4791" room="178" start="186" weeks="011111111111100111"/>
    <class days="0000100" id="4792" room="258" start="186" weeks="011111111110000000"/>
    <class days="0010000" id="4793" room="176" start="96" weeks="011110111111101111"/>
    <class days="0010000" id="4794" room="150" start="186" weeks="011110111111101111"/>
    <class days="0001000" id="4795" room="258" start="96" weeks="000000000000101111"/>
    <class days="0000100" id="4796" start="216" weeks="011111111111001111"/>
    <class days="0001000" id="4797" start="126" weeks="011110111111101111"/>
    <class days="0010000" id="4798" room="178" start="186" weeks="000000001111101111"/>
    <class days="0001000" id="4799" start="186" weeks="000000000000000001"/>
    <class days="1000000" id="4800" room="4" start="146" weeks="011111111111100111"/>
    <class days="1000000" id="4801" start="246" weeks="011111111111100111"/>
    <class days="0010000" id="4802" room="282" start="196" weeks="000000001111101111"/>
    <class days="0000100" id="4803" room="282" start="206" weeks="000000000010000000"/>
    <class days="1000000" id="4804" room="150" start="246" weeks="011111111111100111"/>
    <class days="0100000" id="4805" room="150" start="96" weeks="011111111111100111"/>
    <class days="0010000" id="4806" room="181" start="168" weeks="011110111111101111"/>
    <class days="0001000" id="4807" room="268" start="96" weeks="011110111111101111"/>
    <class days="1000000" id="4808" room="181" start="114" weeks="000000001111100111"/>
    <class days="0001000" id="4809" room="176" start="116" weeks="011110111111101111"/>
    <class days="0010000" id="4810" room="225" start="116" weeks="011110111111101111"/>
    <class days="0000100" id="4811" room="252" start="166" weeks="011111111111001111"/>
    <class days="0100000" id="4812" room="122" start="166" weeks="011111111111100111"/>
    <class days="0100000" id="4813" room="125" start="226" weeks="011111111111100111"/>
    <class days="0001000" id="4814" room="176" start="176" weeks="011110111111101111"/>
    <class days="0010000" id="4815" room="225" start="96" weeks="011110111111101111"/>
    <class days="0000100" id="4816" room="255" start="186" weeks="001010101010001010"/>
    <class days="0001000" id="4817" room="80" start="106" weeks="000000000100000000"/>
    <class days="0100000" id="4818" room="80" start="216" weeks="000000001000000000"/>
    <class days="0100000" id="4819" room="176" start="206" weeks="011111111111100111"/>
    <class days="0000100" id="4820" room="225" start="166" weeks="001010101010001010"/>
    <class days="0001000" id="4821" room="122" start="96" weeks="011110111111101111"/>
    <class days="0010000" id="4822" room="125" start="246" weeks="011110111111101111"/>
    <class days="0001000" id="4823" room="219" start="226" weeks="011110111111101111"/>
    <class days="0001000" id="4824" room="219" start="216" weeks="011110111111101111"/>
    <class days="0100000" id="4825" room="219" start="116" weeks="011111111111100111"/>
    <class days="0000100" id="4826" room="219" start="146" weeks="011111111111001111"/>
    <class days="0001000" id="4827" room="181" start="226" weeks="011110111111101111"/>
    <class days="0001000" id="4828" room="224" start="226" weeks="010100101010100101"/>
    <class days="0010000" id="4829" room="176" start="226" weeks="010100101010100101"/>
    <class days="0001000" id="4830" room="179" start="156" weeks="011110111111101111"/>
    <class days="0000100" id="4831" room="258" start="116" weeks="011111111111001111"/>
    <class days="0001000" id="4832" room="258" start="186" weeks="001010010101001010"/>
    <class days="0100000" id="4833" room="258" start="186" weeks="010101010101000101"/>
    <class days="0010000" id="4834" room="258" start="186" weeks="000000000000001000"/>
    <class days="0010000" id="4835" room="258" start="186" weeks="000100000000000000"/>
    <class days="0010000" id="4836" room="219" start="186" weeks="000000000001000000"/>
    <class days="0010000" id="4837" room="179" start="186" weeks="010000000000000000"/>
    <class days="0010000" id="4838" room="219" start="186" weeks="000000000000000100"/>
    <class days="0010000" id="4839" room="179" start="186" weeks="000000001000000000"/>
    <class days="0010000" id="4840" room="176" start="116" weeks="011110111111101111"/>
    <class days="0100000" id="4841" start="226" weeks="011111111111100111"/>
    <class days="0100000" id="4842" start="196" weeks="011111111111100111"/>
    <class days="1000000" id="4843" start="156" weeks="011111111111100111"/>
    <class days="0000100" id="4844" start="186" weeks="011111111111001111"/>
    <class days="0001000" id="4845" room="224" start="111" weeks="011110111111101111"/>
    <class days="1000000" id="4846" room="255" start="96" weeks="011111111111100111"/>
    <class days="0010000" id="4847" start="166" weeks="011110111111101111"/>
    <class days="0001000" id="4848" room="225" start="136" weeks="001010010101001010"/>
    <class days="1000000" id="4849" room="176" start="116" weeks="001010101010100010"/>
    <class days="0001000" id="4850" room="225" start="156" weeks="010100101010100101"/>
    <class days="1000000" id="4851" room="154" start="228" weeks="001111111111100111"/>
    <class days="0010000" id="4852" room="268" start="156" weeks="001110111111101111"/>
    <class days="0100000" id="4853" room="154" start="177" weeks="001111111111100111"/>
    <class days="0001000" id="4854" room="177" start="236" weeks="001110111111101111"/>
    <class days="0010000" id="4855" room="154" start="236" weeks="001110111111101111"/>
    <class days="0100000" id="4856" room="191" start="146" weeks="001111111111100111"/>
    <class days="1000000" id="4857" room="191" start="240" weeks="001111111111100111"/>
    <class days="0000100" id="4858" room="154" start="222" weeks="001111111111001111"/>
    <class days="0001000" id="4859" room="191" start="246" weeks="001110111111101111"/>
    <class days="1000000" id="4860" room="154" start="201" weeks="001111111111100111"/>
    <class days="1000000" id="4861" room="191" start="141" weeks="001111111111100111"/>
    <class days="0001000" id="4862" room="191" start="114" weeks="001110111111101111"/>
    <class days="1000000" id="4863" room="191" start="168" weeks="001111111111100111"/>
    <class days="0100000" id="4864" room="268" start="196" weeks="001111111111100111"/>
    <class days="0001000" id="4865" room="268" start="240" weeks="001110111111101111"/>
    <class days="1000000" id="4866" room="191" start="114" weeks="001111111111100111"/>
    <class days="0010000" id="4867" room="197" start="206" weeks="001110111111101111"/>
    <class days="0100000" id="4868" room="122" start="116" weeks="011111111111100111"/>
    <class days="0010000" id="4869" room="224" start="226" weeks="011110111111101111"/>
    <class days="0010000" id="4870" room="178" start="166" weeks="011110111111101111"/>
    <class days="1000000" id="4871" room="125" start="196" weeks="011111111111100111"/>
    <class days="0010000" id="4872" room="150" start="106" weeks="011110111111101111"/>
    <class days="0001000" id="4873" room="176" start="96" weeks="010100101010100101"/>
    <class days="0100000" id="4874" room="178" start="146" weeks="001010101010100010"/>
    <class days="0000100" id="4875" room="289" start="206" weeks="011111111111001111"/>
    <class days="0100000" id="4876" room="122" start="106" weeks="011111111110000000"/>
    <class days="0001000" id="4877" room="219" start="186" weeks="011110111111101111"/>
    <class days="0010000" id="4878" room="179" start="176" weeks="000000000000101111"/>
    <class days="0100000" id="4879" room="179" start="126" weeks="011111000000000000"/>
    <class days="0000100" id="4880" room="219" start="126" weeks="000000111110000000"/>
    <class days="0100000" id="4881" room="219" start="226" weeks="011111000000000000"/>
    <class days="0001000" id="4882" room="4" start="186" weeks="000000011111101111"/>
    <class days="1000000" id="4883" room="252" start="156" weeks="000000111111100111"/>
    <class days="1000000" id="4884" room="224" start="126" weeks="001010101010100010"/>
    <class days="1000000" id="4885" room="176" start="106" weeks="010101010101000101"/>
    <class days="0001000" id="4886" room="150" start="196" weeks="011110111111101111"/>
    <class days="0100000" id="4887" room="255" start="146" weeks="011111111111100111"/>
    <class days="0100000" id="4888" room="178" start="196" weeks="011111111111100111"/>
    <class days="0001000" id="4889" room="150" start="126" weeks="011110111111101111"/>
    <class days="0001000" id="4890" room="252" start="166" weeks="011110111111101111"/>
    <class days="0001000" id="4891" room="224" start="166" weeks="011110111111101111"/>
    <class days="0010000" id="4892" start="166" weeks="011110111111101111"/>
    <class days="0100000" id="4893" room="219" start="136" weeks="010101010101000101"/>
    <class days="0010000" id="4894" room="219" start="136" weeks="010100101010100101"/>
    <class days="0100000" id="4895" room="258" start="166" weeks="010101010101000101"/>
    <class days="0010000" id="4896" room="258" start="166" weeks="010100101010100101"/>
    <class days="0010000" id="4897" room="150" start="146" weeks="011110111111101111"/>
    <class days="0001000" id="4898" room="176" start="136" weeks="011110111100000000"/>
    <class days="0000100" id="4899" room="122" start="126" weeks="011111111000000000"/>
    <class days="0001000" id="4900" room="255" start="166" weeks="000000000011101111"/>
    <class days="0001000" id="4901" room="225" start="116" weeks="000000000011101111"/>
    <class days="0001000" id="4902" room="125" start="146" weeks="011110111111101111"/>
    <class days="0100000" id="4903" start="116" weeks="011111111110000000"/>
    <class days="0100000" id="4904" room="122" start="146" weeks="011111111111100111"/>
    <class days="0000100" id="4905" room="224" start="226" weeks="011111111111001111"/>
    <class days="1000000" id="4906" room="122" start="176" weeks="000000001111100111"/>
    <class days="0100000" id="4907" room="150" start="146" weeks="011111111111100111"/>
    <class days="0001000" id="4908" room="252" start="226" weeks="011110111111101111"/>
    <class days="1000000" id="4909" room="225" start="206" weeks="011111111111100111"/>
    <class days="0000100" id="4910" room="122" start="96" weeks="011111111111001111"/>
    <class days="0010000" id="4911" room="178" start="216" weeks="001010010101001010"/>
    <class days="0100000" id="4912" room="181" start="126" weeks="010101010101000101"/>
    <class days="1000000" id="4913" room="178" start="166" weeks="011111111111100111"/>
    <class days="0010000" id="4914" start="236" weeks="011110111111101111"/>
    <class days="0001000" id="4915" room="255" start="226" weeks="011110111111101111"/>
    <class days="0100000" id="4916" start="176" weeks="011111111111100111"/>
    <class days="1000000" id="4917" room="181" start="136" weeks="011111111111100111"/>
    <class days="1000000" id="4918" room="4" start="116" weeks="011111111111100111"/>
    <class days="0001000" id="4919" room="4" start="166" weeks="011110111111101111"/>
    <class days="0000100" id="4920" room="125" start="146" weeks="011111111111001111"/>
    <class days="1000000" id="4921" room="150" start="166" weeks="011111111111100111"/>
    <class days="0010000" id="4922" room="122" start="96" weeks="001010010101001010"/>
    <class days="1000000" id="4923" room="219" start="126" weeks="001010101010100010"/>
    <class days="0000100" id="4924" room="258" start="96" weeks="010101010101000101"/>
    <class days="1000000" id="4925" room="219" start="126" weeks="010101010101000101"/>
    <class days="0000100" id="4926" room="258" start="106" weeks="001010101010001010"/>
    <class days="0000100" id="4927" room="125" start="222" weeks="011111111111001111"/>
    <class days="0100000" id="4928" room="255" start="204" weeks="011111111111100111"/>
    <class days="0010000" id="4929" room="324" start="168" weeks="011110111000000000"/>
    <class days="1000000" id="4930" room="150" start="132" weeks="011111110000000000"/>
    <class days="1000000" id="4931" room="191" start="206" weeks="000000111111100111"/>
    <class days="0001000" id="4932" room="255" start="146" weeks="011110111111101111"/>
    <class days="0100000" id="4933" room="178" start="116" weeks="011111111111100111"/>
    <class days="0001000" id="4934" room="125" start="116" weeks="011110111000000000"/>
    <class days="1000000" id="4935" room="150" start="196" weeks="010101010101000101"/>
    <class days="0010000" id="4936" room="255" start="126" weeks="010100101010100101"/>
    <class days="0010000" id="4937" room="178" start="226" weeks="010100101010100101"/>
    <class days="1000000" id="4938" room="150" start="106" weeks="001010101010100010"/>
    <class days="0100000" id="4939" room="122" start="186" weeks="011111111111100111"/>
    <class days="0001000" id="4940" room="176" start="206" weeks="000000000010000000"/>
    <class days="0001000" id="4941" room="258" start="206" weeks="000000000000001000"/>
    <class days="0001000" id="4942" room="260" start="206" weeks="000000000010000000"/>
    <class days="1000000" id="4943" room="252" start="216" weeks="000000000000000010"/>
    <class days="1000000" id="4944" room="179" start="196" weeks="000000000000000010"/>
    <class days="1000000" id="4945" room="258" start="196" weeks="000000000000100000"/>
    <class days="1000000" id="4946" room="179" start="196" weeks="000000000000000001"/>
    <class days="0100000" id="4947" room="125" start="106" weeks="011111000000000000"/>
    <class days="0001000" id="4948" room="125" start="216" weeks="000000000011101111"/>
    <class days="0000100" id="4949" room="122" start="176" weeks="000000101010001010"/>
    <class days="0000100" id="4950" room="255" start="166" weeks="000000010101000101"/>
    <class days="0001000" id="4951" room="224" start="136" weeks="000000000111101111"/>
    <class days="0010000" id="4952" room="258" start="196" weeks="000000001000000000"/>
    <class days="0010000" id="4953" room="219" start="196" weeks="000000100000000000"/>
    <class days="0010000" id="4954" room="258" start="196" weeks="000000000000000010"/>
    <class days="0010000" id="4955" room="258" start="196" weeks="000000010000000000"/>
    <class days="0010000" id="4956" room="258" start="196" weeks="001000000000000000"/>
    <class days="0010000" id="4957" room="219" start="196" weeks="000000000000000010"/>
    <class days="1000000" id="4958" room="125" start="176" weeks="011111110000000000"/>
    <class days="0100000" id="4959" room="255" start="186" weeks="011111110000000000"/>
    <class days="0100000" id="4960" room="252" start="126" weeks="011111110000000000"/>
    <class days="1000000" id="4961" room="179" start="196" weeks="010000000000000000"/>
    <class days="1000000" id="4962" room="252" start="196" weeks="000001000000000000"/>
    <class days="1000000" id="4963" room="176" start="196" weeks="000000010000000000"/>
    <class days="0010000" id="4964" room="122" start="207" weeks="000000000010000000"/>
    <class days="1000000" id="4965" room="176" start="126" weeks="000000010000000000"/>
    <class days="1000000" id="4966" room="252" start="150" weeks="000001000000000000"/>
    <class days="0000100" id="4967" room="178" start="196" weeks="000000010000000000"/>
    <class days="0100000" id="4968" room="225" start="206" weeks="000000000000000010"/>
    <class days="0000100" id="4969" room="178" start="206" weeks="000001000000000000"/>
    <class days="0001000" id="4970" room="176" start="216" weeks="001010010101001010"/>
    <class days="0000100" id="4971" start="146" weeks="001010101010001010"/>
    <class days="0000100" id="4972" room="176" start="196" weeks="000000000001000000"/>
    <class days="0000100" id="4973" room="260" start="196" weeks="000000000010000000"/>
    <class days="0000100" id="4974" room="181" start="196" weeks="000000001000000000"/>
    <class days="0001000" id="4975" room="178" start="146" weeks="011110111000000000"/>
    <class days="0001000" id="4976" room="178" start="166" weeks="000000000111101111"/>
    <class days="0010000" id="4977" room="225" start="216" weeks="011110111111101111"/>
    <class days="1000000" id="4978" room="255" start="176" weeks="010101010101000101"/>
    <class days="1000000" id="4979" room="252" start="196" weeks="001010101010100010"/>
    <class days="0010000" id="4980" room="258" start="196" weeks="000000000000000100"/>
    <class days="0010000" id="4981" room="258" start="196" weeks="000000000100000000"/>
    <class days="0010000" id="4982" room="219" start="196" weeks="000010000000000000"/>
    <class days="0001000" id="4983" room="225" start="174" weeks="000000000010000000"/>
    <class days="0001000" id="4984" room="176" start="174" weeks="000000000000100000"/>
    <class days="0001000" id="4985" room="260" start="174" weeks="000000000000000100"/>
    <class days="0001000" id="4986" room="219" start="156" weeks="011110111111101111"/>
    <class days="1000000" id="4987" room="122" start="126" weeks="011111111111100111"/>
    <class days="0100000" id="4988" room="252" start="206" weeks="000001111111000000"/>
    <class days="0100000" id="4989" room="122" start="206" weeks="000000000000100000"/>
    <class days="0000100" id="4990" room="225" start="166" weeks="010101010101000101"/>
    <class days="0010000" id="4991" room="181" start="116" weeks="010100101010100101"/>
    <class days="0010000" id="4992" start="146" weeks="011110111111101111"/>
    <class days="0100000" id="4993" room="176" start="106" weeks="011111111111100111"/>
    <class days="1000000" id="4994" room="190" start="216" weeks="011111111111100111"/>
    <class days="1000000" id="4995" room="178" start="106" weeks="011111111111100111"/>
    <class days="0001000" id="4996" start="136" weeks="011110111000000000"/>
    <class days="0000100" id="4997" start="226" weeks="000000001111001111"/>
    <class days="0010000" id="4998" room="181" start="196" weeks="011110111111101111"/>
    <class days="1000000" id="4999" room="225" start="226" weeks="011111111111100111"/>
    <class days="1000000" id="5000" room="255" start="236" weeks="000000111111100111"/>
    <class days="0001000" id="5001" room="255" start="96" weeks="000000011111101111"/>
    <class days="0001000" id="5002" room="181" start="136" weeks="011110111000000000"/>
    <class days="0010000" id="5003" room="224" start="126" weeks="010100101010100101"/>
    <class days="0001000" id="5004" room="122" start="146" weeks="001010010101001010"/>
    <class days="1000000" id="5005" room="219" start="196" weeks="000000000001000000"/>
    <class days="1000000" id="5006" room="219" start="196" weeks="000000000000000010"/>
    <class days="1000000" id="5007" room="219" start="196" weeks="000010000000000000"/>
    <class days="1000000" id="5008" room="176" start="196" weeks="000000000000000100"/>
    <class days="0100000" id="5009" room="260" start="196" weeks="000001000000000000"/>
    <class days="0000100" id="5010" room="225" start="196" weeks="000010000000000000"/>
    <class days="1000000" id="5011" room="176" start="206" weeks="000000000000100000"/>
    <class days="0000100" id="5012" room="255" start="206" weeks="000000000000000100"/>
    <class days="0000100" id="5013" room="225" start="196" weeks="010000000000000000"/>
    <class days="0100000" id="5014" room="260" start="206" weeks="000000100000000000"/>
    <class days="0001000" id="5015" room="181" start="116" weeks="010100101010100101"/>
    <class days="0001000" id="5016" room="122" start="166" weeks="000000001010100101"/>
    <class days="0000100" id="5017" room="252" start="196" weeks="000010000000000000"/>
    <class days="0100000" id="5018" room="260" start="196" weeks="000000010000000000"/>
    <class days="0000100" id="5019" room="225" start="196" weeks="000000001000000000"/>
    <class days="0100000" id="5020" room="252" start="176" weeks="011111111111100111"/>
    <class days="1000000" id="5021" room="224" start="176" weeks="011111111111100111"/>
    <class days="0010000" id="5022" room="252" start="126" weeks="010100101010100101"/>
    <class days="1000000" id="5023" room="260" start="226" weeks="010101010101000101"/>
    <class days="1000000" id="5024" room="125" start="226" weeks="001010101010100010"/>
    <class days="1000000" id="5025" room="258" start="196" weeks="000010000000000000"/>
    <class days="1000000" id="5026" room="260" start="196" weeks="010000000000000000"/>
    <class days="1000000" id="5027" room="219" start="196" weeks="000000100000000000"/>
    <class days="0010000" id="5028" room="219" start="196" weeks="000100000000000000"/>
    <class days="0010000" id="5029" room="258" start="196" weeks="010000000000000000"/>
    <class days="0010000" id="5030" room="258" start="196" weeks="000000100000000000"/>
    <class days="0010000" id="5031" room="192" start="138" weeks="011110111111101111"/>
    <class days="0100000" id="5032" room="192" start="186" weeks="011111111111100111"/>
    <class days="0000100" id="5033" room="226" start="105" weeks="011111111111001111"/>
    <class days="0000100" id="5034" room="226" start="183" weeks="011111111111001111"/>
    <class days="0001000" id="5035" room="228" start="219" weeks="011110111111101111"/>
    <class days="0000100" id="5036" room="195" start="198" weeks="011111111111001111"/>
    <class days="0000100" id="5037" room="228" start="168" weeks="011111111111001111"/>
    <class days="0000100" id="5038" room="195" start="138" weeks="011111111111001111"/>
    <class days="0001000" id="5039" room="228" start="117" weeks="011110111111101111"/>
    <class days="0001000" id="5040" room="195" start="180" weeks="011110111111101111"/>
    <class days="0000100" id="5041" room="143" start="171" weeks="011111111111001111"/>
    <class days="0001000" id="5042" room="226" start="219" weeks="011110111111101111"/>
    <class days="0001000" id="5043" room="228" start="210" weeks="011110111111101111"/>
    <class days="0000100" id="5044" room="228" start="105" weeks="011111111111001111"/>
    <class days="0100000" id="5045" room="228" start="153" weeks="011111111111100111"/>
    <class days="0000100" id="5046" room="226" start="213" weeks="011111111111001111"/>
    <class days="0001000" id="5047" room="228" start="135" weeks="011110111111101111"/>
    <class days="0100000" id="5048" room="192" start="183" weeks="011111111111100111"/>
    <class days="0000100" id="5049" room="143" start="120" weeks="011111111111001111"/>
    <class days="0001000" id="5050" room="192" start="99" weeks="011110111111101111"/>
    <class days="0010000" id="5051" room="226" start="231" weeks="011110111111101111"/>
    <class days="0000100" id="5052" room="143" start="207" weeks="011111111111001111"/>
    <class days="0010000" id="5053" room="226" start="192" weeks="011110111111101111"/>
    <class days="0001000" id="5054" room="143" start="123" weeks="011110111111101111"/>
    <class days="0000100" id="5055" room="192" start="135" weeks="011111111111001111"/>
    <class days="0000100" id="5056" room="228" start="213" weeks="011111111111001111"/>
    <class days="0000100" id="5057" room="192" start="189" weeks="011111111111001111"/>
    <class days="0001000" id="5058" room="195" start="111" weeks="011110111111101111"/>
    <class days="1000000" id="5059" room="192" start="177" weeks="011111111111100111"/>
    <class days="0100000" id="5060" room="192" start="246" weeks="011111111111100111"/>
    <class days="0100000" id="5061" room="143" start="108" weeks="011111111111100111"/>
    <class days="0010000" id="5062" room="143" start="168" weeks="011110111111101111"/>
    <class days="1000000" id="5063" room="228" start="174" weeks="011111111111100111"/>
    <class days="0100000" id="5064" room="195" start="171" weeks="011111111111100111"/>
    <class days="0100000" id="5065" room="228" start="105" weeks="011111111111100111"/>
    <class days="0010000" id="5066" room="195" start="216" weeks="011110111111101111"/>
    <class days="0100000" id="5067" room="228" start="216" weeks="011111111111100111"/>
    <class days="1000000" id="5068" room="195" start="189" weeks="011111111111100111"/>
    <class days="0100000" id="5069" room="195" start="114" weeks="011111111111100111"/>
    <class days="0000100" id="5070" room="228" start="195" weeks="011111111111001111"/>
    <class days="0010000" id="5071" room="195" start="105" weeks="011110111111101111"/>
    <class days="0100000" id="5072" room="228" start="234" weeks="011111111111100111"/>
    <class days="0100000" id="5073" room="195" start="141" weeks="011111111111100111"/>
    <class days="0100000" id="5074" room="228" start="174" weeks="011111111111100111"/>
    <class days="0001000" id="5075" room="195" start="159" weeks="011110111111101111"/>
    <class days="1000000" id="5076" room="228" start="108" weeks="011111111111100111"/>
    <class days="1000000" id="5077" room="195" start="114" weeks="011111111111100111"/>
    <class days="0010000" id="5078" room="195" start="243" weeks="011110111111101111"/>
    <class days="0000100" id="5079" room="195" start="168" weeks="011111111111001111"/>
    <class days="0001000" id="5080" room="228" start="108" weeks="011110111111101111"/>
    <class days="0000100" id="5081" room="166" start="147" weeks="011111111111001111"/>
</solution>
