fes;time;f
1;125;2147487793
8;297;2147487792
9;313;2147487791
12;359;2147487790
15;422;2147487789
22;547;2147487788
24;578;2147487786
32;703;2147487785
33;734;2147487784
35;766;2147487783
44;922;2147487782
49;1016;2147487781
53;1078;2147487780
54;1094;2147487779
55;1094;2147487778
59;1156;2147487777
63;1203;2147487775
64;1219;2147487773
66;1250;2147487772
67;1266;2147487771
69;1297;2147487755
70;1297;2147487754
71;1312;2147487752
73;1344;2147487751
75;1375;2147487750
83;1484;2147487749
93;1625;2147487747
94;1640;2147487745
100;1719;2147487743
102;1750;2147487741
111;1875;2147487740
112;1890;2147487739
123;2031;2147487738
128;2109;2147487737
129;2125;2147487736
132;2156;2147487735
134;2187;2147487732
135;2203;2147487730
140;2265;2147487728
141;2281;2147487727
143;2312;2147487726
144;2328;2147487723
145;2328;2147487722
146;2343;2147487720
156;2484;2147487719
157;2500;2147487718
158;2515;2147487717
164;2593;2147487716
168;2656;2147487715
179;2796;2147487714
183;2859;2147487713
184;2875;2147487712
188;2921;2147487711
191;2953;2147487710
200;3078;2147487706
209;3203;2147487705
210;3218;2147487703
211;3234;2147487702
214;3265;2147487701
225;3421;2147487699
228;3468;2147487697
231;3499;2147487696
235;3546;2147487695
240;3624;2147487694
246;3718;2147487693
247;3718;2147487692
248;3734;2147487691
250;3765;2147487690
252;3796;2147487688
256;3843;2147487687
259;3890;2147487685
268;4015;2147487684
269;4031;2147487683
275;4109;2147487680
284;4234;2147487679
287;4280;2147487677
294;4374;2147487673
295;4390;2147487672
296;4405;2147487671
297;4421;2147487669
300;4452;2147487666
312;4624;2147487665
313;4640;2147487664
316;4671;2147487662
320;4734;2147487658
323;4780;2147487657
335;4937;2147487656
339;4983;2147487655
341;5015;2147487651
352;5171;2147487650
356;5233;2147487648
361;5292;2147487647
367;5385;2147487645
368;5385;2147487642
369;5401;2147487638
374;5464;2147487637
375;5495;2147487636
381;5573;2147487635
383;5604;2147487634
384;5620;2147487633
391;5698;2147487632
397;5792;2147487631
405;5901;2147487630
407;5932;2147487629
419;6088;2147487628
421;6120;2147487627
428;6213;2147487626
434;6291;2147487624
452;6526;2147487623
454;6557;2147487622
456;6588;2147487621
460;6635;2147487620
461;6651;2147487619
464;6682;2147487618
465;6698;2147487617
467;6729;2147487616
472;6807;2147487615
475;6838;2147487614
476;6854;2147487613
478;6885;2147487611
486;6994;2147487610
494;7104;2147487609
496;7135;2147487608
507;7291;2147487603
509;7322;2147487602
510;7322;2147487601
516;7416;2147487598
517;7432;2147487596
522;7494;2147487595
523;7510;2147487594
525;7526;2147487593
526;7541;2147487592
542;7760;2147487591
545;7807;2147487590
548;7854;2147487589
551;7885;2147487588
558;7994;2147487587
562;8057;2147487585
566;8119;2147487580
574;8228;2147487579
577;8275;2147487578
583;8353;2147487574
589;8432;2147487573
593;8494;2147487572
594;8494;2147487567
595;8510;2147487565
599;8572;2147487564
602;8603;2147487563
605;8650;2147487560
610;8713;2147487559
612;8744;2147487558
615;8775;2147487557
616;8791;2147487554
618;8822;2147487553
619;8838;2147487544
620;8853;2147487542
632;9010;2147487541
635;9056;2147487539
638;9103;2147487538
640;9119;2147487537
649;9244;2147487536
654;9322;2147487535
656;9338;2147487533
659;9384;2147487532
666;9478;2147487531
667;9494;2147487530
668;9509;2147487529
672;9556;2147487528
677;9634;2147487527
682;9697;2147487526
689;9791;2147487524
690;9806;2147487522
695;9869;2147487518
699;9931;2147487517
711;10087;2147487516
714;10119;2147487515
719;10197;2147487514
723;10244;2147487513
731;10353;2147487512
737;10447;2147487511
738;10447;2147487509
747;10572;2147487506
754;10681;2147487505
759;10744;2147487503
761;10775;2147487502
762;10790;2147487499
764;10806;2147487497
769;10869;2147487496
776;10962;2147487495
779;11009;2147487493
782;11056;2147487492
785;11087;2147487491
786;11103;2147487490
788;11134;2147487489
798;11259;2147487488
807;11384;2147487486
808;11400;2147487484
813;11462;2147487483
821;11571;2147487482
827;11650;2147487480
828;11665;2147487479
829;11681;2147487478
847;11915;2147487477
849;11946;2147487476
853;11993;2147487474
855;12025;2147487473
867;12196;2147487472
868;12212;2147487471
877;12321;2147487470
880;12368;2147487469
891;12509;2147487468
892;12524;2147487467
897;12587;2147487466
898;12602;2147487464
902;12665;2147487462
905;12696;2147487461
907;12728;2147487459
913;12806;2147487458
914;12821;2147487457
924;12962;2147487456
929;13024;2147487452
930;13040;2147487451
945;13259;2147487450
948;13305;2147487446
954;13384;2147487445
964;13509;2147487443
965;13524;2147487442
969;13571;2147487440
974;13649;2147487438
977;13680;2147487437
983;13758;2147487435
987;13821;2147487434
998;13962;2147487431
1012;14149;2147487430
1014;14180;2147487426
1018;14227;2147487425
1019;14243;2147487424
1022;14290;2147487423
1032;14415;2147487422
1045;14586;2147487421
1046;14602;2147487420
1070;14930;2147487418
1071;14946;2147487415
1073;14977;2147487412
1077;15039;2147487410
1078;15039;2147487408
1080;15071;2147487406
1082;15102;2147487405
1084;15133;2147487404
1085;15149;2147487403
1094;15274;2147487402
1095;15274;2147487401
1096;15289;2147487400
1099;15336;2147487399
1105;15414;2147487398
1121;15633;2147487397
1126;15696;2147487395
1127;15711;2147487393
1129;15742;2147487392
1151;16039;2147487390
1158;16133;2147487388
1163;16195;2147487385
1165;16211;2147487384
1174;16336;2147487383
1199;16680;2147487382
1200;16695;2147487381
1208;16805;2147487358
1210;16820;2147487357
1215;16898;2147487356
1217;16930;2147487354
1222;16992;2147487350
1223;17008;2147487349
1224;17008;2147487348
1225;17023;2147487346
1230;17101;2147487344
1232;17117;2147487342
1233;17133;2147487341
1235;17164;2147487340
1238;17195;2147487339
1244;17273;2147487338
1245;17289;2147487336
1259;17476;2147487332
1260;17492;2147487331
1262;17523;2147487330
1266;17570;2147487328
1273;17664;2147487326
1274;17679;2147487324
1277;17726;2147487323
1287;17851;2147487322
1290;17898;2147487320
1299;18023;2147487317
1300;18039;2147487316
1308;18148;2147487314
1312;18207;2147487312
1315;18238;2147487311
1319;18301;2147487310
1328;18426;2147487309
1329;18426;2147487308
1330;18441;2147487306
1334;18504;2147487305
1339;18582;2147487304
1346;18707;2147487302
1359;18879;2147487301
1362;18910;2147487300
1367;18988;2147487299
1379;19144;2147487298
1380;19160;2147487297
1394;19347;2147487296
1395;19363;2147487292
1396;19378;2147487291
1401;19441;2147487290
1405;19503;2147487288
1406;19519;2147487287
1415;19644;2147487284
1417;19675;2147487283
1423;19753;2147487281
1430;19847;2147487280
1434;19894;2147487277
1436;19925;2147487276
1437;19941;2147487275
1446;20066;2147487274
1450;20113;2147487273
1458;20222;2147487271
1460;20253;2147487270
1464;20300;2147487268
1478;20488;2147487265
1484;20566;2147487264
1489;20628;2147487263
1508;20894;2147487261
1511;20925;2147487260
1515;20988;2147487259
1517;21019;2147487257
1520;21050;2147487255
1521;21066;2147487254
1522;21081;2147487251
1525;21112;2147487250
1539;21316;2147487249
1541;21347;2147487246
1542;21347;2147487245
1553;21503;2147487244
1556;21550;2147487242
1562;21628;2147487241
1564;21659;2147487238
1565;21675;2147487237
1599;22128;2147487236
1612;22315;2147487235
1615;22347;2147487234
1617;22378;2147487233
1618;22393;2147487230
1622;22440;2147487229
1626;22503;2147487228
1627;22503;2147487227
1634;22597;2147487226
1638;22659;2147487225
1641;22690;2147487223
1642;22706;2147487222
1647;22784;2147487219
1665;23018;2147487218
1667;23050;2147487216
1680;23221;2147487215
1682;23253;2147487214
1685;23284;2147487212
1688;23331;2147487210
1697;23456;2147487208
1698;23471;2147487206
1703;23534;2147487205
1707;23581;2147487204
1713;23659;2147487203
1714;23674;2147487199
1723;23799;2147487197
1724;23815;2147487195
1731;23909;2147487194
1734;23956;2147487193
1741;24049;2147487189
1743;24065;2147487188
1745;24096;2147487187
1752;24190;2147487181
1759;24284;2147487180
1762;24330;2147487179
1765;24362;2147487178
1769;24424;2147487177
1775;24502;2147487176
1776;24518;2147487175
1785;24627;2147487174
1786;24643;2147487173
1789;24690;2147487170
1796;24784;2147487169
1797;24799;2147487167
1811;24971;2147487166
1814;25018;2147487164
1821;25112;2147487162
1829;25221;2147487161
1836;25315;2147487160
1839;25362;2147487158
1850;25518;2147487157
1853;25549;2147487155
1860;25643;2147487153
1869;25768;2147487152
1870;25783;2147487150
1876;25861;2147487149
1890;26064;2147487147
1895;26127;2147487146
1898;26158;2147487142
1899;26174;2147487141
1912;26346;2147487138
1923;26502;2147487137
1925;26533;2147487136
1929;26580;2147487135
1931;26611;2147487134
1932;26627;2147487132
1939;26721;2147487131
1949;26846;2147487126
1950;26861;2147487119
1952;26892;2147487118
1961;27017;2147487117
1964;27049;2147487116
1968;27111;2147487115
1980;27283;2147487114
1984;27330;2147487112
1990;27408;2147487108
1992;27439;2147487107
2001;27564;2147487106
2002;27564;2147487105
2005;27611;2147487102
2014;27736;2147487101
2017;27783;2147487099
2027;27908;2147487098
2029;27939;2147487097
2038;28064;2147487095
2039;28080;2147487092
2047;28173;2147487091
2048;28189;2147487088
2052;28251;2147487087
2053;28267;2147487085
2071;28517;2147487084
2080;28642;2147487083
2082;28673;2147487082
2105;28986;2147487081
2113;29095;2147487080
2121;29204;2147487079
2123;29220;2147487076
2140;29454;2147487074
2145;29532;2147487073
2148;29579;2147487072
2155;29673;2147487071
2173;29923;2147487070
2179;30001;2147487049
2190;30142;2147487048
2197;30249;2147487047
2198;30249;2147487045
2206;30374;2147487044
2213;30467;2147487043
2215;30483;2147487041
2217;30514;2147487039
2225;30624;2147487037
2227;30655;2147487035
2228;30670;2147487028
2246;30905;2147487027
2250;30967;2147487026
2254;31014;2147487025
2266;31186;2147487024
2268;31202;2147487023
2276;31327;2147487022
2279;31373;2147487020
2283;31420;2147487007
2284;31436;2147487006
2285;31452;2147487005
2297;31608;2147487004
2302;31686;2147487001
2305;31717;2147487000
2308;31764;2147486999
2311;31811;2147486998
2328;32030;2147486997
2332;32092;2147486995
2344;32248;2147486994
2346;32279;2147486993
2351;32358;2147486992
2357;32436;2147486991
2367;32561;2147486990
2370;32607;2147486989
2372;32639;2147486988
2374;32654;2147486986
2380;32732;2147486985
2394;32936;2147486983
2396;32951;2147486982
2414;33201;2147486981
2421;33295;2147486979
2424;33342;2147486978
2429;33404;2147486977
2432;33451;2147486976
2436;33498;2147486975
2438;33529;2147486974
2443;33592;2147486973
2444;33607;2147486971
2445;33623;2147486970
2456;33763;2147486969
2457;33779;2147486965
2464;33873;2147486964
2500;34357;2147486963
2502;34388;2147486962
2508;34466;2147486960
2523;34670;2147486957
2524;34685;2147486954
2527;34716;2147486953
2544;34951;2147486951
2548;35013;2147486950
2565;35232;2147486949
2566;35248;2147486948
2576;35388;2147486945
2598;35669;2147486944
2600;35701;2147486941
2628;36075;2147486939
2632;36138;2147486938
2651;36388;2147486937
2659;36497;2147486935
2668;36622;2147486934
2683;36825;2147486933
2701;37075;2147486932
2707;37153;2147486930
2712;37231;2147486928
2727;37435;2147486927
2729;37466;2147486926
2739;37591;2147486925
2758;37856;2147486924
2759;37856;2147486922
2765;37950;2147486920
2770;38013;2147486918
2772;38044;2147486917
2775;38091;2147486915
2776;38091;2147486913
2778;38122;2147486912
2800;38419;2147486906
2808;38528;2147486903
2810;38559;2147486902
2815;38622;2147486901
2818;38669;2147486899
2819;38684;2147486898
2820;38700;2147486897
2826;38778;2147486896
2834;38887;2147486895
2837;38934;2147486894
2838;38934;2147486893
2841;38981;2147486892
2846;39044;2147486890
2861;39247;2147486884
2862;39262;2147486882
2864;39294;2147486881
2867;39325;2147486880
2868;39340;2147486879
2869;39356;2147486878
2871;39387;2147486877
2875;39450;2147486875
2879;39497;2147486874
2880;39512;2147486873
2882;39528;2147486872
2883;39543;2147486871
2889;39637;2147486870
2894;39700;2147486868
2905;39856;2147486867
2911;39934;2147486866
2930;40184;2147486865
2935;40262;2147486863
2944;40384;2147486862
2947;40416;2147486860
2950;40463;2147486857
2953;40494;2147486856
2956;40541;2147486854
2965;40666;2147486852
2967;40697;2147486850
2969;40712;2147486849
2973;40775;2147486847
2977;40822;2147486843
2980;40853;2147486842
2987;40962;2147486841
2991;41009;2147486840
2993;41041;2147486839
2995;41072;2147486835
3000;41134;2147486834
3008;41244;2147486833
3015;41337;2147486831
3035;41603;2147486830
3042;41697;2147486829
3052;41837;2147486827
3064;42009;2147486825
3065;42025;2147486824
3072;42118;2147486822
3073;42118;2147486821
3077;42181;2147486818
3078;42196;2147486817
3081;42228;2147486816
3084;42275;2147486815
3087;42321;2147486814
3097;42446;2147486813
3101;42509;2147486812
3110;42618;2147486811
3120;42759;2147486810
3125;42821;2147486808
3128;42868;2147486807
3136;42978;2147486806
3141;43056;2147486802
3144;43087;2147486801
3146;43118;2147486799
3147;43134;2147486797
3149;43165;2147486796
3163;43352;2147486795
3165;43384;2147486794
3174;43509;2147486793
3199;43837;2147486792
3202;43884;2147486791
3205;43915;2147486790
3215;44040;2147486787
3219;44102;2147486786
3229;44243;2147486785
3230;44258;2147486784
3233;44290;2147486782
3235;44321;2147486781
3242;44415;2147486780
3243;44430;2147486778
3244;44446;2147486777
3249;44508;2147486773
3260;44649;2147486772
3269;44774;2147486770
3271;44790;2147486769
3278;44883;2147486768
3285;44993;2147486767
3286;44993;2147486764
3288;45024;2147486762
3291;45071;2147486761
3330;45586;2147486760
3336;45664;2147486758
3349;45852;2147486754
3371;46149;2147486751
3378;46252;2147486750
3381;46289;2147486749
3391;46414;2147486748
3399;46523;2147486745
3408;46648;2147486743
3416;46758;2147486742
3424;46867;2147486741
3426;46883;2147486739
3435;47008;2147486738
3438;47054;2147486736
3445;47148;2147486735
3448;47195;2147486734
3451;47226;2147486732
3460;47351;2147486729
3463;47383;2147486727
3465;47414;2147486726
3481;47632;2147486725
3488;47726;2147486724
3494;47804;2147486722
3502;47914;2147486721
3512;48054;2147486720
3513;48070;2147486718
3514;48085;2147486717
3515;48101;2147486716
3523;48195;2147486714
3530;48289;2147486713
3537;48382;2147486712
3549;48554;2147486711
3559;48679;2147486710
3562;48726;2147486709
3567;48788;2147486708
3580;48960;2147486707
3602;49257;2147486706
3610;49351;2147486704
3617;49460;2147486702
3620;49491;2147486701
3621;49507;2147486700
3633;49663;2147486699
3638;49741;2147486698
3641;49773;2147486696
3659;50023;2147486694
3689;50476;2147486693
3694;50538;2147486692
3743;51210;2147486691
3756;51382;2147486690
3758;51413;2147486689
3759;51413;2147486688
3760;51428;2147486686
3776;51663;2147486685
3783;51757;2147486684
3787;51803;2147486683
3797;51944;2147486679
3804;52038;2147486678
3808;52085;2147486677
3818;52225;2147486676
3825;52324;2147486675
3840;52527;2147486674
3853;52714;2147486673
3860;52808;2147486672
3861;52824;2147486670
3865;52871;2147486669
3870;52933;2147486666
3871;52949;2147486665
3879;53058;2147486663
3889;53199;2147486662
3892;53245;2147486661
3925;53698;2147486658
3929;53745;2147486656
3930;53761;2147486655
3938;53870;2147486654
3948;54011;2147486653
3950;54042;2147486652
3958;54136;2147486651
3960;54167;2147486650
3978;54417;2147486649
3982;54464;2147486645
3983;54480;2147486636
3987;54526;2147486634
3992;54605;2147486633
4001;54714;2147486631
4003;54745;2147486630
4004;54761;2147486628
4013;54870;2147486626
4017;54933;2147486625
4025;55042;2147486622
4027;55058;2147486621
4038;55214;2147486619
4040;55229;2147486617
4050;55370;2147486615
4053;55417;2147486613
4057;55464;2147486612
4067;55604;2147486611
4068;55620;2147486610
4082;55792;2147486608
4109;56151;2147486607
4113;56214;2147486604
4115;56245;2147486603
4126;56385;2147486602
4149;56698;2147486601
4155;56776;2147486599
4165;56916;2147486597
4169;56963;2147486595
4174;57026;2147486594
4177;57073;2147486593
4179;57104;2147486592
4182;57135;2147486589
4203;57432;2147486588
4206;57463;2147486586
4211;57526;2147486584
4228;57760;2147486583
4229;57776;2147486582
4249;58041;2147486581
4252;58072;2147486580
4265;58260;2147486578
4266;58276;2147486577
4276;58401;2147486576
4288;58557;2147486575
4293;58635;2147486574
4300;58729;2147486573
4312;58885;2147486570
4317;58947;2147486569
4325;59057;2147486567
4326;59072;2147486565
4328;59104;2147486564
4331;59135;2147486563
4333;59182;2147486562
4341;59275;2147486561
4350;59400;2147486560
4372;59697;2147486555
4381;59806;2147486554
4391;59947;2147486553
4398;60041;2147486552
4418;60315;2147486551
4423;60378;2147486550
4428;60440;2147486549
4435;60534;2147486548
4446;60690;2147486547
4455;60815;2147486546
4457;60846;2147486543
4470;61018;2147486541
4486;61237;2147486540
4487;61252;2147486538
4489;61284;2147486537
4507;61518;2147486536
4510;61565;2147486534
4536;61909;2147486532
4543;62002;2147486531
4548;62080;2147486530
4554;62159;2147486529
4562;62268;2147486527
4564;62299;2147486525
4565;62315;2147486524
4567;62330;2147486523
4574;62424;2147486522
4575;62440;2147486521
4577;62471;2147486520
4590;62643;2147486519
4604;62830;2147486517
4610;62908;2147486516
4612;62940;2147486515
4615;62971;2147486514
4619;63018;2147486512
4620;63033;2147486510
4632;63190;2147486508
4636;63252;2147486506
4639;63283;2147486504
4644;63361;2147486502
4681;63846;2147486501
4703;64158;2147486500
4714;64299;2147486499
4715;64314;2147486498
4718;64346;2147486497
4719;64361;2147486495
4723;64408;2147486494
4734;64564;2147486493
4740;64642;2147486490
4743;64689;2147486489
4754;64830;2147486488
4758;64892;2147486487
4761;64924;2147486486
4765;64986;2147486485
4767;65002;2147486484
4768;65017;2147486483
4769;65033;2147486481
4770;65048;2147486480
4776;65142;2147486479
4784;65236;2147486478
4795;65392;2147486477
4800;65455;2147486476
4807;65548;2147486474
4810;65595;2147486473
4814;65642;2147486472
4816;65673;2147486471
4831;65861;2147486469
4834;65908;2147486467
4842;66017;2147486466
4856;66204;2147486464
4863;66298;2147486463
4864;66314;2147486461
4866;66345;2147486460
4871;66408;2147486459
4879;66517;2147486458
4884;66579;2147486457
4900;66798;2147486456
4907;66892;2147486454
4910;66939;2147486453
4914;66986;2147486451
4916;67017;2147486450
4919;67064;2147486448
4924;67126;2147486446
4926;67157;2147486445
4934;67267;2147486444
4936;67298;2147486443
4939;67329;2147486442
4954;67532;2147486440
4963;67657;2147486439
4978;67845;2147486438
4986;67954;2147486437
4987;67970;2147486436
4999;68141;2147486435
5000;68157;2147486433
5002;68173;2147486432
5027;68532;2147486431
5037;68657;2147486430
5038;68673;2147486429
5042;68735;2147486428
5064;69032;2147486427
5075;69173;2147486426
5094;69438;2147486425
5121;69797;2147486424
5125;69860;2147486423
5129;69907;2147486422
5137;70016;2147486421
5146;70141;2147486420
5172;70485;2147486419
5189;70703;2147486417
5194;70766;2147486416
5202;70891;2147486414
5207;70969;2147486413
5208;70969;2147486412
5252;71563;2147486411
5254;71594;2147486410
5265;71734;2147486409
5268;71781;2147486407
5281;71953;2147486406
5296;72156;2147486405
5318;72455;2147486403
5319;72471;2147486402
5365;73096;2147486401
5409;73674;2147486400
5411;73705;2147486399
5429;73939;2147486398
5456;74314;2147486397
5459;74361;2147486396
5461;74377;2147486394
5478;74611;2147486393
5492;74798;2147486392
5508;75001;2147486390
5514;75080;2147486388
5529;75283;2147486387
5533;75345;2147486385
5540;75423;2147486384
5561;75720;2147486383
5565;75767;2147486382
5570;75845;2147486380
5580;75970;2147486379
5587;76064;2147486378
5590;76111;2147486377
5593;76142;2147486376
5611;76392;2147486375
5615;76439;2147486373
5617;76470;2147486372
5623;76548;2147486370
5629;76626;2147486369
5634;76704;2147486367
5650;76923;2147486366
5656;77001;2147486365
5664;77110;2147486364
5678;77298;2147486363
5683;77376;2147486362
5684;77376;2147486361
5737;78095;2147486360
5738;78095;2147486359
5743;78173;2147486358
5744;78173;2147486357
5745;78188;2147486356
5758;78376;2147486354
5759;78391;2147486353
5764;78454;2147486352
5765;78469;2147486351
5808;79047;2147486350
5825;79282;2147486349
5830;79344;2147486347
5842;79500;2147486346
5845;79547;2147486345
5850;79610;2147486343
5863;79782;2147486341
5866;79829;2147486340
5876;79953;2147486338
5882;80032;2147486337
5892;80172;2147486336
5901;80282;2147486334
5932;80703;2147486333
5938;80781;2147486332
5943;80844;2147486331
5955;81000;2147486330
5958;81047;2147486327
5961;81078;2147486326
5980;81328;2147486325
5995;81531;2147486324
5999;81594;2147486323
6015;81797;2147486322
6024;81922;2147486321
6032;82031;2147486320
6047;82230;2147486319
6052;82308;2147486318
6056;82355;2147486316
6058;82386;2147486314
6059;82402;2147486311
6073;82589;2147486310
6076;82621;2147486308
6077;82636;2147486307
6081;82699;2147486306
6086;82761;2147486305
6108;83058;2147486303
6139;83480;2147486301
6148;83605;2147486300
6151;83636;2147486299
6153;83667;2147486298
6154;83683;2147486297
6164;83808;2147486296
6182;84058;2147486293
6194;84214;2147486291
6204;84355;2147486290
6208;84417;2147486289
6221;84589;2147486288
6248;84948;2147486287
6250;84980;2147486286
6253;85011;2147486285
6257;85073;2147486283
6259;85089;2147486282
6273;85276;2147486281
6280;85370;2147486279
6281;85386;2147486278
6289;85495;2147486277
6312;85807;2147486275
6315;85839;2147486274
6318;85886;2147486273
6342;86198;2147486270
6343;86214;2147486269
6371;86604;2147486268
6376;86667;2147486266
6380;86729;2147486264
6382;86760;2147486263
6388;86839;2147486262
6399;86979;2147486261
6405;87057;2147486258
6434;87448;2147486256
6456;87745;2147486255
6463;87838;2147486254
6467;87901;2147486253
6483;88119;2147486252
6491;88229;2147486251
6520;88619;2147486250
6521;88635;2147486249
6524;88682;2147486248
6550;89041;2147486246
6558;89150;2147486245
6574;89369;2147486244
6595;89635;2147486243
6604;89760;2147486242
6608;89807;2147486240
6611;89853;2147486237
6615;89916;2147486235
6619;89963;2147486234
6633;90150;2147486233
6642;90275;2147486232
6646;90322;2147486231
6651;90400;2147486230
6655;90447;2147486229
6673;90697;2147486228
6677;90744;2147486227
6683;90822;2147486226
6705;91119;2147486225
6709;91181;2147486223
6712;91212;2147486222
6713;91228;2147486221
6722;91351;2147486220
6743;91648;2147486219
6748;91711;2147486217
6750;91742;2147486216
6754;91789;2147486214
6778;92117;2147486213
6781;92164;2147486212
6782;92164;2147486211
6789;92273;2147486210
6799;92398;2147486208
6811;92554;2147486206
6816;92632;2147486205
6818;92648;2147486203
6819;92664;2147486202
6826;92757;2147486201
6834;92867;2147486200
6841;92960;2147486199
6851;93101;2147486195
6860;93226;2147486193
6868;93335;2147486192
6888;93601;2147486191
6890;93632;2147486190
6896;93710;2147486189
6899;93757;2147486186
6920;94038;2147486185
6922;94054;2147486183
6928;94148;2147486182
6932;94195;2147486181
6942;94335;2147486180
6958;94554;2147486179
6959;94569;2147486178
6964;94632;2147486175
6965;94648;2147486174
6982;94882;2147486173
6984;94897;2147486172
6987;94944;2147486171
6999;95116;2147486170
7004;95179;2147486169
7008;95241;2147486168
7011;95272;2147486167
7024;95444;2147486166
7025;95460;2147486165
7036;95616;2147486164
7052;95819;2147486163
7065;95991;2147486162
7067;96022;2147486161
7077;96163;2147486159
7094;96397;2147486158
7100;96475;2147486156
7128;96866;2147486155
7151;97163;2147486154
7157;97241;2147486153
7158;97256;2147486152
7164;97350;2147486150
7173;97475;2147486149
7189;97678;2147486147
7193;97741;2147486146
7207;97928;2147486145
7209;97959;2147486144
7213;98006;2147486143
7216;98053;2147486142
7221;98116;2147486140
7235;98303;2147486139
7250;98515;2147486138
7255;98578;2147486136
7266;98718;2147486135
7270;98781;2147486134
7272;98812;2147486133
7308;99296;2147486132
7316;99406;2147486131
7343;99765;2147486129
7361;99999;2147486128
7363;100030;2147486127
7369;100109;2147486126
7385;100327;2147486125
7388;100374;2147486124
7398;100499;2147486123
7408;100655;2147486121
7423;100843;2147486120
7424;100858;2147486119
7439;101061;2147486118
7445;101140;2147486117
7471;101499;2147486116
7488;101718;2147486115
7495;101811;2147486114
7512;102046;2147486113
7526;102233;2147486112
7568;102802;2147486111
7584;103021;2147486110
7594;103161;2147486108
7608;103349;2147486107
7616;103443;2147486106
7633;103677;2147486105
7634;103677;2147486104
7663;104068;2147486103
7667;104130;2147486102
7671;104177;2147486099
7673;104208;2147486098
7685;104364;2147486097
7687;104396;2147486096
7714;104755;2147486095
7720;104833;2147486094
7741;105114;2147486093
7745;105161;2147486092
7748;105208;2147486090
7750;105239;2147486089
7754;105286;2147486088
7783;105692;2147486086
7793;105817;2147486085
7818;106161;2147486083
7825;106255;2147486082
7842;106504;2147486081
7847;106567;2147486080
7854;106661;2147486079
7875;106942;2147486078
7878;106989;2147486077
7885;107082;2147486076
7889;107129;2147486075
7920;107551;2147486074
7923;107582;2147486072
7926;107629;2147486071
7927;107645;2147486070
7931;107692;2147486069
7936;107770;2147486068
7948;107926;2147486067
7952;107973;2147486066
7963;108129;2147486065
7973;108270;2147486064
7979;108348;2147486063
7980;108363;2147486062
7986;108442;2147486061
7987;108457;2147486060
7996;108567;2147486049
8056;109363;2147486048
8073;109598;2147486047
8080;109691;2147486046
8083;109738;2147486045
8111;110113;2147486043
8118;110207;2147486042
8129;110347;2147486041
8143;110535;2147486040
8186;111113;2147486037
8188;111144;2147486036
8199;111285;2147486034
8200;111300;2147486033
8202;111332;2147486032
8204;111363;2147486031
8223;111608;2147486030
8233;111749;2147486029
8234;111764;2147486027
8243;111889;2147486026
8246;111920;2147486025
8247;111936;2147486024
8259;112092;2147486023
8272;112280;2147486022
8285;112452;2147486021
8286;112467;2147486020
8305;112717;2147486019
8315;112858;2147486018
8333;113092;2147486017
8346;113264;2147486016
8385;113795;2147486015
8396;113936;2147486013
8437;114482;2147486012
8442;114545;2147486011
8446;114607;2147486010
8452;114685;2147486009
8470;114935;2147486008
8472;114967;2147486006
8521;115607;2147486005
8529;115716;2147486004
8535;115795;2147486002
8553;116045;2147486001
8558;116107;2147486000
8562;116154;2147485999
8565;116201;2147485998
8577;116357;2147485997
8578;116373;2147485996
8586;116482;2147485995
8598;116654;2147485993
8634;117154;2147485992
8637;117201;2147485991
8639;117216;2147485990
8644;117294;2147485989
8645;117310;2147485987
8669;117622;2147485986
8708;118138;2147485984
8721;118325;2147485983
8730;118435;2147485982
8737;118528;2147485981
8738;118544;2147485980
8782;119138;2147485978
8806;119466;2147485977
8826;119747;2147485976
8832;119825;2147485975
8852;120090;2147485973
8867;120294;2147485972
8879;120450;2147485971
8900;120744;2147485970
8901;120744;2147485969
8910;120869;2147485968
8946;121354;2147485967
8952;121432;2147485966
8970;121666;2147485964
8972;121697;2147485962
8990;121947;2147485961
9005;122150;2147485958
9021;122369;2147485957
9032;122525;2147485956
9034;122556;2147485955
9036;122572;2147485954
9037;122588;2147485953
9051;122775;2147485952
9079;123150;2147485951
9086;123244;2147485950
9092;123322;2147485948
9093;123337;2147485947
9097;123384;2147485946
9102;123462;2147485945
9111;123572;2147485944
9132;123853;2147485943
9136;123915;2147485942
9149;124087;2147485941
9162;124272;2147485939
9163;124288;2147485938
9171;124397;2147485936
9183;124553;2147485935
9187;124616;2147485934
9196;124725;2147485933
9220;125053;2147485932
9225;125115;2147485931
9233;125225;2147485930
9238;125287;2147485929
9275;125787;2147485928
9281;125865;2147485927
9286;125928;2147485925
9292;126006;2147485924
9299;126100;2147485923
9302;126147;2147485920
9312;126271;2147485919
9313;126287;2147485918
9337;126615;2147485917
9346;126724;2147485916
9348;126756;2147485915
9358;126881;2147485914
9377;127131;2147485912
9379;127162;2147485911
9386;127256;2147485910
9389;127302;2147485909
9402;127474;2147485908
9406;127521;2147485907
9417;127662;2147485905
9425;127771;2147485904
9436;127927;2147485903
9446;128052;2147485902
9451;128130;2147485901
9466;128318;2147485900
9492;128677;2147485898
9525;129130;2147485897
9535;129271;2147485896
9539;129318;2147485895
9563;129646;2147485894
9589;130005;2147485893
9594;130067;2147485892
9600;130146;2147485891
9646;130770;2147485890
9657;130911;2147485889
9661;130974;2147485888
9683;131255;2147485887
9697;131458;2147485886
9744;132083;2147485884
9745;132098;2147485882
9757;132257;2147485881
9780;132569;2147485880
9829;133225;2147485879
9840;133382;2147485878
9878;133897;2147485877
9890;134053;2147485876
9895;134116;2147485875
9902;134210;2147485874
9907;134288;2147485873
9913;134350;2147485871
9916;134397;2147485870
9955;134928;2147485869
9958;134975;2147485868
9965;135069;2147485867
9987;135366;2147485866
9988;135381;2147485865
10011;135694;2147485864
10018;135787;2147485863
10027;135897;2147485862
10032;135975;2147485861
10034;135990;2147485860
10036;136022;2147485859
10039;136069;2147485858
10042;136100;2147485856
10057;136303;2147485855
10061;136365;2147485854
10097;136850;2147485853
10104;136943;2147485852
10113;137068;2147485851
10133;137334;2147485850
10134;137350;2147485849
10204;138288;2147485848
10244;138835;2147485847
10255;138991;2147485846
10258;139022;2147485845
10260;139053;2147485844
10287;139428;2147485843
10294;139506;2147485842
10305;139662;2147485840
10320;139850;2147485839
10324;139912;2147485837
10331;140006;2147485836
10333;140022;2147485835
10370;140506;2147485834
10387;140740;2147485833
10392;140803;2147485832
10397;140865;2147485831
10439;141428;2147485828
10450;141568;2147485827
10457;141662;2147485826
10459;141693;2147485825
10465;141771;2147485824
10489;142084;2147485823
10490;142099;2147485822
10499;142224;2147485821
10501;142256;2147485820
10533;142693;2147485819
10534;142709;2147485818
10536;142724;2147485817
10538;142755;2147485816
10550;142912;2147485815
10589;143427;2147485814
10612;143740;2147485813
10621;143849;2147485811
10634;144021;2147485810
10644;144161;2147485808
10646;144193;2147485807
10657;144333;2147485806
10698;144896;2147485805
10742;145474;2147485804
10756;145661;2147485803
10765;145786;2147485802
10783;146020;2147485800
10812;146411;2147485799
10824;146567;2147485798
10831;146661;2147485797
10844;146848;2147485796
10864;147114;2147485794
10894;147536;2147485793
10940;148145;2147485791
10949;148254;2147485790
10969;148535;2147485789
10977;148629;2147485788
11077;150013;2147485787
11083;150107;2147485785
11087;150153;2147485784
11088;150169;2147485782
11090;150185;2147485781
11102;150356;2147485780
11108;150435;2147485779
11124;150653;2147485778
11127;150700;2147485777
11138;150841;2147485776
11148;150966;2147485774
11155;151059;2147485773
11178;151372;2147485772
11192;151559;2147485771
11201;151684;2147485770
11214;151872;2147485769
11226;152044;2147485767
11230;152090;2147485766
11234;152137;2147485765
11256;152450;2147485764
11286;152856;2147485763
11341;153606;2147485762
11385;154184;2147485761
11390;154262;2147485760
11394;154309;2147485759
11406;154465;2147485758
11416;154605;2147485757
11450;155059;2147485755
11491;155605;2147485753
11494;155637;2147485752
11501;155746;2147485751
11515;155918;2147485749
11520;155996;2147485748
11530;156121;2147485747
11538;156230;2147485746
11543;156308;2147485745
11544;156308;2147485744
11547;156355;2147485742
11557;156480;2147485741
11582;156808;2147485739
11601;157074;2147485738
11617;157292;2147485737
11633;157511;2147485736
11643;157636;2147485735
11650;157730;2147485734
11654;157792;2147485733
11657;157824;2147485732
11673;158042;2147485731
11684;158183;2147485730
11685;158198;2147485729
11687;158230;2147485727
11700;158402;2147485726
11709;158526;2147485725
11715;158605;2147485724
11749;159058;2147485722
11765;159261;2147485721
11783;159511;2147485719
11798;159714;2147485718
11809;159854;2147485717
11842;160307;2147485716
11843;160323;2147485715
11855;160495;2147485714
11867;160651;2147485713
11884;160885;2147485712
11886;160901;2147485711
11890;160963;2147485710
11896;161042;2147485709
11925;161430;2147485708
11928;161461;2147485707
11931;161508;2147485706
11959;161883;2147485705
11961;161914;2147485704
12014;162617;2147485703
12038;162945;2147485702
12042;162992;2147485699
12084;163554;2147485698
12115;163976;2147485697
12123;164070;2147485696
12184;164898;2147485695
12190;164976;2147485694
12213;165288;2147485692
12226;165460;2147485691
12249;165773;2147485689
12257;165866;2147485688
12265;165976;2147485686
12269;166022;2147485685
12278;166147;2147485684
12297;166397;2147485683
12301;166460;2147485682
12319;166694;2147485681
12322;166741;2147485680
12325;166772;2147485679
12374;167428;2147485678
12388;167616;2147485677
12416;168006;2147485675
12417;168006;2147485674
12428;168163;2147485673
12430;168194;2147485672
12434;168241;2147485671
12441;168333;2147485670
12465;168646;2147485669
12468;168692;2147485668
12475;168786;2147485667
12492;169020;2147485665
12503;169161;2147485663
12509;169239;2147485662
12525;169473;2147485661
12543;169708;2147485660
12548;169770;2147485659
12558;169911;2147485658
12569;170051;2147485657
12571;170083;2147485656
12573;170114;2147485655
12612;170645;2147485653
12622;170770;2147485652
12646;171098;2147485651
12664;171332;2147485650
12673;171457;2147485649
12674;171473;2147485648
12712;171989;2147485647
12726;172176;2147485645
12730;172238;2147485644
12748;172473;2147485642
12783;172941;2147485641
12801;173191;2147485639
12815;173379;2147485638
12841;173723;2147485637
12849;173832;2147485636
12857;173941;2147485635
12870;174113;2147485634
12891;174391;2147485633
12895;174438;2147485632
12902;174532;2147485631
12913;174688;2147485630
12941;175063;2147485628
12968;175422;2147485627
12980;175594;2147485626
12984;175641;2147485625
12987;175672;2147485624
12989;175703;2147485623
13025;176188;2147485622
13027;176219;2147485621
13049;176516;2147485620
13056;176610;2147485619
13062;176688;2147485618
13171;178156;2147485616
13172;178172;2147485615
13184;178328;2147485613
13212;178718;2147485612
13215;178750;2147485611
13246;179171;2147485610
13255;179296;2147485609
13259;179359;2147485608
13281;179656;2147485607
13289;179749;2147485606
13296;179843;2147485605
13304;179952;2147485604
13334;180359;2147485602
13341;180452;2147485601
13361;180734;2147485600
13392;181140;2147485599
13394;181171;2147485598
13402;181280;2147485597
13427;181608;2147485596
13445;181843;2147485595
13461;182061;2147485594
13491;182468;2147485593
13497;182546;2147485592
13499;182577;2147485590
13500;182593;2147485589
13528;182952;2147485588
13530;182983;2147485586
13550;183250;2147485585
13556;183344;2147485582
13563;183437;2147485581
13572;183562;2147485580
13595;183875;2147485579
13632;184375;2147485578
13633;184390;2147485577
13667;184843;2147485576
13675;184953;2147485575
13694;185218;2147485573
13699;185281;2147485572
13711;185452;2147485571
13740;185827;2147485569
13745;185906;2147485568
13746;185921;2147485567
13787;186468;2147485566
13802;186671;2147485565
13843;187218;2147485564
13844;187233;2147485563
13845;187249;2147485559
13883;187764;2147485558
13894;187921;2147485557
13935;188467;2147485556
13937;188483;2147485555
13970;188936;2147485554
13983;189108;2147485553
14019;189592;2147485552
14022;189639;2147485551
14068;190264;2147485550
14070;190295;2147485549
14079;190404;2147485548
14083;190467;2147485547
14096;190639;2147485546
14125;191029;2147485545
14174;191685;2147485544
14200;192045;2147485543
14206;192123;2147485542
14224;192373;2147485541
14236;192529;2147485540
14242;192607;2147485539
14253;192763;2147485537
14278;193091;2147485536
14297;193357;2147485535
14360;194200;2147485534
14391;194622;2147485532
14392;194622;2147485531
14413;194903;2147485529
14415;194935;2147485528
14423;195028;2147485526
14431;195138;2147485525
14445;195325;2147485524
14449;195372;2147485523
14499;196044;2147485522
14525;196403;2147485521
14531;196481;2147485520
14539;196591;2147485518
14546;196684;2147485516
14552;196762;2147485515
14570;196997;2147485514
14590;197262;2147485513
14601;197403;2147485512
14608;197497;2147485511
14613;197575;2147485510
14631;197809;2147485509
14657;198168;2147485508
14675;198418;2147485507
14678;198449;2147485506
14730;199137;2147485505
14773;199715;2147485504
14800;200090;2147485503
14802;200105;2147485502
14805;200152;2147485501
14818;200324;2147485500
14846;200699;2147485499
14850;200746;2147485498
14851;200761;2147485497
14861;200902;2147485496
14876;201090;2147485495
14924;201746;2147485493
14947;202058;2147485492
15015;202980;2147485491
15038;203292;2147485490
15048;203417;2147485489
15059;203573;2147485488
15098;204089;2147485487
15113;204308;2147485486
15124;204448;2147485485
15164;204995;2147485483
15173;205104;2147485482
15191;205354;2147485481
15194;205401;2147485480
15223;205792;2147485479
15231;205885;2147485477
15245;206073;2147485476
15273;206448;2147485475
15287;206635;2147485473
15289;206666;2147485471
15299;206807;2147485470
15308;206932;2147485469
15311;206979;2147485468
15314;207010;2147485467
15341;207372;2147485466
15356;207575;2147485465
15366;207716;2147485463
15396;208106;2147485462
15412;208325;2147485461
15416;208372;2147485460
15434;208622;2147485458
15438;208668;2147485457
15446;208778;2147485456
15461;208981;2147485455
15482;209262;2147485454
15501;209512;2147485453
15548;210137;2147485452
15550;210168;2147485451
15560;210293;2147485450
15574;210481;2147485449
15577;210527;2147485448
15581;210574;2147485447
15600;210840;2147485446
15644;211433;2147485445
15658;211621;2147485444
15659;211637;2147485443
15661;211652;2147485442
15708;212308;2147485441
15724;212527;2147485440
15744;212792;2147485439
15772;213167;2147485438
15782;213308;2147485437
15791;213433;2147485436
15800;213558;2147485435
15801;213574;2147485434
15833;213995;2147485432
15841;214105;2147485431
15843;214120;2147485430
15850;214214;2147485429
15860;214355;2147485428
15876;214558;2147485427
15881;214636;2147485425
15953;215604;2147485424
15965;215761;2147485423
16012;216401;2147485422
16033;216667;2147485421
16039;216745;2147485420
16042;216792;2147485419
16043;216807;2147485418
16060;217057;2147485417
16062;217088;2147485415
16072;217229;2147485413
16098;217573;2147485412
16138;218119;2147485411
16139;218135;2147485410
16160;218416;2147485408
16187;218776;2147485407
16197;218900;2147485404
16207;219041;2147485403
16217;219166;2147485402
16295;220228;2147485401
16316;220511;2147485400
16332;220730;2147485399
16380;221354;2147485398
16388;221479;2147485397
16396;221573;2147485396
16397;221589;2147485395
16428;222011;2147485394
16445;222229;2147485393
16450;222292;2147485392
16460;222432;2147485391
16499;222948;2147485390
16522;223276;2147485389
16527;223338;2147485388
16575;223979;2147485387
16578;224010;2147485385
16588;224151;2147485384
16590;224182;2147485383
16652;225010;2147485382
16659;225104;2147485381
16683;225432;2147485380
16721;225932;2147485379
16725;225994;2147485377
16740;226197;2147485374
16751;226338;2147485373
16754;226385;2147485372
16762;226494;2147485370
16804;227056;2147485368
16811;227134;2147485367
16913;228509;2147485366
16929;228728;2147485365
17052;230373;2147485363
17067;230576;2147485361
17068;230592;2147485360
17129;231404;2147485359
17137;231514;2147485358
17217;232592;2147485357
17233;232810;2147485356
17235;232842;2147485355
17286;233529;2147485354
17293;233623;2147485353
17322;234013;2147485352
17342;234279;2147485351
17345;234326;2147485350
17359;234513;2147485349
17367;234607;2147485348
17383;234825;2147485347
17394;234966;2147485346
17429;235435;2147485345
17455;235778;2147485344
17464;235903;2147485343
17465;235919;2147485342
17478;236091;2147485341
17483;236169;2147485340
17489;236247;2147485339
17514;236575;2147485338
17517;236622;2147485337
17535;236856;2147485336
17556;237137;2147485335
17578;237434;2147485334
17583;237497;2147485333
17633;238168;2147485332
17634;238184;2147485331
17655;238465;2147485330
17705;239137;2147485329
17749;239746;2147485328
17758;239856;2147485327
17759;239871;2147485326
17774;240074;2147485324
17804;240480;2147485323
17852;241137;2147485322
17897;241746;2147485321
17905;241855;2147485320
17908;241886;2147485319
17930;242183;2147485318
17942;242348;2147485317
17956;242536;2147485315
17986;242926;2147485314
17990;242989;2147485313
18007;243223;2147485312
18027;243489;2147485311
18045;243739;2147485310
18107;244567;2147485309
18110;244598;2147485308
18123;244785;2147485306
18148;245113;2147485305
18169;245395;2147485303
18183;245582;2147485302
18234;246274;2147485301
18242;246384;2147485300
18264;246696;2147485298
18354;247899;2147485297
18369;248102;2147485296
18378;248211;2147485295
18452;249211;2147485294
18462;249352;2147485293
18466;249399;2147485292
18477;249539;2147485291
18482;249617;2147485289
18491;249742;2147485288
18545;250461;2147485286
18571;250820;2147485285
18577;250898;2147485284
18632;251632;2147485283
18634;251664;2147485282
18651;251898;2147485281
18723;252851;2147485280
18725;252882;2147485279
18761;253366;2147485278
18777;253569;2147485277
18824;254210;2147485274
18826;254241;2147485272
18835;254351;2147485271
18836;254366;2147485270
18876;254913;2147485269
18888;255069;2147485268
18890;255100;2147485266
19018;256819;2147485265
19036;257053;2147485264
19046;257194;2147485263
19055;257315;2147485262
19068;257487;2147485261
19195;259205;2147485260
19242;259830;2147485259
19268;260189;2147485258
19320;260892;2147485257
19359;261422;2147485256
19376;261640;2147485255
19407;262062;2147485254
19415;262171;2147485253
19423;262281;2147485252
19459;262765;2147485250
19545;263921;2147485248
19548;263968;2147485247
19552;264015;2147485246
19583;264436;2147485245
19590;264530;2147485244
19603;264686;2147485243
19653;265371;2147485242
19666;265542;2147485241
19702;266027;2147485239
19704;266042;2147485238
19706;266073;2147485237
19729;266386;2147485236
19735;266464;2147485235
19786;267136;2147485234
19847;267948;2147485233
19848;267964;2147485232
19880;268401;2147485231
19897;268620;2147485230
19911;268807;2147485228
19943;269229;2147485227
19966;269541;2147485225
20000;269994;2147485224
20008;270088;2147485223
20010;270119;2147485222
20043;270557;2147485221
20053;270697;2147485220
20065;270869;2147485219
20084;271135;2147485217
20086;271150;2147485216
20267;273603;2147485215
20276;273712;2147485214
20288;273869;2147485213
20317;274259;2147485212
20323;274337;2147485211
20348;274697;2147485210
20349;274712;2147485209
20378;275103;2147485208
20386;275196;2147485207
20392;275290;2147485206
20493;276633;2147485205
20497;276680;2147485204
20502;276742;2147485203
20514;276898;2147485202
20573;277695;2147485200
20598;278039;2147485199
20599;278054;2147485198
20626;278414;2147485197
20630;278460;2147485196
20698;279382;2147485195
20708;279507;2147485194
20717;279632;2147485193
20751;280085;2147485192
20836;281225;2147485191
20858;281522;2147485190
20868;281647;2147485189
20901;282085;2147485188
20912;282225;2147485187
20920;282350;2147485186
20957;282850;2147485185
20965;282959;2147485184
21054;284147;2147485183
21066;284303;2147485182
21069;284334;2147485181
21102;284787;2147485180
21132;285193;2147485179
21137;285256;2147485178
21212;286250;2147485177
21277;287141;2147485176
21289;287297;2147485175
21290;287313;2147485174
21311;287594;2147485172
21314;287641;2147485171
21375;288469;2147485170
21409;288922;2147485169
21440;289343;2147485168
21460;289609;2147485167
21504;290203;2147485166
21517;290374;2147485165
21544;290734;2147485164
21590;291359;2147485163
21659;292280;2147485162
21673;292468;2147485161
21711;292983;2147485160
21749;293514;2147485159
21752;293546;2147485158
21758;293624;2147485157
21761;293671;2147485156
21762;293686;2147485155
21797;294155;2147485154
21849;294858;2147485153
21860;294998;2147485152
21900;295530;2147485151
21925;295873;2147485150
21936;296014;2147485149
21956;296295;2147485148
21984;296654;2147485147
22004;296935;2147485146
22029;297279;2147485145
22051;297574;2147485143
22090;298089;2147485142
22180;299323;2147485141
22226;299933;2147485140
22271;300542;2147485139
22381;302010;2147485138
22425;302588;2147485137
22446;302869;2147485136
22470;303182;2147485135
22474;303244;2147485134
22486;303401;2147485133
22491;303463;2147485132
22543;304166;2147485131
22550;304260;2147485130
22562;304416;2147485129
22646;305525;2147485128
22743;306822;2147485127
22751;306915;2147485124
22753;306947;2147485123
22764;307103;2147485122
22786;307400;2147485121
22788;307415;2147485120
22820;307853;2147485119
22834;308040;2147485118
22849;308243;2147485116
22954;309649;2147485115
22964;309790;2147485114
23018;310520;2147485113
23032;310708;2147485112
23034;310723;2147485111
23055;311020;2147485109
23153;312332;2147485108
23163;312457;2147485107
23217;313192;2147485106
23229;313348;2147485105
23246;313582;2147485104
23277;314004;2147485103
23288;314145;2147485102
23330;314707;2147485101
23357;315066;2147485100
23367;315207;2147485099
23368;315222;2147485098
23373;315294;2147485097
23385;315450;2147485096
23398;315622;2147485095
23414;315825;2147485094
23441;316200;2147485093
23451;316325;2147485092
23453;316356;2147485091
23504;317028;2147485090
23521;317262;2147485089
23531;317403;2147485088
23538;317497;2147485087
23581;318075;2147485086
23600;318325;2147485085
23605;318387;2147485084
23625;318653;2147485083
23774;320668;2147485082
23855;321777;2147485081
23874;322043;2147485080
23882;322152;2147485079
23904;322449;2147485078
23956;323152;2147485077
23978;323449;2147485076
23979;323464;2147485075
24086;324886;2147485074
24137;325573;2147485073
24158;325854;2147485072
24198;326392;2147485070
24212;326579;2147485069
24228;326782;2147485068
24256;327173;2147485067
24284;327548;2147485066
24332;328188;2147485065
24361;328563;2147485064
24408;329203;2147485062
24521;330703;2147485061
24524;330734;2147485060
24531;330844;2147485059
24542;330984;2147485058
24560;331234;2147485057
24629;332156;2147485056
24660;332578;2147485054
24728;333492;2147485053
24748;333757;2147485052
24758;333898;2147485051
24759;333898;2147485050
24833;334882;2147485049
24852;335148;2147485048
24865;335320;2147485047
24900;335788;2147485046
24910;335929;2147485044
24987;336960;2147485043
25101;338475;2147485041
25110;338600;2147485040
25134;338928;2147485039
25148;339116;2147485038
25180;339537;2147485037
25327;341526;2147485036
25367;342057;2147485035
25379;342229;2147485034
25392;342401;2147485033
25418;342744;2147485032
25503;343900;2147485031
25566;344744;2147485030
25569;344775;2147485029
25625;345525;2147485028
25632;345619;2147485027
25718;346775;2147485026
25743;347118;2147485025
25747;347165;2147485024
25756;347290;2147485023
25784;347665;2147485022
25855;348618;2147485021
25881;348962;2147485020
25970;350155;2147485019
25997;350514;2147485018
26050;351233;2147485017
26087;351732;2147485016
26100;351904;2147485015
26103;351951;2147485014
26158;352685;2147485013
26221;353529;2147485012
26250;353982;2147485011
26268;354216;2147485010
26307;354747;2147485009
26337;355138;2147485008
26365;355528;2147485007
26399;355982;2147485006
26408;356106;2147485005
26505;357412;2147485003
26522;357646;2147485002
26531;357755;2147485001
26547;357974;2147485000
26574;358349;2147484999
26592;358583;2147484998
26626;359036;2147484997
26636;359161;2147484996
26684;359817;2147484995
26736;360520;2147484994
26747;360661;2147484993
26756;360802;2147484992
26769;360973;2147484991
26777;361083;2147484990
26838;361904;2147484989
26849;362044;2147484988
26859;362169;2147484987
26951;363419;2147484986
27008;364184;2147484985
27041;364622;2147484984
27146;366028;2147484983
27170;366356;2147484982
27181;366496;2147484981
27195;366684;2147484980
27250;367418;2147484979
27326;368447;2147484978
27334;368556;2147484977
27364;368963;2147484976
27389;369291;2147484975
27405;369509;2147484974
27447;370056;2147484973
27470;370384;2147484972
27529;371181;2147484971
27544;371368;2147484970
27564;371634;2147484969
27683;373243;2147484968
27700;373477;2147484967
27708;373587;2147484964
27749;374133;2147484963
27853;375539;2147484962
28021;377812;2147484961
28212;380374;2147484960
28279;381280;2147484959
28300;381561;2147484958
28339;382092;2147484957
28365;382436;2147484956
28440;383451;2147484955
28445;383514;2147484954
28492;384139;2147484953
28500;384248;2147484952
28562;385076;2147484951
28618;385837;2147484950
28683;386711;2147484948
28691;386805;2147484947
28714;387118;2147484946
28716;387149;2147484945
28728;387305;2147484944
28743;387508;2147484943
28750;387602;2147484942
28754;387649;2147484941
28833;388711;2147484940
28837;388758;2147484939
28861;389070;2147484938
28901;389617;2147484937
28926;389961;2147484936
28939;390117;2147484935
28942;390164;2147484934
28945;390211;2147484933
28971;390554;2147484932
29001;390945;2147484931
29071;391882;2147484929
29090;392148;2147484928
29194;393580;2147484927
29211;393798;2147484926
29261;394486;2147484925
29269;394595;2147484924
29298;394986;2147484923
29374;396017;2147484922
29378;396064;2147484921
29455;397110;2147484920
29468;397282;2147484919
29477;397407;2147484917
29550;398376;2147484916
29590;398922;2147484914
29747;401047;2147484913
29782;401516;2147484912
29792;401641;2147484911
29826;402094;2147484910
29840;402282;2147484909
29842;402313;2147484908
30011;404593;2147484907
30288;408329;2147484906
30294;408407;2147484905
30386;409641;2147484904
30425;410156;2147484903
30431;410250;2147484902
30536;411656;2147484901
30577;412203;2147484899
30586;412328;2147484898
30633;412968;2147484897
30657;413281;2147484896
30670;413452;2147484895
30710;413984;2147484894
30985;417681;2147484893
31041;418447;2147484892
31062;418728;2147484891
31080;418962;2147484890
31097;419212;2147484889
31313;422102;2147484888
31364;422789;2147484887
31365;422805;2147484886
31398;423242;2147484885
31401;423289;2147484884
31594;425882;2147484883
31642;426523;2147484882
31762;428116;2147484881
31791;428507;2147484880
31882;429739;2147484879
31963;430816;2147484878
32101;432707;2147484877
32167;433597;2147484876
32190;433894;2147484875
32260;434847;2147484874
32363;436221;2147484873
32369;436300;2147484872
32401;436721;2147484871
32549;438685;2147484870
32552;438732;2147484869
32587;439201;2147484868
32649;440044;2147484867
32665;440247;2147484866
32720;440997;2147484865
32736;441200;2147484864
32777;441747;2147484863
32834;442522;2147484862
32913;443568;2147484861
33043;445318;2147484859
33089;445943;2147484858
33094;446005;2147484857
33115;446298;2147484856
33152;446782;2147484855
33162;446923;2147484854
33188;447282;2147484853
33196;447376;2147484852
33241;447985;2147484846
33255;448172;2147484845
33296;448703;2147484844
33303;448797;2147484843
33325;449094;2147484842
33332;449172;2147484841
33376;449766;2147484840
33397;450062;2147484839
33404;450141;2147484838
33405;450156;2147484837
33533;451859;2147484836
33712;454296;2147484835
33718;454374;2147484834
33790;455340;2147484833
33813;455637;2147484832
33842;456027;2147484831
33922;457090;2147484830
33991;458027;2147484829
34026;458496;2147484827
34029;458527;2147484826
34114;459683;2147484825
34257;461604;2147484824
34329;462573;2147484823
34375;463198;2147484822
34476;464557;2147484821
34529;465275;2147484820
34546;465494;2147484819
34555;465619;2147484818
34686;467369;2147484817
34782;468650;2147484816
34813;469071;2147484814
34832;469321;2147484813
34838;469415;2147484812
34846;469524;2147484811
34874;469884;2147484810
34910;470369;2147484809
35004;471634;2147484808
35052;472275;2147484807
35087;472743;2147484806
35089;472775;2147484804
35147;473556;2147484803
35190;474134;2147484801
35220;474540;2147484800
35300;475602;2147484799
35437;477430;2147484798
35452;477617;2147484797
35542;478820;2147484796
35667;480539;2147484795
35668;480554;2147484794
35672;480617;2147484793
35735;481473;2147484792
35862;483145;2147484791
35901;483676;2147484790
35921;483941;2147484789
35955;484410;2147484788
35965;484535;2147484787
36036;485488;2147484786
36053;485707;2147484785
36062;485816;2147484784
36093;486238;2147484783
36388;490190;2147484782
36451;491049;2147484781
36526;492064;2147484780
36585;492848;2147484779
36604;493114;2147484778
36659;493848;2147484777
36705;494473;2147484776
36706;494473;2147484775
36733;494832;2147484774
36735;494863;2147484773
36783;495519;2147484772
36872;496707;2147484771
36959;497863;2147484770
37163;500596;2147484769
37213;501268;2147484768
37243;501674;2147484767
37349;503111;2147484766
37363;503283;2147484765
37432;504236;2147484764
37472;504767;2147484763
37509;505265;2147484762
37512;505306;2147484761
37683;507602;2147484759
37727;508196;2147484758
37746;508445;2147484757
37799;509164;2147484756
37848;509836;2147484755
37867;510086;2147484754
37894;510461;2147484753
37900;510539;2147484752
38042;512445;2147484751
38212;514725;2147484750
38373;516943;2147484749
38403;517353;2147484748
38412;517478;2147484747
38419;517571;2147484746
38534;519133;2147484745
38568;519602;2147484744
38579;519743;2147484743
38661;520852;2147484742
38681;521117;2147484741
38768;522289;2147484740
38986;525210;2147484739
38987;525226;2147484738
39028;525773;2147484737
39060;526194;2147484736
39126;527085;2147484735
39176;527756;2147484734
39244;528662;2147484733
39317;529647;2147484732
39406;530840;2147484730
39415;530965;2147484729
39542;532684;2147484728
39580;533184;2147484727
39641;533996;2147484726
39758;535542;2147484725
39797;536074;2147484724
39802;536136;2147484723
39876;537120;2147484722
39935;537917;2147484721
39966;538354;2147484720
40037;539307;2147484719
40162;540994;2147484718
40163;541009;2147484717
40203;541541;2147484716
40270;542431;2147484715
40291;542712;2147484714
40300;542837;2147484713
40361;543665;2147484712
40470;545118;2147484711
40569;546461;2147484710
40617;547102;2147484709
40933;551352;2147484708
40954;551633;2147484707
40982;552008;2147484705
41040;552789;2147484704
41111;553758;2147484703
41260;555742;2147484702
41375;557288;2147484701
41603;560384;2147484700
41616;560556;2147484699
41742;562259;2147484698
41759;562477;2147484697
41856;563790;2147484696
41877;564071;2147484695
41975;565397;2147484694
42006;565819;2147484693
42017;565975;2147484692
42209;568553;2147484691
42251;569115;2147484690
42393;571021;2147484689
42394;571037;2147484688
42448;571771;2147484687
42483;572240;2147484686
42578;573505;2147484685
42823;576817;2147484684
43182;581662;2147484683
43219;582162;2147484682
43348;583896;2147484681
43433;585036;2147484680
43537;586427;2147484679
43551;586625;2147484678
43623;587578;2147484677
43629;587656;2147484676
43634;587734;2147484675
43663;588125;2147484674
43700;588609;2147484673
43711;588765;2147484672
43758;589390;2147484671
43804;590015;2147484670
43905;591374;2147484669
44009;592764;2147484668
44038;593155;2147484667
44099;593967;2147484666
44361;597466;2147484665
44508;599403;2147484664
44517;599528;2147484663
44536;599762;2147484662
44562;600122;2147484661
44631;601012;2147484659
44699;601918;2147484658
44872;604223;2147484657
45088;607129;2147484656
45143;607863;2147484655
45152;607973;2147484654
45187;608441;2147484653
45611;614065;2147484652
45655;614660;2147484651
45780;616316;2147484650
45877;617612;2147484649
45944;618512;2147484648
45948;618559;2147484647
45969;618840;2147484646
46019;619512;2147484645
46043;619824;2147484644
46332;623664;2147484643
46408;624664;2147484642
46480;625617;2147484641
46532;626304;2147484640
46574;626851;2147484639
46644;627804;2147484638
46684;628351;2147484636
46748;629193;2147484635
46749;629209;2147484634
46770;629490;2147484633
47091;633756;2147484632
47146;634490;2147484631
47148;634521;2147484630
47255;635943;2147484629
47278;636240;2147484628
47303;636583;2147484627
47322;636833;2147484626
47332;636958;2147484625
47349;637193;2147484624
47576;640282;2147484623
47634;641047;2147484622
47746;642531;2147484621
47900;644562;2147484620
47978;645609;2147484619
47998;645874;2147484618
48083;646984;2147484617
48117;647421;2147484616
48166;648077;2147484614
48203;648577;2147484613
48503;652560;2147484612
48512;652670;2147484611
48533;652951;2147484610
48550;653185;2147484609
48654;654551;2147484608
48719;655411;2147484607
48829;656863;2147484606
48920;658129;2147484605
49151;661204;2147484604
49332;663625;2147484603
49516;666062;2147484602
49530;666253;2147484601
49718;668759;2147484600
49780;669571;2147484599
49889;671019;2147484598
49918;671394;2147484597
50096;673768;2147484596
50099;673800;2147484595
50190;675002;2147484594
50486;678939;2147484593
50537;679608;2147484592
50571;680061;2147484591
50636;680921;2147484590
50680;681499;2147484589
50774;682748;2147484588
50807;683170;2147484587
50810;683217;2147484586
50989;685576;2147484585
51080;686794;2147484584
51239;688903;2147484583
51282;689466;2147484582
51347;690325;2147484581
51386;690840;2147484580
51418;691262;2147484579
51420;691293;2147484578
51436;691512;2147484576
51437;691528;2147484575
51444;691621;2147484574
51475;692027;2147484573
51565;693238;2147484572
51913;697862;2147484571
52026;699352;2147484570
52110;700477;2147484568
52323;703335;2147484567
52392;704257;2147484565
52426;704694;2147484564
52437;704851;2147484563
52446;704960;2147484562
52636;707503;2147484561
52871;710643;2147484560
52987;712174;2147484559
53148;714329;2147484558
53288;716173;2147484557
53534;719457;2147484556
53582;720066;2147484554
53693;721534;2147484553
53764;722472;2147484552
53822;723221;2147484551
53850;723596;2147484550
53901;724273;2147484549
54083;726679;2147484548
54112;727070;2147484547
54434;731361;2147484546
54474;731892;2147484545
54621;733829;2147484544
54642;734110;2147484543
54665;734422;2147484542
54824;736547;2147484541
54846;736844;2147484540
54878;737250;2147484539
54895;737484;2147484538
54909;737656;2147484537
54998;738859;2147484536
55268;742457;2147484535
55282;742645;2147484534
55308;742973;2147484533
55331;743285;2147484532
55502;745535;2147484531
55545;746113;2147484530
55575;746519;2147484529
55606;746941;2147484528
55651;747550;2147484527
55954;751569;2147484526
56112;753647;2147484525
56159;754256;2147484524
56240;755334;2147484523
56339;756649;2147484522
56461;758258;2147484521
56510;758899;2147484520
56730;761876;2147484519
56874;763781;2147484518
56888;763969;2147484517
57228;768452;2147484516
57242;768640;2147484515
57243;768655;2147484514
57340;769936;2147484513
57384;770530;2147484512
58085;779798;2147484511
58231;781766;2147484510
58300;782672;2147484509
58554;786031;2147484508
58555;786046;2147484507
58860;790063;2147484506
59042;792500;2147484505
59172;794234;2147484504
59212;794765;2147484503
59231;795015;2147484502
59297;795890;2147484501
59341;796468;2147484500
59405;797327;2147484499
59488;798436;2147484498
59555;799311;2147484497
59559;799373;2147484496
59619;800154;2147484495
59632;800326;2147484494
59646;800514;2147484493
59859;803341;2147484492
59870;803482;2147484491
59895;803810;2147484490
60081;806294;2147484489
60083;806309;2147484488
60244;808434;2147484487
60266;808730;2147484486
60328;809558;2147484485
60679;814229;2147484484
60708;814620;2147484483
60803;815885;2147484482
60881;816916;2147484481
60918;817432;2147484480
60965;818056;2147484479
60978;818228;2147484478
61125;820165;2147484477
61141;820384;2147484476
61218;821403;2147484474
61570;826082;2147484473
61584;826286;2147484472
61620;826754;2147484471
61624;826817;2147484470
61655;827223;2147484469
61827;829472;2147484468
61909;830566;2147484467
62059;832565;2147484466
62098;833081;2147484465
62155;833846;2147484464
62284;835548;2147484463
62341;836314;2147484462
62383;836861;2147484461
62473;838048;2147484460
62529;838798;2147484459
62579;839469;2147484457
62683;840860;2147484456
62711;841219;2147484455
62788;842234;2147484454
62979;844749;2147484453
62990;844890;2147484452
62994;844953;2147484451
63016;845234;2147484450
63207;847760;2147484449
63213;847838;2147484448
63395;850244;2147484447
63557;852384;2147484446
63624;853259;2147484445
63829;856003;2147484444
63867;856502;2147484443
63992;858158;2147484442
64019;858533;2147484441
64032;858705;2147484440
64127;859955;2147484439
64171;860548;2147484438
64186;860751;2147484437
64246;861533;2147484436
64324;862564;2147484435
64356;862985;2147484434
64636;866672;2147484433
64645;866797;2147484432
64691;867391;2147484431
64875;869828;2147484430
65063;872297;2147484429
65100;872781;2147484428
65170;873703;2147484427
65173;873734;2147484426
65266;874968;2147484425
65310;875546;2147484424
65530;878450;2147484423
65736;881184;2147484422
65877;883079;2147484421
65965;884235;2147484420
65998;884703;2147484419
66007;884828;2147484418
66183;887187;2147484417
66202;887437;2147484416
66406;890108;2147484415
66773;894954;2147484414
66826;895657;2147484413
66916;896844;2147484412
66924;896953;2147484411
66969;897547;2147484409
67003;897984;2147484408
67125;899593;2147484407
67176;900281;2147484405
67238;901093;2147484404
67393;903129;2147484403
67547;905160;2147484402
67652;906571;2147484401
68082;912226;2147484400
68498;917737;2147484399
68589;918955;2147484398
68602;919111;2147484397
68812;921892;2147484396
69052;925032;2147484395
69064;925204;2147484394
69369;929231;2147484393
69597;932261;2147484392
69734;934069;2147484391
69743;934178;2147484390
69934;936709;2147484389
69989;937428;2147484388
70011;937725;2147484387
70143;939474;2147484386
70149;939568;2147484385
70313;941721;2147484384
70496;944143;2147484383
71132;952578;2147484382
71160;952953;2147484381
71414;956340;2147484380
71641;959339;2147484379
71965;963683;2147484378
72125;965791;2147484377
72180;966510;2147484376
72182;966541;2147484375
72552;971444;2147484374
72759;974163;2147484372
73245;980644;2147484371
73441;983263;2147484370
73547;984669;2147484369
73550;984701;2147484368
73708;986794;2147484367
73796;987950;2147484366
73885;989122;2147484365
73904;989387;2147484364
73919;989575;2147484363
73941;989871;2147484362
74308;994714;2147484361
74598;998549;2147484360
74601;998580;2147484359
74802;1001251;2147484358
74871;1002157;2147484357
74941;1003079;2147484356
74959;1003329;2147484355
75490;1010397;2147484354
75527;1010913;2147484353
75653;1012569;2147484352
75729;1013584;2147484351
76434;1022946;2147484350
76583;1024915;2147484349
76671;1026086;2147484348
76741;1027008;2147484347
76895;1029023;2147484346
77104;1031804;2147484345
77155;1032475;2147484344
77165;1032615;2147484343
77348;1035036;2147484342
77422;1036005;2147484341
77794;1040928;2147484340
77849;1041647;2147484339
78177;1045958;2147484338
78195;1046193;2147484337
78204;1046318;2147484336
78279;1047302;2147484335
78363;1048411;2147484334
78556;1050973;2147484333
78774;1053848;2147484331
78999;1056808;2147484330
79099;1058136;2147484329
79135;1058604;2147484328
79157;1058901;2147484327
79373;1061744;2147484325
79418;1062353;2147484324
79720;1066386;2147484323
80206;1072804;2147484322
80422;1075663;2147484321
80424;1075678;2147484320
80573;1077647;2147484319
80791;1080536;2147484318
81413;1088810;2147484317
81422;1088920;2147484316
82179;1098949;2147484315
82666;1105416;2147484314
82738;1106384;2147484312
82744;1106462;2147484311
82776;1106884;2147484310
83149;1111861;2147484309
83579;1117543;2147484308
83614;1118011;2147484307
83871;1121417;2147484306
84497;1129762;2147484305
84554;1130512;2147484304
84912;1135271;2147484303
84918;1135349;2147484302
84977;1136130;2147484301
85785;1146782;2147484300
85905;1148376;2147484299
86048;1150292;2147484298
86393;1154874;2147484297
86548;1156936;2147484295
86643;1158202;2147484294
87027;1163305;2147484293
87096;1164226;2147484292
87838;1174036;2147484291
88070;1177098;2147484290
88515;1183025;2147484289
88625;1184462;2147484288
88707;1185555;2147484287
89390;1194604;2147484286
89970;1202277;2147484285
90016;1202902;2147484284
90504;1209364;2147484283
90665;1211504;2147484282
90669;1211551;2147484281
91319;1220174;2147484280
91449;1221915;2147484279
92112;1230707;2147484278
92968;1242076;2147484277
93101;1243810;2147484276
93445;1248427;2147484275
93522;1249489;2147484274
93615;1250724;2147484273
94279;1259504;2147484272
94384;1260895;2147484271
95268;1273047;2147484270
95337;1273953;2147484269
95398;1274765;2147484268
95578;1277169;2147484267
95613;1277638;2147484266
96566;1290437;2147484265
96749;1292897;2147484264
97091;1297485;2147484263
97138;1298126;2147484262
97221;1299235;2147484261
97618;1304515;2147484260
97680;1305343;2147484259
97955;1309030;2147484258
98482;1316095;2147484257
98742;1319610;2147484256
98818;1320625;2147484255
99421;1328699;2147484254
99641;1331652;2147484252
99796;1333745;2147484251
194585;2592719;2147484250
194762;2595062;2147484249
195028;2598594;2147484248
195291;2602078;2147484247
196159;2613563;2147484246
196259;2614891;2147484245
196380;2616515;2147484244
196434;2617218;2147484243
196582;2619202;2147484242
196665;2620296;2147484241
196742;2621311;2147484240
196865;2622920;2147484239
196921;2623678;2147484237
197187;2627192;2147484236
197287;2628505;2147484235
197472;2630957;2147484234
197565;2632191;2147484233
197877;2636312;2147484232
197975;2637608;2147484231
198584;2645685;2147484230
198964;2650708;2147484228
199623;2659422;2147484227
310026;4113576;2147484226
310450;4119215;2147484225
310491;4119762;2147484224
311057;4127260;2147484223
311279;4130166;2147484222
311799;4136993;2147484221
311863;4137836;2147484220
312026;4139992;2147484219
312138;4141460;2147484218
312480;4145991;2147484217
312979;4152630;2147484216
312989;4152755;2147484215
313531;4159941;2147484214
313718;4162424;2147484213
314020;4166424;2147484212
314489;4172610;2147484211
314966;4178905;2147484210
314986;4179171;2147484209
315050;4180014;2147484208
315521;4186232;2147484207
315660;4188059;2147484206
315949;4191902;2147484205
315950;4191918;2147484204
315990;4192465;2147484203
316284;4196370;2147484202
316395;4197854;2147484201
316539;4199729;2147484200
316594;4200463;2147484199
317164;4208039;2147484198
317255;4209226;2147484197
317482;4212241;2147484196
317776;4216147;2147484195
317917;4218006;2147484194
318475;4225363;2147484193
319043;4232877;2147484192
319278;4235986;2147484191
319297;4236236;2147484190
320911;4257512;2147484189
320993;4258606;2147484188
321116;4260231;2147484187
321217;4261558;2147484186
321289;4262527;2147484185
321508;4265433;2147484184
322069;4272837;2147484183
322295;4275821;2147484182
322649;4280492;2147484181
322968;4284694;2147484180
323298;4289099;2147484179
323571;4292708;2147484178
324790;4308892;2147484177
325122;4313328;2147484176
326090;4326091;2147484175
326818;4335683;2147484174
326869;4336370;2147484173
327096;4339385;2147484172
327306;4342166;2147484171
329115;4366082;2147484170
330650;4386374;2147484169
330916;4389874;2147484168
330952;4390342;2147484167
331196;4393529;2147484166
331450;4396888;2147484165
331491;4397419;2147484164
331543;4398122;2147484163
331833;4401965;2147484162
332116;4405714;2147484161
332119;4405761;2147484160
332515;4411009;2147484159
333523;4424350;2147484158
334468;4436879;2147484157
334844;4441862;2147484156
335070;4444830;2147484155
335198;4446533;2147484154
335229;4446954;2147484153
335597;4451797;2147484152
335992;4457030;2147484151
336386;4462170;2147484150
336984;4470077;2147484149
337204;4472983;2147484148
337335;4474701;2147484147
338390;4488651;2147484146
338631;4491869;2147484145
339110;4498180;2147484144
339528;4503648;2147484143
339718;4506179;2147484142
339741;4506475;2147484141
339944;4509147;2147484140
340558;4517223;2147484139
340923;4522034;2147484138
341291;4526861;2147484137
342704;4545576;2147484136
343906;4561510;2147484135
344223;4565728;2147484134
344285;4566555;2147484133
344401;4568086;2147484132
345129;4577694;2147484131
345158;4578068;2147484130
345420;4581521;2147484129
346546;4596455;2147484128
346675;4598158;2147484127
346950;4601829;2147484126
347334;4606906;2147484125
347375;4607453;2147484124
348683;4624668;2147484123
349011;4629011;2147484122
349131;4630573;2147484121
349360;4633572;2147484120
349661;4637556;2147484119
350006;4642103;2147484117
350431;4647727;2147484116
350457;4648071;2147484115
350528;4649008;2147484114
350862;4653460;2147484113
354369;4699856;2147484112
354723;4704527;2147484111
354747;4704855;2147484110
354874;4706526;2147484109
355087;4709322;2147484108
355784;4718570;2147484107
356213;4724210;2147484106
356435;4727131;2147484105
356488;4727834;2147484104
356767;4731520;2147484103
357773;4744783;2147484102
358233;4750875;2147484101
358563;4755220;2147484100
359381;4766014;2147484099
360718;4783729;2147484098
361261;4790930;2147484097
361493;4793992;2147484096
361699;4796710;2147484095
363599;4821861;2147484094
364371;4832062;2147484093
364765;4837279;2147484092
364817;4837967;2147484091
365481;4846699;2147484090
365688;4849417;2147484089
366318;4857712;2147484088
366707;4862836;2147484087
367541;4873849;2147484086
368468;4886096;2147484085
368822;4890783;2147484084
369288;4896984;2147484083
369786;4903530;2147484082
369870;4904623;2147484081
370623;4914637;2147484080
370812;4917136;2147484079
371224;4922635;2147484078
372263;4936413;2147484077
372449;4938865;2147484076
372546;4940162;2147484075
372605;4940959;2147484074
374340;4963927;2147484073
375324;4976940;2147484072
375725;4982236;2147484071
376458;4991905;2147484070
378056;5013103;2147484069
379312;5029772;2147484068
379313;5029787;2147484067
379594;5033489;2147484066
379744;5035489;2147484065
380252;5042269;2147484064
380281;5042644;2147484063
380310;5043034;2147484062
380961;5051610;2147484061
380996;5052079;2147484060
381726;5061733;2147484059
381747;5062014;2147484058
381966;5064904;2147484057
385801;5115596;2147484056
386521;5125109;2147484055
389642;5166386;2147484054
389927;5170198;2147484053
390323;5175431;2147484052
391154;5186382;2147484051
393103;5212126;2147484050
393764;5220843;2147484049
394206;5226674;2147484048
394439;5229767;2147484047
394910;5236016;2147484046
394988;5237047;2147484045
395012;5237375;2147484044
397124;5265474;2147484043
397125;5265489;2147484042
397537;5271019;2147484041
397879;5275581;2147484040
398860;5288565;2147484039
399985;5303528;2147484038
790794;10465709;2147484037
790827;10466147;2147484036
791374;10473423;2147484035
792582;10489462;2147484034
792865;10493218;2147484033
793813;10505864;2147484032
794496;10514948;2147484031
794629;10516729;2147484030
794735;10518131;2147484029
796287;10538751;2147484028
796609;10543000;2147484027
796970;10547780;2147484026
797472;10554416;2147484025
797608;10556197;2147484024
799285;10578535;2147484023
799305;10578801;2147484022
1000764;13242498;2147484021
1001149;13247684;2147484020
1001433;13251479;2147484019
1002872;13270635;2147484018
1003262;13275818;2147484017
1004903;13297651;2147484016
1005545;13306207;2147484015
1005888;13310761;2147484014
1007343;13330152;2147484013
1007409;13331027;2147484012
1007647;13334182;2147484011
1008947;13351481;2147484010
1009176;13354496;2147484009
1009866;13363695;2147484008
1009965;13364992;2147484007
1010242;13368663;2147484006
1010823;13376428;2147484005
1011434;13384490;2147484004
1014740;13428470;2147484003
1015374;13436880;2147484002
1016052;13445846;2147484001
1016580;13452833;2147484000
1016995;13458345;2147483999
1019170;13487232;2147483998
1019186;13487451;2147483997
1020561;13505757;2147483996
1020576;13505960;2147483995
1021416;13517176;2147483994
1021515;13518488;2147483993
1023652;13546953;2147483992
1023833;13549349;2147483991
1024506;13558284;2147483990
1025522;13571776;2147483989
1025912;13576974;2147483988
1026260;13581598;2147483987
1027798;13602033;2147483986
1028455;13610792;2147483985
1032182;13660388;2147483984
1032687;13667090;2147483983
1034220;13687454;2147483982
1034323;13688831;2147483981
1034970;13697407;2147483980
1035215;13700652;2147483979
1037059;13725161;2147483978
1037257;13727770;2147483977
1037439;13730175;2147483976
1040157;13766289;2147483975
1047405;13862564;2147483974
1049002;13883801;2147483973
1049359;13888573;2147483972
1049730;13893478;2147483971
1053176;13939325;2147483970
1054164;13952474;2147483969
1054276;13953974;2147483968
1055216;13966462;2147483967
1056384;13981989;2147483966
1058164;14005678;2147483965
1058419;14009070;2147483964
1060882;14041833;2147483963
1060915;14042270;2147483962
1062068;14057596;2147483961
1062308;14060783;2147483960
1062549;14063970;2147483959
1062892;14068559;2147483958
1063519;14076886;2147483957
1066536;14116935;2147483956
1068685;14145519;2147483955
1070650;14171561;2147483954
1072212;14192288;2147483953
1072711;14198931;2147483952
1074221;14219037;2147483951
1077686;14265021;2147483950
1077805;14266615;2147483949
1081042;14309569;2147483948
1083451;14341557;2147483947
1086506;14382189;2147483946
1087758;14398791;2147483945
1087962;14401506;2147483944
1090793;14439123;2147483943
1093720;14478007;2147483942
1094454;14487755;2147483941
1094601;14489708;2147483940
1095248;14498269;2147483939
1095402;14500288;2147483938
1095990;14508130;2147483937
1098948;14547394;2147483936
1102194;14590403;2147483935
1107809;14665053;2147483934
1114989;14760375;2147483933
1115857;14771849;2147483932
1118902;14812199;2147483931
1120692;14836054;2147483930
1121196;14842771;2147483929
1121254;14843537;2147483928
1121475;14846520;2147483927
1121525;14847192;2147483926
1129241;14949538;2147483925
1129432;14952068;2147483924
1131149;14974964;2147483923
1133187;15001952;2147483922
1136659;15048033;2147483921
1136958;15052000;2147483920
1136960;15052016;2147483919
1137537;15059708;2147483918
1139305;15083433;2147483917
1143774;15142852;2147483916
1147050;15186354;2147483915
1149141;15214159;2147483914
1149360;15217069;2147483913
1149469;15218518;2147483912
1150157;15227652;2147483911
1153193;15267908;2147483910
1153943;15277862;2147483909
1158190;15334265;2147483908
1158418;15337310;2147483907
1158486;15338216;2147483906
1158724;15341385;2147483905
1159082;15346166;2147483904
1159543;15352277;2147483903
1160430;15364071;2147483902
1160499;15365002;2147483901
1162908;15396885;2147483900
1163010;15398229;2147483899
1163190;15400592;2147483898
1164285;15415074;2147483897
1164466;15417452;2147483896
1164620;15419499;2147483895
1164954;15423877;2147483894
1165376;15429548;2147483893
1170742;15500678;2147483892
1174668;15552736;2147483891
1175364;15561992;2147483890
1176020;15570689;2147483889
1177465;15589974;2147483888
1177867;15595328;2147483887
1178922;15609332;2147483886
1179849;15621633;2147483885
1184229;15679822;2147483884
1184846;15688016;2147483883
1187720;15726164;2147483882
1188293;15733827;2147483881
1188891;15741778;2147483880
1190040;15757029;2147483879
1194414;15815083;2147483878
1195927;15835300;2147483877
1196958;15848978;2147483876
1199317;15880334;2147483875
2826452;37395487;2147483874
2827838;37413830;2147483873
2830022;37442877;2147483872
2831187;37458330;2147483871
2833559;37489905;2147483870
2836812;37533185;2147483869
2838365;37553712;2147483868
2842294;37605923;2147483867
2844041;37629295;2147483866
2845473;37648291;2147483865
2848286;37685690;2147483864
2849949;37707802;2147483863
2849979;37708193;2147483862
2850098;37709786;2147483861
2854200;37764464;2147483860
2854460;37767917;2147483858
2859911;37840583;2147483857
2861759;37865330;2147483856
2868773;37959021;2147483855
2875772;38052265;2147483854
2876030;38055698;2147483853
2876430;38061025;2147483852
2882931;38147661;2147483851
2883209;38151364;2147483850
2886217;38191404;2147483849
2893574;38289276;2147483848
2894008;38295031;2147483847
2898238;38351447;2147483846
2898575;38355938;2147483845
2899323;38365924;2147483844
2901460;38394307;2147483843
2908504;38488190;2147483842
2912443;38540583;2147483841
2918176;38616854;2147483840
2921017;38654693;2147483839
2921075;38655474;2147483838
2927515;38741327;2147483837
2937158;38869680;2147483836
2937571;38875175;2147483835
2940289;38911338;2147483834
2941741;38930659;2147483833
2942067;38935016;2147483832
2945054;38974806;2147483831
2945092;38975306;2147483830
2946771;38997646;2147483829
2950161;39042777;2147483828
2951115;39055461;2147483827
2954192;39096379;2147483826
2958110;39148432;2147483825
2964845;39237844;2147483824
2968900;39291769;2147483823
2970502;39313085;2147483822
2971858;39331274;2147483821
2973016;39346672;2147483820
2974149;39361768;2147483819
2981259;39456240;2147483818
2981816;39463710;2147483817
2987256;39536207;2147483816
2989977;39572392;2147483815
3006118;39787267;2147483814
3009406;39830986;2147483813
3012588;39873383;2147483812
3014894;39904001;2147483811
3017742;39941888;2147483810
3020889;39983703;2147483809
3022517;40005256;2147483808
3024713;40034434;2147483807
3025423;40043890;2147483806
3029941;40103974;2147483805
3036419;40190122;2147483804
3039818;40235433;2147483803
3042016;40264726;2147483802
3042655;40273269;2147483801
3049109;40359271;2147483800
3065006;40571101;2147483799
3068784;40621303;2147483798
3076054;40717949;2147483797
3077763;40740726;2147483796
3089476;40896759;2147483795
3089925;40902687;2147483794
3098487;41016615;2147483793
3117975;41275809;2147483792
3120051;41303439;2147483791
3121446;41321982;2147483790
3121831;41327105;2147483789
3142209;41598363;2147483788
3145153;41637462;2147483787
3150669;41711234;2147483786
3161557;41856283;2147483785
3162271;41865806;2147483784
3165475;41908485;2147483783
3166559;41922929;2147483782
3171285;41985830;2147483781
3175985;42048549;2147483780
3185972;42181609;2147483779
3186073;42182953;2147483778
3189111;42223365;2147483777
3194803;42299305;2147483776
#
# name: Hill Climbing RS
# algorithm_class: solver.HillClimbingWithRS
# instance: agh-fal17
# seed: 1190613317064153392
# bestF: 2147483776
# DTF: 128
# cost: 218196
# startTime: 1770199861867
# totalTime: 43200000
# totalFEs: 3263048
# maxFEs: 9223372036854775807
# maxMilliSeconds: 43200000
# maxSeconds: 43200
#
<?xml version="1.0" encoding="UTF-8" standalone="no"?>
<solution author="ScholORs" cores="1" country="China and Malaysia" institution="Bejing/Hefei/Malaysia" name="agh-fal17" runtime="43200" technique="hillclimbingwithrs">
    <class days="1000000" id="1" room="190" start="216" weeks="011110000000000000"/>
    <class days="0001000" id="2" room="32" start="226" weeks="000110111111101111"/>
    <class days="1000000" id="3" room="32" start="96" weeks="000111111111100111"/>
    <class days="0100000" id="4" room="208" start="136" weeks="011111111111100111"/>
    <class days="0001000" id="5" room="248" start="150" weeks="010100101010100101"/>
    <class days="0001000" id="6" room="248" start="204" weeks="010100101010100101"/>
    <class days="0001000" id="7" room="248" start="150" weeks="001010010101001010"/>
    <class days="0100000" id="8" room="248" start="204" weeks="010101010101000101"/>
    <class days="0001000" id="9" room="248" start="204" weeks="001010010101001010"/>
    <class days="0100000" id="10" room="248" start="204" weeks="001010101010100010"/>
    <class days="0001000" id="11" room="209" start="114" weeks="001010010101001010"/>
    <class days="0001000" id="12" room="209" start="114" weeks="010100101010100101"/>
    <class days="0000100" id="13" room="245" start="165" weeks="010101010101000101"/>
    <class days="0000100" id="14" room="245" start="165" weeks="001010101010001010"/>
    <class days="0001000" id="15" room="245" start="132" weeks="001010010101001010"/>
    <class days="0001000" id="16" room="245" start="150" weeks="010100101010100101"/>
    <class days="0000100" id="17" room="245" start="141" weeks="010101010101000101"/>
    <class days="0000100" id="18" room="245" start="141" weeks="001010101010001010"/>
    <class days="0001000" id="19" room="245" start="150" weeks="001010010101001010"/>
    <class days="0001000" id="20" room="245" start="132" weeks="010100101010100101"/>
    <class days="0000100" id="21" room="245" start="183" weeks="001010101010001010"/>
    <class days="0000100" id="22" room="245" start="183" weeks="010101010101000101"/>
    <class days="0000100" id="23" room="190" start="96" weeks="011111111110000000"/>
    <class days="0010000" id="24" room="28" start="186" weeks="011110111111000000"/>
    <class days="1000000" id="25" room="28" start="186" weeks="011111111110000000"/>
    <class days="0001000" id="26" room="28" start="106" weeks="011110111111000000"/>
    <class days="1000000" id="27" room="28" start="96" weeks="011111111110000000"/>
    <class days="0100000" id="28" room="28" start="186" weeks="011111111110000000"/>
    <class days="0010000" id="29" room="28" start="216" weeks="011110111111000000"/>
    <class days="0010000" id="30" room="28" start="156" weeks="011110111111000000"/>
    <class days="0100000" id="31" room="28" start="156" weeks="011111111110000000"/>
    <class days="0010000" id="32" room="28" start="126" weeks="011110111111000000"/>
    <class days="0010000" id="33" room="242" start="176" weeks="011110111000000000"/>
    <class days="0010000" id="34" room="120" start="176" weeks="011110111100000000"/>
    <class days="0010000" id="35" room="244" start="216" weeks="001010010101001010"/>
    <class days="0010000" id="36" room="244" start="216" weeks="010100101010100101"/>
    <class days="0010000" id="37" room="236" start="196" weeks="010100101010100101"/>
    <class days="0010000" id="38" room="236" start="196" weeks="001010010101001010"/>
    <class days="0100000" id="39" room="240" start="226" weeks="011111111111100111"/>
    <class days="0100000" id="40" room="238" start="206" weeks="011111111111100111"/>
    <class days="0010000" id="41" room="24" start="196" weeks="011110111111101111"/>
    <class days="1000000" id="42" room="236" start="226" weeks="011111111111100111"/>
    <class days="1000000" id="43" room="174" start="226" weeks="011111111000000000"/>
    <class days="0001000" id="44" room="303" start="222" weeks="011110111111101111"/>
    <class days="0100000" id="45" room="303" start="138" weeks="011111111111100111"/>
    <class days="1000000" id="46" room="303" start="117" weeks="011111111111100111"/>
    <class days="0000100" id="47" room="303" start="150" weeks="011111111111001111"/>
    <class days="0001000" id="48" room="303" start="204" weeks="011110111111101111"/>
    <class days="0000100" id="49" room="303" start="96" weeks="011111111111001111"/>
    <class days="0010000" id="50" room="303" start="138" weeks="011110111111101111"/>
    <class days="0000100" id="51" room="303" start="132" weeks="011111111111001111"/>
    <class days="0001000" id="52" room="304" start="120" weeks="011110111111101111"/>
    <class days="0000100" id="53" room="303" start="114" weeks="011111111111001111"/>
    <class days="0010000" id="54" room="303" start="120" weeks="011110111111101111"/>
    <class days="0100000" id="55" room="303" start="120" weeks="011111111111100111"/>
    <class days="1000000" id="56" room="190" start="96" weeks="000111111111100111"/>
    <class days="0000100" id="57" room="240" start="136" weeks="011111111111001111"/>
    <class days="1000000" id="58" room="236" start="196" weeks="011111111111100111"/>
    <class days="0100000" id="59" room="236" start="196" weeks="011111111111100111"/>
    <class days="0000100" id="60" room="238" start="252" weeks="011111111111001111"/>
    <class days="0010000" id="61" room="24" start="216" weeks="011110111111101111"/>
    <class days="0010000" id="62" room="236" start="136" weeks="011110111111101111"/>
    <class days="0100000" id="63" room="21" start="226" weeks="011111111111100111"/>
    <class days="1000000" id="64" room="242" start="226" weeks="011111111111100111"/>
    <class days="0000100" id="65" room="236" start="106" weeks="001010101010001010"/>
    <class days="0100000" id="66" room="24" start="126" weeks="010101010101000101"/>
    <class days="0100000" id="67" room="268" start="226" weeks="011111111111100111"/>
    <class days="0100000" id="68" room="268" start="246" weeks="011111111111100111"/>
    <class days="0010000" id="69" room="242" start="136" weeks="011110111111101111"/>
    <class days="0100000" id="70" room="21" start="136" weeks="001010101010100010"/>
    <class days="0100000" id="71" room="21" start="146" weeks="010101010101000101"/>
    <class days="1000000" id="72" room="236" start="206" weeks="001010101010100010"/>
    <class days="1000000" id="73" room="236" start="146" weeks="001010101010100010"/>
    <class days="0000100" id="74" room="24" start="166" weeks="001010101010001010"/>
    <class days="0000100" id="75" room="24" start="166" weeks="010101010101000101"/>
    <class days="0010000" id="76" room="27" start="156" weeks="011110111000000000"/>
    <class days="0100000" id="77" room="236" start="206" weeks="011111111111100111"/>
    <class days="0001000" id="78" room="96" start="196" weeks="011110111111101111"/>
    <class days="0100000" id="79" room="190" start="96" weeks="011111111111100111"/>
    <class days="1000000" id="80" room="244" start="186" weeks="010101010101000101"/>
    <class days="1000000" id="81" room="240" start="96" weeks="010101010101000101"/>
    <class days="0000100" id="82" room="21" start="216" weeks="010101010101000101"/>
    <class days="0000100" id="83" room="21" start="216" weeks="001010101010001010"/>
    <class days="0001000" id="84" room="236" start="156" weeks="010100101010100101"/>
    <class days="0001000" id="85" room="234" start="206" weeks="010100101010100101"/>
    <class days="0000100" id="86" room="244" start="126" weeks="001010101010001010"/>
    <class days="1000000" id="87" room="190" start="180" weeks="011111111111100111"/>
    <class days="0100000" id="88" room="231" start="168" weeks="011111111000000000"/>
    <class days="1000000" id="89" room="239" start="159" weeks="011111111111100111"/>
    <class days="1000000" id="90" room="239" start="231" weeks="011111111111100111"/>
    <class days="0010000" id="91" room="239" start="96" weeks="011110111111101111"/>
    <class days="1000000" id="92" room="239" start="177" weeks="011111111111100111"/>
    <class days="1000000" id="93" room="239" start="213" weeks="011111111111100111"/>
    <class days="0010000" id="94" room="239" start="117" weeks="011110111111101111"/>
    <class days="1000000" id="95" room="239" start="195" weeks="011111111111100111"/>
    <class days="0100000" id="96" start="168" weeks="011111111111100111"/>
    <class days="0001000" id="97" start="168" weeks="011110111111101111"/>
    <class days="0100000" id="98" start="168" weeks="011111111111100111"/>
    <class days="0001000" id="99" start="168" weeks="011110111111101111"/>
    <class days="1000000" id="100" room="268" start="246" weeks="011111111000000000"/>
    <class days="0000100" id="101" room="32" start="176" weeks="001010101010001010"/>
    <class days="0000100" id="102" room="32" start="226" weeks="001010101010001010"/>
    <class days="0001000" id="103" room="28" start="206" weeks="010100101010100101"/>
    <class days="0000100" id="104" room="28" start="166" weeks="010101010101000101"/>
    <class days="0100000" id="105" room="32" start="226" weeks="010101010101000101"/>
    <class days="0001000" id="106" room="32" start="136" weeks="010100101010100101"/>
    <class days="0001000" id="107" room="28" start="196" weeks="001010010101001010"/>
    <class days="0010000" id="108" room="207" start="204" weeks="011110111111101111"/>
    <class days="0010000" id="109" room="247" start="222" weeks="010100101010100101"/>
    <class days="0100000" id="110" room="239" start="206" weeks="001010101010100010"/>
    <class days="0100000" id="111" room="239" start="206" weeks="010101010101000101"/>
    <class days="0010000" id="112" room="247" start="222" weeks="001010010101001010"/>
    <class days="0100000" id="113" room="239" start="226" weeks="001010101010100010"/>
    <class days="0100000" id="114" room="239" start="226" weeks="010101010101000101"/>
    <class days="1000000" id="115" room="247" start="204" weeks="011111111111100111"/>
    <class days="1000000" id="116" room="239" start="114" weeks="011111111111100111"/>
    <class days="1000000" id="117" room="239" start="96" weeks="011111111111100111"/>
    <class days="0000100" id="118" room="239" start="111" weeks="011111111111001111"/>
    <class days="1000000" id="119" room="239" start="132" weeks="011111111111100111"/>
    <class days="0000100" id="120" room="239" start="93" weeks="011111111111001111"/>
    <class days="0000100" id="121" room="156" start="120" weeks="011111111111001111"/>
    <class days="0000100" id="122" room="156" start="141" weeks="011111111111001111"/>
    <class days="0001000" id="123" room="70" start="120" weeks="010100101010100101"/>
    <class days="0001000" id="124" room="70" start="120" weeks="001010010101001010"/>
    <class days="0010000" id="125" room="120" start="126" weeks="011110111111101111"/>
    <class days="0100000" id="126" room="242" start="126" weeks="011111111111100111"/>
    <class days="0010000" id="127" room="241" start="96" weeks="011110111111101111"/>
    <class days="0010000" id="128" room="27" start="176" weeks="011110111111101111"/>
    <class days="0010000" id="129" room="241" start="136" weeks="011110111111101111"/>
    <class days="0010000" id="130" room="236" start="96" weeks="011110111111101111"/>
    <class days="0001000" id="131" room="21" start="156" weeks="011110111111101111"/>
    <class days="0000100" id="132" room="112" start="93" weeks="011111111110000000"/>
    <class days="0000100" id="133" room="164" start="123" weeks="011111110000000000"/>
    <class days="0001000" id="134" room="250" start="114" weeks="011110111000000000"/>
    <class days="0000100" id="135" room="164" start="141" weeks="011111110000000000"/>
    <class days="0000100" id="136" room="164" start="159" weeks="011111110000000000"/>
    <class days="0001000" id="137" room="250" start="96" weeks="011110111000000000"/>
    <class days="0000100" id="138" room="28" start="123" weeks="000000001111001111"/>
    <class days="0000100" id="139" start="123" weeks="000000001111001111"/>
    <class days="0001000" id="140" room="218" start="96" weeks="000000000111101111"/>
    <class days="0001000" id="141" start="96" weeks="000000000111101111"/>
    <class days="0000100" id="142" room="218" start="141" weeks="000000001111001111"/>
    <class days="0000100" id="143" start="141" weeks="000000001111001111"/>
    <class days="0000100" id="144" room="218" start="123" weeks="000000001111001111"/>
    <class days="0000100" id="145" start="123" weeks="000000001111001111"/>
    <class days="0001000" id="146" room="218" start="114" weeks="000000000111101111"/>
    <class days="0001000" id="147" start="114" weeks="000000000111101111"/>
    <class days="0000100" id="148" room="27" start="196" weeks="011111111111001111"/>
    <class days="0001000" id="149" room="13" start="136" weeks="011110111111101111"/>
    <class days="0001000" id="150" room="190" start="96" weeks="011110111111101111"/>
    <class days="0010000" id="151" room="24" start="96" weeks="010100101010100101"/>
    <class days="0010000" id="152" room="24" start="96" weeks="001010010101001010"/>
    <class days="0000100" id="153" room="21" start="196" weeks="001010101010001010"/>
    <class days="0000100" id="154" room="21" start="196" weeks="010101010101000101"/>
    <class days="1000000" id="155" room="234" start="216" weeks="001010101010100010"/>
    <class days="1000000" id="156" room="234" start="216" weeks="010101010101000101"/>
    <class days="0000100" id="157" room="317" start="219" weeks="001010101010001010"/>
    <class days="1000000" id="158" room="317" start="147" weeks="001010101010100010"/>
    <class days="0000100" id="159" room="317" start="174" weeks="001010101010001010"/>
    <class days="0100000" id="160" room="317" start="207" weeks="010101010101000101"/>
    <class days="0100000" id="161" room="317" start="210" weeks="001010101010100010"/>
    <class days="0000100" id="162" room="317" start="219" weeks="010101010101000101"/>
    <class days="0010000" id="163" room="317" start="141" weeks="001010010101001010"/>
    <class days="0010000" id="164" room="317" start="231" weeks="010100101010100101"/>
    <class days="0010000" id="165" room="317" start="234" weeks="001010010101001010"/>
    <class days="0010000" id="166" room="317" start="195" weeks="001010010101001010"/>
    <class days="0000100" id="167" room="317" start="150" weeks="010101010101000101"/>
    <class days="0100000" id="168" room="317" start="96" weeks="010101010101000101"/>
    <class days="0010000" id="169" room="268" start="226" weeks="011110111111101111"/>
    <class days="0000100" id="170" room="21" start="236" weeks="011111111111001111"/>
    <class days="0000100" id="171" room="234" start="136" weeks="011111111111001111"/>
    <class days="0001000" id="172" room="24" start="96" weeks="011110111111101111"/>
    <class days="0001000" id="173" room="240" start="116" weeks="011110111111101111"/>
    <class days="0100000" id="174" room="21" start="186" weeks="011111111111100111"/>
    <class days="0010000" id="175" room="238" start="206" weeks="011110111111101111"/>
    <class days="0001000" id="176" room="38" start="206" weeks="011110111111101111"/>
    <class days="0100000" id="177" room="38" start="196" weeks="011111111111100111"/>
    <class days="1000000" id="178" room="38" start="136" weeks="011111111111100111"/>
    <class days="0000100" id="179" room="38" start="176" weeks="011111111111001111"/>
    <class days="0001000" id="180" room="38" start="226" weeks="011110111111101111"/>
    <class days="0000100" id="181" room="38" start="116" weeks="011111111111001111"/>
    <class days="0000100" id="182" room="38" start="216" weeks="011111111111001111"/>
    <class days="1000000" id="183" room="38" start="186" weeks="011111111111100111"/>
    <class days="0001000" id="184" room="38" start="176" weeks="011110111111101111"/>
    <class days="1000000" id="185" room="38" start="206" weeks="011111111111100111"/>
    <class days="0100000" id="186" room="38" start="246" weeks="011111111111100111"/>
    <class days="0100000" id="187" room="38" start="166" weeks="011111111111100111"/>
    <class days="0010000" id="188" room="242" start="196" weeks="001010010101001010"/>
    <class days="0000100" id="189" room="13" start="166" weeks="011111111111001111"/>
    <class days="0010000" id="190" room="13" start="176" weeks="011110111111101111"/>
    <class days="0001000" id="191" room="13" start="116" weeks="011110111111101111"/>
    <class days="1000000" id="192" room="190" start="126" weeks="000000001111100111"/>
    <class days="0000100" id="193" room="241" start="216" weeks="010101010101000101"/>
    <class days="0010000" id="194" room="244" start="156" weeks="010100101010100101"/>
    <class days="1000000" id="195" room="240" start="106" weeks="001010101010100010"/>
    <class days="0100000" id="196" room="244" start="226" weeks="001010101010100010"/>
    <class days="0000100" id="197" room="236" start="216" weeks="001010101010001010"/>
    <class days="0000100" id="198" room="244" start="196" weeks="010101010101000101"/>
    <class days="0100000" id="199" room="234" start="116" weeks="000111111111100111"/>
    <class days="0100000" id="200" room="24" start="226" weeks="000111111111100111"/>
    <class days="0000100" id="201" room="236" start="146" weeks="000111111111001111"/>
    <class days="0001000" id="202" room="24" start="206" weeks="000110111111101111"/>
    <class days="0001000" id="203" room="234" start="136" weeks="000110111111101111"/>
    <class days="0000100" id="204" room="234" start="216" weeks="000111111111001111"/>
    <class days="0100000" id="205" room="27" start="216" weeks="011111111110000000"/>
    <class days="0010000" id="206" room="236" start="216" weeks="011110111111000000"/>
    <class days="0100000" id="207" room="241" start="96" weeks="011111111110000000"/>
    <class days="1000000" id="208" room="313" start="168" weeks="010101010100000000"/>
    <class days="1000000" id="209" room="313" start="168" weeks="001010101010000000"/>
    <class days="0010000" id="210" room="313" start="144" weeks="010100101010000000"/>
    <class days="0010000" id="211" room="313" start="144" weeks="001010010101000000"/>
    <class days="0000100" id="212" room="268" start="206" weeks="011111111110000000"/>
    <class days="0000100" id="213" room="243" start="176" weeks="011111110000000000"/>
    <class days="0100000" id="214" room="243" start="146" weeks="011111110000000000"/>
    <class days="0001000" id="215" room="234" start="116" weeks="011110111000000000"/>
    <class days="1000000" id="216" room="236" start="126" weeks="011111110000000000"/>
    <class days="0001000" id="217" room="240" start="156" weeks="011110111000000000"/>
    <class days="0010000" id="218" room="243" start="186" weeks="011110111000000000"/>
    <class days="0001000" id="219" room="241" start="106" weeks="011110111000000000"/>
    <class days="1000000" id="220" room="241" start="126" weeks="011111110000000000"/>
    <class days="0001000" id="221" room="244" start="166" weeks="011110111000000000"/>
    <class days="0001000" id="222" room="27" start="196" weeks="011110111000000000"/>
    <class days="1000000" id="223" room="190" start="124" weeks="000111110000000000"/>
    <class days="1000000" id="224" room="13" start="216" weeks="011111111111100111"/>
    <class days="0100000" id="225" room="13" start="156" weeks="011111111111100111"/>
    <class days="0010000" id="226" room="13" start="116" weeks="011110111111101111"/>
    <class days="0001000" id="227" room="13" start="156" weeks="011110111111101111"/>
    <class days="1000000" id="228" room="13" start="176" weeks="011111111111100111"/>
    <class days="0100000" id="229" room="13" start="206" weeks="011111111111100111"/>
    <class days="0010000" id="230" room="13" start="216" weeks="011110111111101111"/>
    <class days="0010000" id="231" room="13" start="236" weeks="011110111111101111"/>
    <class days="0100000" id="232" room="13" start="136" weeks="011111111111100111"/>
    <class days="0010000" id="233" room="13" start="196" weeks="011110111111101111"/>
    <class days="0000100" id="234" room="13" start="236" weeks="011111111111001111"/>
    <class days="0100000" id="235" room="13" start="246" weeks="011111111111100111"/>
    <class days="0010000" id="236" room="13" start="96" weeks="011110111111101111"/>
    <class days="0000100" id="237" room="13" start="186" weeks="011111111111001111"/>
    <class days="1000000" id="238" room="242" start="186" weeks="011111111000000000"/>
    <class days="0001000" id="239" room="238" start="136" weeks="001010010101001010"/>
    <class days="0001000" id="240" room="238" start="136" weeks="010100101010100101"/>
    <class days="0010000" id="241" room="244" start="176" weeks="010100101010100101"/>
    <class days="0010000" id="242" room="244" start="176" weeks="001010010101001010"/>
    <class days="0010000" id="243" room="24" start="136" weeks="010100101010100101"/>
    <class days="0010000" id="244" room="24" start="136" weeks="001010010101001010"/>
    <class days="1000000" id="245" room="32" start="146" weeks="001010101010100010"/>
    <class days="1000000" id="246" room="32" start="146" weeks="010101010101000101"/>
    <class days="1000000" id="247" room="28" start="166" weeks="001010101010100010"/>
    <class days="1000000" id="248" room="28" start="166" weeks="010101010101000101"/>
    <class days="1000000" id="249" room="32" start="206" weeks="010101010101000101"/>
    <class days="1000000" id="250" room="32" start="206" weeks="001010101010100010"/>
    <class days="1000000" id="251" room="268" start="216" weeks="011111111110000000"/>
    <class days="0000100" id="252" room="240" start="186" weeks="011111110000000000"/>
    <class days="0010000" id="253" room="243" start="166" weeks="011110111000000000"/>
    <class days="0001000" id="254" room="241" start="226" weeks="011110111000000000"/>
    <class days="0100000" id="255" room="238" start="246" weeks="011111110000000000"/>
    <class days="0100000" id="256" room="241" start="146" weeks="011111110000000000"/>
    <class days="0010000" id="257" room="242" start="196" weeks="010100101010100101"/>
    <class days="1000000" id="258" room="13" start="196" weeks="010101010101000101"/>
    <class days="0000100" id="259" room="13" start="146" weeks="001010101010001010"/>
    <class days="0100000" id="260" room="13" start="116" weeks="001010101010100010"/>
    <class days="1000000" id="261" room="13" start="196" weeks="001010101010100010"/>
    <class days="0100000" id="262" room="13" start="96" weeks="001010101010100010"/>
    <class days="0100000" id="263" room="13" start="116" weeks="010101010101000101"/>
    <class days="0000100" id="264" room="238" start="176" weeks="011111111000000000"/>
    <class days="0000100" id="265" room="28" start="146" weeks="011111111000000000"/>
    <class days="0000100" id="266" room="32" start="96" weeks="011111111000000000"/>
    <class days="1000000" id="267" room="190" start="156" weeks="011111111111100111"/>
    <class days="0001000" id="268" room="240" start="96" weeks="011110111111000000"/>
    <class days="1000000" id="269" room="120" start="93" weeks="011111111110000000"/>
    <class days="1000000" id="270" room="24" start="216" weeks="011111111110000000"/>
    <class days="0100000" id="271" room="241" start="186" weeks="011111111110000000"/>
    <class days="0100000" id="272" room="24" start="150" weeks="011111111110000000"/>
    <class days="0100000" id="273" room="27" start="246" weeks="011111111110000000"/>
    <class days="0000100" id="274" room="316" start="196" weeks="010101010100000000"/>
    <class days="0000100" id="275" room="316" start="196" weeks="001010101010000000"/>
    <class days="0000100" id="276" room="316" start="236" weeks="010101010100000000"/>
    <class days="0000100" id="277" room="316" start="236" weeks="001010101010000000"/>
    <class days="0010000" id="278" room="316" start="236" weeks="001010010101000000"/>
    <class days="0010000" id="279" room="316" start="236" weeks="010100101010000000"/>
    <class days="0001000" id="280" room="316" start="246" weeks="001010010101000000"/>
    <class days="0001000" id="281" room="316" start="246" weeks="010100101010000000"/>
    <class days="0100000" id="282" room="316" start="106" weeks="001010101010000000"/>
    <class days="0100000" id="283" room="316" start="146" weeks="010101010100000000"/>
    <class days="0000100" id="284" room="316" start="146" weeks="010101010100000000"/>
    <class days="0000100" id="285" room="316" start="146" weeks="001010101010000000"/>
    <class days="0001000" id="286" room="27" start="156" weeks="011110111000000000"/>
    <class days="0100000" id="287" room="13" start="226" weeks="011111110000000000"/>
    <class days="0010000" id="288" room="13" start="156" weeks="011110111000000000"/>
    <class days="1000000" id="289" room="13" start="246" weeks="011111110000000000"/>
    <class days="0000100" id="290" room="321" start="159" weeks="011111111111001111"/>
    <class days="0000100" id="291" start="159" weeks="011111111111001111"/>
    <class days="0001000" id="292" start="141" weeks="011110111111101111"/>
    <class days="0001000" id="293" start="141" weeks="011110111111101111"/>
    <class days="0001000" id="294" start="141" weeks="011110111111101111"/>
    <class days="0001000" id="295" start="150" weeks="011110111111101111"/>
    <class days="0001000" id="296" start="150" weeks="011110111111101111"/>
    <class days="0001000" id="297" start="150" weeks="011110111111101111"/>
    <class days="0001000" id="298" start="150" weeks="011110111111101111"/>
    <class days="0001000" id="299" start="150" weeks="011110111111101111"/>
    <class days="0001000" id="300" start="141" weeks="011110111111101111"/>
    <class days="0001000" id="301" start="141" weeks="011110111111101111"/>
    <class days="0010000" id="302" room="268" start="176" weeks="001010010101001010"/>
    <class days="0010000" id="303" room="234" start="196" weeks="001010010101001010"/>
    <class days="0010000" id="304" room="234" start="196" weeks="010100101010100101"/>
    <class days="0010000" id="305" room="21" start="146" weeks="001010010101001010"/>
    <class days="0010000" id="306" room="21" start="146" weeks="010100101010100101"/>
    <class days="0010000" id="307" room="238" start="116" weeks="001010010101001010"/>
    <class days="1000000" id="308" room="242" start="166" weeks="011111111000000000"/>
    <class days="0001000" id="309" room="244" start="226" weeks="011110111111101111"/>
    <class days="0001000" id="310" start="136" weeks="011110111111101111"/>
    <class days="0010000" id="311" room="243" start="226" weeks="010100101010100101"/>
    <class days="1000000" id="312" room="243" start="186" weeks="011111111000000000"/>
    <class days="0010000" id="313" room="234" start="226" weeks="011110111111101111"/>
    <class days="0100000" id="314" room="234" start="216" weeks="011111111000000000"/>
    <class days="0100000" id="315" room="300" start="136" weeks="011111111111100111"/>
    <class days="0001000" id="316" room="300" start="186" weeks="011110111111101111"/>
    <class days="0100000" id="317" room="27" start="156" weeks="011111111000000000"/>
    <class days="0001000" id="318" room="21" start="136" weeks="010100101010100101"/>
    <class days="0100000" id="319" room="320" start="201" weeks="010101010101000101"/>
    <class days="0100000" id="320" room="320" start="201" weeks="001010101010100010"/>
    <class days="0000100" id="321" room="120" start="146" weeks="000000000111000000"/>
    <class days="0000100" id="322" room="268" start="166" weeks="000000000000000100"/>
    <class days="0100000" id="323" room="234" start="166" weeks="011111111111100111"/>
    <class days="0100000" id="324" room="234" start="186" weeks="011111111111100111"/>
    <class days="0100000" id="325" room="120" start="156" weeks="011111111111100111"/>
    <class days="0000100" id="326" room="240" start="206" weeks="010101010101000101"/>
    <class days="0010000" id="327" room="316" start="186" weeks="010100101010100101"/>
    <class days="1000000" id="328" room="316" start="186" weeks="001010101010100010"/>
    <class days="0001000" id="329" room="140" start="117" weeks="011110111111101111"/>
    <class days="0000100" id="330" room="296" start="117" weeks="010101010101000101"/>
    <class days="0000100" id="331" room="296" start="117" weeks="001010101010001010"/>
    <class days="0001000" id="332" room="27" start="116" weeks="011110111111101111"/>
    <class days="0010000" id="333" room="238" start="126" weeks="010100101010100101"/>
    <class days="0100000" id="334" room="319" start="222" weeks="010101010101000101"/>
    <class days="0100000" id="335" room="319" start="222" weeks="001010101010100010"/>
    <class days="0001000" id="336" start="96" weeks="011110111111101111"/>
    <class days="0010000" id="337" room="13" start="136" weeks="000000110000000000"/>
    <class days="0001000" id="338" room="13" start="186" weeks="000000110000000000"/>
    <class days="0000100" id="339" room="24" start="96" weeks="000000111110000000"/>
    <class days="0100000" id="340" room="233" start="156" weeks="011111111000000000"/>
    <class days="0010000" id="341" room="34" start="126" weeks="011110111111000000"/>
    <class days="0100000" id="342" room="28" start="96" weeks="011111111111100111"/>
    <class days="0010000" id="343" room="34" start="216" weeks="000000000000101111"/>
    <class days="0000100" id="344" room="301" start="168" weeks="011111111111001111"/>
    <class days="0000100" id="345" room="301" start="186" weeks="010101010101000101"/>
    <class days="0010000" id="346" room="21" start="236" weeks="011110100000000000"/>
    <class days="0010000" id="347" room="21" start="236" weeks="000000011111000000"/>
    <class days="0010000" id="348" room="21" start="236" weeks="000000000000101111"/>
    <class days="0000100" id="349" start="146" weeks="000000000111000000"/>
    <class days="0000100" id="350" room="120" start="116" weeks="000000000000000010"/>
    <class days="0100000" id="351" start="126" weeks="011111111111100111"/>
    <class days="0000100" id="352" room="24" start="196" weeks="001010101010001010"/>
    <class days="0001000" id="353" room="316" start="116" weeks="010100101010100101"/>
    <class days="1000000" id="354" room="233" start="146" weeks="011111111111100111"/>
    <class days="0010000" id="355" room="234" start="106" weeks="010100101010100101"/>
    <class days="0010000" id="356" room="32" start="106" weeks="001010010101001010"/>
    <class days="0001000" id="357" start="96" weeks="011110111111101111"/>
    <class days="1000000" id="358" room="13" start="136" weeks="000000000110000000"/>
    <class days="0001000" id="359" start="116" weeks="011110100000000000"/>
    <class days="1000000" id="360" room="241" start="206" weeks="011111111111100111"/>
    <class days="0001000" id="361" room="243" start="136" weeks="011110111111101111"/>
    <class days="0010000" id="362" room="229" start="126" weeks="010100101010100101"/>
    <class days="0001000" id="363" start="226" weeks="011110111111101111"/>
    <class days="0100000" id="364" room="21" start="96" weeks="010101010101000101"/>
    <class days="0000100" id="365" room="21" start="96" weeks="001010101010001010"/>
    <class days="0000100" id="366" room="238" start="126" weeks="011111111111001111"/>
    <class days="0010000" id="367" room="233" start="166" weeks="010100101010100101"/>
    <class days="0100000" id="368" room="229" start="176" weeks="011111111111100111"/>
    <class days="1000000" id="369" room="24" start="116" weeks="011111111111100111"/>
    <class days="0010000" id="370" room="244" start="146" weeks="001010010101001010"/>
    <class days="1000000" id="371" room="229" start="206" weeks="010101010101000101"/>
    <class days="0000100" id="372" start="146" weeks="000000000111000000"/>
    <class days="0000100" id="373" start="116" weeks="000000000000000010"/>
    <class days="0100000" id="374" start="126" weeks="011111111111100111"/>
    <class days="0010000" id="375" room="233" start="126" weeks="010100101010100101"/>
    <class days="0010000" id="376" room="316" start="106" weeks="010100101010100101"/>
    <class days="0001000" id="377" start="96" weeks="011110111111101111"/>
    <class days="1000000" id="378" room="13" start="146" weeks="000000000001100000"/>
    <class days="0001000" id="379" room="236" start="116" weeks="011110100000000000"/>
    <class days="0000100" id="380" room="236" start="186" weeks="011111111111001111"/>
    <class days="0100000" id="381" room="13" start="186" weeks="011111111111100111"/>
    <class days="0001000" id="382" room="13" start="206" weeks="011110111111101111"/>
    <class days="0001000" id="383" room="240" start="226" weeks="011110111111101111"/>
    <class days="0000100" id="384" room="243" start="116" weeks="011111110000000000"/>
    <class days="1000000" id="385" room="32" start="226" weeks="011111111111100111"/>
    <class days="0000100" id="386" room="13" start="96" weeks="011111111111001111"/>
    <class days="0001000" id="387" room="238" start="176" weeks="011110111111101111"/>
    <class days="0001000" id="388" room="13" start="96" weeks="011110111111101111"/>
    <class days="0001000" id="389" room="13" start="236" weeks="011110111111101111"/>
    <class days="0000100" id="390" start="146" weeks="000000000111000000"/>
    <class days="0000100" id="391" room="120" start="116" weeks="000000000000001000"/>
    <class days="1000000" id="392" room="240" start="126" weeks="000000001111100111"/>
    <class days="1000000" id="393" room="236" start="176" weeks="011111111111100111"/>
    <class days="0000100" id="394" room="236" start="166" weeks="011111111111001111"/>
    <class days="0100000" id="395" start="136" weeks="011111111111100111"/>
    <class days="0001000" id="396" room="243" start="96" weeks="001010010101001010"/>
    <class days="0100000" id="397" room="316" start="176" weeks="010101010101000101"/>
    <class days="0100000" id="398" room="316" start="196" weeks="010101010101000101"/>
    <class days="0001000" id="399" start="96" weeks="011110111111101111"/>
    <class days="0010000" id="400" room="13" start="136" weeks="000000000011000000"/>
    <class days="1000000" id="401" room="13" start="106" weeks="000000000110000000"/>
    <class days="0001000" id="402" room="236" start="196" weeks="000000000000101111"/>
    <class days="1000000" id="403" start="226" weeks="011111111000000000"/>
    <class days="0000100" id="404" room="32" start="196" weeks="011111111111001111"/>
    <class days="0001000" id="405" room="27" start="136" weeks="011110111111101111"/>
    <class days="1000000" id="406" room="236" start="146" weeks="010101010101000101"/>
    <class days="0100000" id="407" start="156" weeks="011111111000000000"/>
    <class days="0010000" id="408" room="240" start="156" weeks="001010010101001010"/>
    <class days="0100000" id="409" room="320" start="180" weeks="010101010101000101"/>
    <class days="0100000" id="410" room="320" start="180" weeks="001010101010100010"/>
    <class days="0010000" id="411" room="268" start="96" weeks="011110111100000000"/>
    <class days="0100000" id="412" room="32" start="176" weeks="011111111111100111"/>
    <class days="0000100" id="413" start="146" weeks="000000000111000000"/>
    <class days="0000100" id="414" room="21" start="116" weeks="000000000000000100"/>
    <class days="0100000" id="415" start="146" weeks="011111111111100111"/>
    <class days="0100000" id="416" room="240" start="106" weeks="010101010101000101"/>
    <class days="0001000" id="417" room="316" start="196" weeks="010100101010100101"/>
    <class days="0100000" id="418" room="316" start="236" weeks="010101010101000101"/>
    <class days="1000000" id="419" room="244" start="136" weeks="011111111111100111"/>
    <class days="1000000" id="420" room="241" start="106" weeks="011111111111100111"/>
    <class days="0100000" id="421" room="244" start="201" weeks="001010101010100010"/>
    <class days="0100000" id="422" room="244" start="201" weeks="010101010101000101"/>
    <class days="0001000" id="423" start="96" weeks="011110111111101111"/>
    <class days="1000000" id="424" room="244" start="226" weeks="000000111110000000"/>
    <class days="1000000" id="425" room="13" start="116" weeks="000000000000000110"/>
    <class days="1000000" id="426" room="13" start="156" weeks="000000000000000110"/>
    <class days="1000000" id="427" room="318" start="132" weeks="011111111111100111"/>
    <class days="1000000" id="428" room="318" start="150" weeks="011111111111100111"/>
    <class days="0000100" id="429" start="146" weeks="000000000111000000"/>
    <class days="0000100" id="430" room="120" start="166" weeks="000000000000000010"/>
    <class days="0100000" id="431" room="97" start="168" weeks="011111111111100111"/>
    <class days="0000100" id="432" room="318" start="114" weeks="011111111111001111"/>
    <class days="0010000" id="433" room="241" start="176" weeks="011110111111101111"/>
    <class days="0100000" id="434" room="244" start="126" weeks="011111111111100111"/>
    <class days="0100000" id="435" start="146" weeks="011111111111100111"/>
    <class days="1000000" id="436" room="238" start="246" weeks="001010101010100010"/>
    <class days="0100000" id="437" room="316" start="186" weeks="001010101010100010"/>
    <class days="1000000" id="438" room="298" start="96" weeks="011111111111100111"/>
    <class days="0100000" id="439" room="298" start="96" weeks="011111111111100111"/>
    <class days="1000000" id="440" room="184" start="207" weeks="011111111111100111"/>
    <class days="0100000" id="441" room="318" start="192" weeks="010101010101000101"/>
    <class days="0100000" id="442" room="318" start="192" weeks="001010101010100010"/>
    <class days="0001000" id="443" room="242" start="96" weeks="011110111111101111"/>
    <class days="0000100" id="444" room="13" start="116" weeks="000000011000000000"/>
    <class days="1000000" id="445" room="233" start="96" weeks="000000111110000000"/>
    <class days="1000000" id="446" start="196" weeks="011111111000000000"/>
    <class days="0010000" id="447" room="32" start="196" weeks="011110111111101111"/>
    <class days="1000000" id="448" room="24" start="166" weeks="011111111111100111"/>
    <class days="0000100" id="449" room="244" start="146" weeks="011111111111001111"/>
    <class days="0010000" id="450" room="21" start="106" weeks="001010010101001010"/>
    <class days="0100000" id="451" room="32" start="96" weeks="011111111111100111"/>
    <class days="0001000" id="452" room="32" start="166" weeks="011110111111101111"/>
    <class days="0010000" id="453" room="32" start="106" weeks="010100101010100101"/>
    <class days="0000100" id="454" start="146" weeks="000000000111000000"/>
    <class days="0000100" id="455" room="120" start="116" weeks="000000000000000001"/>
    <class days="1000000" id="456" room="243" start="146" weeks="011111111111100111"/>
    <class days="0010000" id="457" room="32" start="226" weeks="001010010101001010"/>
    <class days="0001000" id="458" room="28" start="186" weeks="010100101010100101"/>
    <class days="1000000" id="459" room="32" start="116" weeks="001010101010100010"/>
    <class days="0100000" id="460" room="243" start="116" weeks="011111111111100111"/>
    <class days="1000000" id="461" room="238" start="136" weeks="010101010101000101"/>
    <class days="0100000" id="462" room="300" start="216" weeks="011111111110000000"/>
    <class days="0000100" id="463" room="300" start="236" weeks="011111111110000000"/>
    <class days="0001000" id="464" start="96" weeks="011110111111101111"/>
    <class days="0010000" id="465" room="13" start="136" weeks="000000001100000000"/>
    <class days="0001000" id="466" room="13" start="186" weeks="000000000000000110"/>
    <class days="0001000" id="467" room="234" start="176" weeks="000000011111000000"/>
    <class days="0001000" id="468" room="108" start="156" weeks="011110111111101111"/>
    <class days="0000100" id="469" room="24" start="136" weeks="011111110000000000"/>
    <class days="0000100" id="470" room="24" start="136" weeks="000000001111001111"/>
    <class days="0010000" id="471" room="24" start="156" weeks="011110111111000000"/>
    <class days="0000100" id="472" room="241" start="156" weeks="011111111110000000"/>
    <class days="1000000" id="473" room="243" start="206" weeks="011111111110000000"/>
    <class days="1000000" id="474" room="24" start="146" weeks="011111111110000000"/>
    <class days="0100000" id="475" room="238" start="226" weeks="011111111110000000"/>
    <class days="0100000" id="476" room="238" start="166" weeks="011111111110000000"/>
    <class days="0001000" id="477" room="238" start="116" weeks="011110111111000000"/>
    <class days="0000100" id="478" room="21" start="116" weeks="011111111110000000"/>
    <class days="1000000" id="479" room="268" start="96" weeks="000000001111100111"/>
    <class days="0100000" id="480" room="268" start="186" weeks="011111100000000000"/>
    <class days="0010000" id="481" room="240" start="166" weeks="010100101010000000"/>
    <class days="0001000" id="482" room="240" start="136" weeks="001010010101000000"/>
    <class days="0010000" id="483" room="21" start="96" weeks="010100101010000000"/>
    <class days="0100000" id="484" room="24" start="106" weeks="010101010100000000"/>
    <class days="1000000" id="485" room="242" start="136" weeks="000000001111100111"/>
    <class days="0100000" id="486" room="244" start="176" weeks="011111000000000000"/>
    <class days="0100000" id="487" room="243" start="96" weeks="000000000001100111"/>
    <class days="1000000" id="488" room="238" start="226" weeks="011111000000000000"/>
    <class days="0000100" id="489" room="243" start="196" weeks="000000111110000000"/>
    <class days="1000000" id="490" room="7" start="195" weeks="011100000000000000"/>
    <class days="1000000" id="491" room="7" start="102" weeks="000011100000000000"/>
    <class days="0001000" id="492" room="7" start="129" weeks="000000001110000000"/>
    <class days="0000100" id="493" room="7" start="108" weeks="000000000011001000"/>
    <class days="0100000" id="494" room="7" start="150" weeks="000000000000000111"/>
    <class days="0000100" id="495" room="7" start="177" weeks="011100000000000000"/>
    <class days="0001000" id="496" room="7" start="120" weeks="000010110000000000"/>
    <class days="0010000" id="497" room="7" start="246" weeks="000000001110000000"/>
    <class days="0010000" id="498" room="268" start="136" weeks="011110111111101111"/>
    <class days="0001000" id="499" room="243" start="116" weeks="000000000111101111"/>
    <class days="1000000" id="500" room="234" start="176" weeks="000000001111100111"/>
    <class days="0000100" id="501" room="243" start="136" weeks="000000001111001111"/>
    <class days="0100000" id="502" room="234" start="136" weeks="000000001111100111"/>
    <class days="0000100" id="503" room="241" start="126" weeks="011111111111001111"/>
    <class days="0001000" id="504" room="236" start="216" weeks="011110111111101111"/>
    <class days="1000000" id="505" room="241" start="146" weeks="011111111111100111"/>
    <class days="0100000" id="506" room="120" start="216" weeks="011111111111100111"/>
    <class days="0010000" id="507" room="242" start="116" weeks="011110111111101111"/>
    <class days="0000100" id="508" room="24" start="226" weeks="011111111111001111"/>
    <class days="0100000" id="509" room="238" start="116" weeks="011111111111100111"/>
    <class days="0010000" id="510" room="236" start="176" weeks="011110111111101111"/>
    <class days="0100000" id="511" room="21" start="206" weeks="011111111111100111"/>
    <class days="0100000" id="512" room="22" start="116" weeks="011111111111100111"/>
    <class days="1000000" id="513" room="22" start="96" weeks="011111111111100111"/>
    <class days="1000000" id="514" room="22" start="136" weeks="011111111111100111"/>
    <class days="0000100" id="515" room="22" start="226" weeks="011111111111001111"/>
    <class days="0100000" id="516" room="22" start="206" weeks="011111111111100111"/>
    <class days="0010000" id="517" room="22" start="146" weeks="011110111111101111"/>
    <class days="1000000" id="518" room="22" start="206" weeks="011111111111100111"/>
    <class days="0010000" id="519" room="22" start="216" weeks="011110111111101111"/>
    <class days="0100000" id="520" room="268" start="96" weeks="011111111111100111"/>
    <class days="0000100" id="521" room="27" start="236" weeks="011111111111001111"/>
    <class days="0100000" id="522" room="27" start="116" weeks="011111111111100111"/>
    <class days="0100000" id="523" room="27" start="126" weeks="011111111111100111"/>
    <class days="0000100" id="524" room="27" start="226" weeks="011111111111001111"/>
    <class days="1000000" id="525" room="33" start="96" weeks="011111111111100111"/>
    <class days="0001000" id="526" room="33" start="206" weeks="011110111111101111"/>
    <class days="0000100" id="527" room="33" start="226" weeks="011111111111001111"/>
    <class days="0000100" id="528" room="33" start="116" weeks="011111111111001111"/>
    <class days="1000000" id="529" room="33" start="216" weeks="011111111111100111"/>
    <class days="0001000" id="530" room="33" start="96" weeks="011110111111101111"/>
    <class days="0010000" id="531" room="33" start="216" weeks="011110111111101111"/>
    <class days="0010000" id="532" room="33" start="126" weeks="011110111111101111"/>
    <class days="0010000" id="533" room="120" start="236" weeks="011110111000000000"/>
    <class days="0010000" id="534" room="268" start="116" weeks="010100101010100101"/>
    <class days="0010000" id="535" room="268" start="116" weeks="001010010101001010"/>
    <class days="0010000" id="536" room="244" start="196" weeks="011110111111000000"/>
    <class days="0001000" id="537" room="244" start="96" weeks="011110111111000000"/>
    <class days="0000100" id="538" room="27" start="166" weeks="011111000000000000"/>
    <class days="0100000" id="539" room="27" start="96" weeks="011111000000000000"/>
    <class days="0100000" id="540" room="27" start="176" weeks="011111000000000000"/>
    <class days="0100000" id="541" room="27" start="196" weeks="011111000000000000"/>
    <class days="0000100" id="542" room="120" start="176" weeks="011111110000000000"/>
    <class days="0010000" id="543" room="243" start="96" weeks="001010010101001010"/>
    <class days="0010000" id="544" room="243" start="96" weeks="010100101010100101"/>
    <class days="1000000" id="545" room="27" start="126" weeks="000111110000000000"/>
    <class days="1000000" id="546" room="27" start="126" weeks="000000001111100111"/>
    <class days="0100000" id="547" room="247" start="222" weeks="011111111111100111"/>
    <class days="0001000" id="548" room="247" start="180" weeks="011110111111101111"/>
    <class days="0001000" id="549" room="247" start="159" weeks="011110111111101111"/>
    <class days="0100000" id="550" room="247" start="204" weeks="011111111111100111"/>
    <class days="0100000" id="551" room="120" start="116" weeks="011111111111100111"/>
    <class days="1000000" id="552" room="21" start="226" weeks="011111111111100111"/>
    <class days="1000000" id="553" room="244" start="96" weeks="011111111111100111"/>
    <class days="0100000" id="554" room="21" start="166" weeks="011111111111100111"/>
    <class days="0100000" id="555" room="236" start="226" weeks="011111111111100111"/>
    <class days="0100000" id="556" start="168" weeks="011111111111100111"/>
    <class days="0001000" id="557" start="168" weeks="011110111111101111"/>
    <class days="0100000" id="558" start="168" weeks="011111111111100111"/>
    <class days="0001000" id="559" start="168" weeks="011110111111101111"/>
    <class days="0100000" id="560" room="242" start="156" weeks="011111000000000000"/>
    <class days="0100000" id="561" room="300" start="246" weeks="010101010101000101"/>
    <class days="0000100" id="562" room="300" start="156" weeks="010101010101000101"/>
    <class days="0010000" id="563" room="300" start="226" weeks="010100101010100101"/>
    <class days="0000100" id="564" room="300" start="216" weeks="010101010101000101"/>
    <class days="1000000" id="565" room="300" start="216" weeks="010101010101000101"/>
    <class days="0000100" id="566" room="300" start="156" weeks="001010101010001010"/>
    <class days="0001000" id="567" room="300" start="126" weeks="010100101010100101"/>
    <class days="0010000" id="568" room="300" start="226" weeks="001010010101001010"/>
    <class days="1000000" id="569" room="268" start="136" weeks="011111111111100111"/>
    <class days="0100000" id="570" room="244" start="96" weeks="011111111111100111"/>
    <class days="0010000" id="571" room="234" start="166" weeks="011110111111101111"/>
    <class days="0010000" id="572" room="21" start="206" weeks="011110111111101111"/>
    <class days="0100000" id="573" room="236" start="136" weeks="011111111111100111"/>
    <class days="0000100" id="574" room="268" start="96" weeks="010000000000000000"/>
    <class days="1000000" id="575" room="28" start="216" weeks="011111111110000000"/>
    <class days="0010000" id="576" room="32" start="156" weeks="011110111111000000"/>
    <class days="0000100" id="577" room="32" start="146" weeks="011111111110000000"/>
    <class days="0001000" id="578" room="32" start="206" weeks="011110111111000000"/>
    <class days="0001000" id="579" room="32" start="96" weeks="011110111111000000"/>
    <class days="0000100" id="580" room="28" start="226" weeks="011111111110000000"/>
    <class days="0001000" id="581" room="32" start="186" weeks="011110111111000000"/>
    <class days="0100000" id="582" room="32" start="146" weeks="011111111110000000"/>
    <class days="0000100" id="583" room="27" start="146" weeks="011111110000000000"/>
    <class days="0000100" id="584" room="27" start="146" weeks="000000001111001111"/>
    <class days="0100000" id="585" room="19" start="246" weeks="000000001111100111"/>
    <class days="0100000" id="586" room="19" start="246" weeks="011111110000000000"/>
    <class days="1000000" id="587" room="190" start="216" weeks="000000111110000000"/>
    <class days="0010000" id="588" room="38" start="136" weeks="010100101010100101"/>
    <class days="0010000" id="589" room="38" start="196" weeks="001010010101001010"/>
    <class days="0010000" id="590" room="38" start="166" weeks="010100101010100101"/>
    <class days="0010000" id="591" room="38" start="236" weeks="010100101010100101"/>
    <class days="0010000" id="592" room="38" start="226" weeks="001010010101001010"/>
    <class days="0010000" id="593" room="38" start="96" weeks="001010010101001010"/>
    <class days="0001000" id="594" room="38" start="126" weeks="001010010101001010"/>
    <class days="0001000" id="595" room="38" start="126" weeks="010100101010100101"/>
    <class days="0000100" id="596" room="120" start="96" weeks="011111111111001111"/>
    <class days="0000100" id="597" room="238" start="146" weeks="011111111111001111"/>
    <class days="0000100" id="598" room="236" start="126" weeks="011111111111001111"/>
    <class days="0001000" id="599" room="24" start="226" weeks="011110111111101111"/>
    <class days="0001000" id="600" room="21" start="206" weeks="011110111111101111"/>
    <class days="1000000" id="601" room="30" start="186" weeks="011111000000000000"/>
    <class days="0010000" id="602" room="44" start="206" weeks="010100101010100101"/>
    <class days="1000000" id="603" room="44" start="126" weeks="001010101010100010"/>
    <class days="1000000" id="604" room="44" start="146" weeks="001010101010100010"/>
    <class days="1000000" id="605" room="268" start="166" weeks="011111110000000000"/>
    <class days="1000000" id="606" room="268" start="186" weeks="011111111000000000"/>
    <class days="0100000" id="607" room="49" start="96" weeks="011111000000000000"/>
    <class days="0000100" id="608" room="49" start="146" weeks="011111000000000000"/>
    <class days="0100000" id="609" room="49" start="166" weeks="011111000000000000"/>
    <class days="0010000" id="610" room="49" start="136" weeks="011110100000000000"/>
    <class days="0000100" id="611" room="226" start="116" weeks="011111111111001111"/>
    <class days="0100000" id="612" room="228" start="96" weeks="011111111111100111"/>
    <class days="0010000" id="613" room="226" start="96" weeks="011110111111101111"/>
    <class days="1000000" id="614" room="268" start="166" weeks="000000001111100111"/>
    <class days="0010000" id="615" room="27" start="216" weeks="011110111000000000"/>
    <class days="0001000" id="616" room="240" start="206" weeks="010100101010100101"/>
    <class days="0001000" id="617" room="240" start="206" weeks="001010010101001010"/>
    <class days="0010000" id="618" room="268" start="196" weeks="011110100000000000"/>
    <class days="1000000" id="619" room="251" start="108" weeks="011111100000000000"/>
    <class days="0010000" id="620" room="251" start="171" weeks="011110110000000000"/>
    <class days="0010000" id="621" room="24" start="117" weeks="011110110000000000"/>
    <class days="1000000" id="622" room="251" start="90" weeks="011111100000000000"/>
    <class days="0010000" id="623" room="256" start="150" weeks="001010010101001010"/>
    <class days="0010000" id="624" room="256" start="150" weeks="010100101010100101"/>
    <class days="0001000" id="625" room="256" start="96" weeks="010100101010100101"/>
    <class days="0001000" id="626" room="256" start="96" weeks="001010010101001010"/>
    <class days="0001000" id="627" room="256" start="117" weeks="010100101010100101"/>
    <class days="0001000" id="628" room="256" start="117" weeks="001010010101001010"/>
    <class days="0100000" id="629" room="256" start="117" weeks="010101010101000101"/>
    <class days="0100000" id="630" room="256" start="117" weeks="001010101010100010"/>
    <class days="1000000" id="631" room="234" start="136" weeks="010101010101000101"/>
    <class days="0000100" id="632" room="244" start="176" weeks="000000000111001111"/>
    <class days="0000100" id="633" room="268" start="246" weeks="010101010101000101"/>
    <class days="0001000" id="634" room="241" start="126" weeks="011110111111101111"/>
    <class days="0010000" id="635" room="241" start="206" weeks="011110111111101111"/>
    <class days="0000100" id="636" room="21" start="146" weeks="011111111111001111"/>
    <class days="0000100" id="637" room="241" start="186" weeks="011111111111001111"/>
    <class days="0100000" id="638" room="242" start="176" weeks="010101010101000101"/>
    <class days="0010000" id="639" room="299" start="236" weeks="001010010101001010"/>
    <class days="0010000" id="640" room="299" start="236" weeks="010100101010100101"/>
    <class days="1000000" id="641" room="299" start="136" weeks="010101010101000101"/>
    <class days="1000000" id="642" room="299" start="136" weeks="001010101010100010"/>
    <class days="1000000" id="643" room="7" start="146" weeks="010101010100000000"/>
    <class days="0100000" id="644" room="7" start="96" weeks="001010101010000000"/>
    <class days="0001000" id="645" room="243" start="96" weeks="000000000010000000"/>
    <class days="0001000" id="646" room="21" start="96" weeks="000000000001000000"/>
    <class days="0000100" id="647" room="241" start="106" weeks="000000000001000000"/>
    <class days="1000000" id="648" room="120" start="136" weeks="000011100000000000"/>
    <class days="0010000" id="649" room="240" start="216" weeks="011110111111000000"/>
    <class days="0100000" id="650" room="240" start="136" weeks="011111111110000000"/>
    <class days="1000000" id="651" room="120" start="176" weeks="011111111110000000"/>
    <class days="0000100" id="652" room="238" start="196" weeks="011111111000000000"/>
    <class days="1000000" id="653" room="236" start="96" weeks="011111111000000000"/>
    <class days="0000100" id="654" room="234" start="116" weeks="011111111000000000"/>
    <class days="0100000" id="655" room="241" start="216" weeks="011111111000000000"/>
    <class days="1000000" id="656" room="36" start="236" weeks="011111111110000000"/>
    <class days="0100000" id="657" room="36" start="166" weeks="011111111110000000"/>
    <class days="0100000" id="658" room="36" start="126" weeks="011111111110000000"/>
    <class days="0010000" id="659" room="36" start="96" weeks="011110111111000000"/>
    <class days="1000000" id="660" room="36" start="106" weeks="011111111110000000"/>
    <class days="0010000" id="661" room="36" start="186" weeks="011110111111000000"/>
    <class days="0000100" id="662" room="36" start="116" weeks="011111111110000000"/>
    <class days="0010000" id="663" room="36" start="126" weeks="011110111111000000"/>
    <class days="0000100" id="664" room="268" start="146" weeks="011111111111001111"/>
    <class days="0010000" id="665" room="242" start="96" weeks="011110111111000000"/>
    <class days="0001000" id="666" room="244" start="206" weeks="000000011111000000"/>
    <class days="0000100" id="667" room="234" start="186" weeks="011111000000000000"/>
    <class days="0001000" id="668" room="21" start="116" weeks="011110100000000000"/>
    <class days="1000000" id="669" room="242" start="146" weeks="011111000000000000"/>
    <class days="0001000" id="670" room="244" start="136" weeks="001010010101000000"/>
    <class days="1000000" id="671" room="241" start="186" weeks="010101010100000000"/>
    <class days="0100000" id="672" room="244" start="156" weeks="010101010100000000"/>
    <class days="0001000" id="673" room="243" start="196" weeks="001010010101000000"/>
    <class days="0100000" id="674" room="268" start="166" weeks="011111000000000000"/>
    <class days="1000000" id="675" room="23" start="96" weeks="011111110000000000"/>
    <class days="0010000" id="676" room="23" start="96" weeks="000000000111101111"/>
    <class days="0100000" id="677" room="23" start="96" weeks="000000001111100111"/>
    <class days="1000000" id="678" room="23" start="126" weeks="011111110000000000"/>
    <class days="0001000" id="679" room="268" start="206" weeks="011110111111101111"/>
    <class days="0001000" id="680" room="24" start="186" weeks="011110111111101111"/>
    <class days="0010000" id="681" room="234" start="146" weeks="011110111111101111"/>
    <class days="0000100" id="682" room="24" start="116" weeks="011111111111001111"/>
    <class days="0010000" id="683" room="241" start="226" weeks="011110111111101111"/>
    <class days="0001000" id="684" room="32" start="116" weeks="011110111000000000"/>
    <class days="0001000" id="685" room="32" start="116" weeks="000000000111101111"/>
    <class days="0100000" id="686" start="141" weeks="011111111111100111"/>
    <class days="0100000" id="687" start="141" weeks="011111111111100111"/>
    <class days="0100000" id="688" start="141" weeks="011111111111100111"/>
    <class days="0100000" id="689" start="141" weeks="011111111111100111"/>
    <class days="0100000" id="690" start="141" weeks="011111111111100111"/>
    <class days="0100000" id="691" start="150" weeks="011111111111100111"/>
    <class days="0100000" id="692" start="150" weeks="011111111111100111"/>
    <class days="0100000" id="693" start="150" weeks="011111111111100111"/>
    <class days="0100000" id="694" start="150" weeks="011111111111100111"/>
    <class days="0010000" id="695" room="24" start="226" weeks="011110111111000000"/>
    <class days="0010000" id="696" room="20" start="216" weeks="000000000000101111"/>
    <class days="0010000" id="697" start="216" weeks="000000000000101111"/>
    <class days="0010000" id="698" room="240" start="96" weeks="011110111000000000"/>
    <class days="0100000" id="699" room="242" start="96" weeks="000000001111100111"/>
    <class days="0000100" id="700" room="27" start="96" weeks="011111111111001111"/>
    <class days="0010000" id="701" room="27" start="96" weeks="011110111111101111"/>
    <class days="0000100" id="702" room="27" start="116" weeks="011111111111001111"/>
    <class days="0010000" id="703" room="27" start="116" weeks="011110111111101111"/>
    <class days="0100000" id="704" room="242" start="226" weeks="011111000000000000"/>
    <class days="0100000" id="705" room="240" start="206" weeks="001010101010100010"/>
    <class days="0100000" id="706" room="240" start="206" weeks="010101010101000101"/>
    <class days="1000000" id="707" room="238" start="116" weeks="011111110000000000"/>
    <class days="1000000" id="708" room="238" start="116" weeks="000000001111100111"/>
    <class days="0001000" id="709" room="7" start="196" weeks="001010010101001010"/>
    <class days="0001000" id="710" room="7" start="226" weeks="010100101010100101"/>
    <class days="0000100" id="711" room="243" start="216" weeks="011111111000000000"/>
    <class days="0010000" id="712" room="23" start="156" weeks="011110111111000000"/>
    <class days="0000100" id="713" room="23" start="96" weeks="011111111110000000"/>
    <class days="1000000" id="714" start="186" weeks="011111110000000000"/>
    <class days="0100000" id="715" room="32" start="116" weeks="001010101010100010"/>
    <class days="0001000" id="716" room="120" start="126" weeks="011110111100000000"/>
    <class days="1000000" id="717" room="244" start="116" weeks="000000001111100111"/>
    <class days="0100000" id="718" room="23" start="146" weeks="011111000000000000"/>
    <class days="0100000" id="719" room="23" start="126" weeks="000000111110000000"/>
    <class days="0000100" id="720" room="243" start="106" weeks="000000000111001111"/>
    <class days="0000100" id="721" room="36" start="236" weeks="001010101010001010"/>
    <class days="0001000" id="722" room="36" start="136" weeks="010100101010100101"/>
    <class days="0000100" id="723" start="116" weeks="000000000111000000"/>
    <class days="0100000" id="724" room="27" start="186" weeks="000000000001000000"/>
    <class days="0100000" id="725" room="238" start="186" weeks="011111111000000000"/>
    <class days="0000100" id="726" room="23" start="206" weeks="011111111110000000"/>
    <class days="0000100" id="727" room="23" start="176" weeks="011111111110000000"/>
    <class days="1000000" id="728" room="27" start="216" weeks="011111110000000000"/>
    <class days="0100000" id="729" room="33" start="176" weeks="000000001111100111"/>
    <class days="0100000" id="730" room="33" start="196" weeks="000000001111100111"/>
    <class days="1000000" id="731" room="243" start="126" weeks="011111111000000000"/>
    <class days="0010000" id="732" room="242" start="226" weeks="011110111111101111"/>
    <class days="0100000" id="733" room="21" start="236" weeks="011111110000000000"/>
    <class days="0100000" id="734" room="21" start="236" weeks="000000001111100111"/>
    <class days="0100000" id="735" room="35" start="136" weeks="010101010101000101"/>
    <class days="0100000" id="736" room="35" start="136" weeks="001010101010100010"/>
    <class days="1000000" id="737" room="27" start="146" weeks="011111110000000000"/>
    <class days="0000100" id="738" room="111" start="206" weeks="000000001111001111"/>
    <class days="0010000" id="739" room="111" start="176" weeks="000000000111101111"/>
    <class days="0100000" id="740" room="120" start="196" weeks="011111111111100111"/>
    <class days="0000100" id="741" room="238" start="226" weeks="010101010101000101"/>
    <class days="0100000" id="742" room="268" start="136" weeks="011111111110000000"/>
    <class days="1000000" id="743" room="15" start="166" weeks="000000001111100111"/>
    <class days="1000000" id="744" start="166" weeks="000000001111100111"/>
    <class days="0010000" id="745" room="325" start="116" weeks="011110111000000000"/>
    <class days="0010000" id="746" room="32" start="176" weeks="011110111111101111"/>
    <class days="1000000" id="747" room="240" start="186" weeks="011111110000000000"/>
    <class days="1000000" id="748" room="24" start="186" weeks="000000001111100111"/>
    <class days="1000000" id="749" room="44" start="216" weeks="001010101010100010"/>
    <class days="1000000" id="750" room="44" start="216" weeks="010101010101000101"/>
    <class days="1000000" id="751" room="238" start="156" weeks="011111111111100111"/>
    <class days="0000100" id="752" room="238" start="226" weeks="001010101010001010"/>
    <class days="0010000" id="753" room="243" start="206" weeks="011110111111101111"/>
    <class days="0000100" id="754" room="32" start="116" weeks="011111111111001111"/>
    <class days="0100000" id="755" room="236" start="176" weeks="011111111111100111"/>
    <class days="0000100" id="756" room="15" start="136" weeks="000000001111001111"/>
    <class days="0100000" id="757" room="243" start="96" weeks="011111110000000000"/>
    <class days="0010000" id="758" room="7" start="176" weeks="011110111000000000"/>
    <class days="1000000" id="759" room="27" start="186" weeks="011111110000000000"/>
    <class days="0100000" id="760" room="32" start="116" weeks="010101010101000101"/>
    <class days="1000000" id="761" room="234" start="96" weeks="011111110000000000"/>
    <class days="1000000" id="762" room="240" start="156" weeks="000000001111100111"/>
    <class days="0001000" id="763" start="146" weeks="011110111100000000"/>
    <class days="0010000" id="764" room="240" start="106" weeks="000000000111101111"/>
    <class days="0001000" id="765" room="23" start="236" weeks="011110100000000000"/>
    <class days="0000100" id="766" room="226" start="136" weeks="011111111111001111"/>
    <class days="1000000" id="767" room="234" start="186" weeks="011111000000000000"/>
    <class days="1000000" id="768" room="242" start="106" weeks="000000111110000000"/>
    <class days="1000000" id="769" room="233" start="106" weeks="000000000001100111"/>
    <class days="0000100" id="770" room="268" start="116" weeks="000000000111000000"/>
    <class days="0001000" id="771" room="120" start="136" weeks="000000000000001000"/>
    <class days="1000000" id="772" room="240" start="146" weeks="011111110000000000"/>
    <class days="0010000" id="773" room="120" start="96" weeks="000000000111101111"/>
    <class days="0000100" id="774" room="22" start="146" weeks="001111000000000000"/>
    <class days="0100000" id="775" room="240" start="156" weeks="011111111111100111"/>
    <class days="0001000" id="776" room="22" start="196" weeks="000110111000000000"/>
    <class days="1000000" id="777" start="216" weeks="011111110000000000"/>
    <class days="0100000" id="778" start="196" weeks="000000001111100111"/>
    <class days="0100000" id="779" room="238" start="136" weeks="011111110000000000"/>
    <class days="0100000" id="780" room="238" start="136" weeks="000000001111100111"/>
    <class days="0100000" id="781" start="96" weeks="011111110000000000"/>
    <class days="1000000" id="782" room="302" start="196" weeks="011111110000000000"/>
    <class days="0010000" id="783" start="176" weeks="000000000111101111"/>
    <class days="1000000" id="784" room="244" start="166" weeks="011111111111100111"/>
    <class days="0100000" id="785" room="238" start="96" weeks="011111110000000000"/>
    <class days="1000000" id="786" room="234" start="116" weeks="011111111111100111"/>
    <class days="1000000" id="787" start="216" weeks="011111111000000000"/>
    <class days="0010000" id="788" room="242" start="176" weeks="000000000111101111"/>
    <class days="0001000" id="789" room="24" start="156" weeks="011110111111101111"/>
    <class days="1000000" id="790" room="15" start="106" weeks="000000111110000000"/>
    <class days="1000000" id="791" room="15" start="106" weeks="000000000001100111"/>
    <class days="0001000" id="792" start="136" weeks="011110111100000000"/>
    <class days="0100000" id="793" room="23" start="196" weeks="011111000000000000"/>
    <class days="0100000" id="794" room="23" start="196" weeks="000000111110000000"/>
    <class days="1000000" id="795" room="21" start="146" weeks="011111111110000000"/>
    <class days="1000000" id="796" start="196" weeks="000000000001100110"/>
    <class days="1000000" id="797" room="21" start="116" weeks="011111111111100111"/>
    <class days="1000000" id="798" room="238" start="226" weeks="000000001111100111"/>
    <class days="0001000" id="799" room="36" start="216" weeks="010100101010100101"/>
    <class days="0001000" id="800" room="36" start="96" weeks="010100101010100101"/>
    <class days="0010000" id="801" room="240" start="186" weeks="011110111000000000"/>
    <class days="0000100" id="802" start="116" weeks="000000000111000000"/>
    <class days="0000100" id="803" room="268" start="166" weeks="000000000001000000"/>
    <class days="0100000" id="804" room="24" start="176" weeks="011111111111100111"/>
    <class days="1000000" id="805" room="31" start="136" weeks="011111111111100111"/>
    <class days="0010000" id="806" room="31" start="186" weeks="011110111111101111"/>
    <class days="1000000" id="807" room="31" start="236" weeks="011111111111100111"/>
    <class days="0001000" id="808" room="24" start="126" weeks="011110111000000000"/>
    <class days="0001000" id="809" room="24" start="126" weeks="000000000111101111"/>
    <class days="0000100" id="810" room="20" start="96" weeks="001010101010001010"/>
    <class days="0000100" id="811" room="20" start="96" weeks="010101010101000101"/>
    <class days="0010000" id="812" room="238" start="166" weeks="011110111000000000"/>
    <class days="0010000" id="813" room="238" start="166" weeks="000000000111101111"/>
    <class days="0001000" id="814" room="44" start="106" weeks="011110111111000000"/>
    <class days="0001000" id="815" room="44" start="136" weeks="011110111111000000"/>
    <class days="0001000" id="816" room="241" start="156" weeks="011110111111101111"/>
    <class days="0100000" id="817" room="31" start="106" weeks="011111111110000000"/>
    <class days="0100000" id="818" room="31" start="236" weeks="011111111110000000"/>
    <class days="0100000" id="819" room="236" start="96" weeks="011111111111100111"/>
    <class days="0010000" id="820" room="236" start="146" weeks="011110111000000000"/>
    <class days="0001000" id="821" room="234" start="156" weeks="011110111111101111"/>
    <class days="1000000" id="822" room="120" start="216" weeks="011111110000000000"/>
    <class days="1000000" id="823" room="21" start="96" weeks="011111110000000000"/>
    <class days="0001000" id="824" start="126" weeks="011110111100000000"/>
    <class days="1000000" id="825" room="23" start="176" weeks="000000000001100111"/>
    <class days="1000000" id="826" room="23" start="176" weeks="000000111110000000"/>
    <class days="1000000" id="827" room="228" start="96" weeks="011111111111100111"/>
    <class days="1000000" id="828" start="146" weeks="011111111110000000"/>
    <class days="1000000" id="829" room="25" start="196" weeks="000000000001100110"/>
    <class days="0000100" id="830" start="116" weeks="000000000111000000"/>
    <class days="0000100" id="831" room="268" start="166" weeks="000000000010000000"/>
    <class days="0001000" id="832" room="238" start="96" weeks="011110111000000000"/>
    <class days="0001000" id="833" room="238" start="96" weeks="000000000111101111"/>
    <class days="0000100" id="834" room="241" start="176" weeks="011111111111001111"/>
    <class days="0100000" id="835" room="241" start="206" weeks="011111111111100111"/>
    <class days="0001000" id="836" room="241" start="196" weeks="011110111111101111"/>
    <class days="0001000" id="837" room="28" start="156" weeks="011110111000000000"/>
    <class days="0100000" id="838" room="28" start="226" weeks="011111110000000000"/>
    <class days="1000000" id="839" start="156" weeks="011111110000000000"/>
    <class days="0100000" id="840" room="12" start="206" weeks="000000001111100111"/>
    <class days="0001000" id="841" room="12" start="136" weeks="000000000111101111"/>
    <class days="1000000" id="842" room="12" start="136" weeks="000000001111100111"/>
    <class days="0000100" id="843" room="16" start="106" weeks="011111111111001111"/>
    <class days="0100000" id="844" start="138" weeks="011111111111100111"/>
    <class days="0000100" id="845" room="73" start="96" weeks="011111111111001111"/>
    <class days="0010000" id="846" room="46" start="126" weeks="011110111111101111"/>
    <class days="0001000" id="847" room="71" start="96" weeks="011110111111101111"/>
    <class days="0001000" id="848" room="55" start="166" weeks="011110110000000000"/>
    <class days="0010000" id="849" room="73" start="166" weeks="000000000000000111"/>
    <class days="1000000" id="850" room="54" start="156" weeks="011111100000000000"/>
    <class days="0001000" id="851" room="14" start="136" weeks="000000001111101000"/>
    <class days="0010000" id="852" room="73" start="146" weeks="011110111111101111"/>
    <class days="0000100" id="853" room="272" start="96" weeks="011111111111001111"/>
    <class days="0001000" id="854" room="6" start="136" weeks="011110111111101111"/>
    <class days="0100000" id="855" room="272" start="186" weeks="011111111111100111"/>
    <class days="0000100" id="856" room="14" start="216" weeks="011111111111001111"/>
    <class days="0100000" id="857" room="71" start="136" weeks="011111111111100111"/>
    <class days="1000000" id="858" room="54" start="106" weeks="011111111111100111"/>
    <class days="0001000" id="859" start="176" weeks="011110100000000011"/>
    <class days="0000100" id="860" room="3" start="126" weeks="011111111111001111"/>
    <class days="0001000" id="861" room="80" start="126" weeks="011110111100000000"/>
    <class days="0010000" id="862" room="189" start="207" weeks="011110111111101111"/>
    <class days="0010000" id="863" room="216" start="171" weeks="011110111111101111"/>
    <class days="0000100" id="864" room="184" start="153" weeks="011111111111001111"/>
    <class days="0100000" id="865" room="154" start="246" weeks="011111111111100111"/>
    <class days="0001000" id="866" room="202" start="168" weeks="011110111111101111"/>
    <class days="0001000" id="867" room="153" start="177" weeks="011110111111101111"/>
    <class days="0000100" id="868" room="200" start="228" weeks="011111111111001111"/>
    <class days="0010000" id="869" room="200" start="210" weeks="011110100000000000"/>
    <class days="1000000" id="870" room="216" start="228" weeks="011111111111100111"/>
    <class days="0100000" id="871" room="153" start="141" weeks="011111111111100111"/>
    <class days="0100000" id="872" room="10" start="135" weeks="011111111111100111"/>
    <class days="0100000" id="873" room="272" start="96" weeks="011111111111100111"/>
    <class days="1000000" id="874" room="272" start="162" weeks="011111111111100111"/>
    <class days="1000000" id="875" room="216" start="186" weeks="011111111111100111"/>
    <class days="0000100" id="876" room="126" start="96" weeks="001010101010001010"/>
    <class days="0000100" id="877" room="189" start="96" weeks="010101010101000101"/>
    <class days="0000100" id="878" room="202" start="116" weeks="001010101010001010"/>
    <class days="0010000" id="879" room="68" start="208" weeks="011110111111101111"/>
    <class days="1000000" id="880" room="16" start="206" weeks="011111111111100111"/>
    <class days="0001000" id="881" room="200" start="147" weeks="011110111111101111"/>
    <class days="0001000" id="882" room="160" start="246" weeks="011110111111101111"/>
    <class days="0010000" id="883" room="254" start="166" weeks="011110111111101111"/>
    <class days="0100000" id="884" room="151" start="96" weeks="011111111111100111"/>
    <class days="1000000" id="885" room="154" start="146" weeks="011111111111100111"/>
    <class days="0100000" id="886" start="129" weeks="011111111110000000"/>
    <class days="0000100" id="887" start="153" weeks="011111111110000000"/>
    <class days="1000000" id="888" start="237" weeks="011111111110000000"/>
    <class days="0000100" id="889" start="171" weeks="011111111110000000"/>
    <class days="0001000" id="890" start="216" weeks="011110111111000000"/>
    <class days="1000000" id="891" start="123" weeks="011111111110000000"/>
    <class days="0100000" id="892" start="129" weeks="011111111110000000"/>
    <class days="0000100" id="893" start="207" weeks="011111111110000000"/>
    <class days="0010000" id="894" room="14" start="168" weeks="011110111111101111"/>
    <class days="0010000" id="895" room="14" start="147" weeks="011110111111101111"/>
    <class days="0000100" id="896" room="154" start="180" weeks="011111111111001111"/>
    <class days="0001000" id="897" room="89" start="186" weeks="011110111111101111"/>
    <class days="0010000" id="898" room="89" start="126" weeks="011110111111101111"/>
    <class days="0010000" id="899" room="18" start="146" weeks="011110111111000000"/>
    <class days="0000100" id="900" room="64" start="93" weeks="011111111110000000"/>
    <class days="0001000" id="901" room="64" start="159" weeks="011110111111000000"/>
    <class days="0000100" id="902" room="200" start="168" weeks="011111111111001111"/>
    <class days="1000000" id="903" start="240" weeks="000000001111100111"/>
    <class days="0001000" id="904" start="234" weeks="000000000111101111"/>
    <class days="0001000" id="905" start="174" weeks="011110111000000000"/>
    <class days="0001000" id="906" start="96" weeks="011110111000000000"/>
    <class days="0010000" id="907" start="195" weeks="011110111000000000"/>
    <class days="0000100" id="908" start="198" weeks="011111110000000000"/>
    <class days="0001000" id="909" start="189" weeks="000000000111101111"/>
    <class days="0001000" id="910" start="159" weeks="000000000111101111"/>
    <class days="1000000" id="911" start="117" weeks="000000001111100111"/>
    <class days="0100000" id="912" start="201" weeks="000000001111100111"/>
    <class days="1000000" id="913" room="189" start="144" weeks="011101111011000111"/>
    <class days="0000100" id="914" room="124" start="183" weeks="011111111111001111"/>
    <class days="0001000" id="915" room="63" start="156" weeks="011110111111101111"/>
    <class days="0010000" id="916" start="237" weeks="011110111111000000"/>
    <class days="0001000" id="917" start="231" weeks="011110111111000000"/>
    <class days="0000100" id="918" start="222" weeks="011111111110000000"/>
    <class days="0100000" id="919" start="213" weeks="011111111110000000"/>
    <class days="0000100" id="920" start="198" weeks="011111111110000000"/>
    <class days="0001000" id="921" start="141" weeks="011110111111000000"/>
    <class days="0010000" id="922" start="198" weeks="011110111111000000"/>
    <class days="0010000" id="923" start="111" weeks="011110111111000000"/>
    <class days="1000000" id="924" start="174" weeks="011111111110000000"/>
    <class days="1000000" id="925" start="138" weeks="011111111110000000"/>
    <class days="0000100" id="926" start="93" weeks="011111111110000000"/>
    <class days="0010000" id="927" start="207" weeks="011110111111000000"/>
    <class days="0010000" id="928" room="200" start="192" weeks="011110111111101111"/>
    <class days="0010000" id="929" start="150" weeks="011110111111000000"/>
    <class days="0100000" id="930" start="108" weeks="011111111110000000"/>
    <class days="1000000" id="931" start="165" weeks="011111111110000000"/>
    <class days="0001000" id="932" start="195" weeks="011110111111000000"/>
    <class days="0100000" id="933" start="174" weeks="011111111110000000"/>
    <class days="0000100" id="934" start="153" weeks="011111111110000000"/>
    <class days="1000000" id="935" start="213" weeks="011111111110000000"/>
    <class days="0100000" id="936" start="96" weeks="011111111110000000"/>
    <class days="0001000" id="937" room="200" start="171" weeks="011110111111101111"/>
    <class days="0000100" id="938" room="153" start="156" weeks="011111111111001111"/>
    <class days="0010000" id="939" room="272" start="176" weeks="011110111111101111"/>
    <class days="1000000" id="940" room="153" start="196" weeks="011111111111100111"/>
    <class days="0000100" id="941" room="160" start="196" weeks="011111111111001111"/>
    <class days="0001000" id="942" room="160" start="226" weeks="011110111111101111"/>
    <class days="0100000" id="943" room="160" start="126" weeks="011111111111100111"/>
    <class days="0010000" id="944" room="200" start="168" weeks="011110111111101111"/>
    <class days="0010000" id="945" room="18" start="196" weeks="001010010101001010"/>
    <class days="0001000" id="946" room="289" start="246" weeks="001010010101001010"/>
    <class days="0001000" id="947" start="144" weeks="011110111000000000"/>
    <class days="0010000" id="948" start="126" weeks="011110111000000000"/>
    <class days="0001000" id="949" start="213" weeks="000000000111101111"/>
    <class days="0001000" id="950" start="234" weeks="000000000111101111"/>
    <class days="0100000" id="951" room="200" start="171" weeks="011111111111100111"/>
    <class days="0010000" id="952" room="154" start="136" weeks="011110111111101111"/>
    <class days="0000100" id="953" room="254" start="176" weeks="011111111111001111"/>
    <class days="0000100" id="954" room="55" start="246" weeks="000000000001001111"/>
    <class days="0001000" id="955" room="55" start="186" weeks="011110111111000000"/>
    <class days="0000100" id="956" room="11" start="96" weeks="011111111111001111"/>
    <class days="0000100" id="957" start="96" weeks="011111111111001111"/>
    <class days="0010000" id="958" room="18" start="105" weeks="011110111111101111"/>
    <class days="0001000" id="959" room="189" start="144" weeks="001010010101001010"/>
    <class days="0000100" id="960" room="216" start="196" weeks="011111111111001111"/>
    <class days="0010000" id="961" room="195" start="186" weeks="011110111111101111"/>
    <class days="1000000" id="962" room="55" start="96" weeks="011111111111100111"/>
    <class days="0000100" id="963" room="202" start="206" weeks="011111111111001111"/>
    <class days="0010000" id="964" room="254" start="226" weeks="011110111111101111"/>
    <class days="0010000" id="965" room="189" start="226" weeks="011110111111101111"/>
    <class days="0001000" id="966" room="151" start="116" weeks="011110111111101111"/>
    <class days="0001000" id="967" room="195" start="136" weeks="010100101010100101"/>
    <class days="0001000" id="968" room="195" start="136" weeks="001010010101001010"/>
    <class days="1000000" id="969" room="56" start="96" weeks="011111111111100111"/>
    <class days="1000000" id="970" room="160" start="226" weeks="011111111111100111"/>
    <class days="0010000" id="971" room="181" start="186" weeks="011110111111101111"/>
    <class days="0010000" id="972" room="124" start="96" weeks="011110111111101111"/>
    <class days="0000100" id="973" room="289" start="156" weeks="011111111111001111"/>
    <class days="0001000" id="974" room="153" start="96" weeks="011110111111101111"/>
    <class days="1000000" id="975" room="124" start="136" weeks="011111111111100111"/>
    <class days="0000100" id="976" room="189" start="216" weeks="011111111111001111"/>
    <class days="0000100" id="977" room="64" start="136" weeks="011111111111001111"/>
    <class days="0100000" id="978" room="200" start="225" weeks="011111110000000000"/>
    <class days="0010000" id="979" room="200" start="213" weeks="000000000100000000"/>
    <class days="0100000" id="980" room="159" start="195" weeks="001010101010100010"/>
    <class days="0100000" id="981" room="142" start="156" weeks="001010101010100010"/>
    <class days="0010000" id="982" room="154" start="213" weeks="010100101010100101"/>
    <class days="0000100" id="983" room="189" start="144" weeks="001010101010001010"/>
    <class days="0000100" id="984" room="254" start="226" weeks="001010101010001010"/>
    <class days="0000100" id="985" room="133" start="186" weeks="001010101010001010"/>
    <class days="0000100" id="986" room="200" start="99" weeks="011111110000000000"/>
    <class days="0100000" id="987" room="55" start="165" weeks="000000001000000000"/>
    <class days="0001000" id="988" room="40" start="123" weeks="010100101010100101"/>
    <class days="1000000" id="989" room="46" start="141" weeks="001010101010100010"/>
    <class days="0100000" id="990" start="186" weeks="011111110000000000"/>
    <class days="0001000" id="991" start="102" weeks="011110111000000000"/>
    <class days="0001000" id="992" start="111" weeks="000000000111101111"/>
    <class days="0010000" id="993" room="56" start="222" weeks="011110111000000000"/>
    <class days="0100000" id="994" room="200" start="159" weeks="000000001000000000"/>
    <class days="0010000" id="995" room="153" start="186" weeks="001010010101001010"/>
    <class days="1000000" id="996" start="180" weeks="000000001111100111"/>
    <class days="0010000" id="997" start="168" weeks="000000000111101111"/>
    <class days="0010000" id="998" room="189" start="93" weeks="011110111000000000"/>
    <class days="1000000" id="999" room="200" start="219" weeks="000000001000000000"/>
    <class days="1000000" id="1000" room="202" start="159" weeks="010101010101000101"/>
    <class days="0010000" id="1001" room="154" start="156" weeks="001010010101001010"/>
    <class days="0001000" id="1002" room="133" start="93" weeks="001010010101001010"/>
    <class days="0000100" id="1003" room="40" start="165" weeks="001010101010001010"/>
    <class days="0100000" id="1004" start="225" weeks="000000001111100111"/>
    <class days="0010000" id="1005" start="228" weeks="011110111000000000"/>
    <class days="0001000" id="1006" start="192" weeks="000000000111101111"/>
    <class days="0001000" id="1007" start="111" weeks="011110111000000000"/>
    <class days="0000100" id="1008" start="213" weeks="011111110000000000"/>
    <class days="1000000" id="1009" start="204" weeks="000000001111100111"/>
    <class days="1000000" id="1010" start="156" weeks="011111110000000000"/>
    <class days="1000000" id="1011" room="80" start="226" weeks="011111111111100111"/>
    <class days="1000000" id="1012" room="216" start="156" weeks="011111111111100111"/>
    <class days="1000000" id="1013" room="154" start="126" weeks="011111111111100111"/>
    <class days="0000100" id="1014" room="80" start="96" weeks="011111111111001111"/>
    <class days="1000000" id="1015" room="200" start="96" weeks="011111111111100111"/>
    <class days="0001000" id="1016" room="216" start="150" weeks="000000000111101110"/>
    <class days="0010000" id="1017" room="124" start="147" weeks="000000000111101110"/>
    <class days="0001000" id="1018" room="115" start="216" weeks="000000000111101110"/>
    <class days="0010000" id="1019" room="202" start="201" weeks="000000000111101110"/>
    <class days="1000000" id="1020" room="181" start="177" weeks="000000001111100110"/>
    <class days="0001000" id="1021" room="154" start="180" weeks="000000000111101110"/>
    <class days="1000000" id="1022" room="55" start="206" weeks="000000001111100110"/>
    <class days="0100000" id="1023" room="289" start="106" weeks="000000001111100110"/>
    <class days="1000000" id="1024" start="159" weeks="011111110000000000"/>
    <class days="1000000" id="1025" start="192" weeks="011111110000000000"/>
    <class days="1000000" id="1026" start="225" weeks="011111110000000000"/>
    <class days="0000100" id="1027" start="159" weeks="011111110000000000"/>
    <class days="0010000" id="1028" start="138" weeks="011110111000000000"/>
    <class days="0001000" id="1029" start="216" weeks="011110111000000000"/>
    <class days="1000000" id="1030" start="207" weeks="011111110000000000"/>
    <class days="0010000" id="1031" start="168" weeks="011110111000000000"/>
    <class days="0010000" id="1032" start="219" weeks="011110111000000000"/>
    <class days="0001000" id="1033" start="204" weeks="011110111000000000"/>
    <class days="0001000" id="1034" start="114" weeks="011110111000000000"/>
    <class days="0100000" id="1035" start="219" weeks="011111110000000000"/>
    <class days="0100000" id="1036" start="228" weeks="011111110000000000"/>
    <class days="0100000" id="1037" start="168" weeks="011111110000000000"/>
    <class days="0001000" id="1038" start="111" weeks="011110111000000000"/>
    <class days="0001000" id="1039" start="165" weeks="011110111000000000"/>
    <class days="0001000" id="1040" room="18" start="96" weeks="000000000111101111"/>
    <class days="0001000" id="1041" room="133" start="219" weeks="011110111111101111"/>
    <class days="0100000" id="1042" room="124" start="135" weeks="011111111111100111"/>
    <class days="0000100" id="1043" room="202" start="225" weeks="011111111111001111"/>
    <class days="0010000" id="1044" room="159" start="195" weeks="011110111111101111"/>
    <class days="0100000" id="1045" room="153" start="168" weeks="011111111111100111"/>
    <class days="0010000" id="1046" room="200" start="132" weeks="000000000111101111"/>
    <class days="1000000" id="1047" room="202" start="129" weeks="011111111111100111"/>
    <class days="0100000" id="1048" room="133" start="192" weeks="011111111111100111"/>
    <class days="0001000" id="1049" room="216" start="204" weeks="011110111111101111"/>
    <class days="0001000" id="1050" room="125" start="213" weeks="011110111111101111"/>
    <class days="0100000" id="1051" room="55" start="93" weeks="001010101010100010"/>
    <class days="0010000" id="1052" room="216" start="111" weeks="011110111111101111"/>
    <class days="1000000" id="1053" room="71" start="96" weeks="010101010101000101"/>
    <class days="1000000" id="1054" room="71" start="96" weeks="001010101010100010"/>
    <class days="0100000" id="1055" room="189" start="246" weeks="011111111111100111"/>
    <class days="0010000" id="1056" start="123" weeks="011110111111000000"/>
    <class days="0001000" id="1057" start="231" weeks="011110111111000000"/>
    <class days="0000100" id="1058" start="105" weeks="011111111110000000"/>
    <class days="0100000" id="1059" room="189" start="195" weeks="011111111111100111"/>
    <class days="0010000" id="1060" room="202" start="156" weeks="011110111111101111"/>
    <class days="0100000" id="1061" room="216" start="114" weeks="011111111111100111"/>
    <class days="0000100" id="1062" room="55" start="126" weeks="011111111111001111"/>
    <class days="0000100" id="1063" start="99" weeks="011111111110000000"/>
    <class days="0001000" id="1064" start="120" weeks="011110111111000000"/>
    <class days="0000100" id="1065" start="93" weeks="011111111110000000"/>
    <class days="1000000" id="1066" start="105" weeks="011111111110000000"/>
    <class days="0010000" id="1067" start="162" weeks="011110111111000000"/>
    <class days="0001000" id="1068" room="200" start="204" weeks="011110111111101111"/>
    <class days="0010000" id="1069" room="254" start="99" weeks="011110111111101111"/>
    <class days="0010000" id="1070" room="216" start="246" weeks="011110111111101111"/>
    <class days="0000100" id="1071" room="115" start="96" weeks="011111111111001111"/>
    <class days="0100000" id="1072" room="153" start="120" weeks="011111111111100111"/>
    <class days="0001000" id="1073" room="159" start="246" weeks="011110111111101111"/>
    <class days="0100000" id="1074" room="289" start="126" weeks="011111111111100111"/>
    <class days="0001000" id="1075" room="216" start="132" weeks="011110111111101111"/>
    <class days="0000100" id="1076" room="124" start="207" weeks="011111111111001111"/>
    <class days="0100000" id="1077" room="189" start="171" weeks="011111111111100111"/>
    <class days="0100000" id="1078" start="111" weeks="011111111110000000"/>
    <class days="0000100" id="1079" start="207" weeks="011111111110000000"/>
    <class days="0100000" id="1080" room="200" start="207" weeks="011111111111100111"/>
    <class days="0100000" id="1081" room="55" start="114" weeks="001010101010100010"/>
    <class days="0000100" id="1082" room="216" start="147" weeks="010101010101000101"/>
    <class days="1000000" id="1083" room="67" start="180" weeks="001010101010100010"/>
    <class days="0010000" id="1084" room="153" start="240" weeks="001010010101001010"/>
    <class days="0000100" id="1085" room="200" start="201" weeks="001010101010001010"/>
    <class days="0010000" id="1086" room="56" start="183" weeks="001010010101001010"/>
    <class days="1000000" id="1087" room="133" start="99" weeks="001010101010100010"/>
    <class days="0100000" id="1088" room="14" start="102" weeks="010101010101000101"/>
    <class days="0100000" id="1089" room="189" start="99" weeks="001010101010100010"/>
    <class days="0000100" id="1090" room="10" start="93" weeks="001010101010001010"/>
    <class days="0010000" id="1091" room="216" start="207" weeks="001010010101001010"/>
    <class days="0001000" id="1092" room="56" start="114" weeks="011110111111101111"/>
    <class days="0010000" id="1093" room="202" start="135" weeks="010100101010100101"/>
    <class days="0010000" id="1094" room="97" start="126" weeks="001010010101001010"/>
    <class days="0000100" id="1095" room="189" start="162" weeks="011111111111001111"/>
    <class days="0000100" id="1096" room="125" start="207" weeks="001010101010001010"/>
    <class days="0100000" id="1097" room="266" start="144" weeks="010101010101000101"/>
    <class days="1000000" id="1098" room="153" start="132" weeks="001010101010100010"/>
    <class days="0100000" id="1099" room="216" start="183" weeks="001010101010100010"/>
    <class days="0100000" id="1100" room="18" start="177" weeks="011111111111100111"/>
    <class days="0100000" id="1101" room="216" start="138" weeks="001010101010100010"/>
    <class days="1000000" id="1102" room="216" start="123" weeks="010101010101000101"/>
    <class days="0000100" id="1103" room="181" start="123" weeks="010101010101000101"/>
    <class days="0100000" id="1104" room="200" start="93" weeks="010101010101000101"/>
    <class days="0010000" id="1105" room="189" start="132" weeks="011110111111101111"/>
    <class days="0000100" id="1106" room="202" start="102" weeks="010101010101000101"/>
    <class days="0001000" id="1107" room="272" start="144" weeks="010100101010100101"/>
    <class days="0000100" id="1108" room="153" start="120" weeks="010101010101000101"/>
    <class days="0010000" id="1109" room="254" start="186" weeks="001010010101001010"/>
    <class days="0001000" id="1110" room="189" start="210" weeks="011110111000000000"/>
    <class days="1000000" id="1111" room="200" start="249" weeks="000000001000000000"/>
    <class days="0010000" id="1112" room="153" start="168" weeks="010100101010100101"/>
    <class days="0100000" id="1113" room="115" start="192" weeks="010101010101000101"/>
    <class days="0010000" id="1114" room="124" start="180" weeks="001010010101001010"/>
    <class days="0001000" id="1115" room="216" start="180" weeks="010100101010100101"/>
    <class days="0100000" id="1116" room="96" start="138" weeks="010101010101000101"/>
    <class days="0000100" id="1117" room="154" start="105" weeks="010101010101000101"/>
    <class days="0000100" id="1118" room="153" start="129" weeks="001010101010001010"/>
    <class days="0010000" id="1119" room="14" start="117" weeks="001010010101001010"/>
    <class days="0100000" id="1120" room="202" start="189" weeks="001010101010100010"/>
    <class days="0100000" id="1121" room="216" start="156" weeks="011111111111100111"/>
    <class days="1000000" id="1122" room="16" start="105" weeks="001111110000000000"/>
    <class days="1000000" id="1123" room="16" start="144" weeks="000000001111100100"/>
    <class days="0010000" id="1124" room="16" start="123" weeks="001110111000000000"/>
    <class days="0001000" id="1125" room="16" start="156" weeks="000000000111101100"/>
    <class days="0010000" id="1126" room="189" start="162" weeks="011110111111101111"/>
    <class days="1000000" id="1127" room="18" start="196" weeks="011111111111100111"/>
    <class days="0000100" id="1128" room="160" start="246" weeks="011111111111001111"/>
    <class days="1000000" id="1129" room="55" start="246" weeks="011111111111100111"/>
    <class days="0001000" id="1130" room="189" start="111" weeks="011110111111101111"/>
    <class days="0100000" id="1131" room="115" start="226" weeks="011111111111100111"/>
    <class days="0001000" id="1132" room="189" start="165" weeks="011110111111101111"/>
    <class days="0001000" id="1133" room="289" start="126" weeks="010100101010100101"/>
    <class days="0010000" id="1134" room="272" start="96" weeks="001010010101001010"/>
    <class days="0100000" id="1135" room="159" start="226" weeks="010101010101000101"/>
    <class days="0100000" id="1136" start="156" weeks="000000001111100111"/>
    <class days="0010000" id="1137" start="186" weeks="000000000111101111"/>
    <class days="1000000" id="1138" start="231" weeks="000000001111100111"/>
    <class days="0010000" id="1139" start="183" weeks="011110111000000000"/>
    <class days="0100000" id="1140" start="96" weeks="000000001111100111"/>
    <class days="0001000" id="1141" start="129" weeks="011110111000000000"/>
    <class days="0000100" id="1142" room="18" start="123" weeks="011111111111001111"/>
    <class days="0001000" id="1143" start="102" weeks="011110111111000000"/>
    <class days="0100000" id="1144" start="147" weeks="011111111110000000"/>
    <class days="0001000" id="1145" start="195" weeks="011110111111000000"/>
    <class days="0100000" id="1146" start="210" weeks="011111111110000000"/>
    <class days="1000000" id="1147" start="180" weeks="011111111110000000"/>
    <class days="0010000" id="1148" start="186" weeks="011110111111000000"/>
    <class days="0001000" id="1149" start="213" weeks="011110111111000000"/>
    <class days="0100000" id="1150" start="159" weeks="011111111110000000"/>
    <class days="0000100" id="1151" start="144" weeks="011111111110000000"/>
    <class days="1000000" id="1152" room="200" start="192" weeks="011111111111100111"/>
    <class days="0010000" id="1153" start="180" weeks="000000000111101111"/>
    <class days="0100000" id="1154" start="126" weeks="011111110000000000"/>
    <class days="1000000" id="1155" start="99" weeks="000000001111100111"/>
    <class days="1000000" id="1156" room="189" start="219" weeks="011111111111100111"/>
    <class days="0010000" id="1157" room="202" start="222" weeks="010100101010100101"/>
    <class days="0010000" id="1158" start="96" weeks="011110111000000000"/>
    <class days="0010000" id="1159" start="213" weeks="011110111000000000"/>
    <class days="1000000" id="1160" room="55" start="225" weeks="011111111111100111"/>
    <class days="0100000" id="1161" room="154" start="135" weeks="010101010101000101"/>
    <class days="0100000" id="1162" room="216" start="195" weeks="010101010101000101"/>
    <class days="0010000" id="1163" room="110" start="138" weeks="010100101010100101"/>
    <class days="0010000" id="1164" start="225" weeks="011110111000000000"/>
    <class days="0001000" id="1165" start="153" weeks="011110111000000000"/>
    <class days="0100000" id="1166" start="96" weeks="000000001111100111"/>
    <class days="0000100" id="1167" start="183" weeks="011111110000000000"/>
    <class days="0001000" id="1168" start="177" weeks="000000000111101111"/>
    <class days="1000000" id="1169" start="147" weeks="011111110000000000"/>
    <class days="0001000" id="1170" room="189" start="189" weeks="011110111111101111"/>
    <class days="0010000" id="1171" room="216" start="141" weeks="000000000111101111"/>
    <class days="0001000" id="1172" room="124" start="129" weeks="000000000111101111"/>
    <class days="0100000" id="1173" room="56" start="246" weeks="000000001111100111"/>
    <class days="1000000" id="1174" room="195" start="174" weeks="000000001111100111"/>
    <class days="0001000" id="1175" room="153" start="237" weeks="000000000111101111"/>
    <class days="0010000" id="1176" start="198" weeks="011110111111101111"/>
    <class days="0010000" id="1177" start="198" weeks="011110111111101111"/>
    <class days="0010000" id="1178" room="159" start="116" weeks="011110111111101111"/>
    <class days="0001000" id="1179" room="46" start="126" weeks="000000000111101111"/>
    <class days="0010000" id="1180" room="18" start="166" weeks="011110111111101111"/>
    <class days="1000000" id="1181" room="46" start="166" weeks="001010101010100010"/>
    <class days="1000000" id="1182" room="46" start="166" weeks="010101010101000101"/>
    <class days="0010000" id="1183" room="115" start="176" weeks="011110111111000000"/>
    <class days="0100000" id="1184" room="160" start="196" weeks="000111111110000000"/>
    <class days="0001000" id="1185" room="55" start="106" weeks="011110111111101111"/>
    <class days="0100000" id="1186" room="10" start="176" weeks="011111111111100111"/>
    <class days="0100000" id="1187" room="12" start="106" weeks="011111111111100111"/>
    <class days="0010000" id="1188" room="12" start="156" weeks="011110111111101111"/>
    <class days="0001000" id="1189" room="116" start="176" weeks="011110111111101111"/>
    <class days="0000100" id="1190" room="11" start="146" weeks="011111111111001111"/>
    <class days="1000000" id="1191" room="73" start="166" weeks="011111111111100111"/>
    <class days="1000000" id="1192" room="52" start="136" weeks="011111111111100111"/>
    <class days="1000000" id="1193" start="96" weeks="011111111111100111"/>
    <class days="0001000" id="1194" start="132" weeks="011110111111101111"/>
    <class days="1000000" id="1195" start="96" weeks="011111111111100111"/>
    <class days="0001000" id="1196" start="132" weeks="011110111111101111"/>
    <class days="0010000" id="1197" start="96" weeks="011110111111101111"/>
    <class days="0010000" id="1198" start="96" weeks="011110111111101111"/>
    <class days="0010000" id="1199" start="96" weeks="011110111111101111"/>
    <class days="0000100" id="1200" start="146" weeks="011111111000000000"/>
    <class days="0001000" id="1201" room="66" start="96" weeks="011110111000000000"/>
    <class days="0010000" id="1202" room="52" start="126" weeks="011110111000000000"/>
    <class days="0100000" id="1203" room="73" start="156" weeks="011111110000000000"/>
    <class days="0001000" id="1204" room="66" start="96" weeks="000000000111101111"/>
    <class days="0010000" id="1205" room="52" start="126" weeks="000000000111101111"/>
    <class days="0100000" id="1206" room="73" start="156" weeks="000000001111100111"/>
    <class days="0001000" id="1207" room="56" start="96" weeks="011110111111101111"/>
    <class days="0001000" id="1208" room="159" start="116" weeks="011110111111101111"/>
    <class days="0001000" id="1209" room="272" start="116" weeks="011110111111101111"/>
    <class days="0000100" id="1210" room="18" start="166" weeks="011111111111001111"/>
    <class days="0000100" id="1211" room="10" start="116" weeks="011111111111001111"/>
    <class days="0010000" id="1212" room="160" start="186" weeks="011110111111101111"/>
    <class days="0010000" id="1213" room="56" start="136" weeks="011110111111101111"/>
    <class days="1000000" id="1214" room="10" start="206" weeks="011111111111100111"/>
    <class days="0000100" id="1215" room="272" start="146" weeks="011111111111001111"/>
    <class days="0000100" id="1216" room="55" start="156" weeks="011111111111001111"/>
    <class days="0100000" id="1217" room="189" start="144" weeks="011111111111100111"/>
    <class days="0000100" id="1218" room="159" start="126" weeks="011111111111001111"/>
    <class days="0010000" id="1219" room="159" start="136" weeks="011110111111101111"/>
    <class days="0100000" id="1220" room="272" start="166" weeks="011111111111100111"/>
    <class days="0001000" id="1221" room="160" start="116" weeks="011110111111101111"/>
    <class days="1000000" id="1222" room="18" start="156" weeks="011111111111100111"/>
    <class days="0001000" id="1223" room="56" start="206" weeks="011110111111101111"/>
    <class days="1000000" id="1224" room="160" start="106" weeks="011111110000000000"/>
    <class days="0100000" id="1225" room="115" start="126" weeks="011111111111100111"/>
    <class days="1000000" id="1226" room="6" start="186" weeks="011111111111100111"/>
    <class days="1000000" id="1227" room="52" start="226" weeks="011111111111100111"/>
    <class days="0000100" id="1228" room="66" start="186" weeks="011111111111001111"/>
    <class days="0001000" id="1229" room="55" start="146" weeks="011110111111101111"/>
    <class days="0100000" id="1230" room="52" start="216" weeks="011111111111100111"/>
    <class days="0100000" id="1231" room="73" start="136" weeks="011111111111100111"/>
    <class days="0001000" id="1232" room="71" start="226" weeks="011110111111101111"/>
    <class days="0010000" id="1233" start="99" weeks="011110111111101111"/>
    <class days="0000100" id="1234" room="56" start="176" weeks="011111111111001111"/>
    <class days="1000000" id="1235" room="10" start="156" weeks="011111111111100111"/>
    <class days="0100000" id="1236" room="10" start="156" weeks="011111111111100111"/>
    <class days="0100000" id="1237" room="74" start="129" weeks="010101010101000101"/>
    <class days="0100000" id="1238" room="74" start="129" weeks="001010101010100010"/>
    <class days="0100000" id="1239" room="74" start="204" weeks="001010101010100010"/>
    <class days="0100000" id="1240" room="74" start="204" weeks="010101010101000101"/>
    <class days="0010000" id="1241" room="74" start="174" weeks="001010010101001010"/>
    <class days="0100000" id="1242" room="268" start="116" weeks="011111111111100111"/>
    <class days="0001000" id="1243" room="21" start="186" weeks="011110111111101111"/>
    <class days="1000000" id="1244" room="21" start="196" weeks="011111111111100111"/>
    <class days="0001000" id="1245" room="19" start="166" weeks="011110111111101111"/>
    <class days="0001000" id="1246" room="19" start="186" weeks="011110111111101111"/>
    <class days="0000100" id="1247" room="10" start="146" weeks="011111111110000000"/>
    <class days="0010000" id="1248" room="289" start="206" weeks="011110111111101111"/>
    <class days="0001000" id="1249" room="272" start="166" weeks="010100101010000000"/>
    <class days="0001000" id="1250" room="272" start="196" weeks="001010010101000000"/>
    <class days="1000000" id="1251" room="137" start="168" weeks="011111111111100111"/>
    <class days="1000000" id="1252" room="187" start="168" weeks="011111111111100111"/>
    <class days="0100000" id="1253" room="137" start="186" weeks="011111111111100111"/>
    <class days="0100000" id="1254" room="187" start="186" weeks="011111111111100111"/>
    <class days="0100000" id="1255" room="188" start="186" weeks="011111111111100111"/>
    <class days="0100000" id="1256" room="189" start="123" weeks="011111111111100111"/>
    <class days="0010000" id="1257" room="115" start="126" weeks="011110111111101111"/>
    <class days="0001000" id="1258" room="159" start="146" weeks="011110111111101111"/>
    <class days="0000100" id="1259" room="55" start="176" weeks="011111111111001111"/>
    <class days="0100000" id="1260" room="55" start="216" weeks="011111111111100111"/>
    <class days="0100000" id="1261" room="289" start="146" weeks="011111111111100111"/>
    <class days="0001000" id="1262" room="99" start="196" weeks="011110111111101111"/>
    <class days="1000000" id="1263" room="115" start="136" weeks="010101010101000101"/>
    <class days="0100000" id="1264" room="86" start="108" weeks="010101010101000101"/>
    <class days="1000000" id="1265" start="96" weeks="011111111111100111"/>
    <class days="0001000" id="1266" start="132" weeks="011110111111101111"/>
    <class days="0010000" id="1267" room="50" start="96" weeks="011110111111101111"/>
    <class days="0001000" id="1268" start="156" weeks="011110111111101111"/>
    <class days="0000100" id="1269" room="89" start="136" weeks="001010101010001010"/>
    <class days="0100000" id="1270" start="146" weeks="011111111111100111"/>
    <class days="0000100" id="1271" room="289" start="116" weeks="011111110000000000"/>
    <class days="1000000" id="1272" room="115" start="226" weeks="011111111110000000"/>
    <class days="1000000" id="1273" room="115" start="136" weeks="001010101010100010"/>
    <class days="0100000" id="1274" room="86" start="108" weeks="001010101010100010"/>
    <class days="0001000" id="1275" start="114" weeks="011110111111101111"/>
    <class days="0100000" id="1276" start="176" weeks="011111111111100111"/>
    <class days="0100000" id="1277" room="54" start="166" weeks="000000001111100111"/>
    <class days="1000000" id="1278" room="54" start="226" weeks="000000001111100111"/>
    <class days="1000000" id="1279" room="160" start="206" weeks="011111111111100111"/>
    <class days="0100000" id="1280" room="11" start="136" weeks="011111111111100111"/>
    <class days="0001000" id="1281" room="11" start="106" weeks="011110111111101111"/>
    <class days="0001000" id="1282" start="132" weeks="011110111111101111"/>
    <class days="1000000" id="1283" start="96" weeks="011111111111100111"/>
    <class days="0010000" id="1284" start="96" weeks="011110111111101111"/>
    <class days="0001000" id="1285" room="160" start="156" weeks="011110111111101111"/>
    <class days="0000100" id="1286" start="136" weeks="001010101010001010"/>
    <class days="0100000" id="1287" room="12" start="146" weeks="011111111111100111"/>
    <class days="0000100" id="1288" room="54" start="206" weeks="011111111111001111"/>
    <class days="0001000" id="1289" room="54" start="226" weeks="011110111111101111"/>
    <class days="0001000" id="1290" room="50" start="176" weeks="011110111111101111"/>
    <class days="0000100" id="1291" room="54" start="96" weeks="010101010101000101"/>
    <class days="0000100" id="1292" room="6" start="186" weeks="001010101010001010"/>
    <class days="0001000" id="1293" room="222" start="114" weeks="011110111111101111"/>
    <class days="0100000" id="1294" room="222" start="176" weeks="011111111111100111"/>
    <class days="0010000" id="1295" room="14" start="206" weeks="011110111111000000"/>
    <class days="0100000" id="1296" room="16" start="206" weeks="011111111110000000"/>
    <class days="0100000" id="1297" room="18" start="206" weeks="011111111110000000"/>
    <class days="0000100" id="1298" room="14" start="106" weeks="011111111110000000"/>
    <class days="0001000" id="1299" room="14" start="216" weeks="011110111111000000"/>
    <class days="0000100" id="1300" room="56" start="146" weeks="011111111110000000"/>
    <class days="0100000" id="1301" start="186" weeks="011111111110000000"/>
    <class days="1000000" id="1302" room="10" start="96" weeks="011111110000000000"/>
    <class days="0000100" id="1303" room="99" start="96" weeks="011111111110000000"/>
    <class days="0001000" id="1304" room="99" start="136" weeks="011110111111000000"/>
    <class days="0100000" id="1305" room="115" start="106" weeks="011111111110000000"/>
    <class days="0000100" id="1306" room="52" start="146" weeks="011111111110000000"/>
    <class days="0000100" id="1307" room="52" start="106" weeks="011111111110000000"/>
    <class days="0010000" id="1308" room="10" start="146" weeks="011110111111000000"/>
    <class days="0001000" id="1309" room="52" start="116" weeks="011110111111000000"/>
    <class days="0100000" id="1310" room="11" start="106" weeks="011111111110000000"/>
    <class days="0010000" id="1311" room="55" start="226" weeks="011110111111101111"/>
    <class days="1000000" id="1312" room="52" start="96" weeks="011111111111100111"/>
    <class days="0000100" id="1313" room="73" start="216" weeks="011111111111001111"/>
    <class days="0001000" id="1314" room="73" start="166" weeks="011110111111101111"/>
    <class days="0001000" id="1315" start="132" weeks="011110111111101111"/>
    <class days="1000000" id="1316" start="96" weeks="011111111111100111"/>
    <class days="1000000" id="1317" start="96" weeks="011111111111100111"/>
    <class days="0001000" id="1318" start="132" weeks="011110111111101111"/>
    <class days="0001000" id="1319" room="115" start="176" weeks="011110100000000011"/>
    <class days="0100000" id="1320" room="3" start="176" weeks="011111111111100111"/>
    <class days="0010000" id="1321" room="3" start="156" weeks="011110111111101111"/>
    <class days="0010000" id="1322" room="3" start="96" weeks="011110111111101111"/>
    <class days="1000000" id="1323" room="64" start="206" weeks="001010101010100010"/>
    <class days="1000000" id="1324" room="64" start="206" weeks="010101010101000101"/>
    <class days="0010000" id="1325" room="64" start="106" weeks="010100101010100101"/>
    <class days="0010000" id="1326" room="64" start="106" weeks="001010010101001010"/>
    <class days="0100000" id="1327" start="96" weeks="011111111111100111"/>
    <class days="0100000" id="1328" start="96" weeks="011111111111100111"/>
    <class days="0010000" id="1329" start="123" weeks="011110111111101111"/>
    <class days="0010000" id="1330" start="123" weeks="011110111111101111"/>
    <class days="0010000" id="1331" room="55" start="116" weeks="011110111111101111"/>
    <class days="0000100" id="1332" room="56" start="116" weeks="011111111111001111"/>
    <class days="0100000" id="1333" room="160" start="96" weeks="011111111111100111"/>
    <class days="0001000" id="1334" room="10" start="146" weeks="011110111111101111"/>
    <class days="0001000" id="1335" room="54" start="146" weeks="011110111111101111"/>
    <class days="1000000" id="1336" room="55" start="136" weeks="011111111111100111"/>
    <class days="1000000" id="1337" room="55" start="156" weeks="011111111111100111"/>
    <class days="0100000" id="1338" room="46" start="96" weeks="011111111111100111"/>
    <class days="0010000" id="1339" room="289" start="186" weeks="011110111111101111"/>
    <class days="0100000" id="1340" room="54" start="116" weeks="011111111111100111"/>
    <class days="0001000" id="1341" room="54" start="206" weeks="011110111111101111"/>
    <class days="0001000" id="1342" room="115" start="156" weeks="011110111111101111"/>
    <class days="0000100" id="1343" room="289" start="136" weeks="010101010101000101"/>
    <class days="0001000" id="1344" room="160" start="186" weeks="010100101010100101"/>
    <class days="1000000" id="1345" room="159" start="126" weeks="001010101010100010"/>
    <class days="0100000" id="1346" room="237" start="166" weeks="011111111111100111"/>
    <class days="0001000" id="1347" room="200" start="120" weeks="011110111000000000"/>
    <class days="0000100" id="1348" room="54" start="186" weeks="011111111111001111"/>
    <class days="0000100" id="1349" room="54" start="146" weeks="011111111111001111"/>
    <class days="0010000" id="1350" room="115" start="156" weeks="011110111111101111"/>
    <class days="0010000" id="1351" room="54" start="226" weeks="011110111111101111"/>
    <class days="0001000" id="1352" room="115" start="96" weeks="011110111111101111"/>
    <class days="1000000" id="1353" room="159" start="106" weeks="011111111111100111"/>
    <class days="1000000" id="1354" room="18" start="136" weeks="011111111111100111"/>
    <class days="0010000" id="1355" room="115" start="226" weeks="011110111111101111"/>
    <class days="0100000" id="1356" room="160" start="216" weeks="001010101010100010"/>
    <class days="0001000" id="1357" room="16" start="126" weeks="001010010101001010"/>
    <class days="0001000" id="1358" room="16" start="126" weeks="010100101010100101"/>
    <class days="0100000" id="1359" room="56" start="186" weeks="011111111111100111"/>
    <class days="0001000" id="1360" room="289" start="166" weeks="011110111100000000"/>
    <class days="0000100" id="1361" room="11" start="216" weeks="000000001111001111"/>
    <class days="0100000" id="1362" room="66" start="116" weeks="000000001111100111"/>
    <class days="0000100" id="1363" start="146" weeks="011111110000000000"/>
    <class days="1000000" id="1364" room="66" start="146" weeks="011111111110000000"/>
    <class days="0000100" id="1365" room="52" start="176" weeks="011111111110000000"/>
    <class days="1000000" id="1366" room="73" start="96" weeks="011111111110000000"/>
    <class days="0100000" id="1367" room="11" start="196" weeks="011111111110000000"/>
    <class days="0001000" id="1368" room="18" start="126" weeks="001010010101001010"/>
    <class days="0010000" id="1369" room="52" start="186" weeks="011110111111101111"/>
    <class days="0010000" id="1370" room="11" start="146" weeks="011110111111101111"/>
    <class days="1000000" id="1371" room="73" start="216" weeks="011111111111100111"/>
    <class days="0100000" id="1372" room="66" start="146" weeks="011111111111100111"/>
    <class days="0000100" id="1373" room="11" start="166" weeks="011111111111001111"/>
    <class days="0010000" id="1374" room="55" start="176" weeks="011110111100000000"/>
    <class days="0000100" id="1375" room="272" start="126" weeks="011111111000000000"/>
    <class days="0001000" id="1376" room="10" start="226" weeks="000000000111101111"/>
    <class days="1000000" id="1377" room="74" start="99" weeks="010101010101000101"/>
    <class days="1000000" id="1378" room="74" start="99" weeks="001010101010100010"/>
    <class days="0010000" id="1379" room="74" start="102" weeks="010100101010100101"/>
    <class days="0010000" id="1380" room="74" start="123" weeks="001010010101001010"/>
    <class days="1000000" id="1381" room="206" start="168" weeks="011111111111100111"/>
    <class days="1000000" id="1382" room="204" start="168" weeks="011111111111100111"/>
    <class days="1000000" id="1383" room="135" start="168" weeks="011111111111100111"/>
    <class days="0100000" id="1384" start="186" weeks="011111111111100111"/>
    <class days="0100000" id="1385" start="186" weeks="011111111111100111"/>
    <class days="0100000" id="1386" start="186" weeks="011111111111100111"/>
    <class days="0001000" id="1387" start="204" weeks="011110111111101111"/>
    <class days="0010000" id="1388" start="180" weeks="011110111111101111"/>
    <class days="0100000" id="1389" room="200" start="126" weeks="011111111111100111"/>
    <class days="1000000" id="1390" room="115" start="96" weeks="011111111111100111"/>
    <class days="0001000" id="1391" room="159" start="166" weeks="011110111111101111"/>
    <class days="0000100" id="1392" room="159" start="96" weeks="011111111111001111"/>
    <class days="0100000" id="1393" room="159" start="156" weeks="011111111111100111"/>
    <class days="1000000" id="1394" room="50" start="126" weeks="011111111111100111"/>
    <class days="0100000" id="1395" start="216" weeks="011111111111100111"/>
    <class days="0001000" id="1396" room="18" start="206" weeks="011110111111101111"/>
    <class days="0001000" id="1397" room="288" start="96" weeks="011110111111101111"/>
    <class days="0010000" id="1398" room="54" start="196" weeks="011110111111101111"/>
    <class days="0000100" id="1399" room="200" start="135" weeks="000000111110000000"/>
    <class days="1000000" id="1400" room="200" start="120" weeks="010101010101000101"/>
    <class days="0001000" id="1401" room="200" start="222" weeks="011110111111101111"/>
    <class days="0001000" id="1402" room="200" start="123" weeks="000000000000101111"/>
    <class days="0100000" id="1403" room="289" start="231" weeks="011111111111100111"/>
    <class days="0100000" id="1404" room="6" start="93" weeks="011111111111100111"/>
    <class days="1000000" id="1405" room="289" start="146" weeks="011101111011000111"/>
    <class days="0000100" id="1406" room="160" start="166" weeks="011111111111001111"/>
    <class days="1000000" id="1407" room="289" start="222" weeks="011111111111100111"/>
    <class days="1000000" id="1408" room="289" start="180" weeks="011111111111100111"/>
    <class days="1000000" id="1409" room="289" start="96" weeks="011111111111100111"/>
    <class days="0001000" id="1410" room="272" start="216" weeks="011110111111101111"/>
    <class days="0010000" id="1411" room="160" start="226" weeks="011110111111101111"/>
    <class days="1000000" id="1412" room="159" start="226" weeks="011111111111100111"/>
    <class days="0000100" id="1413" room="159" start="196" weeks="011111111111001111"/>
    <class days="0100000" id="1414" room="272" start="216" weeks="011111111111100111"/>
    <class days="0010000" id="1415" room="272" start="226" weeks="011110111111101111"/>
    <class days="0001000" id="1416" room="202" start="136" weeks="011110111111101111"/>
    <class days="1000000" id="1417" room="289" start="138" weeks="000010000100100000"/>
    <class days="0010000" id="1418" room="18" start="216" weeks="011110111111101111"/>
    <class days="0010000" id="1419" room="115" start="96" weeks="011110111111101111"/>
    <class days="0000100" id="1420" room="160" start="96" weeks="011111111111001111"/>
    <class days="0000100" id="1421" room="160" start="126" weeks="011111111111001111"/>
    <class days="0000100" id="1422" room="54" start="120" weeks="011111111111001111"/>
    <class days="0001000" id="1423" room="54" start="126" weeks="011110111111101111"/>
    <class days="1000000" id="1424" room="50" start="156" weeks="011101111011000111"/>
    <class days="0000100" id="1425" room="60" start="96" weeks="011111111111001111"/>
    <class days="0000100" id="1426" room="10" start="176" weeks="011111111111001111"/>
    <class days="0000100" id="1427" room="115" start="176" weeks="011111111111001111"/>
    <class days="0000100" id="1428" room="272" start="176" weeks="011111111111001111"/>
    <class days="0000100" id="1429" room="289" start="174" weeks="011111111111001111"/>
    <class days="0000100" id="1430" room="46" start="174" weeks="011111111111001111"/>
    <class days="0000100" id="1431" room="153" start="174" weeks="011111111111001111"/>
    <class days="1000000" id="1432" room="200" start="171" weeks="011111111111100111"/>
    <class days="0100000" id="1433" room="237" start="136" weeks="011111111111100111"/>
    <class days="0100000" id="1434" room="14" start="120" weeks="011111111111100111"/>
    <class days="1000000" id="1435" room="48" start="138" weeks="011101111011000111"/>
    <class days="1000000" id="1436" room="160" start="136" weeks="011111111111100111"/>
    <class days="1000000" id="1437" room="1" start="162" weeks="011101111011000111"/>
    <class days="0000100" id="1438" room="18" start="146" weeks="011111111111001111"/>
    <class days="0000100" id="1439" room="18" start="96" weeks="011111111111001111"/>
    <class days="0001000" id="1440" room="115" start="116" weeks="011110111111101111"/>
    <class days="0010000" id="1441" room="160" start="96" weeks="011110111111101111"/>
    <class days="0001000" id="1442" room="160" start="96" weeks="011110111111101111"/>
    <class days="0100000" id="1443" room="18" start="136" weeks="011111111110000000"/>
    <class days="0001000" id="1444" room="6" start="216" weeks="011110111111000000"/>
    <class days="0000100" id="1445" room="6" start="106" weeks="011111111110000000"/>
    <class days="0000100" id="1446" room="6" start="216" weeks="011111111110000000"/>
    <class days="0010000" id="1447" room="6" start="116" weeks="011110111111000000"/>
    <class days="1000000" id="1448" start="106" weeks="011111111111100111"/>
    <class days="0100000" id="1449" room="6" start="196" weeks="011111111111100111"/>
    <class days="0010000" id="1450" room="6" start="146" weeks="011110111111101111"/>
    <class days="1000000" id="1451" room="6" start="206" weeks="011111111111100111"/>
    <class days="0001000" id="1452" room="6" start="176" weeks="011110111111101111"/>
    <class days="0010000" id="1453" room="6" start="186" weeks="011110111111101111"/>
    <class days="0000100" id="1454" room="115" start="126" weeks="011111111111001111"/>
    <class days="0010000" id="1455" room="73" start="226" weeks="011110111111101111"/>
    <class days="0000100" id="1456" room="52" start="226" weeks="011111111111001111"/>
    <class days="0100000" id="1457" room="115" start="146" weeks="011111111110000000"/>
    <class days="0001000" id="1458" room="11" start="186" weeks="011110111111000000"/>
    <class days="1000000" id="1459" room="11" start="156" weeks="011111111110000000"/>
    <class days="1000000" id="1460" room="11" start="186" weeks="011111111110000000"/>
    <class days="0100000" id="1461" room="46" start="136" weeks="011111111110000000"/>
    <class days="0010000" id="1462" room="60" start="96" weeks="011110111100000000"/>
    <class days="0000100" id="1463" start="136" weeks="011111110000000000"/>
    <class days="0010000" id="1464" room="52" start="146" weeks="011110111111101111"/>
    <class days="0001000" id="1465" room="55" start="126" weeks="011110111111000000"/>
    <class days="1000000" id="1466" room="74" start="210" weeks="011111111110000000"/>
    <class days="0001000" id="1467" room="74" start="204" weeks="011110111111000000"/>
    <class days="0000100" id="1468" room="74" start="93" weeks="011111111110000000"/>
    <class days="0100000" id="1469" room="56" start="226" weeks="011111111111100111"/>
    <class days="0001000" id="1470" room="74" start="168" weeks="011110111111101111"/>
    <class days="0010000" id="1471" room="74" start="168" weeks="011110111111101111"/>
    <class days="0001000" id="1472" room="74" start="132" weeks="011110111111101111"/>
    <class days="0100000" id="1473" room="74" start="93" weeks="011111111111100111"/>
    <class days="0001000" id="1474" room="74" start="93" weeks="011110111111101111"/>
    <class days="1000000" id="1475" room="74" start="165" weeks="011111111111100111"/>
    <class days="0100000" id="1476" room="55" start="176" weeks="011111111111100111"/>
    <class days="1000000" id="1477" room="52" start="176" weeks="011111111111100111"/>
    <class days="0100000" id="1478" room="52" start="116" weeks="011111111111100111"/>
    <class days="1000000" id="1479" room="71" start="186" weeks="011111111111100111"/>
    <class days="0100000" id="1480" room="73" start="196" weeks="011111111111100111"/>
    <class days="1000000" id="1481" room="66" start="226" weeks="011111111111100111"/>
    <class days="0000100" id="1482" room="189" start="120" weeks="011111111111001111"/>
    <class days="0010000" id="1483" room="272" start="116" weeks="011110111111101111"/>
    <class days="1000000" id="1484" room="55" start="186" weeks="011111111111100111"/>
    <class days="0010000" id="1485" room="55" start="156" weeks="011110111111101111"/>
    <class days="0100000" id="1486" room="289" start="166" weeks="001010101010100010"/>
    <class days="0100000" id="1487" room="289" start="166" weeks="010101010101000101"/>
    <class days="1000000" id="1488" room="159" start="146" weeks="001010101010100010"/>
    <class days="0100000" id="1489" room="56" start="96" weeks="011111111111100111"/>
    <class days="1000000" id="1490" room="66" start="106" weeks="000000001111100111"/>
    <class days="0000100" id="1491" room="66" start="206" weeks="000000001111001111"/>
    <class days="0100000" id="1492" room="52" start="156" weeks="000000001111100111"/>
    <class days="0000100" id="1493" room="71" start="116" weeks="000000001111001111"/>
    <class days="1000000" id="1494" room="71" start="136" weeks="000000001111100111"/>
    <class days="1000000" id="1495" start="96" weeks="011111111111100111"/>
    <class days="0001000" id="1496" start="132" weeks="011110111111101111"/>
    <class days="1000000" id="1497" start="96" weeks="011111111111100111"/>
    <class days="0001000" id="1498" start="132" weeks="011110111111101111"/>
    <class days="0100000" id="1499" room="56" start="206" weeks="011111000000000011"/>
    <class days="1000000" id="1500" room="3" start="206" weeks="011111111111100111"/>
    <class days="0001000" id="1501" room="3" start="146" weeks="011110111111101111"/>
    <class days="0000100" id="1502" room="3" start="176" weeks="011111111111001111"/>
    <class days="0000100" id="1503" room="3" start="146" weeks="011111111111001111"/>
    <class days="0000100" id="1504" room="3" start="106" weeks="011111111111001111"/>
    <class days="0001000" id="1505" start="96" weeks="011110111111101111"/>
    <class days="0010000" id="1506" start="168" weeks="011110111111101111"/>
    <class days="0010000" id="1507" start="168" weeks="011110111111101111"/>
    <class days="0010000" id="1508" start="168" weeks="011110111111101111"/>
    <class days="0001000" id="1509" start="96" weeks="011110111111101111"/>
    <class days="0010000" id="1510" start="168" weeks="011110111111101111"/>
    <class days="0100000" id="1511" room="18" start="96" weeks="011111111111100111"/>
    <class days="0100000" id="1512" room="160" start="156" weeks="011111111111100111"/>
    <class days="0010000" id="1513" room="160" start="136" weeks="011110111111101111"/>
    <class days="0010000" id="1514" room="289" start="116" weeks="011110111111101111"/>
    <class days="0010000" id="1515" room="289" start="156" weeks="011110111111101111"/>
    <class days="0010000" id="1516" room="272" start="156" weeks="011110111111101111"/>
    <class days="0100000" id="1517" room="272" start="136" weeks="011111111111100111"/>
    <class days="0001000" id="1518" room="272" start="96" weeks="011110111111101111"/>
    <class days="0001000" id="1519" room="10" start="126" weeks="011110111111101111"/>
    <class days="0010000" id="1520" room="56" start="116" weeks="011110111111101111"/>
    <class days="0010000" id="1521" room="159" start="96" weeks="011110111111101111"/>
    <class days="0001000" id="1522" room="289" start="106" weeks="011110111111101111"/>
    <class days="0010000" id="1523" room="289" start="136" weeks="011110111111101111"/>
    <class days="0000100" id="1524" room="18" start="186" weeks="011111111111001111"/>
    <class days="0000100" id="1525" room="159" start="226" weeks="011111111111001111"/>
    <class days="0001000" id="1526" room="115" start="136" weeks="011110111111101111"/>
    <class days="0010000" id="1527" room="159" start="156" weeks="011110111111101111"/>
    <class days="0010000" id="1528" room="272" start="196" weeks="011110111111101111"/>
    <class days="1000000" id="1529" room="18" start="116" weeks="011111111111100111"/>
    <class days="0100000" id="1530" room="56" start="126" weeks="011111111111100111"/>
    <class days="0010000" id="1531" room="11" start="96" weeks="011110111111101111"/>
    <class days="0100000" id="1532" room="66" start="176" weeks="011111111111100111"/>
    <class days="1000000" id="1533" room="11" start="116" weeks="011111111111100111"/>
    <class days="0000100" id="1534" room="73" start="196" weeks="011111111111001111"/>
    <class days="0010000" id="1535" room="52" start="226" weeks="011110111111101111"/>
    <class days="0100000" id="1536" room="56" start="166" weeks="011111111111100111"/>
    <class days="0100000" id="1537" room="66" start="96" weeks="011111111111100111"/>
    <class days="0000100" id="1538" room="71" start="196" weeks="011111111111001111"/>
    <class days="1000000" id="1539" room="11" start="136" weeks="011111111111100111"/>
    <class days="0001000" id="1540" room="6" start="116" weeks="011110111111101111"/>
    <class days="1000000" id="1541" room="52" start="156" weeks="011111111111100111"/>
    <class days="0010000" id="1542" room="66" start="196" weeks="011110111111101111"/>
    <class days="0001000" id="1543" room="18" start="146" weeks="011110111111101111"/>
    <class days="1000000" id="1544" room="10" start="136" weeks="011111110000000000"/>
    <class days="0001000" id="1545" room="289" start="196" weeks="011110111000000000"/>
    <class days="0100000" id="1546" room="159" start="96" weeks="011111110000000000"/>
    <class days="0000100" id="1547" room="159" start="146" weeks="011111110000000000"/>
    <class days="1000000" id="1548" room="73" start="146" weeks="000000001111100111"/>
    <class days="0010000" id="1549" room="52" start="96" weeks="000000000111101111"/>
    <class days="0100000" id="1550" room="52" start="196" weeks="000000001111100111"/>
    <class days="0010000" id="1551" room="66" start="176" weeks="000000000111101111"/>
    <class days="0000100" id="1552" room="73" start="146" weeks="000000001111001111"/>
    <class days="1000000" id="1553" room="71" start="226" weeks="000000001111100111"/>
    <class days="0001000" id="1554" room="73" start="106" weeks="000000000111101111"/>
    <class days="0001000" id="1555" room="73" start="126" weeks="000000000111101111"/>
    <class days="0000100" id="1556" room="56" start="226" weeks="011111111111001111"/>
    <class days="0010000" id="1557" room="73" start="96" weeks="011110111100000000"/>
    <class days="0001000" id="1558" room="71" start="156" weeks="011110111100000000"/>
    <class days="0001000" id="1559" room="66" start="126" weeks="011110111100000000"/>
    <class days="0010000" id="1560" room="73" start="126" weeks="011110111100000000"/>
    <class days="0001000" id="1561" room="52" start="226" weeks="011110111100000000"/>
    <class days="0010000" id="1562" room="71" start="166" weeks="011110111100000000"/>
    <class days="0001000" id="1563" room="115" start="196" weeks="011110111111101111"/>
    <class days="0010000" id="1564" room="159" start="176" weeks="011110111111101111"/>
    <class days="0001000" id="1565" room="159" start="226" weeks="011110111111101111"/>
    <class days="0001000" id="1566" room="10" start="106" weeks="011110111111101111"/>
    <class days="0001000" id="1567" room="55" start="206" weeks="011110111111101111"/>
    <class days="0010000" id="1568" room="60" start="196" weeks="011110111111101111"/>
    <class days="1000000" id="1569" room="60" start="216" weeks="011111111111100111"/>
    <class days="0001000" id="1570" room="60" start="136" weeks="011110111111101111"/>
    <class days="0001000" id="1571" room="60" start="176" weeks="011110111111101111"/>
    <class days="0001000" id="1572" room="60" start="156" weeks="011110111111101111"/>
    <class days="0000100" id="1573" room="60" start="176" weeks="011111111111001111"/>
    <class days="0001000" id="1574" room="60" start="116" weeks="011110111111101111"/>
    <class days="1000000" id="1575" room="60" start="96" weeks="011111111111100111"/>
    <class days="0100000" id="1576" room="60" start="126" weeks="011111111111100111"/>
    <class days="0010000" id="1577" room="56" start="96" weeks="011110111100000000"/>
    <class days="0001000" id="1578" room="159" start="206" weeks="011110111111101111"/>
    <class days="0001000" id="1579" room="160" start="136" weeks="011110111111101111"/>
    <class days="0010000" id="1580" room="160" start="116" weeks="011110111111101111"/>
    <class days="0001000" id="1581" room="18" start="106" weeks="011110111000000000"/>
    <class days="0010000" id="1582" room="71" start="116" weeks="011110111111101111"/>
    <class days="0010000" id="1583" room="73" start="206" weeks="011110111111101111"/>
    <class days="0100000" id="1584" room="11" start="226" weeks="011111111111100111"/>
    <class days="0010000" id="1585" room="71" start="136" weeks="011110111111101111"/>
    <class days="1000000" id="1586" room="66" start="186" weeks="011111111111100111"/>
    <class days="0100000" id="1587" room="66" start="196" weeks="011111111111100111"/>
    <class days="0100000" id="1588" room="73" start="176" weeks="011111111111100111"/>
    <class days="0001000" id="1589" room="66" start="166" weeks="011110111111101111"/>
    <class days="1000000" id="1590" room="206" start="150" weeks="011111111111100111"/>
    <class days="1000000" id="1591" room="204" start="150" weeks="011111111111100111"/>
    <class days="1000000" id="1592" room="135" start="150" weeks="011111111111100111"/>
    <class days="1000000" id="1593" room="137" start="150" weeks="011111111111100111"/>
    <class days="0100000" id="1594" room="206" start="186" weeks="011111111111100111"/>
    <class days="0100000" id="1595" room="204" start="186" weeks="011111111111100111"/>
    <class days="0100000" id="1596" room="135" start="186" weeks="011111111111100111"/>
    <class days="0100000" id="1597" room="54" start="96" weeks="011111111111100111"/>
    <class days="0100000" id="1598" room="160" start="236" weeks="011111111111100111"/>
    <class days="0001000" id="1599" start="186" weeks="011110111111101111"/>
    <class days="0001000" id="1600" room="52" start="146" weeks="011110111111101111"/>
    <class days="0010000" id="1601" room="66" start="96" weeks="011110111111101111"/>
    <class days="0001000" id="1602" room="56" start="186" weeks="011110111111101111"/>
    <class days="0000100" id="1603" room="71" start="96" weeks="011111111111001111"/>
    <class days="0100000" id="1604" room="52" start="96" weeks="011111111111100111"/>
    <class days="0010000" id="1605" room="55" start="136" weeks="011110111111101111"/>
    <class days="0100000" id="1606" room="11" start="166" weeks="011111111111100111"/>
    <class days="0001000" id="1607" room="11" start="136" weeks="011110111111101111"/>
    <class days="0001000" id="1608" start="114" weeks="011110111111101111"/>
    <class days="0001000" id="1609" start="146" weeks="011110111111000000"/>
    <class days="0100000" id="1610" room="74" start="165" weeks="011111111111100111"/>
    <class days="0010000" id="1611" room="74" start="210" weeks="011110111111101111"/>
    <class days="0000100" id="1612" room="74" start="210" weeks="011111111111001111"/>
    <class days="0001000" id="1613" start="168" weeks="011110111111101111"/>
    <class days="0100000" id="1614" room="10" start="206" weeks="011111111110000000"/>
    <class days="0100000" id="1615" room="60" start="156" weeks="011111111110000000"/>
    <class days="0000100" id="1616" room="50" start="196" weeks="011111111111001111"/>
    <class days="0001000" id="1617" room="71" start="176" weeks="011110111111101111"/>
    <class days="0001000" id="1618" room="18" start="186" weeks="011110111111101111"/>
    <class days="0000100" id="1619" room="66" start="116" weeks="011111111111001111"/>
    <class days="0001000" id="1620" room="84" start="114" weeks="011110111111101111"/>
    <class days="0001000" id="1621" room="289" start="146" weeks="011110111111000000"/>
    <class days="0000100" id="1622" room="74" start="171" weeks="011111111111001111"/>
    <class days="0001000" id="1623" room="74" start="168" weeks="011110111111101111"/>
    <class days="0100000" id="1624" start="206" weeks="011111111110000000"/>
    <class days="0001000" id="1625" room="52" start="196" weeks="011110111111000000"/>
    <class days="0000100" id="1626" room="11" start="196" weeks="011111111110000000"/>
    <class days="1000000" id="1627" room="56" start="156" weeks="011111110000000000"/>
    <class days="0000100" id="1628" room="12" start="116" weeks="000000001111001111"/>
    <class days="0001000" id="1629" room="55" start="226" weeks="011110111111000000"/>
    <class days="0100000" id="1630" start="176" weeks="011111111111100111"/>
    <class days="0001000" id="1631" room="6" start="196" weeks="011110111111101111"/>
    <class days="0000100" id="1632" start="146" weeks="011111111111001111"/>
    <class days="0100000" id="1633" room="50" start="186" weeks="011111111111100111"/>
    <class days="0100000" id="1634" start="146" weeks="011111111110000000"/>
    <class days="0010000" id="1635" room="11" start="196" weeks="011110111111101111"/>
    <class days="0100000" id="1636" room="54" start="138" weeks="011111111111100111"/>
    <class days="0100000" id="1637" start="136" weeks="011111111110000000"/>
    <class days="0010000" id="1638" start="96" weeks="011110111100000000"/>
    <class days="1000000" id="1639" room="159" start="196" weeks="011111111111100111"/>
    <class days="0010000" id="1640" room="10" start="186" weeks="011110111111101111"/>
    <class days="0100000" id="1641" room="64" start="206" weeks="001010101010100010"/>
    <class days="0000100" id="1642" room="115" start="146" weeks="011111111000000000"/>
    <class days="0001000" id="1643" room="66" start="216" weeks="011110111000000000"/>
    <class days="0001000" id="1644" room="66" start="216" weeks="000000000111101111"/>
    <class days="1000000" id="1645" room="18" start="216" weeks="011111111111100111"/>
    <class days="0010000" id="1646" room="11" start="216" weeks="011110111111101111"/>
    <class days="0000100" id="1647" room="18" start="226" weeks="011111111000000000"/>
    <class days="1000000" id="1648" room="73" start="186" weeks="011111111110000000"/>
    <class days="0000100" id="1649" room="160" start="216" weeks="011111111110000000"/>
    <class days="0001000" id="1650" room="66" start="196" weeks="001010010101000000"/>
    <class days="0001000" id="1651" room="66" start="196" weeks="010100101010000000"/>
    <class days="0000100" id="1652" room="56" start="96" weeks="011111110000000000"/>
    <class days="0010000" id="1653" start="146" weeks="011110111111101111"/>
    <class days="1000000" id="1654" room="56" start="226" weeks="011111111110000000"/>
    <class days="0001000" id="1655" room="73" start="196" weeks="011110111111000000"/>
    <class days="0010000" id="1656" room="71" start="186" weeks="011110111111000000"/>
    <class days="1000000" id="1657" room="272" start="106" weeks="011111111111100111"/>
    <class days="0010000" id="1658" room="6" start="226" weeks="011110111111101111"/>
    <class days="1000000" id="1659" room="272" start="206" weeks="011111111000000000"/>
    <class days="1000000" id="1660" room="46" start="196" weeks="011111111111100111"/>
    <class days="0100000" id="1661" room="46" start="216" weeks="011111111111100111"/>
    <class days="0100000" id="1662" room="54" start="196" weeks="011111111111100111"/>
    <class days="0010000" id="1663" room="46" start="186" weeks="011110111111101111"/>
    <class days="0001000" id="1664" room="46" start="186" weeks="011110111111101111"/>
    <class days="1000000" id="1665" room="10" start="186" weeks="001010101010100010"/>
    <class days="1000000" id="1666" room="54" start="186" weeks="011111111000000000"/>
    <class days="1000000" id="1667" room="50" start="206" weeks="011111111000000000"/>
    <class days="0001000" id="1668" room="12" start="186" weeks="000000011111000000"/>
    <class days="0010000" id="1669" room="12" start="196" weeks="000000011111000000"/>
    <class days="1000000" id="1670" room="272" start="186" weeks="011111111111100111"/>
    <class days="0010000" id="1671" room="78" start="126" weeks="011110111100000000"/>
    <class days="1000000" id="1672" room="211" start="206" weeks="011111111110000000"/>
    <class days="0001000" id="1673" room="287" start="96" weeks="011110111111000000"/>
    <class days="1000000" id="1674" room="146" start="156" weeks="011111111110000000"/>
    <class days="1000000" id="1675" room="127" start="136" weeks="011111111111100111"/>
    <class days="0100000" id="1676" room="133" start="136" weeks="011111111111100111"/>
    <class days="1000000" id="1677" room="286" start="156" weeks="011111111111100111"/>
    <class days="0100000" id="1678" room="113" start="96" weeks="011111111111100111"/>
    <class days="1000000" id="1679" room="124" start="116" weeks="011111111111100111"/>
    <class days="1000000" id="1680" room="124" start="176" weeks="011111111111100111"/>
    <class days="0100000" id="1681" room="83" start="116" weeks="011111111111100111"/>
    <class days="0000100" id="1682" room="80" start="196" weeks="011111111000000000"/>
    <class days="0001000" id="1683" room="77" start="116" weeks="011110111111000000"/>
    <class days="1000000" id="1684" room="80" start="116" weeks="010000000000000000"/>
    <class days="0100000" id="1685" room="291" start="126" weeks="010101010100000000"/>
    <class days="0010000" id="1686" room="291" start="116" weeks="010100101010000000"/>
    <class days="0001000" id="1687" room="291" start="126" weeks="010100101010000000"/>
    <class days="0100000" id="1688" room="78" start="226" weeks="000100000000000000"/>
    <class days="0100000" id="1689" room="78" start="146" weeks="011111111000000000"/>
    <class days="0010000" id="1690" room="290" start="146" weeks="011110111111000000"/>
    <class days="0000100" id="1691" room="127" start="206" weeks="011111111111001111"/>
    <class days="0100000" id="1692" room="286" start="216" weeks="011111111111100111"/>
    <class days="0010000" id="1693" room="277" start="96" weeks="011110111111101111"/>
    <class days="0010000" id="1694" room="277" start="176" weeks="011110111111101111"/>
    <class days="0001000" id="1695" room="277" start="96" weeks="011110111111101111"/>
    <class days="0001000" id="1696" room="80" start="96" weeks="011110111100000000"/>
    <class days="0001000" id="1697" room="129" start="176" weeks="011110111111000000"/>
    <class days="0000100" id="1698" room="129" start="156" weeks="011111111110000000"/>
    <class days="0100000" id="1699" room="129" start="196" weeks="011111111110000000"/>
    <class days="0001000" id="1700" room="83" start="116" weeks="011110111100000000"/>
    <class days="1000000" id="1701" room="291" start="126" weeks="011111111110000000"/>
    <class days="0001000" id="1702" room="78" start="106" weeks="001010010101001010"/>
    <class days="1000000" id="1703" room="82" start="186" weeks="001010101010100010"/>
    <class days="0100000" id="1704" room="82" start="216" weeks="010101010101000101"/>
    <class days="1000000" id="1705" room="82" start="96" weeks="001010101010100010"/>
    <class days="0010000" id="1706" room="87" start="216" weeks="001010010101001010"/>
    <class days="0001000" id="1707" room="82" start="146" weeks="001010010101001010"/>
    <class days="0001000" id="1708" room="82" start="166" weeks="010100101010100101"/>
    <class days="0001000" id="1709" room="82" start="166" weeks="001010010101001010"/>
    <class days="0010000" id="1710" room="82" start="96" weeks="010100101010100101"/>
    <class days="0001000" id="1711" room="82" start="186" weeks="011110111111101111"/>
    <class days="0001000" id="1712" start="186" weeks="011110111111101111"/>
    <class days="0010000" id="1713" room="82" start="216" weeks="011110111111101111"/>
    <class days="0010000" id="1714" start="216" weeks="011110111111101111"/>
    <class days="0100000" id="1715" room="82" start="116" weeks="011111111111100111"/>
    <class days="0100000" id="1716" start="116" weeks="011111111111100111"/>
    <class days="0010000" id="1717" room="82" start="166" weeks="011110111111101111"/>
    <class days="0010000" id="1718" start="166" weeks="011110111111101111"/>
    <class days="0010000" id="1719" room="82" start="146" weeks="011110111111101111"/>
    <class days="0010000" id="1720" start="146" weeks="011110111111101111"/>
    <class days="0010000" id="1721" room="82" start="186" weeks="011110111111101111"/>
    <class days="0010000" id="1722" start="186" weeks="011110111111101111"/>
    <class days="0000100" id="1723" room="133" start="126" weeks="011111111000000000"/>
    <class days="0100000" id="1724" room="124" start="96" weeks="011111111110000000"/>
    <class days="0100000" id="1725" room="127" start="106" weeks="011111111111100111"/>
    <class days="0001000" id="1726" room="144" start="166" weeks="011110111111101111"/>
    <class days="1000000" id="1727" room="286" start="206" weeks="011111111111100111"/>
    <class days="0000100" id="1728" room="144" start="216" weeks="011111111111001111"/>
    <class days="1000000" id="1729" room="83" start="206" weeks="011111111111100111"/>
    <class days="0010000" id="1730" room="83" start="96" weeks="011110111111101111"/>
    <class days="0100000" id="1731" room="83" start="136" weeks="011111111111100111"/>
    <class days="1000000" id="1732" room="127" start="116" weeks="011111111111100111"/>
    <class days="0100000" id="1733" room="82" start="96" weeks="011111111111100111"/>
    <class days="1000000" id="1734" room="82" start="156" weeks="011111111111100111"/>
    <class days="0010000" id="1735" room="277" start="226" weeks="011110111111101111"/>
    <class days="0000100" id="1736" room="82" start="126" weeks="011111111111001111"/>
    <class days="0001000" id="1737" room="286" start="116" weeks="010100101000000000"/>
    <class days="0100000" id="1738" room="290" start="106" weeks="011111111111100111"/>
    <class days="0000100" id="1739" room="78" start="126" weeks="011111111111001111"/>
    <class days="0010000" id="1740" room="286" start="156" weeks="011110111111101111"/>
    <class days="0100000" id="1741" room="80" start="96" weeks="011111111111100111"/>
    <class days="0001000" id="1742" room="129" start="206" weeks="011110111111101111"/>
    <class days="0010000" id="1743" room="133" start="216" weeks="011110111111101111"/>
    <class days="0000100" id="1744" room="290" start="226" weeks="010101010101000101"/>
    <class days="0000100" id="1745" room="290" start="226" weeks="001010101010001010"/>
    <class days="0000100" id="1746" room="291" start="96" weeks="010101010101000101"/>
    <class days="0000100" id="1747" room="291" start="96" weeks="001010101010001010"/>
    <class days="1000000" id="1748" room="76" start="176" weeks="010101010101000101"/>
    <class days="1000000" id="1749" room="76" start="176" weeks="001010101010100010"/>
    <class days="0100000" id="1750" room="129" start="226" weeks="010101010101000101"/>
    <class days="0100000" id="1751" room="129" start="226" weeks="001010101010100010"/>
    <class days="0000100" id="1752" room="80" start="136" weeks="010101010101000101"/>
    <class days="0000100" id="1753" room="276" start="166" weeks="010101010101000101"/>
    <class days="0000100" id="1754" room="276" start="166" weeks="001010101010001010"/>
    <class days="1000000" id="1755" room="276" start="116" weeks="010101010101000101"/>
    <class days="1000000" id="1756" room="276" start="116" weeks="001010101010100010"/>
    <class days="0010000" id="1757" room="127" start="146" weeks="001010010101001010"/>
    <class days="0100000" id="1758" room="291" start="196" weeks="011111111111100111"/>
    <class days="0000100" id="1759" room="77" start="166" weeks="011111111111001111"/>
    <class days="0100000" id="1760" room="77" start="166" weeks="011111111111100111"/>
    <class days="0000100" id="1761" room="291" start="166" weeks="011111111111001111"/>
    <class days="1000000" id="1762" room="77" start="186" weeks="011111111111100111"/>
    <class days="1000000" id="1763" room="291" start="166" weeks="011111111111100111"/>
    <class days="0000100" id="1764" room="127" start="116" weeks="010101010000000000"/>
    <class days="0100000" id="1765" room="129" start="166" weeks="011111111111100111"/>
    <class days="0010000" id="1766" room="77" start="156" weeks="011110111111101111"/>
    <class days="0100000" id="1767" room="76" start="226" weeks="011111111111100111"/>
    <class days="1000000" id="1768" room="127" start="216" weeks="010101010000000000"/>
    <class days="1000000" id="1769" room="129" start="126" weeks="011111111111100111"/>
    <class days="0010000" id="1770" room="290" start="186" weeks="011110111111101111"/>
    <class days="1000000" id="1771" room="290" start="126" weeks="011111111111100111"/>
    <class days="0001000" id="1772" room="290" start="176" weeks="011110111111101111"/>
    <class days="0100000" id="1773" room="78" start="106" weeks="011111111000000000"/>
    <class days="0010000" id="1774" room="286" start="216" weeks="011110111111000000"/>
    <class days="0000100" id="1775" room="83" start="216" weeks="011111111110000000"/>
    <class days="0001000" id="1776" start="204" weeks="011110111111101111"/>
    <class days="0100000" id="1777" start="204" weeks="011111111111100111"/>
    <class days="0100000" id="1778" start="204" weeks="011111111111100111"/>
    <class days="0001000" id="1779" start="204" weeks="011110111111101111"/>
    <class days="1000000" id="1780" room="127" start="216" weeks="001010101000000000"/>
    <class days="1000000" id="1781" room="77" start="96" weeks="011111111111100111"/>
    <class days="1000000" id="1782" room="291" start="196" weeks="011111111111100111"/>
    <class days="1000000" id="1783" room="77" start="166" weeks="011111111111100111"/>
    <class days="0001000" id="1784" room="291" start="216" weeks="011110111111101111"/>
    <class days="0001000" id="1785" room="127" start="116" weeks="011110111100000000"/>
    <class days="0000100" id="1786" room="129" start="196" weeks="011111111110000000"/>
    <class days="0000100" id="1787" room="127" start="116" weeks="001010101000000000"/>
    <class days="0001000" id="1788" room="144" start="116" weeks="011110111111101111"/>
    <class days="1000000" id="1789" room="287" start="156" weeks="011111111111100111"/>
    <class days="0001000" id="1790" room="287" start="136" weeks="011110111111101111"/>
    <class days="0000100" id="1791" room="113" start="156" weeks="011111110000000000"/>
    <class days="1000000" id="1792" room="291" start="216" weeks="000000001000000000"/>
    <class days="0010000" id="1793" room="77" start="116" weeks="011110111111000000"/>
    <class days="0000100" id="1794" room="76" start="176" weeks="011111111110000000"/>
    <class days="1000000" id="1795" room="113" start="206" weeks="001000000000000000"/>
    <class days="0100000" id="1796" room="291" start="116" weeks="001010101010000000"/>
    <class days="0010000" id="1797" room="291" start="196" weeks="001010010101000000"/>
    <class days="0010000" id="1798" room="77" start="206" weeks="001010010101000000"/>
    <class days="0000100" id="1799" room="133" start="166" weeks="000010000000000000"/>
    <class days="0000100" id="1800" room="78" start="176" weeks="001010101010001010"/>
    <class days="0001000" id="1801" room="286" start="216" weeks="001010010100000000"/>
    <class days="0001000" id="1802" room="76" start="186" weeks="011110111111101111"/>
    <class days="0100000" id="1803" room="78" start="126" weeks="011111111000000000"/>
    <class days="0000100" id="1804" room="77" start="126" weeks="011111111000000000"/>
    <class days="1000000" id="1805" room="77" start="226" weeks="011111111000000000"/>
    <class days="0100000" id="1806" room="77" start="106" weeks="011111111000000000"/>
    <class days="0000100" id="1807" room="291" start="146" weeks="011111111000000000"/>
    <class days="0100000" id="1808" room="77" start="226" weeks="011111110000000000"/>
    <class days="0010000" id="1809" room="291" start="226" weeks="011110111000000000"/>
    <class days="1000000" id="1810" room="77" start="126" weeks="011111110000000000"/>
    <class days="0001000" id="1811" room="77" start="176" weeks="011110111000000000"/>
    <class days="0010000" id="1812" room="127" start="126" weeks="010100101010100101"/>
    <class days="0010000" id="1813" room="83" start="176" weeks="010100101010100101"/>
    <class days="0010000" id="1814" room="83" start="176" weeks="001010010101001010"/>
    <class days="0100000" id="1815" room="276" start="226" weeks="010101010101000101"/>
    <class days="0100000" id="1816" room="276" start="226" weeks="001010101010100010"/>
    <class days="0001000" id="1817" room="276" start="156" weeks="010100101010100101"/>
    <class days="0001000" id="1818" room="276" start="156" weeks="001010010101001010"/>
    <class days="0010000" id="1819" room="78" start="186" weeks="011110111100000000"/>
    <class days="0000100" id="1820" room="83" start="96" weeks="011111111110000000"/>
    <class days="0010000" id="1821" room="133" start="136" weeks="011110111111000000"/>
    <class days="0100000" id="1822" room="127" start="176" weeks="011111111111100111"/>
    <class days="0100000" id="1823" room="291" start="156" weeks="011111111111100111"/>
    <class days="0000100" id="1824" room="291" start="226" weeks="011111111111001111"/>
    <class days="0100000" id="1825" room="291" start="226" weeks="011111111111100111"/>
    <class days="1000000" id="1826" room="291" start="96" weeks="011111111111100111"/>
    <class days="0100000" id="1827" room="127" start="156" weeks="001010101010100010"/>
    <class days="0010000" id="1828" room="128" start="126" weeks="011110111111101111"/>
    <class days="0001000" id="1829" room="119" start="116" weeks="011110111111101111"/>
    <class days="0000100" id="1830" room="77" start="96" weeks="011111111111001111"/>
    <class days="0000100" id="1831" room="129" start="126" weeks="011111111111001111"/>
    <class days="0010000" id="1832" room="80" start="146" weeks="001010010100000000"/>
    <class days="0100000" id="1833" room="76" start="166" weeks="011111111111100111"/>
    <class days="0100000" id="1834" room="77" start="146" weeks="011111111111100111"/>
    <class days="0000100" id="1835" room="291" start="196" weeks="011111111111001111"/>
    <class days="0000100" id="1836" room="286" start="116" weeks="011111110000000000"/>
    <class days="0010000" id="1837" room="78" start="206" weeks="011110111000000000"/>
    <class days="1000000" id="1838" room="80" start="96" weeks="011111110000000000"/>
    <class days="0010000" id="1839" room="286" start="136" weeks="011110111000000000"/>
    <class days="0000100" id="1840" room="83" start="156" weeks="011111110000000000"/>
    <class days="0100000" id="1841" room="127" start="226" weeks="011111111111100111"/>
    <class days="0010000" id="1842" room="128" start="146" weeks="011110111111101111"/>
    <class days="0010000" id="1843" room="128" start="106" weeks="011110111111101111"/>
    <class days="0000100" id="1844" room="128" start="176" weeks="011111111111001111"/>
    <class days="0100000" id="1845" room="129" start="126" weeks="011111111111100111"/>
    <class days="0001000" id="1846" room="128" start="146" weeks="011110111111101111"/>
    <class days="0000100" id="1847" room="129" start="226" weeks="011111111111001111"/>
    <class days="1000000" id="1848" room="129" start="106" weeks="011111111111100111"/>
    <class days="1000000" id="1849" room="129" start="176" weeks="011111111111100111"/>
    <class days="0100000" id="1850" room="78" start="126" weeks="000000000111100111"/>
    <class days="0000100" id="1851" room="77" start="126" weeks="000000000111001111"/>
    <class days="1000000" id="1852" room="77" start="226" weeks="000000000111100111"/>
    <class days="0100000" id="1853" room="77" start="106" weeks="000000000111100111"/>
    <class days="0000100" id="1854" room="291" start="146" weeks="000000000111001111"/>
    <class days="0100000" id="1855" room="77" start="226" weeks="000000001111100111"/>
    <class days="0010000" id="1856" room="291" start="226" weeks="000000000111101111"/>
    <class days="1000000" id="1857" room="77" start="126" weeks="000000001111100111"/>
    <class days="0001000" id="1858" room="77" start="176" weeks="000000000111101111"/>
    <class days="0100000" id="1859" room="80" start="226" weeks="011111111111100111"/>
    <class days="0100000" id="1860" room="119" start="96" weeks="011111111111100111"/>
    <class days="1000000" id="1861" room="119" start="126" weeks="011111111111100111"/>
    <class days="0010000" id="1862" room="119" start="106" weeks="011110111111101111"/>
    <class days="0100000" id="1863" room="119" start="156" weeks="011111111111100111"/>
    <class days="0010000" id="1864" room="119" start="176" weeks="011110111111101111"/>
    <class days="0000100" id="1865" room="119" start="156" weeks="011111111111001111"/>
    <class days="0000100" id="1866" room="119" start="186" weeks="011111111111001111"/>
    <class days="0001000" id="1867" room="119" start="216" weeks="011110111111101111"/>
    <class days="0100000" id="1868" start="168" weeks="011111111111100111"/>
    <class days="0001000" id="1869" room="307" start="132" weeks="011110111111101111"/>
    <class days="1000000" id="1870" room="307" start="114" weeks="011111110000000000"/>
    <class days="0000100" id="1871" room="80" start="156" weeks="011111111111001111"/>
    <class days="0010000" id="1872" room="80" start="146" weeks="010100101000000000"/>
    <class days="0010000" id="1873" room="40" start="106" weeks="011110111111101111"/>
    <class days="0010000" id="1874" room="290" start="226" weeks="011110111111101111"/>
    <class days="0000100" id="1875" room="144" start="156" weeks="011111111111001111"/>
    <class days="0000100" id="1876" room="277" start="156" weeks="011111111000000000"/>
    <class days="0000100" id="1877" room="287" start="196" weeks="011111111111001111"/>
    <class days="1000000" id="1878" room="287" start="226" weeks="011111111111100111"/>
    <class days="0000100" id="1879" room="277" start="156" weeks="000000000100000000"/>
    <class days="1000000" id="1880" start="216" weeks="001010101010100010"/>
    <class days="0000100" id="1881" room="127" start="156" weeks="010101010101000101"/>
    <class days="0000100" id="1882" start="146" weeks="010101010101000101"/>
    <class days="0001000" id="1883" room="277" start="146" weeks="001010010101001010"/>
    <class days="0001000" id="1884" room="80" start="226" weeks="010100101010100101"/>
    <class days="0001000" id="1885" room="119" start="136" weeks="011110111111101111"/>
    <class days="1000000" id="1886" room="119" start="156" weeks="010101010101000101"/>
    <class days="1000000" id="1887" room="119" start="96" weeks="010101010101000101"/>
    <class days="0010000" id="1888" start="96" weeks="010100101010100101"/>
    <class days="0010000" id="1889" room="77" start="216" weeks="010100101010100101"/>
    <class days="0001000" id="1890" room="291" start="156" weeks="001010010101001010"/>
    <class days="0001000" id="1891" room="80" start="206" weeks="011110111111101111"/>
    <class days="0100000" id="1892" room="290" start="156" weeks="011111111111100111"/>
    <class days="0010000" id="1893" room="119" start="206" weeks="001010010101001010"/>
    <class days="0001000" id="1894" room="129" start="226" weeks="010100101010100101"/>
    <class days="1000000" id="1895" room="80" start="156" weeks="011111111111100111"/>
    <class days="0100000" id="1896" room="76" start="206" weeks="010101010101000101"/>
    <class days="0010000" id="1897" room="119" start="226" weeks="011110111111101111"/>
    <class days="0010000" id="1898" room="119" start="136" weeks="011110111111101111"/>
    <class days="1000000" id="1899" room="80" start="116" weeks="001010101010100010"/>
    <class days="0001000" id="1900" room="277" start="176" weeks="001010010101001010"/>
    <class days="1000000" id="1901" room="113" start="116" weeks="001010101010100010"/>
    <class days="0010000" id="1902" room="78" start="96" weeks="001010010101001010"/>
    <class days="0001000" id="1903" room="277" start="146" weeks="010100101010100101"/>
    <class days="0001000" id="1904" room="133" start="176" weeks="010100101010100101"/>
    <class days="0100000" id="1905" room="277" start="116" weeks="011111111111100111"/>
    <class days="0010000" id="1906" room="77" start="176" weeks="011110111111101111"/>
    <class days="0001000" id="1907" room="127" start="176" weeks="011110111111101111"/>
    <class days="0100000" id="1908" room="287" start="146" weeks="011111111111100111"/>
    <class days="0001000" id="1909" room="83" start="206" weeks="011110111000000000"/>
    <class days="0010000" id="1910" room="129" start="146" weeks="000000000111101111"/>
    <class days="0010000" id="1911" room="129" start="166" weeks="000000000111101111"/>
    <class days="0010000" id="1912" room="129" start="96" weeks="011110111000000000"/>
    <class days="0100000" id="1913" room="290" start="126" weeks="010101010101000101"/>
    <class days="0010000" id="1914" room="77" start="96" weeks="010100101010100101"/>
    <class days="0001000" id="1915" room="291" start="156" weeks="010100101010100101"/>
    <class days="0100000" id="1916" room="83" start="96" weeks="001010101010100010"/>
    <class days="0010000" id="1917" room="290" start="96" weeks="001010010101001010"/>
    <class days="0001000" id="1918" room="276" start="226" weeks="011110111000000000"/>
    <class days="0010000" id="1919" room="127" start="226" weeks="011110111111101111"/>
    <class days="0010000" id="1920" room="83" start="156" weeks="000000000111101111"/>
    <class days="1000000" id="1921" start="96" weeks="001010101010100010"/>
    <class days="0000100" id="1922" room="83" start="196" weeks="010101010101000101"/>
    <class days="0001000" id="1923" start="146" weeks="010100101010100101"/>
    <class days="1000000" id="1924" room="83" start="136" weeks="001010101010100010"/>
    <class days="0001000" id="1925" room="78" start="176" weeks="011110111111101111"/>
    <class days="0001000" id="1926" room="78" start="166" weeks="011110111111101111"/>
    <class days="0001000" id="1927" start="136" weeks="010100101010100101"/>
    <class days="0010000" id="1928" room="291" start="186" weeks="010100101010100101"/>
    <class days="0010000" id="1929" room="77" start="96" weeks="001010010101001010"/>
    <class days="0000100" id="1930" room="277" start="186" weeks="011111111111001111"/>
    <class days="0001000" id="1931" room="76" start="156" weeks="011110111111101111"/>
    <class days="0001000" id="1932" room="77" start="196" weeks="011110111111101111"/>
    <class days="1000000" id="1933" room="78" start="206" weeks="011111111111100111"/>
    <class days="1000000" id="1934" room="286" start="96" weeks="011111111111100111"/>
    <class days="0001000" id="1935" room="133" start="116" weeks="011110111111101111"/>
    <class days="0100000" id="1936" room="286" start="96" weeks="011111111111100111"/>
    <class days="0000100" id="1937" room="276" start="146" weeks="011111111111001111"/>
    <class days="1000000" id="1938" start="136" weeks="001010101010100010"/>
    <class days="0001000" id="1939" room="276" start="136" weeks="001010010101001010"/>
    <class days="1000000" id="1940" start="146" weeks="010101010101000101"/>
    <class days="1000000" id="1941" room="277" start="176" weeks="001010101010100010"/>
    <class days="0010000" id="1942" room="286" start="116" weeks="011110111111101111"/>
    <class days="0001000" id="1943" room="290" start="126" weeks="011110111111101111"/>
    <class days="0001000" id="1944" room="290" start="226" weeks="011110111111101111"/>
    <class days="0001000" id="1945" room="129" start="96" weeks="000000000111101111"/>
    <class days="0001000" id="1946" room="83" start="176" weeks="011110111111101111"/>
    <class days="0001000" id="1947" room="291" start="186" weeks="011110111111101111"/>
    <class days="0010000" id="1948" room="82" start="206" weeks="011110111111101111"/>
    <class days="0000100" id="1949" room="128" start="196" weeks="011111111111001111"/>
    <class days="0100000" id="1950" start="96" weeks="010101010101000101"/>
    <class days="0001000" id="1951" room="77" start="156" weeks="001010010101001010"/>
    <class days="0001000" id="1952" room="291" start="96" weeks="001010010101001010"/>
    <class days="0100000" id="1953" room="276" start="96" weeks="011111111111100111"/>
    <class days="0100000" id="1954" room="119" start="126" weeks="011111111111100111"/>
    <class days="1000000" id="1955" room="144" start="126" weeks="010101010101000101"/>
    <class days="0001000" id="1956" room="82" start="126" weeks="001010010101001010"/>
    <class days="1000000" id="1957" start="126" weeks="001010101010100010"/>
    <class days="0010000" id="1958" room="144" start="136" weeks="010100101010100101"/>
    <class days="1000000" id="1959" room="286" start="126" weeks="001010101010100010"/>
    <class days="1000000" id="1960" room="144" start="106" weeks="011111111111100111"/>
    <class days="1000000" id="1961" start="146" weeks="010101010101000101"/>
    <class days="0100000" id="1962" room="133" start="216" weeks="001010101010100010"/>
    <class days="0010000" id="1963" room="133" start="96" weeks="011110111000000000"/>
    <class days="0100000" id="1964" room="145" start="176" weeks="001010101010100010"/>
    <class days="0100000" id="1965" room="145" start="176" weeks="010101010101000101"/>
    <class days="0001000" id="1966" room="83" start="146" weeks="011110111111101111"/>
    <class days="0010000" id="1967" room="76" start="226" weeks="011110111111101111"/>
    <class days="0000100" id="1968" room="290" start="106" weeks="001010101010001010"/>
    <class days="0000100" id="1969" room="290" start="106" weeks="010101010101000101"/>
    <class days="0000100" id="1970" room="76" start="96" weeks="010101010101000101"/>
    <class days="0001000" id="1971" room="76" start="136" weeks="001010010101001010"/>
    <class days="0001000" id="1972" room="76" start="136" weeks="010100101010100101"/>
    <class days="0100000" id="1973" start="206" weeks="010101010101000101"/>
    <class days="1000000" id="1974" room="124" start="196" weeks="010101010101000101"/>
    <class days="0000100" id="1975" room="144" start="196" weeks="010101010101000101"/>
    <class days="1000000" id="1976" room="144" start="156" weeks="010101010101000101"/>
    <class days="0001000" id="1977" room="211" start="126" weeks="010100101010100101"/>
    <class days="0001000" id="1978" room="211" start="166" weeks="010100101010100101"/>
    <class days="1000000" id="1979" room="286" start="186" weeks="001010101010100010"/>
    <class days="0000100" id="1980" room="286" start="226" weeks="001010101010001010"/>
    <class days="0000100" id="1981" room="286" start="226" weeks="010101010101000101"/>
    <class days="0010000" id="1982" room="144" start="196" weeks="001010010101001010"/>
    <class days="0010000" id="1983" room="145" start="216" weeks="011110111111101111"/>
    <class days="1000000" id="1984" room="146" start="196" weeks="011111111111100111"/>
    <class days="1000000" id="1985" room="145" start="216" weeks="001010101010100010"/>
    <class days="1000000" id="1986" room="145" start="216" weeks="010101010101000101"/>
    <class days="0010000" id="1987" room="127" start="196" weeks="011110111111101111"/>
    <class days="1000000" id="1988" room="37" start="136" weeks="011111111111100111"/>
    <class days="1000000" id="1989" room="83" start="156" weeks="011111111111100111"/>
    <class days="0010000" id="1990" room="146" start="156" weeks="011110111111101111"/>
    <class days="1000000" id="1991" room="211" start="111" weeks="011111111111100111"/>
    <class days="0010000" id="1992" room="134" start="132" weeks="011110111111101111"/>
    <class days="0001000" id="1993" room="119" start="176" weeks="001010010101001010"/>
    <class days="0001000" id="1994" room="287" start="196" weeks="011110111111101111"/>
    <class days="0010000" id="1995" room="144" start="196" weeks="010100101010100101"/>
    <class days="0010000" id="1996" room="276" start="176" weeks="011110111111101111"/>
    <class days="1000000" id="1997" room="119" start="196" weeks="011111111111100111"/>
    <class days="0100000" id="1998" room="76" start="146" weeks="011111111111100111"/>
    <class days="0100000" id="1999" room="134" start="166" weeks="011111111111100111"/>
    <class days="1000000" id="2000" room="145" start="156" weeks="011111111111100111"/>
    <class days="1000000" id="2001" room="145" start="176" weeks="011111111111100111"/>
    <class days="0001000" id="2002" room="127" start="206" weeks="011110111111101111"/>
    <class days="0000100" id="2003" room="283" start="126" weeks="011111111111001111"/>
    <class days="0000100" id="2004" room="283" start="106" weeks="011111111111001111"/>
    <class days="0000100" id="2005" room="283" start="216" weeks="011111111111001111"/>
    <class days="1000000" id="2006" room="283" start="226" weeks="011111111111100111"/>
    <class days="0000100" id="2007" room="127" start="176" weeks="011111111111001111"/>
    <class days="1000000" id="2008" room="124" start="156" weeks="011111111111100111"/>
    <class days="0100000" id="2009" room="144" start="166" weeks="011111111111100111"/>
    <class days="0001000" id="2010" room="127" start="156" weeks="011110111100000000"/>
    <class days="0000100" id="2011" room="77" start="196" weeks="011111111000000000"/>
    <class days="0000100" id="2012" room="291" start="116" weeks="011111111000000000"/>
    <class days="0001000" id="2013" room="127" start="96" weeks="011110111100000000"/>
    <class days="0010000" id="2014" room="40" start="176" weeks="011110100000000000"/>
    <class days="0000100" id="2015" room="124" start="136" weeks="011111000000000000"/>
    <class days="1000000" id="2016" room="76" start="126" weeks="011111000000000000"/>
    <class days="0001000" id="2017" room="144" start="146" weeks="001010010101001010"/>
    <class days="0010000" id="2018" room="291" start="156" weeks="011110111111101111"/>
    <class days="0001000" id="2019" room="77" start="96" weeks="011110111111101111"/>
    <class days="0100000" id="2020" room="291" start="176" weeks="011111111111100111"/>
    <class days="0100000" id="2021" room="78" start="176" weeks="010101010101000101"/>
    <class days="0100000" id="2022" room="76" start="96" weeks="011111111111100111"/>
    <class days="0001000" id="2023" room="76" start="96" weeks="011110111111101111"/>
    <class days="1000000" id="2024" room="76" start="226" weeks="011111111111100111"/>
    <class days="0100000" id="2025" start="204" weeks="011111111111100111"/>
    <class days="0001000" id="2026" start="204" weeks="011110111111101111"/>
    <class days="0001000" id="2027" start="204" weeks="011110111111101111"/>
    <class days="0001000" id="2028" start="204" weeks="011110111111101111"/>
    <class days="0100000" id="2029" start="204" weeks="011111111111100111"/>
    <class days="0100000" id="2030" start="204" weeks="011111111111100111"/>
    <class days="0010000" id="2031" room="80" start="176" weeks="010100101010100101"/>
    <class days="0000100" id="2032" room="128" start="126" weeks="001010101010001010"/>
    <class days="1000000" id="2033" room="128" start="226" weeks="001010101010100010"/>
    <class days="0100000" id="2034" room="127" start="136" weeks="011111111111100111"/>
    <class days="1000000" id="2035" room="78" start="126" weeks="011111111111100111"/>
    <class days="0000100" id="2036" room="113" start="126" weeks="011111111111001111"/>
    <class days="0000100" id="2037" room="113" start="96" weeks="011111111111001111"/>
    <class days="1000000" id="2038" room="290" start="96" weeks="011111111111100111"/>
    <class days="0010000" id="2039" room="127" start="176" weeks="011110111111101111"/>
    <class days="0100000" id="2040" room="124" start="226" weeks="010101010101000101"/>
    <class days="0000100" id="2041" room="124" start="226" weeks="001010101010001010"/>
    <class days="0001000" id="2042" room="78" start="186" weeks="011110111111101111"/>
    <class days="0100000" id="2043" room="117" start="116" weeks="010101010101000101"/>
    <class days="0100000" id="2044" room="117" start="116" weeks="001010101010100010"/>
    <class days="0000100" id="2045" room="117" start="196" weeks="010101010101000101"/>
    <class days="0000100" id="2046" room="117" start="196" weeks="001010101010001010"/>
    <class days="1000000" id="2047" room="117" start="166" weeks="010101010101000101"/>
    <class days="1000000" id="2048" room="117" start="166" weeks="001010101010100010"/>
    <class days="0010000" id="2049" room="113" start="116" weeks="011110111111101111"/>
    <class days="0001000" id="2050" room="290" start="156" weeks="011110111111101111"/>
    <class days="0001000" id="2051" room="290" start="196" weeks="011110111111101111"/>
    <class days="0100000" id="2052" room="133" start="96" weeks="011111111000000000"/>
    <class days="0001000" id="2053" room="276" start="96" weeks="011110111100000000"/>
    <class days="0010000" id="2054" room="277" start="136" weeks="011110111100000000"/>
    <class days="0001000" id="2055" room="83" start="186" weeks="011110111100000000"/>
    <class days="1000000" id="2056" room="5" start="96" weeks="011111111000000000"/>
    <class days="0001000" id="2057" room="113" start="136" weeks="000000000111101111"/>
    <class days="0010000" id="2058" room="128" start="196" weeks="011110111111000000"/>
    <class days="1000000" id="2059" room="128" start="166" weeks="011111111110000000"/>
    <class days="1000000" id="2060" room="78" start="106" weeks="011111111111100111"/>
    <class days="0000100" id="2061" room="127" start="226" weeks="011111111111001111"/>
    <class days="0010000" id="2062" room="286" start="196" weeks="011110111111101111"/>
    <class days="0100000" id="2063" room="113" start="116" weeks="011111111111100111"/>
    <class days="0010000" id="2064" room="276" start="126" weeks="011110111111101111"/>
    <class days="1000000" id="2065" room="113" start="156" weeks="011111111111100111"/>
    <class days="0010000" id="2066" room="276" start="196" weeks="011110111111101111"/>
    <class days="0010000" id="2067" room="80" start="226" weeks="011110111100000000"/>
    <class days="0000100" id="2068" room="127" start="96" weeks="011111111111001111"/>
    <class days="0010000" id="2069" room="277" start="206" weeks="010100101010100101"/>
    <class days="0010000" id="2070" room="277" start="206" weeks="001010010101001010"/>
    <class days="0000100" id="2071" room="290" start="186" weeks="010101010101000101"/>
    <class days="0000100" id="2072" room="290" start="186" weeks="001010101010001010"/>
    <class days="0010000" id="2073" room="139" start="126" weeks="010100101010100101"/>
    <class days="0010000" id="2074" room="139" start="126" weeks="001010010101001010"/>
    <class days="1000000" id="2075" room="139" start="96" weeks="010101010101000101"/>
    <class days="0000100" id="2076" room="139" start="146" weeks="001010101010001010"/>
    <class days="0000100" id="2077" room="139" start="126" weeks="001010101010001010"/>
    <class days="0001000" id="2078" room="139" start="136" weeks="010100101010100101"/>
    <class days="0010000" id="2079" room="139" start="156" weeks="001010010101001010"/>
    <class days="1000000" id="2080" room="139" start="156" weeks="001010101010100010"/>
    <class days="0010000" id="2081" room="276" start="226" weeks="011110111100000000"/>
    <class days="0100000" id="2082" room="40" start="116" weeks="011111111000000000"/>
    <class days="0000100" id="2083" room="277" start="106" weeks="011111111110000000"/>
    <class days="0010000" id="2084" room="144" start="216" weeks="011110111111000000"/>
    <class days="0100000" id="2085" room="128" start="116" weeks="011111111110000000"/>
    <class days="1000000" id="2086" room="128" start="126" weeks="011111111110000000"/>
    <class days="1000000" id="2087" room="127" start="166" weeks="010101010101000101"/>
    <class days="0001000" id="2088" room="286" start="156" weeks="010100101010100101"/>
    <class days="0001000" id="2089" room="286" start="156" weeks="001010010101001010"/>
    <class days="0000100" id="2090" room="277" start="226" weeks="010101010101000101"/>
    <class days="0000100" id="2091" room="277" start="226" weeks="001010101010001010"/>
    <class days="0001000" id="2092" room="78" start="126" weeks="011110111111101111"/>
    <class days="1000000" id="2093" room="145" start="106" weeks="011111111111100111"/>
    <class days="0001000" id="2094" room="145" start="166" weeks="011110111111101111"/>
    <class days="0000100" id="2095" room="145" start="96" weeks="011111111111001111"/>
    <class days="1000000" id="2096" room="145" start="136" weeks="011111111111100111"/>
    <class days="0100000" id="2097" room="145" start="96" weeks="011111111111100111"/>
    <class days="0010000" id="2098" room="145" start="166" weeks="011110111111101111"/>
    <class days="0001000" id="2099" room="40" start="96" weeks="010100101010100101"/>
    <class days="0001000" id="2100" room="40" start="96" weeks="001010010101001010"/>
    <class days="1000000" id="2101" room="133" start="216" weeks="010101010101000101"/>
    <class days="0100000" id="2102" room="80" start="136" weeks="011111110000000000"/>
    <class days="1000000" id="2103" room="277" start="126" weeks="011111110000000000"/>
    <class days="0010000" id="2104" room="78" start="166" weeks="011110111000000000"/>
    <class days="0000100" id="2105" room="286" start="206" weeks="011111110000000000"/>
    <class days="0100000" id="2106" room="277" start="96" weeks="011111110000000000"/>
    <class days="1000000" id="2107" room="277" start="226" weeks="001010101010100010"/>
    <class days="0000100" id="2108" room="76" start="126" weeks="011111111111001111"/>
    <class days="0010000" id="2109" room="76" start="166" weeks="011110111111101111"/>
    <class days="1000000" id="2110" room="127" start="196" weeks="010101010101000101"/>
    <class days="0001000" id="2111" room="129" start="126" weeks="010100101010100101"/>
    <class days="0000100" id="2112" room="119" start="116" weeks="001010101010001010"/>
    <class days="0100000" id="2113" room="128" start="176" weeks="010101010101000101"/>
    <class days="0100000" id="2114" room="128" start="216" weeks="001010101010100010"/>
    <class days="0100000" id="2115" room="80" start="186" weeks="011111111111100111"/>
    <class days="0001000" id="2116" room="124" start="226" weeks="010100101010100101"/>
    <class days="0001000" id="2117" room="124" start="226" weeks="001010010101001010"/>
    <class days="0000100" id="2118" room="276" start="225" weeks="001010101010001010"/>
    <class days="0001000" id="2119" room="128" start="123" weeks="010100101010100101"/>
    <class days="0100000" id="2120" room="277" start="136" weeks="011111111000000000"/>
    <class days="1000000" id="2121" room="277" start="206" weeks="011111111000000000"/>
    <class days="0001000" id="2122" room="40" start="146" weeks="011110111100000000"/>
    <class days="0100000" id="2123" room="307" start="168" weeks="011111111111100111"/>
    <class days="1000000" id="2124" room="307" start="132" weeks="011111110000000000"/>
    <class days="1000000" id="2125" start="132" weeks="011111110000000000"/>
    <class days="1000000" id="2126" start="132" weeks="011111110000000000"/>
    <class days="0000100" id="2127" room="78" start="106" weeks="011111111000000000"/>
    <class days="1000000" id="2128" room="276" start="226" weeks="011111111000000000"/>
    <class days="0010000" id="2129" room="129" start="116" weeks="011110111100000000"/>
    <class days="0100000" id="2130" room="277" start="196" weeks="011111111000000000"/>
    <class days="0001000" id="2131" room="78" start="226" weeks="011110111111101111"/>
    <class days="0010000" id="2132" room="128" start="166" weeks="011110111111101111"/>
    <class days="0000100" id="2133" room="128" start="96" weeks="011111111111001111"/>
    <class days="0001000" id="2134" room="128" start="196" weeks="011110111111101111"/>
    <class days="0100000" id="2135" room="80" start="116" weeks="011111111111100111"/>
    <class days="0010000" id="2136" room="76" start="136" weeks="011110111111101111"/>
    <class days="1000000" id="2137" room="129" start="206" weeks="011111111111100111"/>
    <class days="0100000" id="2138" room="129" start="146" weeks="011111111111100111"/>
    <class days="0010000" id="2139" room="80" start="126" weeks="010100101010100101"/>
    <class days="0000100" id="2140" room="128" start="156" weeks="011111111111001111"/>
    <class days="0001000" id="2141" room="128" start="226" weeks="011110111111101111"/>
    <class days="0000100" id="2142" room="128" start="226" weeks="011111111111001111"/>
    <class days="0100000" id="2143" room="80" start="156" weeks="011111111111100111"/>
    <class days="1000000" id="2144" room="133" start="196" weeks="011111111111100111"/>
    <class days="0010000" id="2145" room="40" start="126" weeks="011110111111101111"/>
    <class days="1000000" id="2146" room="277" start="156" weeks="011111111111100111"/>
    <class days="0010000" id="2147" room="113" start="146" weeks="010100101010100101"/>
    <class days="0001000" id="2148" room="277" start="226" weeks="010100101010100101"/>
    <class days="0000100" id="2149" room="290" start="146" weeks="001010101010001010"/>
    <class days="0001000" id="2150" room="276" start="136" weeks="010100101010100101"/>
    <class days="0010000" id="2151" room="127" start="146" weeks="010100101010100101"/>
    <class days="0000100" id="2152" room="40" start="136" weeks="011111111111001111"/>
    <class days="0001000" id="2153" room="119" start="196" weeks="011110111111101111"/>
    <class days="0010000" id="2154" room="290" start="126" weeks="011110111111101111"/>
    <class days="0000100" id="2155" room="80" start="226" weeks="011111111111001111"/>
    <class days="0001000" id="2156" room="139" start="166" weeks="010100101010100101"/>
    <class days="0001000" id="2157" room="139" start="166" weeks="001010010101001010"/>
    <class days="0001000" id="2158" room="139" start="106" weeks="010100101010100101"/>
    <class days="0001000" id="2159" room="139" start="106" weeks="001010010101001010"/>
    <class days="0000100" id="2160" room="139" start="166" weeks="010101010101000101"/>
    <class days="0100000" id="2161" room="286" start="186" weeks="010101010101000101"/>
    <class days="0100000" id="2162" room="286" start="186" weeks="001010101010100010"/>
    <class days="0100000" id="2163" room="113" start="136" weeks="001010101010100010"/>
    <class days="0000100" id="2164" room="80" start="116" weeks="001010101010001010"/>
    <class days="0100000" id="2165" room="128" start="226" weeks="010101010101000101"/>
    <class days="0100000" id="2166" room="128" start="186" weeks="001010101010100010"/>
    <class days="0100000" id="2167" room="128" start="156" weeks="010101010101000101"/>
    <class days="1000000" id="2168" room="277" start="186" weeks="010101010101000101"/>
    <class days="1000000" id="2169" room="133" start="136" weeks="010101010101000101"/>
    <class days="0100000" id="2170" room="276" start="166" weeks="001010101010100010"/>
    <class days="0000100" id="2171" room="83" start="126" weeks="011111111111001111"/>
    <class days="0100000" id="2172" start="156" weeks="011111111111100111"/>
    <class days="0100000" id="2173" room="119" start="206" weeks="011111111111100111"/>
    <class days="0010000" id="2174" room="276" start="156" weeks="001010010101001010"/>
    <class days="0100000" id="2175" room="83" start="226" weeks="011111111111100111"/>
    <class days="0010000" id="2176" room="124" start="226" weeks="001010010101001010"/>
    <class days="0010000" id="2177" room="291" start="96" weeks="011110111111101111"/>
    <class days="0100000" id="2178" room="83" start="206" weeks="011111111111100111"/>
    <class days="0000100" id="2179" room="139" start="96" weeks="010101010101000101"/>
    <class days="0001000" id="2180" room="139" start="136" weeks="001010010101001010"/>
    <class days="0001000" id="2181" room="76" start="226" weeks="010100101010100101"/>
    <class days="0100000" id="2182" room="277" start="176" weeks="001010101010100010"/>
    <class days="0000100" id="2183" room="139" start="146" weeks="010101010101000101"/>
    <class days="0010000" id="2184" room="139" start="176" weeks="001010010101001010"/>
    <class days="1000000" id="2185" room="76" start="206" weeks="001010101010100010"/>
    <class days="0010000" id="2186" room="124" start="226" weeks="010100101010100101"/>
    <class days="0001000" id="2187" room="83" start="96" weeks="011110111111101111"/>
    <class days="0100000" id="2188" room="286" start="166" weeks="001010101010100010"/>
    <class days="0001000" id="2189" room="290" start="106" weeks="010100101010100101"/>
    <class days="0000001" id="2190" room="70" start="96" weeks="000000000001000000"/>
    <class days="0000001" id="2191" room="70" start="96" weeks="000000001000000000"/>
    <class days="0000001" id="2192" room="189" start="240" weeks="000100000000000000"/>
    <class days="0000001" id="2193" room="189" start="147" weeks="000100000000000000"/>
    <class days="0000001" id="2194" room="189" start="126" weeks="000100000000000000"/>
    <class days="0000001" id="2195" room="200" start="186" weeks="010000000000000000"/>
    <class days="0000001" id="2196" room="113" start="174" weeks="000100000000000000"/>
    <class days="0000001" id="2197" room="133" start="153" weeks="000100000000000000"/>
    <class days="0000001" id="2198" room="83" start="168" weeks="000000000000000100"/>
    <class days="0000001" id="2199" room="217" start="204" weeks="000000000000000100"/>
    <class days="0000001" id="2200" room="83" start="201" weeks="000000000000000100"/>
    <class days="0000001" id="2201" room="129" start="162" weeks="000000010000000000"/>
    <class days="0000001" id="2202" room="290" start="147" weeks="000001000000000000"/>
    <class days="0000001" id="2203" room="127" start="93" weeks="000001000000000000"/>
    <class days="0000001" id="2204" room="189" start="201" weeks="000000000001000000"/>
    <class days="0000001" id="2205" room="290" start="105" weeks="000001000000000000"/>
    <class days="0000001" id="2206" room="200" start="165" weeks="000001000000000000"/>
    <class days="0000001" id="2207" room="277" start="144" weeks="000000001000000000"/>
    <class days="0000001" id="2208" room="200" start="186" weeks="000000010000000000"/>
    <class days="0000001" id="2209" room="133" start="135" weeks="000000000100000000"/>
    <class days="0000001" id="2210" room="82" start="216" weeks="000000001000000000"/>
    <class days="0000001" id="2211" room="70" start="117" weeks="000000010000000000"/>
    <class days="0000001" id="2212" room="119" start="231" weeks="000000010000000000"/>
    <class days="0000001" id="2213" room="40" start="228" weeks="000000000001000000"/>
    <class days="0000001" id="2214" room="276" start="129" weeks="000000000001000000"/>
    <class days="0000001" id="2215" room="80" start="216" weeks="000000000001000000"/>
    <class days="0000001" id="2216" room="189" start="150" weeks="000000000100000000"/>
    <class days="0000001" id="2217" room="78" start="186" weeks="000000000100000000"/>
    <class days="0000001" id="2218" room="40" start="207" weeks="000000000100000000"/>
    <class days="0000001" id="2219" room="70" start="106" weeks="000000000000000100"/>
    <class days="0000001" id="2220" room="70" start="116" weeks="010000000000000000"/>
    <class days="0000001" id="2221" room="127" start="196" weeks="010000000000000000"/>
    <class days="0000001" id="2222" room="70" start="106" weeks="000100000000000000"/>
    <class days="0000001" id="2223" room="78" start="96" weeks="000001000000000000"/>
    <class days="0000001" id="2224" room="70" start="116" weeks="000000000100000000"/>
    <class days="0000001" id="2225" room="70" start="116" weeks="000000000001000000"/>
    <class days="0000001" id="2226" room="70" start="96" weeks="000000010000000000"/>
    <class days="0000001" id="2227" room="70" start="116" weeks="000000001000000000"/>
    <class days="0000001" id="2228" room="144" start="216" weeks="000100000000000000"/>
    <class days="0000001" id="2229" room="40" start="186" weeks="000100000000000000"/>
    <class days="0000001" id="2230" room="83" start="126" weeks="000100000000000000"/>
    <class days="0000001" id="2231" room="286" start="186" weeks="000000000000000100"/>
    <class days="0000001" id="2232" room="83" start="126" weeks="000000000000000100"/>
    <class days="0000001" id="2233" room="144" start="146" weeks="000000000000000100"/>
    <class days="0000001" id="2234" room="40" start="96" weeks="000000000001000000"/>
    <class days="0000001" id="2235" room="144" start="176" weeks="000000000001000000"/>
    <class days="0000001" id="2236" room="83" start="166" weeks="000000000001000000"/>
    <class days="0000001" id="2237" room="290" start="186" weeks="000000010000000000"/>
    <class days="0000001" id="2238" room="276" start="126" weeks="000000010000000000"/>
    <class days="0000001" id="2239" room="277" start="136" weeks="000000010000000000"/>
    <class days="0000001" id="2240" room="290" start="196" weeks="000001000000000000"/>
    <class days="0000001" id="2241" room="144" start="206" weeks="000001000000000000"/>
    <class days="0000001" id="2242" room="277" start="116" weeks="000001000000000000"/>
    <class days="0000001" id="2243" room="277" start="146" weeks="000000000100000000"/>
    <class days="0000001" id="2244" room="82" start="196" weeks="000000000100000000"/>
    <class days="0000001" id="2245" room="82" start="226" weeks="000000000100000000"/>
    <class days="0000001" id="2246" room="124" start="136" weeks="000000001000000000"/>
    <class days="0000001" id="2247" room="286" start="196" weeks="000000001000000000"/>
    <class days="0000001" id="2248" room="144" start="146" weeks="000000001000000000"/>
    <class days="0000001" id="2249" room="286" start="156" weeks="000000000001000000"/>
    <class days="0000001" id="2250" room="286" start="186" weeks="000000000001000000"/>
    <class days="0000001" id="2251" room="40" start="196" weeks="000000000001000000"/>
    <class days="0000001" id="2252" room="83" start="196" weeks="000000000100000000"/>
    <class days="0000001" id="2253" room="40" start="156" weeks="000000000100000000"/>
    <class days="0000001" id="2254" room="133" start="206" weeks="000000000100000000"/>
    <class days="0000001" id="2255" room="82" start="126" weeks="000000000100000000"/>
    <class days="0000001" id="2256" start="126" weeks="000000000100000000"/>
    <class days="0000001" id="2257" room="82" start="166" weeks="000000000100000000"/>
    <class days="0000001" id="2258" start="166" weeks="000000000100000000"/>
    <class days="0000001" id="2259" room="82" start="96" weeks="000000000100000000"/>
    <class days="0000001" id="2260" start="96" weeks="000000000100000000"/>
    <class days="0000001" id="2261" room="82" start="176" weeks="000000010000000000"/>
    <class days="0000001" id="2262" start="176" weeks="000000010000000000"/>
    <class days="0000001" id="2263" room="82" start="106" weeks="000000010000000000"/>
    <class days="0000001" id="2264" start="106" weeks="000000010000000000"/>
    <class days="0000001" id="2265" room="82" start="136" weeks="000000010000000000"/>
    <class days="0000001" id="2266" start="136" weeks="000000010000000000"/>
    <class days="0000001" id="2267" room="82" start="156" weeks="000100000000000000"/>
    <class days="0000001" id="2268" start="156" weeks="000100000000000000"/>
    <class days="0000001" id="2269" room="82" start="96" weeks="000100000000000000"/>
    <class days="0000001" id="2270" start="96" weeks="000100000000000000"/>
    <class days="0000001" id="2271" room="82" start="126" weeks="000100000000000000"/>
    <class days="0000001" id="2272" start="126" weeks="000100000000000000"/>
    <class days="0000001" id="2273" room="82" start="126" weeks="000000000000000100"/>
    <class days="0000001" id="2274" start="126" weeks="000000000000000100"/>
    <class days="0000001" id="2275" room="82" start="156" weeks="000000000000000100"/>
    <class days="0000001" id="2276" start="156" weeks="000000000000000100"/>
    <class days="0000001" id="2277" room="82" start="186" weeks="000000000000000100"/>
    <class days="0000001" id="2278" start="186" weeks="000000000000000100"/>
    <class days="0000001" id="2279" room="82" start="136" weeks="000000000001000000"/>
    <class days="0000001" id="2280" start="136" weeks="000000000001000000"/>
    <class days="0000001" id="2281" room="82" start="106" weeks="000000000001000000"/>
    <class days="0000001" id="2282" start="106" weeks="000000000001000000"/>
    <class days="0000001" id="2283" room="82" start="186" weeks="000000000001000000"/>
    <class days="0000001" id="2284" start="186" weeks="000000000001000000"/>
    <class days="0000001" id="2285" room="82" start="136" weeks="000000001000000000"/>
    <class days="0000001" id="2286" start="136" weeks="000000001000000000"/>
    <class days="0000001" id="2287" room="82" start="166" weeks="000000001000000000"/>
    <class days="0000001" id="2288" start="166" weeks="000000001000000000"/>
    <class days="0000001" id="2289" room="82" start="106" weeks="000000001000000000"/>
    <class days="0000001" id="2290" start="106" weeks="000000001000000000"/>
    <class days="0000001" id="2291" room="200" start="96" weeks="010000000000000000"/>
    <class days="0000001" id="2292" room="40" start="216" weeks="000000010000000000"/>
    <class days="0000001" id="2293" room="124" start="106" weeks="000000010000000000"/>
    <class days="0000001" id="2294" room="133" start="166" weeks="000000010000000000"/>
    <class days="0000001" id="2295" room="133" start="216" weeks="000001000000000000"/>
    <class days="0000001" id="2296" room="124" start="106" weeks="000001000000000000"/>
    <class days="0000001" id="2297" room="113" start="146" weeks="000001000000000000"/>
    <class days="0000001" id="2298" room="133" start="166" weeks="000000000000000100"/>
    <class days="0000001" id="2299" room="40" start="196" weeks="000000000000000100"/>
    <class days="0000001" id="2300" room="113" start="126" weeks="000000000000000100"/>
    <class days="0000001" id="2301" room="124" start="126" weeks="000100000000000000"/>
    <class days="0000001" id="2302" room="113" start="126" weeks="010000000000000000"/>
    <class days="0000001" id="2303" room="40" start="126" weeks="010000000000000000"/>
    <class days="0000001" id="2304" room="124" start="136" weeks="000000000001000000"/>
    <class days="0000001" id="2305" room="133" start="96" weeks="000000000001000000"/>
    <class days="0000001" id="2306" room="124" start="176" weeks="000000000001000000"/>
    <class days="0000001" id="2307" room="40" start="96" weeks="000000000100000000"/>
    <class days="0000001" id="2308" room="40" start="176" weeks="000000000100000000"/>
    <class days="0000001" id="2309" room="113" start="216" weeks="000000000100000000"/>
    <class days="0000001" id="2310" room="127" start="196" weeks="100000000000000000"/>
    <class days="0000001" id="2311" room="80" start="186" weeks="000000100000000000"/>
    <class days="0000001" id="2312" room="113" start="106" weeks="000000000000001000"/>
    <class days="0000001" id="2313" room="119" start="186" weeks="000000000000001000"/>
    <class days="0000001" id="2314" room="124" start="96" weeks="000000000000000100"/>
    <class days="0000001" id="2315" room="124" start="146" weeks="000000000000000100"/>
    <class days="0000001" id="2316" room="128" start="146" weeks="000000000000001000"/>
    <class days="0000001" id="2317" room="124" start="146" weeks="000010000000000000"/>
    <class days="0000001" id="2318" room="124" start="156" weeks="000000100000000000"/>
    <class days="0000001" id="2319" room="124" start="106" weeks="000000100000000000"/>
    <class days="0000001" id="2320" room="124" start="176" weeks="000010000000000000"/>
    <class days="0000001" id="2321" room="124" start="216" weeks="001000000000000000"/>
    <class days="0000001" id="2322" room="124" start="106" weeks="000010000000000000"/>
    <class days="0000001" id="2323" room="124" start="166" weeks="001000000000000000"/>
    <class days="0000001" id="2324" room="124" start="206" weeks="000010000000000000"/>
    <class days="0000001" id="2325" room="119" start="146" weeks="000000000000001000"/>
    <class days="0000001" id="2326" room="124" start="146" weeks="000000000000001000"/>
    <class days="0000001" id="2327" room="124" start="176" weeks="000000000000001000"/>
    <class days="0000001" id="2328" room="124" start="216" weeks="000000000000001000"/>
    <class days="0000001" id="2329" room="124" start="96" weeks="000000000000000010"/>
    <class days="0000001" id="2330" room="124" start="216" weeks="000000000000000100"/>
    <class days="0000001" id="2331" room="124" start="176" weeks="000000000000000010"/>
    <class days="0000001" id="2332" room="119" start="216" weeks="000000000000000100"/>
    <class days="0000001" id="2333" room="119" start="216" weeks="000000001000000000"/>
    <class days="0000001" id="2334" room="124" start="186" weeks="000000001000000000"/>
    <class days="0000001" id="2335" room="124" start="96" weeks="000000001000000000"/>
    <class days="0000001" id="2336" room="124" start="156" weeks="000000001000000000"/>
    <class days="0000001" id="2337" room="127" start="186" weeks="000000000100000000"/>
    <class days="0000001" id="2338" room="80" start="186" weeks="000000000001000000"/>
    <class days="0000001" id="2339" room="80" start="206" weeks="000000010000000000"/>
    <class days="0000001" id="2340" room="200" start="236" weeks="000000001000000000"/>
    <class days="0000001" id="2341" room="200" start="206" weeks="000001000000000000"/>
    <class days="0000001" id="2342" room="277" start="106" weeks="000100000000000000"/>
    <class days="0000001" id="2343" room="144" start="96" weeks="000100000000000000"/>
    <class days="0000001" id="2344" room="144" start="186" weeks="000100000000000000"/>
    <class days="0000001" id="2345" room="144" start="106" weeks="000000000100000000"/>
    <class days="0000001" id="2346" room="290" start="116" weeks="000000000100000000"/>
    <class days="0000001" id="2347" room="144" start="146" weeks="000000000100000000"/>
    <class days="0000001" id="2348" room="286" start="166" weeks="000000001000000000"/>
    <class days="0000001" id="2349" room="286" start="96" weeks="000000001000000000"/>
    <class days="0000001" id="2350" room="83" start="176" weeks="000000001000000000"/>
    <class days="0000001" id="2351" room="290" start="126" weeks="000000010000000000"/>
    <class days="0000001" id="2352" room="276" start="176" weeks="000000010000000000"/>
    <class days="0000001" id="2353" room="286" start="96" weeks="000000010000000000"/>
    <class days="0000001" id="2354" room="83" start="116" weeks="000001000000000000"/>
    <class days="0000001" id="2355" room="82" start="176" weeks="000001000000000000"/>
    <class days="0000001" id="2356" room="144" start="136" weeks="000001000000000000"/>
    <class days="0000001" id="2357" room="83" start="136" weeks="000000000001000000"/>
    <class days="0000001" id="2358" room="144" start="136" weeks="000000000001000000"/>
    <class days="0000001" id="2359" room="83" start="106" weeks="000000000001000000"/>
    <class days="0000001" id="2360" room="80" start="206" weeks="100000000000000000"/>
    <class days="0000001" id="2361" room="78" start="206" weeks="000000100000000000"/>
    <class days="0000001" id="2362" room="78" start="186" weeks="000000000000001000"/>
    <class days="0000001" id="2363" room="290" start="166" weeks="000010000000000000"/>
    <class days="0000001" id="2364" room="290" start="96" weeks="000010000000000000"/>
    <class days="0000001" id="2365" room="83" start="136" weeks="000000100000000000"/>
    <class days="0000001" id="2366" room="82" start="166" weeks="000000100000000000"/>
    <class days="0000001" id="2367" room="276" start="166" weeks="000000001000000000"/>
    <class days="0000001" id="2368" room="290" start="126" weeks="000000001000000000"/>
    <class days="0000001" id="2369" room="290" start="96" weeks="000000000010000000"/>
    <class days="0000001" id="2370" room="82" start="156" weeks="000000000010000000"/>
    <class days="0000001" id="2371" room="82" start="116" weeks="000010000000000000"/>
    <class days="0000001" id="2372" room="82" start="166" weeks="000010000000000000"/>
    <class days="0000001" id="2373" room="290" start="116" weeks="000000100000000000"/>
    <class days="0000001" id="2374" room="277" start="146" weeks="000000100000000000"/>
    <class days="0000001" id="2375" room="127" start="186" weeks="000010000000000000"/>
    <class days="0000001" id="2376" room="127" start="96" weeks="000000100000000000"/>
    <class days="0000001" id="2377" room="127" start="96" weeks="001000000000000000"/>
    <class days="0000001" id="2378" room="127" start="116" weeks="000000000000000010"/>
    <class days="0000001" id="2379" room="127" start="216" weeks="000000001000000000"/>
    <class days="0000001" id="2380" room="127" start="116" weeks="000000000000001000"/>
    <class days="0000001" id="2381" room="83" start="206" weeks="001000000000000000"/>
    <class days="0000001" id="2382" room="80" start="186" weeks="001000000000000000"/>
    <class days="0000001" id="2383" room="144" start="166" weeks="001000000000000000"/>
    <class days="0000001" id="2384" room="200" start="236" weeks="001000000000000000"/>
    <class days="0000001" id="2385" room="124" start="136" weeks="000000100000000000"/>
    <class days="0000001" id="2386" room="119" start="186" weeks="000000100000000000"/>
    <class days="0000001" id="2387" room="200" start="236" weeks="000000100000000000"/>
    <class days="0000001" id="2388" room="77" start="166" weeks="000000100000000000"/>
    <class days="0000001" id="2389" room="83" start="206" weeks="000000000000001000"/>
    <class days="0000001" id="2390" room="82" start="166" weeks="000000000000001000"/>
    <class days="0000001" id="2391" room="80" start="96" weeks="000000000000001000"/>
    <class days="0000001" id="2392" room="144" start="186" weeks="000000000000001000"/>
    <class days="0000001" id="2393" room="290" start="216" weeks="000000000000000100"/>
    <class days="0000001" id="2394" room="80" start="126" weeks="000000000000000100"/>
    <class days="0000001" id="2395" room="200" start="96" weeks="000000000000000100"/>
    <class days="0000001" id="2396" room="276" start="166" weeks="000000000000000100"/>
    <class days="0000001" id="2397" room="189" start="216" weeks="100000000000000000"/>
    <class days="0000001" id="2398" room="189" start="126" weeks="000001000000000000"/>
    <class days="0000001" id="2399" room="78" start="186" weeks="000001000000000000"/>
    <class days="0000001" id="2400" room="113" start="196" weeks="000100000000000000"/>
    <class days="0000001" id="2401" room="80" start="126" weeks="000100000000000000"/>
    <class days="0000001" id="2402" room="189" start="176" weeks="000000000000000100"/>
    <class days="0000001" id="2403" room="189" start="166" weeks="100000000000000000"/>
    <class days="0000001" id="2404" room="200" start="96" weeks="000000000100000000"/>
    <class days="0000001" id="2405" room="127" start="166" weeks="000000000100000000"/>
    <class days="0000001" id="2406" room="277" start="176" weeks="000000000001000000"/>
    <class days="0000001" id="2407" room="290" start="196" weeks="000000000001000000"/>
    <class days="0000001" id="2408" room="76" start="216" weeks="000000000001000000"/>
    <class days="0000001" id="2409" room="134" start="126" weeks="000000000001000000"/>
    <class days="0000001" id="2410" room="113" start="116" weeks="000000000001000000"/>
    <class days="0000001" id="2411" room="211" start="176" weeks="000000010000000000"/>
    <class days="0000001" id="2412" room="134" start="106" weeks="000000010000000000"/>
    <class days="0000001" id="2413" room="133" start="96" weeks="000000010000000000"/>
    <class days="0000001" id="2414" room="290" start="156" weeks="010000000000000000"/>
    <class days="0000001" id="2415" room="217" start="166" weeks="010000000000000000"/>
    <class days="0000001" id="2416" room="77" start="136" weeks="010000000000000000"/>
    <class days="0000001" id="2417" room="133" start="106" weeks="010000000000000000"/>
    <class days="0000001" id="2418" room="78" start="126" weeks="000000000000000100"/>
    <class days="0000001" id="2419" room="189" start="116" weeks="000000000000000100"/>
    <class days="0000001" id="2420" room="124" start="176" weeks="000000010000000000"/>
    <class days="0000001" id="2421" room="40" start="96" weeks="000000010000000000"/>
    <class days="0000001" id="2422" room="127" start="156" weeks="000000000001000000"/>
    <class days="0000001" id="2423" room="200" start="96" weeks="000000000001000000"/>
    <class days="0000001" id="2424" room="200" start="156" weeks="010000000000000000"/>
    <class days="0000001" id="2425" room="277" start="186" weeks="000000010000000000"/>
    <class days="0000001" id="2426" room="129" start="156" weeks="010000000000000000"/>
    <class days="0000001" id="2427" room="128" start="136" weeks="010000000000000000"/>
    <class days="0000001" id="2428" room="129" start="116" weeks="100000000000000000"/>
    <class days="0000001" id="2429" room="217" start="186" weeks="100000000000000000"/>
    <class days="0000001" id="2430" room="113" start="176" weeks="000000000010000000"/>
    <class days="0000001" id="2431" room="127" start="136" weeks="000000100000000000"/>
    <class days="0000001" id="2432" room="127" start="96" weeks="100000000000000000"/>
    <class days="0000001" id="2433" room="76" start="96" weeks="000000000000001000"/>
    <class days="0000001" id="2434" room="77" start="156" weeks="000000000000001000"/>
    <class days="0000001" id="2435" room="119" start="126" weeks="000000000000001000"/>
    <class days="0000001" id="2436" room="76" start="136" weeks="000000000010000000"/>
    <class days="0000001" id="2437" room="119" start="106" weeks="000000000010000000"/>
    <class days="0000001" id="2438" room="119" start="216" weeks="000000000010000000"/>
    <class days="0000001" id="2439" room="119" start="166" weeks="000010000000000000"/>
    <class days="0000001" id="2440" room="76" start="136" weeks="000010000000000000"/>
    <class days="0000001" id="2441" room="76" start="186" weeks="000010000000000000"/>
    <class days="0000001" id="2442" room="144" start="96" weeks="000000000000000100"/>
    <class days="0000001" id="2443" room="290" start="166" weeks="000000000000000100"/>
    <class days="0000001" id="2444" room="277" start="166" weeks="000000000000000100"/>
    <class days="0000001" id="2445" room="290" start="176" weeks="100000000000000000"/>
    <class days="0000001" id="2446" room="144" start="136" weeks="100000000000000000"/>
    <class days="0000001" id="2447" room="290" start="126" weeks="100000000000000000"/>
    <class days="0000001" id="2448" room="119" start="166" weeks="000000100000000000"/>
    <class days="0000001" id="2449" room="76" start="206" weeks="000000100000000000"/>
    <class days="0000001" id="2450" room="76" start="186" weeks="000000100000000000"/>
    <class days="0000001" id="2451" room="119" start="96" weeks="000000000000000010"/>
    <class days="0000001" id="2452" room="119" start="226" weeks="000000000000000010"/>
    <class days="0000001" id="2453" room="77" start="156" weeks="000000000000000010"/>
    <class days="0000001" id="2454" room="290" start="206" weeks="000000001000000000"/>
    <class days="0000001" id="2455" room="276" start="126" weeks="000000001000000000"/>
    <class days="0000001" id="2456" room="286" start="216" weeks="000000001000000000"/>
    <class days="0000001" id="2457" room="78" start="96" weeks="100000000000000000"/>
    <class days="0000001" id="2458" room="78" start="126" weeks="000010000010000000"/>
    <class days="0000001" id="2459" room="290" start="206" weeks="000010000010000000"/>
    <class days="0000001" id="2460" room="82" start="96" weeks="000010000010000000"/>
    <class days="0000001" id="2461" room="277" start="136" weeks="000000000000000010"/>
    <class days="0000001" id="2462" room="290" start="176" weeks="000000000000000010"/>
    <class days="0000001" id="2463" room="290" start="96" weeks="000000001000000000"/>
    <class days="0000001" id="2464" room="277" start="176" weeks="000000001000000000"/>
    <class days="0000001" id="2465" room="127" start="216" weeks="010000000000000000"/>
    <class days="0000001" id="2466" room="70" start="96" weeks="000001000000000000"/>
    <class days="0000001" id="2467" room="78" start="166" weeks="010000000000000000"/>
    <class days="0000001" id="2468" room="200" start="246" weeks="000000000000000100"/>
    <class days="0000001" id="2469" room="291" start="136" weeks="000000010000000000"/>
    <class days="0000001" id="2470" room="77" start="136" weeks="000000010000000000"/>
    <class days="0000001" id="2471" room="77" start="186" weeks="000000010000000000"/>
    <class days="0000001" id="2472" room="77" start="216" weeks="000000000000000100"/>
    <class days="0000001" id="2473" room="77" start="146" weeks="000000000000000100"/>
    <class days="0000001" id="2474" room="291" start="216" weeks="000000000000000100"/>
    <class days="0000001" id="2475" room="77" start="186" weeks="000001000000000000"/>
    <class days="0000001" id="2476" room="291" start="196" weeks="000001000000000000"/>
    <class days="0000001" id="2477" room="291" start="126" weeks="000001000000000000"/>
    <class days="0000001" id="2478" room="77" start="116" weeks="000000000000000100"/>
    <class days="0000001" id="2479" room="291" start="176" weeks="000000000000000100"/>
    <class days="0000001" id="2480" room="291" start="136" weeks="000000000000000100"/>
    <class days="0000001" id="2481" room="291" start="146" weeks="000000001000000000"/>
    <class days="0000001" id="2482" room="291" start="176" weeks="000000001000000000"/>
    <class days="0000001" id="2483" room="77" start="186" weeks="000000001000000000"/>
    <class days="0000001" id="2484" room="77" start="176" weeks="000000000000000100"/>
    <class days="0000001" id="2485" room="77" start="216" weeks="000000001000000000"/>
    <class days="0000001" id="2486" room="291" start="196" weeks="000100000000000000"/>
    <class days="0000001" id="2487" room="77" start="96" weeks="000000001000000000"/>
    <class days="0000001" id="2488" room="77" start="156" weeks="000000001000000000"/>
    <class days="0000001" id="2489" room="77" start="126" weeks="000000001000000000"/>
    <class days="0000001" id="2490" room="291" start="166" weeks="000001000000000000"/>
    <class days="0000001" id="2491" room="291" start="106" weeks="000000000000000100"/>
    <class days="0000001" id="2492" room="77" start="126" weeks="000100000000000000"/>
    <class days="0000001" id="2493" room="291" start="106" weeks="000000000001000000"/>
    <class days="0000001" id="2494" room="77" start="96" weeks="000000000001000000"/>
    <class days="0000001" id="2495" room="77" start="206" weeks="000000000001000000"/>
    <class days="0000001" id="2496" room="127" start="126" weeks="100000000000000000"/>
    <class days="0000001" id="2497" room="127" start="96" weeks="000000001000000000"/>
    <class days="0000001" id="2498" room="127" start="186" weeks="000000000010000000"/>
    <class days="0000001" id="2499" room="127" start="226" weeks="001000000000000000"/>
    <class days="0000001" id="2500" room="119" start="156" weeks="000000000000000100"/>
    <class days="0000001" id="2501" room="119" start="126" weeks="000000000000000100"/>
    <class days="0000001" id="2502" room="119" start="186" weeks="000000000000000100"/>
    <class days="0000001" id="2503" room="119" start="96" weeks="000000000000000100"/>
    <class days="0000001" id="2504" room="119" start="156" weeks="000000000010000000"/>
    <class days="0000001" id="2505" room="119" start="146" weeks="000000000000000010"/>
    <class days="0000001" id="2506" room="119" start="126" weeks="000000100000000000"/>
    <class days="0000001" id="2507" room="119" start="186" weeks="001000000000000000"/>
    <class days="0000001" id="2508" room="119" start="116" weeks="001000000000000000"/>
    <class days="0000001" id="2509" room="119" start="156" weeks="001000000000000000"/>
    <class days="0000001" id="2510" room="129" start="96" weeks="001000000000000000"/>
    <class days="0000001" id="2511" room="124" start="126" weeks="001000000000000000"/>
    <class days="0000001" id="2512" room="124" start="146" weeks="000000000000000010"/>
    <class days="0000001" id="2513" room="124" start="126" weeks="000000000010000000"/>
    <class days="0000001" id="2514" room="124" start="216" weeks="000000000010000000"/>
    <class days="0000001" id="2515" room="124" start="96" weeks="000000000010000000"/>
    <class days="0000001" id="2516" room="128" start="126" weeks="000000000000000010"/>
    <class days="0000001" id="2517" room="119" start="116" weeks="000000000000000010"/>
    <class days="0000001" id="2518" room="124" start="206" weeks="000000000000000010"/>
    <class days="0000001" id="2519" room="129" start="126" weeks="000000000000000010"/>
    <class days="0000001" id="2520" room="119" start="146" weeks="000000001000000000"/>
    <class days="0000001" id="2521" room="124" start="216" weeks="000000001000000000"/>
    <class days="0000001" id="2522" room="129" start="216" weeks="000000001000000000"/>
    <class days="0000001" id="2523" room="129" start="216" weeks="000000100000000000"/>
    <class days="0000001" id="2524" start="96" weeks="000000000100000000"/>
    <class days="0000001" id="2525" start="96" weeks="000000000000000100"/>
    <class days="0000001" id="2526" start="96" weeks="000100000000000000"/>
    <class days="0000001" id="2527" start="96" weeks="000001000000000000"/>
    <class days="0000001" id="2528" start="96" weeks="100000000000000000"/>
    <class days="0000001" id="2529" room="113" start="216" weeks="000001000000000000"/>
    <class days="0000001" id="2530" room="78" start="96" weeks="000000010000000000"/>
    <class days="0000001" id="2531" room="113" start="146" weeks="000000000100000000"/>
    <class days="0000001" id="2532" room="78" start="206" weeks="000100000000000000"/>
    <class days="0000001" id="2533" room="113" start="166" weeks="000000000000000100"/>
    <class days="0000001" id="2534" room="80" start="136" weeks="000000000001000000"/>
    <class days="0000001" id="2535" room="76" start="176" weeks="000000000001000000"/>
    <class days="0000001" id="2536" room="119" start="186" weeks="000000000001000000"/>
    <class days="0000001" id="2537" room="128" start="166" weeks="000000000001000000"/>
    <class days="0000001" id="2538" room="291" start="166" weeks="000000000001000000"/>
    <class days="0000001" id="2539" room="128" start="96" weeks="000000000100000000"/>
    <class days="0000001" id="2540" room="77" start="196" weeks="000000000100000000"/>
    <class days="0000001" id="2541" room="76" start="186" weeks="000000000100000000"/>
    <class days="0000001" id="2542" room="129" start="96" weeks="000000000100000000"/>
    <class days="0000001" id="2543" room="129" start="96" weeks="000100000000000000"/>
    <class days="0000001" id="2544" room="76" start="136" weeks="000100000000000000"/>
    <class days="0000001" id="2545" room="77" start="156" weeks="000100000000000000"/>
    <class days="0000001" id="2546" room="129" start="126" weeks="000100000000000000"/>
    <class days="0000001" id="2547" room="78" start="116" weeks="000001000000000000"/>
    <class days="0000001" id="2548" room="78" start="96" weeks="000000000100000000"/>
    <class days="0000001" id="2549" room="127" start="166" weeks="010000000000000000"/>
    <class days="0000001" id="2550" room="80" start="126" weeks="100000000000000000"/>
    <class days="0000001" id="2551" room="78" start="96" weeks="000000000001000000"/>
    <class days="0000001" id="2552" room="78" start="156" weeks="000000000000000100"/>
    <class days="0000001" id="2553" room="76" start="106" weeks="000000010000000000"/>
    <class days="0000001" id="2554" room="291" start="176" weeks="000000000100000000"/>
    <class days="0000001" id="2555" room="77" start="126" weeks="000000000100000000"/>
    <class days="0000001" id="2556" room="119" start="186" weeks="000000000100000000"/>
    <class days="0000001" id="2557" room="119" start="96" weeks="000001000000000000"/>
    <class days="0000001" id="2558" room="76" start="216" weeks="000000010000000000"/>
    <class days="0000001" id="2559" room="129" start="96" weeks="000001000000000000"/>
    <class days="0000001" id="2560" room="77" start="126" weeks="000001000000000000"/>
    <class days="0000001" id="2561" room="76" start="106" weeks="000000000000000100"/>
    <class days="0000001" id="2562" room="76" start="176" weeks="000000000000000100"/>
    <class days="0000001" id="2563" room="128" start="216" weeks="000000000000000100"/>
    <class days="0000001" id="2564" room="128" start="136" weeks="000000000000000100"/>
    <class days="0000001" id="2565" room="76" start="106" weeks="000100000000000000"/>
    <class days="0000001" id="2566" room="119" start="126" weeks="000100000000000000"/>
    <class days="0000001" id="2567" room="129" start="206" weeks="000100000000000000"/>
    <class days="0000001" id="2568" room="76" start="216" weeks="000100000000000000"/>
    <class days="0000001" id="2569" room="129" start="126" weeks="010000000000000000"/>
    <class days="0000001" id="2570" room="77" start="196" weeks="010000000000000000"/>
    <class days="0000001" id="2571" room="291" start="146" weeks="010000000000000000"/>
    <class days="0000001" id="2572" room="119" start="106" weeks="010000000000000000"/>
    <class days="0000001" id="2573" room="76" start="136" weeks="000000000001000000"/>
    <class days="0000001" id="2574" room="76" start="96" weeks="000000000001000000"/>
    <class days="0000001" id="2575" room="129" start="176" weeks="000000000001000000"/>
    <class days="0000001" id="2576" room="119" start="216" weeks="000000000001000000"/>
    <class days="0000001" id="2577" room="128" start="196" weeks="010000000000000000"/>
    <class days="0000001" id="2578" room="119" start="126" weeks="000000000100000000"/>
    <class days="0000001" id="2579" room="129" start="186" weeks="000000010000000000"/>
    <class days="0000001" id="2580" room="291" start="166" weeks="000000010000000000"/>
    <class days="0000001" id="2581" room="291" start="106" weeks="010000000000000000"/>
    <class days="0000001" id="2582" room="77" start="106" weeks="010000000000000000"/>
    <class days="0000001" id="2583" room="113" start="216" weeks="000000001000000000"/>
    <class days="0000001" id="2584" room="200" start="146" weeks="000000000010000000"/>
    <class days="0000001" id="2585" room="113" start="176" weeks="001000000000000000"/>
    <class days="0000001" id="2586" room="113" start="136" weeks="000000000000001000"/>
    <class days="0000001" id="2587" room="113" start="156" weeks="100000000000000000"/>
    <class days="0000001" id="2588" room="127" start="226" weeks="000000100000000000"/>
    <class days="0000001" id="2589" room="82" start="146" weeks="001000000000000000"/>
    <class days="0000001" id="2590" room="290" start="126" weeks="001000000000000000"/>
    <class days="0000001" id="2591" room="82" start="136" weeks="001000000000000000"/>
    <class days="0000001" id="2592" room="211" start="116" weeks="001000000000000000"/>
    <class days="0000001" id="2593" room="145" start="156" weeks="000000100000000000"/>
    <class days="0000001" id="2594" room="145" start="126" weeks="000000100000000000"/>
    <class days="0000001" id="2595" room="145" start="96" weeks="000000100000000000"/>
    <class days="0000001" id="2596" room="145" start="186" weeks="000000100000000000"/>
    <class days="0000001" id="2597" room="145" start="146" weeks="000000000000000010"/>
    <class days="0000001" id="2598" room="145" start="156" weeks="000000000000000010"/>
    <class days="0000001" id="2599" room="145" start="166" weeks="000000000000000010"/>
    <class days="0000001" id="2600" room="145" start="136" weeks="000000000000000010"/>
    <class days="0000001" id="2601" room="145" start="156" weeks="000000000000001000"/>
    <class days="0000001" id="2602" room="145" start="106" weeks="000000000000001000"/>
    <class days="0000001" id="2603" room="145" start="216" weeks="000000000000001000"/>
    <class days="0000001" id="2604" room="145" start="186" weeks="000000000000001000"/>
    <class days="0000001" id="2605" room="145" start="136" weeks="000000001000000000"/>
    <class days="0000001" id="2606" room="145" start="196" weeks="000000001000000000"/>
    <class days="0000001" id="2607" room="145" start="216" weeks="000000001000000000"/>
    <class days="0000001" id="2608" room="145" start="106" weeks="000000001000000000"/>
    <class days="0000001" id="2609" room="113" start="186" weeks="000000001000000000"/>
    <class days="0000001" id="2610" room="80" start="136" weeks="000000000000000010"/>
    <class days="0000001" id="2611" room="113" start="126" weeks="001000000000000000"/>
    <class days="0000001" id="2612" room="77" start="96" weeks="000100000000000000"/>
    <class days="0000001" id="2613" room="77" start="196" weeks="000100000000000000"/>
    <class days="0000001" id="2614" room="128" start="196" weeks="000000010000000000"/>
    <class days="0000001" id="2615" room="128" start="136" weeks="000000010000000000"/>
    <class days="0000001" id="2616" room="129" start="96" weeks="000000000001000000"/>
    <class days="0000001" id="2617" room="77" start="176" weeks="000000000001000000"/>
    <class days="0000001" id="2618" room="128" start="166" weeks="000100000000000000"/>
    <class days="0000001" id="2619" room="129" start="166" weeks="000100000000000000"/>
    <class days="0000001" id="2620" room="119" start="116" weeks="000000000001000000"/>
    <class days="0000001" id="2621" room="77" start="126" weeks="000000000001000000"/>
    <class days="0000001" id="2622" room="291" start="196" weeks="000000010000000000"/>
    <class days="0000001" id="2623" room="119" start="126" weeks="000000010000000000"/>
    <class days="0000001" id="2624" room="113" start="216" weeks="100000000000000000"/>
    <class days="0000001" id="2625" room="113" start="156" weeks="000010000000000000"/>
    <class days="0000001" id="2626" room="113" start="126" weeks="000000000010000000"/>
    <class days="0000001" id="2627" room="124" start="156" weeks="000000000010000000"/>
    <class days="0000001" id="2628" room="133" start="206" weeks="000000000010000000"/>
    <class days="0000001" id="2629" room="133" start="146" weeks="000000000000000010"/>
    <class days="0000001" id="2630" room="290" start="96" weeks="000000000000000010"/>
    <class days="0000001" id="2631" room="277" start="206" weeks="000010000000000000"/>
    <class days="0000001" id="2632" room="276" start="116" weeks="000010000000000000"/>
    <class days="0000001" id="2633" room="127" start="96" weeks="000010000000000000"/>
    <class days="0000001" id="2634" room="189" start="126" weeks="000000001000000000"/>
    <class days="0000001" id="2635" room="200" start="196" weeks="100000000000000000"/>
    <class days="0000001" id="2636" room="76" start="156" weeks="000000001000000000"/>
    <class days="0000001" id="2637" room="128" start="196" weeks="000000001000000000"/>
    <class days="0000001" id="2638" room="119" start="96" weeks="000000001000000000"/>
    <class days="0000001" id="2639" room="76" start="96" weeks="000000001000000000"/>
    <class days="0000001" id="2640" room="77" start="186" weeks="000000000000000010"/>
    <class days="0000001" id="2641" room="77" start="216" weeks="000000000000000010"/>
    <class days="0000001" id="2642" room="119" start="186" weeks="000000000000000010"/>
    <class days="0000001" id="2643" room="291" start="186" weeks="000000000000000010"/>
    <class days="0000001" id="2644" room="128" start="96" weeks="000000000000000100"/>
    <class days="0000001" id="2645" room="129" start="196" weeks="000000000000000100"/>
    <class days="0000001" id="2646" room="129" start="126" weeks="000000000000000100"/>
    <class days="0000001" id="2647" room="76" start="216" weeks="000000000000000100"/>
    <class days="0000001" id="2648" room="129" start="206" weeks="000010000000000000"/>
    <class days="0000001" id="2649" room="77" start="166" weeks="000010000000000000"/>
    <class days="0000001" id="2650" room="76" start="156" weeks="000010000000000000"/>
    <class days="0000001" id="2651" room="76" start="206" weeks="000010000000000000"/>
    <class days="0000001" id="2652" room="77" start="126" weeks="001000000000000000"/>
    <class days="0000001" id="2653" room="76" start="106" weeks="001000000000000000"/>
    <class days="0000001" id="2654" room="76" start="136" weeks="001000000000000000"/>
    <class days="0000001" id="2655" room="76" start="176" weeks="001000000000000000"/>
    <class days="0000001" id="2656" room="291" start="216" weeks="000000000010000000"/>
    <class days="0000001" id="2657" room="77" start="156" weeks="000000000010000000"/>
    <class days="0000001" id="2658" room="129" start="96" weeks="000000000010000000"/>
    <class days="0000001" id="2659" room="76" start="186" weeks="000000000010000000"/>
    <class days="0000001" id="2660" room="78" start="206" weeks="000010000000000000"/>
    <class days="0000001" id="2661" room="127" start="196" weeks="100000000000000000"/>
    <class days="0000001" id="2662" room="78" start="126" weeks="100000000000000000"/>
    <class days="0000001" id="2663" room="80" start="126" weeks="000000000010000000"/>
    <class days="0000001" id="2664" room="78" start="176" weeks="001000000000000000"/>
    <class days="0000001" id="2665" room="78" start="176" weeks="000000001000000000"/>
    <class days="0000001" id="2666" room="291" start="96" weeks="001000000000000000"/>
    <class days="0000001" id="2667" room="291" start="126" weeks="001000000000000000"/>
    <class days="0000001" id="2668" room="291" start="136" weeks="000000001000000000"/>
    <class days="0000001" id="2669" room="291" start="106" weeks="000000001000000000"/>
    <class days="0000001" id="2670" room="291" start="216" weeks="000000000000001000"/>
    <class days="0000001" id="2671" room="291" start="186" weeks="000000000000001000"/>
    <class days="0000001" id="2672" room="291" start="136" weeks="000010000000000000"/>
    <class days="0000001" id="2673" room="291" start="106" weeks="000010000000000000"/>
    <class days="0000001" id="2674" room="291" start="96" weeks="100000000000000000"/>
    <class days="0000001" id="2675" room="291" start="156" weeks="100000000000000000"/>
    <class days="0000001" id="2676" room="291" start="156" weeks="000000000010000000"/>
    <class days="0000001" id="2677" room="291" start="186" weeks="000000000010000000"/>
    <class days="0000001" id="2678" room="80" start="146" weeks="001000100000001000"/>
    <class days="0000001" id="2679" room="80" start="156" weeks="100000000000000000"/>
    <class days="0000001" id="2680" room="291" start="216" weeks="000000000000000010"/>
    <class days="0000001" id="2681" room="129" start="216" weeks="000000000000000010"/>
    <class days="0000001" id="2682" room="77" start="96" weeks="001000100000001000"/>
    <class days="0000001" id="2683" room="119" start="216" weeks="001000100000001000"/>
    <class days="0000001" id="2684" room="78" start="106" weeks="000000000000000100"/>
    <class days="0000001" id="2685" room="78" start="166" weeks="100000000000000000"/>
    <class days="0000001" id="2686" room="113" start="196" weeks="000000000100000000"/>
    <class days="0000001" id="2687" room="78" start="186" weeks="100000000000000000"/>
    <class days="0000001" id="2688" room="277" start="96" weeks="000000000100000000"/>
    <class days="0000001" id="2689" room="277" start="136" weeks="000001000000000000"/>
    <class days="0000001" id="2690" room="276" start="186" weeks="000100000000000000"/>
    <class days="0000001" id="2691" room="127" start="206" weeks="000000000000000100"/>
    <class days="0000001" id="2692" room="276" start="166" weeks="000100000000000000"/>
    <class days="0000001" id="2693" room="189" start="216" weeks="000000100000000000"/>
    <class days="0000001" id="2694" room="127" start="96" weeks="000000000000000010"/>
    <class days="0000001" id="2695" room="127" start="176" weeks="100000000000000000"/>
    <class days="0000001" id="2696" room="200" start="126" weeks="001000000000000000"/>
    <class days="0000001" id="2697" room="129" start="176" weeks="000000000000000010"/>
    <class days="0000001" id="2698" room="76" start="176" weeks="000000000000000010"/>
    <class days="0000001" id="2699" room="291" start="156" weeks="000000000000000010"/>
    <class days="0000001" id="2700" room="291" start="126" weeks="000000000000000010"/>
    <class days="0000001" id="2701" room="77" start="216" weeks="000000000010000000"/>
    <class days="0000001" id="2702" room="291" start="96" weeks="000000000010000000"/>
    <class days="0000001" id="2703" room="76" start="156" weeks="000000000010000000"/>
    <class days="0000001" id="2704" room="128" start="96" weeks="000000000010000000"/>
    <class days="0000001" id="2705" room="119" start="216" weeks="000010000000000000"/>
    <class days="0000001" id="2706" room="119" start="186" weeks="000010000010000000"/>
    <class days="0000001" id="2707" room="76" start="96" weeks="000010000000000000"/>
    <class days="0000001" id="2708" room="129" start="146" weeks="000010000000000000"/>
    <class days="0000001" id="2709" room="76" start="216" weeks="000000001000000000"/>
    <class days="0000001" id="2710" room="21" start="236" weeks="000000001000000000"/>
    <class days="0000001" id="2711" room="21" start="176" weeks="000000001000000000"/>
    <class days="0000001" id="2712" room="21" start="206" weeks="000000001000000000"/>
    <class days="0000001" id="2713" room="291" start="156" weeks="001000000000000000"/>
    <class days="0000001" id="2714" room="21" start="226" weeks="001000000000000000"/>
    <class days="0000001" id="2715" room="21" start="156" weeks="001000000000000000"/>
    <class days="0000001" id="2716" room="21" start="196" weeks="001000000000000000"/>
    <class days="0000001" id="2717" room="21" start="236" weeks="000000100000000000"/>
    <class days="0000001" id="2718" room="77" start="186" weeks="000000100000000000"/>
    <class days="0000001" id="2719" room="21" start="186" weeks="000000100000000000"/>
    <class days="0000001" id="2720" room="291" start="96" weeks="000000100000000000"/>
    <class days="0000001" id="2721" room="276" start="206" weeks="001000000000000000"/>
    <class days="0000001" id="2722" room="276" start="196" weeks="000000100000000000"/>
    <class days="0000001" id="2723" room="127" start="156" weeks="000000000010000000"/>
    <class days="0000001" id="2724" room="200" start="156" weeks="001000000000000000"/>
    <class days="0000001" id="2725" room="189" start="126" weeks="000000100000000000"/>
    <class days="0000001" id="2726" room="189" start="106" weeks="000000000000001000"/>
    <class days="0000001" id="2727" room="83" start="176" weeks="000100000000000000"/>
    <class days="0000001" id="2728" room="80" start="96" weeks="000001000000000000"/>
    <class days="0000001" id="2729" room="286" start="186" weeks="000000000100000000"/>
    <class days="0000001" id="2730" room="291" start="136" weeks="000000000100000000"/>
    <class days="0000001" id="2731" room="77" start="96" weeks="000000000100000000"/>
    <class days="0000001" id="2732" room="129" start="126" weeks="000001000000000000"/>
    <class days="0000001" id="2733" room="119" start="156" weeks="000001000000000000"/>
    <class days="0000001" id="2734" room="119" start="96" weeks="000100000000000000"/>
    <class days="0000001" id="2735" room="291" start="116" weeks="000100000000000000"/>
    <class days="0000001" id="2736" room="113" start="216" weeks="000000010000000000"/>
    <class days="0000001" id="2737" room="40" start="146" weeks="000000001000000000"/>
    <class days="0000001" id="2738" room="80" start="196" weeks="010000000000000000"/>
    <class days="0000001" id="2739" room="286" start="146" weeks="000000000100000000"/>
    <class days="0000001" id="2740" room="83" start="106" weeks="000000010000000000"/>
    <class days="0000001" id="2741" room="276" start="206" weeks="000001000000000000"/>
    <class days="0000001" id="2742" room="286" start="206" weeks="001000000000000000"/>
    <class days="0000001" id="2743" room="286" start="146" weeks="001000000000000000"/>
    <class days="0000001" id="2744" room="83" start="116" weeks="100000000000000000"/>
    <class days="0000001" id="2745" room="83" start="106" weeks="000000000010000000"/>
    <class days="0000001" id="2746" room="78" start="186" weeks="000000000010000000"/>
    <class days="0000001" id="2747" room="127" start="166" weeks="001000000000000000"/>
    <class days="0000001" id="2748" room="127" start="226" weeks="000000000010000000"/>
    <class days="0000001" id="2749" room="127" start="156" weeks="100000000000000000"/>
    <class days="0000001" id="2750" room="127" start="226" weeks="100000000000000000"/>
    <class days="0000001" id="2751" room="189" start="166" weeks="000000001000000000"/>
    <class days="0000001" id="2752" room="40" start="216" weeks="000000001000000000"/>
    <class days="0000001" id="2753" room="217" start="186" weeks="000010000000000000"/>
    <class days="0000001" id="2754" room="290" start="136" weeks="000010000000000000"/>
    <class days="0000001" id="2755" room="77" start="176" weeks="000000000000001000"/>
    <class days="0000001" id="2756" room="290" start="216" weeks="000000000000001000"/>
    <class days="0000001" id="2757" start="96" weeks="000001000000000000"/>
    <class days="0000001" id="2758" room="103" start="96" weeks="000000000001000000"/>
    <class days="0000001" id="2759" room="103" start="196" weeks="000000010000000000"/>
    <class days="0000001" id="2760" room="103" start="156" weeks="000001000000000000"/>
    <class days="0000001" id="2761" room="103" start="166" weeks="000000000100000000"/>
    <class days="0000001" id="2762" room="103" start="156" weeks="000000001000000000"/>
    <class days="0000001" id="2763" room="113" start="186" weeks="100000000000000000"/>
    <class days="0000001" id="2764" room="80" start="206" weeks="000010000000000000"/>
    <class days="0000001" id="2765" room="83" start="96" weeks="001000000000000000"/>
    <class days="0000001" id="2766" room="127" start="176" weeks="000000100000000000"/>
    <class days="0000001" id="2767" room="129" start="186" weeks="000000000010000000"/>
    <class days="0000001" id="2768" room="129" start="226" weeks="000000000010000000"/>
    <class days="0000001" id="2769" room="129" start="96" weeks="000000001000000000"/>
    <class days="0000001" id="2770" room="129" start="226" weeks="000000001000000000"/>
    <class days="0000001" id="2771" room="129" start="196" weeks="000000000000001000"/>
    <class days="0000001" id="2772" room="129" start="116" weeks="000000000000001000"/>
    <class days="0000001" id="2773" room="129" start="206" weeks="000000000010000000"/>
    <class days="0000001" id="2774" room="129" start="136" weeks="000000000010000000"/>
    <class days="0000001" id="2775" room="129" start="96" weeks="000000100000000000"/>
    <class days="0000001" id="2776" room="128" start="146" weeks="000010000000000000"/>
    <class days="0000001" id="2777" room="129" start="116" weeks="000000001000000000"/>
    <class days="0000001" id="2778" room="129" start="156" weeks="100000000000000000"/>
    <class days="0000001" id="2779" room="129" start="206" weeks="001000000000000000"/>
    <class days="0000001" id="2780" room="189" start="236" weeks="100000000000000000"/>
    <class days="0000001" id="2781" room="189" start="186" weeks="000000100000000000"/>
    <class days="0000001" id="2782" room="78" start="156" weeks="000000000000001000"/>
    <class days="0000001" id="2783" room="83" start="146" weeks="000000001000000000"/>
    <class days="0000001" id="2784" room="276" start="96" weeks="000000010000000000"/>
    <class days="0000001" id="2785" room="113" start="226" weeks="000100000000000000"/>
    <class days="0000001" id="2786" room="83" start="216" weeks="000000000100000000"/>
    <class days="0000001" id="2787" room="133" start="156" weeks="000000000001000000"/>
    <class days="0000001" id="2788" room="276" start="126" weeks="000001000000000000"/>
    <class days="0000001" id="2789" room="276" start="136" weeks="000100000000000000"/>
    <class days="0000001" id="2790" room="277" start="206" weeks="000000001000000000"/>
    <class days="0000001" id="2791" room="80" start="176" weeks="000000010000000000"/>
    <class days="0000001" id="2792" room="276" start="166" weeks="100000000000000000"/>
    <class days="0000001" id="2793" room="83" start="196" weeks="000010000000000000"/>
    <class days="0000001" id="2794" room="277" start="96" weeks="000000000010000000"/>
    <class days="0000001" id="2795" room="128" start="156" weeks="000000000010000000"/>
    <class days="0000001" id="2796" room="77" start="96" weeks="100000000000000000"/>
    <class days="0000001" id="2797" room="77" start="126" weeks="000010000000000000"/>
    <class days="0000001" id="2798" room="277" start="156" weeks="100000000000000000"/>
    <class days="0000001" id="2799" room="277" start="126" weeks="000000000010000000"/>
    <class days="0000001" id="2800" room="40" start="136" weeks="000010000000000000"/>
    <class days="0000001" id="2801" room="277" start="126" weeks="000000001000000000"/>
    <class days="0000001" id="2802" room="78" start="96" weeks="000000000010000000"/>
    <class days="0000001" id="2803" room="277" start="196" weeks="000000100000000000"/>
    <class days="0000001" id="2804" room="127" start="216" weeks="000010000000000000"/>
    <class days="0000001" id="2805" room="276" start="96" weeks="000000001000000000"/>
    <class days="0000001" id="2806" room="113" start="226" weeks="000000100000000000"/>
    <class days="0000001" id="2807" room="78" start="136" weeks="000000100000000000"/>
    <class days="0000001" id="2808" room="127" start="166" weeks="000010000000000000"/>
    <class days="0000001" id="2809" room="276" start="206" weeks="000000000010000000"/>
    <class days="0000001" id="2810" room="144" start="186" weeks="000000001000000000"/>
    <class days="0000001" id="2811" room="124" start="96" weeks="000000000000001000"/>
    <class days="0000001" id="2812" room="40" start="166" weeks="000000100000000000"/>
    <class days="0000001" id="2813" room="127" start="96" weeks="000000010000000000"/>
    <class days="0000001" id="2814" room="200" start="146" weeks="000000000100000000"/>
    <class days="0000001" id="2815" room="128" start="96" weeks="000100000000000000"/>
    <class days="0000001" id="2816" room="80" start="176" weeks="010000000000000000"/>
    <class days="0000001" id="2817" room="127" start="216" weeks="000100000000000000"/>
    <class days="0000001" id="2818" room="189" start="236" weeks="000000001000000000"/>
    <class days="0000001" id="2819" room="78" start="146" weeks="000000000001000000"/>
    <class days="0000001" id="2820" room="200" start="146" weeks="000000010000000000"/>
    <class days="0000001" id="2821" room="80" start="96" weeks="010000000000000000"/>
    <class days="0000001" id="2822" room="119" start="206" weeks="010000000000000000"/>
    <class days="0000001" id="2823" room="128" start="106" weeks="000000000001000000"/>
    <class days="0000001" id="2824" room="80" start="166" weeks="100000000000000000"/>
    <class days="0000001" id="2825" room="127" start="176" weeks="000000001000000000"/>
    <class days="0000001" id="2826" room="286" start="216" weeks="000010000000000000"/>
    <class days="0000001" id="2827" room="189" start="186" weeks="000010000000000000"/>
    <class days="0000001" id="2828" room="144" start="106" weeks="000000001000000000"/>
    <class days="0000001" id="2829" room="276" start="126" weeks="000000000000001000"/>
    <class days="0000001" id="2830" room="113" start="166" weeks="000000000001000000"/>
    <class days="0000001" id="2831" room="276" start="146" weeks="010000000000000000"/>
    <class days="0000001" id="2832" room="286" start="146" weeks="000000010000000000"/>
    <class days="0000001" id="2833" room="127" start="216" weeks="000000000100000000"/>
    <class days="0000001" id="2834" room="78" start="96" weeks="000100000000000000"/>
    <class days="0000001" id="2835" room="286" start="156" weeks="000001000000000000"/>
    <class days="0000001" id="2836" room="119" start="176" weeks="000100000000000000"/>
    <class days="0000001" id="2837" room="129" start="196" weeks="010000000000000000"/>
    <class days="0000001" id="2838" room="128" start="196" weeks="000000000001000000"/>
    <class days="0000001" id="2839" room="128" start="96" weeks="000000010000000000"/>
    <class days="0000001" id="2840" room="129" start="126" weeks="000000000100000000"/>
    <class days="0000001" id="2841" room="119" start="186" weeks="000001000000000000"/>
    <class days="0000001" id="2842" room="133" start="106" weeks="000000000100000000"/>
    <class days="0000001" id="2843" room="113" start="186" weeks="000001000000000000"/>
    <class days="0000001" id="2844" room="80" start="96" weeks="000100000000000000"/>
    <class days="0000001" id="2845" room="128" start="216" weeks="000100000000000000"/>
    <class days="0000001" id="2846" room="76" start="186" weeks="000100000000000000"/>
    <class days="0000001" id="2847" room="119" start="216" weeks="000000000100000000"/>
    <class days="0000001" id="2848" room="129" start="156" weeks="000000000100000000"/>
    <class days="0000001" id="2849" room="76" start="216" weeks="000001000000000000"/>
    <class days="0000001" id="2850" room="76" start="116" weeks="000001000000000000"/>
    <class days="0000001" id="2851" room="80" start="106" weeks="000000001000000000"/>
    <class days="0000001" id="2852" room="83" start="186" weeks="000000010000000000"/>
    <class days="0000001" id="2853" room="78" start="106" weeks="010000000000000000"/>
    <class days="0000001" id="2854" room="276" start="206" weeks="000000000100000000"/>
    <class days="0000001" id="2855" room="217" start="186" weeks="000000000001000000"/>
    <class days="0000001" id="2856" room="189" start="196" weeks="000000001000000000"/>
    <class days="0000001" id="2857" room="103" start="96" weeks="000001000000000000"/>
    <class days="0000001" id="2858" room="144" start="216" weeks="000010000000000000"/>
    <class days="0000001" id="2859" room="113" start="186" weeks="000010000000000000"/>
    <class days="0000001" id="2860" room="78" start="136" weeks="000000001000000000"/>
    <class days="0000001" id="2861" room="286" start="136" weeks="000000001000000000"/>
    <class days="0000001" id="2862" room="82" start="206" weeks="100000000000000000"/>
    <class days="0000001" id="2863" room="82" start="136" weeks="100000000000000000"/>
    <class days="0000001" id="2864" room="290" start="96" weeks="001000000000000000"/>
    <class days="0000001" id="2865" room="144" start="126" weeks="001000000000000000"/>
    <class days="0000001" id="2866" room="82" start="186" weeks="000000000000001000"/>
    <class days="0000001" id="2867" room="133" start="216" weeks="000000000000001000"/>
    <class days="0000001" id="2868" room="290" start="216" weeks="000000000000000010"/>
    <class days="0000001" id="2869" room="80" start="206" weeks="000000000000000010"/>
    <class days="0000001" id="2870" room="80" start="96" weeks="000000100000000000"/>
    <class days="0000001" id="2871" room="276" start="96" weeks="000000000000001000"/>
    <class days="0000001" id="2872" room="113" start="126" weeks="100000000000000000"/>
    <class days="0000001" id="2873" room="290" start="146" weeks="000100000000000000"/>
    <class days="0000001" id="2874" room="200" start="96" weeks="000000010000000000"/>
    <class days="0000001" id="2875" room="200" start="106" weeks="000000001000000000"/>
    <class days="0000001" id="2876" room="80" start="136" weeks="000000001000000000"/>
    <class days="0000001" id="2877" room="83" start="136" weeks="000000010000000000"/>
    <class days="0000001" id="2878" room="80" start="186" weeks="000100000000000000"/>
    <class days="0000001" id="2879" room="78" start="206" weeks="000001000000000000"/>
    <class days="0000001" id="2880" room="113" start="106" weeks="000000000100000000"/>
    <class days="0000001" id="2881" room="133" start="196" weeks="000000000001000000"/>
    <class days="0000001" id="2882" room="72" start="156" weeks="010000000000000000"/>
    <class days="0000001" id="2883" room="277" start="156" weeks="000000010000000000"/>
    <class days="0000001" id="2884" room="80" start="206" weeks="000000001000000000"/>
    <class days="0000001" id="2885" room="77" start="216" weeks="000000010000000000"/>
    <class days="0000001" id="2886" room="76" start="196" weeks="010000000000000000"/>
    <class days="0000001" id="2887" room="76" start="126" weeks="000000001000000000"/>
    <class days="0000001" id="2888" room="276" start="206" weeks="000010000000000000"/>
    <class days="0000001" id="2889" room="113" start="166" weeks="000000100000000000"/>
    <class days="0000001" id="2890" room="127" start="136" weeks="001000000000000000"/>
    <class days="0000001" id="2891" room="277" start="96" weeks="100000000000000000"/>
    <class days="0000001" id="2892" room="83" start="136" weeks="100000000000000000"/>
    <class days="0000001" id="2893" room="133" start="96" weeks="000000000010000000"/>
    <class days="0000001" id="2894" room="113" start="186" weeks="000000000000000010"/>
    <class days="0000001" id="2895" room="129" start="96" weeks="000000000000000010"/>
    <class days="0000001" id="2896" room="76" start="96" weeks="000000000000000010"/>
    <class days="0000001" id="2897" room="128" start="96" weeks="000000000000000010"/>
    <class days="0000001" id="2898" room="119" start="136" weeks="000010000000000000"/>
    <class days="0000001" id="2899" room="128" start="116" weeks="000010000000000000"/>
    <class days="0000001" id="2900" room="129" start="96" weeks="000010000000000000"/>
    <class days="0000001" id="2901" room="128" start="216" weeks="100000000000000000"/>
    <class days="0000001" id="2902" room="76" start="196" weeks="100000000000000000"/>
    <class days="0000001" id="2903" room="77" start="206" weeks="100000000000000000"/>
    <class days="0000001" id="2904" room="291" start="216" weeks="001000000000000000"/>
    <class days="0000001" id="2905" room="76" start="206" weeks="001000000000000000"/>
    <class days="0000001" id="2906" room="291" start="186" weeks="001000000000000000"/>
    <class days="0000001" id="2907" room="128" start="96" weeks="000000001000000000"/>
    <class days="0000001" id="2908" room="76" start="136" weeks="000000100000000000"/>
    <class days="0000001" id="2909" room="76" start="106" weeks="000000100000000000"/>
    <class days="0000001" id="2910" room="291" start="216" weeks="000000001000000000"/>
    <class days="0000001" id="2911" room="128" start="126" weeks="000000001000000000"/>
    <class days="0000001" id="2912" room="119" start="176" weeks="000000001000000000"/>
    <class days="0000001" id="2913" room="128" start="196" weeks="000000100000000000"/>
    <class days="0000001" id="2914" room="77" start="126" weeks="000000100000000000"/>
    <class days="0000001" id="2915" room="119" start="96" weeks="000000100000000000"/>
    <class days="0000001" id="2916" room="119" start="96" weeks="000000000000001000"/>
    <class days="0000001" id="2917" room="129" start="216" weeks="000000000000001000"/>
    <class days="0000001" id="2918" room="76" start="186" weeks="000000000000001000"/>
    <class days="0000001" id="2919" room="3" start="146" weeks="000000000010000000"/>
    <class days="0000001" id="2920" room="77" start="126" weeks="000000000010000000"/>
    <class days="0000001" id="2921" room="76" start="216" weeks="000000000010000000"/>
    <class days="0000001" id="2922" room="83" start="116" weeks="000010000000000000"/>
    <class days="0000001" id="2923" room="286" start="106" weeks="000000100000000000"/>
    <class days="0000001" id="2924" room="40" start="176" weeks="000010000000000000"/>
    <class days="0000001" id="2925" room="133" start="226" weeks="000000001000000000"/>
    <class days="0000001" id="2926" room="83" start="176" weeks="000000000010000000"/>
    <class days="0000001" id="2927" room="78" start="96" weeks="001000000000000000"/>
    <class days="0000001" id="2928" room="133" start="136" weeks="000000100000000000"/>
    <class days="0000001" id="2929" room="80" start="156" weeks="000010000000000000"/>
    <class days="0000001" id="2930" room="83" start="206" weeks="000000001000000000"/>
    <class days="0000001" id="2931" room="127" start="226" weeks="000000000000001000"/>
    <class days="0000001" id="2932" room="133" start="216" weeks="000000000000000010"/>
    <class days="0000001" id="2933" room="113" start="156" weeks="000000000010000000"/>
    <class days="0000001" id="2934" room="133" start="126" weeks="000000000010000000"/>
    <class days="0000001" id="2935" room="200" start="196" weeks="000000000010000000"/>
    <class days="0000001" id="2936" room="217" start="196" weeks="000000000010000000"/>
    <class days="0000001" id="2937" room="189" start="96" weeks="000000001000000000"/>
    <class days="0000001" id="2938" room="211" start="156" weeks="000000001000000000"/>
    <class days="0000001" id="2939" room="134" start="166" weeks="000000001000000000"/>
    <class days="0000001" id="2940" room="200" start="106" weeks="000000000000001000"/>
    <class days="0000001" id="2941" room="83" start="96" weeks="000000000000001000"/>
    <class days="0000001" id="2942" room="277" start="166" weeks="000000000000001000"/>
    <class days="0000001" id="2943" room="211" start="176" weeks="000000100000000000"/>
    <class days="0000001" id="2944" room="82" start="196" weeks="000000100000000000"/>
    <class days="0000001" id="2945" room="200" start="196" weeks="000000100000000000"/>
    <class days="0000001" id="2946" room="127" start="176" weeks="000000000000000010"/>
    <class days="0000001" id="2947" room="276" start="176" weeks="000000000000000010"/>
    <class days="0000001" id="2948" room="134" start="126" weeks="000000000000000010"/>
    <class days="0000001" id="2949" room="211" start="166" weeks="001000000000000000"/>
    <class days="0000001" id="2950" room="189" start="146" weeks="001000000000000000"/>
    <class days="0000001" id="2951" room="134" start="126" weeks="001000000000000000"/>
    <class days="0000001" id="2952" room="78" start="136" weeks="001000000000000000"/>
    <class days="0000001" id="2953" room="286" start="156" weeks="000000000000000010"/>
    <class days="0000001" id="2954" room="127" start="126" weeks="000000001000000000"/>
    <class days="0000001" id="2955" room="291" start="126" weeks="000000000000001000"/>
    <class days="0000001" id="2956" room="291" start="156" weeks="000000000000001000"/>
    <class days="0000001" id="2957" room="76" start="216" weeks="000000000000001000"/>
    <class days="0000001" id="2958" room="291" start="96" weeks="000000000000000010"/>
    <class days="0000001" id="2959" room="76" start="216" weeks="000000000000000010"/>
    <class days="0000001" id="2960" room="76" start="96" weeks="000000000010000000"/>
    <class days="0000001" id="2961" room="291" start="196" weeks="000010000000000000"/>
    <class days="0000001" id="2962" room="291" start="166" weeks="000010000000000000"/>
    <class days="0000001" id="2963" room="119" start="106" weeks="000010000000000000"/>
    <class days="0000001" id="2964" room="127" start="196" weeks="000000100000000000"/>
    <class days="0000001" id="2965" room="133" start="106" weeks="000000001000000000"/>
    <class days="0000001" id="2966" room="133" start="216" weeks="000010000000000000"/>
    <class days="0000001" id="2967" room="276" start="186" weeks="001000000000000000"/>
    <class days="0000001" id="2968" room="40" start="136" weeks="001000000000000000"/>
    <class days="0000001" id="2969" room="83" start="146" weeks="000000000010000000"/>
    <class days="0000001" id="2970" room="133" start="196" weeks="000000000000000010"/>
    <class days="0000001" id="2971" room="133" start="216" weeks="001000000000000000"/>
    <class days="0000001" id="2972" room="144" start="216" weeks="001000000000000000"/>
    <class days="0000001" id="2973" room="200" start="156" weeks="000010000000000000"/>
    <class days="0000001" id="2974" room="144" start="176" weeks="000010000000000000"/>
    <class days="0000001" id="2975" room="82" start="116" weeks="000000100000000000"/>
    <class days="0000001" id="2976" room="80" start="176" weeks="000000001000000000"/>
    <class days="0000001" id="2977" room="144" start="166" weeks="000000000000000010"/>
    <class days="0000001" id="2978" room="82" start="166" weeks="000000000000000010"/>
    <class days="0000001" id="2979" room="290" start="156" weeks="000000001000000000"/>
    <class days="0000001" id="2980" room="217" start="186" weeks="000000001000000000"/>
    <class days="0000001" id="2981" room="82" start="116" weeks="000000000010000000"/>
    <class days="0000001" id="2982" room="70" start="96" weeks="000000000010000000"/>
    <class days="0000001" id="2983" room="127" start="186" weeks="000100000000000000"/>
    <class days="0000001" id="2984" room="113" start="96" weeks="000001000000000000"/>
    <class days="0000001" id="2985" room="127" start="196" weeks="000000000001000000"/>
    <class days="0000001" id="2986" room="80" start="186" weeks="000000000100000000"/>
    <class days="0000001" id="2987" room="277" start="96" weeks="000000001000000000"/>
    <class days="0000001" id="2988" room="276" start="156" weeks="000000000100000000"/>
    <class days="0000001" id="2989" room="291" start="136" weeks="000000000001000000"/>
    <class days="0000001" id="2990" room="76" start="186" weeks="000000001000000000"/>
    <class days="0000001" id="2991" room="119" start="216" weeks="000001000000000000"/>
    <class days="0000001" id="2992" room="286" start="106" weeks="000000000100000000"/>
    <class days="0000001" id="2993" room="80" start="156" weeks="010000000000000000"/>
    <class days="0000001" id="2994" room="78" start="136" weeks="000100000000000000"/>
    <class days="0000001" id="2995" room="276" start="156" weeks="000000010000000000"/>
    <class days="0000001" id="2996" room="286" start="176" weeks="000000010000000000"/>
    <class days="0000001" id="2997" room="290" start="106" weeks="000100000000000000"/>
    <class days="0000001" id="2998" room="82" start="216" weeks="000000000001000000"/>
    <class days="0000001" id="2999" room="80" start="126" weeks="010000000000000000"/>
    <class days="0000001" id="3000" room="127" start="196" weeks="000000010000000000"/>
    <class days="0000001" id="3001" room="129" start="136" weeks="000000000001000000"/>
    <class days="0000001" id="3002" room="77" start="96" weeks="000001000000000000"/>
    <class days="0000001" id="3003" room="276" start="146" weeks="000000000000000010"/>
    <class days="0000001" id="3004" room="83" start="96" weeks="000000001000000000"/>
    <class days="0000001" id="3005" room="277" start="106" weeks="001000000000000000"/>
    <class days="0000001" id="3006" room="129" start="106" weeks="000000010000000000"/>
    <class days="0000001" id="3007" room="128" start="126" weeks="100000000000000000"/>
    <class days="0000001" id="3008" room="290" start="206" weeks="000000010000000000"/>
    <class days="0000001" id="3009" room="290" start="156" weeks="100000000000000000"/>
    <class days="0000001" id="3010" room="129" start="226" weeks="010000000000000000"/>
    <class days="0000001" id="3011" room="76" start="176" weeks="010000000000000000"/>
    <class days="0000001" id="3012" room="128" start="136" weeks="000000000001000000"/>
    <class days="0000001" id="3013" room="76" start="216" weeks="000000000100000000"/>
    <class days="0000001" id="3014" room="124" start="196" weeks="000001000000000000"/>
    <class days="0000001" id="3015" room="82" start="116" weeks="000001000000000000"/>
    <class days="0000001" id="3016" room="83" start="96" weeks="000000000000000100"/>
    <class days="0000001" id="3017" room="290" start="166" weeks="000000000100000000"/>
    <class days="0000001" id="3018" room="276" start="96" weeks="000000000001000000"/>
    <class days="0000001" id="3019" room="133" start="146" weeks="010000000000000000"/>
    <class days="0000001" id="3020" room="40" start="156" weeks="000000010000000000"/>
    <class days="0000001" id="3021" room="144" start="96" weeks="010000000000000000"/>
    <class days="0000001" id="3022" room="144" start="216" weeks="100000000000000000"/>
    <class days="0000001" id="3023" room="124" start="106" weeks="100000000000000000"/>
    <class days="0000001" id="3024" room="40" start="196" weeks="010000000000000000"/>
    <class days="0000001" id="3025" room="286" start="216" weeks="000000010000000000"/>
    <class days="0000001" id="3026" room="133" start="96" weeks="100000000000000000"/>
    <class days="0000001" id="3027" room="133" start="116" weeks="100000000000000000"/>
    <class days="0000001" id="3028" room="78" start="156" weeks="000000010000000000"/>
    <class days="0000001" id="3029" room="78" start="176" weeks="000000000001000000"/>
    <class days="0000001" id="3030" room="277" start="176" weeks="000100000000000000"/>
    <class days="0000001" id="3031" room="78" start="176" weeks="000000010000000000"/>
    <class days="0000001" id="3032" room="80" start="96" weeks="000010000000000000"/>
    <class days="0000001" id="3033" room="70" start="96" weeks="100000000000000000"/>
    <class days="0000001" id="3034" room="40" start="156" weeks="001000000000000000"/>
    <class days="0000001" id="3035" room="113" start="226" weeks="000000000000000010"/>
    <class days="0000001" id="3036" room="133" start="186" weeks="000000000000001000"/>
    <class days="0000001" id="3037" room="124" start="226" weeks="000000100000000000"/>
    <class days="0000001" id="3038" room="200" start="196" weeks="000000001000000000"/>
    <class days="0000001" id="3039" room="217" start="176" weeks="000000000010000000"/>
    <class days="0000001" id="3040" room="134" start="196" weeks="000000001000000000"/>
    <class days="0000001" id="3041" room="133" start="96" weeks="001000000000000000"/>
    <class days="0000001" id="3042" room="189" start="236" weeks="001000000000000000"/>
    <class days="0000001" id="3043" room="134" start="246" weeks="001000000000000000"/>
    <class days="0000001" id="3044" room="277" start="96" weeks="000000000000000010"/>
    <class days="0000001" id="3045" room="200" start="156" weeks="000000000000000010"/>
    <class days="0000001" id="3046" room="134" start="196" weeks="000000000000000010"/>
    <class days="0000001" id="3047" room="211" start="196" weeks="000000000010000000"/>
    <class days="0000001" id="3048" room="40" start="116" weeks="000000000010000000"/>
    <class days="0000001" id="3049" room="200" start="246" weeks="000000000010000000"/>
    <class days="0000001" id="3050" room="134" start="206" weeks="001000000000000000"/>
    <class days="0000001" id="3051" room="211" start="96" weeks="001000000000000000"/>
    <class days="0000001" id="3052" room="83" start="226" weeks="001000000000000000"/>
    <class days="0000001" id="3053" room="277" start="186" weeks="000000000000000010"/>
    <class days="0000001" id="3054" room="40" start="106" weeks="000000000000000010"/>
    <class days="0000001" id="3055" room="276" start="166" weeks="000000000000001000"/>
    <class days="0000001" id="3056" room="133" start="166" weeks="000000001000000000"/>
    <class days="0000001" id="3057" room="133" start="96" weeks="000000000000001000"/>
    <class days="0000001" id="3058" room="113" start="106" weeks="000000000010000000"/>
    <class days="0000001" id="3059" room="78" start="206" weeks="000000001000000000"/>
    <class days="0000001" id="3060" room="277" start="106" weeks="000010000000000000"/>
    <class days="0000001" id="3061" room="276" start="126" weeks="000000000010000000"/>
    <class days="0000001" id="3062" room="133" start="186" weeks="100000000000000000"/>
    <class days="0000001" id="3063" room="276" start="96" weeks="001000000000000000"/>
    <class days="0000001" id="3064" room="139" start="196" weeks="000000000010000000"/>
    <class days="0000001" id="3065" room="139" start="156" weeks="000000000010000000"/>
    <class days="0000001" id="3066" room="139" start="186" weeks="001000000000000000"/>
    <class days="0000001" id="3067" room="139" start="146" weeks="000000100000000000"/>
    <class days="0000001" id="3068" room="139" start="216" weeks="001000000000000000"/>
    <class days="0000001" id="3069" room="139" start="146" weeks="001000000000000000"/>
    <class days="0000001" id="3070" room="139" start="206" weeks="000000000000000010"/>
    <class days="0000001" id="3071" room="139" start="156" weeks="000000000000000010"/>
    <class days="0000001" id="3072" room="139" start="196" weeks="000000000000001000"/>
    <class days="0000001" id="3073" room="139" start="126" weeks="000000000000001000"/>
    <class days="0000001" id="3074" room="290" start="166" weeks="001000000000000000"/>
    <class days="0000001" id="3075" room="83" start="136" weeks="000000000000000010"/>
    <class days="0000001" id="3076" room="113" start="136" weeks="000000001000000000"/>
    <class days="0000001" id="3077" room="144" start="216" weeks="000000000000001000"/>
    <class days="0000001" id="3078" room="119" start="126" weeks="000000000010000000"/>
    <class days="0000001" id="3079" room="291" start="146" weeks="000000100000000000"/>
    <class days="0000001" id="3080" room="77" start="216" weeks="000000000000001000"/>
    <class days="0000001" id="3081" room="77" start="216" weeks="001000000000000000"/>
    <class days="0000001" id="3082" room="77" start="126" weeks="000000000000001000"/>
    <class days="0000001" id="3083" room="113" start="166" weeks="000000001000000000"/>
    <class days="0000001" id="3084" room="83" start="186" weeks="100000000000000000"/>
    <class days="0000001" id="3085" room="277" start="146" weeks="000010000000000000"/>
    <class days="0000001" id="3086" room="40" start="166" weeks="100000000000000000"/>
    <class days="0000001" id="3087" room="40" start="126" weeks="000000001000000000"/>
    <class days="0000001" id="3088" room="290" start="186" weeks="000000001000000000"/>
    <class days="0000001" id="3089" room="286" start="186" weeks="000000000010000000"/>
    <class days="0000001" id="3090" room="276" start="96" weeks="000010000010000000"/>
    <class days="0000001" id="3091" room="286" start="96" weeks="010000000000000000"/>
    <class days="0000001" id="3092" room="40" start="156" weeks="000000000000000100"/>
    <class days="0000001" id="3093" room="286" start="216" weeks="000001000000000000"/>
    <class days="0000001" id="3094" room="133" start="176" weeks="000000000100000000"/>
    <class days="0000001" id="3095" room="286" start="106" weeks="000100000000000000"/>
    <class days="0000001" id="3096" room="40" start="206" weeks="100000000000000000"/>
    <class days="0000001" id="3097" room="40" start="106" weeks="100000000000000000"/>
    <class days="0000001" id="3098" room="139" start="186" weeks="000100000000000000"/>
    <class days="0000001" id="3099" room="139" start="136" weeks="000100000000000000"/>
    <class days="0000001" id="3100" room="139" start="106" weeks="000000010000000000"/>
    <class days="0000001" id="3101" room="139" start="166" weeks="000000010000000000"/>
    <class days="0000001" id="3102" room="139" start="146" weeks="000001000000000000"/>
    <class days="0000001" id="3103" room="139" start="106" weeks="000001000000000000"/>
    <class days="0000001" id="3104" room="139" start="136" weeks="000000000100000000"/>
    <class days="0000001" id="3105" room="139" start="106" weeks="000000000100000000"/>
    <class days="0000001" id="3106" room="139" start="126" weeks="000000000001000000"/>
    <class days="0000001" id="3107" room="139" start="196" weeks="000000000001000000"/>
    <class days="0000001" id="3108" room="40" start="156" weeks="000100000000000000"/>
    <class days="0000001" id="3109" room="276" start="216" weeks="000000000001000000"/>
    <class days="0000001" id="3110" room="144" start="206" weeks="010000000000000000"/>
    <class days="0000001" id="3111" room="92" start="166" weeks="000010000000000000"/>
    <class days="0000001" id="3112" room="92" start="246" weeks="000000001000000000"/>
    <class days="0000001" id="3113" room="92" start="206" weeks="000000100000000000"/>
    <class days="0000001" id="3114" room="92" start="176" weeks="000000000000001000"/>
    <class days="0000001" id="3115" room="92" start="106" weeks="000000000010000000"/>
    <class days="0000001" id="3116" room="92" start="126" weeks="010000000000000000"/>
    <class days="0000001" id="3117" room="92" start="246" weeks="000100000000000000"/>
    <class days="0000001" id="3118" room="92" start="226" weeks="010000000000000000"/>
    <class days="0000001" id="3119" room="92" start="206" weeks="000001000000000000"/>
    <class days="0000001" id="3120" room="92" start="146" weeks="000000000001000000"/>
    <class days="0000001" id="3121" room="92" start="146" weeks="000000000100000000"/>
    <class days="0000001" id="3122" room="92" start="216" weeks="000000000100000000"/>
    <class days="0000001" id="3123" room="92" start="176" weeks="000100000000000000"/>
    <class days="0000001" id="3124" room="92" start="176" weeks="000000000000000100"/>
    <class days="0000001" id="3125" room="92" start="166" weeks="000001000000000000"/>
    <class days="0000001" id="3126" room="92" start="176" weeks="000000000001000000"/>
    <class days="0000001" id="3127" room="113" start="216" weeks="000010000010000000"/>
    <class days="0000001" id="3128" room="276" start="96" weeks="100000000000000000"/>
    <class days="0000001" id="3129" room="277" start="186" weeks="100000000000000000"/>
    <class days="0000001" id="3130" room="129" start="156" weeks="000000000010000000"/>
    <class days="0000001" id="3131" room="128" start="166" weeks="000010000000000000"/>
    <class days="0000001" id="3132" room="77" start="96" weeks="000000000000000010"/>
    <class days="0000001" id="3133" room="286" start="176" weeks="100000000000000000"/>
    <class days="0000001" id="3134" room="276" start="126" weeks="000000100000000000"/>
    <class days="0000001" id="3135" room="83" start="206" weeks="100000000000000000"/>
    <class days="0000001" id="3136" room="78" start="166" weeks="000000100000000000"/>
    <class days="0000001" id="3137" room="40" start="226" weeks="100000000000000000"/>
    <class days="0000001" id="3138" room="200" start="236" weeks="100000000000000000"/>
    <class days="0000001" id="3139" room="189" start="106" weeks="000010000000000000"/>
    <class days="0000001" id="3140" room="113" start="136" weeks="000000000000000010"/>
    <class days="0000001" id="3141" room="189" start="196" weeks="100000000000000000"/>
    <class days="0000001" id="3142" room="113" start="226" weeks="000000000000001000"/>
    <class days="0000001" id="3143" room="78" start="166" weeks="000010000000000000"/>
    <class days="0000001" id="3144" room="200" start="186" weeks="000000000000000010"/>
    <class days="0000001" id="3145" room="286" start="146" weeks="000010000000000000"/>
    <class days="0000001" id="3146" room="276" start="156" weeks="001000000000000000"/>
    <class days="0000001" id="3147" room="113" start="136" weeks="000000100000000000"/>
    <class days="0000001" id="3148" room="83" start="106" weeks="000000100000000000"/>
    <class days="0000001" id="3149" room="286" start="136" weeks="000000000000001000"/>
    <class days="0000001" id="3150" room="286" start="96" weeks="000000000000000010"/>
    <class days="0000001" id="3151" room="277" start="106" weeks="000000000000001000"/>
    <class days="0000001" id="3152" room="286" start="106" weeks="000000000010000000"/>
    <class days="0000001" id="3153" room="277" start="206" weeks="100000000000000000"/>
    <class days="0000001" id="3154" room="80" start="156" weeks="000000000010000000"/>
    <class days="0000001" id="3155" room="117" start="206" weeks="001000100000001000"/>
    <class days="0000001" id="3156" room="117" start="186" weeks="001000100000001000"/>
    <class days="0000001" id="3157" room="117" start="176" weeks="000010000010000000"/>
    <class days="0000001" id="3158" room="117" start="226" weeks="000010000010000000"/>
    <class days="0000001" id="3159" room="128" start="146" weeks="100000000000000000"/>
    <class days="0000001" id="3160" room="128" start="206" weeks="000000000000000010"/>
    <class days="0000001" id="3161" room="128" start="226" weeks="000000001000000000"/>
    <class days="0000001" id="3162" room="128" start="226" weeks="000000000000000010"/>
    <class days="0000001" id="3163" room="128" start="196" weeks="000010000010000000"/>
    <class days="0000001" id="3164" room="128" start="226" weeks="001000100000001000"/>
    <class days="0000001" id="3165" room="276" start="176" weeks="000001000000000000"/>
    <class days="0000001" id="3166" room="113" start="96" weeks="000000000001000000"/>
    <class days="0000001" id="3167" room="127" start="226" weeks="000000010000000000"/>
    <class days="0000001" id="3168" room="286" start="136" weeks="000000000000000100"/>
    <class days="0000001" id="3169" room="40" start="166" weeks="010000000000000000"/>
    <class days="0000001" id="3170" room="133" start="226" weeks="000100000000000000"/>
    <class days="0000001" id="3171" room="133" start="136" weeks="100000000000000000"/>
    <class days="0000001" id="3172" room="113" start="96" weeks="100000000000000000"/>
    <class days="0000001" id="3173" room="127" start="136" weeks="000000000100000000"/>
    <class days="0000001" id="3174" room="134" start="116" weeks="000000000100000000"/>
    <class days="0000001" id="3175" room="200" start="146" weeks="000000000001000000"/>
    <class days="0000001" id="3176" room="189" start="196" weeks="000000000000000100"/>
    <class days="0000001" id="3177" room="76" start="196" weeks="000001000000000000"/>
    <class days="0000001" id="3178" room="217" start="166" weeks="000000010000000000"/>
    <class days="0000001" id="3179" room="277" start="206" weeks="010000000000000000"/>
    <class days="0000001" id="3180" room="217" start="186" weeks="000100000000000000"/>
    <class days="0000001" id="3181" room="200" start="156" weeks="100000000000000000"/>
    <class days="0000001" id="3182" room="200" start="176" weeks="100000000000000000"/>
    <class days="0000001" id="3183" room="127" start="186" weeks="001000000000000000"/>
    <class days="0000001" id="3184" room="113" start="176" weeks="000000000000001000"/>
    <class days="0000001" id="3185" room="286" start="206" weeks="000000100000000000"/>
    <class days="0000001" id="3186" room="189" start="246" weeks="000000100000000000"/>
    <class days="0000001" id="3187" room="200" start="176" weeks="000000000000001000"/>
    <class days="0000001" id="3188" room="200" start="136" weeks="100000000000000000"/>
    <class days="0000001" id="3189" room="77" start="216" weeks="000000100000000000"/>
    <class days="0000001" id="3190" room="286" start="156" weeks="100000000000000000"/>
    <class days="0000001" id="3191" room="276" start="136" weeks="100000000000000000"/>
    <class days="0000001" id="3192" room="276" start="176" weeks="000010000000000000"/>
    <class days="0000001" id="3193" room="127" start="96" weeks="000000000010000000"/>
    <class days="0000001" id="3194" room="276" start="116" weeks="100000000000000000"/>
    <class days="0000001" id="3195" room="133" start="126" weeks="000010000000000000"/>
    <class days="0000001" id="3196" room="276" start="106" weeks="000000000000000010"/>
    <class days="0000001" id="3197" room="277" start="186" weeks="000000000010000000"/>
    <class days="0000001" id="3198" room="277" start="206" weeks="000001000000000000"/>
    <class days="0000001" id="3199" room="127" start="106" weeks="000000000100000000"/>
    <class days="0000001" id="3200" room="286" start="216" weeks="000000000001000000"/>
    <class days="0000001" id="3201" room="286" start="206" weeks="000000000000000100"/>
    <class days="0000001" id="3202" room="40" start="206" weeks="000100000000000000"/>
    <class days="0000001" id="3203" room="40" start="136" weeks="100000000000000000"/>
    <class days="0000001" id="3204" room="145" start="126" weeks="000100000000000000"/>
    <class days="0000001" id="3205" room="145" start="156" weeks="000100000000000000"/>
    <class days="0000001" id="3206" room="145" start="96" weeks="000000000001000000"/>
    <class days="0000001" id="3207" room="145" start="136" weeks="000000000001000000"/>
    <class days="0000001" id="3208" room="145" start="216" weeks="000000010000000000"/>
    <class days="0000001" id="3209" room="145" start="126" weeks="000000010000000000"/>
    <class days="0000001" id="3210" room="145" start="96" weeks="000000000000000100"/>
    <class days="0000001" id="3211" room="145" start="166" weeks="000000000000000100"/>
    <class days="0000001" id="3212" room="145" start="216" weeks="000000000100000000"/>
    <class days="0000001" id="3213" room="145" start="186" weeks="000000000100000000"/>
    <class days="0000001" id="3214" room="145" start="96" weeks="000001000000000000"/>
    <class days="0000001" id="3215" room="145" start="126" weeks="000001000000000000"/>
    <class days="0000001" id="3216" room="133" start="186" weeks="000100000000000000"/>
    <class days="0000001" id="3217" room="133" start="136" weeks="000000000000000100"/>
    <class days="0000001" id="3218" room="189" start="176" weeks="000001000000000000"/>
    <class days="0000001" id="3219" room="40" start="176" weeks="000000000001000000"/>
    <class days="0000001" id="3220" room="124" start="156" weeks="000000000100000000"/>
    <class days="0000001" id="3221" room="133" start="96" weeks="000010000000000000"/>
    <class days="0000001" id="3222" room="277" start="116" weeks="000000100000000000"/>
    <class days="0000001" id="3223" room="40" start="96" weeks="000000100000000000"/>
    <class days="0000001" id="3224" room="286" start="116" weeks="000010000000000000"/>
    <class days="0000001" id="3225" room="139" start="176" weeks="000000000000001000"/>
    <class days="0000001" id="3226" room="139" start="156" weeks="000000000000001000"/>
    <class days="0000001" id="3227" room="139" start="106" weeks="000000001000000000"/>
    <class days="0000001" id="3228" room="139" start="146" weeks="000000001000000000"/>
    <class days="0000001" id="3229" room="139" start="186" weeks="000000100000000000"/>
    <class days="0000001" id="3230" room="139" start="216" weeks="000000100000000000"/>
    <class days="0000001" id="3231" room="139" start="136" weeks="000010000010000000"/>
    <class days="0000001" id="3232" room="139" start="176" weeks="000010000010000000"/>
    <class days="0000001" id="3233" room="128" start="96" weeks="001000000000000000"/>
    <class days="0000001" id="3234" room="128" start="136" weeks="001000000000000000"/>
    <class days="0000001" id="3235" room="128" start="176" weeks="000000000000000010"/>
    <class days="0000001" id="3236" room="128" start="156" weeks="000000000000000010"/>
    <class days="0000001" id="3237" room="40" start="136" weeks="000000100000000000"/>
    <class days="0000001" id="3238" room="113" start="216" weeks="001000000000000000"/>
    <class days="0000001" id="3239" room="189" start="126" weeks="100000000000000000"/>
    <class days="0000001" id="3240" room="40" start="96" weeks="000000001000000000"/>
    <class days="0000001" id="3241" room="80" start="176" weeks="000000000010000000"/>
    <class days="0000001" id="3242" room="80" start="116" weeks="000000000000001000"/>
    <class days="0000001" id="3243" room="200" start="126" weeks="000000001000000000"/>
    <class days="0000001" id="3244" room="113" start="96" weeks="001000000000000000"/>
    <class days="0000001" id="3245" room="144" start="216" weeks="000000100000000000"/>
    <class days="0000001" id="3246" room="127" start="176" weeks="000000000000001000"/>
    <class days="0000001" id="3247" room="78" start="216" weeks="100000000000000000"/>
    <class days="0000001" id="3248" room="277" start="116" weeks="100000000000000000"/>
    <class days="0000001" id="3249" room="127" start="156" weeks="000000000000001000"/>
    <class days="0000001" id="3250" room="286" start="176" weeks="000000100000000000"/>
    <class days="0000001" id="3251" room="286" start="166" weeks="001000000000000000"/>
    <class days="0000001" id="3252" room="286" start="206" weeks="000000000000001000"/>
    <class days="0000001" id="3253" room="83" start="206" weeks="000000000010000000"/>
    <class days="0000001" id="3254" room="128" start="176" weeks="000000000000001000"/>
    <class days="0000001" id="3255" room="128" start="126" weeks="000000000010000000"/>
    <class days="0000001" id="3256" room="128" start="96" weeks="000000000000001000"/>
    <class days="0000001" id="3257" room="128" start="196" weeks="001000000000000000"/>
    <class days="0000001" id="3258" room="128" start="106" weeks="000000100000000000"/>
    <class days="0000001" id="3259" room="128" start="216" weeks="000010000000000000"/>
    <class days="0000001" id="3260" room="127" start="106" weeks="010000000000000000"/>
    <class days="0000001" id="3261" room="113" start="126" weeks="000100000000000000"/>
    <class days="0000001" id="3262" room="276" start="216" weeks="000100000000000000"/>
    <class days="0000001" id="3263" room="276" start="186" weeks="000000000001000000"/>
    <class days="0000001" id="3264" room="286" start="226" weeks="010000000000000000"/>
    <class days="0000001" id="3265" room="80" start="96" weeks="000000010000000000"/>
    <class days="0000001" id="3266" room="127" start="126" weeks="000000000000000100"/>
    <class days="0000001" id="3267" room="127" start="156" weeks="000000010000000000"/>
    <class days="0000001" id="3268" room="277" start="146" weeks="000000000001000000"/>
    <class days="0000001" id="3269" room="189" start="196" weeks="000100000000000000"/>
    <class days="0000001" id="3270" room="189" start="96" weeks="000100000000000000"/>
    <class days="0000001" id="3271" room="290" start="166" weeks="000100000000000000"/>
    <class days="0000001" id="3272" room="134" start="236" weeks="000100000000000000"/>
    <class days="0000001" id="3273" room="189" start="136" weeks="000000010000000000"/>
    <class days="0000001" id="3274" room="134" start="176" weeks="000000010000000000"/>
    <class days="0000001" id="3275" room="144" start="196" weeks="000000010000000000"/>
    <class days="0000001" id="3276" room="200" start="246" weeks="000000010000000000"/>
    <class days="0000001" id="3277" room="277" start="96" weeks="000000000001000000"/>
    <class days="0000001" id="3278" room="211" start="116" weeks="000000000001000000"/>
    <class days="0000001" id="3279" room="277" start="116" weeks="000000000100000000"/>
    <class days="0000001" id="3280" room="286" start="106" weeks="000000000001000000"/>
    <class days="0000001" id="3281" room="128" start="106" weeks="000001000000000000"/>
    <class days="0000001" id="3282" room="128" start="166" weeks="000000010000000000"/>
    <class days="0000001" id="3283" room="119" start="96" weeks="000000010000000000"/>
    <class days="0000001" id="3284" room="129" start="196" weeks="000000000100000000"/>
    <class days="0000001" id="3285" room="119" start="146" weeks="000000000001000000"/>
    <class days="0000001" id="3286" room="129" start="156" weeks="000000000000000100"/>
    <class days="0000001" id="3287" room="103" start="126" weeks="010000000000000000"/>
    <class days="0000001" id="3288" room="83" start="166" weeks="100000000000000000"/>
    <class days="0000001" id="3289" room="133" start="216" weeks="100000000000000000"/>
    <class days="0000001" id="3290" room="113" start="116" weeks="000010000000000000"/>
    <class days="0000001" id="3291" room="132" start="166" weeks="001000000000000000"/>
    <class days="0000001" id="3292" room="132" start="136" weeks="000000100000000000"/>
    <class days="0000001" id="3293" room="133" start="166" weeks="000000000010000000"/>
    <class days="0000001" id="3294" room="276" start="126" weeks="001000000000000000"/>
    <class days="0000001" id="3295" room="276" start="156" weeks="000000100000000000"/>
    <class days="0000001" id="3296" room="276" start="196" weeks="000000000000001000"/>
    <class days="0000001" id="3297" room="286" start="216" weeks="100000000000000000"/>
    <class days="0000001" id="3298" room="83" start="96" weeks="100000000000000000"/>
    <class days="0000001" id="3299" room="82" start="216" weeks="000010000000000000"/>
    <class days="0000001" id="3300" room="144" start="116" weeks="000000100000000000"/>
    <class days="0000001" id="3301" room="277" start="156" weeks="001000000000000000"/>
    <class days="0000001" id="3302" room="82" start="126" weeks="000000000000001000"/>
    <class days="0000001" id="3303" room="189" start="106" weeks="000000000010000000"/>
    <class days="0000001" id="3304" room="80" start="206" weeks="000001000000000000"/>
    <class days="0000001" id="3305" room="277" start="196" weeks="000100000000000000"/>
    <class days="0000001" id="3306" room="286" start="136" weeks="010000000000000000"/>
    <class days="0000001" id="3307" room="80" start="166" weeks="000001000000000000"/>
    <class days="0000001" id="3308" room="80" start="96" weeks="000000000100000000"/>
    <class days="0000001" id="3309" room="291" start="96" weeks="000001000000000000"/>
    <class days="0000001" id="3310" room="77" start="156" weeks="000000000100000000"/>
    <class days="0000001" id="3311" room="128" start="196" weeks="000001000000000000"/>
    <class days="0000001" id="3312" room="291" start="166" weeks="000100000000000000"/>
    <class days="0000001" id="3313" room="128" start="136" weeks="000100000000000000"/>
    <class days="0000001" id="3314" room="189" start="186" weeks="000000000100000000"/>
    <class days="0000001" id="3315" room="200" start="126" weeks="010000000000000000"/>
    <class days="0000001" id="3316" room="124" start="206" weeks="000000000001000000"/>
    <class days="0000001" id="3317" room="128" start="156" weeks="000000000100000000"/>
    <class days="0000001" id="3318" room="189" start="146" weeks="000000000001000000"/>
    <class days="0000001" id="3319" room="189" start="236" weeks="000000000000000100"/>
    <class days="0000001" id="3320" room="200" start="186" weeks="000100000000000000"/>
    <class days="0000001" id="3321" room="129" start="176" weeks="000001000000000000"/>
    <class days="0000001" id="3322" room="189" start="106" weeks="000000010000000000"/>
    <class days="0000001" id="3323" room="133" start="176" weeks="000001000000000000"/>
    <class days="0000001" id="3324" room="80" start="116" weeks="000000010000000000"/>
    <class days="0000001" id="3325" room="277" start="206" weeks="000000000100000000"/>
    <class days="0000001" id="3326" room="127" start="126" weeks="000000000001000000"/>
    <class days="0000001" id="3327" room="277" start="206" weeks="000000000000000100"/>
    <class days="0000001" id="3328" room="286" start="146" weeks="000100000000000000"/>
    <class days="0000001" id="3329" room="113" start="96" weeks="010000000000000000"/>
    <class days="0000001" id="3330" room="133" start="106" weeks="000000000000000100"/>
    <class days="0000001" id="3331" room="133" start="216" weeks="000000010000000000"/>
    <class days="0000001" id="3332" room="80" start="146" weeks="000000010000000000"/>
    <class days="0000001" id="3333" room="80" start="106" weeks="100000000000000000"/>
    <class days="0000001" id="3334" room="133" start="156" weeks="000010000000000000"/>
    <class days="0000001" id="3335" room="277" start="136" weeks="100000000000000000"/>
    <class days="0000001" id="3336" room="287" start="146" weeks="000000000010000000"/>
    <class days="0000001" id="3337" room="287" start="206" weeks="000000000010000000"/>
    <class days="0000001" id="3338" room="287" start="206" weeks="000000100000000000"/>
    <class days="0000001" id="3339" room="287" start="166" weeks="000000100000000000"/>
    <class days="0000001" id="3340" room="287" start="166" weeks="000010000000000000"/>
    <class days="0000001" id="3341" room="287" start="126" weeks="000010000000000000"/>
    <class days="0000001" id="3342" room="77" start="96" weeks="000010000000000000"/>
    <class days="0000001" id="3343" room="77" start="96" weeks="000000000010000000"/>
    <class days="0000001" id="3344" room="77" start="206" weeks="000010000000000000"/>
    <class days="0000001" id="3345" room="291" start="126" weeks="000000000010000000"/>
    <class days="0000001" id="3346" room="127" start="136" weeks="000000000010000000"/>
    <class days="0000001" id="3347" room="113" start="156" weeks="000000000000001000"/>
    <class days="0000001" id="3348" room="276" start="216" weeks="100000000000000000"/>
    <class days="0000001" id="3349" room="113" start="156" weeks="001000000000000000"/>
    <class days="0000001" id="3350" room="128" start="206" weeks="000000000000001000"/>
    <class days="0000001" id="3351" room="77" start="156" weeks="100000000000000000"/>
    <class days="0000001" id="3352" room="77" start="186" weeks="000000000010000000"/>
    <class days="0000001" id="3353" room="77" start="176" weeks="001000000000000000"/>
    <class days="0000001" id="3354" room="286" start="196" weeks="100000000000000000"/>
    <class days="0000001" id="3355" room="40" start="196" weeks="000010000000000000"/>
    <class days="0000001" id="3356" room="133" start="166" weeks="100000000000000000"/>
    <class days="0000001" id="3357" room="40" start="96" weeks="000000000000001000"/>
    <class days="0000001" id="3358" room="83" start="146" weeks="000010000000000000"/>
    <class days="0000001" id="3359" room="40" start="146" weeks="000000000000001000"/>
    <class days="0000001" id="3360" room="83" start="196" weeks="000000100000000000"/>
    <class days="0000001" id="3361" room="113" start="156" weeks="010000000000000000"/>
    <class days="0000001" id="3362" room="286" start="196" weeks="000100000000000000"/>
    <class days="0000001" id="3363" room="286" start="226" weeks="000000000100000000"/>
    <class days="0000001" id="3364" room="82" start="226" weeks="000000000000000100"/>
    <class days="0000001" id="3365" room="133" start="96" weeks="000100000000000000"/>
    <class days="0000001" id="3366" room="113" start="126" weeks="000000010000000000"/>
    <class days="0000001" id="3367" room="78" start="136" weeks="000000000100000000"/>
    <class days="0000001" id="3368" room="78" start="116" weeks="000000000000000010"/>
    <class days="0000001" id="3369" room="78" start="136" weeks="000000000000000010"/>
    <class days="0000001" id="3370" room="78" start="116" weeks="000000001000000000"/>
    <class days="0000001" id="3371" room="78" start="116" weeks="000000000000001000"/>
    <class days="0000001" id="3372" room="129" start="176" weeks="000000000000001000"/>
    <class days="0000001" id="3373" room="129" start="136" weeks="000000000000001000"/>
    <class days="0000001" id="3374" room="129" start="156" weeks="000000000000001000"/>
    <class days="0000001" id="3375" room="129" start="156" weeks="000000001000000000"/>
    <class days="0000001" id="3376" room="129" start="176" weeks="000000001000000000"/>
    <class days="0000001" id="3377" room="129" start="136" weeks="000000001000000000"/>
    <class days="0000001" id="3378" room="78" start="116" weeks="000000100000000000"/>
    <class days="0000001" id="3379" room="129" start="136" weeks="000000100000000000"/>
    <class days="0000001" id="3380" room="129" start="176" weeks="000000100000000000"/>
    <class days="0000001" id="3381" room="129" start="156" weeks="000000100000000000"/>
    <class days="0000001" id="3382" room="78" start="116" weeks="001000000000000000"/>
    <class days="0000001" id="3383" room="129" start="156" weeks="001000000000000000"/>
    <class days="0000001" id="3384" room="129" start="136" weeks="001000000000000000"/>
    <class days="0000001" id="3385" room="129" start="176" weeks="001000000000000000"/>
    <class days="0000001" id="3386" room="128" start="136" weeks="000000001000000000"/>
    <class days="0000001" id="3387" room="128" start="176" weeks="000000001000000000"/>
    <class days="0000001" id="3388" room="128" start="156" weeks="000000001000000000"/>
    <class days="0000001" id="3389" room="83" start="156" weeks="001000000000000000"/>
    <class days="0000001" id="3390" room="83" start="136" weeks="001000000000000000"/>
    <class days="0000001" id="3391" room="83" start="176" weeks="001000000000000000"/>
    <class days="0000001" id="3392" room="83" start="136" weeks="000000000000001000"/>
    <class days="0000001" id="3393" room="83" start="156" weeks="000000000000001000"/>
    <class days="0000001" id="3394" room="83" start="176" weeks="000000000000001000"/>
    <class days="0000001" id="3395" room="128" start="156" weeks="001000000000000000"/>
    <class days="0000001" id="3396" room="128" start="136" weeks="001000000000000000"/>
    <class days="0000001" id="3397" room="128" start="176" weeks="001000000000000000"/>
    <class days="0000001" id="3398" room="128" start="136" weeks="000000100000000000"/>
    <class days="0000001" id="3399" room="128" start="156" weeks="000000100000000000"/>
    <class days="0000001" id="3400" room="128" start="176" weeks="000000100000000000"/>
    <class days="0000001" id="3401" room="119" start="186" weeks="000000010000000000"/>
    <class days="0100000" id="3402" room="270" start="206" weeks="011111111110000000"/>
    <class days="0100000" id="3403" room="8" start="116" weeks="011111111110000000"/>
    <class days="0010000" id="3404" room="270" start="146" weeks="011110111111000000"/>
    <class days="0100000" id="3405" room="90" start="186" weeks="011111111110000000"/>
    <class days="0010000" id="3406" room="177" start="225" weeks="011110111111101111"/>
    <class days="0100000" id="3407" room="177" start="166" weeks="011111111111100111"/>
    <class days="0001000" id="3408" room="279" start="106" weeks="010100101010100101"/>
    <class days="1000000" id="3409" room="72" start="126" weeks="001010101010100010"/>
    <class days="1000000" id="3410" room="91" start="156" weeks="011111111111000000"/>
    <class days="1000000" id="3411" room="93" start="126" weeks="001010101010100010"/>
    <class days="1000000" id="3412" room="93" start="126" weeks="010101010101000101"/>
    <class days="0100000" id="3413" room="93" start="166" weeks="010101010101000101"/>
    <class days="0100000" id="3414" room="93" start="166" weeks="001010101010100010"/>
    <class days="0100000" id="3415" room="93" start="206" weeks="010101010101000101"/>
    <class days="0010000" id="3416" room="8" start="116" weeks="011110111111100000"/>
    <class days="0001000" id="3417" room="88" start="216" weeks="001010010101001010"/>
    <class days="0001000" id="3418" room="88" start="216" weeks="010100101010100101"/>
    <class days="0000100" id="3419" room="213" start="126" weeks="001010101010001010"/>
    <class days="0000100" id="3420" room="213" start="126" weeks="010101010101000101"/>
    <class days="0000100" id="3421" room="213" start="166" weeks="001010101010001010"/>
    <class days="0001000" id="3422" room="121" start="106" weeks="011110111111100000"/>
    <class days="0001000" id="3423" room="271" start="236" weeks="010100101010100101"/>
    <class days="0001000" id="3424" room="271" start="236" weeks="001010010101001010"/>
    <class days="0100000" id="3425" room="85" start="116" weeks="010101010101000101"/>
    <class days="0100000" id="3426" room="85" start="246" weeks="010101010101000101"/>
    <class days="0100000" id="3427" room="85" start="216" weeks="001010101010100010"/>
    <class days="0100000" id="3428" room="72" start="166" weeks="011111111111000000"/>
    <class days="0001000" id="3429" room="93" start="216" weeks="001010010101001010"/>
    <class days="0001000" id="3430" room="93" start="236" weeks="010100101010100101"/>
    <class days="0001000" id="3431" room="93" start="96" weeks="010100101010100101"/>
    <class days="0010000" id="3432" room="93" start="96" weeks="010100101010100101"/>
    <class days="0100000" id="3433" room="93" start="106" weeks="010101010101000101"/>
    <class days="0001000" id="3434" room="278" start="156" weeks="011110111111101111"/>
    <class days="0100000" id="3435" room="278" start="166" weeks="011111111111100111"/>
    <class days="0010000" id="3436" room="278" start="166" weeks="011110111111101111"/>
    <class days="1000000" id="3437" room="278" start="186" weeks="011111111111100111"/>
    <class days="0010000" id="3438" room="72" start="206" weeks="011110111111101111"/>
    <class days="0000100" id="3439" room="259" start="206" weeks="011111111111001111"/>
    <class days="0000100" id="3440" room="259" start="176" weeks="011111111111001111"/>
    <class days="0100000" id="3441" room="72" start="116" weeks="011111110000000000"/>
    <class days="0001000" id="3442" room="278" start="246" weeks="011110111111101111"/>
    <class days="1000000" id="3443" room="278" start="236" weeks="011111111111100111"/>
    <class days="0010000" id="3444" room="177" start="106" weeks="001010010101001010"/>
    <class days="0010000" id="3445" room="265" start="246" weeks="001010010101001010"/>
    <class days="0010000" id="3446" room="265" start="246" weeks="010100101010100101"/>
    <class days="0001000" id="3447" room="72" start="246" weeks="011110111111101111"/>
    <class days="0010000" id="3448" room="8" start="236" weeks="010100101010100101"/>
    <class days="0000100" id="3449" room="8" start="236" weeks="010101010101000101"/>
    <class days="0100000" id="3450" room="253" start="96" weeks="011111111111000000"/>
    <class days="0100000" id="3451" room="82" start="162" weeks="001010101010100010"/>
    <class days="0010000" id="3452" room="224" start="183" weeks="001010010101001010"/>
    <class days="0010000" id="3453" room="211" start="132" weeks="001010010101001010"/>
    <class days="0100000" id="3454" room="270" start="186" weeks="001010101010100010"/>
    <class days="0010000" id="3455" start="132" weeks="010100101010100101"/>
    <class days="0100000" id="3456" room="265" start="246" weeks="011111110000000000"/>
    <class days="0010000" id="3457" room="281" start="183" weeks="011110111000000000"/>
    <class days="0100000" id="3458" room="281" start="102" weeks="011111110000000000"/>
    <class days="0100000" id="3459" room="269" start="166" weeks="011111111110000000"/>
    <class days="0010000" id="3460" room="143" start="126" weeks="011110111111000000"/>
    <class days="0100000" id="3461" room="143" start="126" weeks="011111111110000000"/>
    <class days="1000000" id="3462" start="132" weeks="011111111111100111"/>
    <class days="0010000" id="3463" start="168" weeks="011110111111101111"/>
    <class days="1000000" id="3464" start="132" weeks="011111111111100111"/>
    <class days="0010000" id="3465" start="168" weeks="011110111111101111"/>
    <class days="0100000" id="3466" room="177" start="108" weeks="011111111111100111"/>
    <class days="0010000" id="3467" room="176" start="96" weeks="011110111111101111"/>
    <class days="0001000" id="3468" room="280" start="237" weeks="011110111111101111"/>
    <class days="0001000" id="3469" room="177" start="136" weeks="011110111111101111"/>
    <class days="0010000" id="3470" room="93" start="146" weeks="011110111111101111"/>
    <class days="0001000" id="3471" room="93" start="156" weeks="011110111111101111"/>
    <class days="0100000" id="3472" room="91" start="96" weeks="010101010101000101"/>
    <class days="0001000" id="3473" room="273" start="236" weeks="010100101010100101"/>
    <class days="0001000" id="3474" room="273" start="206" weeks="001010010101001010"/>
    <class days="1000000" id="3475" room="118" start="176" weeks="010101010101000101"/>
    <class days="1000000" id="3476" room="118" start="176" weeks="001010101010100010"/>
    <class days="0100000" id="3477" room="118" start="216" weeks="001010101010100010"/>
    <class days="0100000" id="3478" room="118" start="246" weeks="001010101010100010"/>
    <class days="0100000" id="3479" room="72" start="240" weeks="011111111111100111"/>
    <class days="0010000" id="3480" room="114" start="189" weeks="001010010101001010"/>
    <class days="0100000" id="3481" room="224" start="207" weeks="010101010101000101"/>
    <class days="0001000" id="3482" room="224" start="216" weeks="010100101010100101"/>
    <class days="0010000" id="3483" room="262" start="150" weeks="010100101010100101"/>
    <class days="0000100" id="3484" room="275" start="156" weeks="010101010101000101"/>
    <class days="0100000" id="3485" room="211" start="171" weeks="010101010101000101"/>
    <class days="0000100" id="3486" room="271" start="166" weeks="001010101010001010"/>
    <class days="0001000" id="3487" room="264" start="156" weeks="001010010101001010"/>
    <class days="0001000" id="3488" room="264" start="156" weeks="010100101010100101"/>
    <class days="0001000" id="3489" room="72" start="222" weeks="010100101010100101"/>
    <class days="0001000" id="3490" room="82" start="129" weeks="010100101010100101"/>
    <class days="0010000" id="3491" room="136" start="108" weeks="001010010101001010"/>
    <class days="0010000" id="3492" room="177" start="207" weeks="011110111000000000"/>
    <class days="0100000" id="3493" room="281" start="216" weeks="001010101010100010"/>
    <class days="0100000" id="3494" room="281" start="162" weeks="001010101010100010"/>
    <class days="0100000" id="3495" room="281" start="183" weeks="001010101010100010"/>
    <class days="0010000" id="3496" room="271" start="176" weeks="011110111111100000"/>
    <class days="1000000" id="3497" room="265" start="156" weeks="010101010101000101"/>
    <class days="0010000" id="3498" room="265" start="156" weeks="001010010101001010"/>
    <class days="0000100" id="3499" room="292" start="136" weeks="010101010101000101"/>
    <class days="0000100" id="3500" room="292" start="136" weeks="001010101010001010"/>
    <class days="0000100" id="3501" room="213" start="106" weeks="010101010101000101"/>
    <class days="0001000" id="3502" room="214" start="166" weeks="011110111111000000"/>
    <class days="0001000" id="3503" room="292" start="186" weeks="011110111111000000"/>
    <class days="0001000" id="3504" room="214" start="116" weeks="011110111111000000"/>
    <class days="0010000" id="3505" room="121" start="111" weeks="011110111111101111"/>
    <class days="0100000" id="3506" room="284" start="195" weeks="001010101010100010"/>
    <class days="1000000" id="3507" room="284" start="96" weeks="001010101010100010"/>
    <class days="1000000" id="3508" start="226" weeks="011111111111100111"/>
    <class days="0010000" id="3509" room="91" start="216" weeks="011110111111101111"/>
    <class days="0010000" id="3510" room="273" start="196" weeks="010100101010100101"/>
    <class days="0010000" id="3511" room="273" start="196" weeks="001010010101001010"/>
    <class days="0100000" id="3512" room="171" start="166" weeks="010101010101000101"/>
    <class days="0100000" id="3513" room="171" start="166" weeks="001010101010100010"/>
    <class days="0100000" id="3514" room="171" start="186" weeks="010101010101000101"/>
    <class days="0100000" id="3515" room="171" start="186" weeks="001010101010100010"/>
    <class days="0100000" id="3516" room="8" start="156" weeks="010101010101000101"/>
    <class days="1000000" id="3517" room="273" start="116" weeks="011111111111100111"/>
    <class days="1000000" id="3518" room="273" start="136" weeks="011111111111100111"/>
    <class days="0001000" id="3519" room="273" start="146" weeks="011110111111101111"/>
    <class days="0100000" id="3520" room="273" start="126" weeks="011111111110000000"/>
    <class days="0010000" id="3521" room="273" start="146" weeks="011110111111000000"/>
    <class days="0010000" id="3522" room="72" start="156" weeks="010100101010100101"/>
    <class days="0100000" id="3523" room="88" start="206" weeks="010101010101000101"/>
    <class days="0100000" id="3524" room="88" start="206" weeks="001010101010100010"/>
    <class days="0000100" id="3525" room="213" start="96" weeks="001010101010001010"/>
    <class days="0000100" id="3526" room="292" start="116" weeks="010101010101000101"/>
    <class days="0000100" id="3527" room="292" start="116" weeks="001010101010001010"/>
    <class days="0000100" id="3528" room="114" start="156" weeks="001010101010001010"/>
    <class days="1000000" id="3529" room="94" start="166" weeks="011111111111100111"/>
    <class days="0000100" id="3530" room="94" start="136" weeks="011111111111001111"/>
    <class days="0010000" id="3531" start="150" weeks="011110111111101111"/>
    <class days="0010000" id="3532" start="150" weeks="011110111111101111"/>
    <class days="0010000" id="3533" start="150" weeks="011110111111101111"/>
    <class days="0010000" id="3534" start="150" weeks="011110111111101111"/>
    <class days="0001000" id="3535" room="265" start="176" weeks="001010010101001010"/>
    <class days="0100000" id="3536" room="265" start="116" weeks="011111111111000000"/>
    <class days="0010000" id="3537" room="123" start="216" weeks="011110111111101111"/>
    <class days="0100000" id="3538" room="91" start="196" weeks="001010101010100010"/>
    <class days="0001000" id="3539" room="93" start="196" weeks="001010010101001010"/>
    <class days="0100000" id="3540" room="93" start="146" weeks="011111111111100111"/>
    <class days="0010000" id="3541" start="96" weeks="011110111111101111"/>
    <class days="1000000" id="3542" room="273" start="176" weeks="011111111111100111"/>
    <class days="0100000" id="3543" room="93" start="196" weeks="001010101010100010"/>
    <class days="1000000" id="3544" room="93" start="216" weeks="001010101010100010"/>
    <class days="0100000" id="3545" room="269" start="146" weeks="011111111111100111"/>
    <class days="0000100" id="3546" room="214" start="116" weeks="001010101010001010"/>
    <class days="1000000" id="3547" room="88" start="176" weeks="010101010101000101"/>
    <class days="0100000" id="3548" room="161" start="236" weeks="010101010101000101"/>
    <class days="0010000" id="3549" room="226" start="166" weeks="011110111111101111"/>
    <class days="0100000" id="3550" room="265" start="156" weeks="010101010101000101"/>
    <class days="0100000" id="3551" room="274" start="156" weeks="001010101010100010"/>
    <class days="0000100" id="3552" room="292" start="196" weeks="011111111111001111"/>
    <class days="1000000" id="3553" room="88" start="126" weeks="011111111111100111"/>
    <class days="0001000" id="3554" room="88" start="146" weeks="011110111111101111"/>
    <class days="0010000" id="3555" room="88" start="136" weeks="011110111111101111"/>
    <class days="0100000" id="3556" start="156" weeks="011111111111100111"/>
    <class days="0010000" id="3557" room="177" start="136" weeks="010100101010100101"/>
    <class days="0010000" id="3558" room="177" start="136" weeks="001010010101001010"/>
    <class days="0001000" id="3559" room="177" start="189" weeks="010100101010100101"/>
    <class days="0001000" id="3560" room="305" start="225" weeks="011110111111101111"/>
    <class days="1000000" id="3561" room="206" start="204" weeks="011111111111100111"/>
    <class days="0000100" id="3562" room="257" start="96" weeks="011111111110000000"/>
    <class days="0001000" id="3563" room="163" start="216" weeks="011110111111000000"/>
    <class days="0010000" id="3564" room="8" start="156" weeks="011110111111101111"/>
    <class days="1000000" id="3565" room="259" start="186" weeks="011111111111100111"/>
    <class days="0001000" id="3566" room="259" start="216" weeks="011110111111101111"/>
    <class days="0010000" id="3567" room="259" start="136" weeks="011110111111101111"/>
    <class days="0000100" id="3568" room="91" start="126" weeks="011111111111001111"/>
    <class days="0001000" id="3569" room="267" start="116" weeks="011110111111101111"/>
    <class days="0001000" id="3570" room="186" start="96" weeks="011110111111101111"/>
    <class days="0000100" id="3571" room="91" start="106" weeks="011111111111001111"/>
    <class days="0001000" id="3572" room="90" start="116" weeks="011110111111000000"/>
    <class days="0010000" id="3573" room="278" start="96" weeks="011110111111000000"/>
    <class days="0001000" id="3574" room="85" start="156" weeks="011110111111000000"/>
    <class days="1000000" id="3575" room="85" start="196" weeks="011111111110000000"/>
    <class days="1000000" id="3576" room="85" start="96" weeks="011111111110000000"/>
    <class days="1000000" id="3577" start="132" weeks="011111111111100111"/>
    <class days="0010000" id="3578" start="168" weeks="011110111111101111"/>
    <class days="1000000" id="3579" start="132" weeks="011111111111100111"/>
    <class days="0010000" id="3580" start="168" weeks="011110111111101111"/>
    <class days="0001000" id="3581" room="264" start="136" weeks="011110111111101111"/>
    <class days="1000000" id="3582" room="162" start="166" weeks="011111111111100111"/>
    <class days="0100000" id="3583" room="162" start="136" weeks="011111111111100111"/>
    <class days="0100000" id="3584" room="114" start="165" weeks="011111111111100111"/>
    <class days="0010000" id="3585" room="224" start="228" weeks="011110111111101111"/>
    <class days="0010000" id="3586" room="72" start="129" weeks="011110111111101111"/>
    <class days="0000100" id="3587" room="176" start="105" weeks="011111111111001111"/>
    <class days="1000000" id="3588" room="211" start="93" weeks="011111111111100111"/>
    <class days="0010000" id="3589" room="270" start="166" weeks="011110111111000000"/>
    <class days="0010000" id="3590" room="253" start="216" weeks="011110111111000000"/>
    <class days="0000100" id="3591" room="186" start="196" weeks="011111111111001111"/>
    <class days="0100000" id="3592" room="85" start="136" weeks="010101010101000101"/>
    <class days="0100000" id="3593" room="85" start="136" weeks="001010101010100010"/>
    <class days="0000100" id="3594" room="8" start="116" weeks="011111111110000000"/>
    <class days="0010000" id="3595" room="261" start="176" weeks="011110111111000000"/>
    <class days="0001000" id="3596" room="261" start="176" weeks="011110111111000000"/>
    <class days="0010000" id="3597" room="91" start="116" weeks="011110111111101111"/>
    <class days="0100000" id="3598" room="94" start="166" weeks="011111111111100111"/>
    <class days="0010000" id="3599" room="94" start="136" weeks="011110111111101111"/>
    <class days="1000000" id="3600" room="263" start="126" weeks="011111111110000000"/>
    <class days="0100000" id="3601" room="90" start="146" weeks="011111111111100111"/>
    <class days="1000000" id="3602" room="278" start="126" weeks="011111111111100111"/>
    <class days="0001000" id="3603" room="278" start="136" weeks="011110111111101111"/>
    <class days="0000100" id="3604" room="262" start="96" weeks="011111111111001111"/>
    <class days="0010000" id="3605" room="161" start="106" weeks="011110111111101111"/>
    <class days="0100000" id="3606" room="270" start="146" weeks="011111111111100111"/>
    <class days="0010000" id="3607" room="90" start="126" weeks="011110111111000000"/>
    <class days="0001000" id="3608" room="274" start="136" weeks="011110111111000000"/>
    <class days="0000100" id="3609" room="278" start="176" weeks="011111111110000000"/>
    <class days="1000000" id="3610" room="278" start="206" weeks="011111111110000000"/>
    <class days="0100000" id="3611" room="121" start="156" weeks="011111111110000000"/>
    <class days="0100000" id="3612" room="121" start="186" weeks="011111111110000000"/>
    <class days="0100000" id="3613" room="274" start="126" weeks="011111111111100111"/>
    <class days="0100000" id="3614" room="273" start="166" weeks="011111111111100111"/>
    <class days="1000000" id="3615" room="143" start="206" weeks="011111111111100111"/>
    <class days="1000000" id="3616" room="226" start="116" weeks="011111111111100111"/>
    <class days="0010000" id="3617" room="85" start="206" weeks="011110111111101111"/>
    <class days="1000000" id="3618" room="85" start="176" weeks="011111111111100111"/>
    <class days="1000000" id="3619" room="278" start="106" weeks="011111111111100111"/>
    <class days="0000100" id="3620" room="265" start="196" weeks="011111111110000000"/>
    <class days="0010000" id="3621" start="176" weeks="011110111111101111"/>
    <class days="0100000" id="3622" room="280" start="226" weeks="011111111111100111"/>
    <class days="0000100" id="3623" room="85" start="96" weeks="011111111111001111"/>
    <class days="0100000" id="3624" room="85" start="166" weeks="011111111111100111"/>
    <class days="0000100" id="3625" room="85" start="156" weeks="011111111111001111"/>
    <class days="0001000" id="3626" room="228" start="146" weeks="011110111111101111"/>
    <class days="1000000" id="3627" room="192" start="136" weeks="011111111111100111"/>
    <class days="0001000" id="3628" room="192" start="176" weeks="011110111111101111"/>
    <class days="0100000" id="3629" start="123" weeks="011111111111100111"/>
    <class days="1000000" id="3630" room="271" start="126" weeks="011111111111100111"/>
    <class days="1000000" id="3631" room="88" start="96" weeks="011111111110000000"/>
    <class days="0100000" id="3632" room="121" start="116" weeks="011111111111100111"/>
    <class days="0001000" id="3633" room="274" start="216" weeks="010100101010100101"/>
    <class days="0010000" id="3634" room="90" start="196" weeks="011110111111101111"/>
    <class days="0100000" id="3635" room="265" start="136" weeks="011111111111100111"/>
    <class days="0000100" id="3636" room="278" start="96" weeks="011111111111001111"/>
    <class days="0100000" id="3637" room="278" start="96" weeks="011111111111100111"/>
    <class days="0001000" id="3638" room="253" start="146" weeks="011110111111101111"/>
    <class days="0100000" id="3639" room="280" start="196" weeks="011111111111100111"/>
    <class days="0010000" id="3640" room="280" start="116" weeks="011110111111101111"/>
    <class days="0010000" id="3641" start="96" weeks="011110111111101111"/>
    <class days="0000100" id="3642" room="186" start="136" weeks="011111111111001111"/>
    <class days="0001000" id="3643" room="8" start="96" weeks="001010010101001010"/>
    <class days="0000100" id="3644" room="8" start="96" weeks="001010101010001010"/>
    <class days="0010000" id="3645" room="85" start="96" weeks="011110111111101111"/>
    <class days="0001000" id="3646" room="85" start="106" weeks="011110111111101111"/>
    <class days="0001000" id="3647" room="269" start="136" weeks="011110111111000000"/>
    <class days="0010000" id="3648" room="177" start="96" weeks="010100101010100101"/>
    <class days="0100000" id="3649" room="271" start="116" weeks="011111111111100111"/>
    <class days="0100000" id="3650" room="102" start="186" weeks="011111111111100111"/>
    <class days="0100000" id="3651" room="102" start="206" weeks="011111111111100111"/>
    <class days="0010000" id="3652" room="102" start="116" weeks="011110111111101111"/>
    <class days="0010000" id="3653" room="102" start="206" weeks="011110111111101111"/>
    <class days="0000100" id="3654" room="102" start="106" weeks="011111111111001111"/>
    <class days="0000100" id="3655" room="102" start="146" weeks="011111111111001111"/>
    <class days="0000100" id="3656" room="102" start="206" weeks="011111111111001111"/>
    <class days="0000100" id="3657" room="102" start="236" weeks="011111111111001111"/>
    <class days="0100000" id="3658" room="211" start="138" weeks="011111111111100111"/>
    <class days="0000100" id="3659" room="284" start="117" weeks="010101010101000101"/>
    <class days="0100000" id="3660" start="201" weeks="011111111111100111"/>
    <class days="1000000" id="3661" room="284" start="198" weeks="010101010101000101"/>
    <class days="1000000" id="3662" room="284" start="213" weeks="001010101010100010"/>
    <class days="0100000" id="3663" start="204" weeks="011111111111100111"/>
    <class days="0000100" id="3664" room="284" start="135" weeks="010101010101000101"/>
    <class days="0000100" id="3665" start="135" weeks="001010101010001010"/>
    <class days="1000000" id="3666" room="91" start="96" weeks="011111111110000000"/>
    <class days="0001000" id="3667" room="85" start="236" weeks="011110111111000000"/>
    <class days="0100000" id="3668" room="171" start="116" weeks="011111111110000000"/>
    <class days="0000100" id="3669" room="100" start="246" weeks="011111111110000000"/>
    <class days="0100000" id="3670" room="262" start="136" weeks="011111111110000000"/>
    <class days="0010000" id="3671" room="263" start="166" weeks="011110111111000000"/>
    <class days="0001000" id="3672" room="263" start="126" weeks="011110111111000000"/>
    <class days="0000100" id="3673" room="263" start="216" weeks="001010101010001010"/>
    <class days="1000000" id="3674" room="274" start="106" weeks="011111111111100111"/>
    <class days="0010000" id="3675" room="271" start="216" weeks="011110111111101111"/>
    <class days="0000100" id="3676" room="264" start="116" weeks="011111111111001111"/>
    <class days="0010000" id="3677" start="176" weeks="011110111111101111"/>
    <class days="0001000" id="3678" room="186" start="146" weeks="011110111111101111"/>
    <class days="0100000" id="3679" room="279" start="146" weeks="011111111111100111"/>
    <class days="0010000" id="3680" start="196" weeks="011110111111101111"/>
    <class days="0000100" id="3681" room="279" start="156" weeks="011111111111001111"/>
    <class days="0001000" id="3682" room="269" start="116" weeks="011110111111101111"/>
    <class days="1000000" id="3683" room="265" start="196" weeks="011111111110000000"/>
    <class days="0000100" id="3684" room="270" start="216" weeks="011111111110000000"/>
    <class days="0010000" id="3685" room="121" start="225" weeks="001010010101001010"/>
    <class days="0001000" id="3686" room="279" start="225" weeks="001010010101001010"/>
    <class days="1000000" id="3687" room="176" start="105" weeks="010101010101000101"/>
    <class days="1000000" id="3688" room="224" start="201" weeks="001010101010100010"/>
    <class days="0100000" id="3689" room="253" start="225" weeks="001010101010100010"/>
    <class days="1000000" id="3690" room="224" start="225" weeks="001010101010100010"/>
    <class days="1000000" id="3691" room="195" start="132" weeks="001010101010100010"/>
    <class days="0010000" id="3692" room="269" start="222" weeks="010100101010100101"/>
    <class days="0000100" id="3693" room="265" start="96" weeks="001010101010001010"/>
    <class days="0000100" id="3694" room="271" start="206" weeks="011111111111001111"/>
    <class days="0000100" id="3695" room="265" start="156" weeks="011111111111001111"/>
    <class days="0100000" id="3696" room="265" start="216" weeks="011111111111100111"/>
    <class days="0000100" id="3697" room="265" start="126" weeks="011111111111001111"/>
    <class days="0100000" id="3698" room="177" start="186" weeks="011111111111100111"/>
    <class days="0100000" id="3699" room="177" start="206" weeks="010101010101000101"/>
    <class days="0100000" id="3700" room="90" start="206" weeks="001010101010100010"/>
    <class days="0010000" id="3701" room="90" start="246" weeks="001010010101001010"/>
    <class days="0100000" id="3702" room="8" start="186" weeks="011111111111100111"/>
    <class days="0000100" id="3703" room="259" start="156" weeks="011111111111001111"/>
    <class days="0000100" id="3704" room="259" start="136" weeks="011111111111001111"/>
    <class days="1000000" id="3705" room="259" start="206" weeks="011111111111100111"/>
    <class days="0100000" id="3706" room="259" start="156" weeks="011111111111100111"/>
    <class days="1000000" id="3707" room="269" start="216" weeks="011111111111100111"/>
    <class days="0100000" id="3708" room="261" start="156" weeks="011111111111100111"/>
    <class days="0000100" id="3709" room="261" start="236" weeks="011111111111001111"/>
    <class days="1000000" id="3710" room="261" start="116" weeks="011111111111100111"/>
    <class days="0001000" id="3711" room="261" start="216" weeks="011110111111101111"/>
    <class days="0010000" id="3712" room="91" start="176" weeks="010100101010100101"/>
    <class days="0000100" id="3713" room="267" start="246" weeks="011111111111001111"/>
    <class days="0100000" id="3714" room="267" start="186" weeks="011111111110000000"/>
    <class days="1000000" id="3715" room="94" start="206" weeks="011111111110000000"/>
    <class days="0001000" id="3716" room="88" start="96" weeks="011110111111000000"/>
    <class days="0000100" id="3717" room="90" start="216" weeks="011111111111001111"/>
    <class days="0000100" id="3718" room="114" start="96" weeks="001010101010001010"/>
    <class days="0000100" id="3719" room="114" start="116" weeks="001010101010001010"/>
    <class days="1000000" id="3720" start="216" weeks="011111111111100111"/>
    <class days="0100000" id="3721" room="114" start="106" weeks="010101010101000101"/>
    <class days="0000100" id="3722" room="114" start="106" weeks="010101010101000101"/>
    <class days="0100000" id="3723" room="114" start="146" weeks="010101010101000101"/>
    <class days="0000100" id="3724" room="114" start="196" weeks="010101010101000101"/>
    <class days="0000100" id="3725" room="114" start="136" weeks="001010101010001010"/>
    <class days="0000100" id="3726" room="114" start="166" weeks="001010101010001010"/>
    <class days="1000000" id="3727" start="216" weeks="011111111111100111"/>
    <class days="1000000" id="3728" room="114" start="106" weeks="010101010101000101"/>
    <class days="0001000" id="3729" room="114" start="96" weeks="001010010101001010"/>
    <class days="1000000" id="3730" room="114" start="126" weeks="010101010101000101"/>
    <class days="0001000" id="3731" room="114" start="116" weeks="001010010101001010"/>
    <class days="1000000" id="3732" room="8" start="156" weeks="011111111110000000"/>
    <class days="1000000" id="3733" room="88" start="196" weeks="011111111110000000"/>
    <class days="0000100" id="3734" room="88" start="116" weeks="011111111110000000"/>
    <class days="0001000" id="3735" room="88" start="166" weeks="011110111111000000"/>
    <class days="0001000" id="3736" room="114" start="176" weeks="010100101010100101"/>
    <class days="1000000" id="3737" room="114" start="216" weeks="001010101010100010"/>
    <class days="1000000" id="3738" room="114" start="216" weeks="010101010101000101"/>
    <class days="0001000" id="3739" room="177" start="186" weeks="001010010101001010"/>
    <class days="0000100" id="3740" room="274" start="146" weeks="001010101010001010"/>
    <class days="0000100" id="3741" room="274" start="146" weeks="010101010101000101"/>
    <class days="0010000" id="3742" room="262" start="146" weeks="001010010101001010"/>
    <class days="0010000" id="3743" room="121" start="156" weeks="010100101010100101"/>
    <class days="0100000" id="3744" room="278" start="226" weeks="011111111111100111"/>
    <class days="0100000" id="3745" room="278" start="246" weeks="011111111111100111"/>
    <class days="0001000" id="3746" room="278" start="206" weeks="011110111111101111"/>
    <class days="1000000" id="3747" room="278" start="166" weeks="011111111111100111"/>
    <class days="0000100" id="3748" room="271" start="141" weeks="011111111111001111"/>
    <class days="0010000" id="3749" room="224" start="162" weeks="001010010101001010"/>
    <class days="0100000" id="3750" room="259" start="210" weeks="010101010101000101"/>
    <class days="0100000" id="3751" room="8" start="240" weeks="001010101010100010"/>
    <class days="0001000" id="3752" room="121" start="126" weeks="001010010101000000"/>
    <class days="0010000" id="3753" room="279" start="186" weeks="001010010101000000"/>
    <class days="0100000" id="3754" room="267" start="116" weeks="001010101010000000"/>
    <class days="0010000" id="3755" room="274" start="146" weeks="001010010101000000"/>
    <class days="0000100" id="3756" room="121" start="166" weeks="011111111111001111"/>
    <class days="1000000" id="3757" room="263" start="186" weeks="011111111111100111"/>
    <class days="0100000" id="3758" room="72" start="96" weeks="011111111111100111"/>
    <class days="0100000" id="3759" room="91" start="136" weeks="011111111111100111"/>
    <class days="0001000" id="3760" room="269" start="186" weeks="011110111111101111"/>
    <class days="0000100" id="3761" room="104" start="246" weeks="011111111111001111"/>
    <class days="0100000" id="3762" room="104" start="116" weeks="011111111111100111"/>
    <class days="0001000" id="3763" room="104" start="136" weeks="011110111111101111"/>
    <class days="0001000" id="3764" room="104" start="166" weeks="011110111111101111"/>
    <class days="0000100" id="3765" room="8" start="156" weeks="010101010101000101"/>
    <class days="0100000" id="3766" room="270" start="246" weeks="001010101010100010"/>
    <class days="0100000" id="3767" room="270" start="246" weeks="010101010101000101"/>
    <class days="0010000" id="3768" room="278" start="236" weeks="011110111111101111"/>
    <class days="0100000" id="3769" room="88" start="176" weeks="011111111111100111"/>
    <class days="0100000" id="3770" room="88" start="146" weeks="011111111111100111"/>
    <class days="0000100" id="3771" room="88" start="136" weeks="011111111111001111"/>
    <class days="0001000" id="3772" room="267" start="156" weeks="011110111111000000"/>
    <class days="0010000" id="3773" room="158" start="116" weeks="011110111111000000"/>
    <class days="0100000" id="3774" room="158" start="246" weeks="011111111110000000"/>
    <class days="1000000" id="3775" start="132" weeks="011111111111100111"/>
    <class days="0010000" id="3776" start="168" weeks="011110111111101111"/>
    <class days="1000000" id="3777" start="132" weeks="011111111111100111"/>
    <class days="0010000" id="3778" start="168" weeks="011110111111101111"/>
    <class days="1000000" id="3779" start="132" weeks="011111111111100111"/>
    <class days="0010000" id="3780" start="168" weeks="011110111111101111"/>
    <class days="1000000" id="3781" start="132" weeks="011111111111100111"/>
    <class days="0010000" id="3782" start="168" weeks="011110111111101111"/>
    <class days="0100000" id="3783" room="72" start="206" weeks="011111111110000000"/>
    <class days="0010000" id="3784" room="163" start="146" weeks="011110111111000000"/>
    <class days="0100000" id="3785" room="163" start="106" weeks="011111111110000000"/>
    <class days="0000100" id="3786" room="163" start="106" weeks="011111111110000000"/>
    <class days="0001000" id="3787" room="163" start="126" weeks="011110111111000000"/>
    <class days="0010000" id="3788" room="163" start="96" weeks="011110111111000000"/>
    <class days="1000000" id="3789" room="121" start="141" weeks="011111111111100111"/>
    <class days="1000000" id="3790" room="177" start="231" weeks="011111111111100111"/>
    <class days="0010000" id="3791" room="270" start="228" weeks="011110111111101111"/>
    <class days="0001000" id="3792" room="90" start="246" weeks="011110111111101111"/>
    <class days="0100000" id="3793" room="269" start="204" weeks="011111111111100111"/>
    <class days="0010000" id="3794" room="279" start="108" weeks="011110111111101111"/>
    <class days="0010000" id="3795" room="285" start="147" weeks="011110111111101111"/>
    <class days="0010000" id="3796" room="177" start="156" weeks="011110111111101111"/>
    <class days="0000100" id="3797" room="176" start="132" weeks="011111111111001111"/>
    <class days="0000100" id="3798" room="114" start="146" weeks="010101010101000101"/>
    <class days="0001000" id="3799" room="270" start="96" weeks="011110111111101111"/>
    <class days="0010000" id="3800" room="270" start="206" weeks="011110111111101111"/>
    <class days="0001000" id="3801" room="270" start="116" weeks="011110111111101111"/>
    <class days="0001000" id="3802" room="101" start="156" weeks="011110111111101111"/>
    <class days="0000100" id="3803" room="177" start="116" weeks="011111111111001111"/>
    <class days="0100000" id="3804" room="101" start="136" weeks="011111111111100111"/>
    <class days="0010000" id="3805" room="101" start="156" weeks="011110111111101111"/>
    <class days="0100000" id="3806" room="101" start="116" weeks="011111111111100111"/>
    <class days="0100000" id="3807" room="101" start="146" weeks="011111111111100111"/>
    <class days="0100000" id="3808" room="101" start="166" weeks="011111111111100111"/>
    <class days="0001000" id="3809" room="101" start="136" weeks="011110111111101111"/>
    <class days="0000100" id="3810" room="101" start="216" weeks="011111111111001111"/>
    <class days="0010000" id="3811" room="101" start="166" weeks="011110111111101111"/>
    <class days="0010000" id="3812" room="101" start="186" weeks="011110111111101111"/>
    <class days="0001000" id="3813" room="121" start="196" weeks="011110111111101111"/>
    <class days="1000000" id="3814" room="253" start="116" weeks="011111111111100111"/>
    <class days="0001000" id="3815" start="156" weeks="011110111111101111"/>
    <class days="0000100" id="3816" room="263" start="176" weeks="011111111111001111"/>
    <class days="0010000" id="3817" room="263" start="116" weeks="011110111111101111"/>
    <class days="0001000" id="3818" start="96" weeks="011110111111101111"/>
    <class days="0100000" id="3819" room="263" start="166" weeks="011111111111100111"/>
    <class days="0001000" id="3820" room="263" start="166" weeks="011110111111101111"/>
    <class days="0100000" id="3821" room="271" start="96" weeks="010101010101000101"/>
    <class days="0000100" id="3822" room="264" start="246" weeks="001010101010001010"/>
    <class days="0000100" id="3823" room="264" start="246" weeks="010101010101000101"/>
    <class days="1000000" id="3824" room="264" start="246" weeks="010101010101000101"/>
    <class days="1000000" id="3825" room="264" start="246" weeks="001010101010100010"/>
    <class days="0000100" id="3826" room="269" start="156" weeks="011111111110000000"/>
    <class days="0100000" id="3827" room="226" start="146" weeks="011111111110000000"/>
    <class days="0100000" id="3828" room="226" start="206" weeks="011111111110000000"/>
    <class days="0010000" id="3829" room="226" start="196" weeks="011110111111000000"/>
    <class days="1000000" id="3830" room="226" start="206" weeks="011111111110000000"/>
    <class days="0001000" id="3831" room="104" start="226" weeks="011110111111000000"/>
    <class days="1000000" id="3832" room="273" start="216" weeks="010101010101000101"/>
    <class days="1000000" id="3833" room="273" start="216" weeks="001010101010100010"/>
    <class days="0001000" id="3834" room="171" start="176" weeks="011110111111101111"/>
    <class days="1000000" id="3835" room="72" start="206" weeks="011111111110000000"/>
    <class days="0000100" id="3836" room="72" start="206" weeks="011111111110000000"/>
    <class days="0000100" id="3837" room="72" start="236" weeks="011111111110000000"/>
    <class days="1000000" id="3838" room="271" start="236" weeks="011111111110000000"/>
    <class days="0001000" id="3839" room="8" start="116" weeks="010100101010100101"/>
    <class days="0001000" id="3840" room="8" start="116" weeks="001010010101001010"/>
    <class days="0010000" id="3841" room="274" start="226" weeks="011110111111101111"/>
    <class days="0010000" id="3842" room="274" start="246" weeks="011110111111101111"/>
    <class days="0010000" id="3843" room="267" start="146" weeks="011110111111000000"/>
    <class days="0010000" id="3844" room="114" start="226" weeks="011110111111000000"/>
    <class days="0001000" id="3845" room="91" start="196" weeks="011110111111000000"/>
    <class days="0000100" id="3846" room="186" start="176" weeks="011111111110000000"/>
    <class days="0001000" id="3847" room="262" start="126" weeks="011110111111000000"/>
    <class days="0001000" id="3848" room="262" start="156" weeks="011110111111000000"/>
    <class days="0001000" id="3849" room="262" start="186" weeks="011110111111000000"/>
    <class days="0010000" id="3850" room="273" start="96" weeks="011110111111000000"/>
    <class days="0100000" id="3851" start="123" weeks="011111111111100111"/>
    <class days="0100000" id="3852" start="123" weeks="011111111111100111"/>
    <class days="0100000" id="3853" start="132" weeks="011111111111100111"/>
    <class days="0100000" id="3854" start="132" weeks="011111111111100111"/>
    <class days="0100000" id="3855" start="132" weeks="011111111111100111"/>
    <class days="0100000" id="3856" start="132" weeks="011111111111100111"/>
    <class days="0100000" id="3857" room="267" start="166" weeks="011111111111100111"/>
    <class days="0010000" id="3858" room="269" start="116" weeks="010100101010100101"/>
    <class days="0010000" id="3859" room="267" start="96" weeks="011110111111101111"/>
    <class days="0100000" id="3860" room="263" start="126" weeks="010101010101000101"/>
    <class days="0000100" id="3861" room="253" start="136" weeks="001010101010001010"/>
    <class days="0100000" id="3862" room="274" start="226" weeks="010101010101000101"/>
    <class days="0100000" id="3863" room="262" start="206" weeks="001010101010100010"/>
    <class days="0100000" id="3864" room="162" start="96" weeks="001010101010100010"/>
    <class days="0100000" id="3865" room="162" start="96" weeks="010101010101000101"/>
    <class days="0000100" id="3866" room="262" start="196" weeks="001010101010001010"/>
    <class days="0000100" id="3867" room="262" start="196" weeks="010101010101000101"/>
    <class days="0100000" id="3868" room="8" start="246" weeks="010101010101000101"/>
    <class days="0100000" id="3869" room="265" start="96" weeks="001010101010100010"/>
    <class days="0001000" id="3870" room="90" start="96" weeks="011110111111101111"/>
    <class days="0010000" id="3871" room="90" start="96" weeks="011110111111101111"/>
    <class days="1000000" id="3872" room="163" start="206" weeks="010101010101000101"/>
    <class days="1000000" id="3873" room="163" start="176" weeks="011111111111100111"/>
    <class days="0100000" id="3874" room="253" start="196" weeks="011111111111100111"/>
    <class days="0000100" id="3875" room="274" start="216" weeks="010101010101000101"/>
    <class days="1000000" id="3876" room="253" start="206" weeks="011111111111100111"/>
    <class days="0100000" id="3877" room="279" start="196" weeks="011111111111100111"/>
    <class days="0100000" id="3878" room="274" start="166" weeks="010101010101000101"/>
    <class days="1000000" id="3879" room="262" start="246" weeks="001010101010100010"/>
    <class days="0001000" id="3880" room="253" start="106" weeks="010100101010100101"/>
    <class days="0001000" id="3881" room="90" start="156" weeks="011110111111101111"/>
    <class days="0100000" id="3882" room="121" start="206" weeks="011111111111100111"/>
    <class days="0001000" id="3883" room="263" start="216" weeks="001010010101001010"/>
    <class days="0010000" id="3884" room="263" start="196" weeks="011110111111101111"/>
    <class days="0001000" id="3885" start="206" weeks="001010010101001010"/>
    <class days="0001000" id="3886" room="195" start="156" weeks="011110111111101111"/>
    <class days="0000100" id="3887" room="93" start="186" weeks="011111111111001111"/>
    <class days="0010000" id="3888" room="93" start="236" weeks="011110111111101111"/>
    <class days="0100000" id="3889" room="274" start="206" weeks="011111111111100111"/>
    <class days="0000100" id="3890" room="118" start="116" weeks="011111111111001111"/>
    <class days="0001000" id="3891" room="118" start="136" weeks="011110111111101111"/>
    <class days="0001000" id="3892" room="90" start="206" weeks="011110111111101111"/>
    <class days="0100000" id="3893" room="114" start="216" weeks="011111111111100111"/>
    <class days="0100000" id="3894" room="114" start="236" weeks="011111111111100111"/>
    <class days="0100000" id="3895" room="271" start="166" weeks="011111111111100111"/>
    <class days="0100000" id="3896" room="279" start="126" weeks="010101010101000101"/>
    <class days="0100000" id="3897" room="267" start="96" weeks="011111111111100111"/>
    <class days="1000000" id="3898" room="267" start="176" weeks="011111111111100111"/>
    <class days="0010000" id="3899" room="136" start="114" weeks="010100101010100101"/>
    <class days="0000100" id="3900" room="123" start="147" weeks="011111111111001111"/>
    <class days="1000000" id="3901" room="121" start="206" weeks="011111111111100111"/>
    <class days="0100000" id="3902" room="121" start="226" weeks="011111111111100111"/>
    <class days="0010000" id="3903" start="96" weeks="011110111111101111"/>
    <class days="0010000" id="3904" start="96" weeks="011110111111101111"/>
    <class days="0010000" id="3905" start="96" weeks="011110111111101111"/>
    <class days="0010000" id="3906" start="96" weeks="011110111111101111"/>
    <class days="0010000" id="3907" start="96" weeks="011110111111101111"/>
    <class days="0010000" id="3908" start="96" weeks="011110111111101111"/>
    <class days="0010000" id="3909" start="96" weeks="011110111111101111"/>
    <class days="0001000" id="3910" room="274" start="166" weeks="010100101010100101"/>
    <class days="0001000" id="3911" room="274" start="166" weeks="001010010101001010"/>
    <class days="1000000" id="3912" room="163" start="106" weeks="011111111111100111"/>
    <class days="0100000" id="3913" room="163" start="166" weeks="011111111111100111"/>
    <class days="0000100" id="3914" room="271" start="116" weeks="001010101010001010"/>
    <class days="0000100" id="3915" room="270" start="186" weeks="011111111111001111"/>
    <class days="0010000" id="3916" room="85" start="136" weeks="011110111111101111"/>
    <class days="0001000" id="3917" room="228" start="206" weeks="011110111111101111"/>
    <class days="0010000" id="3918" room="228" start="156" weeks="011110111111101111"/>
    <class days="0010000" id="3919" room="274" start="126" weeks="011110111111101111"/>
    <class days="0100000" id="3920" room="267" start="236" weeks="011111111111100111"/>
    <class days="0100000" id="3921" room="274" start="186" weeks="011111111111100111"/>
    <class days="0010000" id="3922" room="90" start="166" weeks="011110111111101111"/>
    <class days="0000100" id="3923" room="90" start="96" weeks="011111111111001111"/>
    <class days="1000000" id="3924" room="104" start="126" weeks="011111111111100111"/>
    <class days="0100000" id="3925" room="104" start="176" weeks="011111111111100111"/>
    <class days="0100000" id="3926" room="263" start="226" weeks="011111111111100111"/>
    <class days="0100000" id="3927" room="263" start="196" weeks="011111111111100111"/>
    <class days="0001000" id="3928" room="259" start="156" weeks="001010010101001010"/>
    <class days="0000100" id="3929" room="267" start="106" weeks="011111111111001111"/>
    <class days="1000000" id="3930" room="279" start="176" weeks="011111111111100111"/>
    <class days="0000100" id="3931" room="118" start="166" weeks="011111111111001111"/>
    <class days="0100000" id="3932" room="118" start="156" weeks="011111111111100111"/>
    <class days="0001000" id="3933" room="262" start="216" weeks="001010010101001010"/>
    <class days="1000000" id="3934" room="228" start="216" weeks="011111111111100111"/>
    <class days="0000100" id="3935" room="273" start="196" weeks="001010101010001010"/>
    <class days="0100000" id="3936" room="270" start="96" weeks="011111111111100111"/>
    <class days="0100000" id="3937" room="114" start="186" weeks="011111111111100111"/>
    <class days="0010000" id="3938" room="262" start="228" weeks="010100101010100101"/>
    <class days="0010000" id="3939" room="262" start="228" weeks="001010010101001010"/>
    <class days="0010000" id="3940" room="162" start="126" weeks="011110111111101111"/>
    <class days="0010000" id="3941" room="118" start="156" weeks="001010010101001010"/>
    <class days="1000000" id="3942" room="262" start="106" weeks="001010101010100010"/>
    <class days="0010000" id="3943" room="262" start="126" weeks="011110111111101111"/>
    <class days="0001000" id="3944" room="72" start="196" weeks="011110111111101111"/>
    <class days="0001000" id="3945" room="273" start="96" weeks="010100101010100101"/>
    <class days="1000000" id="3946" room="93" start="246" weeks="011111111111100111"/>
    <class days="0001000" id="3947" room="93" start="176" weeks="011110111111101111"/>
    <class days="0001000" id="3948" room="273" start="96" weeks="001010010101001010"/>
    <class days="0010000" id="3949" room="143" start="96" weeks="011110111111101111"/>
    <class days="1000000" id="3950" room="88" start="146" weeks="011111111111100111"/>
    <class days="0000100" id="3951" room="273" start="226" weeks="010101010101000101"/>
    <class days="0100000" id="3952" room="93" start="236" weeks="011111111111100111"/>
    <class days="0000100" id="3953" room="93" start="246" weeks="011111111111001111"/>
    <class days="0000100" id="3954" room="8" start="156" weeks="001010101010001010"/>
    <class days="0001000" id="3955" room="263" start="236" weeks="011110111111101111"/>
    <class days="0010000" id="3956" room="263" start="226" weeks="011110111111101111"/>
    <class days="0001000" id="3957" room="263" start="96" weeks="011110111111101111"/>
    <class days="1000000" id="3958" room="270" start="106" weeks="011111111111100111"/>
    <class days="1000000" id="3959" room="270" start="126" weeks="011111111111100111"/>
    <class days="0000100" id="3960" room="270" start="126" weeks="011111111111001111"/>
    <class days="0001000" id="3961" room="90" start="186" weeks="001010010101001010"/>
    <class days="1000000" id="3962" room="274" start="226" weeks="011111111111100111"/>
    <class days="0001000" id="3963" room="274" start="236" weeks="011110111111101111"/>
    <class days="0010000" id="3964" room="274" start="198" weeks="011110111111101111"/>
    <class days="1000000" id="3965" room="253" start="176" weeks="010101010101000101"/>
    <class days="0100000" id="3966" room="253" start="216" weeks="010101010101000101"/>
    <class days="0000100" id="3967" room="253" start="216" weeks="001010101010001010"/>
    <class days="0000100" id="3968" room="269" start="176" weeks="011111111111001111"/>
    <class days="0100000" id="3969" room="262" start="166" weeks="011111111111100111"/>
    <class days="0100000" id="3970" room="262" start="186" weeks="010101010101000101"/>
    <class days="0000100" id="3971" room="104" start="186" weeks="000000001111001111"/>
    <class days="0100000" id="3972" room="104" start="136" weeks="000000001111100111"/>
    <class days="1000000" id="3973" room="279" start="206" weeks="011111111111100111"/>
    <class days="0100000" id="3974" room="273" start="146" weeks="011111111111100111"/>
    <class days="0001000" id="3975" room="273" start="126" weeks="001010010101001010"/>
    <class days="0010000" id="3976" room="265" start="176" weeks="011110111111101111"/>
    <class days="1000000" id="3977" room="121" start="246" weeks="011111111111100111"/>
    <class days="0100000" id="3978" room="267" start="126" weeks="010101010101000101"/>
    <class days="0010000" id="3979" room="253" start="136" weeks="001010010101001010"/>
    <class days="0010000" id="3980" room="186" start="156" weeks="001010010101001010"/>
    <class days="0100000" id="3981" room="274" start="246" weeks="011111111111100111"/>
    <class days="0010000" id="3982" room="267" start="236" weeks="001010010101001010"/>
    <class days="0000100" id="3983" room="91" start="186" weeks="011111111111001111"/>
    <class days="0000100" id="3984" room="264" start="146" weeks="010101010101000101"/>
    <class days="0001000" id="3985" room="264" start="196" weeks="010100101010100101"/>
    <class days="0100000" id="3986" room="228" start="116" weeks="011111111111100111"/>
    <class days="0001000" id="3987" room="259" start="116" weeks="001010010101001010"/>
    <class days="0000100" id="3988" room="85" start="116" weeks="011111111111001111"/>
    <class days="1000000" id="3989" room="186" start="236" weeks="010101010101000101"/>
    <class days="1000000" id="3990" room="186" start="236" weeks="001010101010100010"/>
    <class days="0010000" id="3991" room="265" start="136" weeks="001010010101001010"/>
    <class days="0010000" id="3992" room="265" start="196" weeks="010100101010100101"/>
    <class days="1000000" id="3993" room="176" start="141" weeks="010101010101000101"/>
    <class days="0010000" id="3994" room="176" start="156" weeks="010100101010100101"/>
    <class days="1000000" id="3995" room="269" start="246" weeks="001010101010100010"/>
    <class days="0100000" id="3996" room="269" start="236" weeks="010101010101000101"/>
    <class days="0100000" id="3997" room="269" start="246" weeks="001010101010100010"/>
    <class days="0001000" id="3998" room="271" start="146" weeks="011110111111101111"/>
    <class days="0001000" id="3999" room="271" start="186" weeks="011110111111101111"/>
    <class days="0001000" id="4000" room="91" start="236" weeks="011110111111101111"/>
    <class days="0001000" id="4001" room="186" start="206" weeks="011110111111101111"/>
    <class days="0100000" id="4002" room="271" start="222" weeks="011111111111100111"/>
    <class days="0000100" id="4003" room="121" start="222" weeks="011111111111001111"/>
    <class days="0000100" id="4004" room="305" start="228" weeks="011111111111001111"/>
    <class days="1000000" id="4005" room="262" start="144" weeks="011111111111100111"/>
    <class days="0010000" id="4006" room="97" start="99" weeks="011110111111101111"/>
    <class days="0010000" id="4007" room="262" start="93" weeks="011110111111101111"/>
    <class days="1000000" id="4008" room="72" start="96" weeks="011111111111100111"/>
    <class days="0010000" id="4009" room="121" start="192" weeks="011110111111101111"/>
    <class days="0010000" id="4010" room="269" start="136" weeks="001010010101001010"/>
    <class days="0010000" id="4011" room="280" start="96" weeks="011110111111101111"/>
    <class days="0100000" id="4012" room="280" start="156" weeks="011111111111100111"/>
    <class days="0001000" id="4013" room="271" start="206" weeks="011110111111000000"/>
    <class days="1000000" id="4014" room="280" start="136" weeks="011111111110000000"/>
    <class days="0010000" id="4015" room="280" start="136" weeks="011110111111000000"/>
    <class days="0010000" id="4016" room="280" start="146" weeks="011110111111000000"/>
    <class days="0100000" id="4017" start="146" weeks="011111111111100111"/>
    <class days="0000100" id="4018" room="269" start="136" weeks="010101010101000101"/>
    <class days="0000100" id="4019" room="269" start="136" weeks="001010101010001010"/>
    <class days="0000100" id="4020" room="263" start="156" weeks="001010101010001010"/>
    <class days="1000000" id="4021" room="91" start="216" weeks="011111111110000000"/>
    <class days="0001000" id="4022" room="94" start="216" weeks="011110111111000000"/>
    <class days="0000100" id="4023" room="94" start="176" weeks="011111111110000000"/>
    <class days="0000100" id="4024" room="94" start="236" weeks="011111111110000000"/>
    <class days="0010000" id="4025" room="121" start="206" weeks="011110111111101111"/>
    <class days="0010000" id="4026" room="270" start="126" weeks="001010010101001010"/>
    <class days="0010000" id="4027" room="270" start="126" weeks="010100101010100101"/>
    <class days="0010000" id="4028" room="114" start="96" weeks="001010010101001010"/>
    <class days="0100000" id="4029" room="271" start="146" weeks="011111111111100111"/>
    <class days="0010000" id="4030" room="72" start="246" weeks="011110111111101111"/>
    <class days="0000100" id="4031" room="140" start="116" weeks="011111111111001111"/>
    <class days="0001000" id="4032" room="253" start="186" weeks="011110111111101111"/>
    <class days="1000000" id="4033" room="121" start="116" weeks="011111111111100111"/>
    <class days="0000100" id="4034" room="267" start="196" weeks="010101010101000101"/>
    <class days="0000100" id="4035" room="267" start="196" weeks="001010101010001010"/>
    <class days="0000100" id="4036" room="273" start="166" weeks="001010101010001010"/>
    <class days="0010000" id="4037" room="269" start="116" weeks="001010010101001010"/>
    <class days="0100000" id="4038" room="280" start="136" weeks="011111111111100111"/>
    <class days="1000000" id="4039" room="280" start="116" weeks="011111111111100111"/>
    <class days="1000000" id="4040" start="132" weeks="011111111111100111"/>
    <class days="0010000" id="4041" start="168" weeks="011110111111101111"/>
    <class days="1000000" id="4042" start="132" weeks="011111111111100111"/>
    <class days="0010000" id="4043" start="168" weeks="011110111111101111"/>
    <class days="0001000" id="4044" room="121" start="136" weeks="010100101010100101"/>
    <class days="0010000" id="4045" room="185" start="146" weeks="010100101010100101"/>
    <class days="0010000" id="4046" room="185" start="146" weeks="001010010101001010"/>
    <class days="0001000" id="4047" room="185" start="106" weeks="001010010101001010"/>
    <class days="0000100" id="4048" room="91" start="146" weeks="011111111111001111"/>
    <class days="0010000" id="4049" room="185" start="96" weeks="011110111111101111"/>
    <class days="0100000" id="4050" room="185" start="156" weeks="011111111111100111"/>
    <class days="1000000" id="4051" room="185" start="126" weeks="011111111111100111"/>
    <class days="1000000" id="4052" room="185" start="96" weeks="011111111111100111"/>
    <class days="0001000" id="4053" room="185" start="166" weeks="011110111111101111"/>
    <class days="0100000" id="4054" room="177" start="146" weeks="011111111111100111"/>
    <class days="0001000" id="4055" room="259" start="136" weeks="010100101010100101"/>
    <class days="0001000" id="4056" room="259" start="136" weeks="001010010101001010"/>
    <class days="0100000" id="4057" room="91" start="216" weeks="001010101010100010"/>
    <class days="0001000" id="4058" room="8" start="96" weeks="010100101010100101"/>
    <class days="0000100" id="4059" room="280" start="116" weeks="011111111111001111"/>
    <class days="0000100" id="4060" room="280" start="216" weeks="011111111111001111"/>
    <class days="0001000" id="4061" room="177" start="216" weeks="001010010101001010"/>
    <class days="0100000" id="4062" room="278" start="136" weeks="011111111111100111"/>
    <class days="0010000" id="4063" room="278" start="116" weeks="011110111111101111"/>
    <class days="0001000" id="4064" room="278" start="106" weeks="011110111111101111"/>
    <class days="0100000" id="4065" room="91" start="196" weeks="010101010101000101"/>
    <class days="0000100" id="4066" room="280" start="246" weeks="011111111111001111"/>
    <class days="0100000" id="4067" room="280" start="246" weeks="011111111111100111"/>
    <class days="0100000" id="4068" room="91" start="216" weeks="010101010101000101"/>
    <class days="0010000" id="4069" room="280" start="216" weeks="011110111111101111"/>
    <class days="0100000" id="4070" room="280" start="116" weeks="011111111111100111"/>
    <class days="0001000" id="4071" room="280" start="206" weeks="011110111111000000"/>
    <class days="1000000" id="4072" room="280" start="206" weeks="011111111110000000"/>
    <class days="0010000" id="4073" room="280" start="236" weeks="011110111111000000"/>
    <class days="0010000" id="4074" room="264" start="186" weeks="011110111111000000"/>
    <class days="0010000" id="4075" room="264" start="206" weeks="011110111111000000"/>
    <class days="0010000" id="4076" room="271" start="156" weeks="011110111111000000"/>
    <class days="0010000" id="4077" room="8" start="206" weeks="011110111111101111"/>
    <class days="0100000" id="4078" room="94" start="186" weeks="011111111111100111"/>
    <class days="0010000" id="4079" room="94" start="186" weeks="011110111111101111"/>
    <class days="0100000" id="4080" room="94" start="136" weeks="011111111111100111"/>
    <class days="0001000" id="4081" room="91" start="176" weeks="011110111111101111"/>
    <class days="0000100" id="4082" room="88" start="216" weeks="001010101010001010"/>
    <class days="0000100" id="4083" room="88" start="216" weeks="010101010101000101"/>
    <class days="0100000" id="4084" room="88" start="246" weeks="001010101010100010"/>
    <class days="1000000" id="4085" room="8" start="216" weeks="011111111110000000"/>
    <class days="0000100" id="4086" room="280" start="156" weeks="011111111110000000"/>
    <class days="0000100" id="4087" room="280" start="186" weeks="011111111110000000"/>
    <class days="0001000" id="4088" room="280" start="176" weeks="011110111111000000"/>
    <class days="0010000" id="4089" room="8" start="176" weeks="011110111111101111"/>
    <class days="0010000" id="4090" room="280" start="196" weeks="011110111111101111"/>
    <class days="1000000" id="4091" room="280" start="186" weeks="011111111111100111"/>
    <class days="0001000" id="4092" room="206" start="114" weeks="011110111111101111"/>
    <class days="0001000" id="4093" room="204" start="114" weeks="011110111111101111"/>
    <class days="0001000" id="4094" room="135" start="114" weeks="011110111111101111"/>
    <class days="0001000" id="4095" room="206" start="150" weeks="011110111111101111"/>
    <class days="0100000" id="4096" room="8" start="96" weeks="011111111111100111"/>
    <class days="0010000" id="4097" room="278" start="146" weeks="011110111111101111"/>
    <class days="0010000" id="4098" room="278" start="206" weeks="011110111111101111"/>
    <class days="0010000" id="4099" room="278" start="186" weeks="011110111111101111"/>
    <class days="0100000" id="4100" room="114" start="126" weeks="001010101010100010"/>
    <class days="0000100" id="4101" room="280" start="136" weeks="011111111111001111"/>
    <class days="0000100" id="4102" room="280" start="96" weeks="011111111111001111"/>
    <class days="0001000" id="4103" room="269" start="166" weeks="011110111111101111"/>
    <class days="0010000" id="4104" room="88" start="116" weeks="011110111111101111"/>
    <class days="0100000" id="4105" room="8" start="146" weeks="001010101010100010"/>
    <class days="0100000" id="4106" room="280" start="96" weeks="010101010101000101"/>
    <class days="0100000" id="4107" room="269" start="186" weeks="011111111111100111"/>
    <class days="0001000" id="4108" room="195" start="116" weeks="011110111111101111"/>
    <class days="0000100" id="4109" room="90" start="136" weeks="011111111111001111"/>
    <class days="1000000" id="4110" room="90" start="226" weeks="011111111111100111"/>
    <class days="0000100" id="4111" room="72" start="146" weeks="010101010101000101"/>
    <class days="0010000" id="4112" room="270" start="106" weeks="010100101010100101"/>
    <class days="0010000" id="4113" room="185" start="206" weeks="001010010101001010"/>
    <class days="0010000" id="4114" room="185" start="206" weeks="010100101010100101"/>
    <class days="0001000" id="4115" room="185" start="226" weeks="001010010101001010"/>
    <class days="0001000" id="4116" room="185" start="226" weeks="010100101010100101"/>
    <class days="0100000" id="4117" room="271" start="186" weeks="011111111111100111"/>
    <class days="0001000" id="4118" room="213" start="146" weeks="011110111111101111"/>
    <class days="1000000" id="4119" room="267" start="156" weeks="011111111111100111"/>
    <class days="1000000" id="4120" room="90" start="156" weeks="011111111111100111"/>
    <class days="1000000" id="4121" room="186" start="156" weeks="011111111111100111"/>
    <class days="1000000" id="4122" room="263" start="156" weeks="011111111111100111"/>
    <class days="1000000" id="4123" room="62" start="156" weeks="011111111111100111"/>
    <class days="1000000" id="4124" room="279" start="156" weeks="011111111111100111"/>
    <class days="1000000" id="4125" room="114" start="156" weeks="011111111111100111"/>
    <class days="1000000" id="4126" room="264" start="156" weeks="011111111111100111"/>
    <class days="1000000" id="4127" room="273" start="156" weeks="011111111111100111"/>
    <class days="1000000" id="4128" room="259" start="156" weeks="011111111111100111"/>
    <class days="1000000" id="4129" room="149" start="106" weeks="011111111111100111"/>
    <class days="0001000" id="4130" room="101" start="216" weeks="011110111111101111"/>
    <class days="0010000" id="4131" start="106" weeks="011110111111101111"/>
    <class days="0100000" id="4132" room="91" start="166" weeks="011111111110000000"/>
    <class days="0001000" id="4133" room="259" start="226" weeks="011110111111000000"/>
    <class days="1000000" id="4134" room="121" start="186" weeks="011111111110000000"/>
    <class days="1000000" id="4135" room="177" start="198" weeks="011111111111100111"/>
    <class days="0100000" id="4136" room="121" start="136" weeks="011111111111100111"/>
    <class days="0100000" id="4137" room="102" start="166" weeks="011111111111100111"/>
    <class days="0010000" id="4138" room="102" start="146" weeks="011110111111101111"/>
    <class days="0010000" id="4139" room="102" start="166" weeks="011110111111101111"/>
    <class days="0001000" id="4140" room="102" start="156" weeks="011110111111101111"/>
    <class days="0001000" id="4141" room="102" start="196" weeks="011110111111101111"/>
    <class days="0000100" id="4142" room="102" start="176" weeks="011111111111001111"/>
    <class days="0100000" id="4143" room="91" start="246" weeks="011111111110000000"/>
    <class days="0100000" id="4144" room="93" start="186" weeks="011111110000000000"/>
    <class days="1000000" id="4145" room="93" start="236" weeks="011111110000000000"/>
    <class days="0000100" id="4146" room="292" start="176" weeks="011111111110000000"/>
    <class days="0000100" id="4147" room="214" start="96" weeks="011111111110000000"/>
    <class days="0000100" id="4148" room="213" start="226" weeks="011111111110000000"/>
    <class days="0000100" id="4149" room="213" start="206" weeks="011111111110000000"/>
    <class days="1000000" id="4150" room="91" start="186" weeks="011111111110000000"/>
    <class days="0010000" id="4151" room="93" start="136" weeks="011110111000000000"/>
    <class days="1000000" id="4152" room="93" start="116" weeks="011111110000000000"/>
    <class days="0010000" id="4153" room="93" start="166" weeks="011110111111000000"/>
    <class days="0100000" id="4154" room="93" start="126" weeks="011111111110000000"/>
    <class days="0001000" id="4155" room="93" start="116" weeks="011110111111000000"/>
    <class days="0010000" id="4156" room="93" start="116" weeks="011110111111000000"/>
    <class days="0001000" id="4157" room="270" start="146" weeks="011110111000000000"/>
    <class days="0100000" id="4158" room="264" start="96" weeks="011111110000000000"/>
    <class days="0001000" id="4159" room="271" start="126" weeks="011110111111000000"/>
    <class days="0001000" id="4160" room="195" start="186" weeks="011110111000000000"/>
    <class days="0010000" id="4161" room="88" start="226" weeks="011110111000000000"/>
    <class days="0000100" id="4162" room="214" start="226" weeks="011111111110000000"/>
    <class days="0000100" id="4163" room="214" start="206" weeks="011111111110000000"/>
    <class days="0000100" id="4164" room="213" start="146" weeks="011111111110000000"/>
    <class days="0000100" id="4165" room="292" start="96" weeks="011111111110000000"/>
    <class days="0000100" id="4166" room="90" start="246" weeks="011111111111001111"/>
    <class days="1000000" id="4167" room="279" start="106" weeks="001010101010100010"/>
    <class days="0000100" id="4168" room="271" start="166" weeks="010101010101000101"/>
    <class days="0000100" id="4169" room="267" start="166" weeks="001010101010001010"/>
    <class days="0000100" id="4170" room="267" start="216" weeks="001010101010001010"/>
    <class days="1000000" id="4171" room="8" start="116" weeks="001010101010100010"/>
    <class days="0001000" id="4172" room="100" start="226" weeks="001010010101000000"/>
    <class days="0001000" id="4173" room="100" start="226" weeks="010100101010000000"/>
    <class days="0100000" id="4174" room="100" start="236" weeks="010101010100000000"/>
    <class days="0100000" id="4175" room="100" start="216" weeks="001010101010000000"/>
    <class days="0000100" id="4176" room="100" start="206" weeks="001010101010000000"/>
    <class days="0000100" id="4177" room="100" start="206" weeks="010101010100000000"/>
    <class days="1000000" id="4178" room="271" start="216" weeks="011111111111100111"/>
    <class days="0001000" id="4179" room="259" start="246" weeks="011110111111101111"/>
    <class days="0000100" id="4180" room="259" start="116" weeks="011111111111001111"/>
    <class days="0100000" id="4181" room="259" start="186" weeks="011111111111100111"/>
    <class days="0010000" id="4182" room="267" start="196" weeks="011110111111101111"/>
    <class days="0100000" id="4183" room="269" start="96" weeks="000000001111100111"/>
    <class days="0010000" id="4184" room="261" start="236" weeks="011110111111101111"/>
    <class days="1000000" id="4185" room="261" start="96" weeks="011111111111100111"/>
    <class days="0010000" id="4186" room="261" start="106" weeks="011110111111101111"/>
    <class days="0000100" id="4187" room="261" start="186" weeks="011111111111001111"/>
    <class days="1000000" id="4188" room="72" start="186" weeks="011111111110000000"/>
    <class days="0000100" id="4189" room="88" start="156" weeks="011111111110000000"/>
    <class days="1000000" id="4190" room="271" start="196" weeks="011111111111100111"/>
    <class days="0001000" id="4191" room="267" start="246" weeks="011110111111101111"/>
    <class days="0001000" id="4192" room="267" start="96" weeks="011110111111101111"/>
    <class days="0010000" id="4193" room="8" start="136" weeks="011110111000000000"/>
    <class days="0100000" id="4194" room="278" start="206" weeks="011111111111100111"/>
    <class days="0001000" id="4195" room="278" start="186" weeks="011110111111101111"/>
    <class days="0000100" id="4196" room="278" start="216" weeks="011111111111001111"/>
    <class days="0100000" id="4197" room="8" start="176" weeks="011111111111100111"/>
    <class days="0001000" id="4198" room="274" start="96" weeks="010100101010100101"/>
    <class days="0001000" id="4199" room="274" start="96" weeks="001010010101001010"/>
    <class days="0000100" id="4200" room="177" start="246" weeks="011111111111001111"/>
    <class days="0001000" id="4201" room="273" start="206" weeks="010100101010100101"/>
    <class days="0001000" id="4202" room="273" start="126" weeks="010100101010100101"/>
    <class days="0001000" id="4203" room="265" start="156" weeks="010100101010100101"/>
    <class days="0010000" id="4204" room="267" start="116" weeks="011110111111101111"/>
    <class days="0100000" id="4205" room="279" start="96" weeks="011111111111100111"/>
    <class days="1000000" id="4206" start="132" weeks="011111111111100111"/>
    <class days="0010000" id="4207" start="168" weeks="011110111111101111"/>
    <class days="1000000" id="4208" start="132" weeks="011111111111100111"/>
    <class days="0010000" id="4209" start="168" weeks="011110111111101111"/>
    <class days="1000000" id="4210" start="132" weeks="011111111111100111"/>
    <class days="0010000" id="4211" start="168" weeks="011110111111101111"/>
    <class days="0000100" id="4212" room="177" start="147" weeks="011111111111001111"/>
    <class days="0001000" id="4213" room="305" start="243" weeks="011110111111101111"/>
    <class days="0010000" id="4214" room="82" start="120" weeks="011110111111101111"/>
    <class days="1000000" id="4215" room="253" start="144" weeks="011111111111100111"/>
    <class days="0010000" id="4216" room="259" start="189" weeks="001010010101001010"/>
    <class days="0010000" id="4217" room="195" start="204" weeks="010100101010100101"/>
    <class days="0010000" id="4218" room="211" start="144" weeks="010100101010100101"/>
    <class days="0000100" id="4219" room="270" start="246" weeks="010101010101000101"/>
    <class days="0010000" id="4220" start="150" weeks="010100101010100101"/>
    <class days="0100000" id="4221" room="279" start="174" weeks="010101010101000101"/>
    <class days="0010000" id="4222" room="253" start="96" weeks="011110000000000000"/>
    <class days="1000000" id="4223" room="143" start="156" weeks="011111111110000000"/>
    <class days="0001000" id="4224" room="8" start="186" weeks="011110111111101111"/>
    <class days="0001000" id="4225" room="101" start="116" weeks="011110111111101111"/>
    <class days="1000000" id="4226" room="101" start="126" weeks="011111111111100111"/>
    <class days="1000000" id="4227" room="101" start="206" weeks="011111111111100111"/>
    <class days="0010000" id="4228" room="101" start="236" weeks="011110111111101111"/>
    <class days="1000000" id="4229" room="259" start="102" weeks="001010101010100010"/>
    <class days="0000100" id="4230" room="274" start="123" weeks="010101010101000101"/>
    <class days="0000100" id="4231" room="274" start="165" weeks="010101010101000101"/>
    <class days="1000000" id="4232" start="183" weeks="010101010101000101"/>
    <class days="0000100" id="4233" room="224" start="123" weeks="001010101010001010"/>
    <class days="0001000" id="4234" room="8" start="156" weeks="011110111111101111"/>
    <class days="0010000" id="4235" room="259" start="116" weeks="001010010101001010"/>
    <class days="0010000" id="4236" room="259" start="116" weeks="010100101010100101"/>
    <class days="0001000" id="4237" start="156" weeks="011110111111101111"/>
    <class days="0000100" id="4238" room="264" start="166" weeks="010101010101000101"/>
    <class days="0010000" id="4239" room="72" start="176" weeks="001010010101001010"/>
    <class days="0001000" id="4240" room="267" start="136" weeks="010100101010100101"/>
    <class days="0001000" id="4241" room="267" start="136" weeks="001010010101001010"/>
    <class days="0000100" id="4242" room="93" start="116" weeks="011111111111001111"/>
    <class days="0010000" id="4243" room="93" start="206" weeks="011110111111101111"/>
    <class days="0000100" id="4244" room="271" start="116" weeks="010101010101000101"/>
    <class days="1000000" id="4245" room="279" start="136" weeks="010101010101000101"/>
    <class days="1000000" id="4246" room="279" start="116" weeks="010101010101000101"/>
    <class days="0010000" id="4247" room="262" start="196" weeks="010100101010100101"/>
    <class days="0001000" id="4248" room="177" start="156" weeks="011110111111000000"/>
    <class days="1000000" id="4249" room="90" start="96" weeks="011111110000000000"/>
    <class days="0100000" id="4250" room="267" start="156" weeks="011111110000000000"/>
    <class days="0000100" id="4251" room="214" start="176" weeks="011111111110000000"/>
    <class days="0000100" id="4252" room="214" start="156" weeks="011111111110000000"/>
    <class days="0000100" id="4253" room="214" start="136" weeks="011111111110000000"/>
    <class days="0000100" id="4254" room="213" start="186" weeks="011111111110000000"/>
    <class days="0000100" id="4255" room="269" start="195" weeks="010101010101000101"/>
    <class days="0100000" id="4256" room="284" start="198" weeks="010101010101000101"/>
    <class days="1000000" id="4257" room="284" start="96" weeks="010101010101000101"/>
    <class days="0010000" id="4258" room="270" start="186" weeks="011110111111101111"/>
    <class days="0100000" id="4259" room="151" start="126" weeks="011111111111100111"/>
    <class days="0001000" id="4260" room="91" start="116" weeks="011110111111101111"/>
    <class days="0001000" id="4261" room="114" start="146" weeks="001010010101001010"/>
    <class days="0001000" id="4262" room="114" start="146" weeks="010100101010100101"/>
    <class days="0000100" id="4263" start="156" weeks="011111111110000000"/>
    <class days="0001000" id="4264" room="104" start="196" weeks="011110111111000000"/>
    <class days="0010000" id="4265" room="104" start="116" weeks="011110111111000000"/>
    <class days="0001000" id="4266" room="265" start="116" weeks="011110111111101111"/>
    <class days="1000000" id="4267" room="262" start="206" weeks="011111111111100111"/>
    <class days="1000000" id="4268" room="262" start="186" weeks="011111111111100111"/>
    <class days="0001000" id="4269" start="116" weeks="011110111111101111"/>
    <class days="0100000" id="4270" room="262" start="226" weeks="011111111111100111"/>
    <class days="0010000" id="4271" room="90" start="146" weeks="001010010101001010"/>
    <class days="0001000" id="4272" room="273" start="166" weeks="010100101010100101"/>
    <class days="0001000" id="4273" room="273" start="166" weeks="001010010101001010"/>
    <class days="0001000" id="4274" room="151" start="96" weeks="011110111111000000"/>
    <class days="0010000" id="4275" room="91" start="136" weeks="011110111111000000"/>
    <class days="0010000" id="4276" room="262" start="246" weeks="011110111111000000"/>
    <class days="0010000" id="4277" room="114" start="116" weeks="011110111100000000"/>
    <class days="0001000" id="4278" room="163" start="96" weeks="011110111111101111"/>
    <class days="1000000" id="4279" room="163" start="236" weeks="011111111111100111"/>
    <class days="0010000" id="4280" start="116" weeks="011110111100000000"/>
    <class days="0000100" id="4281" room="278" start="156" weeks="011111111111001111"/>
    <class days="0000100" id="4282" start="156" weeks="001010101010001010"/>
    <class days="0001000" id="4283" room="94" start="96" weeks="011110111111101111"/>
    <class days="0100000" id="4284" room="88" start="116" weeks="011111111111100111"/>
    <class days="0000100" id="4285" room="94" start="116" weeks="011111111111001111"/>
    <class days="0000100" id="4286" room="271" start="96" weeks="001010101010001010"/>
    <class days="0001000" id="4287" room="267" start="196" weeks="011110111111000000"/>
    <class days="0100000" id="4288" room="273" start="216" weeks="011111110000000000"/>
    <class days="0010000" id="4289" start="141" weeks="011110111111101111"/>
    <class days="0010000" id="4290" start="141" weeks="011110111111101111"/>
    <class days="0010000" id="4291" start="141" weeks="011110111111101111"/>
    <class days="0010000" id="4292" start="141" weeks="011110111111101111"/>
    <class days="0000100" id="4293" room="279" start="226" weeks="011111111110000000"/>
    <class days="0000100" id="4294" room="140" start="136" weeks="011111111110000000"/>
    <class days="0100000" id="4295" room="269" start="116" weeks="001010101010100010"/>
    <class days="1000000" id="4296" room="265" start="236" weeks="010101010101000101"/>
    <class days="1000000" id="4297" room="265" start="236" weeks="001010101010100010"/>
    <class days="0100000" id="4298" start="116" weeks="001010101010100010"/>
    <class days="0001000" id="4299" room="85" start="196" weeks="010100101010100101"/>
    <class days="0000100" id="4300" room="271" start="96" weeks="010101010101000101"/>
    <class days="0000100" id="4301" room="253" start="186" weeks="010101010101000101"/>
    <class days="0000100" id="4302" room="253" start="196" weeks="001010101010001010"/>
    <class days="0000100" id="4303" room="263" start="96" weeks="001010101010001010"/>
    <class days="0100000" id="4304" room="262" start="116" weeks="011111111111100111"/>
    <class days="0100000" id="4305" room="262" start="96" weeks="010101010101000101"/>
    <class days="1000000" id="4306" room="262" start="96" weeks="010101010101000101"/>
    <class days="0000100" id="4307" room="121" start="246" weeks="011111111111001111"/>
    <class days="0000100" id="4308" room="265" start="226" weeks="011111111111001111"/>
    <class days="0000100" id="4309" room="158" start="116" weeks="011111111111001111"/>
    <class days="0001000" id="4310" room="158" start="126" weeks="011110111111101111"/>
    <class days="0001000" id="4311" room="91" start="146" weeks="001010010101001010"/>
    <class days="0001000" id="4312" room="91" start="146" weeks="010100101010100101"/>
    <class days="0100000" id="4313" room="264" start="186" weeks="001010101010100010"/>
    <class days="1000000" id="4314" room="270" start="226" weeks="011111111111100111"/>
    <class days="0100000" id="4315" room="259" start="96" weeks="001010101010100010"/>
    <class days="1000000" id="4316" room="88" start="226" weeks="011111111111100111"/>
    <class days="0001000" id="4317" room="269" start="206" weeks="001010010101001010"/>
    <class days="0001000" id="4318" room="195" start="96" weeks="011110111111101111"/>
    <class days="1000000" id="4319" room="279" start="226" weeks="011111111111100111"/>
    <class days="1000000" id="4320" room="267" start="246" weeks="011111111111100111"/>
    <class days="0001000" id="4321" room="264" start="216" weeks="010100101010100101"/>
    <class days="0000100" id="4322" room="8" start="206" weeks="011111111111001111"/>
    <class days="0001000" id="4323" room="8" start="236" weeks="011110111111101111"/>
    <class days="0010000" id="4324" room="305" start="231" weeks="011110111111101111"/>
    <class days="1000000" id="4325" room="269" start="93" weeks="010101010101000101"/>
    <class days="0001000" id="4326" room="253" start="165" weeks="001010010101001010"/>
    <class days="0010000" id="4327" room="274" start="177" weeks="010100101010100101"/>
    <class days="0010000" id="4328" start="96" weeks="011110111111101111"/>
    <class days="0010000" id="4329" start="96" weeks="011110111111101111"/>
    <class days="0010000" id="4330" start="96" weeks="011110111111101111"/>
    <class days="0010000" id="4331" start="96" weeks="011110111111101111"/>
    <class days="0000100" id="4332" room="88" start="96" weeks="011111111111001111"/>
    <class days="0000100" id="4333" room="274" start="186" weeks="011111110000000000"/>
    <class days="1000000" id="4334" room="101" start="226" weeks="001010101010100010"/>
    <class days="1000000" id="4335" room="101" start="226" weeks="010101010101000101"/>
    <class days="0010000" id="4336" room="186" start="96" weeks="011110111111101111"/>
    <class days="0010000" id="4337" room="259" start="186" weeks="010100101010100101"/>
    <class days="0001000" id="4338" room="104" start="116" weeks="001010010101001010"/>
    <class days="0010000" id="4339" room="104" start="246" weeks="001010010101001010"/>
    <class days="0100000" id="4340" room="264" start="156" weeks="011111111111100111"/>
    <class days="1000000" id="4341" room="93" start="196" weeks="010101010101000101"/>
    <class days="1000000" id="4342" room="93" start="196" weeks="001010101010100010"/>
    <class days="0010000" id="4343" room="279" start="226" weeks="001010010101001010"/>
    <class days="0000100" id="4344" room="104" start="206" weeks="011111111111001111"/>
    <class days="0000100" id="4345" room="104" start="126" weeks="011111111111001111"/>
    <class days="0000100" id="4346" room="270" start="96" weeks="011111111111001111"/>
    <class days="0010000" id="4347" room="102" start="236" weeks="011110111111101111"/>
    <class days="0100000" id="4348" room="102" start="116" weeks="011111111111100111"/>
    <class days="0010000" id="4349" room="271" start="246" weeks="001010010101001010"/>
    <class days="0010000" id="4350" room="271" start="246" weeks="010100101010100101"/>
    <class days="0001000" id="4351" room="279" start="146" weeks="010100101010100101"/>
    <class days="0001000" id="4352" room="279" start="166" weeks="010100101010100101"/>
    <class days="0010000" id="4353" room="267" start="176" weeks="011110111111101111"/>
    <class days="1000000" id="4354" room="265" start="176" weeks="011111111111100111"/>
    <class days="1000000" id="4355" room="305" start="237" weeks="011111111111100111"/>
    <class days="0000100" id="4356" room="82" start="150" weeks="001010101010001010"/>
    <class days="1000000" id="4357" room="224" start="105" weeks="001010101010100010"/>
    <class days="1000000" id="4358" room="263" start="226" weeks="011111111111100111"/>
    <class days="1000000" id="4359" room="114" start="246" weeks="001010101010100010"/>
    <class days="0100000" id="4360" room="278" start="186" weeks="010101010101000101"/>
    <class days="0100000" id="4361" room="278" start="186" weeks="001010101010100010"/>
    <class days="0001000" id="4362" room="265" start="96" weeks="011110111111101111"/>
    <class days="0100000" id="4363" room="262" start="96" weeks="001010101010100010"/>
    <class days="0100000" id="4364" room="101" start="216" weeks="001010101010100010"/>
    <class days="0000100" id="4365" room="101" start="126" weeks="001010101010001010"/>
    <class days="0001000" id="4366" room="213" start="196" weeks="011110111111101111"/>
    <class days="0010000" id="4367" room="264" start="156" weeks="001010010101001010"/>
    <class days="0001000" id="4368" room="88" start="186" weeks="001010010101001010"/>
    <class days="0000100" id="4369" room="292" start="156" weeks="001010101010001010"/>
    <class days="0000100" id="4370" room="214" start="116" weeks="010101010101000101"/>
    <class days="0000100" id="4371" room="263" start="206" weeks="010101010101000101"/>
    <class days="0010000" id="4372" room="158" start="176" weeks="010100101010100101"/>
    <class days="0010000" id="4373" room="158" start="176" weeks="001010010101001010"/>
    <class days="0010000" id="4374" room="265" start="196" weeks="001010010101001010"/>
    <class days="0010000" id="4375" room="265" start="136" weeks="010100101010100101"/>
    <class days="0100000" id="4376" room="265" start="176" weeks="011111111111100111"/>
    <class days="0001000" id="4377" room="265" start="156" weeks="001010010101001010"/>
    <class days="0100000" id="4378" room="263" start="146" weeks="001010101010100010"/>
    <class days="0100000" id="4379" room="263" start="146" weeks="010101010101000101"/>
    <class days="0001000" id="4380" room="177" start="116" weeks="001010010101001010"/>
    <class days="0001000" id="4381" room="177" start="116" weeks="010100101010100101"/>
    <class days="1000000" id="4382" room="123" start="166" weeks="011111110000000000"/>
    <class days="1000000" id="4383" room="275" start="186" weeks="011111110000000000"/>
    <class days="0100000" id="4384" room="228" start="156" weeks="011111111111100111"/>
    <class days="0000100" id="4385" room="273" start="146" weeks="011111111111001111"/>
    <class days="0100000" id="4386" room="186" start="96" weeks="011111111111100111"/>
    <class days="0000100" id="4387" room="253" start="96" weeks="001010101010001010"/>
    <class days="0000100" id="4388" room="253" start="126" weeks="010101010101000101"/>
    <class days="0100000" id="4389" room="91" start="116" weeks="011111111110000000"/>
    <class days="1000000" id="4390" room="265" start="126" weeks="011111111110000000"/>
    <class days="0010000" id="4391" room="273" start="126" weeks="011110111111000000"/>
    <class days="0001000" id="4392" room="259" start="176" weeks="011110111111000000"/>
    <class days="0001000" id="4393" room="265" start="136" weeks="011110111111000000"/>
    <class days="1000000" id="4394" start="120" weeks="011111111111100111"/>
    <class days="0001000" id="4395" room="121" start="176" weeks="011110111111101111"/>
    <class days="0001000" id="4396" room="257" start="126" weeks="011110111111000000"/>
    <class days="0000100" id="4397" room="257" start="136" weeks="011111111110000000"/>
    <class days="0010000" id="4398" room="257" start="126" weeks="011110111111000000"/>
    <class days="0000100" id="4399" room="72" start="96" weeks="011111111111001111"/>
    <class days="1000000" id="4400" room="102" start="236" weeks="011111111111100111"/>
    <class days="0100000" id="4401" room="102" start="226" weeks="011111111111100111"/>
    <class days="1000000" id="4402" room="102" start="206" weeks="011111111111100111"/>
    <class days="0010000" id="4403" room="264" start="166" weeks="010100101010100101"/>
    <class days="0000100" id="4404" room="163" start="186" weeks="011111111111001111"/>
    <class days="0001000" id="4405" room="8" start="216" weeks="010100101010100101"/>
    <class days="1000000" id="4406" room="269" start="136" weeks="010101010101000101"/>
    <class days="1000000" id="4407" room="269" start="136" weeks="001010101010100010"/>
    <class days="1000000" id="4408" room="8" start="96" weeks="011111110000000000"/>
    <class days="0000100" id="4409" room="278" start="136" weeks="011111111111001111"/>
    <class days="0000100" id="4410" room="278" start="236" weeks="011111111111001111"/>
    <class days="0010000" id="4411" room="123" start="196" weeks="011110111111101111"/>
    <class days="0001000" id="4412" room="264" start="96" weeks="011110111111101111"/>
    <class days="0000100" id="4413" room="264" start="196" weeks="011111111111001111"/>
    <class days="0010000" id="4414" room="100" start="106" weeks="001010010101001010"/>
    <class days="0010000" id="4415" room="100" start="106" weeks="010100101010100101"/>
    <class days="1000000" id="4416" start="132" weeks="011111111111100111"/>
    <class days="0010000" id="4417" start="168" weeks="011110111111101111"/>
    <class days="1000000" id="4418" start="132" weeks="011111111111100111"/>
    <class days="0010000" id="4419" start="168" weeks="011110111111101111"/>
    <class days="0100000" id="4420" room="270" start="126" weeks="011111111111100111"/>
    <class days="0001000" id="4421" room="257" start="196" weeks="011110111100000000"/>
    <class days="0100000" id="4422" room="305" start="237" weeks="011111111111100111"/>
    <class days="0010000" id="4423" room="256" start="207" weeks="011110111111101111"/>
    <class days="0000100" id="4424" room="274" start="243" weeks="011111111111001111"/>
    <class days="0100000" id="4425" room="90" start="116" weeks="011111111111100111"/>
    <class days="0010000" id="4426" room="90" start="216" weeks="010100101010100101"/>
    <class days="0010000" id="4427" room="271" start="126" weeks="011110111111101111"/>
    <class days="0010000" id="4428" room="253" start="156" weeks="011110111111101111"/>
    <class days="0100000" id="4429" room="151" start="186" weeks="011111111111100111"/>
    <class days="0001000" id="4430" room="158" start="156" weeks="001010010101001010"/>
    <class days="0100000" id="4431" room="279" start="126" weeks="001010101010100010"/>
    <class days="0001000" id="4432" room="72" start="126" weeks="010100101010100101"/>
    <class days="0001000" id="4433" room="72" start="126" weeks="001010010101001010"/>
    <class days="0000100" id="4434" room="72" start="116" weeks="011111111111001111"/>
    <class days="0000100" id="4435" room="72" start="156" weeks="001010101010001010"/>
    <class days="1000000" id="4436" room="90" start="246" weeks="011111111110000000"/>
    <class days="1000000" id="4437" room="176" start="123" weeks="011111111110000000"/>
    <class days="0010000" id="4438" room="279" start="147" weeks="011110111111000000"/>
    <class days="1000000" id="4439" room="8" start="236" weeks="011111111111100111"/>
    <class days="0010000" id="4440" room="259" start="96" weeks="011110111111101111"/>
    <class days="0100000" id="4441" room="259" start="136" weeks="011111111111100111"/>
    <class days="0100000" id="4442" room="151" start="156" weeks="011111111110000000"/>
    <class days="0001000" id="4443" room="274" start="186" weeks="011110111111000000"/>
    <class days="1000000" id="4444" room="265" start="216" weeks="011111111000000000"/>
    <class days="0010000" id="4445" room="88" start="156" weeks="011110111111101111"/>
    <class days="0100000" id="4446" room="88" start="96" weeks="011111111111100111"/>
    <class days="0100000" id="4447" room="90" start="96" weeks="011111111110000000"/>
    <class days="0010000" id="4448" room="264" start="96" weeks="011110111111000000"/>
    <class days="0000100" id="4449" room="253" start="156" weeks="011111111110000000"/>
    <class days="0010000" id="4450" room="269" start="216" weeks="001010010101001010"/>
    <class days="0010000" id="4451" room="94" start="116" weeks="011110111111101111"/>
    <class days="1000000" id="4452" room="94" start="146" weeks="011111111111100111"/>
    <class days="0010000" id="4453" room="265" start="96" weeks="011110111000000000"/>
    <class days="0100000" id="4454" room="94" start="206" weeks="011111111110000000"/>
    <class days="0010000" id="4455" room="88" start="236" weeks="011110111111000000"/>
    <class days="0010000" id="4456" room="253" start="246" weeks="011110111111101111"/>
    <class days="0001000" id="4457" room="279" start="196" weeks="010100101010100101"/>
    <class days="0001000" id="4458" room="279" start="176" weeks="001010010101001010"/>
    <class days="0000100" id="4459" start="159" weeks="011111111111001111"/>
    <class days="0000100" id="4460" room="262" start="136" weeks="010101010101000101"/>
    <class days="0000100" id="4461" room="262" start="176" weeks="001010101010001010"/>
    <class days="0100000" id="4462" room="264" start="176" weeks="010101010101000101"/>
    <class days="0100000" id="4463" room="257" start="126" weeks="001010101010100010"/>
    <class days="0100000" id="4464" room="257" start="126" weeks="010101010101000101"/>
    <class days="0100000" id="4465" room="264" start="136" weeks="001010101010100010"/>
    <class days="0010000" id="4466" room="94" start="96" weeks="001010010101001010"/>
    <class days="1000000" id="4467" room="269" start="156" weeks="011111111111100111"/>
    <class days="1000000" id="4468" room="264" start="136" weeks="010101010101000101"/>
    <class days="1000000" id="4469" room="264" start="206" weeks="000000001111100111"/>
    <class days="0010000" id="4470" room="257" start="196" weeks="010100101000000000"/>
    <class days="1000000" id="4471" room="257" start="176" weeks="010101010000000000"/>
    <class days="0001000" id="4472" room="121" start="246" weeks="010100101010100101"/>
    <class days="0001000" id="4473" room="121" start="226" weeks="001010010101001010"/>
    <class days="0010000" id="4474" room="264" start="226" weeks="010100101010100101"/>
    <class days="0001000" id="4475" room="270" start="186" weeks="001010010101001010"/>
    <class days="0001000" id="4476" room="270" start="186" weeks="010100101010100101"/>
    <class days="0010000" id="4477" start="96" weeks="011110111111101111"/>
    <class days="0100000" id="4478" room="91" start="96" weeks="001010101010100010"/>
    <class days="0000100" id="4479" room="279" start="126" weeks="011111111111001111"/>
    <class days="0100000" id="4480" room="262" start="206" weeks="010101010101000101"/>
    <class days="0010000" id="4481" room="264" start="126" weeks="010100101010100101"/>
    <class days="0010000" id="4482" room="264" start="126" weeks="001010010101001010"/>
    <class days="0100000" id="4483" room="262" start="186" weeks="001010101010100010"/>
    <class days="0001000" id="4484" room="151" start="176" weeks="011110111111101111"/>
    <class days="0000100" id="4485" room="279" start="196" weeks="001010101010001010"/>
    <class days="0000100" id="4486" room="279" start="96" weeks="010101010101000101"/>
    <class days="0001000" id="4487" room="279" start="136" weeks="001010010101001010"/>
    <class days="0001000" id="4488" room="269" start="96" weeks="011110111111101111"/>
    <class days="0000100" id="4489" room="90" start="186" weeks="011111111111001111"/>
    <class days="0001000" id="4490" room="278" start="226" weeks="011110111111101111"/>
    <class days="0001000" id="4491" room="278" start="186" weeks="011110111111101111"/>
    <class days="1000000" id="4492" start="120" weeks="011111111111100111"/>
    <class days="1000000" id="4493" room="130" start="180" weeks="001010101010100010"/>
    <class days="0001000" id="4494" room="72" start="144" weeks="011110111111101111"/>
    <class days="0100000" id="4495" room="176" start="138" weeks="011111111111100111"/>
    <class days="0000100" id="4496" room="91" start="226" weeks="011111110000000000"/>
    <class days="0001000" id="4497" room="94" start="166" weeks="000000000111101111"/>
    <class days="0000100" id="4498" room="85" start="196" weeks="000000001111001111"/>
    <class days="1000000" id="4499" room="90" start="207" weeks="010101010101000101"/>
    <class days="0010000" id="4500" room="206" start="150" weeks="001010010101001010"/>
    <class days="0010000" id="4501" room="97" start="129" weeks="010100101010100101"/>
    <class days="0001000" id="4502" room="265" start="196" weeks="011110111111101111"/>
    <class days="0001000" id="4503" room="265" start="216" weeks="011110111111101111"/>
    <class days="0000100" id="4504" room="269" start="236" weeks="001010101010001010"/>
    <class days="0100000" id="4505" room="186" start="246" weeks="001010101010100010"/>
    <class days="0100000" id="4506" room="186" start="246" weeks="010101010101000101"/>
    <class days="0001000" id="4507" room="271" start="102" weeks="011110111111101111"/>
    <class days="0100000" id="4508" room="259" start="116" weeks="011111111111100111"/>
    <class days="0100000" id="4509" room="259" start="236" weeks="011111111111100111"/>
    <class days="0010000" id="4510" room="271" start="196" weeks="011110111111101111"/>
    <class days="0010000" id="4511" room="186" start="116" weeks="011110111111101111"/>
    <class days="0100000" id="4512" room="186" start="166" weeks="011111111111100111"/>
    <class days="0000100" id="4513" room="259" start="226" weeks="011111111111001111"/>
    <class days="0010000" id="4514" room="177" start="186" weeks="010100101010100101"/>
    <class days="0010000" id="4515" room="177" start="186" weeks="001010010101001010"/>
    <class days="0000100" id="4516" room="263" start="116" weeks="001010101010001010"/>
    <class days="0000100" id="4517" room="263" start="116" weeks="010101010101000101"/>
    <class days="0001000" id="4518" room="72" start="216" weeks="001010010101001010"/>
    <class days="0001000" id="4519" room="264" start="236" weeks="001010010101001010"/>
    <class days="0001000" id="4520" room="264" start="236" weeks="010100101010100101"/>
    <class days="1000000" id="4521" start="132" weeks="011111111111100111"/>
    <class days="0010000" id="4522" start="168" weeks="011110111111101111"/>
    <class days="1000000" id="4523" start="132" weeks="011111111111100111"/>
    <class days="0010000" id="4524" start="168" weeks="011110111111101111"/>
    <class days="0100000" id="4525" room="72" start="136" weeks="011111111111100111"/>
    <class days="1000000" id="4526" room="269" start="176" weeks="011111111111100111"/>
    <class days="0001000" id="4527" room="186" start="236" weeks="011110111111101111"/>
    <class days="0100000" id="4528" room="186" start="186" weeks="011111111111100111"/>
    <class days="1000000" id="4529" room="197" start="180" weeks="001010101010100010"/>
    <class days="0001000" id="4530" room="271" start="168" weeks="011110111111101111"/>
    <class days="0100000" id="4531" room="224" start="174" weeks="011111111111100111"/>
    <class days="0010000" id="4532" room="259" start="156" weeks="010100101010100101"/>
    <class days="1000000" id="4533" room="186" start="176" weeks="010101010101000101"/>
    <class days="1000000" id="4534" room="186" start="176" weeks="001010101010100010"/>
    <class days="0000100" id="4535" room="143" start="156" weeks="011111111111001111"/>
    <class days="0100000" id="4536" room="226" start="116" weeks="011111111111100111"/>
    <class days="0001000" id="4537" room="94" start="136" weeks="011110111111101111"/>
    <class days="0001000" id="4538" room="259" start="196" weeks="011110111111101111"/>
    <class days="0100000" id="4539" room="90" start="246" weeks="011111111111100111"/>
    <class days="0000100" id="4540" room="262" start="236" weeks="011111111111001111"/>
    <class days="0000100" id="4541" room="269" start="236" weeks="010101010101000101"/>
    <class days="0001000" id="4542" room="262" start="236" weeks="010100101010100101"/>
    <class days="0001000" id="4543" room="262" start="236" weeks="001010010101001010"/>
    <class days="0000100" id="4544" room="271" start="186" weeks="001010101010001010"/>
    <class days="0000100" id="4545" room="186" start="96" weeks="011111111111001111"/>
    <class days="0100000" id="4546" room="186" start="206" weeks="011111111111100111"/>
    <class days="1000000" id="4547" room="264" start="186" weeks="010101010101000101"/>
    <class days="1000000" id="4548" room="8" start="136" weeks="011111111111100111"/>
    <class days="0100000" id="4549" room="253" start="166" weeks="011111111111100111"/>
    <class days="0010000" id="4550" room="94" start="216" weeks="011110111111101111"/>
    <class days="1000000" id="4551" room="94" start="126" weeks="011111111111100111"/>
    <class days="0000100" id="4552" room="121" start="116" weeks="011111111111001111"/>
    <class days="0001000" id="4553" room="91" start="216" weeks="001010010101001010"/>
    <class days="0001000" id="4554" room="91" start="216" weeks="010100101010100101"/>
    <class days="0000100" id="4555" room="177" start="166" weeks="010101010101000101"/>
    <class days="1000000" id="4556" room="186" start="216" weeks="011111111111100111"/>
    <class days="1000000" id="4557" room="186" start="96" weeks="011111111111100111"/>
    <class days="0000100" id="4558" start="159" weeks="011111111111001111"/>
    <class days="0000100" id="4559" start="159" weeks="011111111111001111"/>
    <class days="0000100" id="4560" start="159" weeks="011111111111001111"/>
    <class days="1000000" id="4561" room="90" start="176" weeks="011111111111100111"/>
    <class days="0010000" id="4562" room="265" start="116" weeks="011110111111101111"/>
    <class days="0010000" id="4563" room="186" start="176" weeks="011110111111101111"/>
    <class days="1000000" id="4564" room="72" start="246" weeks="011111111111100111"/>
    <class days="0100000" id="4565" room="273" start="96" weeks="011111111111100111"/>
    <class days="0010000" id="4566" room="186" start="156" weeks="010100101010100101"/>
    <class days="0100000" id="4567" room="186" start="146" weeks="011111111111100111"/>
    <class days="0010000" id="4568" room="186" start="136" weeks="011110111111101111"/>
    <class days="0001000" id="4569" room="186" start="166" weeks="011110111111101111"/>
    <class days="0010000" id="4570" room="186" start="246" weeks="011110111111101111"/>
    <class days="0001000" id="4571" room="186" start="186" weeks="011110111111101111"/>
    <class days="0010000" id="4572" start="96" weeks="011110111111101111"/>
    <class days="0010000" id="4573" start="96" weeks="011110111111101111"/>
    <class days="0010000" id="4574" room="269" start="166" weeks="011110111111101111"/>
    <class days="0001000" id="4575" room="253" start="206" weeks="011110111111101111"/>
    <class days="0001000" id="4576" start="176" weeks="011110111111101111"/>
    <class days="0001000" id="4577" room="186" start="116" weeks="011110111111101111"/>
    <class days="0001000" id="4578" room="264" start="176" weeks="011110111111101111"/>
    <class days="0001000" id="4579" room="151" start="196" weeks="011110111111101111"/>
    <class days="0100000" id="4580" room="186" start="126" weeks="011111111111100111"/>
    <class days="0010000" id="4581" room="85" start="156" weeks="011110111111101111"/>
    <class days="0010000" id="4582" room="85" start="176" weeks="011110111111101111"/>
    <class days="0010000" id="4583" room="91" start="96" weeks="001010010101001010"/>
    <class days="0000100" id="4584" room="269" start="96" weeks="011111111111001111"/>
    <class days="1000000" id="4585" room="114" start="196" weeks="011111111111100111"/>
    <class days="0000100" id="4586" room="8" start="186" weeks="011111111111001111"/>
    <class days="1000000" id="4587" room="269" start="196" weeks="010101010101000101"/>
    <class days="0000100" id="4588" room="279" start="176" weeks="011111111111001111"/>
    <class days="0010000" id="4589" room="186" start="196" weeks="011110111111101111"/>
    <class days="0010000" id="4590" room="186" start="226" weeks="011110111111101111"/>
    <class days="0001000" id="4591" room="72" start="117" weeks="011110111111101111"/>
    <class days="0001000" id="4592" room="91" start="96" weeks="010100101010100101"/>
    <class days="0001000" id="4593" room="91" start="96" weeks="001010010101001010"/>
    <class days="0000100" id="4594" room="121" start="96" weeks="011111111111001111"/>
    <class days="0000100" id="4595" room="270" start="153" weeks="010101010101000101"/>
    <class days="0000100" id="4596" room="270" start="153" weeks="001010101010001010"/>
    <class days="1000000" id="4597" room="270" start="174" weeks="010101010101000101"/>
    <class days="1000000" id="4598" room="101" start="174" weeks="001010101010100010"/>
    <class days="0001000" id="4599" room="101" start="174" weeks="010100101010100101"/>
    <class days="0001000" id="4600" room="101" start="174" weeks="001010010101001010"/>
    <class days="0010000" id="4601" room="269" start="96" weeks="011110111111101111"/>
    <class days="0001000" id="4602" room="72" start="96" weeks="011110111111101111"/>
    <class days="1000000" id="4603" room="270" start="207" weeks="010101010101000101"/>
    <class days="1000000" id="4604" room="270" start="207" weeks="001010101010100010"/>
    <class days="0010000" id="4605" room="114" start="156" weeks="010100101010100101"/>
    <class days="0001000" id="4606" room="114" start="216" weeks="010100101010100101"/>
    <class days="0001000" id="4607" room="114" start="216" weeks="001010010101001010"/>
    <class days="1000000" id="4608" room="114" start="234" weeks="010101010101000101"/>
    <class days="0100000" id="4609" room="123" start="195" weeks="001010101010100010"/>
    <class days="0001000" id="4610" room="171" start="207" weeks="010100101010100101"/>
    <class days="0001000" id="4611" room="162" start="96" weeks="001010010101001010"/>
    <class days="0100000" id="4612" room="90" start="228" weeks="010101010101000101"/>
    <class days="0010000" id="4613" room="171" start="228" weeks="010100101010100101"/>
    <class days="0010000" id="4614" room="162" start="102" weeks="001010010101001010"/>
    <class days="0010000" id="4615" room="171" start="183" weeks="001010010101001010"/>
    <class days="0001000" id="4616" room="88" start="234" weeks="001010010101001010"/>
    <class days="0001000" id="4617" room="192" start="129" weeks="010100101010100101"/>
    <class days="0000100" id="4618" room="262" start="135" weeks="001010101010001010"/>
    <class days="1000000" id="4619" room="151" start="195" weeks="010101010101000101"/>
    <class days="0000100" id="4620" room="171" start="228" weeks="001010101010001010"/>
    <class days="0010000" id="4621" room="262" start="171" weeks="011110111111101111"/>
    <class days="0010000" id="4622" room="161" start="144" weeks="011110111111101111"/>
    <class days="1000000" id="4623" room="140" start="180" weeks="010101010101000101"/>
    <class days="0100000" id="4624" room="185" start="96" weeks="011111111111100111"/>
    <class days="0100000" id="4625" room="185" start="126" weeks="011111111111100111"/>
    <class days="0000100" id="4626" room="185" start="96" weeks="011111111111001111"/>
    <class days="0000100" id="4627" room="185" start="126" weeks="011111111111001111"/>
    <class days="1000000" id="4628" room="271" start="96" weeks="011111111111100111"/>
    <class days="0001000" id="4629" room="280" start="96" weeks="011110111111101111"/>
    <class days="0001000" id="4630" room="280" start="138" weeks="011110111111101111"/>
    <class days="1000000" id="4631" room="274" start="150" weeks="011111111111100111"/>
    <class days="1000000" id="4632" room="274" start="171" weeks="011111111111100111"/>
    <class days="0100000" id="4633" room="121" start="96" weeks="011111111111100111"/>
    <class days="0100000" id="4634" room="253" start="117" weeks="010101010101000101"/>
    <class days="0100000" id="4635" room="253" start="117" weeks="001010101010100010"/>
    <class days="0010000" id="4636" room="150" start="166" weeks="011110111100000000"/>
    <class days="1000000" id="4637" room="282" start="116" weeks="011111111000000000"/>
    <class days="0001000" id="4638" room="191" start="196" weeks="000000000011101111"/>
    <class days="0010000" id="4639" room="154" start="114" weeks="001010010101001010"/>
    <class days="0000100" id="4640" start="150" weeks="011111111111001111"/>
    <class days="0100000" id="4641" room="154" start="176" weeks="011000000000000000"/>
    <class days="0100000" id="4642" room="154" start="196" weeks="000111100000000000"/>
    <class days="0100000" id="4643" room="154" start="186" weeks="000000011110000000"/>
    <class days="0010000" id="4644" room="252" start="226" weeks="011110111111101111"/>
    <class days="1000000" id="4645" room="177" start="96" weeks="011111110000000000"/>
    <class days="1000000" id="4646" room="179" start="116" weeks="011111111111100111"/>
    <class days="0000100" id="4647" room="224" start="186" weeks="001010101010001010"/>
    <class days="1000000" id="4648" room="260" start="146" weeks="011111111111100111"/>
    <class days="0100000" id="4649" room="178" start="176" weeks="011111111111100111"/>
    <class days="1000000" id="4650" start="146" weeks="011111111111100111"/>
    <class days="0100000" id="4651" start="176" weeks="011111111111100111"/>
    <class days="1000000" id="4652" room="113" start="196" weeks="010101010101000101"/>
    <class days="0001000" id="4653" room="255" start="216" weeks="010100101010100101"/>
    <class days="0100000" id="4654" room="289" start="196" weeks="010101010101000101"/>
    <class days="1000000" id="4655" room="177" start="146" weeks="011111111111100111"/>
    <class days="0010000" id="4656" start="106" weeks="010100101010100101"/>
    <class days="0010000" id="4657" room="80" start="106" weeks="001010010101001010"/>
    <class days="1000000" id="4658" room="255" start="96" weeks="011111111111100111"/>
    <class days="0010000" id="4659" room="219" start="226" weeks="011110111111101111"/>
    <class days="0100000" id="4660" room="215" start="116" weeks="010101010101000101"/>
    <class days="1000000" id="4661" room="191" start="106" weeks="010101010101000101"/>
    <class days="0100000" id="4662" room="125" start="166" weeks="001010101010100010"/>
    <class days="0100000" id="4663" room="150" start="186" weeks="011111111111100111"/>
    <class days="0001000" id="4664" start="206" weeks="011110111000000000"/>
    <class days="1000000" id="4665" start="136" weeks="011111111111100111"/>
    <class days="0001000" id="4666" room="154" start="206" weeks="011110111000000000"/>
    <class days="1000000" id="4667" room="80" start="136" weeks="011111111111100111"/>
    <class days="0001000" id="4668" room="225" start="96" weeks="011110111111101111"/>
    <class days="0000100" id="4669" room="125" start="183" weeks="011111111111001111"/>
    <class days="0000100" id="4670" room="177" start="195" weeks="011111110000000000"/>
    <class days="1000000" id="4671" room="154" start="168" weeks="000000001000000000"/>
    <class days="0100000" id="4672" room="154" start="116" weeks="011111111111100111"/>
    <class days="1000000" id="4673" room="125" start="166" weeks="011111111111100111"/>
    <class days="1000000" id="4674" room="154" start="192" weeks="011111111111100111"/>
    <class days="0001000" id="4675" room="80" start="159" weeks="011110111111101111"/>
    <class days="0100000" id="4676" room="176" start="114" weeks="011111111111100111"/>
    <class days="1000000" id="4677" room="177" start="116" weeks="011111111111100111"/>
    <class days="0000100" id="4678" room="173" start="123" weeks="011111111111001111"/>
    <class days="0010000" id="4679" room="154" start="186" weeks="011110111111101110"/>
    <class days="0001000" id="4680" room="282" start="228" weeks="001110010011000100"/>
    <class days="0010000" id="4681" room="225" start="96" weeks="011110111000000000"/>
    <class days="0001000" id="4682" room="181" start="222" weeks="011110111111101111"/>
    <class days="0001000" id="4683" room="177" start="234" weeks="011110111111101111"/>
    <class days="0000100" id="4684" room="43" start="96" weeks="011111111111001111"/>
    <class days="1000000" id="4685" room="225" start="96" weeks="010101010101000101"/>
    <class days="0001000" id="4686" room="125" start="183" weeks="011110111111101111"/>
    <class days="0001000" id="4687" room="224" start="126" weeks="011110111111101111"/>
    <class days="0010000" id="4688" room="150" start="146" weeks="010100101010100101"/>
    <class days="0001000" id="4689" room="252" start="144" weeks="011110111111101111"/>
    <class days="0001000" id="4690" room="154" start="102" weeks="001110010011000100"/>
    <class days="1000000" id="4691" room="258" start="156" weeks="000000000111000000"/>
    <class days="0100000" id="4692" room="219" start="166" weeks="000000000111000000"/>
    <class days="0010000" id="4693" room="258" start="156" weeks="000000000011100000"/>
    <class days="0001000" id="4694" room="258" start="136" weeks="000000000011100000"/>
    <class days="0000100" id="4695" room="219" start="216" weeks="000000000111000000"/>
    <class days="0000100" id="4696" room="150" start="176" weeks="001110010011000100"/>
    <class days="0010000" id="4697" room="125" start="96" weeks="011110111111101111"/>
    <class days="1000000" id="4698" room="258" start="176" weeks="000000000111000000"/>
    <class days="0100000" id="4699" room="219" start="186" weeks="000000000111000000"/>
    <class days="0010000" id="4700" room="258" start="136" weeks="000000000011100000"/>
    <class days="0001000" id="4701" room="258" start="156" weeks="000000000011100000"/>
    <class days="0000100" id="4702" room="258" start="96" weeks="000000000111000000"/>
    <class days="0100000" id="4703" room="125" start="216" weeks="011111111111100111"/>
    <class days="1000000" id="4704" room="84" start="204" weeks="011111111111100111"/>
    <class days="1000000" id="4705" room="219" start="153" weeks="011111111111100111"/>
    <class days="1000000" id="4706" room="225" start="120" weeks="000100010001000010"/>
    <class days="0000100" id="4707" room="282" start="96" weeks="011111111111001111"/>
    <class days="0100100" id="4708" start="134" weeks="011111111111101111"/>
    <class days="1000000" id="4709" room="178" start="114" weeks="000010001000100001"/>
    <class days="0100000" id="4710" room="125" start="246" weeks="011111111111100111"/>
    <class days="0010000" id="4711" room="191" start="138" weeks="000010000100100000"/>
    <class days="1000000" id="4712" room="181" start="226" weeks="011111111111100111"/>
    <class days="1000000" id="4713" room="154" start="226" weeks="011111111111100111"/>
    <class days="1000000" id="4714" room="191" start="166" weeks="000100010001000010"/>
    <class days="1000000" id="4715" room="282" start="206" weeks="011111111111100111"/>
    <class days="0010000" id="4716" room="150" start="126" weeks="011110111000000000"/>
    <class days="0010000" id="4717" room="179" start="146" weeks="011110111111101111"/>
    <class days="0001000" id="4718" room="179" start="116" weeks="011110111111101111"/>
    <class days="0000100" id="4719" room="179" start="206" weeks="011111111111001111"/>
    <class days="0100000" id="4720" room="179" start="106" weeks="011111111111100111"/>
    <class days="1000000" id="4721" room="219" start="106" weeks="011111111111100111"/>
    <class days="0010000" id="4722" room="219" start="96" weeks="011110111111101111"/>
    <class days="0000100" id="4723" room="219" start="96" weeks="011111111111001111"/>
    <class days="0001000" id="4724" room="219" start="96" weeks="011110111111101111"/>
    <class days="0100000" id="4725" room="219" start="96" weeks="011111111111100111"/>
    <class days="0100000" id="4726" room="219" start="116" weeks="011111111111100111"/>
    <class days="1000000" id="4727" room="150" start="156" weeks="011111111111100111"/>
    <class days="0010000" id="4728" room="176" start="176" weeks="011110111111101111"/>
    <class days="0100000" id="4729" room="252" start="126" weeks="011111111111100111"/>
    <class days="1000000" id="4730" room="252" start="136" weeks="011111111111100111"/>
    <class days="1000000" id="4731" room="252" start="156" weeks="011111111111100111"/>
    <class days="1000000" id="4732" room="181" start="126" weeks="011111111111100111"/>
    <class days="0100000" id="4733" room="255" start="106" weeks="011111111111100111"/>
    <class days="0010000" id="4734" room="258" start="116" weeks="011110111111101111"/>
    <class days="0000100" id="4735" room="179" start="116" weeks="011111111111001111"/>
    <class days="0000100" id="4736" room="179" start="96" weeks="011111111111001111"/>
    <class days="0010000" id="4737" room="258" start="96" weeks="011110111111101111"/>
    <class days="0010000" id="4738" room="61" start="96" weeks="001110111111101111"/>
    <class days="0010000" id="4739" room="61" start="115" weeks="001110111111101111"/>
    <class days="0010000" id="4740" room="150" start="96" weeks="000000000111101111"/>
    <class days="0010000" id="4741" room="224" start="116" weeks="011110111111101111"/>
    <class days="0010000" id="4742" room="224" start="136" weeks="011110111111101111"/>
    <class days="0100000" id="4743" room="178" start="116" weeks="011111111111100111"/>
    <class days="0000100" id="4744" room="125" start="126" weeks="011111111111001111"/>
    <class days="0100000" id="4745" room="150" start="156" weeks="011111111111100111"/>
    <class days="0000100" id="4746" room="122" start="126" weeks="001010101010001010"/>
    <class days="0000100" id="4747" room="122" start="146" weeks="001010101010001010"/>
    <class days="0000100" id="4748" room="122" start="126" weeks="010101010101000101"/>
    <class days="0000100" id="4749" room="258" start="222" weeks="011111111111001111"/>
    <class days="0000100" id="4750" room="224" start="204" weeks="011111111111001111"/>
    <class days="1000000" id="4751" room="150" start="222" weeks="011111111111100111"/>
    <class days="0001000" id="4752" room="289" start="186" weeks="000000000111101111"/>
    <class days="0000100" id="4753" room="154" start="132" weeks="011111110000000000"/>
    <class days="0010000" id="4754" room="125" start="243" weeks="011110111111101111"/>
    <class days="0001000" id="4755" room="179" start="136" weeks="011110111111101111"/>
    <class days="0000100" id="4756" room="179" start="136" weeks="011111111111001111"/>
    <class days="1000000" id="4757" room="179" start="166" weeks="011111111111100111"/>
    <class days="1000000" id="4758" room="179" start="146" weeks="011111111111100111"/>
    <class days="0100000" id="4759" room="268" start="206" weeks="011111111111100111"/>
    <class days="0010000" id="4760" room="252" start="196" weeks="011110111111101111"/>
    <class days="0010000" id="4761" room="176" start="226" weeks="011110111111101111"/>
    <class days="1000000" id="4762" room="252" start="196" weeks="011111111111100111"/>
    <class days="1000000" id="4763" room="125" start="126" weeks="011111111111100111"/>
    <class days="1000000" id="4764" room="252" start="96" weeks="011111111111100111"/>
    <class days="1000000" id="4765" room="224" start="156" weeks="010101010101000101"/>
    <class days="0001000" id="4766" room="252" start="106" weeks="001010010101001010"/>
    <class days="0001000" id="4767" room="252" start="106" weeks="010100101010100101"/>
    <class days="0001000" id="4768" room="125" start="106" weeks="011110111111101111"/>
    <class days="0001000" id="4769" room="122" start="146" weeks="010100101010100101"/>
    <class days="0000100" id="4770" room="178" start="136" weeks="001010101010001010"/>
    <class days="0001000" id="4771" room="178" start="156" weeks="011110111000000000"/>
    <class days="0001000" id="4772" start="116" weeks="011110111111101111"/>
    <class days="0000100" id="4773" room="178" start="156" weeks="001010101010001010"/>
    <class days="0010000" id="4774" room="181" start="116" weeks="011110111111101111"/>
    <class days="0100000" id="4775" room="258" start="126" weeks="000000011111100111"/>
    <class days="0010000" id="4776" room="282" start="196" weeks="000000000000001000"/>
    <class days="0010000" id="4777" room="252" start="146" weeks="010100101010100101"/>
    <class days="0010000" id="4778" room="252" start="96" weeks="001010010101001010"/>
    <class days="0100000" id="4779" room="224" start="96" weeks="011111111111100111"/>
    <class days="0100000" id="4780" room="224" start="106" weeks="011111111111100111"/>
    <class days="0000100" id="4781" start="96" weeks="011111111111001111"/>
    <class days="0000100" id="4782" room="178" start="116" weeks="011111111111001111"/>
    <class days="0100000" id="4783" room="179" start="226" weeks="000000000001100111"/>
    <class days="0100000" id="4784" room="179" start="146" weeks="000000111110000000"/>
    <class days="0001000" id="4785" room="176" start="106" weeks="011110111111000000"/>
    <class days="1000000" id="4786" room="178" start="176" weeks="011111111111100111"/>
    <class days="0000100" id="4787" room="252" start="166" weeks="011111110000000000"/>
    <class days="0100000" id="4788" room="150" start="116" weeks="000000001111100111"/>
    <class days="1000000" id="4789" room="224" start="116" weeks="010101010101000101"/>
    <class days="1000000" id="4790" room="122" start="96" weeks="011111111111100111"/>
    <class days="0100000" id="4791" room="176" start="186" weeks="011111111111100111"/>
    <class days="0100000" id="4792" room="255" start="126" weeks="011111111110000000"/>
    <class days="0000100" id="4793" room="255" start="106" weeks="011111111111001111"/>
    <class days="0100000" id="4794" room="122" start="226" weeks="011111111111100111"/>
    <class days="0001000" id="4795" room="258" start="106" weeks="000000000000101111"/>
    <class days="0010000" id="4796" start="216" weeks="011110111111101111"/>
    <class days="0100000" id="4797" start="96" weeks="011111111111100111"/>
    <class days="0001000" id="4798" room="224" start="96" weeks="000000001111101111"/>
    <class days="0001000" id="4799" start="196" weeks="000100000000000000"/>
    <class days="0100000" id="4800" room="4" start="126" weeks="011111111111100111"/>
    <class days="0000100" id="4801" start="186" weeks="011111111111001111"/>
    <class days="0010000" id="4802" room="282" start="146" weeks="000000001111101111"/>
    <class days="0001000" id="4803" room="282" start="156" weeks="000000000010000000"/>
    <class days="0100000" id="4804" room="224" start="126" weeks="011111111111100111"/>
    <class days="0001000" id="4805" room="181" start="96" weeks="011110111111101111"/>
    <class days="0000100" id="4806" room="150" start="240" weeks="011111111111001111"/>
    <class days="0010000" id="4807" room="204" start="150" weeks="011110111111101111"/>
    <class days="0100000" id="4808" room="191" start="96" weeks="011111110000000000"/>
    <class days="0010000" id="4809" room="125" start="156" weeks="011110111111101111"/>
    <class days="0001000" id="4810" room="181" start="176" weeks="011110111111101111"/>
    <class days="0100000" id="4811" room="181" start="246" weeks="011111111111100111"/>
    <class days="0100000" id="4812" room="150" start="96" weeks="011111111111100111"/>
    <class days="0000100" id="4813" room="225" start="116" weeks="011111111111001111"/>
    <class days="0010000" id="4814" room="84" start="96" weeks="011110111111101111"/>
    <class days="0001000" id="4815" room="225" start="216" weeks="011110111111101111"/>
    <class days="1000000" id="4816" room="225" start="96" weeks="001010101010100010"/>
    <class days="0010000" id="4817" room="80" start="176" weeks="000000000100000000"/>
    <class days="0001000" id="4818" room="282" start="246" weeks="000000000100000000"/>
    <class days="0010000" id="4819" room="260" start="176" weeks="011110111111101111"/>
    <class days="0010000" id="4820" room="178" start="196" weeks="001010010101001010"/>
    <class days="0010000" id="4821" room="122" start="116" weeks="011110111111101111"/>
    <class days="0100000" id="4822" room="150" start="136" weeks="011111111111100111"/>
    <class days="0001000" id="4823" room="219" start="226" weeks="011110111111101111"/>
    <class days="0001000" id="4824" room="219" start="206" weeks="011110111111101111"/>
    <class days="0001000" id="4825" room="219" start="116" weeks="011110111111101111"/>
    <class days="0001000" id="4826" room="219" start="156" weeks="011110111111101111"/>
    <class days="0000100" id="4827" room="150" start="96" weeks="011111111111001111"/>
    <class days="0001000" id="4828" room="176" start="226" weeks="001010010101001010"/>
    <class days="0001000" id="4829" room="176" start="216" weeks="010100101010100101"/>
    <class days="0010000" id="4830" room="219" start="156" weeks="011110111111101111"/>
    <class days="0000100" id="4831" room="258" start="116" weeks="011111111111001111"/>
    <class days="0001000" id="4832" room="219" start="136" weeks="001010010101001010"/>
    <class days="0001000" id="4833" room="219" start="136" weeks="010100101010100101"/>
    <class days="0010000" id="4834" room="219" start="186" weeks="000000000000100000"/>
    <class days="0010000" id="4835" room="219" start="186" weeks="000000000000000100"/>
    <class days="0010000" id="4836" room="219" start="186" weeks="000100000000000000"/>
    <class days="0010000" id="4837" room="219" start="186" weeks="000000000100000000"/>
    <class days="0010000" id="4838" room="219" start="186" weeks="000000000000000001"/>
    <class days="0010000" id="4839" room="219" start="186" weeks="000000010000000000"/>
    <class days="0010000" id="4840" room="176" start="136" weeks="011110111111101111"/>
    <class days="0100000" id="4841" start="136" weeks="011111111111100111"/>
    <class days="0010000" id="4842" start="116" weeks="011110111111101111"/>
    <class days="1000000" id="4843" start="166" weeks="011111111111100111"/>
    <class days="0010000" id="4844" start="206" weeks="011110111111101111"/>
    <class days="0000100" id="4845" room="178" start="183" weeks="011111111111001111"/>
    <class days="0010000" id="4846" room="181" start="206" weeks="011110111111101111"/>
    <class days="1000000" id="4847" start="136" weeks="011111111111100111"/>
    <class days="0010000" id="4848" room="178" start="196" weeks="010100101010100101"/>
    <class days="1000000" id="4849" room="181" start="146" weeks="010101010101000101"/>
    <class days="0001000" id="4850" room="181" start="146" weeks="001010010101001010"/>
    <class days="0100000" id="4851" room="207" start="222" weeks="001111111111100111"/>
    <class days="0010000" id="4852" room="191" start="236" weeks="001110111111101111"/>
    <class days="0001000" id="4853" room="207" start="210" weeks="001110111111101111"/>
    <class days="0001000" id="4854" room="191" start="176" weeks="001110111111101111"/>
    <class days="0000100" id="4855" room="191" start="156" weeks="001111111111001111"/>
    <class days="0010000" id="4856" room="177" start="243" weeks="001110111111101111"/>
    <class days="0100000" id="4857" room="125" start="196" weeks="001111111111100111"/>
    <class days="0010000" id="4858" room="191" start="216" weeks="001110111111101111"/>
    <class days="0000100" id="4859" room="177" start="93" weeks="001111111111001111"/>
    <class days="0100000" id="4860" room="191" start="147" weeks="001111111111100111"/>
    <class days="0010000" id="4861" room="322" start="206" weeks="001110111111101111"/>
    <class days="0000100" id="4862" room="177" start="213" weeks="001111111111001111"/>
    <class days="1000000" id="4863" room="154" start="93" weeks="001111111111100111"/>
    <class days="0000100" id="4864" room="191" start="136" weeks="001111111111001111"/>
    <class days="0001000" id="4865" room="268" start="96" weeks="001110111111101111"/>
    <class days="0000100" id="4866" room="150" start="153" weeks="001111111111001111"/>
    <class days="0010000" id="4867" room="80" start="206" weeks="001110111111101111"/>
    <class days="0001000" id="4868" room="150" start="106" weeks="011110111111101111"/>
    <class days="0010000" id="4869" room="181" start="146" weeks="011110111111101111"/>
    <class days="0100000" id="4870" room="122" start="176" weeks="011111111111100111"/>
    <class days="0001000" id="4871" room="150" start="126" weeks="011110111111101111"/>
    <class days="0001000" id="4872" room="122" start="116" weeks="011110111111101111"/>
    <class days="1000000" id="4873" room="255" start="126" weeks="001010101010100010"/>
    <class days="0000100" id="4874" room="122" start="176" weeks="001010101010001010"/>
    <class days="0001000" id="4875" room="113" start="206" weeks="011110111111101111"/>
    <class days="0100000" id="4876" room="125" start="106" weeks="011111111110000000"/>
    <class days="0000100" id="4877" room="122" start="96" weeks="011111111111001111"/>
    <class days="0100000" id="4878" room="179" start="206" weeks="011111000000000000"/>
    <class days="0100000" id="4879" room="179" start="206" weeks="000000000001100111"/>
    <class days="0100000" id="4880" room="179" start="206" weeks="000000111110000000"/>
    <class days="0100000" id="4881" room="179" start="126" weeks="000000000001100111"/>
    <class days="0001000" id="4882" room="255" start="156" weeks="000000011111101111"/>
    <class days="0100000" id="4883" room="282" start="196" weeks="000000111111100111"/>
    <class days="1000000" id="4884" room="224" start="176" weeks="010101010101000101"/>
    <class days="1000000" id="4885" room="181" start="146" weeks="001010101010100010"/>
    <class days="1000000" id="4886" room="125" start="186" weeks="011111111111100111"/>
    <class days="0100000" id="4887" room="225" start="146" weeks="011111111111100111"/>
    <class days="0100000" id="4888" room="122" start="196" weeks="011111111111100111"/>
    <class days="1000000" id="4889" room="125" start="146" weeks="011111111111100111"/>
    <class days="0001000" id="4890" room="224" start="146" weeks="011110111111101111"/>
    <class days="0010000" id="4891" room="122" start="136" weeks="011110111111101111"/>
    <class days="1000000" id="4892" start="96" weeks="011111111111100111"/>
    <class days="1000000" id="4893" room="258" start="196" weeks="010101010101000101"/>
    <class days="1000000" id="4894" room="258" start="196" weeks="001010101010100010"/>
    <class days="1000000" id="4895" room="258" start="126" weeks="010101010101000101"/>
    <class days="1000000" id="4896" room="258" start="126" weeks="001010101010100010"/>
    <class days="1000000" id="4897" room="150" start="96" weeks="011111111111100111"/>
    <class days="0000100" id="4898" room="224" start="146" weeks="011111111000000000"/>
    <class days="0000100" id="4899" room="252" start="126" weeks="011111111000000000"/>
    <class days="1000000" id="4900" room="255" start="146" weeks="000000000111100111"/>
    <class days="0100000" id="4901" room="225" start="226" weeks="000000000111100111"/>
    <class days="0001000" id="4902" room="150" start="226" weeks="011110111111101111"/>
    <class days="0100000" id="4903" start="126" weeks="011111111110000000"/>
    <class days="0010000" id="4904" room="178" start="116" weeks="011110111111101111"/>
    <class days="0100000" id="4905" room="176" start="156" weeks="011111111111100111"/>
    <class days="0001000" id="4906" room="150" start="156" weeks="000000000111101111"/>
    <class days="0100000" id="4907" room="125" start="136" weeks="011111111111100111"/>
    <class days="0001000" id="4908" room="252" start="206" weeks="011110111111101111"/>
    <class days="0010000" id="4909" room="122" start="216" weeks="011110111111101111"/>
    <class days="0010000" id="4910" room="122" start="186" weeks="011110111111101111"/>
    <class days="0010000" id="4911" room="122" start="166" weeks="001010010101001010"/>
    <class days="0100000" id="4912" room="122" start="96" weeks="001010101010100010"/>
    <class days="0010000" id="4913" room="176" start="196" weeks="011110111111101111"/>
    <class days="0001000" id="4914" start="116" weeks="011110111111101111"/>
    <class days="0010000" id="4915" room="252" start="166" weeks="011110111111101111"/>
    <class days="0001000" id="4916" start="246" weeks="011110111111101111"/>
    <class days="1000000" id="4917" room="255" start="166" weeks="011111111111100111"/>
    <class days="0001000" id="4918" room="4" start="116" weeks="011110111111101111"/>
    <class days="0010000" id="4919" room="4" start="166" weeks="011110111111101111"/>
    <class days="0010000" id="4920" room="150" start="186" weeks="011110111111101111"/>
    <class days="0010000" id="4921" room="150" start="206" weeks="011110111111101111"/>
    <class days="0000100" id="4922" room="122" start="186" weeks="010101010101000101"/>
    <class days="1000000" id="4923" room="219" start="186" weeks="010101010101000101"/>
    <class days="1000000" id="4924" room="219" start="206" weeks="010101010101000101"/>
    <class days="1000000" id="4925" room="219" start="126" weeks="001010101010100010"/>
    <class days="1000000" id="4926" room="219" start="126" weeks="010101010101000101"/>
    <class days="0000100" id="4927" room="154" start="204" weeks="011111111111001111"/>
    <class days="0010000" id="4928" room="154" start="96" weeks="011110111111101111"/>
    <class days="0000100" id="4929" room="191" start="204" weeks="000000001111001111"/>
    <class days="0001000" id="4930" room="282" start="168" weeks="011110111000000000"/>
    <class days="1000000" id="4931" room="122" start="186" weeks="000000111111100111"/>
    <class days="0001000" id="4932" room="252" start="166" weeks="011110111111101111"/>
    <class days="0010000" id="4933" room="224" start="206" weeks="011110111111101111"/>
    <class days="0001000" id="4934" room="150" start="156" weeks="011110111000000000"/>
    <class days="0100000" id="4935" room="150" start="206" weeks="010101010101000101"/>
    <class days="1000000" id="4936" room="225" start="146" weeks="010101010101000101"/>
    <class days="0100000" id="4937" room="224" start="226" weeks="001010101010100010"/>
    <class days="0100000" id="4938" room="255" start="156" weeks="010101010101000101"/>
    <class days="0100000" id="4939" room="181" start="106" weeks="011111111111100111"/>
    <class days="1000000" id="4940" room="255" start="196" weeks="010000000000000000"/>
    <class days="1000000" id="4941" room="219" start="196" weeks="000010000000000000"/>
    <class days="0001000" id="4942" room="178" start="196" weeks="000000000000000100"/>
    <class days="0100000" id="4943" room="178" start="196" weeks="000000000000000001"/>
    <class days="1000000" id="4944" room="179" start="196" weeks="000000000000100000"/>
    <class days="1000000" id="4945" room="179" start="196" weeks="000000000000000100"/>
    <class days="1000000" id="4946" room="179" start="196" weeks="000000000001000000"/>
    <class days="0000100" id="4947" room="122" start="226" weeks="011111000000000000"/>
    <class days="0000100" id="4948" room="122" start="206" weeks="000000000111001111"/>
    <class days="0000100" id="4949" room="181" start="176" weeks="000000010101000101"/>
    <class days="0000100" id="4950" room="181" start="136" weeks="000000101010001010"/>
    <class days="0010000" id="4951" room="224" start="96" weeks="000000000111101111"/>
    <class days="0010000" id="4952" room="258" start="196" weeks="010000000000000000"/>
    <class days="0010000" id="4953" room="258" start="196" weeks="000000000000100000"/>
    <class days="0010000" id="4954" room="258" start="196" weeks="000010000000000000"/>
    <class days="0010000" id="4955" room="258" start="196" weeks="000000000010000000"/>
    <class days="0010000" id="4956" room="219" start="196" weeks="000000001000000000"/>
    <class days="0010000" id="4957" room="258" start="196" weeks="000000100000000000"/>
    <class days="1000000" id="4958" room="125" start="226" weeks="011111110000000000"/>
    <class days="1000000" id="4959" room="181" start="196" weeks="011111110000000000"/>
    <class days="0100000" id="4960" room="181" start="136" weeks="011111110000000000"/>
    <class days="1000000" id="4961" room="179" start="196" weeks="000010000000000000"/>
    <class days="1000000" id="4962" room="219" start="196" weeks="000000000000000010"/>
    <class days="1000000" id="4963" room="179" start="196" weeks="000100000000000000"/>
    <class days="1000000" id="4964" room="255" start="207" weeks="000000000001000000"/>
    <class days="0100000" id="4965" room="260" start="204" weeks="000000000010000000"/>
    <class days="0100000" id="4966" room="260" start="207" weeks="000000001000000000"/>
    <class days="0010000" id="4967" room="255" start="206" weeks="000000000000000001"/>
    <class days="0001000" id="4968" room="260" start="206" weeks="000000000000000010"/>
    <class days="0100000" id="4969" room="255" start="206" weeks="000000000000000100"/>
    <class days="1000000" id="4970" room="150" start="136" weeks="001010101010100010"/>
    <class days="0010000" id="4971" start="196" weeks="001010010101001010"/>
    <class days="0010000" id="4972" room="255" start="196" weeks="000000100000000000"/>
    <class days="1000000" id="4973" room="225" start="196" weeks="000000100000000000"/>
    <class days="0010000" id="4974" room="255" start="206" weeks="000000000000000100"/>
    <class days="0001000" id="4975" room="225" start="156" weeks="011110111000000000"/>
    <class days="0001000" id="4976" room="225" start="156" weeks="000000000111101111"/>
    <class days="0010000" id="4977" room="178" start="156" weeks="011110111111101111"/>
    <class days="0100000" id="4978" room="225" start="206" weeks="001010101010100010"/>
    <class days="0100000" id="4979" room="225" start="176" weeks="001010101010100010"/>
    <class days="0010000" id="4980" room="258" start="196" weeks="000000010000000000"/>
    <class days="0010000" id="4981" room="219" start="196" weeks="000000100000000000"/>
    <class days="0010000" id="4982" room="258" start="196" weeks="000000000000000010"/>
    <class days="0001000" id="4983" room="224" start="174" weeks="000000000001000000"/>
    <class days="0001000" id="4984" room="224" start="174" weeks="000000100000000000"/>
    <class days="0001000" id="4985" room="178" start="174" weeks="000000001000000000"/>
    <class days="0010000" id="4986" room="219" start="136" weeks="011110111111101111"/>
    <class days="0000100" id="4987" room="225" start="206" weeks="011111111111001111"/>
    <class days="0100000" id="4988" room="252" start="206" weeks="000001111111000000"/>
    <class days="0100000" id="4989" room="252" start="206" weeks="000000000000100000"/>
    <class days="1000000" id="4990" room="122" start="166" weeks="010101010101000101"/>
    <class days="1000000" id="4991" room="122" start="166" weeks="001010101010100010"/>
    <class days="0010000" id="4992" start="116" weeks="011110111111101111"/>
    <class days="0010000" id="4993" room="255" start="176" weeks="011110111111101111"/>
    <class days="0001000" id="4994" room="179" start="226" weeks="011110111111101111"/>
    <class days="0100000" id="4995" room="181" start="156" weeks="011111111111100111"/>
    <class days="0100000" id="4996" start="136" weeks="011111110000000000"/>
    <class days="0001000" id="4997" start="196" weeks="000000000111101111"/>
    <class days="0100000" id="4998" room="255" start="176" weeks="011111111111100111"/>
    <class days="0010000" id="4999" room="178" start="96" weeks="011110111111101111"/>
    <class days="0100000" id="5000" room="191" start="206" weeks="000000111111100111"/>
    <class days="0100000" id="5001" room="252" start="146" weeks="000000111111100111"/>
    <class days="0010000" id="5002" room="224" start="96" weeks="011110111000000000"/>
    <class days="1000000" id="5003" room="178" start="146" weeks="001010101010100010"/>
    <class days="1000000" id="5004" room="178" start="146" weeks="010101010101000101"/>
    <class days="1000000" id="5005" room="219" start="196" weeks="001000000000000000"/>
    <class days="1000000" id="5006" room="179" start="196" weeks="000001000000000000"/>
    <class days="1000000" id="5007" room="179" start="196" weeks="000000001000000000"/>
    <class days="0000100" id="5008" room="255" start="196" weeks="000001000000000000"/>
    <class days="1000000" id="5009" room="178" start="196" weeks="000000000010000000"/>
    <class days="0000100" id="5010" room="252" start="196" weeks="000000010000000000"/>
    <class days="0100000" id="5011" room="260" start="196" weeks="000000000000000010"/>
    <class days="0001000" id="5012" room="122" start="196" weeks="000000000001000000"/>
    <class days="0100000" id="5013" room="178" start="196" weeks="000100000000000000"/>
    <class days="0001000" id="5014" room="224" start="196" weeks="001000000000000000"/>
    <class days="0010000" id="5015" room="224" start="156" weeks="010100101010100101"/>
    <class days="0001000" id="5016" room="178" start="216" weeks="000000010101001010"/>
    <class days="1000000" id="5017" room="176" start="196" weeks="001000000000000000"/>
    <class days="0001000" id="5018" room="255" start="196" weeks="001000000000000000"/>
    <class days="0100000" id="5019" room="181" start="196" weeks="000000010000000000"/>
    <class days="0010000" id="5020" room="125" start="206" weeks="011110111111101111"/>
    <class days="0100000" id="5021" room="224" start="146" weeks="011111111111100111"/>
    <class days="1000000" id="5022" room="225" start="196" weeks="010101010101000101"/>
    <class days="0100000" id="5023" room="224" start="226" weeks="010101010101000101"/>
    <class days="0100000" id="5024" room="150" start="206" weeks="001010101010100010"/>
    <class days="1000000" id="5025" room="219" start="196" weeks="000000000010000000"/>
    <class days="1000000" id="5026" room="179" start="196" weeks="001000000000000000"/>
    <class days="1000000" id="5027" room="179" start="196" weeks="000000000000000010"/>
    <class days="0010000" id="5028" room="258" start="196" weeks="000000000000001000"/>
    <class days="0010000" id="5029" room="258" start="196" weeks="000000000001000000"/>
    <class days="0010000" id="5030" room="219" start="196" weeks="001000000000000000"/>
    <class days="0010000" id="5031" room="226" start="138" weeks="011110111111101111"/>
    <class days="1000000" id="5032" room="143" start="108" weeks="011111111111100111"/>
    <class days="0010000" id="5033" room="192" start="144" weeks="011110111111101111"/>
    <class days="0010000" id="5034" room="195" start="99" weeks="011110111111101111"/>
    <class days="0100000" id="5035" room="195" start="159" weeks="011111111111100111"/>
    <class days="0001000" id="5036" room="228" start="168" weeks="011110111111101111"/>
    <class days="0100000" id="5037" room="195" start="111" weeks="011111111111100111"/>
    <class days="0000100" id="5038" room="228" start="96" weeks="011111111111001111"/>
    <class days="0000100" id="5039" room="195" start="168" weeks="011111111111001111"/>
    <class days="1000000" id="5040" room="226" start="150" weeks="011111111111100111"/>
    <class days="0001000" id="5041" room="143" start="96" weeks="011110111111101111"/>
    <class days="0000100" id="5042" room="192" start="153" weeks="011111111111001111"/>
    <class days="0010000" id="5043" room="143" start="153" weeks="011110111111101111"/>
    <class days="0000100" id="5044" room="228" start="123" weeks="011111111111001111"/>
    <class days="0000100" id="5045" room="195" start="99" weeks="011111111111001111"/>
    <class days="1000000" id="5046" room="143" start="129" weeks="011111111111100111"/>
    <class days="0100000" id="5047" room="228" start="201" weeks="011111111111100111"/>
    <class days="1000000" id="5048" room="226" start="180" weeks="011111111111100111"/>
    <class days="0001000" id="5049" room="226" start="99" weeks="011110111111101111"/>
    <class days="0100000" id="5050" room="226" start="177" weeks="011111111111100111"/>
    <class days="0010000" id="5051" room="143" start="183" weeks="011110111111101111"/>
    <class days="0000100" id="5052" room="192" start="210" weeks="011111111111001111"/>
    <class days="0001000" id="5053" room="195" start="198" weeks="011110111111101111"/>
    <class days="0000100" id="5054" room="192" start="96" weeks="011111111111001111"/>
    <class days="0001000" id="5055" room="192" start="99" weeks="011110111111101111"/>
    <class days="1000000" id="5056" room="228" start="168" weeks="011111111111100111"/>
    <class days="0000100" id="5057" room="143" start="189" weeks="011111111111001111"/>
    <class days="0000100" id="5058" room="192" start="189" weeks="011111111111001111"/>
    <class days="0100000" id="5059" room="143" start="153" weeks="011111111111100111"/>
    <class days="0100000" id="5060" room="143" start="177" weeks="011111111111100111"/>
    <class days="0100000" id="5061" room="192" start="105" weeks="011111111111100111"/>
    <class days="0010000" id="5062" room="192" start="117" weeks="011110111111101111"/>
    <class days="1000000" id="5063" room="192" start="213" weeks="011111111111100111"/>
    <class days="0000100" id="5064" room="226" start="192" weeks="011111111111001111"/>
    <class days="1000000" id="5065" room="228" start="123" weeks="011111111111100111"/>
    <class days="1000000" id="5066" room="228" start="150" weeks="011111111111100111"/>
    <class days="0000100" id="5067" room="228" start="195" weeks="011111111111001111"/>
    <class days="0010000" id="5068" room="228" start="183" weeks="011110111111101111"/>
    <class days="1000000" id="5069" room="228" start="186" weeks="011111111111100111"/>
    <class days="0010000" id="5070" room="195" start="135" weeks="011110111111101111"/>
    <class days="0100000" id="5071" room="228" start="222" weeks="011111111111100111"/>
    <class days="0000100" id="5072" room="228" start="147" weeks="011111111111001111"/>
    <class days="1000000" id="5073" room="195" start="198" weeks="011111111111100111"/>
    <class days="0100000" id="5074" room="195" start="189" weeks="011111111111100111"/>
    <class days="0001000" id="5075" room="228" start="114" weeks="011110111111101111"/>
    <class days="0000100" id="5076" room="195" start="144" weeks="011111111111001111"/>
    <class days="0100000" id="5077" room="195" start="135" weeks="011111111111100111"/>
    <class days="0010000" id="5078" room="228" start="114" weeks="011110111111101111"/>
    <class days="1000000" id="5079" room="195" start="99" weeks="011111111111100111"/>
    <class days="0000100" id="5080" room="195" start="195" weeks="011111111111001111"/>
    <class days="0000100" id="5081" room="132" start="192" weeks="011111111111001111"/>
</solution>
