fes;time;f
1;94;2147485950
3;141;2147485948
10;203;2147485947
13;219;2147485942
14;234;2147485941
15;234;2147485939
23;281;2147485935
27;297;2147485933
30;313;2147485931
35;328;2147485929
38;344;2147485926
39;359;2147485923
42;375;2147485922
47;391;2147485921
55;437;2147485920
56;437;2147485917
61;469;2147485914
62;469;2147485912
66;484;2147485910
69;500;2147485909
71;516;2147485908
76;531;2147485904
84;562;2147485901
88;594;2147485900
90;594;2147485897
98;641;2147485895
105;672;2147485894
108;672;2147485893
115;703;2147485892
120;734;2147485891
122;750;2147485890
123;750;2147485886
125;750;2147485884
129;781;2147485883
133;797;2147485878
141;828;2147485877
142;844;2147485871
144;844;2147485869
151;875;2147485867
156;906;2147485865
157;906;2147485864
176;1000;2147485862
179;1016;2147485861
180;1016;2147485860
182;1031;2147485859
185;1031;2147485858
197;1094;2147485856
198;1094;2147485854
199;1109;2147485851
204;1125;2147485850
207;1140;2147485849
213;1172;2147485848
217;1187;2147485845
220;1203;2147485844
230;1250;2147485842
233;1265;2147485841
238;1281;2147485840
239;1297;2147485839
241;1297;2147485836
243;1312;2147485835
246;1328;2147485834
247;1328;2147485831
249;1344;2147485829
252;1359;2147485828
262;1390;2147485827
265;1406;2147485826
266;1422;2147485824
273;1453;2147485823
281;1484;2147485822
282;1500;2147485821
287;1515;2147485815
290;1531;2147485814
297;1562;2147485813
299;1562;2147485811
300;1578;2147485809
308;1609;2147485808
319;1656;2147485804
320;1672;2147485802
321;1672;2147485798
327;1703;2147485797
337;1750;2147485795
341;1765;2147485794
346;1781;2147485792
348;1797;2147485791
351;1812;2147485790
354;1828;2147485789
358;1843;2147485788
364;1875;2147485787
370;1890;2147485783
385;1953;2147485781
402;2047;2147485778
411;2078;2147485777
414;2093;2147485776
421;2125;2147485775
429;2172;2147485774
430;2172;2147485773
433;2187;2147485770
438;2203;2147485769
442;2218;2147485768
456;2296;2147485767
463;2328;2147485766
466;2328;2147485765
467;2343;2147485764
468;2343;2147485762
470;2359;2147485761
476;2375;2147485757
484;2421;2147485756
488;2437;2147485755
497;2484;2147485754
498;2484;2147485752
502;2500;2147485751
516;2562;2147485749
518;2578;2147485747
523;2593;2147485746
533;2640;2147485745
535;2640;2147485744
544;2687;2147485743
546;2703;2147485741
547;2703;2147485740
548;2703;2147485738
566;2781;2147485736
568;2796;2147485735
575;2828;2147485733
585;2874;2147485729
590;2890;2147485727
602;2953;2147485726
604;2953;2147485724
605;2953;2147485723
609;2984;2147485720
611;2984;2147485719
616;3015;2147485717
619;3015;2147485716
620;3031;2147485712
622;3031;2147485711
646;3156;2147485708
647;3156;2147485707
660;3218;2147485705
663;3234;2147485704
665;3234;2147485703
668;3249;2147485702
671;3265;2147485701
673;3281;2147485699
677;3296;2147485696
684;3327;2147485694
689;3359;2147485693
690;3359;2147485692
694;3374;2147485691
710;3452;2147485689
719;3499;2147485684
723;3515;2147485683
733;3562;2147485682
738;3593;2147485679
743;3609;2147485678
754;3656;2147485676
761;3687;2147485673
763;3702;2147485672
768;3718;2147485670
779;3780;2147485669
786;3812;2147485668
790;3827;2147485666
792;3827;2147485665
793;3843;2147485664
799;3874;2147485663
805;3890;2147485660
809;3905;2147485659
815;3937;2147485657
817;3952;2147485656
820;3968;2147485655
825;3984;2147485653
833;4015;2147485652
834;4030;2147485606
844;4077;2147485605
846;4077;2147485604
848;4093;2147485602
852;4109;2147485601
859;4140;2147485600
863;4155;2147485599
869;4187;2147485598
882;4234;2147485597
885;4249;2147485596
888;4265;2147485595
895;4296;2147485593
896;4312;2147485592
899;4327;2147485590
900;4327;2147485587
902;4327;2147485585
903;4343;2147485583
905;4343;2147485582
923;4437;2147485580
933;4468;2147485579
941;4515;2147485578
948;4546;2147485577
950;4546;2147485576
954;4562;2147485575
959;4593;2147485571
973;4655;2147485570
976;4671;2147485569
985;4702;2147485566
993;4733;2147485565
996;4749;2147485563
998;4765;2147485561
1009;4812;2147485560
1011;4827;2147485558
1015;4843;2147485555
1025;4890;2147485554
1033;4921;2147485553
1040;4952;2147485552
1041;4952;2147485551
1044;4968;2147485550
1046;4983;2147485548
1057;5030;2147485546
1058;5030;2147485544
1064;5061;2147485543
1074;5093;2147485542
1082;5140;2147485541
1084;5140;2147485540
1089;5171;2147485538
1116;5280;2147485535
1117;5296;2147485534
1119;5296;2147485533
1127;5327;2147485531
1128;5343;2147485530
1139;5390;2147485528
1143;5405;2147485524
1155;5468;2147485522
1176;5561;2147485520
1179;5577;2147485519
1180;5577;2147485518
1181;5577;2147485517
1185;5593;2147485515
1187;5608;2147485514
1189;5624;2147485513
1194;5639;2147485512
1202;5686;2147485509
1205;5686;2147485505
1210;5718;2147485503
1219;5764;2147485502
1223;5780;2147485501
1231;5811;2147485499
1239;5858;2147485497
1257;5936;2147485496
1290;6077;2147485494
1299;6124;2147485493
1307;6155;2147485492
1309;6171;2147485491
1311;6186;2147485488
1322;6233;2147485487
1329;6264;2147485484
1334;6296;2147485482
1341;6327;2147485481
1345;6342;2147485479
1348;6358;2147485477
1349;6358;2147485476
1351;6374;2147485475
1372;6467;2147485474
1375;6467;2147485472
1376;6483;2147485470
1378;6483;2147485469
1395;6561;2147485468
1402;6592;2147485467
1425;6702;2147485466
1441;6780;2147485465
1446;6795;2147485462
1456;6842;2147485461
1470;6905;2147485460
1487;6983;2147485458
1495;7030;2147485457
1500;7045;2147485454
1502;7061;2147485453
1504;7061;2147485451
1518;7124;2147485450
1520;7139;2147485448
1521;7139;2147485447
1544;7248;2147485445
1553;7280;2147485444
1557;7311;2147485443
1580;7405;2147485442
1589;7452;2147485441
1597;7483;2147485440
1598;7498;2147485438
1606;7530;2147485436
1612;7561;2147485435
1617;7577;2147485434
1618;7577;2147485433
1623;7608;2147485431
1632;7639;2147485430
1644;7701;2147485429
1648;7717;2147485426
1652;7733;2147485425
1662;7780;2147485423
1697;7936;2147485421
1711;7998;2147485420
1713;8014;2147485419
1723;8045;2147485415
1729;8076;2147485414
1730;8092;2147485413
1731;8092;2147485410
1734;8108;2147485408
1738;8123;2147485407
1742;8139;2147485406
1772;8279;2147485405
1775;8295;2147485404
1780;8311;2147485401
1788;8342;2147485399
1793;8373;2147485397
1797;8389;2147485396
1800;8404;2147485394
1804;8420;2147485391
1806;8436;2147485390
1807;8436;2147485386
1808;8436;2147485385
1811;8451;2147485384
1812;8467;2147485383
1816;8483;2147485382
1818;8483;2147485380
1822;8498;2147485379
1827;8529;2147485378
1834;8561;2147485377
1838;8576;2147485375
1841;8592;2147485374
1850;8623;2147485373
1852;8639;2147485372
1862;8686;2147485370
1864;8701;2147485366
1875;8748;2147485365
1878;8764;2147485364
1880;8764;2147485363
1891;8811;2147485361
1905;8889;2147485359
1914;8920;2147485358
1920;8951;2147485357
1922;8951;2147485356
1937;9029;2147485355
1940;9029;2147485353
1943;9045;2147485349
1945;9061;2147485348
1951;9092;2147485347
1959;9123;2147485345
1977;9201;2147485344
1985;9248;2147485342
1986;9248;2147485341
1987;9264;2147485339
1999;9311;2147485338
2023;9420;2147485337
2031;9451;2147485334
2034;9467;2147485333
2042;9514;2147485332
2049;9545;2147485331
2058;9576;2147485330
2063;9607;2147485328
2066;9623;2147485326
2068;9623;2147485324
2085;9701;2147485321
2086;9717;2147485319
2095;9748;2147485318
2115;9842;2147485315
2116;9857;2147485314
2124;9888;2147485312
2137;9951;2147485311
2175;10123;2147485310
2187;10185;2147485309
2188;10185;2147485308
2196;10217;2147485306
2198;10232;2147485305
2202;10248;2147485304
2207;10279;2147485303
2211;10295;2147485302
2212;10295;2147485301
2213;10295;2147485300
2221;10342;2147485297
2229;10373;2147485296
2256;10498;2147485294
2274;10576;2147485292
2286;10623;2147485291
2303;10701;2147485289
2312;10748;2147485288
2324;10795;2147485287
2332;10841;2147485286
2334;10841;2147485285
2349;10919;2147485284
2351;10919;2147485282
2359;10966;2147485281
2362;10982;2147485280
2363;10982;2147485278
2367;10998;2147485277
2395;11123;2147485275
2397;11138;2147485272
2419;11232;2147485271
2436;11310;2147485270
2444;11357;2147485269
2454;11404;2147485267
2472;11482;2147485266
2475;11498;2147485265
2481;11513;2147485264
2512;11654;2147485262
2522;11701;2147485256
2533;11747;2147485254
2545;11810;2147485253
2548;11810;2147485252
2552;11841;2147485251
2559;11872;2147485250
2572;11919;2147485248
2577;11951;2147485247
2586;11997;2147485245
2592;12013;2147485243
2598;12044;2147485240
2601;12060;2147485239
2602;12060;2147485238
2608;12091;2147485233
2619;12138;2147485232
2631;12200;2147485231
2639;12232;2147485229
2650;12294;2147485227
2655;12310;2147485226
2660;12341;2147485224
2672;12388;2147485223
2691;12482;2147485222
2699;12513;2147485221
2706;12544;2147485219
2709;12560;2147485218
2718;12591;2147485216
2720;12607;2147485215
2729;12638;2147485212
2738;12685;2147485211
2765;12806;2147485210
2767;12822;2147485209
2771;12838;2147485207
2778;12869;2147485206
2783;12884;2147485204
2813;13025;2147485202
2814;13025;2147485200
2817;13041;2147485199
2836;13119;2147485197
2855;13212;2147485196
2861;13244;2147485195
2891;13384;2147485193
2901;13431;2147485192
2905;13447;2147485183
2916;13494;2147485182
2935;13572;2147485180
2939;13587;2147485179
2945;13619;2147485178
2965;13712;2147485177
2971;13744;2147485175
2976;13759;2147485174
2992;13837;2147485173
3026;13994;2147485172
3038;14040;2147485171
3048;14087;2147485170
3050;14103;2147485168
3055;14119;2147485167
3138;14509;2147485166
3142;14525;2147485164
3161;14603;2147485163
3168;14650;2147485162
3188;14728;2147485161
3206;14821;2147485160
3210;14837;2147485159
3222;14884;2147485156
3249;15009;2147485155
3255;15040;2147485153
3258;15056;2147485151
3281;15165;2147485150
3282;15165;2147485149
3323;15384;2147485146
3326;15399;2147485145
3337;15446;2147485144
3345;15493;2147485143
3346;15493;2147485142
3348;15509;2147485140
3357;15556;2147485139
3363;15571;2147485138
3383;15665;2147485137
3389;15696;2147485136
3401;15743;2147485135
3410;15790;2147485134
3414;15806;2147485132
3422;15837;2147485130
3448;15946;2147485128
3501;16196;2147485125
3507;16227;2147485124
3540;16368;2147485123
3543;16384;2147485122
3552;16415;2147485119
3558;16446;2147485118
3594;16602;2147485115
3595;16618;2147485114
3612;16696;2147485112
3617;16712;2147485111
3627;16759;2147485110
3637;16805;2147485109
3642;16821;2147485046
3643;16837;2147485045
3652;16868;2147485044
3686;17024;2147485043
3689;17040;2147485041
3693;17055;2147485040
3698;17087;2147485039
3705;17118;2147485038
3729;17227;2147485037
3744;17290;2147485034
3774;17430;2147485032
3775;17430;2147485029
3780;17462;2147485028
3796;17540;2147485027
3798;17540;2147485026
3837;17711;2147485025
3839;17727;2147485024
3842;17743;2147485023
3860;17821;2147485022
3869;17868;2147485021
3879;17899;2147485020
3890;17961;2147485018
3911;18055;2147485017
3913;18055;2147485016
3919;18086;2147485015
3932;18149;2147485012
3934;18149;2147485011
3944;18196;2147485010
3947;18211;2147485009
3960;18274;2147485008
3997;18446;2147485007
4028;18586;2147485006
4036;18618;2147485004
4049;18680;2147485003
4088;18852;2147485001
4089;18867;2147485000
4094;18883;2147484999
4101;18914;2147484998
4111;18961;2147484997
4114;18977;2147484995
4141;19102;2147484994
4161;19180;2147484993
4202;19367;2147484992
4209;19399;2147484990
4222;19461;2147484989
4232;19508;2147484987
4238;19539;2147484986
4280;19727;2147484985
4296;19805;2147484984
4333;19961;2147484983
4359;20086;2147484982
4384;20195;2147484981
4397;20258;2147484980
4408;20305;2147484979
4422;20367;2147484978
4431;20414;2147484977
4436;20445;2147484976
4438;20445;2147484974
4472;20601;2147484973
4486;20664;2147484972
4487;20664;2147484971
4494;20695;2147484970
4526;20836;2147484968
4547;20929;2147484966
4566;21023;2147484965
4580;21092;2147484963
4581;21092;2147484962
4583;21108;2147484961
4587;21124;2147484960
4593;21139;2147484959
4594;21155;2147484958
4599;21171;2147484957
4602;21186;2147484956
4633;21327;2147484954
4653;21421;2147484953
4667;21483;2147484952
4668;21483;2147484951
4681;21546;2147484950
4697;21608;2147484949
4705;21639;2147484944
4706;21655;2147484943
4720;21717;2147484942
4738;21795;2147484941
4747;21827;2147484938
4755;21874;2147484937
4756;21874;2147484935
4780;21983;2147484933
4805;22092;2147484932
4808;22108;2147484931
4837;22248;2147484930
4854;22311;2147484929
4908;22561;2147484928
4912;22577;2147484927
4919;22608;2147484926
4929;22663;2147484925
4941;22710;2147484924
4949;22757;2147484923
4950;22757;2147484922
4953;22773;2147484921
4958;22804;2147484919
4961;22804;2147484918
4989;22929;2147484917
4992;22945;2147484916
5003;23007;2147484915
5036;23148;2147484914
5058;23257;2147484913
5061;23257;2147484912
5079;23351;2147484911
5087;23382;2147484910
5138;23616;2147484909
5165;23741;2147484907
5170;23757;2147484905
5179;23804;2147484904
5181;23819;2147484903
5192;23866;2147484902
5198;23897;2147484901
5224;24007;2147484900
5230;24038;2147484899
5252;24132;2147484898
5256;24147;2147484896
5268;24210;2147484894
5290;24304;2147484892
5293;24319;2147484891
5299;24350;2147484888
5318;24429;2147484885
5363;24632;2147484884
5375;24694;2147484883
5387;24757;2147484882
5399;24804;2147484879
5402;24819;2147484878
5423;24913;2147484874
5427;24944;2147484872
5453;25053;2147484871
5491;25225;2147484870
5499;25272;2147484869
5501;25272;2147484868
5531;25423;2147484867
5544;25470;2147484866
5546;25486;2147484864
5561;25548;2147484863
5574;25611;2147484862
5603;25751;2147484861
5608;25767;2147484860
5638;25907;2147484859
5650;25954;2147484858
5685;26126;2147484847
5698;26173;2147484846
5755;26439;2147484845
5858;26907;2147484843
5867;26954;2147484842
5871;26970;2147484841
5881;27001;2147484839
5916;27157;2147484838
5939;27266;2147484837
5941;27282;2147484836
5944;27298;2147484835
5953;27329;2147484834
6045;27751;2147484833
6048;27766;2147484832
6056;27798;2147484831
6059;27813;2147484830
6085;27938;2147484829
6089;27954;2147484828
6113;28063;2147484827
6124;28110;2147484826
6131;28157;2147484825
6144;28204;2147484824
6145;28219;2147484823
6155;28266;2147484822
6158;28282;2147484821
6171;28329;2147484820
6191;28422;2147484819
6217;28547;2147484818
6250;28688;2147484817
6265;28766;2147484816
6301;28922;2147484814
6309;28969;2147484813
6319;29016;2147484811
6342;29110;2147484810
6360;29204;2147484809
6364;29219;2147484808
6372;29250;2147484805
6401;29375;2147484803
6403;29391;2147484801
6432;29516;2147484800
6435;29532;2147484799
6441;29563;2147484798
6501;29828;2147484797
6509;29875;2147484796
6515;29891;2147484795
6533;29969;2147484794
6544;30031;2147484792
6598;30266;2147484791
6605;30313;2147484790
6644;30484;2147484789
6659;30547;2147484787
6661;30563;2147484784
6688;30672;2147484783
6718;30813;2147484782
6725;30844;2147484781
6747;30953;2147484780
6802;31187;2147484779
6808;31219;2147484778
6812;31234;2147484777
6844;31375;2147484776
6857;31437;2147484772
6859;31453;2147484771
6861;31453;2147484770
6880;31547;2147484769
6894;31609;2147484768
6961;31906;2147484767
6966;31922;2147484766
6975;31968;2147484765
6988;32031;2147484763
7017;32156;2147484762
7024;32187;2147484761
7037;32250;2147484760
7049;32312;2147484759
7052;32328;2147484758
7060;32359;2147484757
7104;32546;2147484756
7119;32625;2147484755
7133;32687;2147484754
7154;32781;2147484753
7160;32812;2147484752
7199;32984;2147484751
7219;33078;2147484750
7223;33093;2147484749
7235;33140;2147484748
7266;33281;2147484747
7304;33453;2147484746
7308;33468;2147484745
7309;33484;2147484744
7404;33906;2147484743
7438;34060;2147484741
7443;34075;2147484740
7457;34138;2147484738
7458;34138;2147484737
7532;34466;2147484736
7537;34497;2147484735
7562;34606;2147484734
7611;34825;2147484733
7631;34919;2147484732
7641;34966;2147484731
7644;34981;2147484730
7654;35028;2147484728
7668;35091;2147484727
7716;35309;2147484726
7724;35341;2147484719
7786;35622;2147484718
7788;35622;2147484717
7820;35778;2147484716
7822;35778;2147484715
7907;36153;2147484714
7918;36215;2147484713
7921;36231;2147484712
7949;36356;2147484710
7970;36450;2147484709
7979;36481;2147484708
7991;36543;2147484707
8007;36606;2147484706
8079;36934;2147484705
8101;37043;2147484704
8119;37121;2147484703
8123;37137;2147484702
8130;37168;2147484701
8151;37262;2147484700
8165;37325;2147484699
8169;37356;2147484698
8173;37371;2147484697
8186;37418;2147484696
8204;37496;2147484685
8222;37574;2147484684
8225;37590;2147484683
8233;37637;2147484682
8250;37699;2147484681
8283;37856;2147484680
8322;38028;2147484679
8326;38043;2147484678
8343;38121;2147484677
8359;38199;2147484676
8376;38277;2147484675
8396;38356;2147484674
8415;38449;2147484673
8422;38481;2147484672
8451;38605;2147484671
8465;38668;2147484670
8516;38902;2147484669
8522;38918;2147484668
8552;39059;2147484667
8576;39168;2147484666
8580;39199;2147484665
8586;39215;2147484664
8603;39308;2147484663
8633;39433;2147484662
8638;39465;2147484661
8643;39480;2147484660
8662;39574;2147484659
8689;39699;2147484658
8757;40011;2147484657
8788;40152;2147484656
8850;40433;2147484655
8859;40464;2147484654
8864;40496;2147484653
8888;40589;2147484650
8924;40761;2147484649
8937;40808;2147484648
8983;41027;2147484647
8990;41058;2147484646
9015;41167;2147484645
9019;41183;2147484644
9051;41324;2147484643
9111;41605;2147484642
9151;41792;2147484640
9166;41855;2147484637
9182;41933;2147484635
9197;42011;2147484633
9224;42120;2147484632
9263;42292;2147484631
9265;42308;2147484629
9279;42370;2147484628
9281;42386;2147484627
9335;42620;2147484626
9341;42651;2147484625
9378;42808;2147484624
9419;42995;2147484623
9420;42995;2147484622
9425;43026;2147484620
9441;43104;2147484619
9464;43198;2147484614
9489;43323;2147484613
9493;43339;2147484612
9502;43386;2147484610
9529;43511;2147484609
9558;43636;2147484608
9585;43761;2147484607
9623;43932;2147484606
9669;44151;2147484605
9704;44307;2147484604
9714;44339;2147484603
9765;44573;2147484602
9794;44713;2147484601
9827;44854;2147484600
9968;45493;2147484599
10026;45759;2147484598
10032;45790;2147484596
10067;45946;2147484595
10095;46071;2147484594
10107;46118;2147484593
10180;46446;2147484592
10222;46633;2147484588
10231;46665;2147484587
10250;46758;2147484586
10254;46774;2147484585
10267;46821;2147484584
10275;46868;2147484583
10296;46961;2147484582
10326;47086;2147484581
10340;47149;2147484580
10461;47696;2147484579
10470;47743;2147484578
10490;47836;2147484576
10504;47899;2147484575
10576;48227;2147484574
10677;48695;2147484573
10692;48758;2147484572
10703;48805;2147484571
10725;48914;2147484570
10821;49336;2147484569
10865;49539;2147484568
10917;49773;2147484566
11032;50304;2147484565
11049;50367;2147484564
11073;50476;2147484563
11075;50492;2147484562
11077;50508;2147484560
11082;50523;2147484559
11092;50570;2147484558
11131;50742;2147484557
11171;50929;2147484556
11203;51070;2147484555
11232;51210;2147484554
11271;51398;2147484553
11340;51710;2147484552
11358;51788;2147484551
11360;51804;2147484549
11433;52132;2147484548
11440;52163;2147484546
11461;52273;2147484545
11502;52445;2147484544
11517;52523;2147484543
11536;52601;2147484542
11575;52788;2147484541
11607;52929;2147484540
11646;53101;2147484539
11745;53554;2147484538
11749;53569;2147484537
11786;53741;2147484536
11834;53944;2147484535
11859;54069;2147484534
11883;54179;2147484533
11964;54538;2147484532
11980;54600;2147484531
12052;54928;2147484530
12214;55663;2147484529
12223;55709;2147484528
12273;55928;2147484527
12275;55944;2147484526
12314;56116;2147484525
12354;56287;2147484524
12442;56678;2147484523
12460;56756;2147484522
12490;56897;2147484521
12519;57022;2147484520
12592;57350;2147484519
12597;57381;2147484518
12615;57459;2147484517
12654;57631;2147484516
12813;58346;2147484513
12820;58361;2147484512
12837;58440;2147484511
12902;58736;2147484510
12955;58971;2147484508
12980;59096;2147484507
12999;59174;2147484506
13080;59549;2147484505
13157;59892;2147484504
13188;60033;2147484503
13217;60158;2147484502
13239;60267;2147484501
13240;60267;2147484500
13244;60283;2147484499
13257;60345;2147484498
13283;60455;2147484497
13297;60517;2147484496
13399;60986;2147484495
13460;61267;2147484494
13490;61408;2147484493
13631;62048;2147484492
13639;62079;2147484489
13659;62173;2147484488
13661;62189;2147484487
13692;62329;2147484486
13765;62642;2147484484
13775;62704;2147484483
13778;62704;2147484482
13790;62767;2147484481
13810;62860;2147484480
13815;62876;2147484479
13817;62892;2147484478
13823;62907;2147484477
13824;62923;2147484476
13848;63017;2147484475
13864;63095;2147484474
13869;63126;2147484473
13886;63188;2147484472
14029;63845;2147484471
14046;63923;2147484470
14078;64063;2147484469
14116;64219;2147484468
14162;64438;2147484467
14177;64501;2147484466
14216;64673;2147484465
14231;64751;2147484462
14248;64829;2147484461
14257;64860;2147484459
14263;64891;2147484458
14280;64969;2147484457
14286;65001;2147484456
14308;65094;2147484455
14316;65126;2147484454
14411;65563;2147484453
14471;65844;2147484452
14482;65891;2147484451
14515;66047;2147484450
14553;66219;2147484449
14762;67156;2147484448
14768;67188;2147484447
14824;67438;2147484446
14850;67547;2147484445
14911;67828;2147484444
14928;67906;2147484443
14930;67922;2147484442
14941;67969;2147484441
14991;68203;2147484438
15119;68781;2147484437
15135;68859;2147484436
15249;69375;2147484435
15511;70577;2147484434
15542;70718;2147484433
15701;71434;2147484432
15796;71856;2147484431
15839;72059;2147484430
15842;72075;2147484429
15899;72324;2147484428
15926;72449;2147484426
15976;72668;2147484425
15990;72731;2147484424
16141;73418;2147484423
16155;73480;2147484422
16185;73621;2147484421
16273;74012;2147484420
16315;74199;2147484419
16371;74449;2147484418
16401;74590;2147484417
16473;74902;2147484416
16541;75199;2147484415
16669;75792;2147484414
16692;75886;2147484413
16752;76152;2147484412
16754;76167;2147484411
16898;76823;2147484410
16910;76870;2147484409
16944;77027;2147484407
17013;77339;2147484406
17026;77401;2147484405
17032;77433;2147484404
17169;78058;2147484403
17408;79135;2147484402
17424;79198;2147484400
17517;79635;2147484399
17586;79948;2147484398
17608;80057;2147484397
17609;80057;2147484396
17653;80263;2147484395
17658;80278;2147484394
17846;81122;2147484393
17861;81200;2147484392
17864;81200;2147484391
17905;81387;2147484390
17913;81434;2147484389
17924;81481;2147484388
17946;81575;2147484387
18062;82106;2147484386
18152;82512;2147484385
18172;82590;2147484384
18257;82981;2147484383
18269;83043;2147484379
18282;83106;2147484378
18359;83449;2147484377
18364;83481;2147484376
18415;83699;2147484375
18488;84043;2147484374
18558;84371;2147484373
18667;84855;2147484372
18683;84918;2147484371
18718;85090;2147484370
18879;85839;2147484369
18894;85902;2147484368
18932;86074;2147484367
18942;86121;2147484366
18982;86308;2147484365
18988;86339;2147484364
19177;87198;2147484363
19201;87303;2147484362
19404;88209;2147484361
19481;88553;2147484359
19497;88631;2147484358
19584;89006;2147484357
19734;89678;2147484356
19787;89927;2147484355
19925;90552;2147484354
19932;90584;2147484353
19944;90646;2147484352
20033;91052;2147484351
20060;91162;2147484350
20094;91318;2147484349
20102;91349;2147484348
20152;91583;2147484347
20163;91630;2147484346
20256;92052;2147484345
20309;92286;2147484344
20314;92318;2147484343
20423;92817;2147484342
20426;92833;2147484341
20441;92896;2147484340
20598;93598;2147484339
20602;93614;2147484338
20636;93770;2147484337
20640;93786;2147484336
20643;93802;2147484335
20704;94083;2147484334
20736;94223;2147484333
20790;94473;2147484332
20897;94973;2147484331
20936;95145;2147484330
21037;95598;2147484329
21364;97082;2147484328
21395;97223;2147484327
21484;97613;2147484325
21643;98316;2147484324
21734;98722;2147484323
21765;98863;2147484322
21774;98910;2147484321
21782;98941;2147484320
21970;99787;2147484319
22024;100037;2147484318
22036;100084;2147484317
22037;100084;2147484316
22117;100443;2147484315
22305;101287;2147484314
22578;102521;2147484313
22623;102724;2147484312
22705;103115;2147484311
22842;103724;2147484310
22910;104036;2147484309
23123;105005;2147484308
23135;105052;2147484307
23140;105083;2147484306
23156;105146;2147484305
23162;105177;2147484304
23477;106583;2147484303
23577;107036;2147484302
23608;107176;2147484288
23619;107239;2147484287
23846;108254;2147484286
23885;108442;2147484285
24148;109629;2147484284
24255;110113;2147484283
24270;110191;2147484282
24325;110441;2147484281
24359;110583;2147484280
24417;110849;2147484278
24468;111083;2147484277
24580;111599;2147484276
24600;111677;2147484275
24648;111895;2147484274
24755;112395;2147484273
24758;112411;2147484272
24856;112848;2147484271
24876;112942;2147484270
24916;113129;2147484268
25009;113536;2147484267
25033;113645;2147484266
25154;114192;2147484265
25195;114379;2147484264
25205;114426;2147484263
25238;114567;2147484262
25300;114848;2147484261
25305;114863;2147484260
25318;114926;2147484259
25351;115082;2147484258
25459;115566;2147484257
25746;116847;2147484256
25973;117863;2147484255
26072;118300;2147484254
26280;119237;2147484253
26383;119706;2147484252
26427;119894;2147484251
26482;120144;2147484250
26527;120347;2147484249
26564;120518;2147484248
26668;121003;2147484247
26743;121331;2147484246
26960;122331;2147484245
27125;123065;2147484244
27214;123471;2147484243
27297;123858;2147484242
27840;126295;2147484241
28057;127280;2147484240
28146;127686;2147484239
28339;128545;2147484237
28488;129217;2147484236
28643;129904;2147484235
28672;130045;2147484234
28779;130529;2147484233
28884;130998;2147484232
29203;132435;2147484231
29601;134247;2147484230
29672;134559;2147484229
29699;134684;2147484228
29900;135609;2147484227
29963;135890;2147484226
29985;135984;2147484225
30522;138468;2147484224
30631;138936;2147484223
30733;139405;2147484222
30877;140046;2147484221
31061;140889;2147484220
31092;141030;2147484219
31196;141514;2147484218
31228;141655;2147484217
31354;142217;2147484216
31480;142779;2147484215
31554;143123;2147484214
31587;143281;2147484213
31837;144390;2147484212
31944;144875;2147484211
31974;145000;2147484210
32218;146109;2147484209
32324;146593;2147484208
32390;146905;2147484207
32431;147093;2147484206
32571;147718;2147484205
32764;148592;2147484204
32782;148671;2147484203
33024;149764;2147484202
33152;150342;2147484201
33297;150998;2147484200
33321;151108;2147484199
33789;153216;2147484198
33884;153654;2147484197
33908;153763;2147484196
34427;156092;2147484195
34438;156139;2147484194
34740;157514;2147484193
35538;161109;2147484192
35915;162791;2147484191
36141;163822;2147484190
36200;164088;2147484189
36363;164806;2147484188
36444;165181;2147484187
36497;165431;2147484186
36535;165603;2147484185
36545;165634;2147484184
36832;166915;2147484183
36961;167509;2147484182
37005;167712;2147484181
37112;168196;2147484180
37390;169462;2147484179
37446;169711;2147484178
37466;169805;2147484177
37478;169852;2147484176
37515;170024;2147484175
37753;171102;2147484174
37788;171258;2147484173
37803;171336;2147484171
37820;171399;2147484170
37937;171930;2147484169
38491;174425;2147484168
38588;174863;2147484167
38639;175097;2147484166
38685;175300;2147484165
38741;175550;2147484164
39081;177097;2147484163
39133;177331;2147484162
39745;180065;2147484161
39922;180861;2147484160
40086;181596;2147484159
40156;181908;2147484158
40409;183064;2147484157
40425;183126;2147484156
40499;183470;2147484155
40509;183517;2147484154
40567;183767;2147484153
40673;184251;2147484152
40821;184922;2147484151
40889;185219;2147484150
41279;186984;2147484149
41366;187421;2147484148
41453;187827;2147484147
41551;188280;2147484146
41553;188296;2147484144
41578;188405;2147484143
42044;190514;2147484142
42182;191123;2147484141
42454;192373;2147484140
43150;195497;2147484139
43503;197086;2147484138
43712;198023;2147484137
43763;198257;2147484136
43777;198320;2147484135
44008;199351;2147484134
44170;200085;2147484133
44439;201288;2147484132
44459;201382;2147484131
44667;202319;2147484130
44749;202694;2147484129
45087;204225;2147484128
45442;205848;2147484127
45479;206020;2147484126
45535;206270;2147484125
45764;207316;2147484124
45818;207566;2147484123
45944;208129;2147484122
45980;208285;2147484121
46020;208472;2147484120
46258;209535;2147484119
46397;210168;2147484118
47118;213417;2147484117
47175;213683;2147484116
47227;213917;2147484115
47231;213933;2147484114
47265;214073;2147484113
47269;214105;2147484112
47753;216276;2147484111
47828;216620;2147484110
47970;217274;2147484109
48247;218508;2147484108
48519;219726;2147484107
48879;221335;2147484106
48961;221710;2147484105
49132;222476;2147484104
49402;223694;2147484103
49608;224616;2147484101
49710;225084;2147484100
49711;225084;2147484099
49714;225100;2147484098
49727;225162;2147484097
49838;225662;2147484096
49878;225850;2147484095
50173;227178;2147484094
50573;229005;2147484093
50585;229052;2147484092
50631;229255;2147484091
51214;231885;2147484090
51353;232510;2147484089
51383;232651;2147484088
51864;234791;2147484087
51947;235166;2147484086
51963;235244;2147484085
52114;235915;2147484084
52284;236681;2147484083
52575;237986;2147484082
53163;240611;2147484080
53702;243063;2147484079
54026;244532;2147484078
54095;244844;2147484077
54120;244953;2147484076
54427;246359;2147484075
54445;246437;2147484074
54740;247750;2147484073
55432;250872;2147484072
55969;253294;2147484071
56136;254044;2147484070
56351;255012;2147484069
56411;255278;2147484068
56755;256828;2147484067
56810;257078;2147484066
57049;258140;2147484065
57356;259531;2147484064
58253;263554;2147484063
58283;263679;2147484062
58443;264413;2147484061
59374;268645;2147484060
59641;269832;2147484059
59856;270785;2147484058
59893;270957;2147484057
60008;271457;2147484056
60261;272597;2147484055
60820;275112;2147484054
61120;276471;2147484053
61266;277121;2147484052
61542;278355;2147484051
61699;279058;2147484050
62046;280620;2147484049
62781;283932;2147484048
62825;284119;2147484047
63058;285167;2147484046
63390;286682;2147484045
63555;287432;2147484044
63850;288760;2147484043
64081;289807;2147484042
64837;293212;2147484041
64905;293509;2147484040
65338;295446;2147484039
65529;296321;2147484038
66369;300117;2147484037
66625;301273;2147484036
66971;302835;2147484035
67195;303835;2147484034
67308;304363;2147484033
67430;304925;2147484032
68093;307893;2147484031
68335;308987;2147484030
68367;309143;2147484029
68384;309205;2147484028
68913;311596;2147484027
69510;314282;2147484026
69663;314970;2147484025
69738;315313;2147484024
70181;317314;2147484023
70549;318969;2147484022
70896;320511;2147484021
70951;320761;2147484020
70959;320792;2147484019
71092;321402;2147484018
71368;322651;2147484015
71440;322979;2147484014
71485;323167;2147484013
71562;323510;2147484012
72201;326400;2147484011
73651;332987;2147484010
74075;334908;2147484009
74171;335330;2147484008
74848;338392;2147484007
75057;339345;2147484006
75610;341835;2147484005
77798;351728;2147484004
77933;352337;2147484003
78465;354794;2147484002
79121;357762;2147484001
79262;358403;2147484000
79412;359078;2147483999
79724;360484;2147483998
80504;364030;2147483997
80997;366232;2147483996
81084;366638;2147483995
81117;366779;2147483994
81263;367435;2147483993
81643;369146;2147483992
82060;371036;2147483991
82370;372448;2147483990
83284;376566;2147483989
85825;388074;2147483988
86031;389011;2147483987
86704;392042;2147483986
86730;392151;2147483985
87022;393479;2147483984
88064;398164;2147483983
88268;399085;2147483982
88383;399616;2147483981
88761;401335;2147483980
88793;401475;2147483979
88814;401569;2147483978
89217;403397;2147483977
89695;405553;2147483976
89775;405912;2147483975
90443;408918;2147483974
90521;409277;2147483973
91010;411480;2147483972
91101;411886;2147483971
91574;413995;2147483970
92547;418361;2147483969
92654;418845;2147483968
92899;419938;2147483967
94490;427120;2147483966
95062;429698;2147483965
95214;430385;2147483964
96096;434322;2147483963
96581;436504;2147483962
96689;436989;2147483961
96713;437098;2147483959
97383;440097;2147483957
97926;442550;2147483956
98178;443695;2147483955
98909;447006;2147483954
99440;449381;2147483953
100190;452746;2147483952
100946;456167;2147483951
101643;459448;2147483950
102015;461321;2147483949
103307;467163;2147483948
103660;468756;2147483947
103710;468975;2147483946
103942;470022;2147483945
105131;475360;2147483944
105367;476407;2147483943
106180;480062;2147483942
106577;481869;2147483941
106628;482087;2147483940
107014;483853;2147483939
107121;484368;2147483938
107283;485102;2147483937
107847;487649;2147483936
108335;489836;2147483935
108377;490023;2147483934
109112;493397;2147483933
109446;494917;2147483932
110078;497760;2147483930
110777;500915;2147483929
110848;501228;2147483928
111214;502868;2147483927
111697;505024;2147483926
112684;509551;2147483925
115287;521319;2147483924
116205;525461;2147483923
118735;536879;2147483922
119125;538644;2147483921
119172;538847;2147483920
120089;543015;2147483919
120464;544702;2147483918
121439;549092;2147483917
121490;549326;2147483916
121550;549592;2147483915
121706;550295;2147483914
121901;551154;2147483913
122101;552076;2147483912
124203;561548;2147483911
124975;565016;2147483910
125480;567312;2147483909
125596;567828;2147483908
125840;568952;2147483907
126298;570983;2147483906
128474;580768;2147483905
129048;583377;2147483904
129741;586501;2147483903
130139;588286;2147483902
131558;594706;2147483901
132080;597034;2147483900
132387;598424;2147483899
134133;606280;2147483898
135954;614491;2147483897
136859;618537;2147483896
140175;633501;2147483895
141693;640334;2147483894
142260;642865;2147483893
143127;646772;2147483892
143631;649037;2147483891
143896;650240;2147483890
144124;651271;2147483889
144545;653171;2147483888
146049;659977;2147483887
147091;664688;2147483886
147508;666563;2147483885
148726;672109;2147483884
149353;674936;2147483883
149725;676607;2147483882
150356;679450;2147483881
150997;682309;2147483880
152040;687026;2147483879
154270;697104;2147483878
154341;697432;2147483877
154955;700197;2147483876
155040;700588;2147483875
156587;707569;2147483874
156814;708584;2147483873
157000;709428;2147483872
157222;710428;2147483871
158305;715301;2147483870
160667;725924;2147483869
161277;728658;2147483868
161997;731907;2147483867
162462;733984;2147483866
162532;734297;2147483865
165136;746027;2147483864
167086;754834;2147483863
168128;759564;2147483862
169836;767234;2147483861
170444;769984;2147483860
170529;770374;2147483859
173168;782282;2147483858
174313;787463;2147483857
175145;791228;2147483856
175751;793968;2147483855
175949;794905;2147483854
176771;798602;2147483853
177523;801976;2147483852
177710;802832;2147483851
177813;803300;2147483850
180725;816414;2147483849
181777;821147;2147483848
185003;835642;2147483847
186069;840463;2147483846
187600;847401;2147483845
192696;870352;2147483844
195971;885223;2147483843
198167;895150;2147483842
198197;895290;2147483841
199335;900432;2147483840
199965;903307;2147483839
201578;910595;2147483838
201872;911939;2147483837
207418;936982;2147483836
207564;937638;2147483835
207996;939575;2147483834
214075;967062;2147483833
215187;972097;2147483832
215652;974190;2147483831
217248;981415;2147483830
219050;989523;2147483829
220579;996463;2147483828
224074;1012280;2147483827
224758;1015373;2147483826
225902;1020528;2147483825
227302;1026876;2147483824
228632;1032890;2147483823
228917;1034187;2147483822
232466;1050279;2147483821
233531;1055109;2147483820
234548;1059717;2147483819
235722;1065015;2147483818
235879;1065734;2147483817
238744;1078720;2147483816
239769;1083375;2147483815
240322;1085885;2147483814
240952;1088728;2147483813
244708;1105847;2147483812
247415;1118114;2147483811
248264;1122035;2147483810
248968;1125196;2147483809
249588;1128034;2147483808
250522;1132236;2147483807
260857;1179017;2147483806
262817;1187905;2147483805
268692;1214556;2147483804
269807;1219586;2147483803
272845;1233340;2147483802
273752;1237427;2147483801
274564;1241145;2147483800
274799;1242207;2147483799
276460;1249700;2147483798
285725;1291637;2147483797
286257;1294048;2147483796
291028;1315641;2147483795
291291;1316828;2147483794
297398;1344319;2147483793
297859;1346397;2147483792
299500;1353804;2147483791
300482;1358225;2147483790
300506;1358334;2147483789
307229;1388797;2147483788
307718;1391000;2147483787
310529;1403757;2147483786
311186;1406725;2147483785
312142;1411009;2147483784
313551;1417383;2147483783
316610;1431152;2147483781
322550;1457932;2147483780
325389;1470685;2147483779
327621;1480711;2147483778
331787;1499539;2147483777
336816;1522191;2147483776
337297;1524362;2147483775
347013;1568183;2147483774
347584;1570760;2147483773
348208;1573612;2147483772
357709;1616511;2147483771
365588;1652081;2147483770
368068;1663272;2147483769
368428;1664896;2147483768
369018;1667536;2147483767
372079;1681344;2147483766
373358;1687100;2147483765
379904;1716716;2147483764
379948;1716919;2147483763
390527;1764717;2147483762
390614;1765108;2147483761
394976;1784744;2147483760
407235;1840104;2147483759
408153;1844227;2147483758
414385;1872476;2147483757
416466;1881864;2147483756
421611;1905073;2147483755
429138;1939004;2147483754
434168;1961669;2147483753
437684;1977549;2147483752
445557;2013256;2147483751
464333;2097864;2147483750
468694;2117591;2147483749
476987;2154938;2147483748
480251;2169665;2147483747
486245;2196636;2147483746
487194;2200905;2147483745
492649;2225502;2147483744
500110;2259122;2147483743
500780;2262156;2147483742
512320;2314366;2147483741
523814;2366597;2147483740
527693;2384141;2147483739
531133;2399665;2147483738
534843;2416386;2147483737
537558;2428670;2147483736
540911;2443765;2147483735
541368;2445827;2147483734
546514;2469064;2147483733
556504;2514314;2147483732
562463;2541179;2147483731
562772;2542569;2147483730
566942;2561385;2147483729
567108;2562151;2147483728
571076;2580059;2147483727
580857;2624348;2147483726
584974;2642920;2147483725
594745;2686914;2147483724
600813;2714340;2147483723
603679;2727247;2147483722
604933;2732871;2147483721
605094;2733605;2147483720
616478;2785019;2147483719
630643;2848988;2147483718
641428;2897678;2147483717
649053;2932155;2147483716
662401;2992410;2147483715
699595;3160698;2147483714
712733;3220198;2147483712
714624;3228800;2147483711
749471;3386544;2147483710
768391;3472179;2147483709
775329;3503483;2147483708
800305;3616466;2147483707
823842;3722940;2147483706
842320;3806416;2147483705
881273;3982769;2147483704
896636;4052355;2147483703
952558;4306529;2147483702
964335;4359923;2147483701
966568;4370044;2147483700
2839423;12771802;2147483699
2845893;12801047;2147483698
2855603;12844991;2147483697
2867969;12900948;2147483696
2877460;12943647;2147483695
2919285;13132837;2147483694
2929776;13180193;2147483693
2954054;13289688;2147483692
2962464;13327699;2147483691
2973636;13378162;2147483690
2973937;13379521;2147483689
2989925;13451895;2147483688
3085977;13886991;2147483687
3091630;13912617;2147483686
3297037;14844236;2147483685
3319837;14947532;2147483684
3540189;15947896;2147483683
3564849;16059804;2147483682
3697299;16661437;2147483681
3851559;17361836;2147483680
3867937;17436252;2147483679
#
# name: Hill Climbing RS
# algorithm_class: solver.HillClimbingWithRS
# instance: iku-spr18
# seed: 4390580249987619095
# bestF: 2147483679
# DTF: 31
# cost: 198862
# startTime: 1769136589599
# totalTime: 43200001
# totalFEs: 9604162
# maxFEs: 9223372036854775807
# maxMilliSeconds: 43200000
# maxSeconds: 43200
#
<?xml version="1.0" encoding="UTF-8" standalone="no"?>
<solution author="ScholORs" cores="1" country="China and Malaysia" institution="Bejing/Hefei/Malaysia" name="iku-spr18" runtime="43200" technique="hillclimbingwithrs">
    <class days="0010000" id="1" room="174" start="144" weeks="1111111111111"/>
    <class days="0010000" id="2" room="174" start="156" weeks="1111111111111"/>
    <class days="0010000" id="3" room="127" start="204" weeks="1111111111111"/>
    <class days="0010000" id="4" room="127" start="180" weeks="1111111111111"/>
    <class days="0000100" id="5" room="203" start="204" weeks="1111111111111"/>
    <class days="0000100" id="6" room="189" start="120" weeks="1111111111111"/>
    <class days="0000100" id="7" room="189" start="132" weeks="1111111111111"/>
    <class days="0010000" id="8" room="127" start="108" weeks="1111111111111"/>
    <class days="0010000" id="9" room="127" start="120" weeks="1111111111111"/>
    <class days="0001000" id="10" room="127" start="192" weeks="1111111111111"/>
    <class days="0001000" id="11" room="127" start="168" weeks="1111111111111"/>
    <class days="0100000" id="12" room="175" start="108" weeks="1111111111111"/>
    <class days="0100000" id="13" room="175" start="120" weeks="1111111111111"/>
    <class days="0000100" id="14" room="127" start="198" weeks="1111111111111"/>
    <class days="0000100" id="15" room="127" start="174" weeks="1111111111111"/>
    <class days="1000000" id="16" room="175" start="168" weeks="1111111111111"/>
    <class days="1000000" id="17" room="175" start="180" weeks="1111111111111"/>
    <class days="1000000" id="18" room="126" start="156" weeks="1111111111111"/>
    <class days="1000000" id="19" room="126" start="132" weeks="1111111111111"/>
    <class days="0000100" id="20" room="204" start="138" weeks="1111111111111"/>
    <class days="0000100" id="21" room="204" start="114" weeks="1111111111111"/>
    <class days="0100000" id="22" room="127" start="198" weeks="1111111111111"/>
    <class days="0100000" id="23" room="127" start="174" weeks="1111111111111"/>
    <class days="0010000" id="24" room="189" start="108" weeks="1111111111111"/>
    <class days="0001000" id="25" room="201" start="210" weeks="1111111111111"/>
    <class days="0010000" id="26" room="126" start="156" weeks="1111111111111"/>
    <class days="1000000" id="27" room="6" start="108" weeks="1111111111111"/>
    <class days="0001000" id="28" room="97" start="156" weeks="1111111111111"/>
    <class days="1000000" id="29" room="2" start="156" weeks="1111111111111"/>
    <class days="0001000" id="30" room="6" start="108" weeks="1111111111111"/>
    <class days="1000000" id="31" room="93" start="156" weeks="1111111111111"/>
    <class days="1000000" id="32" start="156" weeks="1111111111111"/>
    <class days="1000000" id="33" start="156" weeks="1111111111111"/>
    <class days="0001000" id="34" room="109" start="120" weeks="1111111111111"/>
    <class days="1000000" id="35" room="96" start="156" weeks="1111111111111"/>
    <class days="1000000" id="36" start="156" weeks="1111111111111"/>
    <class days="1000000" id="37" start="156" weeks="1111111111111"/>
    <class days="0001000" id="38" room="131" start="132" weeks="1111111111111"/>
    <class days="0010000" id="39" start="144" weeks="1111111111111"/>
    <class days="0001000" id="40" room="111" start="108" weeks="1111111111111"/>
    <class days="0001000" id="41" room="159" start="156" weeks="1111111111111"/>
    <class days="0100000" id="42" room="166" start="156" weeks="1111111111111"/>
    <class days="0001000" id="43" room="160" start="156" weeks="1111111111111"/>
    <class days="0100000" id="44" room="109" start="156" weeks="1111111111111"/>
    <class days="1000000" id="45" room="111" start="108" weeks="1111111111111"/>
    <class days="0000100" id="46" room="165" start="192" weeks="1111111111111"/>
    <class days="0010000" id="47" room="111" start="120" weeks="1111111111111"/>
    <class days="0100000" id="48" room="133" start="108" weeks="1111111111111"/>
    <class days="1000000" id="49" room="161" start="108" weeks="1111111111111"/>
    <class days="0010000" id="50" room="182" start="192" weeks="1111111111111"/>
    <class days="0001000" id="51" room="142" start="108" weeks="1111111111111"/>
    <class days="0000100" id="52" room="2" start="162" weeks="1111111111111"/>
    <class days="0001000" id="53" room="6" start="180" weeks="1111111111111"/>
    <class days="0001000" id="54" start="180" weeks="1111111111111"/>
    <class days="0100000" id="55" room="96" start="156" weeks="1111111111111"/>
    <class days="0100000" id="56" room="96" start="132" weeks="1111111111111"/>
    <class days="0010000" id="57" room="141" start="192" weeks="1111111111111"/>
    <class days="1000000" id="58" room="143" start="192" weeks="1111111111111"/>
    <class days="0000100" id="59" room="145" start="204" weeks="1111111111111"/>
    <class days="0001000" id="60" room="208" start="174" weeks="1111111111111"/>
    <class days="0001000" id="61" room="97" start="108" weeks="1111111111111"/>
    <class days="0010000" id="62" room="109" start="168" weeks="1111111111111"/>
    <class days="0100000" id="63" room="93" start="108" weeks="1111111111111"/>
    <class days="0010000" id="64" room="98" start="108" weeks="1111111111111"/>
    <class days="0100000" id="65" room="145" start="180" weeks="1111111111111"/>
    <class days="0100000" id="66" room="145" start="192" weeks="1111111111111"/>
    <class days="0000100" id="67" room="104" start="204" weeks="1111111111111"/>
    <class days="0001000" id="68" room="109" start="168" weeks="1111111111111"/>
    <class days="1000000" id="69" room="145" start="114" weeks="1111111111111"/>
    <class days="0001000" id="70" room="93" start="108" weeks="1111111111111"/>
    <class days="1000000" id="71" room="145" start="204" weeks="1111111111111"/>
    <class days="0001000" id="72" room="2" start="108" weeks="1111111111111"/>
    <class days="0010000" id="73" room="6" start="192" weeks="1111111111111"/>
    <class days="0100000" id="74" room="126" start="132" weeks="1111111111111"/>
    <class days="0000100" id="75" room="206" start="120" weeks="1111111111111"/>
    <class days="0000100" id="76" room="198" start="156" weeks="1111111111111"/>
    <class days="0000100" id="77" room="198" start="180" weeks="1111111111111"/>
    <class days="0001000" id="78" room="206" start="156" weeks="1111111111111"/>
    <class days="0100000" id="79" room="206" start="108" weeks="1111111111111"/>
    <class days="1000000" id="80" room="1" start="156" weeks="1111111111111"/>
    <class days="0010000" id="81" room="169" start="120" weeks="1111111111111"/>
    <class days="0001000" id="82" room="169" start="192" weeks="1111111111111"/>
    <class days="0100000" id="83" room="206" start="132" weeks="1111111111111"/>
    <class days="1000000" id="84" room="206" start="120" weeks="1111111111111"/>
    <class days="0010000" id="85" room="206" start="156" weeks="1111111111111"/>
    <class days="1000000" id="86" room="197" start="156" weeks="1111111111111"/>
    <class days="1000000" id="87" room="197" start="180" weeks="1111111111111"/>
    <class days="0001000" id="88" room="195" start="156" weeks="1111111111111"/>
    <class days="1000000" id="89" room="195" start="108" weeks="1111111111111"/>
    <class days="0001000" id="90" room="195" start="180" weeks="1111111111111"/>
    <class days="1000000" id="91" room="195" start="132" weeks="1111111111111"/>
    <class days="0001000" id="92" room="197" start="108" weeks="1111111111111"/>
    <class days="0001000" id="93" room="197" start="156" weeks="1111111111111"/>
    <class days="1000000" id="94" room="194" start="108" weeks="1111111111111"/>
    <class days="0001000" id="95" room="195" start="108" weeks="1111111111111"/>
    <class days="1000000" id="96" room="195" start="156" weeks="1111111111111"/>
    <class days="1000000" id="97" room="197" start="108" weeks="1111111111111"/>
    <class days="0001000" id="98" room="197" start="132" weeks="1111111111111"/>
    <class days="0001000" id="99" room="197" start="180" weeks="1111111111111"/>
    <class days="1000000" id="100" room="194" start="132" weeks="1111111111111"/>
    <class days="0001000" id="101" room="195" start="132" weeks="1111111111111"/>
    <class days="1000000" id="102" room="195" start="180" weeks="1111111111111"/>
    <class days="1000000" id="103" room="197" start="132" weeks="1111111111111"/>
    <class days="0010000" id="104" room="197" start="108" weeks="1111111111111"/>
    <class days="0010000" id="105" room="197" start="156" weeks="1111111111111"/>
    <class days="0010000" id="106" room="197" start="132" weeks="1111111111111"/>
    <class days="0010000" id="107" room="197" start="180" weeks="1111111111111"/>
    <class days="0010000" id="108" room="195" start="156" weeks="1111111111111"/>
    <class days="0010000" id="109" room="195" start="108" weeks="1111111111111"/>
    <class days="0010000" id="110" room="195" start="180" weeks="1111111111111"/>
    <class days="0010000" id="111" room="195" start="132" weeks="1111111111111"/>
    <class days="0100000" id="112" room="195" start="108" weeks="1111111111111"/>
    <class days="0100000" id="113" room="195" start="156" weeks="1111111111111"/>
    <class days="0100000" id="114" room="195" start="132" weeks="1111111111111"/>
    <class days="0100000" id="115" room="195" start="180" weeks="1111111111111"/>
    <class days="0001000" id="116" room="55" start="108" weeks="1111111111111"/>
    <class days="0001000" id="117" room="41" start="132" weeks="1111111111111"/>
    <class days="0000100" id="118" room="195" start="108" weeks="1111111111111"/>
    <class days="0000100" id="119" room="195" start="156" weeks="1111111111111"/>
    <class days="0000100" id="120" room="195" start="132" weeks="1111111111111"/>
    <class days="0000100" id="121" room="195" start="180" weeks="1111111111111"/>
    <class days="0100000" id="122" room="197" start="108" weeks="1111111111111"/>
    <class days="0100000" id="123" room="197" start="156" weeks="1111111111111"/>
    <class days="0100000" id="124" room="197" start="132" weeks="1111111111111"/>
    <class days="0100000" id="125" room="197" start="180" weeks="1111111111111"/>
    <class days="0010000" id="126" room="157" start="120" weeks="1111111111111"/>
    <class days="0010000" id="127" room="143" start="174" weeks="1111111111111"/>
    <class days="0001000" id="128" room="157" start="246" weeks="1111111111111"/>
    <class days="0001000" id="129" room="101" start="186" weeks="1111111111111"/>
    <class days="0100000" id="130" room="90" start="156" weeks="1111111111111"/>
    <class days="0100000" id="131" room="204" start="108" weeks="1111111111111"/>
    <class days="0000100" id="132" room="149" start="162" weeks="1111111111111"/>
    <class days="0010000" id="133" room="161" start="156" weeks="1111111111111"/>
    <class days="0010000" id="134" room="146" start="114" weeks="1111111111111"/>
    <class days="1000000" id="135" room="147" start="192" weeks="1111111111111"/>
    <class days="0010000" id="136" room="126" start="186" weeks="1111111111111"/>
    <class days="1000000" id="137" room="141" start="156" weeks="1111111111111"/>
    <class days="1000000" id="138" room="167" start="114" weeks="1111111111111"/>
    <class days="0001000" id="139" room="90" start="114" weeks="1111111111111"/>
    <class days="1000000" id="140" room="106" start="108" weeks="1111111111111"/>
    <class days="0000100" id="141" room="104" start="180" weeks="1111111111111"/>
    <class days="1000000" id="142" room="162" start="198" weeks="1111111111111"/>
    <class days="0000100" id="143" room="132" start="126" weeks="1111111111111"/>
    <class days="0000100" id="144" room="148" start="126" weeks="1111111111111"/>
    <class days="1000000" id="145" room="145" start="180" weeks="1111111111111"/>
    <class days="0001000" id="146" room="139" start="108" weeks="1111111111111"/>
    <class days="0100000" id="147" room="184" start="156" weeks="1111111111111"/>
    <class days="0000100" id="148" room="94" start="156" weeks="1111111111111"/>
    <class days="0000100" id="149" room="91" start="204" weeks="1111111111111"/>
    <class days="0100000" id="150" room="101" start="108" weeks="1111111111111"/>
    <class days="0100000" id="151" room="72" start="156" weeks="1111111111111"/>
    <class days="0010000" id="152" room="148" start="132" weeks="1111111111111"/>
    <class days="0010000" id="153" room="139" start="108" weeks="1111111111111"/>
    <class days="0010000" id="154" room="135" start="156" weeks="1111111111111"/>
    <class days="0010000" id="155" room="153" start="180" weeks="1111111111111"/>
    <class days="1000000" id="156" room="147" start="108" weeks="1111111111111"/>
    <class days="1000000" id="157" room="147" start="132" weeks="1111111111111"/>
    <class days="0001000" id="158" room="141" start="108" weeks="1111111111111"/>
    <class days="0001000" id="159" room="141" start="132" weeks="1111111111111"/>
    <class days="0100000" id="160" room="126" start="168" weeks="1111111111111"/>
    <class days="0100000" id="161" room="135" start="132" weeks="1111111111111"/>
    <class days="0010000" id="162" room="121" start="204" weeks="1111111111111"/>
    <class days="0000100" id="163" room="103" start="192" weeks="1111111111111"/>
    <class days="1000000" id="164" room="120" start="156" weeks="1111111111111"/>
    <class days="0000100" id="165" room="103" start="168" weeks="1111111111111"/>
    <class days="0000100" id="166" room="159" start="132" weeks="1111111111111"/>
    <class days="0100000" id="167" room="125" start="156" weeks="1111111111111"/>
    <class days="0010000" id="168" room="125" start="120" weeks="1111111111111"/>
    <class days="0001000" id="169" room="95" start="108" weeks="1111111111111"/>
    <class days="0001000" id="170" room="150" start="132" weeks="1111111111111"/>
    <class days="0001000" id="171" room="164" start="108" weeks="1111111111111"/>
    <class days="0001000" id="172" room="138" start="108" weeks="1111111111111"/>
    <class days="0001000" id="173" room="200" start="168" weeks="1111111111111"/>
    <class days="0001000" id="174" room="4" start="168" weeks="1111111111111"/>
    <class days="0100000" id="175" room="89" start="108" weeks="1111111111111"/>
    <class days="0100000" id="176" room="185" start="132" weeks="1111111111111"/>
    <class days="0100000" id="177" room="185" start="204" weeks="1111111111111"/>
    <class days="0010000" id="178" room="185" start="204" weeks="1111111111111"/>
    <class days="0001000" id="179" room="104" start="132" weeks="1111111111111"/>
    <class days="1000000" id="180" room="103" start="162" weeks="1111111111111"/>
    <class days="0010000" id="181" room="89" start="108" weeks="1111111111111"/>
    <class days="0010000" id="182" room="185" start="132" weeks="1111111111111"/>
    <class days="0100000" id="183" room="151" start="204" weeks="1111111111111"/>
    <class days="0100000" id="184" room="104" start="132" weeks="1111111111111"/>
    <class days="0100000" id="185" room="104" start="108" weeks="1111111111111"/>
    <class days="1000000" id="186" room="104" start="186" weeks="1111111111111"/>
    <class days="0010000" id="187" room="124" start="108" weeks="1111111111111"/>
    <class days="0010000" id="188" room="124" start="156" weeks="1111111111111"/>
    <class days="1000000" id="189" room="122" start="114" weeks="1111111111111"/>
    <class days="0100000" id="190" room="103" start="108" weeks="1111111111111"/>
    <class days="0100000" id="191" room="121" start="156" weeks="1111111111111"/>
    <class days="0100000" id="192" room="123" start="180" weeks="1111111111111"/>
    <class days="0000100" id="193" room="124" start="132" weeks="1111111111111"/>
    <class days="0000100" id="194" room="124" start="108" weeks="1111111111111"/>
    <class days="0001000" id="195" room="119" start="180" weeks="1111111111111"/>
    <class days="0001000" id="196" room="119" start="156" weeks="1111111111111"/>
    <class days="0001000" id="197" room="125" start="180" weeks="1111111111111"/>
    <class days="0010000" id="198" room="43" start="126" weeks="1111111111111"/>
    <class days="0010000" id="199" room="54" start="156" weeks="1111111111111"/>
    <class days="0010000" id="200" room="115" start="156" weeks="1111111111111"/>
    <class days="0010000" id="201" room="38" start="126" weeks="1111111111111"/>
    <class days="0000100" id="202" room="46" start="120" weeks="1111111111111"/>
    <class days="0100000" id="203" room="56" start="150" weeks="1111111111111"/>
    <class days="0000100" id="204" room="72" start="156" weeks="1111111111111"/>
    <class days="0000100" id="205" room="59" start="108" weeks="1111111111111"/>
    <class days="0001000" id="206" room="61" start="150" weeks="1111111111111"/>
    <class days="0100000" id="207" room="44" start="108" weeks="1111111111111"/>
    <class days="0001000" id="208" room="37" start="120" weeks="1111111111111"/>
    <class days="1000000" id="209" room="57" start="168" weeks="1111111111111"/>
    <class days="0100000" id="210" room="58" start="126" weeks="1111111111111"/>
    <class days="1000000" id="211" room="57" start="156" weeks="1111111111111"/>
    <class days="0100000" id="212" room="58" start="114" weeks="1111111111111"/>
    <class days="0100000" id="213" room="72" start="180" weeks="1111111111111"/>
    <class days="1000000" id="214" room="46" start="180" weeks="1111111111111"/>
    <class days="0000100" id="215" room="61" start="150" weeks="1111111111111"/>
    <class days="1000000" id="216" room="46" start="108" weeks="1111111111111"/>
    <class days="1000000" id="217" room="46" start="132" weeks="1111111111111"/>
    <class days="0010000" id="218" room="46" start="174" weeks="1111111111111"/>
    <class days="0100000" id="219" room="49" start="108" weeks="1111111111111"/>
    <class days="0010000" id="220" room="72" start="108" weeks="1111111111111"/>
    <class days="0000100" id="221" room="61" start="198" weeks="1111111111111"/>
    <class days="0000100" id="222" room="46" start="162" weeks="1111111111111"/>
    <class days="0000100" id="223" room="43" start="114" weeks="1111111111111"/>
    <class days="0001000" id="224" room="72" start="108" weeks="1111111111111"/>
    <class days="0001000" id="225" room="72" start="132" weeks="1111111111111"/>
    <class days="0100000" id="226" room="72" start="120" weeks="1111111111111"/>
    <class days="0010000" id="227" room="44" start="174" weeks="1111111111111"/>
    <class days="0100000" id="228" room="72" start="108" weeks="1111111111111"/>
    <class days="0010000" id="229" room="44" start="162" weeks="1111111111111"/>
    <class days="0100000" id="230" room="39" start="156" weeks="1111111111111"/>
    <class days="0100000" id="231" room="39" start="180" weeks="1111111111111"/>
    <class days="0100000" id="232" room="61" start="168" weeks="1111111111111"/>
    <class days="0000100" id="233" room="39" start="138" weeks="1111111111111"/>
    <class days="1000000" id="234" room="159" start="156" weeks="1111111111111"/>
    <class days="0100000" id="235" room="177" start="180" weeks="1111111111111"/>
    <class days="0100000" id="236" room="177" start="204" weeks="1111111111111"/>
    <class days="1000000" id="237" room="133" start="108" weeks="1111111111111"/>
    <class days="0100000" id="238" room="177" start="156" weeks="1111111111111"/>
    <class days="1000000" id="239" room="192" start="204" weeks="1111111111111"/>
    <class days="0010000" id="240" room="177" start="108" weeks="1111111111111"/>
    <class days="0001000" id="241" room="177" start="180" weeks="1111111111111"/>
    <class days="0001000" id="242" room="163" start="156" weeks="1111111111111"/>
    <class days="0001000" id="243" room="178" start="180" weeks="1111111111111"/>
    <class days="0001000" id="244" room="178" start="204" weeks="1111111111111"/>
    <class days="0100000" id="245" room="134" start="108" weeks="1111111111111"/>
    <class days="0100000" id="246" room="176" start="132" weeks="1111111111111"/>
    <class days="0100000" id="247" room="176" start="156" weeks="1111111111111"/>
    <class days="0001000" id="248" room="101" start="108" weeks="1111111111111"/>
    <class days="0001000" id="249" room="177" start="132" weeks="1111111111111"/>
    <class days="0000010" id="250" room="95" start="108" weeks="1111111111111"/>
    <class days="0000010" id="251" room="176" start="132" weeks="1111111111111"/>
    <class days="0000010" id="252" room="176" start="12" weeks="1111111111111"/>
    <class days="1000000" id="253" room="139" start="132" weeks="1111111111111"/>
    <class days="1000000" id="254" room="176" start="156" weeks="1111111111111"/>
    <class days="1000000" id="255" room="176" start="180" weeks="1111111111111"/>
    <class days="0000100" id="256" room="164" start="192" weeks="1111111111111"/>
    <class days="1000000" id="257" room="178" start="120" weeks="1111111111111"/>
    <class days="1000000" id="258" room="177" start="180" weeks="1111111111111"/>
    <class days="0000100" id="259" room="153" start="168" weeks="1111111111111"/>
    <class days="0000100" id="260" room="176" start="192" weeks="1111111111111"/>
    <class days="0010000" id="261" room="94" start="252" weeks="1111111111111"/>
    <class days="0010000" id="262" room="141" start="216" weeks="1111111111111"/>
    <class days="0001000" id="263" room="103" start="252" weeks="1111111111111"/>
    <class days="0100000" id="264" room="92" start="252" weeks="1111111111111"/>
    <class days="0100000" id="265" room="171" start="210" weeks="1111111111111"/>
    <class days="1000000" id="266" room="144" start="132" weeks="1111111111111"/>
    <class days="1000000" id="267" room="123" start="180" weeks="1111111111111"/>
    <class days="0001000" id="268" room="176" start="108" weeks="1111111111111"/>
    <class days="0001000" id="269" room="176" start="132" weeks="1111111111111"/>
    <class days="0001000" id="270" room="176" start="168" weeks="1111111111111"/>
    <class days="0001000" id="271" room="176" start="192" weeks="1111111111111"/>
    <class days="0100000" id="272" room="176" start="108" weeks="1111111111111"/>
    <class days="1000000" id="273" room="105" start="156" weeks="1111111111111"/>
    <class days="0010000" id="274" room="169" start="168" weeks="1111111111111"/>
    <class days="0010000" id="275" room="169" start="192" weeks="1111111111111"/>
    <class days="0001000" id="276" room="169" start="108" weeks="1111111111111"/>
    <class days="0001000" id="277" room="169" start="132" weeks="1111111111111"/>
    <class days="0001000" id="278" room="169" start="168" weeks="1111111111111"/>
    <class days="0010000" id="279" room="202" start="192" weeks="1111111111111"/>
    <class days="0010000" id="280" room="162" start="192" weeks="1111111111111"/>
    <class days="0010000" id="281" room="192" start="168" weeks="1111111111111"/>
    <class days="0100000" id="282" room="156" start="132" weeks="1111111111111"/>
    <class days="0100000" id="283" room="156" start="156" weeks="1111111111111"/>
    <class days="0010000" id="284" room="178" start="108" weeks="1111111111111"/>
    <class days="0010000" id="285" room="178" start="132" weeks="1111111111111"/>
    <class days="0010000" id="286" room="178" start="168" weeks="1111111111111"/>
    <class days="0010000" id="287" room="178" start="192" weeks="1111111111111"/>
    <class days="0010000" id="288" room="163" start="108" weeks="1111111111111"/>
    <class days="0010000" id="289" room="163" start="132" weeks="1111111111111"/>
    <class days="0000100" id="290" room="177" start="108" weeks="1111111111111"/>
    <class days="0000100" id="291" room="177" start="132" weeks="1111111111111"/>
    <class days="0000100" id="292" room="177" start="168" weeks="1111111111111"/>
    <class days="0000100" id="293" room="177" start="192" weeks="1111111111111"/>
    <class days="1000000" id="294" room="148" start="108" weeks="1111111111111"/>
    <class days="1000000" id="295" room="148" start="132" weeks="1111111111111"/>
    <class days="0100000" id="296" room="178" start="108" weeks="1111111111111"/>
    <class days="0100000" id="297" room="178" start="132" weeks="1111111111111"/>
    <class days="0100000" id="298" room="178" start="168" weeks="1111111111111"/>
    <class days="0100000" id="299" room="178" start="192" weeks="1111111111111"/>
    <class days="0001000" id="300" room="165" start="180" weeks="1111111111111"/>
    <class days="0001000" id="301" room="165" start="204" weeks="1111111111111"/>
    <class days="0000100" id="302" room="178" start="108" weeks="1111111111111"/>
    <class days="0000100" id="303" room="178" start="132" weeks="1111111111111"/>
    <class days="0000100" id="304" room="178" start="168" weeks="1111111111111"/>
    <class days="0000100" id="305" room="178" start="192" weeks="1111111111111"/>
    <class days="0100000" id="306" room="101" start="180" weeks="1111111111111"/>
    <class days="0100000" id="307" room="101" start="204" weeks="1111111111111"/>
    <class days="0010000" id="308" room="176" start="156" weeks="1111111111111"/>
    <class days="0010000" id="309" room="176" start="180" weeks="1111111111111"/>
    <class days="0010000" id="310" room="176" start="204" weeks="1111111111111"/>
    <class days="0001000" id="311" room="177" start="108" weeks="1111111111111"/>
    <class days="1000000" id="312" room="168" start="186" weeks="1111111111111"/>
    <class days="0010000" id="313" room="163" start="162" weeks="1111111111111"/>
    <class days="0001000" id="314" room="178" start="108" weeks="1111111111111"/>
    <class days="0001000" id="315" room="178" start="132" weeks="1111111111111"/>
    <class days="0001000" id="316" room="178" start="156" weeks="1111111111111"/>
    <class days="0000100" id="317" room="176" start="126" weeks="1111111111111"/>
    <class days="1000000" id="318" room="160" start="108" weeks="1111111111111"/>
    <class days="1000000" id="319" room="160" start="132" weeks="1111111111111"/>
    <class days="0010000" id="320" room="177" start="132" weeks="1111111111111"/>
    <class days="0010000" id="321" room="177" start="156" weeks="1111111111111"/>
    <class days="0010000" id="322" room="177" start="180" weeks="1111111111111"/>
    <class days="0000100" id="323" room="143" start="174" weeks="1111111111111"/>
    <class days="0010000" id="324" room="168" start="138" weeks="1111111111111"/>
    <class days="1000000" id="325" room="130" start="162" weeks="1111111111111"/>
    <class days="0100000" id="326" room="132" start="180" weeks="1111111111111"/>
    <class days="1000000" id="327" room="171" start="162" weeks="1111111111111"/>
    <class days="0000100" id="328" room="171" start="198" weeks="1111111111111"/>
    <class days="0010000" id="329" room="147" start="156" weeks="1111111111111"/>
    <class days="0010000" id="330" start="198" weeks="1111111111111"/>
    <class days="0001000" id="331" start="192" weeks="1111111111111"/>
    <class days="0010000" id="332" start="192" weeks="1111111111111"/>
    <class days="0001000" id="333" start="204" weeks="1111111111111"/>
    <class days="0010000" id="334" start="168" weeks="1111111111111"/>
    <class days="0010000" id="335" start="174" weeks="1111111111111"/>
    <class days="0001000" id="336" start="162" weeks="1111111111111"/>
    <class days="0010000" id="337" start="114" weeks="1111111111111"/>
    <class days="1000000" id="338" room="136" start="192" weeks="1111111111111"/>
    <class days="1000000" id="339" room="136" start="168" weeks="1111111111111"/>
    <class days="0010000" id="340" start="108" weeks="1111111111111"/>
    <class days="0010000" id="341" start="168" weeks="1111111111111"/>
    <class days="1000000" id="342" room="168" start="108" weeks="1111111111111"/>
    <class days="1000000" id="343" room="144" start="168" weeks="1111111111111"/>
    <class days="0001000" id="344" room="92" start="120" weeks="1111111111111"/>
    <class days="0001000" id="345" room="143" start="186" weeks="1111111111111"/>
    <class days="0010000" id="346" room="171" start="108" weeks="1111111111111"/>
    <class days="0000100" id="347" room="171" start="156" weeks="1111111111111"/>
    <class days="0100000" id="348" room="171" start="108" weeks="1111111111111"/>
    <class days="0100000" id="349" start="216" weeks="1111111111111"/>
    <class days="0010000" id="350" start="168" weeks="1111111111111"/>
    <class days="1000000" id="351" room="94" start="108" weeks="1111111111111"/>
    <class days="0010000" id="352" room="165" start="192" weeks="1111111111111"/>
    <class days="0001000" id="353" room="164" start="180" weeks="1111111111111"/>
    <class days="0100000" id="354" room="170" start="186" weeks="1111111111111"/>
    <class days="0010000" id="355" room="170" start="114" weeks="1111111111111"/>
    <class days="0001000" id="356" room="170" start="204" weeks="1111111111111"/>
    <class days="0000100" id="357" room="1" start="186" weeks="1111111111111"/>
    <class days="0000100" id="358" room="90" start="108" weeks="1111111111111"/>
    <class days="1000000" id="359" room="153" start="180" weeks="1111111111111"/>
    <class days="1000000" id="360" room="153" start="204" weeks="1111111111111"/>
    <class days="0000100" id="361" start="198" weeks="1111111111111"/>
    <class days="0000100" id="362" start="126" weeks="1111111111111"/>
    <class days="0100000" id="363" start="120" weeks="1111111111111"/>
    <class days="0000100" id="364" start="162" weeks="1111111111111"/>
    <class days="0001000" id="365" start="156" weeks="1111111111111"/>
    <class days="0100000" id="366" start="156" weeks="1111111111111"/>
    <class days="0100000" id="367" room="141" start="192" weeks="1111111111111"/>
    <class days="0100000" id="368" room="171" start="168" weeks="1111111111111"/>
    <class days="0001000" id="369" room="160" start="204" weeks="1111111111111"/>
    <class days="0010000" id="370" room="171" start="198" weeks="1111111111111"/>
    <class days="1000000" id="371" room="172" start="126" weeks="1111111111111"/>
    <class days="1000000" id="372" room="165" start="180" weeks="1111111111111"/>
    <class days="1000000" id="373" room="165" start="156" weeks="1111111111111"/>
    <class days="0000100" id="374" room="183" start="150" weeks="1111111111111"/>
    <class days="0100000" id="375" room="170" start="108" weeks="1111111111111"/>
    <class days="0000100" id="376" room="170" start="198" weeks="1111111111111"/>
    <class days="0001000" id="377" room="170" start="120" weeks="1111111111111"/>
    <class days="0000100" id="378" room="169" start="114" weeks="1111111111111"/>
    <class days="1000000" id="379" room="142" start="114" weeks="1111111111111"/>
    <class days="0010000" id="380" room="142" start="156" weeks="1111111111111"/>
    <class days="0001000" id="381" room="151" start="174" weeks="1111111111111"/>
    <class days="0010000" id="382" room="101" start="180" weeks="1111111111111"/>
    <class days="0010000" id="383" room="147" start="120" weeks="1111111111111"/>
    <class days="0000100" id="384" room="199" start="174" weeks="1111111111111"/>
    <class days="0010000" id="385" room="168" start="198" weeks="1111111111111"/>
    <class days="0010000" id="386" room="120" start="156" weeks="1111111111111"/>
    <class days="0100000" id="387" room="126" start="198" weeks="1111111111111"/>
    <class days="1000000" id="388" room="203" start="156" weeks="1111111111111"/>
    <class days="0001000" id="389" room="120" start="204" weeks="1111111111111"/>
    <class days="0001000" id="390" room="106" start="108" weeks="1111111111111"/>
    <class days="1000000" id="391" room="202" start="132" weeks="1111111111111"/>
    <class days="0001000" id="392" room="95" start="132" weeks="1111111111111"/>
    <class days="1000000" id="393" room="126" start="168" weeks="1111111111111"/>
    <class days="0001000" id="394" room="202" start="108" weeks="1111111111111"/>
    <class days="0010000" id="395" room="202" start="120" weeks="1111111111111"/>
    <class days="0100000" id="396" room="141" start="150" weeks="1111111111111"/>
    <class days="0001000" id="397" room="164" start="144" weeks="1111111111111"/>
    <class days="1000000" id="398" room="90" start="204" weeks="1111111111111"/>
    <class days="0010000" id="399" room="125" start="198" weeks="1111111111111"/>
    <class days="0100000" id="400" room="167" start="168" weeks="1111111111111"/>
    <class days="1000000" id="401" room="94" start="162" weeks="1111111111111"/>
    <class days="0100000" id="402" room="140" start="108" weeks="1111111111111"/>
    <class days="1000000" id="403" room="162" start="108" weeks="1111111111111"/>
    <class days="0000100" id="404" room="200" start="156" weeks="1111111111111"/>
    <class days="0000100" id="405" room="144" start="108" weeks="1111111111111"/>
    <class days="0000100" id="406" room="72" start="120" weeks="1111111111111"/>
    <class days="0000100" id="407" room="72" start="108" weeks="1111111111111"/>
    <class days="0000100" id="408" room="72" start="144" weeks="1111111111111"/>
    <class days="1000000" id="409" room="116" start="192" weeks="1111111111111"/>
    <class days="0000100" id="410" room="114" start="156" weeks="1111111111111"/>
    <class days="0000100" id="411" room="114" start="180" weeks="1111111111111"/>
    <class days="0000100" id="412" room="114" start="192" weeks="1111111111111"/>
    <class days="0001000" id="413" room="41" start="108" weeks="1111111111111"/>
    <class days="1000000" id="414" room="144" start="222" weeks="1111111111111"/>
    <class days="1000000" id="415" room="199" start="246" weeks="1111111111111"/>
    <class days="0010000" id="416" room="149" start="228" weeks="1111111111111"/>
    <class days="1000000" id="417" room="4" start="240" weeks="1111111111111"/>
    <class days="1000000" id="418" room="167" start="246" weeks="1111111111111"/>
    <class days="0100000" id="419" room="159" start="240" weeks="1111111111111"/>
    <class days="0100000" id="420" room="134" start="180" weeks="1111111111111"/>
    <class days="0010000" id="421" room="136" start="156" weeks="1111111111111"/>
    <class days="0010000" id="422" room="159" start="108" weeks="1111111111111"/>
    <class days="0100000" id="423" start="132" weeks="1111111111111"/>
    <class days="0010000" id="424" room="139" start="132" weeks="1111111111111"/>
    <class days="0000100" id="425" room="139" start="156" weeks="1111111111111"/>
    <class days="0001000" id="426" room="106" start="156" weeks="1111111111111"/>
    <class days="0010000" id="427" room="202" start="156" weeks="1111111111111"/>
    <class days="0001000" id="428" room="120" start="132" weeks="1111111111111"/>
    <class days="0000100" id="429" room="104" start="120" weeks="1111111111111"/>
    <class days="0000100" id="430" room="103" start="144" weeks="1111111111111"/>
    <class days="0000100" id="431" room="89" start="180" weeks="1111111111111"/>
    <class days="0100000" id="432" room="120" start="108" weeks="1111111111111"/>
    <class days="0100000" id="433" room="120" start="156" weeks="1111111111111"/>
    <class days="0100000" id="434" room="106" start="132" weeks="1111111111111"/>
    <class days="0100000" id="435" room="120" start="180" weeks="1111111111111"/>
    <class days="1000000" id="436" room="120" start="132" weeks="1111111111111"/>
    <class days="0010000" id="437" room="121" start="180" weeks="1111111111111"/>
    <class days="0000100" id="438" room="125" start="144" weeks="1111111111111"/>
    <class days="1000000" id="439" room="124" start="108" weeks="1111111111111"/>
    <class days="1000000" id="440" room="122" start="156" weeks="1111111111111"/>
    <class days="1000000" id="441" room="207" start="120" weeks="1111111111111"/>
    <class days="1000000" id="442" room="198" start="156" weeks="1111111111111"/>
    <class days="1000000" id="443" room="198" start="180" weeks="1111111111111"/>
    <class days="0100000" id="444" room="207" start="132" weeks="1111111111111"/>
    <class days="0001000" id="445" room="207" start="180" weeks="1111111111111"/>
    <class days="0010000" id="446" room="207" start="120" weeks="1111111111111"/>
    <class days="0000100" id="447" room="207" start="120" weeks="1111111111111"/>
    <class days="0001000" id="448" room="207" start="156" weeks="1111111111111"/>
    <class days="0001000" id="449" room="207" start="132" weeks="1111111111111"/>
    <class days="0010000" id="450" room="207" start="168" weeks="1111111111111"/>
    <class days="0100000" id="451" room="207" start="168" weeks="1111111111111"/>
    <class days="1000000" id="452" room="186" start="156" weeks="1111111111111"/>
    <class days="0001000" id="453" room="186" start="156" weeks="1111111111111"/>
    <class days="1000000" id="454" room="186" start="192" weeks="1111111111111"/>
    <class days="1000000" id="455" room="186" start="120" weeks="1111111111111"/>
    <class days="0001000" id="456" room="186" start="192" weeks="1111111111111"/>
    <class days="0100000" id="457" room="186" start="168" weeks="1111111111111"/>
    <class days="0010000" id="458" room="186" start="150" weeks="1111111111111"/>
    <class days="0000100" id="459" room="186" start="156" weeks="1111111111111"/>
    <class days="0001000" id="460" room="186" start="114" weeks="1111111111111"/>
    <class days="0000100" id="461" room="186" start="132" weeks="1111111111111"/>
    <class days="0000100" id="462" room="186" start="180" weeks="1111111111111"/>
    <class days="0000100" id="463" room="119" start="156" weeks="1111111111111"/>
    <class days="0000100" id="464" room="151" start="180" weeks="1111111111111"/>
    <class days="0000100" id="465" room="119" start="108" weeks="1111111111111"/>
    <class days="0100000" id="466" room="123" start="108" weeks="1111111111111"/>
    <class days="0100000" id="467" room="145" start="132" weeks="1111111111111"/>
    <class days="0100000" id="468" room="123" start="156" weeks="1111111111111"/>
    <class days="1000000" id="469" room="104" start="108" weeks="1111111111111"/>
    <class days="0010000" id="470" room="89" start="132" weeks="1111111111111"/>
    <class days="0010000" id="471" room="163" start="192" weeks="1111111111111"/>
    <class days="0001000" id="472" room="200" start="120" weeks="1111111111111"/>
    <class days="0000100" id="473" room="200" start="192" weeks="1111111111111"/>
    <class days="0010000" id="474" room="199" start="192" weeks="1111111111111"/>
    <class days="0010000" id="475" room="204" start="156" weeks="1111111111111"/>
    <class days="1000000" id="476" room="22" start="108" weeks="1111111111111"/>
    <class days="1000000" id="477" room="25" start="108" weeks="1111111111111"/>
    <class days="1000000" id="478" room="28" start="108" weeks="1111111111111"/>
    <class days="1000000" id="479" room="23" start="108" weeks="1111111111111"/>
    <class days="1000000" id="480" room="34" start="108" weeks="1111111111111"/>
    <class days="0100000" id="481" room="22" start="108" weeks="1111111111111"/>
    <class days="0100000" id="482" room="25" start="108" weeks="1111111111111"/>
    <class days="0100000" id="483" room="28" start="108" weeks="1111111111111"/>
    <class days="0100000" id="484" room="23" start="108" weeks="1111111111111"/>
    <class days="0100000" id="485" room="34" start="108" weeks="1111111111111"/>
    <class days="0010000" id="486" room="22" start="108" weeks="1111111111111"/>
    <class days="0010000" id="487" room="25" start="108" weeks="1111111111111"/>
    <class days="0010000" id="488" room="28" start="108" weeks="1111111111111"/>
    <class days="0010000" id="489" room="23" start="108" weeks="1111111111111"/>
    <class days="0010000" id="490" room="34" start="108" weeks="1111111111111"/>
    <class days="0001000" id="491" room="22" start="108" weeks="1111111111111"/>
    <class days="0001000" id="492" room="25" start="132" weeks="1111111111111"/>
    <class days="0001000" id="493" room="28" start="108" weeks="1111111111111"/>
    <class days="0001000" id="494" room="23" start="132" weeks="1111111111111"/>
    <class days="0001000" id="495" room="34" start="108" weeks="1111111111111"/>
    <class days="0100000" id="496" room="22" start="144" weeks="1111111111111"/>
    <class days="0000100" id="497" room="25" start="108" weeks="1111111111111"/>
    <class days="0000100" id="498" room="28" start="108" weeks="1111111111111"/>
    <class days="0000100" id="499" room="23" start="108" weeks="1111111111111"/>
    <class days="0000100" id="500" room="34" start="108" weeks="1111111111111"/>
    <class days="0010000" id="501" room="22" start="144" weeks="1111111111111"/>
    <class days="1000000" id="502" room="25" start="144" weeks="1111111111111"/>
    <class days="1000000" id="503" room="28" start="144" weeks="1111111111111"/>
    <class days="1000000" id="504" room="23" start="144" weeks="1111111111111"/>
    <class days="1000000" id="505" room="34" start="144" weeks="1111111111111"/>
    <class days="0001000" id="506" room="22" start="144" weeks="1111111111111"/>
    <class days="0100000" id="507" room="25" start="144" weeks="1111111111111"/>
    <class days="0100000" id="508" room="28" start="144" weeks="1111111111111"/>
    <class days="0100000" id="509" room="23" start="144" weeks="1111111111111"/>
    <class days="0100000" id="510" room="34" start="144" weeks="1111111111111"/>
    <class days="0000100" id="511" room="22" start="108" weeks="1111111111111"/>
    <class days="0001000" id="512" room="25" start="108" weeks="1111111111111"/>
    <class days="0010000" id="513" room="28" start="144" weeks="1111111111111"/>
    <class days="0010000" id="514" room="23" start="144" weeks="1111111111111"/>
    <class days="0010000" id="515" room="34" start="144" weeks="1111111111111"/>
    <class days="0000100" id="516" room="22" start="132" weeks="1111111111111"/>
    <class days="0010000" id="517" room="25" start="144" weeks="1111111111111"/>
    <class days="0001000" id="518" room="28" start="144" weeks="1111111111111"/>
    <class days="0001000" id="519" room="23" start="108" weeks="1111111111111"/>
    <class days="0001000" id="520" room="34" start="144" weeks="1111111111111"/>
    <class days="0000100" id="521" room="9" start="180" weeks="1111111111111"/>
    <class days="0000100" id="522" room="25" start="132" weeks="1111111111111"/>
    <class days="0000100" id="523" room="28" start="132" weeks="1111111111111"/>
    <class days="0000100" id="524" room="23" start="132" weeks="1111111111111"/>
    <class days="0000100" id="525" room="34" start="132" weeks="1111111111111"/>
    <class days="1000000" id="526" room="30" start="108" weeks="1111111111111"/>
    <class days="1000000" id="527" room="24" start="108" weeks="1111111111111"/>
    <class days="1000000" id="528" room="36" start="108" weeks="1111111111111"/>
    <class days="1000000" id="529" room="31" start="108" weeks="1111111111111"/>
    <class days="1000000" id="530" room="27" start="108" weeks="1111111111111"/>
    <class days="1000000" id="531" room="29" start="108" weeks="1111111111111"/>
    <class days="1000000" id="532" room="32" start="108" weeks="1111111111111"/>
    <class days="1000000" id="533" room="7" start="108" weeks="1111111111111"/>
    <class days="1000000" id="534" room="12" start="108" weeks="1111111111111"/>
    <class days="1000000" id="535" room="26" start="108" weeks="1111111111111"/>
    <class days="1000000" id="536" room="33" start="108" weeks="1111111111111"/>
    <class days="1000000" id="537" room="8" start="108" weeks="1111111111111"/>
    <class days="1000000" id="538" room="9" start="108" weeks="1111111111111"/>
    <class days="1000000" id="539" room="15" start="108" weeks="1111111111111"/>
    <class days="1000000" id="540" room="20" start="108" weeks="1111111111111"/>
    <class days="1000000" id="541" room="35" start="108" weeks="1111111111111"/>
    <class days="1000000" id="542" room="30" start="132" weeks="1111111111111"/>
    <class days="1000000" id="543" room="24" start="132" weeks="1111111111111"/>
    <class days="1000000" id="544" room="36" start="132" weeks="1111111111111"/>
    <class days="1000000" id="545" room="31" start="132" weeks="1111111111111"/>
    <class days="1000000" id="546" room="27" start="132" weeks="1111111111111"/>
    <class days="1000000" id="547" room="29" start="132" weeks="1111111111111"/>
    <class days="1000000" id="548" room="32" start="132" weeks="1111111111111"/>
    <class days="1000000" id="549" room="7" start="132" weeks="1111111111111"/>
    <class days="1000000" id="550" room="12" start="132" weeks="1111111111111"/>
    <class days="1000000" id="551" room="26" start="132" weeks="1111111111111"/>
    <class days="1000000" id="552" room="33" start="132" weeks="1111111111111"/>
    <class days="1000000" id="553" room="8" start="132" weeks="1111111111111"/>
    <class days="1000000" id="554" room="9" start="132" weeks="1111111111111"/>
    <class days="1000000" id="555" room="15" start="132" weeks="1111111111111"/>
    <class days="1000000" id="556" room="20" start="132" weeks="1111111111111"/>
    <class days="1000000" id="557" room="35" start="132" weeks="1111111111111"/>
    <class days="1000000" id="558" room="30" start="162" weeks="1111111111111"/>
    <class days="1000000" id="559" room="24" start="162" weeks="1111111111111"/>
    <class days="1000000" id="560" room="36" start="162" weeks="1111111111111"/>
    <class days="1000000" id="561" room="31" start="162" weeks="1111111111111"/>
    <class days="1000000" id="562" room="27" start="162" weeks="1111111111111"/>
    <class days="1000000" id="563" room="29" start="162" weeks="1111111111111"/>
    <class days="1000000" id="564" room="32" start="162" weeks="1111111111111"/>
    <class days="1000000" id="565" room="7" start="162" weeks="1111111111111"/>
    <class days="1000000" id="566" room="12" start="162" weeks="1111111111111"/>
    <class days="1000000" id="567" room="26" start="162" weeks="1111111111111"/>
    <class days="1000000" id="568" room="33" start="162" weeks="1111111111111"/>
    <class days="1000000" id="569" room="8" start="162" weeks="1111111111111"/>
    <class days="1000000" id="570" room="9" start="162" weeks="1111111111111"/>
    <class days="1000000" id="571" room="15" start="162" weeks="1111111111111"/>
    <class days="1000000" id="572" room="20" start="162" weeks="1111111111111"/>
    <class days="1000000" id="573" room="35" start="162" weeks="1111111111111"/>
    <class days="0100000" id="574" room="30" start="108" weeks="1111111111111"/>
    <class days="0100000" id="575" room="24" start="108" weeks="1111111111111"/>
    <class days="0100000" id="576" room="36" start="108" weeks="1111111111111"/>
    <class days="0100000" id="577" room="31" start="108" weeks="1111111111111"/>
    <class days="0100000" id="578" room="27" start="108" weeks="1111111111111"/>
    <class days="0100000" id="579" room="29" start="108" weeks="1111111111111"/>
    <class days="0100000" id="580" room="32" start="108" weeks="1111111111111"/>
    <class days="0100000" id="581" room="7" start="108" weeks="1111111111111"/>
    <class days="0100000" id="582" room="12" start="108" weeks="1111111111111"/>
    <class days="0100000" id="583" room="26" start="108" weeks="1111111111111"/>
    <class days="0100000" id="584" room="33" start="108" weeks="1111111111111"/>
    <class days="0100000" id="585" room="8" start="108" weeks="1111111111111"/>
    <class days="0100000" id="586" room="9" start="108" weeks="1111111111111"/>
    <class days="0100000" id="587" room="15" start="108" weeks="1111111111111"/>
    <class days="0100000" id="588" room="20" start="108" weeks="1111111111111"/>
    <class days="0100000" id="589" room="35" start="108" weeks="1111111111111"/>
    <class days="0100000" id="590" room="30" start="132" weeks="1111111111111"/>
    <class days="0100000" id="591" room="24" start="132" weeks="1111111111111"/>
    <class days="0100000" id="592" room="36" start="132" weeks="1111111111111"/>
    <class days="0100000" id="593" room="31" start="132" weeks="1111111111111"/>
    <class days="0100000" id="594" room="27" start="132" weeks="1111111111111"/>
    <class days="0100000" id="595" room="29" start="132" weeks="1111111111111"/>
    <class days="0100000" id="596" room="32" start="132" weeks="1111111111111"/>
    <class days="0100000" id="597" room="7" start="132" weeks="1111111111111"/>
    <class days="0100000" id="598" room="12" start="132" weeks="1111111111111"/>
    <class days="0100000" id="599" room="26" start="132" weeks="1111111111111"/>
    <class days="0100000" id="600" room="33" start="132" weeks="1111111111111"/>
    <class days="0100000" id="601" room="8" start="132" weeks="1111111111111"/>
    <class days="0100000" id="602" room="9" start="132" weeks="1111111111111"/>
    <class days="0100000" id="603" room="15" start="132" weeks="1111111111111"/>
    <class days="0100000" id="604" room="20" start="132" weeks="1111111111111"/>
    <class days="0100000" id="605" room="35" start="132" weeks="1111111111111"/>
    <class days="0100000" id="606" room="30" start="162" weeks="1111111111111"/>
    <class days="0100000" id="607" room="24" start="162" weeks="1111111111111"/>
    <class days="0100000" id="608" room="36" start="162" weeks="1111111111111"/>
    <class days="0100000" id="609" room="31" start="162" weeks="1111111111111"/>
    <class days="0100000" id="610" room="27" start="162" weeks="1111111111111"/>
    <class days="0100000" id="611" room="29" start="162" weeks="1111111111111"/>
    <class days="0100000" id="612" room="32" start="162" weeks="1111111111111"/>
    <class days="0100000" id="613" room="7" start="162" weeks="1111111111111"/>
    <class days="0100000" id="614" room="12" start="162" weeks="1111111111111"/>
    <class days="0100000" id="615" room="26" start="162" weeks="1111111111111"/>
    <class days="0100000" id="616" room="33" start="162" weeks="1111111111111"/>
    <class days="0100000" id="617" room="8" start="162" weeks="1111111111111"/>
    <class days="0100000" id="618" room="9" start="162" weeks="1111111111111"/>
    <class days="0100000" id="619" room="15" start="162" weeks="1111111111111"/>
    <class days="0100000" id="620" room="20" start="162" weeks="1111111111111"/>
    <class days="0100000" id="621" room="35" start="162" weeks="1111111111111"/>
    <class days="0010000" id="622" room="30" start="108" weeks="1111111111111"/>
    <class days="0010000" id="623" room="24" start="108" weeks="1111111111111"/>
    <class days="0010000" id="624" room="36" start="108" weeks="1111111111111"/>
    <class days="0010000" id="625" room="31" start="108" weeks="1111111111111"/>
    <class days="0010000" id="626" room="27" start="108" weeks="1111111111111"/>
    <class days="0010000" id="627" room="29" start="108" weeks="1111111111111"/>
    <class days="0010000" id="628" room="32" start="108" weeks="1111111111111"/>
    <class days="0010000" id="629" room="7" start="108" weeks="1111111111111"/>
    <class days="0010000" id="630" room="12" start="108" weeks="1111111111111"/>
    <class days="0010000" id="631" room="26" start="108" weeks="1111111111111"/>
    <class days="0010000" id="632" room="33" start="108" weeks="1111111111111"/>
    <class days="0010000" id="633" room="8" start="108" weeks="1111111111111"/>
    <class days="0010000" id="634" room="9" start="108" weeks="1111111111111"/>
    <class days="0010000" id="635" room="15" start="108" weeks="1111111111111"/>
    <class days="0010000" id="636" room="20" start="108" weeks="1111111111111"/>
    <class days="0010000" id="637" room="35" start="108" weeks="1111111111111"/>
    <class days="0010000" id="638" room="30" start="132" weeks="1111111111111"/>
    <class days="0010000" id="639" room="24" start="132" weeks="1111111111111"/>
    <class days="0010000" id="640" room="36" start="132" weeks="1111111111111"/>
    <class days="0010000" id="641" room="31" start="132" weeks="1111111111111"/>
    <class days="0010000" id="642" room="27" start="132" weeks="1111111111111"/>
    <class days="0010000" id="643" room="29" start="132" weeks="1111111111111"/>
    <class days="0010000" id="644" room="32" start="132" weeks="1111111111111"/>
    <class days="0010000" id="645" room="7" start="132" weeks="1111111111111"/>
    <class days="0010000" id="646" room="12" start="132" weeks="1111111111111"/>
    <class days="0010000" id="647" room="26" start="132" weeks="1111111111111"/>
    <class days="0010000" id="648" room="33" start="132" weeks="1111111111111"/>
    <class days="0010000" id="649" room="8" start="132" weeks="1111111111111"/>
    <class days="0010000" id="650" room="9" start="132" weeks="1111111111111"/>
    <class days="0010000" id="651" room="15" start="132" weeks="1111111111111"/>
    <class days="0010000" id="652" room="20" start="132" weeks="1111111111111"/>
    <class days="0010000" id="653" room="35" start="132" weeks="1111111111111"/>
    <class days="0010000" id="654" room="30" start="162" weeks="1111111111111"/>
    <class days="0010000" id="655" room="24" start="162" weeks="1111111111111"/>
    <class days="0010000" id="656" room="36" start="156" weeks="1111111111111"/>
    <class days="0010000" id="657" room="31" start="162" weeks="1111111111111"/>
    <class days="0010000" id="658" room="27" start="162" weeks="1111111111111"/>
    <class days="0010000" id="659" room="29" start="162" weeks="1111111111111"/>
    <class days="0010000" id="660" room="32" start="162" weeks="1111111111111"/>
    <class days="0010000" id="661" room="7" start="162" weeks="1111111111111"/>
    <class days="0010000" id="662" room="12" start="162" weeks="1111111111111"/>
    <class days="0010000" id="663" room="26" start="162" weeks="1111111111111"/>
    <class days="0010000" id="664" room="33" start="162" weeks="1111111111111"/>
    <class days="0010000" id="665" room="8" start="162" weeks="1111111111111"/>
    <class days="0010000" id="666" room="9" start="168" weeks="1111111111111"/>
    <class days="0010000" id="667" room="15" start="162" weeks="1111111111111"/>
    <class days="0010000" id="668" room="20" start="162" weeks="1111111111111"/>
    <class days="0010000" id="669" room="35" start="162" weeks="1111111111111"/>
    <class days="0001000" id="670" room="30" start="108" weeks="1111111111111"/>
    <class days="0001000" id="671" room="24" start="108" weeks="1111111111111"/>
    <class days="0001000" id="672" room="36" start="108" weeks="1111111111111"/>
    <class days="0001000" id="673" room="31" start="108" weeks="1111111111111"/>
    <class days="0001000" id="674" room="27" start="108" weeks="1111111111111"/>
    <class days="0001000" id="675" room="29" start="108" weeks="1111111111111"/>
    <class days="0001000" id="676" room="32" start="108" weeks="1111111111111"/>
    <class days="0001000" id="677" room="7" start="108" weeks="1111111111111"/>
    <class days="0001000" id="678" room="12" start="108" weeks="1111111111111"/>
    <class days="0001000" id="679" room="26" start="108" weeks="1111111111111"/>
    <class days="0001000" id="680" room="33" start="108" weeks="1111111111111"/>
    <class days="0001000" id="681" room="8" start="108" weeks="1111111111111"/>
    <class days="0001000" id="682" room="9" start="108" weeks="1111111111111"/>
    <class days="0001000" id="683" room="15" start="108" weeks="1111111111111"/>
    <class days="0001000" id="684" room="20" start="132" weeks="1111111111111"/>
    <class days="0001000" id="685" room="35" start="108" weeks="1111111111111"/>
    <class days="0001000" id="686" room="30" start="132" weeks="1111111111111"/>
    <class days="0001000" id="687" room="24" start="132" weeks="1111111111111"/>
    <class days="0001000" id="688" room="36" start="132" weeks="1111111111111"/>
    <class days="0001000" id="689" room="31" start="132" weeks="1111111111111"/>
    <class days="0001000" id="690" room="27" start="132" weeks="1111111111111"/>
    <class days="0001000" id="691" room="29" start="132" weeks="1111111111111"/>
    <class days="0001000" id="692" room="32" start="132" weeks="1111111111111"/>
    <class days="0001000" id="693" room="7" start="132" weeks="1111111111111"/>
    <class days="0001000" id="694" room="12" start="132" weeks="1111111111111"/>
    <class days="0001000" id="695" room="26" start="132" weeks="1111111111111"/>
    <class days="0001000" id="696" room="33" start="132" weeks="1111111111111"/>
    <class days="0001000" id="697" room="8" start="132" weeks="1111111111111"/>
    <class days="0001000" id="698" room="9" start="132" weeks="1111111111111"/>
    <class days="0001000" id="699" room="15" start="132" weeks="1111111111111"/>
    <class days="0001000" id="700" room="20" start="108" weeks="1111111111111"/>
    <class days="0001000" id="701" room="35" start="132" weeks="1111111111111"/>
    <class days="0000100" id="702" room="30" start="108" weeks="1111111111111"/>
    <class days="0000100" id="703" room="24" start="108" weeks="1111111111111"/>
    <class days="0000100" id="704" room="36" start="108" weeks="1111111111111"/>
    <class days="0000100" id="705" room="31" start="108" weeks="1111111111111"/>
    <class days="0000100" id="706" room="27" start="108" weeks="1111111111111"/>
    <class days="0000100" id="707" room="29" start="108" weeks="1111111111111"/>
    <class days="0000100" id="708" room="32" start="108" weeks="1111111111111"/>
    <class days="0000100" id="709" room="7" start="108" weeks="1111111111111"/>
    <class days="0000100" id="710" room="12" start="108" weeks="1111111111111"/>
    <class days="0000100" id="711" room="26" start="108" weeks="1111111111111"/>
    <class days="0000100" id="712" room="33" start="108" weeks="1111111111111"/>
    <class days="0000100" id="713" room="8" start="108" weeks="1111111111111"/>
    <class days="0000100" id="714" room="9" start="108" weeks="1111111111111"/>
    <class days="0000100" id="715" room="15" start="108" weeks="1111111111111"/>
    <class days="0000100" id="716" room="20" start="108" weeks="1111111111111"/>
    <class days="0000100" id="717" room="35" start="108" weeks="1111111111111"/>
    <class days="0000100" id="718" room="30" start="132" weeks="1111111111111"/>
    <class days="0000100" id="719" room="24" start="132" weeks="1111111111111"/>
    <class days="0000100" id="720" room="36" start="132" weeks="1111111111111"/>
    <class days="0000100" id="721" room="31" start="132" weeks="1111111111111"/>
    <class days="0000100" id="722" room="27" start="132" weeks="1111111111111"/>
    <class days="0000100" id="723" room="29" start="132" weeks="1111111111111"/>
    <class days="0000100" id="724" room="32" start="132" weeks="1111111111111"/>
    <class days="0000100" id="725" room="7" start="132" weeks="1111111111111"/>
    <class days="0000100" id="726" room="12" start="132" weeks="1111111111111"/>
    <class days="0000100" id="727" room="26" start="132" weeks="1111111111111"/>
    <class days="0000100" id="728" room="33" start="132" weeks="1111111111111"/>
    <class days="0000100" id="729" room="8" start="132" weeks="1111111111111"/>
    <class days="0000100" id="730" room="9" start="132" weeks="1111111111111"/>
    <class days="0000100" id="731" room="15" start="132" weeks="1111111111111"/>
    <class days="0000100" id="732" room="20" start="132" weeks="1111111111111"/>
    <class days="0000100" id="733" room="35" start="132" weeks="1111111111111"/>
    <class days="0001000" id="734" room="22" start="192" weeks="1111111111111"/>
    <class days="1000000" id="735" room="25" start="204" weeks="1111111111111"/>
    <class days="1000000" id="736" room="28" start="204" weeks="1111111111111"/>
    <class days="1000000" id="737" room="23" start="204" weeks="1111111111111"/>
    <class days="1000000" id="738" room="34" start="204" weeks="1111111111111"/>
    <class days="1000000" id="739" room="22" start="168" weeks="1111111111111"/>
    <class days="0100000" id="740" room="25" start="204" weeks="1111111111111"/>
    <class days="0100000" id="741" room="28" start="204" weeks="1111111111111"/>
    <class days="0100000" id="742" room="23" start="204" weeks="1111111111111"/>
    <class days="0100000" id="743" room="34" start="204" weeks="1111111111111"/>
    <class days="0100000" id="744" room="22" start="168" weeks="1111111111111"/>
    <class days="0010000" id="745" room="25" start="168" weeks="1111111111111"/>
    <class days="0010000" id="746" room="28" start="168" weeks="1111111111111"/>
    <class days="0010000" id="747" room="23" start="168" weeks="1111111111111"/>
    <class days="0010000" id="748" room="34" start="168" weeks="1111111111111"/>
    <class days="0010000" id="749" room="22" start="168" weeks="1111111111111"/>
    <class days="0010000" id="750" room="25" start="192" weeks="1111111111111"/>
    <class days="0010000" id="751" room="28" start="192" weeks="1111111111111"/>
    <class days="0010000" id="752" room="23" start="192" weeks="1111111111111"/>
    <class days="0001000" id="753" room="34" start="168" weeks="1111111111111"/>
    <class days="0001000" id="754" room="22" start="168" weeks="1111111111111"/>
    <class days="0001000" id="755" room="25" start="168" weeks="1111111111111"/>
    <class days="0001000" id="756" room="28" start="168" weeks="1111111111111"/>
    <class days="0001000" id="757" room="23" start="168" weeks="1111111111111"/>
    <class days="0000100" id="758" room="34" start="168" weeks="1111111111111"/>
    <class days="0000100" id="759" room="22" start="192" weeks="1111111111111"/>
    <class days="0001000" id="760" room="25" start="192" weeks="1111111111111"/>
    <class days="0001000" id="761" room="28" start="192" weeks="1111111111111"/>
    <class days="0001000" id="762" room="23" start="192" weeks="1111111111111"/>
    <class days="0010000" id="763" room="34" start="192" weeks="1111111111111"/>
    <class days="0010000" id="764" room="22" start="192" weeks="1111111111111"/>
    <class days="0000100" id="765" room="25" start="168" weeks="1111111111111"/>
    <class days="0000100" id="766" room="28" start="168" weeks="1111111111111"/>
    <class days="0000100" id="767" room="23" start="168" weeks="1111111111111"/>
    <class days="0001000" id="768" room="34" start="192" weeks="1111111111111"/>
    <class days="0000100" id="769" room="22" start="168" weeks="1111111111111"/>
    <class days="0000100" id="770" room="25" start="192" weeks="1111111111111"/>
    <class days="0000100" id="771" room="28" start="192" weeks="1111111111111"/>
    <class days="0000100" id="772" room="23" start="192" weeks="1111111111111"/>
    <class days="0000100" id="773" room="34" start="192" weeks="1111111111111"/>
    <class days="1000000" id="774" room="22" start="192" weeks="1111111111111"/>
    <class days="1000000" id="775" room="25" start="168" weeks="1111111111111"/>
    <class days="1000000" id="776" room="28" start="168" weeks="1111111111111"/>
    <class days="1000000" id="777" room="23" start="168" weeks="1111111111111"/>
    <class days="1000000" id="778" room="34" start="168" weeks="1111111111111"/>
    <class days="0100000" id="779" room="22" start="192" weeks="1111111111111"/>
    <class days="0100000" id="780" room="25" start="168" weeks="1111111111111"/>
    <class days="0100000" id="781" room="28" start="168" weeks="1111111111111"/>
    <class days="0100000" id="782" room="23" start="168" weeks="1111111111111"/>
    <class days="0100000" id="783" room="34" start="168" weeks="1111111111111"/>
    <class days="0100000" id="784" room="97" start="108" weeks="1111111111111"/>
    <class days="0100000" id="785" room="97" start="132" weeks="1111111111111"/>
    <class days="0000100" id="786" room="2" start="108" weeks="1111111111111"/>
    <class days="0100000" id="787" room="2" start="108" weeks="1111111111111"/>
    <class days="0100000" id="788" room="6" start="132" weeks="1111111111111"/>
    <class days="0000100" id="789" room="208" start="108" weeks="1111111111111"/>
    <class days="0100000" id="790" room="5" start="108" weeks="1111111111111"/>
    <class days="0100000" id="791" room="2" start="132" weeks="1111111111111"/>
    <class days="0000100" id="792" start="108" weeks="1111111111111"/>
    <class days="0100000" id="793" start="108" weeks="1111111111111"/>
    <class days="0100000" id="794" room="5" start="132" weeks="1111111111111"/>
    <class days="0000100" id="795" room="97" start="108" weeks="1111111111111"/>
    <class days="0001000" id="796" room="117" start="162" weeks="1111111111111"/>
    <class days="0001000" id="797" room="204" start="156" weeks="1111111111111"/>
    <class days="0010000" id="798" room="97" start="156" weeks="1111111111111"/>
    <class days="0010000" id="799" room="5" start="156" weeks="1111111111111"/>
    <class days="0010000" id="800" room="97" start="180" weeks="1111111111111"/>
    <class days="0010000" id="801" room="100" start="180" weeks="1111111111111"/>
    <class days="0010000" id="802" room="97" start="108" weeks="1111111111111"/>
    <class days="1000000" id="803" room="182" start="108" weeks="1111111111111"/>
    <class days="0001000" id="804" room="92" start="198" weeks="1111111111111"/>
    <class days="0001000" id="805" room="182" start="204" weeks="1111111111111"/>
    <class days="0000100" id="806" room="182" start="204" weeks="1111111111111"/>
    <class days="0000100" id="807" room="136" start="192" weeks="1111111111111"/>
    <class days="0010000" id="808" room="148" start="204" weeks="1111111111111"/>
    <class days="0010000" id="809" room="148" start="156" weeks="1111111111111"/>
    <class days="1000000" id="810" room="103" start="204" weeks="1111111111111"/>
    <class days="0001000" id="811" room="139" start="156" weeks="1111111111111"/>
    <class days="1000000" id="812" room="151" start="186" weeks="1111111111111"/>
    <class days="0001000" id="813" room="181" start="180" weeks="1111111111111"/>
    <class days="1000000" id="814" room="162" start="186" weeks="1111111111111"/>
    <class days="0100000" id="815" room="4" start="168" weeks="1111111111111"/>
    <class days="0001000" id="816" room="179" start="108" weeks="1111111111111"/>
    <class days="0000100" id="817" room="161" start="228" weeks="1111111111111"/>
    <class days="0000100" id="818" room="122" start="186" weeks="1111111111111"/>
    <class days="1000000" id="819" room="163" start="162" weeks="1111111111111"/>
    <class days="0000100" id="820" room="192" start="168" weeks="1111111111111"/>
    <class days="0100000" id="821" room="153" start="180" weeks="1111111111111"/>
    <class days="0001000" id="822" room="166" start="156" weeks="1111111111111"/>
    <class days="1000000" id="823" room="173" start="180" weeks="1111111111111"/>
    <class days="0010000" id="824" room="190" start="114" weeks="1111111111111"/>
    <class days="1000000" id="825" room="173" start="204" weeks="1111111111111"/>
    <class days="0000100" id="826" room="158" start="114" weeks="1111111111111"/>
    <class days="1000000" id="827" room="4" start="108" weeks="1111111111111"/>
    <class days="0001000" id="828" room="165" start="144" weeks="1111111111111"/>
    <class days="0100000" id="829" room="146" start="108" weeks="1111111111111"/>
    <class days="1000000" id="830" room="4" start="204" weeks="1111111111111"/>
    <class days="0010000" id="831" room="150" start="192" weeks="1111111111111"/>
    <class days="1000000" id="832" room="138" start="156" weeks="1111111111111"/>
    <class days="0000100" id="833" room="192" start="204" weeks="1111111111111"/>
    <class days="0000100" id="834" room="179" start="108" weeks="1111111111111"/>
    <class days="0000100" id="835" room="179" start="132" weeks="1111111111111"/>
    <class days="0000100" id="836" room="179" start="156" weeks="1111111111111"/>
    <class days="0000100" id="837" room="179" start="180" weeks="1111111111111"/>
    <class days="1000000" id="838" room="95" start="114" weeks="1111111111111"/>
    <class days="0001000" id="839" room="203" start="180" weeks="1111111111111"/>
    <class days="0010000" id="840" room="125" start="144" weeks="1111111111111"/>
    <class days="1000000" id="841" room="169" start="132" weeks="1111111111111"/>
    <class days="1000000" id="842" room="169" start="108" weeks="1111111111111"/>
    <class days="1000000" id="843" room="169" start="180" weeks="1111111111111"/>
    <class days="1000000" id="844" room="169" start="204" weeks="1111111111111"/>
    <class days="0100000" id="845" room="169" start="132" weeks="1111111111111"/>
    <class days="1000000" id="846" room="142" start="234" weeks="1111111111111"/>
    <class days="0010000" id="847" room="138" start="180" weeks="1111111111111"/>
    <class days="1000000" id="848" room="102" start="192" weeks="1111111111111"/>
    <class days="0100000" id="849" room="146" start="144" weeks="1111111111111"/>
    <class days="0001000" id="850" room="120" start="108" weeks="1111111111111"/>
    <class days="1000000" id="851" room="99" start="180" weeks="1111111111111"/>
    <class days="0001000" id="852" room="163" start="186" weeks="1111111111111"/>
    <class days="0000100" id="853" room="119" start="186" weeks="1111111111111"/>
    <class days="0000100" id="854" room="162" start="114" weeks="1111111111111"/>
    <class days="0000100" id="855" room="159" start="162" weeks="1111111111111"/>
    <class days="0010000" id="856" room="103" start="156" weeks="1111111111111"/>
    <class days="1000000" id="857" room="202" start="162" weeks="1111111111111"/>
    <class days="0100000" id="858" room="158" start="132" weeks="1111111111111"/>
    <class days="0001000" id="859" room="123" start="156" weeks="1111111111111"/>
    <class days="0100000" id="860" room="162" start="204" weeks="1111111111111"/>
    <class days="0010000" id="861" room="151" start="108" weeks="1111111111111"/>
    <class days="0000100" id="862" room="121" start="150" weeks="1111111111111"/>
    <class days="0100000" id="863" room="181" start="126" weeks="1111111111111"/>
    <class days="0010000" id="864" room="184" start="198" weeks="1111111111111"/>
    <class days="0000100" id="865" room="103" start="108" weeks="1111111111111"/>
    <class days="0100000" id="866" room="145" start="156" weeks="1111111111111"/>
    <class days="1000000" id="867" room="144" start="108" weeks="1111111111111"/>
    <class days="0010000" id="868" room="125" start="168" weeks="1111111111111"/>
    <class days="0000100" id="869" room="156" start="204" weeks="1111111111111"/>
    <class days="0010000" id="870" room="143" start="108" weeks="1111111111111"/>
    <class days="0010000" id="871" start="192" weeks="1111111111111"/>
    <class days="0100000" id="872" room="157" start="132" weeks="1111111111111"/>
    <class days="0010000" id="873" room="199" start="132" weeks="1111111111111"/>
    <class days="0001000" id="874" room="134" start="132" weeks="1111111111111"/>
    <class days="0010000" id="875" start="108" weeks="1111111111111"/>
    <class days="0000100" id="876" room="166" start="180" weeks="1111111111111"/>
    <class days="0100000" id="877" room="199" start="180" weeks="1111111111111"/>
    <class days="1000000" id="878" room="92" start="108" weeks="1111111111111"/>
    <class days="0000100" id="879" room="143" start="144" weeks="1111111111111"/>
    <class days="0000100" id="880" room="163" start="144" weeks="1111111111111"/>
    <class days="0000100" id="881" room="155" start="162" weeks="1111111111111"/>
    <class days="0010000" id="882" room="3" start="156" weeks="1111111111111"/>
    <class days="0010000" id="883" room="141" start="156" weeks="1111111111111"/>
    <class days="0010000" id="884" room="149" start="180" weeks="1111111111111"/>
    <class days="0001000" id="885" room="148" start="180" weeks="1111111111111"/>
    <class days="0001000" id="886" room="192" start="240" weeks="1111111111111"/>
    <class days="0001000" id="887" room="121" start="108" weeks="1111111111111"/>
    <class days="0010000" id="888" room="192" start="108" weeks="1111111111111"/>
    <class days="0100000" id="889" room="192" start="108" weeks="1111111111111"/>
    <class days="0010000" id="890" room="120" start="240" weeks="1111111111111"/>
    <class days="0100000" id="891" room="158" start="180" weeks="1111111111111"/>
    <class days="0001000" id="892" room="120" start="180" weeks="1111111111111"/>
    <class days="1000000" id="893" room="89" start="156" weeks="1111111111111"/>
    <class days="0100000" id="894" room="123" start="132" weeks="1111111111111"/>
    <class days="1000000" id="895" room="89" start="132" weeks="1111111111111"/>
    <class days="0010000" id="896" room="119" start="108" weeks="1111111111111"/>
    <class days="0100000" id="897" room="106" start="108" weeks="1111111111111"/>
    <class days="0010000" id="898" room="120" start="132" weeks="1111111111111"/>
    <class days="0001000" id="899" room="122" start="180" weeks="1111111111111"/>
    <class days="0100000" id="900" room="125" start="108" weeks="1111111111111"/>
    <class days="0001000" id="901" room="89" start="156" weeks="1111111111111"/>
    <class days="0001000" id="902" room="104" start="108" weeks="1111111111111"/>
    <class days="1000000" id="903" room="104" start="132" weeks="1111111111111"/>
    <class days="1000000" id="904" room="123" start="156" weeks="1111111111111"/>
    <class days="0100000" id="905" room="120" start="132" weeks="1111111111111"/>
    <class days="0100000" id="906" room="122" start="144" weeks="1111111111111"/>
    <class days="0010000" id="907" room="119" start="156" weeks="1111111111111"/>
    <class days="0010000" id="908" room="122" start="132" weeks="1111111111111"/>
    <class days="0001000" id="909" room="122" start="132" weeks="1111111111111"/>
    <class days="0001000" id="910" room="106" start="132" weeks="1111111111111"/>
    <class days="1000000" id="911" room="103" start="132" weeks="1111111111111"/>
    <class days="1000000" id="912" room="106" start="156" weeks="1111111111111"/>
    <class days="1000000" id="913" room="121" start="156" weeks="1111111111111"/>
    <class days="0100000" id="914" room="103" start="156" weeks="1111111111111"/>
    <class days="0001000" id="915" room="119" start="132" weeks="1111111111111"/>
    <class days="0001000" id="916" room="120" start="156" weeks="1111111111111"/>
    <class days="0100000" id="917" room="125" start="132" weeks="1111111111111"/>
    <class days="0001000" id="918" room="89" start="180" weeks="1111111111111"/>
    <class days="0000100" id="919" room="143" start="210" weeks="1111111111111"/>
    <class days="0000100" id="920" room="165" start="240" weeks="1111111111111"/>
    <class days="0000100" id="921" room="156" start="246" weeks="1111111111111"/>
    <class days="1000000" id="922" room="3" start="210" weeks="1111111111111"/>
    <class days="1000000" id="923" room="165" start="240" weeks="1111111111111"/>
    <class days="1000000" id="924" room="94" start="234" weeks="1111111111111"/>
    <class days="0010000" id="925" room="1" start="246" weeks="1111111111111"/>
    <class days="1000000" id="926" room="156" start="162" weeks="1111111111111"/>
    <class days="1000000" id="927" room="139" start="186" weeks="1111111111111"/>
    <class days="0010000" id="928" room="200" start="156" weeks="1111111111111"/>
    <class days="0001000" id="929" room="148" start="126" weeks="1111111111111"/>
    <class days="1000000" id="930" room="139" start="108" weeks="1111111111111"/>
    <class days="0010000" id="931" room="137" start="162" weeks="1111111111111"/>
    <class days="0001000" id="932" room="147" start="204" weeks="1111111111111"/>
    <class days="0010000" id="933" room="200" start="120" weeks="1111111111111"/>
    <class days="0001000" id="934" room="167" start="108" weeks="1111111111111"/>
    <class days="0100000" id="935" room="129" start="120" weeks="1111111111111"/>
    <class days="0010000" id="936" room="106" start="204" weeks="1111111111111"/>
    <class days="0010000" id="937" room="153" start="156" weeks="1111111111111"/>
    <class days="0000100" id="938" room="147" start="204" weeks="1111111111111"/>
    <class days="0001000" id="939" room="153" start="180" weeks="1111111111111"/>
    <class days="0100000" id="940" room="104" start="192" weeks="1111111111111"/>
    <class days="0010000" id="941" room="149" start="156" weeks="1111111111111"/>
    <class days="0000100" id="942" room="151" start="204" weeks="1111111111111"/>
    <class days="0100000" id="943" room="95" start="132" weeks="1111111111111"/>
    <class days="1000000" id="944" room="123" start="132" weeks="1111111111111"/>
    <class days="1000000" id="945" room="123" start="108" weeks="1111111111111"/>
    <class days="0010000" id="946" room="106" start="114" weeks="1111111111111"/>
    <class days="0001000" id="947" room="89" start="204" weeks="1111111111111"/>
    <class days="0001000" id="948" room="125" start="156" weeks="1111111111111"/>
    <class days="0100000" id="949" room="106" start="156" weeks="1111111111111"/>
    <class days="1000000" id="950" room="122" start="192" weeks="1111111111111"/>
    <class days="1000000" id="951" room="121" start="186" weeks="1111111111111"/>
    <class days="1000000" id="952" room="199" start="108" weeks="1111111111111"/>
    <class days="0000100" id="953" room="160" start="192" weeks="1111111111111"/>
    <class days="0010000" id="954" room="160" start="192" weeks="1111111111111"/>
    <class days="0000100" id="955" room="123" start="138" weeks="1111111111111"/>
    <class days="0010000" id="956" room="157" start="246" weeks="1111111111111"/>
    <class days="0100000" id="957" room="106" start="228" weeks="1111111111111"/>
    <class days="0100000" id="958" room="129" start="216" weeks="1111111111111"/>
    <class days="0010000" id="959" room="102" start="234" weeks="1111111111111"/>
    <class days="0001000" id="960" room="94" start="216" weeks="1111111111111"/>
    <class days="0000100" id="961" room="150" start="204" weeks="1111111111111"/>
    <class days="1000000" id="962" room="133" start="216" weeks="1111111111111"/>
    <class days="1000000" id="963" room="136" start="246" weeks="1111111111111"/>
    <class days="0000100" id="964" room="44" start="114" weeks="1111111111111"/>
    <class days="1000000" id="965" room="55" start="156" weeks="1111111111111"/>
    <class days="0100000" id="966" room="61" start="192" weeks="1111111111111"/>
    <class days="1000000" id="967" room="60" start="120" weeks="1111111111111"/>
    <class days="1000000" id="968" room="43" start="108" weeks="1111111111111"/>
    <class days="0100000" id="969" room="53" start="216" weeks="1111111111111"/>
    <class days="0000100" id="970" start="168" weeks="1111111111111"/>
    <class days="0000100" id="971" start="108" weeks="1111111111111"/>
    <class days="0000100" id="972" start="168" weeks="1111111111111"/>
    <class days="0000100" id="973" start="120" weeks="1111111111111"/>
    <class days="0000100" id="974" start="156" weeks="1111111111111"/>
    <class days="0000100" id="975" start="192" weeks="1111111111111"/>
    <class days="0000100" id="976" start="108" weeks="1111111111111"/>
    <class days="0000100" id="977" start="108" weeks="1111111111111"/>
    <class days="0000100" id="978" start="192" weeks="1111111111111"/>
    <class days="0000100" id="979" start="108" weeks="1111111111111"/>
    <class days="0000100" id="980" room="56" start="156" weeks="1111111111111"/>
    <class days="0000100" id="981" start="108" weeks="1111111111111"/>
    <class days="0000100" id="982" start="108" weeks="1111111111111"/>
    <class days="0000100" id="983" start="192" weeks="1111111111111"/>
    <class days="0001000" id="984" start="108" weeks="1111111111111"/>
    <class days="0001000" id="985" room="53" start="192" weeks="1111111111111"/>
    <class days="1000000" id="986" room="72" start="192" weeks="1111111111111"/>
    <class days="0010000" id="987" room="72" start="204" weeks="1111111111111"/>
    <class days="0100000" id="988" room="55" start="108" weeks="1111111111111"/>
    <class days="0001000" id="989" room="56" start="216" weeks="1111111111111"/>
    <class days="0100000" id="990" room="72" start="204" weeks="1111111111111"/>
    <class days="0010000" id="991" room="49" start="132" weeks="1111111111111"/>
    <class days="0100000" id="992" room="55" start="132" weeks="1111111111111"/>
    <class days="0000100" id="993" start="120" weeks="1111111111111"/>
    <class days="0000100" id="994" start="168" weeks="1111111111111"/>
    <class days="0000100" id="995" start="120" weeks="1111111111111"/>
    <class days="0000100" id="996" start="168" weeks="1111111111111"/>
    <class days="0000100" id="997" start="108" weeks="1111111111111"/>
    <class days="0000100" id="998" start="240" weeks="1111111111111"/>
    <class days="0000100" id="999" start="168" weeks="1111111111111"/>
    <class days="0000100" id="1000" start="120" weeks="1111111111111"/>
    <class days="0000100" id="1001" start="192" weeks="1111111111111"/>
    <class days="0000100" id="1002" room="55" start="156" weeks="1111111111111"/>
    <class days="0000100" id="1003" start="156" weeks="1111111111111"/>
    <class days="0000100" id="1004" start="156" weeks="1111111111111"/>
    <class days="0000100" id="1005" start="228" weeks="1111111111111"/>
    <class days="0001000" id="1006" start="144" weeks="1111111111111"/>
    <class days="0000100" id="1007" start="156" weeks="1111111111111"/>
    <class days="1000000" id="1008" room="42" start="180" weeks="1111111111111"/>
    <class days="0010000" id="1009" room="43" start="186" weeks="1111111111111"/>
    <class days="1000000" id="1010" room="42" start="204" weeks="1111111111111"/>
    <class days="0010000" id="1011" room="43" start="162" weeks="1111111111111"/>
    <class days="1000000" id="1012" room="158" start="180" weeks="1111111111111"/>
    <class days="1000000" id="1013" room="162" start="156" weeks="1111111111111"/>
    <class days="0100000" id="1014" room="200" start="156" weeks="1111111111111"/>
    <class days="0100000" id="1015" room="125" start="180" weeks="1111111111111"/>
    <class days="0100000" id="1016" start="156" weeks="1111111111111"/>
    <class days="0010000" id="1017" room="144" start="126" weeks="1111111111111"/>
    <class days="0100000" id="1018" room="158" start="108" weeks="1111111111111"/>
    <class days="1000000" id="1019" room="103" start="108" weeks="1111111111111"/>
    <class days="1000000" id="1020" room="125" start="204" weeks="1111111111111"/>
    <class days="0010000" id="1021" room="103" start="108" weeks="1111111111111"/>
    <class days="0100000" id="1022" room="124" start="180" weeks="1111111111111"/>
    <class days="0100000" id="1023" room="4" start="132" weeks="1111111111111"/>
    <class days="0010000" id="1024" room="103" start="132" weeks="1111111111111"/>
    <class days="0010000" id="1025" room="122" start="156" weeks="1111111111111"/>
    <class days="0001000" id="1026" room="126" start="156" weeks="1111111111111"/>
    <class days="0001000" id="1027" room="121" start="180" weeks="1111111111111"/>
    <class days="1000000" id="1028" room="89" start="108" weeks="1111111111111"/>
    <class days="1000000" id="1029" room="185" start="132" weeks="1111111111111"/>
    <class days="1000000" id="1030" room="185" start="156" weeks="1111111111111"/>
    <class days="1000000" id="1031" room="185" start="180" weeks="1111111111111"/>
    <class days="0000100" id="1032" room="159" start="192" weeks="1111111111111"/>
    <class days="0000100" id="1033" room="92" start="192" weeks="1111111111111"/>
    <class days="0001000" id="1034" room="126" start="108" weeks="1111111111111"/>
    <class days="0001000" id="1035" room="90" start="198" weeks="1111111111111"/>
    <class days="0100000" id="1036" room="122" start="168" weeks="1111111111111"/>
    <class days="0100000" id="1037" room="126" start="108" weeks="1111111111111"/>
    <class days="0100000" id="1038" room="165" start="132" weeks="1111111111111"/>
    <class days="0000100" id="1039" room="122" start="132" weeks="1111111111111"/>
    <class days="0100000" id="1040" room="89" start="204" weeks="1111111111111"/>
    <class days="0010000" id="1041" room="124" start="204" weeks="1111111111111"/>
    <class days="0100000" id="1042" room="124" start="108" weeks="1111111111111"/>
    <class days="0100000" id="1043" room="124" start="156" weeks="1111111111111"/>
    <class days="0001000" id="1044" room="103" start="162" weeks="1111111111111"/>
    <class days="0010000" id="1045" room="123" start="180" weeks="1111111111111"/>
    <class days="1000000" id="1046" room="125" start="180" weeks="1111111111111"/>
    <class days="0000100" id="1047" room="121" start="126" weeks="1111111111111"/>
    <class days="0001000" id="1048" room="123" start="108" weeks="1111111111111"/>
    <class days="0010000" id="1049" room="121" start="156" weeks="1111111111111"/>
    <class days="0100000" id="1050" room="105" start="204" weeks="1111111111111"/>
    <class days="0010000" id="1051" room="103" start="204" weeks="1111111111111"/>
    <class days="0000100" id="1052" room="124" start="162" weeks="1111111111111"/>
    <class days="1000000" id="1053" room="138" start="120" weeks="1111111111111"/>
    <class days="1000000" id="1054" room="92" start="204" weeks="1111111111111"/>
    <class days="0100000" id="1055" room="39" start="144" weeks="1111111111111"/>
    <class days="1000000" id="1056" room="60" start="156" weeks="1111111111111"/>
    <class days="0100000" id="1057" room="39" start="108" weeks="1111111111111"/>
    <class days="0100000" id="1058" room="37" start="132" weeks="1111111111111"/>
    <class days="0001000" id="1059" room="39" start="108" weeks="1111111111111"/>
    <class days="0001000" id="1060" room="39" start="132" weeks="1111111111111"/>
    <class days="0001000" id="1061" room="42" start="108" weeks="1111111111111"/>
    <class days="0001000" id="1062" room="42" start="144" weeks="1111111111111"/>
    <class days="0001000" id="1063" room="113" start="156" weeks="1111111111111"/>
    <class days="0001000" id="1064" room="55" start="180" weeks="1111111111111"/>
    <class days="0100000" id="1065" room="43" start="156" weeks="1111111111111"/>
    <class days="0000100" id="1066" room="129" start="192" weeks="1111111111111"/>
    <class days="0001000" id="1067" room="132" start="132" weeks="1111111111111"/>
    <class days="0000100" id="1068" room="163" start="174" weeks="1111111111111"/>
    <class days="0010000" id="1069" room="132" start="180" weeks="1111111111111"/>
    <class days="0001000" id="1070" room="162" start="114" weeks="1111111111111"/>
    <class days="0000100" id="1071" room="142" start="162" weeks="1111111111111"/>
    <class days="0000100" id="1072" room="4" start="114" weeks="1111111111111"/>
    <class days="0001000" id="1073" room="156" start="162" weeks="1111111111111"/>
    <class days="0100000" id="1074" room="136" start="114" weeks="1111111111111"/>
    <class days="0100000" id="1075" room="138" start="198" weeks="1111111111111"/>
    <class days="0100000" id="1076" room="138" start="174" weeks="1111111111111"/>
    <class days="1000000" id="1077" room="201" start="156" weeks="1111111111111"/>
    <class days="0001000" id="1078" room="126" start="180" weeks="1111111111111"/>
    <class days="0100000" id="1079" room="94" start="132" weeks="1111111111111"/>
    <class days="1000000" id="1080" room="125" start="120" weeks="1111111111111"/>
    <class days="0001000" id="1081" room="147" start="120" weeks="1111111111111"/>
    <class days="1000000" id="1082" room="119" start="192" weeks="1111111111111"/>
    <class days="0001000" id="1083" room="156" start="192" weeks="1111111111111"/>
    <class days="1000000" id="1084" room="120" start="186" weeks="1111111111111"/>
    <class days="1000000" id="1085" room="90" start="156" weeks="1111111111111"/>
    <class days="0001000" id="1086" room="102" start="180" weeks="1111111111111"/>
    <class days="0000100" id="1087" room="140" start="120" weeks="1111111111111"/>
    <class days="0010000" id="1088" room="190" start="162" weeks="1111111111111"/>
    <class days="0001000" id="1089" room="147" start="156" weeks="1111111111111"/>
    <class days="1000000" id="1090" room="3" start="108" weeks="1111111111111"/>
    <class days="0010000" id="1091" room="119" start="132" weeks="1111111111111"/>
    <class days="0001000" id="1092" room="192" start="192" weeks="1111111111111"/>
    <class days="0001000" id="1093" room="203" start="156" weeks="1111111111111"/>
    <class days="0001000" id="1094" room="89" start="108" weeks="1111111111111"/>
    <class days="0100000" id="1095" room="202" start="114" weeks="1111111111111"/>
    <class days="0100000" id="1096" room="130" start="162" weeks="1111111111111"/>
    <class days="1000000" id="1097" room="155" start="132" weeks="1111111111111"/>
    <class days="0100000" id="1098" room="130" start="138" weeks="1111111111111"/>
    <class days="0000100" id="1099" room="128" start="168" weeks="1111111111111"/>
    <class days="0001000" id="1100" room="104" start="204" weeks="1111111111111"/>
    <class days="0001000" id="1101" room="202" start="144" weeks="1111111111111"/>
    <class days="0000100" id="1102" room="146" start="156" weeks="1111111111111"/>
    <class days="0010000" id="1103" room="155" start="120" weeks="1111111111111"/>
    <class days="0010000" id="1104" room="199" start="156" weeks="1111111111111"/>
    <class days="0010000" id="1105" room="105" start="192" weeks="1111111111111"/>
    <class days="0100000" id="1106" room="133" start="186" weeks="1111111111111"/>
    <class days="1000000" id="1107" room="154" start="180" weeks="1111111111111"/>
    <class days="0010000" id="1108" room="140" start="192" weeks="1111111111111"/>
    <class days="0001000" id="1109" room="202" start="204" weeks="1111111111111"/>
    <class days="1000000" id="1110" room="164" start="222" weeks="1111111111111"/>
    <class days="0001000" id="1111" room="129" start="234" weeks="1111111111111"/>
    <class days="0000100" id="1112" room="133" start="240" weeks="1111111111111"/>
    <class days="0010000" id="1113" room="128" start="228" weeks="1111111111111"/>
    <class days="1000000" id="1114" room="140" start="246" weeks="1111111111111"/>
    <class days="0000100" id="1115" room="137" start="234" weeks="1111111111111"/>
    <class days="0001000" id="1116" room="199" start="204" weeks="1111111111111"/>
    <class days="0010000" id="1117" room="201" start="240" weeks="1111111111111"/>
    <class days="0001000" id="1118" room="203" start="204" weeks="1111111111111"/>
    <class days="0100000" id="1119" room="200" start="252" weeks="1111111111111"/>
    <class days="0000100" id="1120" room="200" start="234" weeks="1111111111111"/>
    <class days="0000100" id="1121" room="199" start="246" weeks="1111111111111"/>
    <class days="0100000" id="1122" room="199" start="252" weeks="1111111111111"/>
    <class days="0100000" id="1123" room="204" start="252" weeks="1111111111111"/>
    <class days="1000000" id="1124" room="203" start="246" weeks="1111111111111"/>
    <class days="1000000" id="1125" room="200" start="210" weeks="1111111111111"/>
    <class days="0000100" id="1126" room="163" start="108" weeks="1111111111111"/>
    <class days="0000100" id="1127" room="101" start="150" weeks="1111111111111"/>
    <class days="0010000" id="1128" room="101" start="156" weeks="1111111111111"/>
    <class days="0001000" id="1129" room="149" start="108" weeks="1111111111111"/>
    <class days="0001000" id="1130" room="126" start="132" weeks="1111111111111"/>
    <class days="0010000" id="1131" room="160" start="108" weeks="1111111111111"/>
    <class days="1000000" id="1132" room="126" start="108" weeks="1111111111111"/>
    <class days="0001000" id="1133" room="3" start="156" weeks="1111111111111"/>
    <class days="0100000" id="1134" room="160" start="132" weeks="1111111111111"/>
    <class days="0001000" id="1135" room="153" start="108" weeks="1111111111111"/>
    <class days="0001000" id="1136" room="167" start="180" weeks="1111111111111"/>
    <class days="0100000" id="1137" room="159" start="192" weeks="1111111111111"/>
    <class days="0100000" id="1138" room="148" start="168" weeks="1111111111111"/>
    <class days="0001000" id="1139" room="138" start="204" weeks="1111111111111"/>
    <class days="0001000" id="1140" room="161" start="192" weeks="1111111111111"/>
    <class days="0010000" id="1141" room="150" start="234" weeks="1111111111111"/>
    <class days="0010000" id="1142" room="134" start="168" weeks="1111111111111"/>
    <class days="0100000" id="1143" room="119" start="108" weeks="1111111111111"/>
    <class days="0100000" id="1144" room="200" start="120" weeks="1111111111111"/>
    <class days="1000000" id="1145" room="204" start="150" weeks="1111111111111"/>
    <class days="0100000" id="1146" room="91" start="108" weeks="1111111111111"/>
    <class days="0001000" id="1147" start="168" weeks="1111111111111"/>
    <class days="0010000" id="1148" room="147" start="192" weeks="1111111111111"/>
    <class days="1000000" id="1149" room="167" start="150" weeks="1111111111111"/>
    <class days="0001000" id="1150" room="156" start="114" weeks="1111111111111"/>
    <class days="0000100" id="1151" room="181" start="168" weeks="1111111111111"/>
    <class days="0000100" id="1152" room="181" start="192" weeks="1111111111111"/>
    <class days="1000000" id="1153" room="164" start="180" weeks="1111111111111"/>
    <class days="0000100" id="1154" room="147" start="162" weeks="1111111111111"/>
    <class days="0100000" id="1155" room="95" start="204" weeks="1111111111111"/>
    <class days="0100000" id="1156" room="161" start="156" weeks="1111111111111"/>
    <class days="0010000" id="1157" room="161" start="132" weeks="1111111111111"/>
    <class days="0010000" id="1158" room="122" start="108" weeks="1111111111111"/>
    <class days="0010000" id="1159" room="120" start="180" weeks="1111111111111"/>
    <class days="0000100" id="1160" room="192" start="120" weeks="1111111111111"/>
    <class days="0100000" id="1161" room="148" start="204" weeks="1111111111111"/>
    <class days="0100000" id="1162" room="156" start="108" weeks="1111111111111"/>
    <class days="0010000" id="1163" room="3" start="186" weeks="1111111111111"/>
    <class days="0000100" id="1164" room="135" start="204" weeks="1111111111111"/>
    <class days="0000100" id="1165" room="200" start="114" weeks="1111111111111"/>
    <class days="0100000" id="1166" room="124" start="246" weeks="1111111111111"/>
    <class days="0100000" id="1167" room="192" start="144" weeks="1111111111111"/>
    <class days="0000100" id="1168" room="106" start="132" weeks="1111111111111"/>
    <class days="1000000" id="1169" room="124" start="180" weeks="1111111111111"/>
    <class days="0100000" id="1170" room="121" start="180" weeks="1111111111111"/>
    <class days="1000000" id="1171" room="150" start="108" weeks="1111111111111"/>
    <class days="1000000" id="1172" room="151" start="108" weeks="1111111111111"/>
    <class days="0000100" id="1173" room="185" start="132" weeks="1111111111111"/>
    <class days="0010000" id="1174" room="185" start="108" weeks="1111111111111"/>
    <class days="0000100" id="1175" room="126" start="186" weeks="1111111111111"/>
    <class days="0010000" id="1176" room="154" start="138" weeks="1111111111111"/>
    <class days="0100000" id="1177" room="131" start="252" weeks="1111111111111"/>
    <class days="0100000" id="1178" room="144" start="108" weeks="1111111111111"/>
    <class days="0010000" id="1179" room="140" start="228" weeks="1111111111111"/>
    <class days="0000100" id="1180" room="123" start="246" weeks="1111111111111"/>
    <class days="0100000" id="1181" room="142" start="144" weeks="1111111111111"/>
    <class days="1000000" id="1182" room="148" start="240" weeks="1111111111111"/>
    <class days="0010000" id="1183" room="4" start="150" weeks="1111111111111"/>
    <class days="0010000" id="1184" room="119" start="180" weeks="1111111111111"/>
    <class days="0001000" id="1185" room="121" start="204" weeks="1111111111111"/>
    <class days="0010000" id="1186" room="95" start="204" weeks="1111111111111"/>
    <class days="0010000" id="1187" room="192" start="204" weeks="1111111111111"/>
    <class days="0001000" id="1188" room="124" start="180" weeks="1111111111111"/>
    <class days="1000000" id="1189" room="123" start="204" weeks="1111111111111"/>
    <class days="0001000" id="1190" room="119" start="204" weeks="1111111111111"/>
    <class days="1000000" id="1191" room="190" start="192" weeks="1111111111111"/>
    <class days="0001000" id="1192" room="166" start="192" weeks="1111111111111"/>
    <class days="0000100" id="1193" room="90" start="228" weeks="1111111111111"/>
    <class days="0000100" id="1194" room="149" start="222" weeks="1111111111111"/>
    <class days="1000000" id="1195" room="141" start="252" weeks="1111111111111"/>
    <class days="0001000" id="1196" room="153" start="228" weeks="1111111111111"/>
    <class days="0100000" id="1197" room="155" start="210" weeks="1111111111111"/>
    <class days="0000100" id="1198" room="158" start="246" weeks="1111111111111"/>
    <class days="0100000" id="1199" room="90" start="252" weeks="1111111111111"/>
    <class days="0100000" id="1200" room="132" start="246" weeks="1111111111111"/>
    <class days="0000100" id="1201" room="141" start="210" weeks="1111111111111"/>
    <class days="0001000" id="1202" room="155" start="228" weeks="1111111111111"/>
    <class days="0000100" id="1203" room="140" start="150" weeks="1111111111111"/>
    <class days="0010000" id="1204" room="144" start="156" weeks="1111111111111"/>
    <class days="0000100" id="1205" room="130" start="138" weeks="1111111111111"/>
    <class days="0100000" id="1206" room="162" start="180" weeks="1111111111111"/>
    <class days="0001000" id="1207" room="106" start="210" weeks="1111111111111"/>
    <class days="0000100" id="1208" room="140" start="162" weeks="1111111111111"/>
    <class days="0010000" id="1209" room="144" start="168" weeks="1111111111111"/>
    <class days="0010000" id="1210" room="130" start="174" weeks="1111111111111"/>
    <class days="0100000" id="1211" room="162" start="156" weeks="1111111111111"/>
    <class days="0001000" id="1212" room="106" start="186" weeks="1111111111111"/>
    <class days="0000100" id="1213" start="192" weeks="1111111111111"/>
    <class days="0010000" id="1214" start="156" weeks="1111111111111"/>
    <class days="0000100" id="1215" start="138" weeks="1111111111111"/>
    <class days="0100000" id="1216" start="180" weeks="1111111111111"/>
    <class days="0001000" id="1217" start="210" weeks="1111111111111"/>
    <class days="0000100" id="1218" start="204" weeks="1111111111111"/>
    <class days="0010000" id="1219" start="168" weeks="1111111111111"/>
    <class days="0010000" id="1220" start="174" weeks="1111111111111"/>
    <class days="0100000" id="1221" start="156" weeks="1111111111111"/>
    <class days="0001000" id="1222" start="186" weeks="1111111111111"/>
    <class days="0001000" id="1223" room="188" start="204" weeks="1111111111111"/>
    <class days="1000000" id="1224" room="188" start="192" weeks="1111111111111"/>
    <class days="0001000" id="1225" room="188" start="180" weeks="1111111111111"/>
    <class days="1000000" id="1226" room="188" start="204" weeks="1111111111111"/>
    <class days="1000000" id="1227" room="174" start="156" weeks="1111111111111"/>
    <class days="0100000" id="1228" room="174" start="108" weeks="1111111111111"/>
    <class days="0000100" id="1229" room="174" start="156" weeks="1111111111111"/>
    <class days="0010000" id="1230" room="122" start="180" weeks="1111111111111"/>
    <class days="0000100" id="1231" room="89" start="204" weeks="1111111111111"/>
    <class days="0010000" id="1232" room="123" start="204" weeks="1111111111111"/>
    <class days="0000100" id="1233" room="89" start="108" weeks="1111111111111"/>
    <class days="1000000" id="1234" room="120" start="108" weeks="1111111111111"/>
    <class days="0010000" id="1235" room="123" start="156" weeks="1111111111111"/>
    <class days="0100000" id="1236" room="144" start="198" weeks="1111111111111"/>
    <class days="0100000" id="1237" room="144" start="174" weeks="1111111111111"/>
    <class days="1000000" id="1238" room="104" start="162" weeks="1111111111111"/>
    <class days="0010000" id="1239" room="104" start="204" weeks="1111111111111"/>
    <class days="0000100" id="1240" room="89" start="132" weeks="1111111111111"/>
    <class days="0001000" id="1241" room="122" start="204" weeks="1111111111111"/>
    <class days="0000100" id="1242" room="136" start="156" weeks="1111111111111"/>
    <class days="0001000" id="1243" room="203" start="108" weeks="1111111111111"/>
    <class days="0010000" id="1244" room="134" start="204" weeks="1111111111111"/>
    <class days="0100000" id="1245" room="157" start="174" weeks="1111111111111"/>
    <class days="0100000" id="1246" room="157" start="186" weeks="1111111111111"/>
    <class days="0000100" id="1247" room="131" start="120" weeks="1111111111111"/>
    <class days="0100000" id="1248" room="129" start="108" weeks="1111111111111"/>
    <class days="0000100" id="1249" room="204" start="156" weeks="1111111111111"/>
    <class days="1000000" id="1250" room="205" start="192" weeks="1111111111111"/>
    <class days="0000100" id="1251" room="117" start="120" weeks="1111111111111"/>
    <class days="0000100" id="1252" room="95" start="204" weeks="1111111111111"/>
    <class days="0000100" id="1253" room="154" start="108" weeks="1111111111111"/>
    <class days="0010000" id="1254" room="168" start="162" weeks="1111111111111"/>
    <class days="1000000" id="1255" room="188" start="108" weeks="1111111111111"/>
    <class days="1000000" id="1256" room="188" start="120" weeks="1111111111111"/>
    <class days="1000000" id="1257" room="202" start="204" weeks="1111111111111"/>
    <class days="1000000" id="1258" room="157" start="108" weeks="1111111111111"/>
    <class days="1000000" id="1259" room="157" start="120" weeks="1111111111111"/>
    <class days="1000000" id="1260" room="106" start="132" weeks="1111111111111"/>
    <class days="0000100" id="1261" room="124" start="198" weeks="1111111111111"/>
    <class days="1000000" id="1262" room="124" start="156" weeks="1111111111111"/>
    <class days="0100000" id="1263" room="119" start="204" weeks="1111111111111"/>
    <class days="0100000" id="1264" room="175" start="156" weeks="1111111111111"/>
    <class days="0100000" id="1265" room="175" start="168" weeks="1111111111111"/>
    <class days="0010000" id="1266" room="102" start="204" weeks="1111111111111"/>
    <class days="1000000" id="1267" room="95" start="204" weeks="1111111111111"/>
    <class days="0001000" id="1268" room="139" start="192" weeks="1111111111111"/>
    <class days="0001000" id="1269" room="139" start="204" weeks="1111111111111"/>
    <class days="0100000" id="1270" room="155" start="126" weeks="1111111111111"/>
    <class days="1000000" id="1271" room="156" start="180" weeks="1111111111111"/>
    <class days="0010000" id="1272" room="140" start="114" weeks="1111111111111"/>
    <class days="0001000" id="1273" room="174" start="156" weeks="1111111111111"/>
    <class days="0001000" id="1274" room="174" start="168" weeks="1111111111111"/>
    <class days="0001000" id="1275" room="159" start="120" weeks="1111111111111"/>
    <class days="0000100" id="1276" room="122" start="108" weeks="1111111111111"/>
    <class days="0001000" id="1277" room="150" start="108" weeks="1111111111111"/>
    <class days="0010000" id="1278" room="119" start="204" weeks="1111111111111"/>
    <class days="0000100" id="1279" room="4" start="168" weeks="1111111111111"/>
    <class days="0000100" id="1280" room="4" start="180" weeks="1111111111111"/>
    <class days="0010000" id="1281" room="156" start="108" weeks="1111111111111"/>
    <class days="0001000" id="1282" room="135" start="162" weeks="1111111111111"/>
    <class days="0100000" id="1283" room="117" start="204" weeks="1111111111111"/>
    <class days="1000000" id="1284" room="174" start="180" weeks="1111111111111"/>
    <class days="1000000" id="1285" room="174" start="192" weeks="1111111111111"/>
    <class days="0100000" id="1286" room="157" start="108" weeks="1111111111111"/>
    <class days="0100000" id="1287" room="103" start="132" weeks="1111111111111"/>
    <class days="0000100" id="1288" room="65" start="168" weeks="1111111111111"/>
    <class days="0000100" id="1289" room="120" start="204" weeks="1111111111111"/>
    <class days="1000000" id="1290" room="124" start="204" weeks="1111111111111"/>
    <class days="0100000" id="1291" room="122" start="192" weeks="1111111111111"/>
    <class days="0010000" id="1292" room="55" start="174" weeks="1111111111111"/>
    <class days="0010000" id="1293" room="55" start="198" weeks="1111111111111"/>
    <class days="0000100" id="1294" room="194" start="132" weeks="1111111111111"/>
    <class days="0000100" id="1295" room="194" start="108" weeks="1111111111111"/>
    <class days="0010000" id="1296" room="48" start="108" weeks="1111111111111"/>
    <class days="0010000" id="1297" room="48" start="132" weeks="1111111111111"/>
    <class days="1000000" id="1298" room="58" start="120" weeks="1111111111111"/>
    <class days="1000000" id="1299" room="58" start="144" weeks="1111111111111"/>
    <class days="0001000" id="1300" room="38" start="108" weeks="1111111111111"/>
    <class days="0001000" id="1301" room="60" start="132" weeks="1111111111111"/>
    <class days="0010000" id="1302" room="42" start="156" weeks="1111111111111"/>
    <class days="0010000" id="1303" room="54" start="180" weeks="1111111111111"/>
    <class days="1000000" id="1304" room="37" start="174" weeks="1111111111111"/>
    <class days="1000000" id="1305" room="37" start="198" weeks="1111111111111"/>
    <class days="0100000" id="1306" room="41" start="156" weeks="1111111111111"/>
    <class days="0100000" id="1307" room="116" start="180" weeks="1111111111111"/>
    <class days="0000100" id="1308" room="57" start="126" weeks="1111111111111"/>
    <class days="0000100" id="1309" room="42" start="210" weeks="1111111111111"/>
    <class days="0010000" id="1310" room="46" start="120" weeks="1111111111111"/>
    <class days="0010000" id="1311" room="55" start="132" weeks="1111111111111"/>
    <class days="0000100" id="1312" room="197" start="156" weeks="1111111111111"/>
    <class days="0000100" id="1313" room="60" start="180" weeks="1111111111111"/>
    <class days="0001000" id="1314" room="56" start="192" weeks="1111111111111"/>
    <class days="0100000" id="1315" room="53" start="132" weeks="1111111111111"/>
    <class days="0001000" id="1316" room="113" start="180" weeks="1111111111111"/>
    <class days="0001000" id="1317" room="57" start="156" weeks="1111111111111"/>
    <class days="1000000" id="1318" room="59" start="126" weeks="1111111111111"/>
    <class days="1000000" id="1319" room="59" start="150" weeks="1111111111111"/>
    <class days="0010000" id="1320" room="91" start="132" weeks="1111111111111"/>
    <class days="0010000" id="1321" room="91" start="108" weeks="1111111111111"/>
    <class days="0100000" id="1322" room="155" start="162" weeks="1111111111111"/>
    <class days="0100000" id="1323" room="189" start="108" weeks="1111111111111"/>
    <class days="0100000" id="1324" room="129" start="162" weeks="1111111111111"/>
    <class days="0010000" id="1325" room="188" start="162" weeks="1111111111111"/>
    <class days="0010000" id="1326" room="135" start="132" weeks="1111111111111"/>
    <class days="0010000" id="1327" room="139" start="204" weeks="1111111111111"/>
    <class days="0100000" id="1328" room="155" start="186" weeks="1111111111111"/>
    <class days="0100000" id="1329" room="189" start="132" weeks="1111111111111"/>
    <class days="0100000" id="1330" room="129" start="186" weeks="1111111111111"/>
    <class days="0010000" id="1331" room="188" start="186" weeks="1111111111111"/>
    <class days="0010000" id="1332" room="135" start="108" weeks="1111111111111"/>
    <class days="0010000" id="1333" room="139" start="180" weeks="1111111111111"/>
    <class days="0000100" id="1334" room="174" start="108" weeks="1111111111111"/>
    <class days="0000100" id="1335" room="174" start="132" weeks="1111111111111"/>
    <class days="0000100" id="1336" room="174" start="180" weeks="1111111111111"/>
    <class days="0100000" id="1337" room="189" start="180" weeks="1111111111111"/>
    <class days="0001000" id="1338" room="135" start="114" weeks="1111111111111"/>
    <class days="0001000" id="1339" room="104" start="180" weeks="1111111111111"/>
    <class days="0001000" id="1340" room="103" start="204" weeks="1111111111111"/>
    <class days="0001000" id="1341" room="189" start="114" weeks="1111111111111"/>
    <class days="0001000" id="1342" room="189" start="126" weeks="1111111111111"/>
    <class days="0100000" id="1343" room="159" start="132" weeks="1111111111111"/>
    <class days="0100000" id="1344" room="159" start="108" weeks="1111111111111"/>
    <class days="1000000" id="1345" room="174" start="108" weeks="1111111111111"/>
    <class days="1000000" id="1346" room="174" start="132" weeks="1111111111111"/>
    <class days="0000100" id="1347" room="121" start="198" weeks="1111111111111"/>
    <class days="0000100" id="1348" room="155" start="198" weeks="1111111111111"/>
    <class days="0000100" id="1349" room="157" start="132" weeks="1111111111111"/>
    <class days="1000000" id="1350" room="119" start="132" weeks="1111111111111"/>
    <class days="0100000" id="1351" room="205" start="168" weeks="1111111111111"/>
    <class days="0000100" id="1352" room="205" start="108" weeks="1111111111111"/>
    <class days="0010000" id="1353" room="145" start="186" weeks="1111111111111"/>
    <class days="0100000" id="1354" room="123" start="204" weeks="1111111111111"/>
    <class days="0100000" id="1355" room="174" start="132" weeks="1111111111111"/>
    <class days="0100000" id="1356" room="174" start="168" weeks="1111111111111"/>
    <class days="0000100" id="1357" room="175" start="144" weeks="1111111111111"/>
    <class days="0100000" id="1358" room="174" start="144" weeks="1111111111111"/>
    <class days="0100000" id="1359" room="174" start="180" weeks="1111111111111"/>
    <class days="0000100" id="1360" room="175" start="156" weeks="1111111111111"/>
    <class days="0001000" id="1361" room="190" start="162" weeks="1111111111111"/>
    <class days="0001000" id="1362" room="190" start="174" weeks="1111111111111"/>
    <class days="0010000" id="1363" room="174" start="108" weeks="1111111111111"/>
    <class days="0001000" id="1364" room="174" start="108" weeks="1111111111111"/>
    <class days="0010000" id="1365" room="174" start="120" weeks="1111111111111"/>
    <class days="0001000" id="1366" room="174" start="120" weeks="1111111111111"/>
    <class days="0001000" id="1367" room="154" start="192" weeks="1111111111111"/>
    <class days="0001000" id="1368" room="154" start="204" weeks="1111111111111"/>
    <class days="0001000" id="1369" room="205" start="108" weeks="1111111111111"/>
    <class days="0010000" id="1370" room="205" start="144" weeks="1111111111111"/>
    <class days="0010000" id="1371" room="117" start="138" weeks="1111111111111"/>
    <class days="0010000" id="1372" room="117" start="150" weeks="1111111111111"/>
    <class days="0001000" id="1373" room="129" start="192" weeks="1111111111111"/>
    <class days="0001000" id="1374" room="129" start="204" weeks="1111111111111"/>
    <class days="0010000" id="1375" room="133" start="180" weeks="1111111111111"/>
    <class days="0100000" id="1376" room="205" start="108" weeks="1111111111111"/>
    <class days="0010000" id="1377" room="133" start="204" weeks="1111111111111"/>
    <class days="0100000" id="1378" room="205" start="132" weeks="1111111111111"/>
    <class days="0100000" id="1379" room="120" start="204" weeks="1111111111111"/>
    <class days="0010000" id="1380" room="151" start="138" weeks="1111111111111"/>
    <class days="1000000" id="1381" room="106" start="204" weeks="1111111111111"/>
    <class days="0010000" id="1382" room="136" start="192" weeks="1111111111111"/>
    <class days="0100000" id="1383" room="188" start="156" weeks="1111111111111"/>
    <class days="0000100" id="1384" room="188" start="126" weeks="1111111111111"/>
    <class days="0000100" id="1385" room="188" start="138" weeks="1111111111111"/>
    <class days="0100000" id="1386" room="147" start="180" weeks="1111111111111"/>
    <class days="0100000" id="1387" room="147" start="156" weeks="1111111111111"/>
    <class days="0010000" id="1388" room="205" start="108" weeks="1111111111111"/>
    <class days="0010000" id="1389" room="205" start="120" weeks="1111111111111"/>
    <class days="0010000" id="1390" room="175" start="108" weeks="1111111111111"/>
    <class days="0010000" id="1391" room="162" start="168" weeks="1111111111111"/>
    <class days="1000000" id="1392" room="175" start="144" weeks="1111111111111"/>
    <class days="0000100" id="1393" room="102" start="108" weeks="1111111111111"/>
    <class days="0000100" id="1394" room="175" start="180" weeks="1111111111111"/>
    <class days="0000100" id="1395" room="175" start="192" weeks="1111111111111"/>
    <class days="0001000" id="1396" room="205" start="144" weeks="1111111111111"/>
    <class days="0001000" id="1397" room="205" start="156" weeks="1111111111111"/>
    <class days="0001000" id="1398" room="175" start="192" weeks="1111111111111"/>
    <class days="1000000" id="1399" room="119" start="156" weeks="1111111111111"/>
    <class days="0000100" id="1400" room="90" start="204" weeks="1111111111111"/>
    <class days="1000000" id="1401" room="135" start="138" weeks="1111111111111"/>
    <class days="1000000" id="1402" room="135" start="114" weeks="1111111111111"/>
    <class days="0100000" id="1403" room="134" start="132" weeks="1111111111111"/>
    <class days="0000100" id="1404" room="190" start="126" weeks="1111111111111"/>
    <class days="1000000" id="1405" room="130" start="204" weeks="1111111111111"/>
    <class days="0010000" id="1406" room="128" start="168" weeks="1111111111111"/>
    <class days="0010000" id="1407" room="139" start="156" weeks="1111111111111"/>
    <class days="0010000" id="1408" room="187" start="132" weeks="1111111111111"/>
    <class days="1000000" id="1409" room="166" start="204" weeks="1111111111111"/>
    <class days="0100000" id="1410" room="131" start="174" weeks="1111111111111"/>
    <class days="0100000" id="1411" start="162" weeks="1111111111111"/>
    <class days="0010000" id="1412" room="130" start="108" weeks="1111111111111"/>
    <class days="0000100" id="1413" room="144" start="192" weeks="1111111111111"/>
    <class days="0010000" id="1414" room="142" start="192" weeks="1111111111111"/>
    <class days="1000000" id="1415" room="131" start="192" weeks="1111111111111"/>
    <class days="1000000" id="1416" room="130" start="120" weeks="1111111111111"/>
    <class days="0001000" id="1417" room="187" start="198" weeks="1111111111111"/>
    <class days="0000100" id="1418" room="188" start="210" weeks="1111111111111"/>
    <class days="0000100" id="1419" room="188" start="186" weeks="1111111111111"/>
    <class days="0010000" id="1420" room="47" start="108" weeks="1111111111111"/>
    <class days="0010000" id="1421" room="47" start="132" weeks="1111111111111"/>
    <class days="0010000" id="1422" room="61" start="156" weeks="1111111111111"/>
    <class days="1000000" id="1423" room="51" start="168" weeks="1111111111111"/>
    <class days="0010000" id="1424" room="141" start="132" weeks="1111111111111"/>
    <class days="0010000" id="1425" room="95" start="108" weeks="1111111111111"/>
    <class days="1000000" id="1426" room="153" start="132" weeks="1111111111111"/>
    <class days="0001000" id="1427" room="129" start="168" weeks="1111111111111"/>
    <class days="1000000" id="1428" room="181" start="180" weeks="1111111111111"/>
    <class days="0010000" id="1429" room="181" start="156" weeks="1111111111111"/>
    <class days="0000100" id="1430" room="184" start="114" weeks="1111111111111"/>
    <class days="0000100" id="1431" room="185" start="168" weeks="1111111111111"/>
    <class days="1000000" id="1432" room="146" start="132" weeks="1111111111111"/>
    <class days="0010000" id="1433" room="204" start="132" weeks="1111111111111"/>
    <class days="0100000" id="1434" room="164" start="156" weeks="1111111111111"/>
    <class days="0010000" id="1435" room="146" start="156" weeks="1111111111111"/>
    <class days="0000100" id="1436" room="147" start="138" weeks="1111111111111"/>
    <class days="0000100" id="1437" room="3" start="108" weeks="1111111111111"/>
    <class days="0001000" id="1438" room="157" start="168" weeks="1111111111111"/>
    <class days="0100000" id="1439" room="150" start="108" weeks="1111111111111"/>
    <class days="1000000" id="1440" room="184" start="156" weeks="1111111111111"/>
    <class days="0010000" id="1441" room="185" start="180" weeks="1111111111111"/>
    <class days="0001000" id="1442" room="149" start="144" weeks="1111111111111"/>
    <class days="0010000" id="1443" room="148" start="108" weeks="1111111111111"/>
    <class days="0001000" id="1444" room="122" start="108" weeks="1111111111111"/>
    <class days="1000000" id="1445" room="204" start="114" weeks="1111111111111"/>
    <class days="1000000" id="1446" room="201" start="192" weeks="1111111111111"/>
    <class days="1000000" id="1447" room="131" start="144" weeks="1111111111111"/>
    <class days="0100000" id="1448" room="147" start="132" weeks="1111111111111"/>
    <class days="1000000" id="1449" room="166" start="168" weeks="1111111111111"/>
    <class days="0100000" id="1450" room="190" start="192" weeks="1111111111111"/>
    <class days="0000100" id="1451" room="155" start="108" weeks="1111111111111"/>
    <class days="0100000" id="1452" room="160" start="162" weeks="1111111111111"/>
    <class days="0000100" id="1453" room="137" start="192" weeks="1111111111111"/>
    <class days="0010000" id="1454" room="184" start="144" weeks="1111111111111"/>
    <class days="0010000" id="1455" room="184" start="156" weeks="1111111111111"/>
    <class days="0100000" id="1456" room="149" start="156" weeks="1111111111111"/>
    <class days="0010000" id="1457" room="165" start="156" weeks="1111111111111"/>
    <class days="0010000" id="1458" room="181" start="108" weeks="1111111111111"/>
    <class days="0010000" id="1459" room="181" start="132" weeks="1111111111111"/>
    <class days="0100000" id="1460" room="1" start="120" weeks="1111111111111"/>
    <class days="0100000" id="1461" room="1" start="192" weeks="1111111111111"/>
    <class days="0001000" id="1462" room="94" start="108" weeks="1111111111111"/>
    <class days="0010000" id="1463" room="181" start="180" weeks="1111111111111"/>
    <class days="0001000" id="1464" room="185" start="132" weeks="1111111111111"/>
    <class days="1000000" id="1465" room="154" start="126" weeks="1111111111111"/>
    <class days="1000000" id="1466" room="154" start="138" weeks="1111111111111"/>
    <class days="0001000" id="1467" room="185" start="186" weeks="1111111111111"/>
    <class days="0001000" id="1468" room="185" start="162" weeks="1111111111111"/>
    <class days="1000000" id="1469" room="200" start="150" weeks="1111111111111"/>
    <class days="1000000" id="1470" room="203" start="132" weeks="1111111111111"/>
    <class days="0001000" id="1471" room="203" start="132" weeks="1111111111111"/>
    <class days="0000100" id="1472" room="110" start="108" weeks="1111111111111"/>
    <class days="0001000" id="1473" room="110" start="156" weeks="1111111111111"/>
    <class days="0000100" id="1474" room="110" start="156" weeks="1111111111111"/>
    <class days="0010000" id="1475" room="123" start="108" weeks="1111111111111"/>
    <class days="0010000" id="1476" room="106" start="180" weeks="1111111111111"/>
    <class days="0100000" id="1477" room="169" start="108" weeks="1111111111111"/>
    <class days="0100000" id="1478" room="169" start="156" weeks="1111111111111"/>
    <class days="0100000" id="1479" room="169" start="180" weeks="1111111111111"/>
    <class days="0010000" id="1480" room="159" start="156" weeks="1111111111111"/>
    <class days="0001000" id="1481" room="108" start="108" weeks="1111111111111"/>
    <class days="0001000" id="1482" room="108" start="156" weeks="1111111111111"/>
    <class days="1000000" id="1483" room="101" start="156" weeks="1111111111111"/>
    <class days="0001000" id="1484" room="132" start="192" weeks="1111111111111"/>
    <class days="0000100" id="1485" room="203" start="108" weeks="1111111111111"/>
    <class days="1000000" id="1486" room="110" start="108" weeks="1111111111111"/>
    <class days="0001000" id="1487" room="110" start="108" weeks="1111111111111"/>
    <class days="0001000" id="1488" room="110" start="132" weeks="1111111111111"/>
    <class days="0000100" id="1489" room="108" start="180" weeks="1111111111111"/>
    <class days="0010000" id="1490" room="110" start="156" weeks="1111111111111"/>
    <class days="0100000" id="1491" room="108" start="108" weeks="1111111111111"/>
    <class days="0100000" id="1492" room="108" start="156" weeks="1111111111111"/>
    <class days="0010000" id="1493" room="108" start="108" weeks="1111111111111"/>
    <class days="0001000" id="1494" room="107" start="168" weeks="1111111111111"/>
    <class days="0001000" id="1495" room="107" start="192" weeks="1111111111111"/>
    <class days="0000100" id="1496" room="95" start="108" weeks="1111111111111"/>
    <class days="0000100" id="1497" room="151" start="156" weeks="1111111111111"/>
    <class days="1000000" id="1498" room="107" start="132" weeks="1111111111111"/>
    <class days="0000100" id="1499" room="156" start="132" weeks="1111111111111"/>
    <class days="1000000" id="1500" room="107" start="180" weeks="1111111111111"/>
    <class days="0100000" id="1501" room="110" start="168" weeks="1111111111111"/>
    <class days="0010000" id="1502" room="110" start="180" weeks="1111111111111"/>
    <class days="0100000" id="1503" room="107" start="144" weeks="1111111111111"/>
    <class days="1000000" id="1504" room="107" start="168" weeks="1111111111111"/>
    <class days="0001000" id="1505" room="107" start="132" weeks="1111111111111"/>
    <class days="0010000" id="1506" room="107" start="168" weeks="1111111111111"/>
    <class days="0010000" id="1507" room="108" start="180" weeks="1111111111111"/>
    <class days="0010000" id="1508" room="107" start="108" weeks="1111111111111"/>
    <class days="0000100" id="1509" room="107" start="108" weeks="1111111111111"/>
    <class days="0000100" id="1510" room="107" start="156" weeks="1111111111111"/>
    <class days="0010000" id="1511" room="107" start="180" weeks="1111111111111"/>
    <class days="0001000" id="1512" room="107" start="108" weeks="1111111111111"/>
    <class days="0000100" id="1513" room="107" start="180" weeks="1111111111111"/>
    <class days="0000100" id="1514" room="108" start="132" weeks="1111111111111"/>
    <class days="0100000" id="1515" room="107" start="168" weeks="1111111111111"/>
    <class days="0000100" id="1516" room="157" start="168" weeks="1111111111111"/>
    <class days="0100000" id="1517" room="104" start="156" weeks="1111111111111"/>
    <class days="0100000" id="1518" room="161" start="132" weeks="1111111111111"/>
    <class days="0100000" id="1519" room="161" start="108" weeks="1111111111111"/>
    <class days="0000100" id="1520" room="151" start="132" weeks="1111111111111"/>
    <class days="0000100" id="1521" room="95" start="180" weeks="1111111111111"/>
    <class days="0000100" id="1522" room="92" start="156" weeks="1111111111111"/>
    <class days="1000000" id="1523" room="199" start="156" weeks="1111111111111"/>
    <class days="1000000" id="1524" room="106" start="180" weeks="1111111111111"/>
    <class days="0010000" id="1525" room="204" start="108" weeks="1111111111111"/>
    <class days="0010000" id="1526" room="3" start="132" weeks="1111111111111"/>
    <class days="1000000" id="1527" room="146" start="108" weeks="1111111111111"/>
    <class days="1000000" id="1528" room="121" start="132" weeks="1111111111111"/>
    <class days="0010000" id="1529" room="160" start="156" weeks="1111111111111"/>
    <class days="0010000" id="1530" room="203" start="180" weeks="1111111111111"/>
    <class days="0100000" id="1531" room="168" start="156" weeks="1111111111111"/>
    <class days="0100000" id="1532" room="200" start="180" weeks="1111111111111"/>
    <class days="0000100" id="1533" room="168" start="108" weeks="1111111111111"/>
    <class days="0000100" id="1534" room="139" start="132" weeks="1111111111111"/>
    <class days="0001000" id="1535" room="125" start="132" weeks="1111111111111"/>
    <class days="0001000" id="1536" room="122" start="156" weeks="1111111111111"/>
    <class days="0001000" id="1537" room="125" start="108" weeks="1111111111111"/>
    <class days="0000100" id="1538" room="119" start="132" weeks="1111111111111"/>
    <class days="0000100" id="1539" room="122" start="156" weeks="1111111111111"/>
    <class days="0000100" id="1540" room="125" start="108" weeks="1111111111111"/>
    <class days="0100000" id="1541" room="41" start="108" weeks="1111111111111"/>
    <class days="0100000" id="1542" room="49" start="156" weeks="1111111111111"/>
    <class days="0001000" id="1543" room="54" start="108" weeks="1111111111111"/>
    <class days="0001000" id="1544" room="37" start="156" weeks="1111111111111"/>
    <class days="0100000" id="1545" room="167" start="132" weeks="1111111111111"/>
    <class days="1000000" id="1546" room="42" start="108" weeks="1111111111111"/>
    <class days="0100000" id="1547" room="41" start="132" weeks="1111111111111"/>
    <class days="0100000" id="1548" room="49" start="180" weeks="1111111111111"/>
    <class days="0001000" id="1549" room="54" start="132" weeks="1111111111111"/>
    <class days="0001000" id="1550" room="37" start="180" weeks="1111111111111"/>
    <class days="0001000" id="1551" room="129" start="108" weeks="1111111111111"/>
    <class days="1000000" id="1552" room="42" start="132" weeks="1111111111111"/>
    <class days="0001000" id="1553" room="153" start="156" weeks="1111111111111"/>
    <class days="1000000" id="1554" room="140" start="156" weeks="1111111111111"/>
    <class days="0001000" id="1555" room="99" start="168" weeks="1111111111111"/>
    <class days="1000000" id="1556" room="131" start="108" weeks="1111111111111"/>
    <class days="0100000" id="1557" room="145" start="108" weeks="1111111111111"/>
    <class days="0100000" id="1558" room="89" start="132" weeks="1111111111111"/>
    <class days="0100000" id="1559" room="202" start="156" weeks="1111111111111"/>
    <class days="0100000" id="1560" room="151" start="180" weeks="1111111111111"/>
    <class days="0100000" id="1561" room="143" start="108" weeks="1111111111111"/>
    <class days="0100000" id="1562" room="143" start="132" weeks="1111111111111"/>
    <class days="0100000" id="1563" room="95" start="156" weeks="1111111111111"/>
    <class days="0100000" id="1564" room="150" start="180" weeks="1111111111111"/>
    <class days="0000100" id="1565" room="104" start="156" weeks="1111111111111"/>
    <class days="0000100" id="1566" room="120" start="180" weeks="1111111111111"/>
    <class days="0000100" id="1567" room="151" start="108" weeks="1111111111111"/>
    <class days="0000100" id="1568" room="92" start="132" weeks="1111111111111"/>
    <class days="0000100" id="1569" room="145" start="156" weeks="1111111111111"/>
    <class days="0000100" id="1570" room="125" start="180" weeks="1111111111111"/>
    <class days="0000100" id="1571" room="106" start="108" weeks="1111111111111"/>
    <class days="0000100" id="1572" room="120" start="132" weeks="1111111111111"/>
    <class days="1000000" id="1573" room="1" start="180" weeks="1111111111111"/>
    <class days="0001000" id="1574" room="138" start="180" weeks="1111111111111"/>
    <class days="1000000" id="1575" room="202" start="108" weeks="1111111111111"/>
    <class days="1000000" id="1576" room="3" start="132" weeks="1111111111111"/>
    <class days="0010000" id="1577" room="129" start="156" weeks="1111111111111"/>
    <class days="0010000" id="1578" room="204" start="180" weeks="1111111111111"/>
    <class days="0100000" id="1579" room="4" start="108" weeks="1111111111111"/>
    <class days="0100000" id="1580" room="92" start="132" weeks="1111111111111"/>
    <class days="0100000" id="1581" room="199" start="156" weeks="1111111111111"/>
    <class days="0100000" id="1582" room="106" start="180" weeks="1111111111111"/>
    <class days="0000100" id="1583" room="144" start="156" weeks="1111111111111"/>
    <class days="0000100" id="1584" room="135" start="180" weeks="1111111111111"/>
    <class days="0000100" id="1585" room="123" start="108" weeks="1111111111111"/>
    <class days="0000100" id="1586" room="138" start="132" weeks="1111111111111"/>
    <class days="1000000" id="1587" room="121" start="108" weeks="1111111111111"/>
    <class days="1000000" id="1588" room="92" start="132" weeks="1111111111111"/>
    <class days="1000000" id="1589" room="143" start="156" weeks="1111111111111"/>
    <class days="0010000" id="1590" room="106" start="156" weeks="1111111111111"/>
    <class days="0010000" id="1591" room="94" start="180" weeks="1111111111111"/>
    <class days="0010000" id="1592" room="121" start="132" weeks="1111111111111"/>
    <class days="0010000" id="1593" room="124" start="180" weeks="1111111111111"/>
    <class days="0001000" id="1594" room="202" start="180" weeks="1111111111111"/>
    <class days="1000000" id="1595" room="98" start="108" weeks="1111111111111"/>
    <class days="1000000" id="1596" start="108" weeks="1111111111111"/>
    <class days="1000000" id="1597" start="108" weeks="1111111111111"/>
    <class days="1000000" id="1598" start="108" weeks="1111111111111"/>
    <class days="1000000" id="1599" room="98" start="156" weeks="1111111111111"/>
    <class days="1000000" id="1600" start="156" weeks="1111111111111"/>
    <class days="1000000" id="1601" start="156" weeks="1111111111111"/>
    <class days="1000000" id="1602" start="156" weeks="1111111111111"/>
    <class days="0001000" id="1603" room="98" start="156" weeks="1111111111111"/>
    <class days="0001000" id="1604" start="156" weeks="1111111111111"/>
    <class days="0001000" id="1605" start="156" weeks="1111111111111"/>
    <class days="0001000" id="1606" start="156" weeks="1111111111111"/>
    <class days="0001000" id="1607" room="96" start="108" weeks="1111111111111"/>
    <class days="0001000" id="1608" start="108" weeks="1111111111111"/>
    <class days="0001000" id="1609" start="108" weeks="1111111111111"/>
    <class days="0001000" id="1610" start="108" weeks="1111111111111"/>
    <class days="1000000" id="1611" start="108" weeks="1111111111111"/>
    <class days="1000000" id="1612" start="108" weeks="1111111111111"/>
    <class days="1000000" id="1613" start="108" weeks="1111111111111"/>
    <class days="1000000" id="1614" start="108" weeks="1111111111111"/>
    <class days="1000000" id="1615" room="208" start="156" weeks="1111111111111"/>
    <class days="1000000" id="1616" start="156" weeks="1111111111111"/>
    <class days="1000000" id="1617" start="156" weeks="1111111111111"/>
    <class days="1000000" id="1618" start="156" weeks="1111111111111"/>
    <class days="0001000" id="1619" start="156" weeks="1111111111111"/>
    <class days="0001000" id="1620" start="156" weeks="1111111111111"/>
    <class days="0001000" id="1621" start="156" weeks="1111111111111"/>
    <class days="0001000" id="1622" start="156" weeks="1111111111111"/>
    <class days="0001000" id="1623" start="156" weeks="1111111111111"/>
    <class days="0001000" id="1624" start="108" weeks="1111111111111"/>
    <class days="0001000" id="1625" start="108" weeks="1111111111111"/>
    <class days="0001000" id="1626" start="108" weeks="1111111111111"/>
    <class days="1000000" id="1627" room="97" start="108" weeks="1111111111111"/>
    <class days="1000000" id="1628" start="108" weeks="1111111111111"/>
    <class days="1000000" id="1629" start="108" weeks="1111111111111"/>
    <class days="1000000" id="1630" start="108" weeks="1111111111111"/>
    <class days="1000000" id="1631" start="108" weeks="1111111111111"/>
    <class days="1000000" id="1632" start="108" weeks="1111111111111"/>
    <class days="1000000" id="1633" start="156" weeks="1111111111111"/>
    <class days="1000000" id="1634" start="156" weeks="1111111111111"/>
    <class days="1000000" id="1635" start="156" weeks="1111111111111"/>
    <class days="1000000" id="1636" start="156" weeks="1111111111111"/>
    <class days="1000000" id="1637" start="156" weeks="1111111111111"/>
    <class days="1000000" id="1638" start="156" weeks="1111111111111"/>
    <class days="0001000" id="1639" room="2" start="156" weeks="1111111111111"/>
    <class days="0001000" id="1640" start="156" weeks="1111111111111"/>
    <class days="0001000" id="1641" start="156" weeks="1111111111111"/>
    <class days="0001000" id="1642" start="156" weeks="1111111111111"/>
    <class days="0001000" id="1643" start="156" weeks="1111111111111"/>
    <class days="0001000" id="1644" start="156" weeks="1111111111111"/>
    <class days="0001000" id="1645" room="100" start="108" weeks="1111111111111"/>
    <class days="0001000" id="1646" start="108" weeks="1111111111111"/>
    <class days="0001000" id="1647" start="108" weeks="1111111111111"/>
    <class days="0001000" id="1648" start="108" weeks="1111111111111"/>
    <class days="0001000" id="1649" start="108" weeks="1111111111111"/>
    <class days="0001000" id="1650" start="108" weeks="1111111111111"/>
    <class days="0010000" id="1651" room="208" start="144" weeks="1111111111111"/>
    <class days="0010000" id="1652" start="144" weeks="1111111111111"/>
    <class days="0010000" id="1653" start="144" weeks="1111111111111"/>
    <class days="0010000" id="1654" room="2" start="144" weeks="1111111111111"/>
    <class days="0100000" id="1655" room="147" start="192" weeks="1111111111111"/>
    <class days="0100000" id="1656" room="96" start="180" weeks="1111111111111"/>
    <class days="0100000" id="1657" room="139" start="108" weeks="1111111111111"/>
    <class days="0001000" id="1658" room="168" start="192" weeks="1111111111111"/>
    <class days="0100000" id="1659" room="1" start="156" weeks="1111111111111"/>
    <class days="0001000" id="1660" room="3" start="192" weeks="1111111111111"/>
    <class days="1000000" id="1661" room="150" start="204" weeks="1111111111111"/>
    <class days="0000100" id="1662" room="168" start="192" weeks="1111111111111"/>
    <class days="0100000" id="1663" room="182" start="108" weeks="1111111111111"/>
    <class days="1000000" id="1664" room="109" start="108" weeks="1111111111111"/>
    <class days="0010000" id="1665" room="109" start="108" weeks="1111111111111"/>
    <class days="0100000" id="1666" room="162" start="114" weeks="1111111111111"/>
    <class days="0000100" id="1667" room="146" start="108" weeks="1111111111111"/>
    <class days="0000100" id="1668" room="167" start="108" weeks="1111111111111"/>
    <class days="0001000" id="1669" room="160" start="108" weeks="1111111111111"/>
    <class days="0100000" id="1670" room="3" start="108" weeks="1111111111111"/>
    <class days="0000100" id="1671" room="160" start="108" weeks="1111111111111"/>
    <class days="0001000" id="1672" room="95" start="156" weeks="1111111111111"/>
    <class days="0000100" id="1673" room="111" start="108" weeks="1111111111111"/>
    <class days="0001000" id="1674" room="182" start="120" weeks="1111111111111"/>
    <class days="0010000" id="1675" room="182" start="132" weeks="1111111111111"/>
    <class days="0010000" id="1676" room="182" start="108" weeks="1111111111111"/>
    <class days="0000100" id="1677" room="111" start="192" weeks="1111111111111"/>
    <class days="1000000" id="1678" room="182" start="156" weeks="1111111111111"/>
    <class days="0000100" id="1679" room="182" start="156" weeks="1111111111111"/>
    <class days="0010000" id="1680" room="100" start="156" weeks="1111111111111"/>
    <class days="0010000" id="1681" room="5" start="180" weeks="1111111111111"/>
    <class days="0100000" id="1682" room="6" start="156" weeks="1111111111111"/>
    <class days="0100000" id="1683" room="6" start="180" weeks="1111111111111"/>
    <class days="0100000" id="1684" room="208" start="156" weeks="1111111111111"/>
    <class days="0100000" id="1685" start="156" weeks="1111111111111"/>
    <class days="0000100" id="1686" room="134" start="180" weeks="1111111111111"/>
    <class days="0100000" id="1687" room="182" start="180" weeks="1111111111111"/>
    <class days="0000100" id="1688" room="182" start="120" weeks="1111111111111"/>
    <class days="0100000" id="1689" room="182" start="204" weeks="1111111111111"/>
    <class days="0000100" id="1690" room="182" start="108" weeks="1111111111111"/>
    <class days="1000000" id="1691" room="96" start="108" weeks="1111111111111"/>
    <class days="0010000" id="1692" room="96" start="108" weeks="1111111111111"/>
    <class days="0010000" id="1693" room="96" start="156" weeks="1111111111111"/>
    <class days="1000000" id="1694" room="96" start="132" weeks="1111111111111"/>
    <class days="0010000" id="1695" room="96" start="132" weeks="1111111111111"/>
    <class days="0010000" id="1696" room="96" start="180" weeks="1111111111111"/>
    <class days="0100000" id="1697" room="121" start="204" weeks="1111111111111"/>
    <class days="0100000" id="1698" room="122" start="108" weeks="1111111111111"/>
    <class days="0001000" id="1699" room="103" start="132" weeks="1111111111111"/>
    <class days="0001000" id="1700" room="103" start="108" weeks="1111111111111"/>
    <class days="0010000" id="1701" room="92" start="120" weeks="1111111111111"/>
    <class days="0001000" id="1702" room="91" start="204" weeks="1111111111111"/>
    <class days="0100000" id="1703" room="160" start="108" weeks="1111111111111"/>
    <class days="0100000" id="1704" room="105" start="180" weeks="1111111111111"/>
    <class days="0100000" id="1705" start="180" weeks="1111111111111"/>
    <class days="0100000" id="1706" start="180" weeks="1111111111111"/>
    <class days="0100000" id="1707" start="192" weeks="1111111111111"/>
    <class days="0100000" id="1708" start="192" weeks="1111111111111"/>
    <class days="0100000" id="1709" room="105" start="192" weeks="1111111111111"/>
    <class days="0001000" id="1710" room="121" start="156" weeks="1111111111111"/>
    <class days="0001000" id="1711" room="123" start="180" weeks="1111111111111"/>
    <class days="1000000" id="1712" room="89" start="204" weeks="1111111111111"/>
    <class days="0100000" id="1713" room="89" start="156" weeks="1111111111111"/>
    <class days="1000000" id="1714" room="89" start="180" weeks="1111111111111"/>
    <class days="0100000" id="1715" room="89" start="180" weeks="1111111111111"/>
    <class days="0100000" id="1716" room="100" start="156" weeks="1111111111111"/>
    <class days="0100000" id="1717" room="98" start="204" weeks="1111111111111"/>
    <class days="1000000" id="1718" room="93" start="108" weeks="1111111111111"/>
    <class days="0010000" id="1719" room="93" start="144" weeks="1111111111111"/>
    <class days="0010000" id="1720" room="93" start="180" weeks="1111111111111"/>
    <class days="1000000" id="1721" room="93" start="120" weeks="1111111111111"/>
    <class days="0010000" id="1722" room="93" start="156" weeks="1111111111111"/>
    <class days="0010000" id="1723" room="93" start="192" weeks="1111111111111"/>
    <class days="0001000" id="1724" room="123" start="132" weeks="1111111111111"/>
    <class days="0100000" id="1725" room="106" start="204" weeks="1111111111111"/>
    <class days="0000100" id="1726" room="93" start="108" weeks="1111111111111"/>
    <class days="0000100" id="1727" start="108" weeks="1111111111111"/>
    <class days="0000100" id="1728" room="93" start="156" weeks="1111111111111"/>
    <class days="0000100" id="1729" room="96" start="156" weeks="1111111111111"/>
    <class days="0000100" id="1730" room="96" start="132" weeks="1111111111111"/>
    <class days="0000100" id="1731" room="93" start="132" weeks="1111111111111"/>
    <class days="0000100" id="1732" room="93" start="180" weeks="1111111111111"/>
    <class days="0000100" id="1733" room="96" start="180" weeks="1111111111111"/>
    <class days="0001000" id="1734" room="145" start="204" weeks="1111111111111"/>
    <class days="0010000" id="1735" room="94" start="120" weeks="1111111111111"/>
    <class days="0000100" id="1736" room="5" start="168" weeks="1111111111111"/>
    <class days="0010000" id="1737" room="111" start="156" weeks="1111111111111"/>
    <class days="0010000" id="1738" room="111" start="180" weeks="1111111111111"/>
    <class days="0000100" id="1739" room="109" start="108" weeks="1111111111111"/>
    <class days="0000100" id="1740" room="109" start="156" weeks="1111111111111"/>
    <class days="1000000" id="1741" room="97" start="240" weeks="1111111111111"/>
    <class days="0010000" id="1742" room="6" start="114" weeks="1111111111111"/>
    <class days="0000100" id="1743" room="144" start="120" weeks="1111111111111"/>
    <class days="1000000" id="1744" room="208" start="114" weeks="1111111111111"/>
    <class days="0010000" id="1745" room="137" start="120" weeks="1111111111111"/>
    <class days="1000000" id="1746" room="95" start="150" weeks="1111111111111"/>
    <class days="0010000" id="1747" room="99" start="144" weeks="1111111111111"/>
    <class days="0100000" id="1748" room="91" start="150" weeks="1111111111111"/>
    <class days="1000000" id="1749" room="164" start="144" weeks="1111111111111"/>
    <class days="0001000" id="1750" room="3" start="120" weeks="1111111111111"/>
    <class days="0001000" id="1751" room="142" start="144" weeks="1111111111111"/>
    <class days="0000100" id="1752" room="101" start="108" weeks="1111111111111"/>
    <class days="1000000" id="1753" room="150" start="144" weeks="1111111111111"/>
    <class days="0001000" id="1754" room="161" start="156" weeks="1111111111111"/>
    <class days="0001000" id="1755" room="124" start="108" weeks="1111111111111"/>
    <class days="1000000" id="1756" room="184" start="132" weeks="1111111111111"/>
    <class days="0000100" id="1757" room="184" start="162" weeks="1111111111111"/>
    <class days="1000000" id="1758" room="184" start="108" weeks="1111111111111"/>
    <class days="0000100" id="1759" room="184" start="138" weeks="1111111111111"/>
    <class days="0100000" id="1760" room="149" start="132" weeks="1111111111111"/>
    <class days="0100000" id="1761" room="142" start="108" weeks="1111111111111"/>
    <class days="0001000" id="1762" room="146" start="120" weeks="1111111111111"/>
    <class days="0001000" id="1763" room="192" start="156" weeks="1111111111111"/>
    <class days="0010000" id="1764" room="158" start="156" weeks="1111111111111"/>
    <class days="0010000" id="1765" room="4" start="108" weeks="1111111111111"/>
    <class days="0010000" id="1766" room="201" start="108" weeks="1111111111111"/>
    <class days="0010000" id="1767" room="201" start="156" weeks="1111111111111"/>
    <class days="0010000" id="1768" room="201" start="132" weeks="1111111111111"/>
    <class days="0010000" id="1769" room="201" start="180" weeks="1111111111111"/>
    <class days="0001000" id="1770" room="201" start="108" weeks="1111111111111"/>
    <class days="1000000" id="1771" room="99" start="132" weeks="1111111111111"/>
    <class days="0001000" id="1772" room="201" start="132" weeks="1111111111111"/>
    <class days="1000000" id="1773" room="99" start="156" weeks="1111111111111"/>
    <class days="1000000" id="1774" room="201" start="108" weeks="1111111111111"/>
    <class days="0001000" id="1775" room="201" start="180" weeks="1111111111111"/>
    <class days="1000000" id="1776" room="201" start="132" weeks="1111111111111"/>
    <class days="0001000" id="1777" room="201" start="156" weeks="1111111111111"/>
    <class days="1000000" id="1778" room="201" start="216" weeks="1111111111111"/>
    <class days="0000100" id="1779" room="201" start="108" weeks="1111111111111"/>
    <class days="0000100" id="1780" room="201" start="192" weeks="1111111111111"/>
    <class days="1000000" id="1781" room="201" start="228" weeks="1111111111111"/>
    <class days="0000100" id="1782" room="201" start="120" weeks="1111111111111"/>
    <class days="0000100" id="1783" room="201" start="204" weeks="1111111111111"/>
    <class days="0000100" id="1784" room="133" start="108" weeks="1111111111111"/>
    <class days="0000100" id="1785" room="135" start="144" weeks="1111111111111"/>
    <class days="1000000" id="1786" room="91" start="114" weeks="1111111111111"/>
    <class days="0001000" id="1787" room="102" start="108" weeks="1111111111111"/>
    <class days="1000000" id="1788" room="91" start="138" weeks="1111111111111"/>
    <class days="0001000" id="1789" room="102" start="132" weeks="1111111111111"/>
    <class days="0100000" id="1790" room="203" start="108" weeks="1111111111111"/>
    <class days="1000000" id="1791" room="135" start="192" weeks="1111111111111"/>
    <class days="0001000" id="1792" room="4" start="204" weeks="1111111111111"/>
    <class days="0100000" id="1793" room="101" start="144" weeks="1111111111111"/>
    <class days="0100000" id="1794" room="160" start="186" weeks="1111111111111"/>
    <class days="1000000" id="1795" room="101" start="192" weeks="1111111111111"/>
    <class days="1000000" id="1796" room="145" start="144" weeks="1111111111111"/>
    <class days="0010000" id="1797" room="90" start="204" weeks="1111111111111"/>
    <class days="0010000" id="1798" room="104" start="180" weeks="1111111111111"/>
    <class days="0000100" id="1799" room="1" start="156" weeks="1111111111111"/>
    <class days="0000100" id="1800" room="199" start="198" weeks="1111111111111"/>
    <class days="0000100" id="1801" room="150" start="108" weeks="1111111111111"/>
    <class days="0010000" id="1802" room="102" start="108" weeks="1111111111111"/>
    <class days="0000100" id="1803" room="150" start="132" weeks="1111111111111"/>
    <class days="0010000" id="1804" room="102" start="132" weeks="1111111111111"/>
    <class days="0001000" id="1805" room="159" start="216" weeks="1111111111111"/>
    <class days="0001000" id="1806" room="129" start="156" weeks="1111111111111"/>
    <class days="0001000" id="1807" room="159" start="192" weeks="1111111111111"/>
    <class days="0001000" id="1808" room="129" start="132" weeks="1111111111111"/>
    <class days="0100000" id="1809" room="201" start="108" weeks="1111111111111"/>
    <class days="0100000" id="1810" room="201" start="168" weeks="1111111111111"/>
    <class days="0100000" id="1811" room="201" start="132" weeks="1111111111111"/>
    <class days="0100000" id="1812" room="201" start="192" weeks="1111111111111"/>
    <class days="0100000" id="1813" room="37" start="144" weeks="1111111111111"/>
    <class days="0010000" id="1814" room="59" start="192" weeks="1111111111111"/>
    <class days="0100000" id="1815" room="44" start="186" weeks="1111111111111"/>
    <class days="1000000" id="1816" room="53" start="126" weeks="1111111111111"/>
    <class days="0010000" id="1817" room="60" start="192" weeks="1111111111111"/>
    <class days="0100000" id="1818" room="118" start="144" weeks="1111111111111"/>
    <class days="0100000" id="1819" room="45" start="108" weeks="1111111111111"/>
    <class days="0000100" id="1820" room="112" start="132" weeks="1111111111111"/>
    <class days="0001000" id="1821" room="45" start="108" weeks="1111111111111"/>
    <class days="0001000" id="1822" room="45" start="120" weeks="1111111111111"/>
    <class days="0001000" id="1823" start="156" weeks="1111111111111"/>
    <class days="0001000" id="1824" start="180" weeks="1111111111111"/>
    <class days="0100000" id="1825" room="56" start="108" weeks="1111111111111"/>
    <class days="0000100" id="1826" room="118" start="132" weeks="1111111111111"/>
    <class days="0000100" id="1827" room="112" start="168" weeks="1111111111111"/>
    <class days="0000100" id="1828" room="112" start="192" weeks="1111111111111"/>
    <class days="0000100" id="1829" room="55" start="108" weeks="1111111111111"/>
    <class days="0010000" id="1830" room="112" start="108" weeks="1111111111111"/>
    <class days="0001000" id="1831" start="108" weeks="1111111111111"/>
    <class days="0001000" id="1832" start="132" weeks="1111111111111"/>
    <class days="1000000" id="1833" room="102" start="108" weeks="1111111111111"/>
    <class days="0010000" id="1834" room="90" start="108" weeks="1111111111111"/>
    <class days="0100000" id="1835" room="143" start="156" weeks="1111111111111"/>
    <class days="0100000" id="1836" room="102" start="192" weeks="1111111111111"/>
    <class days="0100000" id="1837" room="203" start="168" weeks="1111111111111"/>
    <class days="0100000" id="1838" room="94" start="204" weeks="1111111111111"/>
    <class days="0000100" id="1839" room="120" start="108" weeks="1111111111111"/>
    <class days="0000100" id="1840" room="95" start="132" weeks="1111111111111"/>
    <class days="0001000" id="1841" room="192" start="132" weeks="1111111111111"/>
    <class days="0001000" id="1842" room="192" start="108" weeks="1111111111111"/>
    <class days="0010000" id="1843" room="150" start="108" weeks="1111111111111"/>
    <class days="0010000" id="1844" room="150" start="156" weeks="1111111111111"/>
    <class days="1000000" id="1845" room="161" start="168" weeks="1111111111111"/>
    <class days="0010000" id="1846" room="95" start="168" weeks="1111111111111"/>
    <class days="0001000" id="1847" room="161" start="120" weeks="1111111111111"/>
    <class days="0001000" id="1848" room="143" start="156" weeks="1111111111111"/>
    <class days="0001000" id="1849" room="95" start="192" weeks="1111111111111"/>
    <class days="0001000" id="1850" room="151" start="216" weeks="1111111111111"/>
    <class days="1000000" id="1851" room="181" start="120" weeks="1111111111111"/>
    <class days="0100000" id="1852" room="185" start="168" weeks="1111111111111"/>
    <class days="0100000" id="1853" room="102" start="120" weeks="1111111111111"/>
    <class days="0010000" id="1854" room="91" start="156" weeks="1111111111111"/>
    <class days="0001000" id="1855" room="141" start="156" weeks="1111111111111"/>
    <class days="0001000" id="1856" room="145" start="108" weeks="1111111111111"/>
    <class days="0000100" id="1857" room="91" start="108" weeks="1111111111111"/>
    <class days="0000100" id="1858" room="91" start="144" weeks="1111111111111"/>
    <class days="0000100" id="1859" room="102" start="156" weeks="1111111111111"/>
    <class days="0000100" id="1860" room="102" start="180" weeks="1111111111111"/>
    <class days="0000100" id="1861" room="192" start="156" weeks="1111111111111"/>
    <class days="0000100" id="1862" room="106" start="216" weeks="1111111111111"/>
    <class days="0000100" id="1863" room="141" start="108" weeks="1111111111111"/>
    <class days="0000100" id="1864" room="106" start="168" weeks="1111111111111"/>
    <class days="1000000" id="1865" room="134" start="108" weeks="1111111111111"/>
    <class days="1000000" id="1866" room="129" start="156" weeks="1111111111111"/>
    <class days="0010000" id="1867" room="167" start="156" weeks="1111111111111"/>
    <class days="0010000" id="1868" room="167" start="108" weeks="1111111111111"/>
    <class days="1000000" id="1869" room="157" start="144" weeks="1111111111111"/>
    <class days="0010000" id="1870" room="157" start="192" weeks="1111111111111"/>
    <class days="0001000" id="1871" room="150" start="156" weeks="1111111111111"/>
    <class days="0010000" id="1872" room="90" start="156" weeks="1111111111111"/>
    <class days="0001000" id="1873" room="165" start="108" weeks="1111111111111"/>
    <class days="0001000" id="1874" room="158" start="144" weeks="1111111111111"/>
    <class days="0001000" id="1875" room="158" start="180" weeks="1111111111111"/>
    <class days="0000100" id="1876" room="130" start="192" weeks="1111111111111"/>
    <class days="0100000" id="1877" room="140" start="192" weeks="1111111111111"/>
    <class days="0000100" id="1878" room="145" start="108" weeks="1111111111111"/>
    <class days="0010000" id="1879" room="92" start="204" weeks="1111111111111"/>
    <class days="0001000" id="1880" room="137" start="132" weeks="1111111111111"/>
    <class days="0000100" id="1881" room="105" start="258" weeks="1111111111111"/>
    <class days="1000000" id="1882" room="159" start="198" weeks="1111111111111"/>
    <class days="0100000" id="1883" room="163" start="156" weeks="1111111111111"/>
    <class days="1000000" id="1884" room="151" start="168" weeks="1111111111111"/>
    <class days="1000000" id="1885" room="137" start="180" weeks="1111111111111"/>
    <class days="0000100" id="1886" room="145" start="132" weeks="1111111111111"/>
    <class days="0100000" id="1887" room="167" start="120" weeks="1111111111111"/>
    <class days="1000000" id="1888" room="160" start="192" weeks="1111111111111"/>
    <class days="1000000" id="1889" room="142" start="180" weeks="1111111111111"/>
    <class days="0001000" id="1890" room="183" start="162" weeks="1111111111111"/>
    <class days="0001000" id="1891" room="128" start="180" weeks="1111111111111"/>
    <class days="0010000" id="1892" room="203" start="132" weeks="1111111111111"/>
    <class days="0010000" id="1893" room="203" start="108" weeks="1111111111111"/>
    <class days="0100000" id="1894" room="3" start="156" weeks="1111111111111"/>
    <class days="0100000" id="1895" room="3" start="168" weeks="1111111111111"/>
    <class days="0000100" id="1896" room="149" start="108" weeks="1111111111111"/>
    <class days="0000100" id="1897" room="133" start="192" weeks="1111111111111"/>
    <class days="1000000" id="1898" room="192" start="108" weeks="1111111111111"/>
    <class days="1000000" id="1899" room="148" start="156" weeks="1111111111111"/>
    <class days="0000100" id="1900" room="165" start="156" weeks="1111111111111"/>
    <class days="0000100" id="1901" room="143" start="108" weeks="1111111111111"/>
    <class days="0010000" id="1902" room="135" start="198" weeks="1111111111111"/>
    <class days="0100000" id="1903" room="95" start="108" weeks="1111111111111"/>
    <class days="0100000" id="1904" room="90" start="132" weeks="1111111111111"/>
    <class days="0100000" id="1905" room="92" start="156" weeks="1111111111111"/>
    <class days="0100000" id="1906" room="94" start="180" weeks="1111111111111"/>
    <class days="0100000" id="1907" room="94" start="108" weeks="1111111111111"/>
    <class days="0100000" id="1908" room="203" start="132" weeks="1111111111111"/>
    <class days="0100000" id="1909" room="94" start="156" weeks="1111111111111"/>
    <class days="0100000" id="1910" room="92" start="180" weeks="1111111111111"/>
    <class days="0100000" id="1911" room="95" start="180" weeks="1111111111111"/>
    <class days="0000100" id="1912" room="203" start="156" weeks="1111111111111"/>
    <class days="0000100" id="1913" room="90" start="180" weeks="1111111111111"/>
    <class days="0000100" id="1914" room="202" start="108" weeks="1111111111111"/>
    <class days="0000100" id="1915" room="90" start="132" weeks="1111111111111"/>
    <class days="0000100" id="1916" room="90" start="156" weeks="1111111111111"/>
    <class days="0000100" id="1917" room="91" start="180" weeks="1111111111111"/>
    <class days="0000100" id="1918" room="92" start="108" weeks="1111111111111"/>
    <class days="0000100" id="1919" room="202" start="132" weeks="1111111111111"/>
    <class days="0000100" id="1920" room="94" start="132" weeks="1111111111111"/>
    <class days="0000100" id="1921" room="105" start="108" weeks="1111111111111"/>
    <class days="1000000" id="1922" room="105" start="120" weeks="1111111111111"/>
    <class days="0001000" id="1923" room="105" start="180" weeks="1111111111111"/>
    <class days="0000100" id="1924" room="105" start="144" weeks="1111111111111"/>
    <class days="0010000" id="1925" room="92" start="168" weeks="1111111111111"/>
    <class days="1000000" id="1926" room="92" start="156" weeks="1111111111111"/>
    <class days="0100000" id="1927" room="105" start="108" weeks="1111111111111"/>
    <class days="1000000" id="1928" room="105" start="180" weeks="1111111111111"/>
    <class days="0001000" id="1929" room="167" start="144" weeks="1111111111111"/>
    <class days="0000100" id="1930" room="153" start="132" weeks="1111111111111"/>
    <class days="0000100" id="1931" room="105" start="180" weeks="1111111111111"/>
    <class days="0001000" id="1932" room="99" start="108" weeks="1111111111111"/>
    <class days="0100000" id="1933" room="105" start="252" weeks="1111111111111"/>
    <class days="0001000" id="1934" room="105" start="144" weeks="1111111111111"/>
    <class days="1000000" id="1935" room="141" start="108" weeks="1111111111111"/>
    <class days="0000100" id="1936" room="201" start="156" weeks="1111111111111"/>
    <class days="0010000" id="1937" room="104" start="144" weeks="1111111111111"/>
    <class days="0010000" id="1938" room="105" start="108" weeks="1111111111111"/>
    <class days="0000100" id="1939" room="99" start="114" weeks="1111111111111"/>
    <class days="0100000" id="1940" room="105" start="144" weeks="1111111111111"/>
    <class days="0010000" id="1941" room="99" start="180" weeks="1111111111111"/>
    <class days="0010000" id="1942" room="105" start="144" weeks="1111111111111"/>
    <class days="0010000" id="1943" room="104" start="108" weeks="1111111111111"/>
    <class days="0010000" id="1944" room="200" start="180" weeks="1111111111111"/>
    <class days="0000100" id="1945" room="1" start="108" weeks="1111111111111"/>
    <class days="0001000" id="1946" room="105" start="108" weeks="1111111111111"/>
    <class days="0001000" id="1947" room="101" start="150" weeks="1111111111111"/>
    <class days="0000100" id="1948" room="202" start="162" weeks="1111111111111"/>
    <class days="0001000" id="1949" room="134" start="186" weeks="1111111111111"/>
    <class days="1000000" id="1950" room="134" start="162" weeks="1111111111111"/>
    <class days="0001000" id="1951" room="51" start="108" weeks="1111111111111"/>
    <class days="0010000" id="1952" room="51" start="144" weeks="1111111111111"/>
    <class days="0010000" id="1953" room="51" start="168" weeks="1111111111111"/>
    <class days="1000000" id="1954" room="196" start="168" weeks="1111111111111"/>
    <class days="1000000" id="1955" room="196" start="192" weeks="1111111111111"/>
    <class days="0000100" id="1956" room="61" start="108" weeks="1111111111111"/>
    <class days="0000100" id="1957" room="51" start="132" weeks="1111111111111"/>
    <class days="0000100" id="1958" room="57" start="192" weeks="1111111111111"/>
    <class days="0000100" id="1959" room="53" start="156" weeks="1111111111111"/>
    <class days="0010000" id="1960" room="45" start="216" weeks="1111111111111"/>
    <class days="1000000" id="1961" room="57" start="192" weeks="1111111111111"/>
    <class days="1000000" id="1962" room="51" start="108" weeks="1111111111111"/>
    <class days="1000000" id="1963" room="51" start="138" weeks="1111111111111"/>
    <class days="0000100" id="1964" room="196" start="108" weeks="1111111111111"/>
    <class days="0000100" id="1965" room="196" start="132" weeks="1111111111111"/>
    <class days="0010000" id="1966" room="51" start="108" weeks="1111111111111"/>
    <class days="0010000" id="1967" room="51" start="120" weeks="1111111111111"/>
    <class days="0001000" id="1968" room="53" start="108" weeks="1111111111111"/>
    <class days="0001000" id="1969" room="46" start="132" weeks="1111111111111"/>
    <class days="0010000" id="1970" room="113" start="144" weeks="1111111111111"/>
    <class days="0010000" id="1971" room="113" start="168" weeks="1111111111111"/>
    <class days="0001000" id="1972" room="113" start="192" weeks="1111111111111"/>
    <class days="0010000" id="1973" room="113" start="108" weeks="1111111111111"/>
    <class days="0010000" id="1974" room="113" start="120" weeks="1111111111111"/>
    <class days="0100000" id="1975" room="118" start="180" weeks="1111111111111"/>
    <class days="0001000" id="1976" room="118" start="156" weeks="1111111111111"/>
    <class days="0010000" id="1977" room="114" start="174" weeks="1111111111111"/>
    <class days="0100000" id="1978" room="61" start="138" weeks="1111111111111"/>
    <class days="0001000" id="1979" room="140" start="192" weeks="1111111111111"/>
    <class days="0001000" id="1980" room="140" start="204" weeks="1111111111111"/>
    <class days="1000000" id="1981" room="205" start="144" weeks="1111111111111"/>
    <class days="0010000" id="1982" room="205" start="168" weeks="1111111111111"/>
    <class days="1000000" id="1983" room="205" start="156" weeks="1111111111111"/>
    <class days="0010000" id="1984" room="205" start="180" weeks="1111111111111"/>
    <class days="1000000" id="1985" room="128" start="198" weeks="1111111111111"/>
    <class days="0001000" id="1986" room="190" start="114" weeks="1111111111111"/>
    <class days="0001000" id="1987" room="190" start="126" weeks="1111111111111"/>
    <class days="0100000" id="1988" room="130" start="192" weeks="1111111111111"/>
    <class days="0100000" id="1989" room="130" start="204" weeks="1111111111111"/>
    <class days="0010000" id="1990" room="126" start="108" weeks="1111111111111"/>
    <class days="0010000" id="1991" room="126" start="120" weeks="1111111111111"/>
    <class days="0000100" id="1992" room="3" start="132" weeks="1111111111111"/>
    <class days="0001000" id="1993" room="157" start="192" weeks="1111111111111"/>
    <class days="0000100" id="1994" room="138" start="168" weeks="1111111111111"/>
    <class days="0000100" id="1995" room="138" start="180" weeks="1111111111111"/>
    <class days="0000100" id="1996" room="157" start="108" weeks="1111111111111"/>
    <class days="0001000" id="1997" room="175" start="156" weeks="1111111111111"/>
    <class days="0001000" id="1998" room="175" start="168" weeks="1111111111111"/>
    <class days="0100000" id="1999" room="121" start="108" weeks="1111111111111"/>
    <class days="0100000" id="2000" room="121" start="120" weeks="1111111111111"/>
    <class days="0010000" id="2001" room="1" start="138" weeks="1111111111111"/>
    <class days="0010000" id="2002" room="1" start="114" weeks="1111111111111"/>
    <class days="0010000" id="2003" room="158" start="192" weeks="1111111111111"/>
    <class days="0010000" id="2004" room="158" start="204" weeks="1111111111111"/>
    <class days="0000100" id="2005" room="135" start="108" weeks="1111111111111"/>
    <class days="1000000" id="2006" room="133" start="186" weeks="1111111111111"/>
    <class days="1000000" id="2007" room="156" start="114" weeks="1111111111111"/>
    <class days="0001000" id="2008" room="146" start="156" weeks="1111111111111"/>
    <class days="0100000" id="2009" room="167" start="204" weeks="1111111111111"/>
    <class days="0000100" id="2010" room="94" start="180" weeks="1111111111111"/>
    <class days="0000100" id="2011" room="94" start="192" weeks="1111111111111"/>
    <class days="0010000" id="2012" room="105" start="234" weeks="1111111111111"/>
    <class days="0000100" id="2013" room="117" start="186" weeks="1111111111111"/>
    <class days="0100000" id="2014" room="126" start="222" weeks="1111111111111"/>
    <class days="0100000" id="2015" room="154" start="108" weeks="1111111111111"/>
    <class days="1000000" id="2016" room="153" start="108" weeks="1111111111111"/>
    <class days="0001000" id="2017" room="4" start="108" weeks="1111111111111"/>
    <class days="1000000" id="2018" room="117" start="186" weeks="1111111111111"/>
    <class days="0100000" id="2019" room="154" start="132" weeks="1111111111111"/>
    <class days="1000000" id="2020" room="132" start="120" weeks="1111111111111"/>
    <class days="1000000" id="2021" room="137" start="156" weeks="1111111111111"/>
    <class days="0100000" id="2022" room="103" start="192" weeks="1111111111111"/>
    <class days="0010000" id="2023" room="153" start="120" weeks="1111111111111"/>
    <class days="0100000" id="2024" room="135" start="180" weeks="1111111111111"/>
    <class days="0100000" id="2025" room="135" start="156" weeks="1111111111111"/>
    <class days="0010000" id="2026" room="129" start="186" weeks="1111111111111"/>
    <class days="0010000" id="2027" room="129" start="198" weeks="1111111111111"/>
    <class days="0001000" id="2028" room="142" start="180" weeks="1111111111111"/>
    <class days="0000100" id="2029" room="154" start="168" weeks="1111111111111"/>
    <class days="0000100" id="2030" room="154" start="180" weeks="1111111111111"/>
    <class days="1000000" id="2031" room="94" start="204" weeks="1111111111111"/>
    <class days="0000100" id="2032" room="138" start="204" weeks="1111111111111"/>
    <class days="0010000" id="2033" room="168" start="114" weeks="1111111111111"/>
    <class days="1000000" id="2034" room="133" start="156" weeks="1111111111111"/>
    <class days="1000000" id="2035" room="159" start="132" weeks="1111111111111"/>
    <class days="0001000" id="2036" room="140" start="108" weeks="1111111111111"/>
    <class days="0001000" id="2037" room="4" start="132" weeks="1111111111111"/>
    <class days="0001000" id="2038" room="205" start="210" weeks="1111111111111"/>
    <class days="0001000" id="2039" room="205" start="186" weeks="1111111111111"/>
    <class days="0001000" id="2040" room="144" start="204" weeks="1111111111111"/>
    <class days="0000100" id="2041" room="158" start="162" weeks="1111111111111"/>
    <class days="0001000" id="2042" room="130" start="156" weeks="1111111111111"/>
    <class days="0000100" id="2043" room="134" start="114" weeks="1111111111111"/>
    <class days="0000100" id="2044" room="153" start="204" weeks="1111111111111"/>
    <class days="1000000" id="2045" room="138" start="204" weeks="1111111111111"/>
    <class days="0001000" id="2046" room="142" start="204" weeks="1111111111111"/>
    <class days="0100000" id="2047" room="168" start="192" weeks="1111111111111"/>
    <class days="0010000" id="2048" room="131" start="126" weeks="1111111111111"/>
    <class days="1000000" id="2049" room="143" start="120" weeks="1111111111111"/>
    <class days="0000100" id="2050" room="175" start="108" weeks="1111111111111"/>
    <class days="0100000" id="2051" room="102" start="162" weeks="1111111111111"/>
    <class days="0000100" id="2052" room="165" start="108" weeks="1111111111111"/>
    <class days="1000000" id="2053" room="155" start="168" weeks="1111111111111"/>
    <class days="0001000" id="2054" room="153" start="204" weeks="1111111111111"/>
    <class days="0010000" id="2055" room="166" start="162" weeks="1111111111111"/>
    <class days="0100000" id="2056" room="135" start="192" weeks="1111111111111"/>
    <class days="0000100" id="2057" room="204" start="180" weeks="1111111111111"/>
    <class days="0100000" id="2058" room="131" start="114" weeks="1111111111111"/>
    <class days="0000100" id="2059" room="132" start="156" weeks="1111111111111"/>
    <class days="0000100" id="2060" room="4" start="210" weeks="1111111111111"/>
    <class days="0001000" id="2061" room="150" start="210" weeks="1111111111111"/>
    <class days="0001000" id="2062" room="140" start="252" weeks="1111111111111"/>
    <class days="0100000" id="2063" room="154" start="228" weeks="1111111111111"/>
    <class days="0010000" id="2064" room="200" start="228" weeks="1111111111111"/>
    <class days="0010000" id="2065" room="145" start="144" weeks="1111111111111"/>
    <class days="0010000" id="2066" room="89" start="180" weeks="1111111111111"/>
    <class days="0010000" id="2067" room="201" start="204" weeks="1111111111111"/>
    <class days="0100000" id="2068" room="148" start="132" weeks="1111111111111"/>
    <class days="0000100" id="2069" room="101" start="186" weeks="1111111111111"/>
    <class days="0001000" id="2070" room="151" start="132" weeks="1111111111111"/>
    <class days="0010000" id="2071" room="184" start="108" weeks="1111111111111"/>
    <class days="1000000" id="2072" room="185" start="108" weeks="1111111111111"/>
    <class days="0000100" id="2073" room="164" start="126" weeks="1111111111111"/>
    <class days="0001000" id="2074" room="204" start="108" weeks="1111111111111"/>
    <class days="0001000" id="2075" room="167" start="204" weeks="1111111111111"/>
    <class days="1000000" id="2076" room="147" start="156" weeks="1111111111111"/>
    <class days="0010000" id="2077" room="164" start="198" weeks="1111111111111"/>
    <class days="0001000" id="2078" room="119" start="108" weeks="1111111111111"/>
    <class days="0000100" id="2079" room="89" start="156" weeks="1111111111111"/>
    <class days="0010000" id="2080" room="105" start="156" weeks="1111111111111"/>
    <class days="0000100" id="2081" room="203" start="132" weeks="1111111111111"/>
    <class days="0001000" id="2082" room="90" start="162" weeks="1111111111111"/>
    <class days="0000100" id="2083" room="148" start="198" weeks="1111111111111"/>
    <class days="0100000" id="2084" room="137" start="108" weeks="1111111111111"/>
    <class days="0100000" id="2085" room="102" start="204" weeks="1111111111111"/>
    <class days="0010000" id="2086" room="156" start="132" weeks="1111111111111"/>
    <class days="0010000" id="2087" room="137" start="198" weeks="1111111111111"/>
    <class days="1000000" id="2088" room="149" start="192" weeks="1111111111111"/>
    <class days="0100000" id="2089" room="139" start="156" weeks="1111111111111"/>
    <class days="0010000" id="2090" room="138" start="120" weeks="1111111111111"/>
    <class days="1000000" id="2091" room="160" start="156" weeks="1111111111111"/>
    <class days="1000000" id="2092" room="138" start="180" weeks="1111111111111"/>
    <class days="0010000" id="2093" room="89" start="156" weeks="1111111111111"/>
    <class days="0010000" id="2094" room="121" start="108" weeks="1111111111111"/>
    <class days="0000100" id="2095" room="167" start="156" weeks="1111111111111"/>
    <class days="0100000" id="2096" room="130" start="108" weeks="1111111111111"/>
    <class days="0000100" id="2097" room="138" start="108" weeks="1111111111111"/>
    <class days="0001000" id="2098" room="131" start="180" weeks="1111111111111"/>
    <class days="0000100" id="2099" room="160" start="156" weeks="1111111111111"/>
    <class days="1000000" id="2100" room="136" start="108" weeks="1111111111111"/>
    <class days="0000100" id="2101" room="146" start="192" weeks="1111111111111"/>
    <class days="0010000" id="2102" room="190" start="192" weeks="1111111111111"/>
    <class days="0010000" id="2103" room="167" start="204" weeks="1111111111111"/>
    <class days="1000000" id="2104" room="140" start="132" weeks="1111111111111"/>
    <class days="0001000" id="2105" room="1" start="126" weeks="1111111111111"/>
    <class days="1000000" id="2106" room="204" start="192" weeks="1111111111111"/>
    <class days="0000100" id="2107" room="142" start="108" weeks="1111111111111"/>
    <class days="0100000" id="2108" room="154" start="174" weeks="1111111111111"/>
    <class days="0010000" id="2109" room="133" start="132" weeks="1111111111111"/>
    <class days="0000100" id="2110" room="202" start="198" weeks="1111111111111"/>
    <class days="0010000" id="2111" room="164" start="108" weeks="1111111111111"/>
    <class days="0100000" id="2112" room="135" start="108" weeks="1111111111111"/>
    <class days="0010000" id="2113" start="192" weeks="1111111111111"/>
    <class days="0000100" id="2114" start="114" weeks="1111111111111"/>
    <class days="0000100" id="2115" start="192" weeks="1111111111111"/>
    <class days="0010000" id="2116" start="108" weeks="1111111111111"/>
    <class days="0001000" id="2117" start="180" weeks="1111111111111"/>
    <class days="0001000" id="2118" start="192" weeks="1111111111111"/>
    <class days="0100000" id="2119" start="156" weeks="1111111111111"/>
    <class days="0100000" id="2120" start="126" weeks="1111111111111"/>
    <class days="0000100" id="2121" room="162" start="156" weeks="1111111111111"/>
    <class days="0001000" id="2122" room="136" start="120" weeks="1111111111111"/>
    <class days="0001000" id="2123" room="136" start="156" weeks="1111111111111"/>
    <class days="1000000" id="2124" room="163" start="108" weeks="1111111111111"/>
    <class days="1000000" id="2125" room="203" start="204" weeks="1111111111111"/>
    <class days="0100000" id="2126" room="161" start="180" weeks="1111111111111"/>
    <class days="0001000" id="2127" room="168" start="156" weeks="1111111111111"/>
    <class days="0010000" id="2128" room="94" start="204" weeks="1111111111111"/>
    <class days="1000000" id="2129" room="200" start="114" weeks="1111111111111"/>
    <class days="0000100" id="2130" room="3" start="168" weeks="1111111111111"/>
    <class days="0100000" id="2131" room="153" start="120" weeks="1111111111111"/>
    <class days="0001000" id="2132" room="155" start="108" weeks="1111111111111"/>
    <class days="1000000" id="2133" room="152" start="156" weeks="1111111111111"/>
    <class days="0100000" id="2134" room="152" start="156" weeks="1111111111111"/>
    <class days="0010000" id="2135" room="152" start="156" weeks="1111111111111"/>
    <class days="0001000" id="2136" room="152" start="156" weeks="1111111111111"/>
    <class days="0000100" id="2137" room="152" start="156" weeks="1111111111111"/>
    <class days="1000000" id="2138" room="152" start="108" weeks="1111111111111"/>
    <class days="0100000" id="2139" room="152" start="108" weeks="1111111111111"/>
    <class days="0010000" id="2140" room="152" start="108" weeks="1111111111111"/>
    <class days="0001000" id="2141" room="152" start="108" weeks="1111111111111"/>
    <class days="0000100" id="2142" room="152" start="108" weeks="1111111111111"/>
    <class days="1000000" id="2143" room="166" start="108" weeks="1111111111111"/>
    <class days="0100000" id="2144" room="166" start="108" weeks="1111111111111"/>
    <class days="0010000" id="2145" room="166" start="108" weeks="1111111111111"/>
    <class days="0001000" id="2146" room="166" start="108" weeks="1111111111111"/>
    <class days="0000100" id="2147" room="166" start="108" weeks="1111111111111"/>
    <class days="1000000" id="2148" room="128" start="108" weeks="1111111111111"/>
    <class days="0100000" id="2149" room="128" start="108" weeks="1111111111111"/>
    <class days="0010000" id="2150" room="128" start="108" weeks="1111111111111"/>
    <class days="0001000" id="2151" room="128" start="108" weeks="1111111111111"/>
    <class days="0000100" id="2152" room="128" start="108" weeks="1111111111111"/>
    <class days="0100000" id="2153" room="165" start="180" weeks="1111111111111"/>
    <class days="0010000" id="2154" room="146" start="180" weeks="1111111111111"/>
    <class days="0001000" id="2155" room="147" start="180" weeks="1111111111111"/>
    <class days="0100000" id="2156" room="163" start="126" weeks="1111111111111"/>
    <class days="0000100" id="2157" room="130" start="156" weeks="1111111111111"/>
    <class days="0100000" id="2158" room="192" start="204" weeks="1111111111111"/>
    <class days="1000000" id="2159" room="126" start="204" weeks="1111111111111"/>
    <class days="0001000" id="2160" room="43" start="108" weeks="1111111111111"/>
    <class days="0001000" id="2161" room="72" start="156" weeks="1111111111111"/>
    <class days="0001000" id="2162" room="57" start="132" weeks="1111111111111"/>
    <class days="0001000" id="2163" room="56" start="180" weeks="1111111111111"/>
    <class days="0001000" id="2164" room="38" start="144" weeks="1111111111111"/>
    <class days="0001000" id="2165" room="54" start="192" weeks="1111111111111"/>
    <class days="1000000" id="2166" room="38" start="108" weeks="1111111111111"/>
    <class days="0010000" id="2167" room="37" start="114" weeks="1111111111111"/>
    <class days="1000000" id="2168" room="55" start="132" weeks="1111111111111"/>
    <class days="1000000" id="2169" room="59" start="180" weeks="1111111111111"/>
    <class days="1000000" id="2170" room="49" start="144" weeks="1111111111111"/>
    <class days="1000000" id="2171" room="55" start="192" weeks="1111111111111"/>
    <class days="0010000" id="2172" room="45" start="108" weeks="1111111111111"/>
    <class days="0100000" id="2173" room="47" start="132" weeks="1111111111111"/>
    <class days="0100000" id="2174" room="118" start="108" weeks="1111111111111"/>
    <class days="0100000" id="2175" room="47" start="156" weeks="1111111111111"/>
    <class days="0100000" id="2176" room="48" start="108" weeks="1111111111111"/>
    <class days="0100000" id="2177" room="39" start="132" weeks="1111111111111"/>
    <class days="1000000" id="2178" room="44" start="108" weeks="1111111111111"/>
    <class days="1000000" id="2179" room="44" start="132" weeks="1111111111111"/>
    <class days="0100000" id="2180" room="116" start="156" weeks="1111111111111"/>
    <class days="0100000" id="2181" room="61" start="180" weeks="1111111111111"/>
    <class days="0010000" id="2182" room="47" start="156" weeks="1111111111111"/>
    <class days="0010000" id="2183" room="56" start="156" weeks="1111111111111"/>
    <class days="0010000" id="2184" room="47" start="180" weeks="1111111111111"/>
    <class days="0010000" id="2185" room="115" start="180" weeks="1111111111111"/>
    <class days="0001000" id="2186" room="58" start="108" weeks="1111111111111"/>
    <class days="0001000" id="2187" room="41" start="156" weeks="1111111111111"/>
    <class days="0001000" id="2188" room="47" start="132" weeks="1111111111111"/>
    <class days="0001000" id="2189" room="118" start="180" weeks="1111111111111"/>
    <class days="0010000" id="2190" room="60" start="156" weeks="1111111111111"/>
    <class days="0010000" id="2191" room="60" start="180" weeks="1111111111111"/>
    <class days="0001000" id="2192" room="114" start="108" weeks="1111111111111"/>
    <class days="0001000" id="2193" room="53" start="156" weeks="1111111111111"/>
    <class days="0001000" id="2194" room="113" start="132" weeks="1111111111111"/>
    <class days="0001000" id="2195" room="41" start="180" weeks="1111111111111"/>
    <class days="0000100" id="2196" room="197" start="108" weeks="1111111111111"/>
    <class days="0000100" id="2197" room="194" start="156" weeks="1111111111111"/>
    <class days="0000100" id="2198" room="197" start="132" weeks="1111111111111"/>
    <class days="0000100" id="2199" room="197" start="180" weeks="1111111111111"/>
    <class days="1000000" id="2200" room="56" start="156" weeks="1111111111111"/>
    <class days="1000000" id="2201" room="44" start="180" weeks="1111111111111"/>
    <class days="0100000" id="2202" room="151" start="156" weeks="1111111111111"/>
    <class days="0010000" id="2203" room="133" start="108" weeks="1111111111111"/>
    <class days="0010000" id="2204" room="3" start="108" weeks="1111111111111"/>
    <class days="0010000" id="2205" room="158" start="132" weeks="1111111111111"/>
    <class days="0000100" id="2206" room="156" start="108" weeks="1111111111111"/>
    <class days="0100000" id="2207" room="99" start="162" weeks="1111111111111"/>
    <class days="0001000" id="2208" room="199" start="156" weeks="1111111111111"/>
    <class days="1000000" id="2209" room="99" start="204" weeks="1111111111111"/>
    <class days="0000100" id="2210" room="139" start="108" weeks="1111111111111"/>
    <class days="0100000" id="2211" room="143" start="192" weeks="1111111111111"/>
    <class days="1000000" id="2212" room="146" start="180" weeks="1111111111111"/>
    <class days="0100000" id="2213" room="125" start="204" weeks="1111111111111"/>
    <class days="0100000" id="2214" room="192" start="180" weeks="1111111111111"/>
    <class days="0000100" id="2215" room="162" start="198" weeks="1111111111111"/>
    <class days="0010000" id="2216" room="155" start="168" weeks="1111111111111"/>
    <class days="0001000" id="2217" room="144" start="168" weeks="1111111111111"/>
    <class days="1000000" id="2218" room="184" start="180" weeks="1111111111111"/>
    <class days="0010000" id="2219" room="4" start="186" weeks="1111111111111"/>
    <class days="0000100" id="2220" room="161" start="114" weeks="1111111111111"/>
    <class days="1000000" id="2221" room="168" start="144" weeks="1111111111111"/>
    <class days="0001000" id="2222" room="157" start="114" weeks="1111111111111"/>
    <class days="0000100" id="2223" room="161" start="204" weeks="1111111111111"/>
    <class days="0010000" id="2224" room="144" start="192" weeks="1111111111111"/>
    <class days="0010000" id="2225" room="123" start="132" weeks="1111111111111"/>
    <class days="0001000" id="2226" room="89" start="234" weeks="1111111111111"/>
    <class days="0001000" id="2227" room="91" start="108" weeks="1111111111111"/>
    <class days="0000100" id="2228" room="123" start="174" weeks="1111111111111"/>
    <class days="0001000" id="2229" room="141" start="192" weeks="1111111111111"/>
    <class days="0000100" id="2230" room="161" start="168" weeks="1111111111111"/>
    <class days="0100000" id="2231" room="141" start="108" weeks="1111111111111"/>
    <class days="1000000" id="2232" room="119" start="108" weeks="1111111111111"/>
    <class days="0010000" id="2233" room="151" start="162" weeks="1111111111111"/>
    <class days="0000100" id="2234" room="138" start="246" weeks="1111111111111"/>
    <class days="0010000" id="2235" room="63" start="156" weeks="1111111111111"/>
    <class days="0000100" id="2236" room="132" start="180" weeks="1111111111111"/>
    <class days="0100000" id="2237" room="137" start="156" weeks="1111111111111"/>
    <class days="0010000" id="2238" room="99" start="108" weeks="1111111111111"/>
    <class days="0010000" id="2239" room="157" start="150" weeks="1111111111111"/>
    <class days="1000000" id="2240" room="165" start="114" weeks="1111111111111"/>
    <class days="0001000" id="2241" room="163" start="114" weeks="1111111111111"/>
    <class days="0100000" id="2242" room="168" start="114" weeks="1111111111111"/>
    <class days="0001000" id="2243" room="91" start="168" weeks="1111111111111"/>
    <class days="0100000" id="2244" room="140" start="156" weeks="1111111111111"/>
    <class days="0000100" id="2245" room="102" start="228" weeks="1111111111111"/>
    <class days="0010000" id="2246" room="192" start="144" weeks="1111111111111"/>
    <class days="0000100" id="2247" room="128" start="198" weeks="1111111111111"/>
    <class days="1000000" id="2248" room="190" start="114" weeks="1111111111111"/>
    <class days="0010000" id="2249" room="132" start="246" weeks="1111111111111"/>
    <class days="0100000" id="2250" room="119" start="156" weeks="1111111111111"/>
    <class days="0100000" id="2251" room="46" start="108" weeks="1111111111111"/>
    <class days="1000000" id="2252" room="56" start="192" weeks="1111111111111"/>
    <class days="1000000" id="2253" room="54" start="168" weeks="1111111111111"/>
    <class days="0010000" id="2254" room="54" start="192" weeks="1111111111111"/>
    <class days="0100000" id="2255" room="45" start="168" weeks="1111111111111"/>
    <class days="0010000" id="2256" room="38" start="192" weeks="1111111111111"/>
    <class days="0100000" id="2257" room="46" start="144" weeks="1111111111111"/>
    <class days="0001000" id="2258" room="59" start="192" weeks="1111111111111"/>
    <class days="0001000" id="2259" room="61" start="120" weeks="1111111111111"/>
    <class days="1000000" id="2260" room="38" start="228" weeks="1111111111111"/>
    <class days="0010000" id="2261" room="39" start="180" weeks="1111111111111"/>
    <class days="0010000" id="2262" room="56" start="216" weeks="1111111111111"/>
    <class days="1000000" id="2263" room="116" start="156" weeks="1111111111111"/>
    <class days="0001000" id="2264" room="57" start="216" weeks="1111111111111"/>
    <class days="1000000" id="2265" room="61" start="132" weeks="1111111111111"/>
    <class days="0100000" id="2266" room="48" start="192" weeks="1111111111111"/>
    <class days="0100000" id="2267" room="60" start="120" weeks="1111111111111"/>
    <class days="0000100" id="2268" room="56" start="192" weeks="1111111111111"/>
    <class days="0010000" id="2269" room="61" start="108" weeks="1111111111111"/>
    <class days="0010000" id="2270" room="53" start="192" weeks="1111111111111"/>
    <class days="0100000" id="2271" room="58" start="186" weeks="1111111111111"/>
    <class days="1000000" id="2272" room="45" start="192" weeks="1111111111111"/>
    <class days="0001000" id="2273" room="58" start="144" weeks="1111111111111"/>
    <class days="0100000" id="2274" room="46" start="186" weeks="1111111111111"/>
    <class days="1000000" id="2275" room="61" start="192" weeks="1111111111111"/>
    <class days="1000000" id="2276" room="39" start="108" weeks="1111111111111"/>
    <class days="0001000" id="2277" room="49" start="252" weeks="1111111111111"/>
    <class days="0001000" id="2278" room="42" start="180" weeks="1111111111111"/>
    <class days="0001000" id="2279" room="39" start="156" weeks="1111111111111"/>
    <class days="0001000" id="2280" room="114" start="156" weeks="1111111111111"/>
    <class days="1000000" id="2281" room="44" start="216" weeks="1111111111111"/>
    <class days="0010000" id="2282" room="72" start="162" weeks="1111111111111"/>
    <class days="0000100" id="2283" room="54" start="234" weeks="1111111111111"/>
    <class days="0000100" id="2284" room="42" start="150" weeks="1111111111111"/>
    <class days="0010000" id="2285" room="113" start="228" weeks="1111111111111"/>
    <class days="0001000" id="2286" room="55" start="132" weeks="1111111111111"/>
    <class days="0001000" id="2287" room="45" start="192" weeks="1111111111111"/>
    <class days="0000100" id="2288" room="199" start="138" weeks="1111111111111"/>
    <class days="0010000" id="2289" room="49" start="156" weeks="1111111111111"/>
    <class days="0100000" id="2290" room="114" start="216" weeks="1111111111111"/>
    <class days="0001000" id="2291" room="40" start="192" weeks="1111111111111"/>
    <class days="0010000" id="2292" room="40" start="114" weeks="1111111111111"/>
    <class days="0001000" id="2293" room="40" start="168" weeks="1111111111111"/>
    <class days="0010000" id="2294" room="40" start="138" weeks="1111111111111"/>
    <class days="0001000" id="2295" room="40" start="120" weeks="1111111111111"/>
    <class days="0010000" id="2296" room="40" start="186" weeks="1111111111111"/>
    <class days="0001000" id="2297" room="40" start="144" weeks="1111111111111"/>
    <class days="0010000" id="2298" room="40" start="162" weeks="1111111111111"/>
    <class days="0100000" id="2299" room="196" start="108" weeks="1111111111111"/>
    <class days="0010000" id="2300" room="196" start="132" weeks="1111111111111"/>
    <class days="0100000" id="2301" room="196" start="132" weeks="1111111111111"/>
    <class days="0010000" id="2302" room="196" start="108" weeks="1111111111111"/>
    <class days="0100000" id="2303" room="40" start="132" weeks="1111111111111"/>
    <class days="0100000" id="2304" room="40" start="120" weeks="1111111111111"/>
    <class days="0010000" id="2305" room="62" start="180" weeks="1111111111111"/>
    <class days="0010000" id="2306" room="62" start="192" weeks="1111111111111"/>
    <class days="0010000" id="2307" room="41" start="180" weeks="1111111111111"/>
    <class days="0010000" id="2308" room="41" start="192" weeks="1111111111111"/>
    <class days="0010000" id="2309" room="58" start="168" weeks="1111111111111"/>
    <class days="0000100" id="2310" room="41" start="204" weeks="1111111111111"/>
    <class days="0010000" id="2311" room="49" start="108" weeks="1111111111111"/>
    <class days="1000000" id="2312" room="40" start="108" weeks="1111111111111"/>
    <class days="1000000" id="2313" room="41" start="186" weeks="1111111111111"/>
    <class days="0100000" id="2314" room="194" start="108" weeks="1111111111111"/>
    <class days="0010000" id="2315" room="194" start="138" weeks="1111111111111"/>
    <class days="0100000" id="2316" room="196" start="156" weeks="1111111111111"/>
    <class days="0100000" id="2317" room="196" start="192" weeks="1111111111111"/>
    <class days="0010000" id="2318" room="196" start="156" weeks="1111111111111"/>
    <class days="1000000" id="2319" room="196" start="132" weeks="1111111111111"/>
    <class days="0010000" id="2320" room="196" start="204" weeks="1111111111111"/>
    <class days="1000000" id="2321" room="196" start="156" weeks="1111111111111"/>
    <class days="0001000" id="2322" room="196" start="108" weeks="1111111111111"/>
    <class days="0001000" id="2323" room="196" start="162" weeks="1111111111111"/>
    <class days="0000100" id="2324" room="113" start="114" weeks="1111111111111"/>
    <class days="0000100" id="2325" room="38" start="180" weeks="1111111111111"/>
    <class days="1000000" id="2326" room="199" start="132" weeks="1111111111111"/>
    <class days="0010000" id="2327" room="118" start="108" weeks="1111111111111"/>
    <class days="1000000" id="2328" room="60" start="192" weeks="1111111111111"/>
    <class days="0010000" id="2329" room="118" start="156" weeks="1111111111111"/>
    <class days="0001000" id="2330" room="48" start="114" weeks="1111111111111"/>
    <class days="0100000" id="2331" room="44" start="144" weeks="1111111111111"/>
    <class days="1000000" id="2332" room="48" start="144" weeks="1111111111111"/>
    <class days="1000000" id="2333" room="48" start="180" weeks="1111111111111"/>
    <class days="1000000" id="2334" room="43" start="144" weeks="1111111111111"/>
    <class days="1000000" id="2335" room="48" start="120" weeks="1111111111111"/>
    <class days="0010000" id="2336" room="114" start="114" weeks="1111111111111"/>
    <class days="1000000" id="2337" room="45" start="126" weeks="1111111111111"/>
    <class days="0100000" id="2338" room="42" start="108" weeks="1111111111111"/>
    <class days="0001000" id="2339" room="115" start="168" weeks="1111111111111"/>
    <class days="0001000" id="2340" room="39" start="204" weeks="1111111111111"/>
    <class days="0000100" id="2341" room="41" start="150" weeks="1111111111111"/>
    <class days="0000100" id="2342" room="113" start="186" weeks="1111111111111"/>
    <class days="0100000" id="2343" room="55" start="180" weeks="1111111111111"/>
    <class days="1000000" id="2344" room="58" start="156" weeks="1111111111111"/>
    <class days="0100000" id="2345" room="55" start="192" weeks="1111111111111"/>
    <class days="1000000" id="2346" room="58" start="168" weeks="1111111111111"/>
    <class days="0000100" id="2347" room="55" start="204" weeks="1111111111111"/>
    <class days="1000000" id="2348" room="54" start="108" weeks="1111111111111"/>
    <class days="1000000" id="2349" room="39" start="198" weeks="1111111111111"/>
    <class days="1000000" id="2350" room="37" start="132" weeks="1111111111111"/>
    <class days="0001000" id="2351" room="114" start="204" weeks="1111111111111"/>
    <class days="0001000" id="2352" room="115" start="108" weeks="1111111111111"/>
    <class days="0100000" id="2353" room="53" start="108" weeks="1111111111111"/>
    <class days="1000000" id="2354" room="37" start="108" weeks="1111111111111"/>
    <class days="0010000" id="2355" room="39" start="156" weeks="1111111111111"/>
    <class days="0000100" id="2356" room="56" start="114" weeks="1111111111111"/>
    <class days="0100000" id="2357" room="114" start="132" weeks="1111111111111"/>
    <class days="0001000" id="2358" room="118" start="132" weeks="1111111111111"/>
    <class days="0010000" id="2359" room="59" start="132" weeks="1111111111111"/>
    <class days="0001000" id="2360" room="45" start="156" weeks="1111111111111"/>
    <class days="0010000" id="2361" room="59" start="120" weeks="1111111111111"/>
    <class days="0001000" id="2362" room="45" start="180" weeks="1111111111111"/>
    <class days="0100000" id="2363" room="53" start="180" weeks="1111111111111"/>
    <class days="0010000" id="2364" room="58" start="126" weeks="1111111111111"/>
    <class days="0000100" id="2365" room="193" start="108" weeks="1111111111111"/>
    <class days="0100000" id="2366" room="193" start="162" weeks="1111111111111"/>
    <class days="0000100" id="2367" room="193" start="132" weeks="1111111111111"/>
    <class days="0100000" id="2368" room="193" start="186" weeks="1111111111111"/>
    <class days="1000000" id="2369" room="54" start="132" weeks="1111111111111"/>
    <class days="1000000" id="2370" room="61" start="162" weeks="1111111111111"/>
    <class days="0100000" id="2371" room="115" start="192" weeks="1111111111111"/>
    <class days="1000000" id="2372" room="59" start="192" weeks="1111111111111"/>
    <class days="0010000" id="2373" room="39" start="120" weeks="1111111111111"/>
    <class days="0000100" id="2374" room="37" start="114" weeks="1111111111111"/>
    <class days="0001000" id="2375" room="44" start="198" weeks="1111111111111"/>
    <class days="0010000" id="2376" room="45" start="180" weeks="1111111111111"/>
    <class days="0010000" id="2377" room="115" start="108" weeks="1111111111111"/>
    <class days="0100000" id="2378" room="55" start="156" weeks="1111111111111"/>
    <class days="0010000" id="2379" room="113" start="180" weeks="1111111111111"/>
    <class days="0001000" id="2380" room="60" start="108" weeks="1111111111111"/>
    <class days="1000000" id="2381" room="43" start="192" weeks="1111111111111"/>
    <class days="0010000" id="2382" room="115" start="138" weeks="1111111111111"/>
    <class days="0100000" id="2383" room="41" start="204" weeks="1111111111111"/>
    <class days="0100000" id="2384" room="115" start="108" weeks="1111111111111"/>
    <class days="0100000" id="2385" room="54" start="156" weeks="1111111111111"/>
    <class days="0001000" id="2386" room="46" start="168" weeks="1111111111111"/>
    <class days="0001000" id="2387" room="48" start="168" weeks="1111111111111"/>
    <class days="1000000" id="2388" room="118" start="150" weeks="1111111111111"/>
    <class days="0100000" id="2389" room="44" start="246" weeks="1111111111111"/>
    <class days="1000000" id="2390" room="38" start="192" weeks="1111111111111"/>
    <class days="1000000" id="2391" room="56" start="132" weeks="1111111111111"/>
    <class days="0010000" id="2392" room="53" start="132" weeks="1111111111111"/>
    <class days="0010000" id="2393" room="57" start="132" weeks="1111111111111"/>
    <class days="0010000" id="2394" room="55" start="108" weeks="1111111111111"/>
    <class days="0001000" id="2395" room="54" start="168" weeks="1111111111111"/>
    <class days="0100000" id="2396" room="113" start="132" weeks="1111111111111"/>
    <class days="0100000" id="2397" room="54" start="228" weeks="1111111111111"/>
    <class days="0010000" id="2398" room="38" start="156" weeks="1111111111111"/>
    <class days="0100000" id="2399" room="43" start="132" weeks="1111111111111"/>
    <class days="0001000" id="2400" room="43" start="132" weeks="1111111111111"/>
    <class days="1000000" id="2401" room="56" start="108" weeks="1111111111111"/>
    <class days="0010000" id="2402" room="118" start="132" weeks="1111111111111"/>
    <class days="1000000" id="2403" room="114" start="174" weeks="1111111111111"/>
    <class days="1000000" id="2404" room="113" start="132" weeks="1111111111111"/>
    <class days="0001000" id="2405" room="38" start="198" weeks="1111111111111"/>
    <class days="1000000" id="2406" room="49" start="162" weeks="1111111111111"/>
    <class days="0010000" id="2407" room="116" start="108" weeks="1111111111111"/>
    <class days="0001000" id="2408" room="44" start="108" weeks="1111111111111"/>
    <class days="1000000" id="2409" room="118" start="192" weeks="1111111111111"/>
    <class days="0100000" id="2410" room="53" start="144" weeks="1111111111111"/>
    <class days="0001000" id="2411" room="48" start="252" weeks="1111111111111"/>
    <class days="0000100" id="2412" room="118" start="174" weeks="1111111111111"/>
    <class days="0100000" id="2413" room="60" start="180" weeks="1111111111111"/>
    <class days="0010000" id="2414" room="59" start="168" weeks="1111111111111"/>
    <class days="0001000" id="2415" room="56" start="120" weeks="1111111111111"/>
    <class days="1000000" id="2416" room="116" start="132" weeks="1111111111111"/>
    <class days="0010000" id="2417" room="61" start="126" weeks="1111111111111"/>
    <class days="0001000" id="2418" room="116" start="192" weeks="1111111111111"/>
    <class days="1000000" id="2419" room="49" start="186" weeks="1111111111111"/>
    <class days="0100000" id="2420" room="59" start="168" weeks="1111111111111"/>
    <class days="0000100" id="2421" room="199" start="114" weeks="1111111111111"/>
    <class days="0010000" id="2422" room="140" start="168" weeks="1111111111111"/>
    <class days="1000000" id="2423" room="102" start="168" weeks="1111111111111"/>
    <class days="0010000" id="2424" room="175" start="156" weeks="1111111111111"/>
    <class days="1000000" id="2425" room="175" start="204" weeks="1111111111111"/>
    <class days="0010000" id="2426" room="175" start="132" weeks="1111111111111"/>
    <class days="1000000" id="2427" room="175" start="216" weeks="1111111111111"/>
    <class days="0100000" id="2428" room="202" start="180" weeks="1111111111111"/>
    <class days="0000100" id="2429" room="140" start="198" weeks="1111111111111"/>
    <class days="0100000" id="2430" room="139" start="204" weeks="1111111111111"/>
    <class days="1000000" id="2431" room="175" start="108" weeks="1111111111111"/>
    <class days="1000000" id="2432" room="175" start="120" weeks="1111111111111"/>
    <class days="0100000" id="2433" room="199" start="120" weeks="1111111111111"/>
    <class days="1000000" id="2434" room="135" start="162" weeks="1111111111111"/>
    <class days="0010000" id="2435" room="140" start="138" weeks="1111111111111"/>
    <class days="0001000" id="2436" room="204" start="198" weeks="1111111111111"/>
    <class days="0001000" id="2437" room="175" start="120" weeks="1111111111111"/>
    <class days="0001000" id="2438" room="175" start="132" weeks="1111111111111"/>
    <class days="0000100" id="2439" room="133" start="162" weeks="1111111111111"/>
    <class days="0010000" id="2440" room="174" start="180" weeks="1111111111111"/>
    <class days="0010000" id="2441" room="174" start="192" weeks="1111111111111"/>
    <class days="0000100" id="2442" room="205" start="192" weeks="1111111111111"/>
    <class days="0000100" id="2443" room="205" start="204" weeks="1111111111111"/>
    <class days="0010000" id="2444" room="191" start="108" weeks="1111111111111"/>
    <class days="0001000" id="2445" room="191" start="144" weeks="1111111111111"/>
    <class days="0010000" id="2446" room="191" start="216" weeks="1111111111111"/>
    <class days="0010000" id="2447" room="191" start="132" weeks="1111111111111"/>
    <class days="0001000" id="2448" room="191" start="168" weeks="1111111111111"/>
    <class days="0010000" id="2449" room="191" start="240" weeks="1111111111111"/>
    <class days="1000000" id="2450" room="52" start="108" weeks="1111111111111"/>
    <class days="0100000" id="2451" room="52" start="228" weeks="1111111111111"/>
    <class days="1000000" id="2452" room="52" start="132" weeks="1111111111111"/>
    <class days="0100000" id="2453" room="52" start="252" weeks="1111111111111"/>
    <class days="0100000" id="2454" room="52" start="108" weeks="1111111111111"/>
    <class days="0001000" id="2455" room="52" start="240" weeks="1111111111111"/>
    <class days="0100000" id="2456" room="52" start="120" weeks="1111111111111"/>
    <class days="0001000" id="2457" room="52" start="252" weeks="1111111111111"/>
    <class days="0001000" id="2458" room="193" start="108" weeks="1111111111111"/>
    <class days="1000000" id="2459" room="194" start="204" weeks="1111111111111"/>
    <class days="0001000" id="2460" room="193" start="120" weeks="1111111111111"/>
    <class days="1000000" id="2461" room="194" start="216" weeks="1111111111111"/>
    <class days="0010000" id="2462" room="52" start="108" weeks="1111111111111"/>
    <class days="0010000" id="2463" room="52" start="132" weeks="1111111111111"/>
    <class days="0010000" id="2464" room="50" start="156" weeks="1111111111111"/>
    <class days="1000000" id="2465" room="52" start="240" weeks="1111111111111"/>
    <class days="0010000" id="2466" room="194" start="192" weeks="1111111111111"/>
    <class days="0100000" id="2467" room="194" start="156" weeks="1111111111111"/>
    <class days="0100000" id="2468" room="194" start="192" weeks="1111111111111"/>
    <class days="0100000" id="2469" room="194" start="168" weeks="1111111111111"/>
    <class days="0100000" id="2470" room="194" start="204" weeks="1111111111111"/>
    <class days="1000000" id="2471" room="62" start="156" weeks="1111111111111"/>
    <class days="0001000" id="2472" room="62" start="192" weeks="1111111111111"/>
    <class days="1000000" id="2473" room="62" start="180" weeks="1111111111111"/>
    <class days="0001000" id="2474" room="62" start="216" weeks="1111111111111"/>
    <class days="0010000" id="2475" room="49" start="192" weeks="1111111111111"/>
    <class days="1000000" id="2476" room="193" start="108" weeks="1111111111111"/>
    <class days="1000000" id="2477" room="193" start="132" weeks="1111111111111"/>
    <class days="1000000" id="2478" room="193" start="228" weeks="1111111111111"/>
    <class days="0010000" id="2479" room="194" start="156" weeks="1111111111111"/>
    <class days="0001000" id="2480" room="194" start="108" weeks="1111111111111"/>
    <class days="0001000" id="2481" room="194" start="192" weeks="1111111111111"/>
    <class days="0010000" id="2482" room="194" start="180" weeks="1111111111111"/>
    <class days="0001000" id="2483" room="194" start="132" weeks="1111111111111"/>
    <class days="0001000" id="2484" room="194" start="216" weeks="1111111111111"/>
    <class days="0100000" id="2485" room="191" start="144" weeks="1111111111111"/>
    <class days="0100000" id="2486" room="50" start="144" weeks="1111111111111"/>
    <class days="0100000" id="2487" room="52" start="144" weeks="1111111111111"/>
    <class days="0100000" id="2488" room="191" start="168" weeks="1111111111111"/>
    <class days="0100000" id="2489" room="50" start="168" weeks="1111111111111"/>
    <class days="0100000" id="2490" room="52" start="168" weeks="1111111111111"/>
    <class days="0100000" id="2491" room="52" start="192" weeks="1111111111111"/>
    <class days="0100000" id="2492" room="62" start="216" weeks="1111111111111"/>
    <class days="0001000" id="2493" room="52" start="108" weeks="1111111111111"/>
    <class days="0010000" id="2494" room="62" start="144" weeks="1111111111111"/>
    <class days="0001000" id="2495" room="191" start="228" weeks="1111111111111"/>
    <class days="0001000" id="2496" room="52" start="132" weeks="1111111111111"/>
    <class days="0010000" id="2497" room="52" start="168" weeks="1111111111111"/>
    <class days="0001000" id="2498" room="62" start="252" weeks="1111111111111"/>
    <class days="0100000" id="2499" room="62" start="108" weeks="1111111111111"/>
    <class days="0100000" id="2500" room="50" start="108" weeks="1111111111111"/>
    <class days="0100000" id="2501" room="62" start="240" weeks="1111111111111"/>
    <class days="0100000" id="2502" room="62" start="132" weeks="1111111111111"/>
    <class days="0100000" id="2503" room="50" start="132" weeks="1111111111111"/>
    <class days="0100000" id="2504" room="62" start="264" weeks="1111111111111"/>
    <class days="1000000" id="2505" room="193" start="156" weeks="1111111111111"/>
    <class days="1000000" id="2506" room="193" start="180" weeks="1111111111111"/>
    <class days="0010000" id="2507" room="193" start="216" weeks="1111111111111"/>
    <class days="1000000" id="2508" room="194" start="180" weeks="1111111111111"/>
    <class days="1000000" id="2509" room="194" start="156" weeks="1111111111111"/>
    <class days="1000000" id="2510" room="193" start="204" weeks="1111111111111"/>
    <class days="1000000" id="2511" room="194" start="192" weeks="1111111111111"/>
    <class days="1000000" id="2512" room="194" start="168" weeks="1111111111111"/>
    <class days="1000000" id="2513" room="193" start="216" weeks="1111111111111"/>
    <class days="0000100" id="2514" room="194" start="180" weeks="1111111111111"/>
    <class days="0010000" id="2515" room="61" start="192" weeks="1111111111111"/>
    <class days="1000000" id="2516" room="115" start="162" weeks="1111111111111"/>
    <class days="1000000" id="2517" room="43" start="216" weeks="1111111111111"/>
    <class days="0010000" id="2518" room="56" start="126" weeks="1111111111111"/>
    <class days="0010000" id="2519" room="57" start="168" weeks="1111111111111"/>
    <class days="0100000" id="2520" room="45" start="192" weeks="1111111111111"/>
    <class days="0010000" id="2521" room="116" start="144" weeks="1111111111111"/>
    <class days="0100000" id="2522" room="113" start="108" weeks="1111111111111"/>
    <class days="0100000" id="2523" room="42" start="192" weeks="1111111111111"/>
    <class days="0010000" id="2524" room="37" start="180" weeks="1111111111111"/>
    <class days="1000000" id="2525" room="53" start="216" weeks="1111111111111"/>
    <class days="0100000" id="2526" room="114" start="180" weeks="1111111111111"/>
    <class days="1000000" id="2527" room="59" start="240" weeks="1111111111111"/>
    <class days="1000000" id="2528" room="72" start="114" weeks="1111111111111"/>
    <class days="0010000" id="2529" room="41" start="228" weeks="1111111111111"/>
    <class days="1000000" id="2530" room="38" start="156" weeks="1111111111111"/>
    <class days="0010000" id="2531" room="57" start="192" weeks="1111111111111"/>
    <class days="1000000" id="2532" room="39" start="180" weeks="1111111111111"/>
    <class days="0010000" id="2533" room="48" start="192" weeks="1111111111111"/>
    <class days="0100000" id="2534" room="42" start="144" weeks="1111111111111"/>
    <class days="0100000" id="2535" room="43" start="180" weeks="1111111111111"/>
    <class days="0001000" id="2536" room="46" start="192" weeks="1111111111111"/>
    <class days="0100000" id="2537" room="113" start="180" weeks="1111111111111"/>
    <class days="1000000" id="2538" room="45" start="156" weeks="1111111111111"/>
    <class days="0100000" id="2539" room="54" start="204" weeks="1111111111111"/>
    <class days="1000000" id="2540" room="39" start="144" weeks="1111111111111"/>
    <class days="0010000" id="2541" room="118" start="192" weeks="1111111111111"/>
    <class days="1000000" id="2542" room="53" start="114" weeks="1111111111111"/>
    <class days="0100000" id="2543" room="38" start="144" weeks="1111111111111"/>
    <class days="0100000" id="2544" room="38" start="120" weeks="1111111111111"/>
    <class days="0010000" id="2545" room="54" start="108" weeks="1111111111111"/>
    <class days="1000000" id="2546" room="115" start="108" weeks="1111111111111"/>
    <class days="0100000" id="2547" room="114" start="156" weeks="1111111111111"/>
    <class days="1000000" id="2548" room="55" start="108" weeks="1111111111111"/>
    <class days="0010000" id="2549" room="41" start="156" weeks="1111111111111"/>
    <class days="0001000" id="2550" room="72" start="180" weeks="1111111111111"/>
    <class days="0100000" id="2551" room="48" start="156" weeks="1111111111111"/>
    <class days="0010000" id="2552" room="116" start="168" weeks="1111111111111"/>
    <class days="0100000" id="2553" room="47" start="192" weeks="1111111111111"/>
    <class days="0001000" id="2554" room="67" start="156" weeks="1111111111111"/>
    <class days="0001000" id="2555" room="61" start="192" weeks="1111111111111"/>
    <class days="0001000" id="2556" room="47" start="162" weeks="1111111111111"/>
    <class days="1000000" id="2557" room="47" start="168" weeks="1111111111111"/>
    <class days="1000000" id="2558" room="116" start="108" weeks="1111111111111"/>
    <class days="0100000" id="2559" room="67" start="156" weeks="1111111111111"/>
    <class days="0100000" id="2560" room="116" start="108" weeks="1111111111111"/>
    <class days="0001000" id="2561" room="67" start="108" weeks="1111111111111"/>
    <class days="1000000" id="2562" room="67" start="108" weeks="1111111111111"/>
    <class days="1000000" id="2563" room="67" start="132" weeks="1111111111111"/>
    <class days="0100000" id="2564" room="67" start="186" weeks="1111111111111"/>
    <class days="1000000" id="2565" room="67" start="156" weeks="1111111111111"/>
    <class days="0010000" id="2566" room="67" start="114" weeks="1111111111111"/>
    <class days="0010000" id="2567" room="67" start="156" weeks="1111111111111"/>
    <class days="0100000" id="2568" room="67" start="114" weeks="1111111111111"/>
    <class days="0001000" id="2569" room="116" start="150" weeks="1111111111111"/>
    <class days="0001000" id="2570" room="67" start="192" weeks="1111111111111"/>
    <class days="0001000" id="2571" room="49" start="180" weeks="1111111111111"/>
    <class days="0100000" id="2572" room="57" start="120" weeks="1111111111111"/>
    <class days="0001000" id="2573" room="49" start="108" weeks="1111111111111"/>
    <class days="0100000" id="2574" room="38" start="156" weeks="1111111111111"/>
    <class days="0010000" id="2575" room="60" start="114" weeks="1111111111111"/>
    <class days="0010000" id="2576" room="58" start="192" weeks="1111111111111"/>
    <class days="0100000" id="2577" room="37" start="180" weeks="1111111111111"/>
    <class days="0010000" id="2578" room="37" start="156" weeks="1111111111111"/>
    <class days="0010000" id="2579" room="194" start="108" weeks="1111111111111"/>
    <class days="0100000" id="2580" room="58" start="150" weeks="1111111111111"/>
    <class days="0001000" id="2581" room="116" start="114" weeks="1111111111111"/>
    <class days="0001000" id="2582" room="199" start="114" weeks="1111111111111"/>
    <class days="0001000" id="2583" room="194" start="144" weeks="1111111111111"/>
    <class days="1000000" id="2584" room="58" start="204" weeks="1111111111111"/>
    <class days="0010000" id="2585" room="199" start="108" weeks="1111111111111"/>
    <class days="0010000" id="2586" room="53" start="156" weeks="1111111111111"/>
    <class days="0001000" id="2587" room="57" start="192" weeks="1111111111111"/>
    <class days="0010000" id="2588" room="46" start="132" weeks="1111111111111"/>
    <class days="0100000" id="2589" room="38" start="204" weeks="1111111111111"/>
    <class days="0100000" id="2590" room="59" start="108" weeks="1111111111111"/>
    <class days="0100000" id="2591" room="163" start="222" weeks="1111111111111"/>
    <class days="0100000" id="2592" room="163" start="186" weeks="1111111111111"/>
    <class days="0010000" id="2593" room="162" start="126" weeks="1111111111111"/>
    <class days="0100000" id="2594" room="159" start="150" weeks="1111111111111"/>
    <class days="0001000" id="2595" room="162" start="156" weeks="1111111111111"/>
    <class days="0001000" id="2596" room="162" start="192" weeks="1111111111111"/>
    <class days="0001000" id="2597" room="144" start="120" weeks="1111111111111"/>
    <class days="1000000" id="2598" room="1" start="114" weeks="1111111111111"/>
    <class days="0000100" id="2599" room="126" start="144" weeks="1111111111111"/>
    <class days="0100000" id="2600" room="151" start="108" weeks="1111111111111"/>
    <class days="0000100" id="2601" room="99" start="186" weeks="1111111111111"/>
    <class days="1000000" id="2602" room="199" start="180" weeks="1111111111111"/>
    <class days="0010000" id="2603" room="165" start="120" weeks="1111111111111"/>
    <class days="0000100" id="2604" room="129" start="156" weeks="1111111111111"/>
    <class days="1000000" id="2605" room="129" start="192" weeks="1111111111111"/>
    <class days="0100000" id="2606" room="150" start="132" weeks="1111111111111"/>
    <class days="0010000" id="2607" room="161" start="204" weeks="1111111111111"/>
    <class days="1000000" id="2608" room="101" start="132" weeks="1111111111111"/>
    <class days="1000000" id="2609" room="101" start="108" weeks="1111111111111"/>
    <class days="0001000" id="2610" room="151" start="108" weeks="1111111111111"/>
    <class days="0100000" id="2611" room="133" start="144" weeks="1111111111111"/>
    <class days="1000000" id="2612" room="91" start="204" weeks="1111111111111"/>
    <class days="1000000" id="2613" room="91" start="180" weeks="1111111111111"/>
    <class days="0001000" id="2614" room="146" start="192" weeks="1111111111111"/>
    <class days="0100000" id="2615" room="146" start="180" weeks="1111111111111"/>
    <class days="0100000" id="2616" room="146" start="204" weeks="1111111111111"/>
    <class days="0001000" id="2617" room="143" start="114" weeks="1111111111111"/>
    <class days="0100000" id="2618" room="149" start="108" weeks="1111111111111"/>
    <class days="0100000" id="2619" room="91" start="192" weeks="1111111111111"/>
    <class days="0010000" id="2620" room="156" start="186" weeks="1111111111111"/>
    <class days="0010000" id="2621" room="156" start="162" weeks="1111111111111"/>
    <class days="0100000" id="2622" room="99" start="120" weeks="1111111111111"/>
    <class days="1000000" id="2623" room="158" start="114" weeks="1111111111111"/>
    <class days="0100000" id="2624" room="165" start="156" weeks="1111111111111"/>
    <class days="0001000" id="2625" room="134" start="108" weeks="1111111111111"/>
    <class days="1000000" id="2626" room="192" start="156" weeks="1111111111111"/>
    <class days="0010000" id="2627" room="101" start="126" weeks="1111111111111"/>
    <class days="0001000" id="2628" room="1" start="156" weeks="1111111111111"/>
    <class days="0001000" id="2629" room="94" start="144" weeks="1111111111111"/>
    <class days="0000100" id="2630" room="129" start="114" weeks="1111111111111"/>
    <class days="0001000" id="2631" room="92" start="150" weeks="1111111111111"/>
    <class days="0001000" id="2632" room="154" start="168" weeks="1111111111111"/>
    <class days="0001000" id="2633" room="154" start="132" weeks="1111111111111"/>
    <class days="0010000" id="2634" room="166" start="186" weeks="1111111111111"/>
    <class days="0010000" id="2635" room="149" start="114" weeks="1111111111111"/>
    <class days="1000000" id="2636" room="137" start="120" weeks="1111111111111"/>
    <class days="0100000" id="2637" room="143" start="234" weeks="1111111111111"/>
    <class days="1000000" id="2638" room="149" start="132" weeks="1111111111111"/>
    <class days="0001000" id="2639" room="137" start="180" weeks="1111111111111"/>
    <class days="1000000" id="2640" room="90" start="108" weeks="1111111111111"/>
    <class days="0001000" id="2641" room="135" start="252" weeks="1111111111111"/>
    <class days="0000100" id="2642" room="156" start="168" weeks="1111111111111"/>
    <class days="1000000" id="2643" start="174" weeks="1111111111111"/>
    <class days="1000000" id="2644" room="137" start="192" weeks="1111111111111"/>
    <class days="0010000" id="2645" room="134" start="114" weeks="1111111111111"/>
    <class days="0000100" id="2646" room="131" start="168" weeks="1111111111111"/>
    <class days="0001000" id="2647" room="154" start="234" weeks="1111111111111"/>
    <class days="0000100" id="2648" room="136" start="114" weeks="1111111111111"/>
    <class days="0001000" id="2649" room="140" start="132" weeks="1111111111111"/>
    <class days="1000000" id="2650" room="4" start="150" weeks="1111111111111"/>
    <class days="0100000" id="2651" room="132" start="144" weeks="1111111111111"/>
    <class days="0010000" id="2652" room="142" start="108" weeks="1111111111111"/>
    <class days="1000000" id="2653" room="164" start="120" weeks="1111111111111"/>
    <class days="0100000" id="2654" room="138" start="126" weeks="1111111111111"/>
    <class days="0100000" id="2655" room="131" start="138" weeks="1111111111111"/>
    <class days="1000000" id="2656" room="188" start="240" weeks="1111111111111"/>
    <class days="0100000" id="2657" room="98" start="156" weeks="1111111111111"/>
    <class days="0100000" id="2658" room="98" start="108" weeks="1111111111111"/>
    <class days="0100000" id="2659" start="108" weeks="1111111111111"/>
    <class days="0100000" id="2660" start="108" weeks="1111111111111"/>
    <class days="0100000" id="2661" start="156" weeks="1111111111111"/>
    <class days="0100000" id="2662" start="156" weeks="1111111111111"/>
    <class days="0100000" id="2663" room="98" start="180" weeks="1111111111111"/>
    <class days="0100000" id="2664" room="98" start="132" weeks="1111111111111"/>
    <class days="0100000" id="2665" start="132" weeks="1111111111111"/>
    <class days="0100000" id="2666" start="132" weeks="1111111111111"/>
    <class days="0100000" id="2667" start="180" weeks="1111111111111"/>
    <class days="0100000" id="2668" start="180" weeks="1111111111111"/>
    <class days="0000100" id="2669" room="98" start="156" weeks="1111111111111"/>
    <class days="0000100" id="2670" room="98" start="108" weeks="1111111111111"/>
    <class days="0000100" id="2671" start="108" weeks="1111111111111"/>
    <class days="0000100" id="2672" start="108" weeks="1111111111111"/>
    <class days="0000100" id="2673" start="156" weeks="1111111111111"/>
    <class days="0000100" id="2674" start="156" weeks="1111111111111"/>
    <class days="0100000" id="2675" start="156" weeks="1111111111111"/>
    <class days="0100000" id="2676" start="108" weeks="1111111111111"/>
    <class days="0100000" id="2677" start="108" weeks="1111111111111"/>
    <class days="0100000" id="2678" start="156" weeks="1111111111111"/>
    <class days="0100000" id="2679" start="156" weeks="1111111111111"/>
    <class days="0100000" id="2680" start="108" weeks="1111111111111"/>
    <class days="0100000" id="2681" start="180" weeks="1111111111111"/>
    <class days="0100000" id="2682" start="132" weeks="1111111111111"/>
    <class days="0100000" id="2683" start="132" weeks="1111111111111"/>
    <class days="0100000" id="2684" start="180" weeks="1111111111111"/>
    <class days="0100000" id="2685" start="180" weeks="1111111111111"/>
    <class days="0100000" id="2686" start="132" weeks="1111111111111"/>
    <class days="0000100" id="2687" start="156" weeks="1111111111111"/>
    <class days="0000100" id="2688" start="108" weeks="1111111111111"/>
    <class days="0000100" id="2689" start="108" weeks="1111111111111"/>
    <class days="0000100" id="2690" start="156" weeks="1111111111111"/>
    <class days="0000100" id="2691" start="156" weeks="1111111111111"/>
    <class days="0000100" id="2692" start="108" weeks="1111111111111"/>
    <class days="0100000" id="2693" room="208" start="108" weeks="1111111111111"/>
    <class days="0100000" id="2694" start="108" weeks="1111111111111"/>
    <class days="0100000" id="2695" start="108" weeks="1111111111111"/>
    <class days="0100000" id="2696" start="108" weeks="1111111111111"/>
    <class days="0100000" id="2697" start="108" weeks="1111111111111"/>
    <class days="0100000" id="2698" room="208" start="132" weeks="1111111111111"/>
    <class days="0100000" id="2699" start="132" weeks="1111111111111"/>
    <class days="0100000" id="2700" start="132" weeks="1111111111111"/>
    <class days="0100000" id="2701" start="132" weeks="1111111111111"/>
    <class days="0100000" id="2702" start="132" weeks="1111111111111"/>
    <class days="0000100" id="2703" room="100" start="108" weeks="1111111111111"/>
    <class days="0000100" id="2704" start="108" weeks="1111111111111"/>
    <class days="0000100" id="2705" start="108" weeks="1111111111111"/>
    <class days="0000100" id="2706" start="108" weeks="1111111111111"/>
    <class days="0000100" id="2707" start="108" weeks="1111111111111"/>
    <class days="0100000" id="2708" start="108" weeks="1111111111111"/>
    <class days="0100000" id="2709" start="108" weeks="1111111111111"/>
    <class days="0100000" id="2710" start="108" weeks="1111111111111"/>
    <class days="0100000" id="2711" start="108" weeks="1111111111111"/>
    <class days="0100000" id="2712" start="108" weeks="1111111111111"/>
    <class days="0100000" id="2713" start="132" weeks="1111111111111"/>
    <class days="0100000" id="2714" start="132" weeks="1111111111111"/>
    <class days="0100000" id="2715" start="132" weeks="1111111111111"/>
    <class days="0100000" id="2716" start="132" weeks="1111111111111"/>
    <class days="0100000" id="2717" start="132" weeks="1111111111111"/>
    <class days="0000100" id="2718" start="108" weeks="1111111111111"/>
    <class days="0000100" id="2719" start="108" weeks="1111111111111"/>
    <class days="0000100" id="2720" start="108" weeks="1111111111111"/>
    <class days="0000100" id="2721" start="108" weeks="1111111111111"/>
    <class days="0000100" id="2722" start="108" weeks="1111111111111"/>
    <class days="0100000" id="2723" room="6" start="108" weeks="1111111111111"/>
    <class days="0100000" id="2724" start="108" weeks="1111111111111"/>
    <class days="0100000" id="2725" start="108" weeks="1111111111111"/>
    <class days="0100000" id="2726" room="100" start="132" weeks="1111111111111"/>
    <class days="0100000" id="2727" start="132" weeks="1111111111111"/>
    <class days="0100000" id="2728" start="132" weeks="1111111111111"/>
    <class days="0000100" id="2729" room="6" start="108" weeks="1111111111111"/>
    <class days="0000100" id="2730" start="108" weeks="1111111111111"/>
    <class days="0000100" id="2731" start="108" weeks="1111111111111"/>
    <class days="0100000" id="2732" start="108" weeks="1111111111111"/>
    <class days="0100000" id="2733" start="108" weeks="1111111111111"/>
    <class days="0100000" id="2734" start="108" weeks="1111111111111"/>
    <class days="0100000" id="2735" start="132" weeks="1111111111111"/>
    <class days="0100000" id="2736" start="132" weeks="1111111111111"/>
    <class days="0100000" id="2737" start="132" weeks="1111111111111"/>
    <class days="0000100" id="2738" start="108" weeks="1111111111111"/>
    <class days="0000100" id="2739" start="108" weeks="1111111111111"/>
    <class days="0000100" id="2740" start="108" weeks="1111111111111"/>
    <class days="0100000" id="2741" room="100" start="108" weeks="1111111111111"/>
    <class days="0100000" id="2742" start="132" weeks="1111111111111"/>
    <class days="0000100" id="2743" room="5" start="108" weeks="1111111111111"/>
    <class days="0010000" id="2744" room="188" start="108" weeks="1111111111111"/>
    <class days="0100000" id="2745" room="188" start="120" weeks="1111111111111"/>
    <class days="1000000" id="2746" room="189" start="156" weeks="1111111111111"/>
    <class days="1000000" id="2747" room="157" start="192" weeks="1111111111111"/>
    <class days="0001000" id="2748" room="149" start="180" weeks="1111111111111"/>
    <class days="0001000" id="2749" room="168" start="108" weeks="1111111111111"/>
    <class days="0100000" id="2750" room="111" start="186" weeks="1111111111111"/>
    <class days="0001000" id="2751" room="188" start="120" weeks="1111111111111"/>
    <class days="1000000" id="2752" room="109" start="168" weeks="1111111111111"/>
    <class days="0010000" id="2753" room="91" start="192" weeks="1111111111111"/>
    <class days="0001000" id="2754" room="155" start="192" weeks="1111111111111"/>
    <class days="0010000" id="2755" room="136" start="108" weeks="1111111111111"/>
    <class days="0010000" id="2756" room="98" start="156" weeks="1111111111111"/>
    <class days="0010000" id="2757" start="156" weeks="1111111111111"/>
    <class days="0010000" id="2758" room="98" start="180" weeks="1111111111111"/>
    <class days="0010000" id="2759" start="180" weeks="1111111111111"/>
    <class days="0010000" id="2760" room="189" start="198" weeks="1111111111111"/>
    <class days="0000100" id="2761" room="189" start="204" weeks="1111111111111"/>
    <class days="0010000" id="2762" room="5" start="132" weeks="1111111111111"/>
    <class days="0010000" id="2763" room="182" start="168" weeks="1111111111111"/>
    <class days="0001000" id="2764" room="182" start="156" weeks="1111111111111"/>
    <class days="1000000" id="2765" room="182" start="204" weeks="1111111111111"/>
    <class days="0001000" id="2766" room="124" start="204" weeks="1111111111111"/>
    <class days="0000100" id="2767" room="182" start="180" weeks="1111111111111"/>
    <class days="0100000" id="2768" room="182" start="156" weeks="1111111111111"/>
    <class days="1000000" id="2769" room="182" start="132" weeks="1111111111111"/>
    <class days="0001000" id="2770" room="182" start="180" weeks="1111111111111"/>
    <class days="0001000" id="2771" room="123" start="204" weeks="1111111111111"/>
    <class days="0001000" id="2772" room="89" start="132" weeks="1111111111111"/>
    <class days="0001000" id="2773" start="132" weeks="1111111111111"/>
    <class days="0001000" id="2774" room="93" start="156" weeks="1111111111111"/>
    <class days="0001000" id="2775" room="96" start="156" weeks="1111111111111"/>
    <class days="0000100" id="2776" room="125" start="204" weeks="1111111111111"/>
    <class days="0000100" id="2777" room="208" start="192" weeks="1111111111111"/>
    <class days="0000100" id="2778" room="208" start="168" weeks="1111111111111"/>
    <class days="0000100" id="2779" room="148" start="156" weeks="1111111111111"/>
    <class days="0000100" id="2780" room="190" start="168" weeks="1111111111111"/>
    <class days="1000000" id="2781" room="117" start="126" weeks="1111111111111"/>
    <class days="1000000" id="2782" room="153" start="234" weeks="1111111111111"/>
</solution>
