fes;time;f
1;96;2147484286
4;107;2147484285
14;126;2147484284
18;132;2147484283
26;143;2147484282
27;147;2147484281
50;173;2147484280
53;180;2147484279
54;181;2147484277
58;186;2147484275
61;190;2147484274
62;191;2147484272
63;192;2147484271
68;198;2147484270
69;199;2147484268
71;202;2147484267
73;204;2147484264
74;205;2147484263
77;208;2147484262
91;223;2147484261
93;226;2147484260
100;233;2147484258
112;246;2147484257
117;251;2147484256
124;258;2147484255
132;266;2147484254
133;267;2147484253
141;275;2147484252
151;285;2147484247
154;289;2147484245
170;305;2147484243
172;307;2147484241
181;316;2147484239
184;320;2147484236
200;336;2147484235
202;338;2147484232
204;340;2147484230
210;349;2147484229
212;352;2147484227
216;357;2147484225
224;367;2147484222
234;377;2147484220
244;388;2147484218
245;389;2147484217
246;390;2147484214
272;417;2147484212
276;421;2147484211
279;424;2147484209
289;433;2147484208
299;443;2147484205
305;449;2147484204
306;450;2147484203
308;452;2147484201
310;453;2147484198
311;454;2147484197
318;461;2147484195
322;465;2147484194
342;484;2147484193
348;489;2147484192
352;493;2147484190
367;507;2147484189
368;508;2147484188
372;512;2147484187
376;517;2147484185
395;536;2147484182
427;567;2147484181
434;575;2147484180
436;577;2147484176
483;621;2147484175
486;624;2147484172
495;633;2147484171
512;649;2147484167
534;670;2147484166
537;673;2147484164
538;674;2147484155
541;677;2147484152
547;682;2147484151
549;684;2147484149
557;691;2147484146
582;715;2147484143
591;724;2147484141
604;739;2147484140
615;750;2147484137
634;768;2147484136
636;770;2147484135
640;773;2147484134
650;784;2147484133
657;791;2147484132
662;796;2147484129
671;804;2147484127
676;809;2147484124
690;823;2147484123
692;825;2147484122
712;844;2147484121
716;848;2147484120
727;859;2147484118
734;866;2147484117
737;869;2147484116
756;887;2147484113
759;890;2147484112
760;891;2147484111
761;892;2147484108
775;905;2147484107
782;912;2147484106
810;940;2147484105
815;945;2147484104
819;949;2147484103
824;954;2147484102
831;962;2147484101
844;975;2147484100
868;1000;2147484098
870;1002;2147484097
879;1011;2147484095
896;1027;2147484093
907;1037;2147484091
930;1060;2147484088
937;1067;2147484087
941;1071;2147484084
943;1074;2147484083
973;1102;2147484080
976;1105;2147484078
995;1127;2147484077
997;1129;2147484075
1002;1133;2147484074
1010;1141;2147484073
1014;1145;2147484072
1016;1147;2147484071
1020;1151;2147484070
1027;1157;2147484068
1031;1162;2147484067
1034;1165;2147484066
1040;1170;2147484065
1047;1178;2147484063
1054;1185;2147484062
1056;1187;2147484061
1068;1199;2147484060
1076;1207;2147484058
1083;1214;2147484056
1089;1220;2147484055
1105;1237;2147484054
1122;1254;2147484053
1164;1296;2147484051
1194;1325;2147484050
1197;1328;2147484049
1201;1332;2147484048
1203;1333;2147484046
1216;1346;2147484045
1221;1351;2147484044
1235;1364;2147484041
1239;1367;2147484039
1257;1384;2147484038
1284;1407;2147484036
1313;1435;2147484035
1322;1444;2147484034
1323;1445;2147484033
1330;1452;2147484032
1339;1460;2147484031
1340;1461;2147484030
1359;1480;2147484029
1400;1521;2147484027
1417;1538;2147484026
1428;1549;2147484025
1444;1564;2147484024
1457;1577;2147484022
1463;1582;2147484020
1476;1594;2147484019
1517;1632;2147484018
1521;1636;2147484017
1530;1644;2147484016
1534;1648;2147484015
1582;1695;2147484014
1598;1710;2147484011
1601;1713;2147484010
1602;1714;2147484009
1605;1717;2147484008
1621;1733;2147484005
1628;1741;2147484004
1655;1766;2147484002
1740;1849;2147484001
1749;1858;2147483992
1754;1863;2147483991
1778;1886;2147483989
1779;1887;2147483988
1801;1908;2147483984
1839;1944;2147483982
1859;1963;2147483980
1875;1978;2147483979
1893;1996;2147483978
1906;2008;2147483977
1938;2041;2147483976
1990;2093;2147483975
1992;2095;2147483974
2002;2104;2147483973
2003;2105;2147483972
2018;2119;2147483971
2042;2142;2147483970
2072;2174;2147483962
2108;2212;2147483961
2140;2245;2147483958
2181;2288;2147483957
2196;2302;2147483956
2219;2323;2147483955
2243;2346;2147483954
2260;2363;2147483953
2354;2453;2147483951
2361;2460;2147483950
2373;2472;2147483949
2393;2491;2147483948
2397;2495;2147483947
2398;2496;2147483945
2404;2502;2147483944
2408;2506;2147483943
2411;2508;2147483942
2509;2603;2147483941
2523;2617;2147483940
2532;2626;2147483939
2548;2641;2147483938
2549;2642;2147483936
2586;2677;2147483935
2597;2687;2147483934
2663;2752;2147483933
2671;2760;2147483932
2692;2780;2147483931
2760;2843;2147483930
2784;2866;2147483929
2822;2902;2147483928
2925;2999;2147483927
2933;3007;2147483926
3001;3074;2147483925
3004;3077;2147483924
3013;3086;2147483923
3019;3092;2147483922
3038;3111;2147483921
3056;3128;2147483920
3058;3130;2147483919
3073;3144;2147483918
3090;3159;2147483917
3115;3184;2147483916
3153;3220;2147483915
3171;3237;2147483913
3174;3240;2147483912
3211;3274;2147483911
3264;3322;2147483909
3265;3323;2147483908
3281;3338;2147483907
3292;3348;2147483906
3293;3349;2147483905
3328;3381;2147483904
3333;3386;2147483903
3392;3440;2147483902
3407;3454;2147483901
3428;3473;2147483900
3589;3627;2147483899
3642;3677;2147483898
3744;3774;2147483897
3779;3807;2147483894
3880;3903;2147483893
3936;3954;2147483892
3942;3960;2147483890
3996;4009;2147483889
4069;4077;2147483888
4093;4101;2147483887
4099;4107;2147483886
4142;4148;2147483885
4186;4191;2147483884
4188;4193;2147483883
4255;4256;2147483882
4289;4287;2147483881
4355;4350;2147483880
4365;4360;2147483879
4437;4429;2147483878
4521;4510;2147483877
4631;4614;2147483876
4634;4616;2147483875
4790;4765;2147483874
4800;4774;2147483873
4812;4785;2147483872
4827;4799;2147483871
4852;4823;2147483870
4853;4824;2147483869
4862;4833;2147483868
5143;5094;2147483866
5203;5150;2147483865
5227;5172;2147483864
5260;5204;2147483863
5284;5227;2147483862
5298;5240;2147483861
5299;5241;2147483860
5326;5267;2147483859
5456;5389;2147483858
5574;5496;2147483857
5593;5515;2147483856
5596;5517;2147483855
5758;5672;2147483854
5773;5685;2147483853
5880;5783;2147483852
5907;5807;2147483851
5942;5840;2147483850
5949;5846;2147483849
6063;5952;2147483847
6096;5981;2147483846
6098;5983;2147483845
6103;5988;2147483844
6135;6017;2147483843
6151;6032;2147483842
6194;6073;2147483841
6260;6132;2147483840
6295;6166;2147483839
6438;6303;2147483837
6460;6324;2147483836
6512;6371;2147483835
6536;6392;2147483834
6568;6421;2147483833
6578;6430;2147483832
6611;6460;2147483831
6706;6548;2147483830
6784;6620;2147483829
6824;6658;2147483828
6897;6725;2147483827
6916;6745;2147483826
6938;6765;2147483825
6950;6776;2147483824
7142;6960;2147483823
7161;6977;2147483822
7363;7161;2147483821
7772;7545;2147483820
7826;7592;2147483819
7898;7670;2147483818
8109;7857;2147483817
8249;7982;2147483815
8251;7982;2147483814
8315;8045;2147483813
8456;8185;2147483812
8553;8279;2147483811
8797;8513;2147483810
8833;8545;2147483809
9018;8716;2147483808
9019;8716;2147483807
9211;8888;2147483806
9268;8935;2147483804
9293;8966;2147483803
9303;8966;2147483802
9340;9013;2147483801
9535;9170;2147483800
9668;9294;2147483799
9701;9326;2147483798
9757;9373;2147483797
9990;9576;2147483796
10030;9607;2147483795
10098;9670;2147483794
10123;9685;2147483793
10185;9748;2147483792
10504;10029;2147483791
10507;10044;2147483790
10551;10076;2147483789
10567;10091;2147483788
10802;10313;2147483787
10856;10359;2147483786
10954;10453;2147483785
11002;10484;2147483784
11055;10547;2147483783
11104;10578;2147483782
11206;10672;2147483781
11589;11016;2147483780
11671;11094;2147483779
11683;11109;2147483778
11988;11375;2147483777
12033;11422;2147483776
12082;11469;2147483775
12124;11500;2147483774
12286;11640;2147483773
12321;11672;2147483772
12440;11781;2147483771
12657;11984;2147483770
12659;11984;2147483769
12690;12015;2147483768
12806;12109;2147483767
12873;12171;2147483766
12988;12281;2147483765
13058;12343;2147483764
13131;12406;2147483763
13213;12484;2147483762
13308;12562;2147483761
13384;12624;2147483760
13623;12843;2147483759
13702;12921;2147483758
13724;12937;2147483757
13824;13015;2147483756
14114;13281;2147483755
14586;13718;2147483754
14743;13859;2147483753
14916;13999;2147483752
15310;14343;2147483751
15386;14405;2147483750
15393;14421;2147483749
15619;14608;2147483748
17084;15954;2147483747
17228;16095;2147483746
17242;16110;2147483745
17335;16189;2147483744
17405;16267;2147483743
17626;16454;2147483742
17832;16642;2147483741
18043;16829;2147483740
18047;16829;2147483739
18092;16876;2147483738
18450;17189;2147483737
19276;17923;2147483736
19687;18298;2147483735
19854;18454;2147483734
19934;18532;2147483733
20284;18860;2147483732
20644;19188;2147483731
21802;20221;2147483730
22110;20518;2147483729
22195;20596;2147483728
22354;20737;2147483727
22415;20784;2147483726
22983;21315;2147483725
23127;21440;2147483724
23175;21487;2147483723
23497;21768;2147483722
23545;21815;2147483721
24480;22627;2147483720
24551;22690;2147483719
24651;22784;2147483718
24989;23080;2147483717
25311;23362;2147483716
25334;23377;2147483715
25799;23799;2147483714
25941;23924;2147483713
25990;23971;2147483712
26122;24080;2147483711
26137;24096;2147483710
27114;24986;2147483709
28416;26160;2147483708
29583;27207;2147483707
29604;27238;2147483706
31209;28675;2147483705
31744;29159;2147483704
32702;30034;2147483703
34141;31349;2147483702
34143;31349;2147483701
35064;32192;2147483700
36593;33583;2147483699
37198;34145;2147483698
38717;35476;2147483697
39475;36163;2147483696
39496;36194;2147483695
40219;36835;2147483694
40300;36913;2147483693
40696;37256;2147483692
41315;37803;2147483691
41973;38413;2147483690
44728;40868;2147483689
46314;42289;2147483688
47405;43258;2147483687
47460;43320;2147483686
47745;43570;2147483685
48016;43820;2147483684
49293;44976;2147483683
49611;45260;2147483682
51651;47119;2147483681
53190;48556;2147483680
54768;49962;2147483679
56337;51386;2147483678
60447;55135;2147483676
63398;57355;2147483675
67241;60152;2147483674
83528;72112;2147483673
85839;73799;2147483672
87367;74893;2147483671
87518;75002;2147483670
88282;75552;2147483669
332613;250333;2147483668
338694;254757;2147483667
347312;261071;2147483666
348001;261586;2147483665
368542;276561;2147483664
369438;277201;2147483663
391942;293613;2147483662
397728;297818;2147483661
776905;571107;2147483660
1035387;754117;2147483659
1044362;760592;2147483658
1053478;767174;2147483657
1108694;807126;2147483656
1114730;811456;2147483655
1137246;827708;2147483654
2390501;1709694;2147483653
2997554;2140274;2147483652
3015981;2153481;2147483651
3165254;2260365;2147483650
6392580;4538022;2147483649
7788896;5527869;17780
7788907;5527885;17760
7788913;5527901;17740
7788956;5527932;17728
7788976;5527963;17719
7788996;5527979;17707
7789023;5527994;17703
7789029;5527994;17683
7789088;5528041;17671
7789104;5528057;17639
7789177;5528119;17619
7789180;5528119;17599
7789265;5528182;17596
7789333;5528244;17595
7789337;5528244;17211
7789348;5528244;17208
7789364;5528260;17192
7789396;5528291;17172
7789409;5528307;17152
7789444;5528322;17146
7789491;5528369;17126
7789504;5528369;17114
7789585;5528434;17098
7789649;5528496;17095
7789889;5528684;17079
7789915;5528699;17059
7790027;5528778;17056
7790044;5528793;17044
7790310;5528996;17032
7790329;5529012;17012
7790410;5529074;17006
7790475;5529121;16994
7790498;5529152;16962
7790598;5529231;16950
7790622;5529246;16930
7790638;5529246;16915
7790719;5529309;16911
7790744;5529340;16899
7790761;5529356;16887
7790770;5529356;16884
7790774;5529356;16880
7790798;5529371;16876
7790814;5529387;16872
7790818;5529387;16860
7790873;5529434;16859
7790876;5529434;16459
7790897;5529449;16447
7791001;5529527;16444
7791012;5529543;16424
7791102;5529605;16412
7791175;5529668;16392
7791178;5529668;16380
7791312;5529777;16368
7791341;5529793;16367
7791368;5529809;16361
7791456;5529871;16353
7791589;5529980;16341
7791592;5529980;16308
7791642;5530027;16296
7791721;5530090;16284
7791895;5530215;16252
7791901;5530215;16248
7791915;5530230;16216
7792054;5530340;16204
7792212;5530465;16184
7792224;5530465;16180
7792236;5530480;16168
7792358;5530574;16136
7792430;5530621;16132
7792446;5530636;16128
7792481;5530668;16120
7792496;5530683;16105
7792692;5530824;16101
7792703;5530840;16085
7792756;5530871;16046
7792941;5531011;16014
7792993;5531058;15970
7793078;5531121;15960
7793135;5531168;15940
7793140;5531168;15838
7793149;5531168;15826
7793362;5531339;15806
7793385;5531355;15794
7793598;5531527;15774
7793771;5531652;15754
7793814;5531683;15751
7793996;5531839;15742
7794099;5531917;15738
7794158;5531964;15703
7794179;5531980;15699
7794239;5532027;15679
7794299;5532074;15675
7794392;5532136;15671
7794417;5532152;15661
7794690;5532355;15638
7794700;5532370;15222
7794715;5532386;15219
7794772;5532417;15218
7794791;5532433;15214
7794947;5532558;15202
7794974;5532574;15182
7794992;5532589;15178
7795017;5532605;15170
7795083;5532652;15162
7795084;5532667;15159
7795114;5532683;15155
7795149;5532714;15151
7795206;5532761;15131
7795220;5532761;15130
7795221;5532761;15073
7795474;5532964;15069
7795686;5533120;15037
7795701;5533120;15033
7795707;5533136;15021
7795802;5533198;15006
7795835;5533230;15002
7795950;5533308;14990
7795979;5533339;14978
7796016;5533370;14966
7796020;5533370;14946
7796029;5533370;14943
7796038;5533386;14931
7796087;5533417;14930
7796430;5533686;14926
7796466;5533701;14826
7796501;5533733;14823
7796570;5533795;14811
7796581;5533795;14771
7796643;5533842;14759
7796671;5533858;14747
7796699;5533889;14743
7796725;5533905;14723
7796875;5534014;14719
7796936;5534061;14702
7797051;5534154;14682
7797063;5534170;14674
7797073;5534170;14659
7797101;5534186;14639
7797221;5534279;14635
7797364;5534389;14615
7797509;5534514;14583
7797568;5534561;14579
7797607;5534592;14547
7797608;5534592;14543
7797621;5534592;14539
7797650;5534623;14527
7797677;5534639;14512
7797755;5534701;14506
7797764;5534701;14503
7797870;5534779;14491
7797933;5534842;14487
7797938;5534842;14475
7798058;5534936;14463
7798070;5534936;14451
7798117;5534982;14434
7798173;5535014;14422
7798334;5535139;14419
7798718;5535435;14415
7798773;5535467;14411
7798807;5535498;14394
7798868;5535545;14382
7798924;5535592;14340
7798976;5535623;14336
7799144;5535763;14316
7799233;5535826;14304
7799548;5536060;14292
7799652;5536138;14291
7799683;5536170;14288
7799708;5536185;14284
7799850;5536295;14274
7800021;5536420;14262
7800259;5536591;14258
7800260;5536591;14254
7800332;5536654;14253
7800401;5536701;14252
7800435;5536716;14248
7800478;5536763;14240
7800751;5536966;14228
7800822;5537013;14227
7800941;5537107;14195
7801033;5537169;14191
7801048;5537185;14128
7801070;5537201;14116
7801273;5537357;14112
7801405;5537451;14102
7801604;5537622;14090
7801612;5537622;14080
7801615;5537622;14068
7801849;5537794;14048
7802010;5537919;14036
7802217;5538075;14035
7802218;5538075;14020
7802370;5538185;14000
7802381;5538200;13977
7802432;5538232;13593
7802957;5538641;13581
7803185;5538813;13549
7803221;5538844;13537
7803266;5538876;13498
7803480;5539047;13483
7803707;5539219;13467
7803979;5539422;13466
7804451;5539782;13082
7804910;5540125;13070
7804969;5540172;13058
7805003;5540203;13055
7805210;5540360;12939
7805319;5540438;12799
7805352;5540469;12787
7805435;5540532;12765
7806662;5541453;12757
7806788;5541547;12742
7807241;5541891;12730
7807342;5541969;12686
7807571;5542141;12656
7808427;5542797;12652
7808510;5542859;12651
7808520;5542859;12635
7808566;5542906;12603
7808707;5543015;12591
7808803;5543093;12575
7808825;5543109;12574
7808827;5543109;12565
7808886;5543156;12559
7809483;5543597;12547
7809694;5543769;12515
7809807;5543847;12483
7810118;5544081;12479
7810134;5544097;12478
7810173;5544128;12470
7810398;5544300;12462
7810453;5544331;12442
7810581;5544440;12139
7810908;5544690;12119
7811005;5544753;12111
7811032;5544768;12110
7811135;5544846;12109
7811695;5545268;12089
7811708;5545284;12086
7811974;5545487;12079
7812139;5545612;12067
7812326;5545752;12051
7812335;5545768;12050
7812432;5545831;12039
7812644;5545987;12035
7813026;5546284;12023
7813037;5546299;12019
7813391;5546565;12016
7813448;5546612;12012
7813556;5546690;12000
7813728;5546830;11999
7813944;5546987;11998
7814047;5547065;11614
7814600;5547471;11611
7814662;5547518;11591
7815051;5547815;11579
7815174;5547908;11571
7815590;5548221;11570
7815781;5548361;11562
7815797;5548377;11556
7815981;5548520;11552
7816168;5548676;11452
7816282;5548754;11448
7816386;5548832;11079
7816416;5548864;11067
7816590;5548989;11035
7816776;5549129;11032
7817229;5549473;11016
7817251;5549489;11008
7817375;5549582;11004
7817792;5549910;10992
7818065;5550113;10989
7818269;5550270;10977
7818303;5550301;10973
7818440;5550395;10970
7818476;5550426;10950
7818515;5550457;10949
7818944;5550785;10945
7819448;5551160;10933
7819495;5551191;10929
7819984;5551563;10893
7820028;5551594;10878
7820234;5551750;10877
7820354;5551844;10814
7820470;5551922;10813
7821007;5552344;10809
7821134;5552437;10782
7821160;5552469;10778
7821417;5552656;10770
7821456;5552687;10758
7822471;5553456;10743
7822507;5553472;10727
7822629;5553565;10627
7822637;5553581;10615
7822963;5553831;10608
7823324;5554096;10604
7823367;5554128;10572
7823659;5554346;10569
7823757;5554425;10533
7823862;5554503;10521
7823880;5554518;10509
7823984;5554596;10505
7824115;5554690;10490
7824512;5554987;10486
7824698;5555127;10466
7824936;5555299;10458
7825295;5555580;10454
7826419;5556424;10415
7827009;5556877;10411
7827223;5557065;10403
7827566;5557314;10391
7827644;5557377;10379
7827799;5557486;10373
7828021;5557658;10369
7828349;5557908;10346
7828872;5558314;10343
7829216;5558568;10340
7829819;5559036;10330
7829897;5559099;10326
7830456;5559521;9942
7830549;5559583;9922
7830664;5559677;9910
7830671;5559677;9907
7830962;5559896;9892
7831039;5559958;9880
7831191;5560067;9868
7831363;5560192;9839
7831374;5560208;9838
7831974;5560677;9834
7832299;5560911;9814
7832911;5561380;9807
7832951;5561411;9806
7833087;5561520;9761
7833197;5561598;9757
7833251;5561645;9388
7833331;5561692;9376
7833529;5561848;9372
7833849;5562098;9360
7834092;5562286;9348
7834508;5562598;9345
7835000;5562973;9341
7835339;5563223;9337
7836094;5563803;8941
7836388;5564037;8937
7837211;5564647;8925
7837714;5565037;8922
7838763;5565834;8921
7839862;5566662;8909
7840065;5566818;8905
7840163;5566881;8885
7840989;5567505;8881
7841019;5567521;8869
7841072;5567568;8868
7841588;5567958;8858
7842061;5568318;8848
7842915;5568962;8833
7843919;5569727;8821
7844282;5569993;8809
7846417;5571617;8789
7846863;5571961;8786
7846975;5572039;8783
7847677;5572586;8693
7847860;5572726;8681
7849466;5573964;8669
7850130;5574464;8630
7850504;5574745;8618
7850551;5574776;8606
7851225;5575307;8591
7851304;5575370;8590
7851393;5575432;8589
7851688;5575666;8586
7851737;5575698;8571
7852120;5575994;8566
7852143;5576010;8565
7852211;5576057;8545
7852347;5576166;8544
7852371;5576197;8540
7852500;5576291;8532
7853787;5577275;8531
7854139;5577541;8528
7854315;5577681;8517
7854782;5578025;8514
7854974;5578181;8510
7855018;5578213;8480
7855233;5578384;8473
7855324;5578447;8461
7855858;5578856;8457
7855873;5578872;8442
7856797;5579559;8438
7857131;5579825;8430
7857519;5580137;8410
7857672;5580247;8397
7858192;5580653;8385
7858563;5580950;8344
7858763;5581106;8312
7859225;5581450;8296
7859573;5581715;8281
7861112;5582887;8278
7862019;5583577;8260
7862460;5583921;8248
7863074;5584374;8244
7864399;5585389;8239
7864427;5585420;8227
7865125;5585952;8223
7865428;5586186;8208
7865816;5586483;8204
7866334;5586873;8196
7866679;5587139;8192
7866759;5587201;8180
7867262;5587576;8168
7867723;5587936;8136
7867804;5587982;8124
7868856;5588779;8121
7869624;5589357;8120
7870063;5589701;8108
7870929;5590357;8099
7871815;5591029;8067
7872025;5591200;8059
7872245;5591372;8055
7874024;5592700;8035
7874120;5592778;8023
7874627;5593169;8011
7875271;5593655;7966
7875496;5593827;7963
7876025;5594233;7913
7876615;5594686;7901
7877108;5595061;7889
7878266;5595936;7879
7878722;5596280;7875
7878882;5596405;7863
7878918;5596436;7860
7879201;5596639;7848
7881084;5598076;7836
7881274;5598217;7835
7881357;5598279;7832
7881659;5598501;7812
7882224;5598939;7800
7883484;5599907;7796
7883896;5600220;7795
7886052;5601860;7794
7887087;5602641;7764
7887195;5602719;7749
7888511;5603721;7737
7889152;5604205;7725
7891381;5605908;7713
7891953;5606330;7710
7892189;5606502;7698
7892273;5606580;7697
7892899;5607048;7696
7894063;5607923;7695
7896674;5609926;7680
7896944;5610129;7676
7897759;5610738;7664
7898981;5611675;7652
7899218;5611847;7642
7899919;5612380;7641
7900542;5612849;7638
7901006;5613211;7623
7902182;5614105;7619
7902447;5614308;7618
7903135;5614839;7614
7903879;5615386;7594
7904819;5616120;7579
7906268;5617213;7578
7907923;5618479;7574
7909507;5619685;7562
7909659;5619794;7559
7910607;5620513;7554
7911622;5621294;7534
7911766;5621403;7530
7914123;5623169;7526
7916079;5624670;7523
7918924;5626842;7511
7919150;5627014;7507
7919363;5627170;7503
7920519;5628045;7497
7921083;5628466;7493
7923044;5629985;7473
7925052;5631500;7469
7926220;5632375;7457
7927184;5633109;7445
7927242;5633156;7441
7928268;5633955;7429
7930418;5635611;7428
7933065;5637642;7423
7933673;5638142;7391
7934467;5638767;7379
7934637;5638892;7375
7935312;5639407;7372
7936222;5640095;7345
7936380;5640220;7334
7936920;5640641;7319
7939259;5642422;7318
7940546;5643406;7286
7940931;5643691;7266
7942237;5644691;7251
7944806;5646659;7247
7945438;5647143;7235
7946241;5647768;7205
7946323;5647831;7197
7946341;5647831;7161
7948407;5649395;7141
7948484;5649457;7129
7951125;5651488;7117
7952294;5652363;7116
7953208;5653066;7112
7953440;5653238;7100
7954217;5653834;7084
7955227;5654584;7072
7959837;5658104;7071
7959874;5658135;7055
7960384;5658528;7040
7961588;5659434;7039
7962074;5659794;6999
7966771;5663340;6998
7967646;5663996;6981
7969060;5665074;6942
7971086;5666620;6922
7974463;5669173;6538
7976146;5670470;6526
7976716;5670907;6514
7978800;5672469;6511
7979287;5672846;6510
7979818;5673253;6506
7991336;5682032;6505
7991713;5682313;6493
7995038;5684846;6489
7997301;5686564;6488
7999661;5688389;6480
17837761;12617926;6479
17838395;12618410;6467
17838775;12618707;6461
17843927;12622600;6457
17845546;12623834;6421
17850712;12627804;6409
17852748;12629366;6405
17854857;12630977;6402
17856057;12631898;6401
17858979;12634136;6389
17864262;12638138;6377
17868269;12641200;6357
17868678;12641496;6321
17869000;12641746;6301
17873626;12645265;6300
17878740;12649158;6292
17880804;12650736;6288
17882006;12651642;6287
17882444;12651970;6280
17889799;12657538;6276
17893048;12659990;6272
17898796;12664352;6260
17899150;12664618;6248
17913107;12675167;6244
17913181;12675230;6243
17913433;12675417;6239
17913936;12675808;6231
17917220;12678372;6230
17924669;12684046;6218
17925451;12684639;6206
17932482;12690031;6205
17932994;12690422;6193
17934478;12691562;6178
17938391;12694534;6166
17938840;12694877;6106
17947087;12701182;6086
17949053;12702666;6050
17951591;12704603;6042
17953726;12706228;6039
17955556;12707621;6034
17957155;12708839;6019
17962365;12712790;6007
17966142;12715665;6004
17979152;12725541;5992
17983181;12728589;5989
17986684;12731229;5988
17991643;12734982;5984
18000235;12741498;5972
18004545;12744766;5946
18005963;12745843;5934
18008331;12747642;5926
18008827;12748017;5923
18013900;12751860;5922
18019775;12756330;5907
18036116;12768715;5906
18039323;12771152;5892
18042147;12773296;5884
18042388;12773483;5880
18045429;12775779;5876
18048072;12777779;5864
18048397;12778013;5852
18048633;12778201;5840
18063156;12789250;5836
18086033;12806663;5829
18089036;12808931;5813
18095797;12814027;5713
18113775;12827561;5710
18135472;12843916;5698
18138024;12845838;5694
18163866;12865377;5690
18176165;12874653;5678
18236546;12920184;5677
18247937;12928796;5674
18282831;12955180;5662
18298644;12967170;5651
18317798;12981723;5636
18320349;12983632;5633
18320563;12983788;5629
18339956;12998464;5625
18348845;13005202;5575
18384723;13032357;5572
18396928;13041610;5560
18401945;13045465;5460
18402461;13045871;5445
18420232;13059376;5442
18424504;13062625;5438
18463210;13092114;5426
18467593;13095434;5422
18473922;13100237;5410
18474333;13100549;5398
18497890;13118510;5384
18498080;13118666;5345
18516040;13132303;5339
18532470;13144762;5319
18560397;13165979;5307
18596525;13193428;5306
18609501;13203293;5305
18618205;13209903;5290
18621942;13212731;5278
18650826;13234659;5263
18698828;13271011;5259
18705664;13276169;5251
18792256;13341686;5239
18812817;13357254;5238
18840960;13378574;5226
18856026;13389890;5223
18887389;13413461;5222
18892097;13416991;5218
18909409;13430006;5214
18928602;13444396;5199
18985134;13487120;5187
19048105;13534566;5184
19063369;13546054;5170
19073391;13553621;5158
19091930;13567686;5154
19093466;13568845;5134
19101911;13575212;5129
19107424;13579339;5117
19156693;13616876;5116
19191088;13642921;5109
37839878;26792750;5101
37851380;26801409;5089
37920936;26853852;5077
37960351;26883675;5061
37998920;26912868;5046
38074965;26970363;5045
38123589;27007430;5033
38140927;27020606;5021
38146743;27025030;4991
38152020;27029017;4984
38159303;27034519;4977
38162634;27037052;4877
38164170;27038192;4867
38165528;27039223;4866
38197952;27063807;4865
38215822;27077468;4826
38218646;27079624;4811
38246675;27100963;4807
38247791;27101825;4806
38261747;27112563;4798
38285387;27130631;4794
38314858;27153062;4793
38323418;27159564;4792
38362389;27189118;4785
#
# name: Hill Climbing RS
# algorithm_class: solver.HillClimbingWithRS
# instance: agh-fis-spr17
# seed: -7062152207726876197
# bestF: 4785
# DTF: 0
# cost: 4785
# startTime: 1770171166628
# totalTime: 43200004
# totalFEs: 60839157
# maxFEs: 9223372036854775807
# maxMilliSeconds: 43200000
# maxSeconds: 43200
#
<?xml version="1.0" encoding="UTF-8" standalone="no"?>
<solution author="ScholORs" cores="1" country="China and Malaysia" institution="Bejing/Hefei/Malaysia" name="agh-fis-spr17" runtime="43200" technique="hillclimbingwithrs">
    <class days="0000100" id="1" room="14" start="102" weeks="1111110111111110"/>
    <class days="0000100" id="2" start="153" weeks="0111110111111110"/>
    <class days="0100000" id="3" start="114" weeks="0111111010111111"/>
    <class days="1000000" id="4" start="135" weeks="0111111010111111"/>
    <class days="0010000" id="5" start="105" weeks="0111111010111111"/>
    <class days="1000000" id="6" start="135" weeks="0111111010111111"/>
    <class days="0010000" id="7" start="147" weeks="0111111010111111"/>
    <class days="1000000" id="8" start="108" weeks="0111111010111111"/>
    <class days="0100000" id="9" start="165" weeks="0111111010111111"/>
    <class days="0100000" id="10" room="11" start="165" weeks="1111111010111111"/>
    <class days="1000000" id="11" start="117" weeks="0111111010111111"/>
    <class days="1000000" id="12" start="120" weeks="0111111010111111"/>
    <class days="1000000" id="13" start="120" weeks="0111111010111111"/>
    <class days="0001000" id="14" start="114" weeks="0111110111111110"/>
    <class days="1000000" id="15" start="102" weeks="0111111010111111"/>
    <class days="0001000" id="16" start="147" weeks="0111110111111110"/>
    <class days="0000100" id="17" start="153" weeks="0111110111111110"/>
    <class days="1000000" id="18" start="138" weeks="0111111010111111"/>
    <class days="0001000" id="19" start="126" weeks="0111110111111110"/>
    <class days="0000100" id="20" start="123" weeks="0111110111111110"/>
    <class days="0100000" id="21" room="11" start="116" weeks="1111111010111111"/>
    <class days="0001000" id="22" room="55" start="166" weeks="1010100101010100"/>
    <class days="0100000" id="23" room="55" start="166" weeks="1010101000101010"/>
    <class days="0010000" id="24" room="27" start="146" weeks="1010101000101010"/>
    <class days="0001000" id="25" room="55" start="166" weeks="0101010010101010"/>
    <class days="1000000" id="26" room="55" start="96" weeks="1010101000101010"/>
    <class days="0100000" id="27" room="55" start="166" weeks="0101010010010101"/>
    <class days="0010000" id="28" start="166" weeks="1111111010111111"/>
    <class days="0001000" id="29" room="15" start="146" weeks="1111110111111110"/>
    <class days="1000000" id="30" room="19" start="206" weeks="1111111010111111"/>
    <class days="0010000" id="31" room="14" start="102" weeks="1111111010111111"/>
    <class days="0000100" id="32" room="7" start="96" weeks="1111110111111110"/>
    <class days="0000100" id="33" room="70" start="146" weeks="1111110111111110"/>
    <class days="0100000" id="34" room="6" start="146" weeks="1111111010111111"/>
    <class days="0100000" id="35" room="7" start="186" weeks="1111111010111111"/>
    <class days="0100000" id="36" room="46" start="166" weeks="1111111010111111"/>
    <class days="0010000" id="37" room="46" start="126" weeks="0000000010111111"/>
    <class days="0010000" id="38" room="46" start="116" weeks="1111111010111111"/>
    <class days="0010000" id="39" room="46" start="146" weeks="1111111010111111"/>
    <class days="0010000" id="40" room="55" start="210" weeks="1111111010111111"/>
    <class days="0010000" id="41" room="26" start="136" weeks="1111111010111111"/>
    <class days="0001000" id="42" room="39" start="156" weeks="1111110111111110"/>
    <class days="0010000" id="43" room="68" start="116" weeks="1010101000101010"/>
    <class days="0010000" id="44" room="26" start="116" weeks="0101010010010101"/>
    <class days="1000000" id="45" room="46" start="186" weeks="1111111010111111"/>
    <class days="0100000" id="46" room="46" start="146" weeks="1111111010111111"/>
    <class days="0100000" id="47" room="26" start="216" weeks="1111111010111111"/>
    <class days="0010000" id="48" room="11" start="165" weeks="1111111010111111"/>
    <class days="0100000" id="49" room="66" start="105" weeks="0101010010010101"/>
    <class days="0100000" id="50" room="41" start="114" weeks="1010101000101010"/>
    <class days="0100000" id="51" room="13" start="159" weeks="1010101000101010"/>
    <class days="1000000" id="52" room="66" start="147" weeks="0101010010010101"/>
    <class days="0000100" id="53" room="19" start="96" weeks="0101010010101010"/>
    <class days="0000100" id="54" room="47" start="146" weeks="1111110100000000"/>
    <class days="0100000" id="55" room="40" start="136" weeks="1111111000000000"/>
    <class days="1000000" id="56" room="36" start="96" weeks="1111111000000000"/>
    <class days="0100000" id="57" room="36" start="166" weeks="0000000010111111"/>
    <class days="0100000" id="58" room="38" start="126" weeks="0000000010111111"/>
    <class days="0000100" id="59" room="28" start="153" weeks="1111110111111110"/>
    <class days="0001000" id="60" room="47" start="147" weeks="1111110111111110"/>
    <class days="0000100" id="61" room="17" start="132" weeks="1111110111111110"/>
    <class days="0000100" id="62" room="6" start="196" weeks="1111110111111110"/>
    <class days="0100000" id="63" start="165" weeks="0111111010111111"/>
    <class days="0010000" id="64" start="156" weeks="0111111010111111"/>
    <class days="0000100" id="65" start="123" weeks="0111110111111110"/>
    <class days="0010000" id="66" start="108" weeks="0111111010111111"/>
    <class days="0100000" id="67" room="32" start="106" weeks="1111111010111111"/>
    <class days="0001000" id="68" room="39" start="96" weeks="1111110111111110"/>
    <class days="0001000" id="69" room="11" start="114" weeks="1111110111111110"/>
    <class days="0000100" id="70" room="41" start="156" weeks="1111110111111110"/>
    <class days="0000100" id="71" room="66" start="96" weeks="1111110111111110"/>
    <class days="1000000" id="72" room="19" start="126" weeks="1111111010111111"/>
    <class days="1000000" id="73" room="19" start="166" weeks="1111111010111111"/>
    <class days="0010000" id="74" room="60" start="106" weeks="1111111010111111"/>
    <class days="0100000" id="75" room="11" start="190" weeks="1111111010110000"/>
    <class days="0001000" id="76" room="66" start="116" weeks="0001110111100000"/>
    <class days="0100000" id="77" room="13" start="116" weeks="0001111010110000"/>
    <class days="0100000" id="78" room="66" start="126" weeks="0001111010110000"/>
    <class days="0001000" id="79" room="64" start="136" weeks="0001110111100000"/>
    <class days="1000000" id="80" room="19" start="186" weeks="0001111010110000"/>
    <class days="1000000" id="81" room="13" start="156" weeks="0001111010110000"/>
    <class days="1000000" id="82" start="102" weeks="0111111010000000"/>
    <class days="0100000" id="83" start="126" weeks="0111111010000000"/>
    <class days="0010000" id="84" start="111" weeks="0111111010000000"/>
    <class days="1000000" id="85" start="135" weeks="0111111010000000"/>
    <class days="0100000" id="86" start="120" weeks="0111111010000000"/>
    <class days="1000000" id="87" start="108" weeks="0111111010000000"/>
    <class days="0000100" id="88" start="135" weeks="0111110110000000"/>
    <class days="0001000" id="89" start="135" weeks="0111110110000000"/>
    <class days="0001000" id="90" start="114" weeks="0111110110000000"/>
    <class days="0100000" id="91" start="114" weeks="0111111010000000"/>
    <class days="1000000" id="92" start="159" weeks="0111111010000000"/>
    <class days="0000100" id="93" start="126" weeks="0111110110000000"/>
    <class days="0001000" id="94" room="14" start="114" weeks="1111110111111110"/>
    <class days="0010000" id="95" room="26" start="156" weeks="0101010010010101"/>
    <class days="0100000" id="96" room="7" start="136" weeks="1010101000101010"/>
    <class days="1000000" id="97" room="13" start="116" weeks="1010101000101010"/>
    <class days="0010000" id="98" room="11" start="123" weeks="1111111010111111"/>
    <class days="0010000" id="99" room="66" start="146" weeks="1111111010111111"/>
    <class days="0010000" id="100" room="66" start="96" weeks="1111111010111111"/>
    <class days="0100000" id="101" room="14" start="144" weeks="1111111010111111"/>
    <class days="0000100" id="102" room="48" start="96" weeks="1010100101010100"/>
    <class days="1000000" id="103" start="159" weeks="0111111010111111"/>
    <class days="0100000" id="104" start="162" weeks="0111111010111111"/>
    <class days="0100000" id="105" room="28" start="156" weeks="1111111010111111"/>
    <class days="0001000" id="106" room="7" start="116" weeks="1111110111111110"/>
    <class days="0010000" id="107" room="1" start="96" weeks="1111111010111111"/>
    <class days="0010000" id="108" room="67" start="186" weeks="1111111010111111"/>
    <class days="0001000" id="109" room="26" start="96" weeks="1111110111111110"/>
    <class days="0000100" id="110" room="28" start="96" weeks="1111110111111110"/>
    <class days="0010000" id="111" room="13" start="96" weeks="1111111010111111"/>
    <class days="0001000" id="112" room="13" start="136" weeks="1111110111111110"/>
    <class days="1000000" id="113" room="41" start="116" weeks="1111111010111111"/>
    <class days="0001000" id="114" room="75" start="204" weeks="1111110111111110"/>
    <class days="0100000" id="115" room="67" start="166" weeks="1111111010111111"/>
    <class days="1000000" id="116" room="52" start="96" weeks="1111111010111111"/>
    <class days="0001000" id="117" room="26" start="116" weeks="1111110111111110"/>
    <class days="0100000" id="118" room="67" start="96" weeks="1111111010111111"/>
    <class days="1000000" id="119" room="14" start="114" weeks="1111111010111111"/>
    <class days="0000100" id="120" room="52" start="96" weeks="1111110111111110"/>
    <class days="0010000" id="121" room="28" start="189" weeks="1111111010111111"/>
    <class days="0100000" id="122" room="7" start="141" weeks="0101010010010101"/>
    <class days="0000100" id="123" room="46" start="147" weeks="0101010010101010"/>
    <class days="0001000" id="124" room="26" start="138" weeks="1010100101010100"/>
    <class days="0000100" id="125" room="42" start="96" weeks="0101010010101010"/>
    <class days="0001000" id="126" room="11" start="96" weeks="1111110111111110"/>
    <class days="1000000" id="127" room="8" start="117" weeks="1111111010111111"/>
    <class days="0010000" id="128" room="71" start="114" weeks="1111111010111111"/>
    <class days="0100000" id="129" room="12" start="138" weeks="1111111010111111"/>
    <class days="0010000" id="130" room="71" start="138" weeks="1111111010111111"/>
    <class days="0100000" id="131" room="67" start="126" weeks="1111111010111111"/>
    <class days="0010000" id="132" room="71" start="96" weeks="1111111010111111"/>
    <class days="1000000" id="133" room="14" start="96" weeks="1111111010111111"/>
    <class days="0100000" id="134" room="41" start="165" weeks="1010101000101010"/>
    <class days="0010000" id="135" room="9" start="159" weeks="1010101000101010"/>
    <class days="0000100" id="136" room="14" start="123" weeks="0000000011111110"/>
    <class days="0100000" id="137" room="47" start="147" weeks="1010101000101010"/>
    <class days="0001000" id="138" room="46" start="165" weeks="0101010010101010"/>
    <class days="0010000" id="139" room="26" start="159" weeks="1010101000101010"/>
    <class days="0001000" id="140" room="14" start="135" weeks="1111110111111110"/>
    <class days="0100000" id="141" room="41" start="156" weeks="0101010010010101"/>
    <class days="1000000" id="142" room="48" start="156" weeks="0101010010010101"/>
    <class days="1000000" id="143" room="13" start="138" weeks="1010101000101010"/>
    <class days="1000000" id="144" room="66" start="159" weeks="1010101000101010"/>
    <class days="0000100" id="145" room="66" start="138" weeks="0101010010101010"/>
    <class days="0000100" id="146" room="14" start="159" weeks="1111110111111110"/>
    <class days="0100000" id="147" room="43" start="96" weeks="0101010010010101"/>
    <class days="0010000" id="148" room="19" start="135" weeks="1010101000101010"/>
    <class days="1000000" id="149" room="66" start="117" weeks="1010101000101010"/>
    <class days="1000000" id="150" room="19" start="99" weeks="1010101000101010"/>
    <class days="0100000" id="151" room="75" start="186" weeks="1111111010111111"/>
    <class days="0000100" id="152" room="8" start="136" weeks="1111110111111110"/>
    <class days="0001000" id="153" room="65" start="156" weeks="1111110111111110"/>
    <class days="1000000" id="154" room="11" start="138" weeks="1111111010111111"/>
    <class days="0100000" id="155" room="19" start="126" weeks="1111111010111111"/>
    <class days="0010000" id="156" room="13" start="115" weeks="1111111010111111"/>
    <class days="0001000" id="157" room="13" start="156" weeks="1111110111111110"/>
    <class days="0010000" id="158" room="19" start="115" weeks="1111111010111111"/>
    <class days="1000000" id="159" room="41" start="96" weeks="1111111010111111"/>
    <class days="0001000" id="160" room="71" start="115" weeks="1111110111111110"/>
    <class days="1000000" id="161" room="43" start="96" weeks="1111111010111111"/>
    <class days="0001000" id="162" room="13" start="114" weeks="1111110111111110"/>
    <class days="0010000" id="163" room="6" start="138" weeks="1111000000000000"/>
    <class days="0000100" id="164" room="7" start="135" weeks="1111000000000000"/>
    <class days="0000100" id="165" room="16" start="115" weeks="1111000000000000"/>
    <class days="0000100" id="166" room="8" start="115" weeks="1111000000000000"/>
    <class days="0100000" id="167" room="6" start="96" weeks="0000001000000000"/>
    <class days="0010000" id="168" room="6" start="153" weeks="0000010000000000"/>
    <class days="0100000" id="169" room="31" start="96" weeks="0000000000000001"/>
    <class days="0100000" id="170" room="6" start="105" weeks="0000100000000000"/>
    <class days="0000100" id="171" room="7" start="135" weeks="0000010000000000"/>
    <class days="0100000" id="172" room="6" start="96" weeks="0010000000000000"/>
    <class days="0010000" id="173" room="6" start="135" weeks="0000000000001000"/>
    <class days="0100000" id="174" room="6" start="117" weeks="0000000000010000"/>
    <class days="1000000" id="175" room="7" start="105" weeks="1000000000000000"/>
    <class days="0010000" id="176" room="7" start="165" weeks="0000000000010000"/>
    <class days="0010000" id="177" room="7" start="146" weeks="0000100000000000"/>
    <class days="0010000" id="178" room="6" start="138" weeks="0000000010000000"/>
    <class days="0100000" id="179" room="76" start="99" weeks="0000000010000000"/>
    <class days="1000000" id="180" room="7" start="99" weeks="0000000000100000"/>
    <class days="0001000" id="181" room="6" start="136" weeks="0000100000000000"/>
    <class days="0010000" id="182" room="7" start="146" weeks="0001000000000000"/>
    <class days="1000000" id="183" room="36" start="196" weeks="1111111000000000"/>
    <class days="0010000" id="184" room="29" start="126" weeks="1111111010111111"/>
    <class days="0100000" id="185" room="14" start="123" weeks="1111111010111111"/>
    <class days="1000000" id="186" room="48" start="114" weeks="1111111010111111"/>
    <class days="0010000" id="187" room="66" start="117" weeks="1111111010111111"/>
    <class days="0001000" id="188" room="66" start="141" weeks="1111110111111110"/>
    <class days="0000100" id="189" room="66" start="156" weeks="1111110111111110"/>
    <class days="0000100" id="190" room="66" start="114" weeks="1111110111111110"/>
    <class days="0010000" id="191" room="67" start="159" weeks="1111111010111111"/>
    <class days="0001000" id="192" room="66" start="165" weeks="1111110111111110"/>
    <class days="0000100" id="193" room="71" start="111" weeks="1111110111111110"/>
    <class days="0100000" id="194" room="66" start="144" weeks="1111111010111111"/>
    <class days="0001000" id="195" start="132" weeks="0111110111111110"/>
    <class days="0001000" id="196" start="165" weeks="0111110111111110"/>
    <class days="0000100" id="197" start="123" weeks="0111110111111110"/>
    <class days="0100000" id="198" start="159" weeks="0111111010111111"/>
    <class days="0010000" id="199" start="114" weeks="0111111010111111"/>
    <class days="0000100" id="200" start="117" weeks="0111110111111110"/>
    <class days="0000100" id="201" start="111" weeks="0111110111111110"/>
    <class days="1000000" id="202" start="105" weeks="0111111010111111"/>
    <class days="0100000" id="203" start="111" weeks="0111111010111111"/>
    <class days="0000100" id="204" start="141" weeks="0111110111111110"/>
    <class days="0000100" id="205" start="129" weeks="0111110111111110"/>
    <class days="1000000" id="206" start="96" weeks="0111111010111111"/>
    <class days="0100000" id="207" start="96" weeks="0111111010111111"/>
    <class days="0001000" id="208" start="123" weeks="0111110111111110"/>
    <class days="0001000" id="209" start="129" weeks="0111110111111110"/>
    <class days="0010000" id="210" room="75" start="138" weeks="1010101000101010"/>
    <class days="0010000" id="211" room="9" start="156" weeks="0101010010010101"/>
    <class days="0100000" id="212" room="29" start="132" weeks="0111111010111111"/>
    <class days="1000000" id="213" room="32" start="147" weeks="0111111010111111"/>
    <class days="0010000" id="214" room="57" start="165" weeks="1111111010111111"/>
    <class days="0010000" id="215" room="13" start="144" weeks="1111111010111111"/>
    <class days="0001000" id="216" room="71" start="96" weeks="1111110111111110"/>
    <class days="0010000" id="217" room="16" start="135" weeks="1111111010111111"/>
    <class days="0001000" id="218" room="28" start="144" weeks="1111110111111110"/>
    <class days="0100000" id="219" room="66" start="105" weeks="1010101000101010"/>
    <class days="1000000" id="220" room="66" start="123" weeks="0101010010010101"/>
    <class days="1000000" id="221" start="120" weeks="0111111010111111"/>
    <class days="1000000" id="222" start="111" weeks="0111111010111111"/>
    <class days="0010000" id="223" start="114" weeks="0111111010111111"/>
    <class days="0000100" id="224" room="48" start="195" weeks="1111110111111110"/>
    <class days="0010000" id="225" room="6" start="96" weeks="1111111010111111"/>
    <class days="0100000" id="226" room="66" start="165" weeks="1111111010111111"/>
    <class days="0001000" id="227" room="19" start="102" weeks="1111110111111110"/>
    <class days="0010000" id="228" room="11" start="96" weeks="1111111010111111"/>
    <class days="0100000" id="229" room="43" start="105" weeks="1010101000101010"/>
    <class days="0100000" id="230" room="41" start="120" weeks="0101010010010101"/>
    <class days="0010000" id="231" room="13" start="165" weeks="1010101000101010"/>
    <class days="1000000" id="232" room="80" start="132" weeks="0101010010010101"/>
    <class days="0100000" id="233" room="13" start="138" weeks="1010101000101010"/>
    <class days="1000000" id="234" start="141" weeks="0111111010111111"/>
    <class days="0000100" id="235" start="129" weeks="0111110111111110"/>
    <class days="1000000" id="236" start="117" weeks="0111111010111111"/>
    <class days="0001000" id="237" start="114" weeks="0111110111111110"/>
    <class days="0010000" id="238" start="159" weeks="0111111010111111"/>
    <class days="0010000" id="239" start="132" weeks="0111111010111111"/>
    <class days="0001000" id="240" start="129" weeks="0111110111111110"/>
    <class days="0000100" id="241" start="120" weeks="0111110111111110"/>
    <class days="0010000" id="242" start="138" weeks="0111111010111111"/>
    <class days="0000100" id="243" start="111" weeks="0111110111111110"/>
    <class days="0001000" id="244" room="48" start="136" weeks="0101010010101010"/>
    <class days="1000000" id="245" room="27" start="141" weeks="0111111010111111"/>
    <class days="0001000" id="246" room="27" start="159" weeks="0111110111111110"/>
    <class days="1000000" id="247" room="47" start="165" weeks="1111111010111111"/>
    <class days="0000100" id="248" room="13" start="120" weeks="1111110111111110"/>
    <class days="0000100" id="249" room="13" start="102" weeks="1111110111111110"/>
    <class days="0000100" id="250" room="47" start="165" weeks="1111110111111110"/>
    <class days="0010000" id="251" room="46" start="165" weeks="1111111010111111"/>
    <class days="0010000" id="252" room="28" start="96" weeks="1111111010111111"/>
    <class days="0010000" id="253" room="14" start="147" weeks="1111111010111111"/>
    <class days="0100000" id="254" room="11" start="96" weeks="1111111010111111"/>
    <class days="0100000" id="255" room="6" start="96" weeks="0101010010010101"/>
    <class days="0010000" id="256" room="19" start="138" weeks="0101010010010101"/>
    <class days="0100000" id="257" room="7" start="166" weeks="0101010010010101"/>
    <class days="0001000" id="258" room="7" start="166" weeks="0101010010101010"/>
    <class days="1000000" id="259" room="6" start="116" weeks="0101010010010101"/>
    <class days="0000100" id="260" room="19" start="105" weeks="1010100101010100"/>
    <class days="0001000" id="261" room="19" start="120" weeks="1010100101010100"/>
    <class days="1000000" id="262" room="7" start="96" weeks="0101010010010101"/>
    <class days="0001000" id="263" room="7" start="159" weeks="1010100101010100"/>
    <class days="0001000" id="264" room="19" start="120" weeks="0101010010101010"/>
    <class days="0001000" id="265" room="66" start="96" weeks="1010100101010100"/>
    <class days="0100000" id="266" room="14" start="162" weeks="1111111010111111"/>
    <class days="0010000" id="267" room="19" start="165" weeks="1111111010111111"/>
    <class days="0000100" id="268" room="13" start="138" weeks="1111110111111110"/>
    <class days="0001000" id="269" room="13" start="96" weeks="1111110111111110"/>
    <class days="0001000" id="270" room="8" start="138" weeks="1111110111111110"/>
    <class days="1000000" id="271" start="141" weeks="0111111010111111"/>
    <class days="0010000" id="272" start="96" weeks="0111111010111111"/>
    <class days="0000100" id="273" start="120" weeks="0111110111111110"/>
    <class days="1000000" id="274" start="165" weeks="0111111010111111"/>
    <class days="1000000" id="275" start="141" weeks="0111111010111111"/>
    <class days="0010000" id="276" start="126" weeks="0111111010111111"/>
    <class days="0010000" id="277" start="108" weeks="0111111010111111"/>
    <class days="1000000" id="278" start="120" weeks="0111111010111111"/>
    <class days="0100000" id="279" room="47" start="146" weeks="0101010010010101"/>
    <class days="1000000" id="280" room="28" start="96" weeks="1111111010111111"/>
    <class days="0100000" id="281" room="75" start="166" weeks="1111111010111111"/>
    <class days="0100000" id="282" room="7" start="96" weeks="1111111010111111"/>
    <class days="0001000" id="283" room="31" start="156" weeks="1111110111111110"/>
    <class days="0100000" id="284" start="96" weeks="0111111010111111"/>
    <class days="0010000" id="285" start="135" weeks="0111111010111111"/>
    <class days="1000000" id="286" start="120" weeks="0111111010111111"/>
    <class days="0001000" id="287" start="114" weeks="0111110111111110"/>
    <class days="0000100" id="288" start="153" weeks="0111110111111110"/>
    <class days="0001000" id="289" start="141" weeks="0111110111111110"/>
    <class days="1000000" id="290" room="47" start="123" weeks="1111111010111111"/>
    <class days="0000100" id="291" room="47" start="126" weeks="1111110100000000"/>
    <class days="0100000" id="292" room="10" start="144" weeks="1111111010111111"/>
    <class days="1000000" id="293" room="13" start="96" weeks="1111111010111111"/>
    <class days="1000000" id="294" start="165" weeks="0000000010111111"/>
    <class days="0000100" id="295" start="129" weeks="0000000011111110"/>
    <class days="0000100" id="296" start="102" weeks="0000000011111110"/>
    <class days="0100000" id="297" start="132" weeks="0000000010111111"/>
    <class days="0010000" id="298" room="47" start="114" weeks="1111111010111111"/>
    <class days="0100000" id="299" room="76" start="156" weeks="1010101000101010"/>
    <class days="1000000" id="300" room="6" start="116" weeks="1010101000101010"/>
    <class days="0010000" id="301" room="28" start="138" weeks="1111111010111111"/>
    <class days="0001000" id="302" start="162" weeks="0111110111111110"/>
    <class days="1000000" id="303" start="114" weeks="0111111010111111"/>
    <class days="1000000" id="304" start="147" weeks="0111111010111111"/>
    <class days="0010000" id="305" start="156" weeks="0111111010111111"/>
    <class days="0000100" id="306" start="129" weeks="0111110111111110"/>
    <class days="1000000" id="307" room="11" start="96" weeks="1111111010111111"/>
    <class days="1000000" id="308" room="6" start="186" weeks="1111111010111111"/>
    <class days="0001000" id="309" room="6" start="96" weeks="1111110111111110"/>
    <class days="0001000" id="310" room="11" start="165" weeks="1111110111111110"/>
    <class days="0010000" id="311" room="6" start="186" weeks="1111111010111111"/>
    <class days="1000000" id="312" room="7" start="176" weeks="1111111010111111"/>
    <class days="0001000" id="313" room="6" start="116" weeks="1111110111111110"/>
    <class days="0000100" id="314" room="7" start="156" weeks="1111110111111110"/>
    <class days="0001000" id="315" room="14" start="96" weeks="1111110111111110"/>
    <class days="1000000" id="316" room="6" start="96" weeks="1111111010111111"/>
    <class days="1000000" id="317" room="26" start="123" weeks="1111111010111111"/>
    <class days="0100000" id="318" room="46" start="123" weeks="1111111010111111"/>
    <class days="0100000" id="319" room="52" start="144" weeks="1111111010111111"/>
    <class days="0010000" id="320" room="52" start="126" weeks="1111111010111111"/>
    <class days="0000100" id="321" room="48" start="156" weeks="1111110111111110"/>
    <class days="0001000" id="322" room="41" start="96" weeks="1111110111111110"/>
    <class days="0100000" id="323" room="65" start="96" weeks="1111111010111111"/>
    <class days="0010000" id="324" room="60" start="150" weeks="1111111010111111"/>
    <class days="0001000" id="325" room="28" start="102" weeks="1111110111111110"/>
    <class days="0100000" id="326" room="47" start="206" weeks="1111111000000000"/>
    <class days="0010000" id="327" room="7" start="96" weeks="1111111010111111"/>
    <class days="0010000" id="328" start="141" weeks="0111111010111111"/>
    <class days="0001000" id="329" start="153" weeks="0111110111111110"/>
    <class days="0010000" id="330" room="14" start="120" weeks="1010101000101010"/>
    <class days="0010000" id="331" room="46" start="96" weeks="0101010010010101"/>
    <class days="0000100" id="332" room="46" start="144" weeks="1010100101010100"/>
    <class days="0010000" id="333" room="65" start="156" weeks="0101010010010101"/>
    <class days="1000000" id="334" room="47" start="144" weeks="1111111010111111"/>
    <class days="0001000" id="335" room="8" start="162" weeks="1111110111111110"/>
    <class days="0100000" id="336" room="19" start="105" weeks="1111111010111111"/>
    <class days="0001000" id="337" room="48" start="168" weeks="1111110111111110"/>
    <class days="1000000" id="338" room="7" start="156" weeks="1111111010111111"/>
    <class days="0010000" id="339" room="7" start="196" weeks="1111111010111111"/>
    <class days="0000100" id="340" room="13" start="156" weeks="1111110111111110"/>
    <class days="0001000" id="341" room="34" start="136" weeks="0101010010101010"/>
    <class days="0100000" id="342" room="34" start="126" weeks="1111111010111111"/>
    <class days="1000000" id="343" room="34" start="96" weeks="0101010010010101"/>
    <class days="0010000" id="344" start="99" weeks="1111111010111111"/>
    <class days="1000000" id="345" room="73" start="138" weeks="1111111010111111"/>
    <class days="0100000" id="346" room="22" start="132" weeks="1111111010111111"/>
    <class days="0000100" id="347" room="76" start="166" weeks="1010100101010100"/>
    <class days="0100000" id="348" room="31" start="96" weeks="1111111010111100"/>
    <class days="0001000" id="349" room="30" start="126" weeks="1111110111100000"/>
    <class days="0100000" id="350" room="30" start="166" weeks="1111111010110000"/>
    <class days="0000100" id="351" room="30" start="106" weeks="1111110111100000"/>
    <class days="0000100" id="352" room="48" start="116" weeks="1111110111100000"/>
    <class days="0000100" id="353" room="7" start="186" weeks="0101010010101010"/>
    <class days="0000100" id="354" room="7" start="186" weeks="1010100101010100"/>
    <class days="0100000" id="355" start="174" weeks="0111111010111111"/>
    <class days="0010000" id="356" room="77" start="96" weeks="0111111010111111"/>
    <class days="1000000" id="357" room="14" start="156" weeks="1111111010111111"/>
    <class days="0010000" id="358" room="31" start="116" weeks="1111111010111111"/>
    <class days="0001000" id="359" room="76" start="116" weeks="1111110111111110"/>
    <class days="0001000" id="360" room="76" start="156" weeks="1111110111111110"/>
    <class days="0000100" id="361" room="70" start="116" weeks="1111110111111110"/>
    <class days="0001000" id="362" start="102" weeks="1111110111111110"/>
    <class days="0001000" id="363" room="68" start="176" weeks="1111110111111110"/>
    <class days="0010000" id="364" room="5" start="154" weeks="1111111010111111"/>
    <class days="0010000" id="365" room="5" start="176" weeks="1111111010111111"/>
    <class days="0001000" id="366" room="5" start="195" weeks="1111110111111110"/>
    <class days="0000100" id="367" room="77" start="186" weeks="1111110111111110"/>
    <class days="0001000" id="368" start="126" weeks="1111110111111110"/>
    <class days="1000000" id="369" start="96" weeks="1111111010111111"/>
    <class days="0001000" id="370" start="132" weeks="1111110111111110"/>
    <class days="1000000" id="371" start="96" weeks="1111111010111111"/>
    <class days="0001000" id="372" start="135" weeks="1111110111111110"/>
    <class days="0100000" id="373" room="48" start="96" weeks="1111111010111111"/>
    <class days="1000000" id="374" room="7" start="126" weeks="1111111010111111"/>
    <class days="0010000" id="375" room="76" start="146" weeks="1111111010111111"/>
    <class days="0100000" id="376" room="75" start="96" weeks="1111111010111111"/>
    <class days="0100000" id="377" room="31" start="116" weeks="1111111010111111"/>
    <class days="0100000" id="378" room="31" start="136" weeks="1111111010111111"/>
    <class days="1000000" id="379" room="70" start="96" weeks="1111111010111111"/>
    <class days="0001000" id="380" room="7" start="96" weeks="1111110111111110"/>
    <class days="0000100" id="381" room="7" start="116" weeks="1111110111111110"/>
    <class days="0100000" id="382" room="47" start="96" weeks="1111111010111111"/>
    <class days="0001000" id="383" room="76" start="136" weeks="0000000011111110"/>
    <class days="0100000" id="384" room="7" start="216" weeks="0000000010111111"/>
    <class days="0000100" id="385" room="39" start="156" weeks="0101010010101010"/>
    <class days="0100000" id="386" room="39" start="196" weeks="1010101000101010"/>
    <class days="0100000" id="387" room="39" start="196" weeks="0101010010010101"/>
    <class days="0010000" id="388" room="39" start="176" weeks="1010101000101010"/>
    <class days="0100000" id="389" room="48" start="166" weeks="1111111000000000"/>
    <class days="0001000" id="390" room="40" start="156" weeks="1111110111111110"/>
    <class days="0010000" id="391" room="38" start="166" weeks="1111111010111111"/>
    <class days="0000100" id="392" room="40" start="96" weeks="1111110111111110"/>
    <class days="0010000" id="393" room="38" start="116" weeks="1111111010111111"/>
    <class days="0100000" id="394" room="76" start="206" weeks="1111111010111111"/>
    <class days="0100000" id="395" room="76" start="226" weeks="1111111010111111"/>
    <class days="0100000" id="396" room="79" start="99" weeks="1111111010111111"/>
    <class days="0010000" id="397" room="47" start="156" weeks="1111111010110000"/>
    <class days="1000000" id="398" room="31" start="96" weeks="0000000010111000"/>
    <class days="0001000" id="399" room="6" start="136" weeks="0000000011110000"/>
    <class days="0000100" id="400" room="48" start="136" weeks="1111110111111110"/>
    <class days="0001000" id="401" room="38" start="96" weeks="0000000011111110"/>
    <class days="0001000" id="402" room="36" start="126" weeks="0000000011111110"/>
    <class days="0001000" id="403" room="36" start="146" weeks="0000000011111110"/>
    <class days="1000000" id="404" room="36" start="106" weeks="0000000010111111"/>
    <class days="0001000" id="405" room="48" start="116" weeks="1111110111111110"/>
    <class days="0010000" id="406" room="76" start="96" weeks="0101010010010101"/>
    <class days="0010000" id="407" room="76" start="96" weeks="1010101000101010"/>
    <class days="1000000" id="408" start="96" weeks="1111111010111111"/>
    <class days="1000000" id="409" start="96" weeks="1111111010111111"/>
    <class days="1000000" id="410" start="96" weeks="1111111010111111"/>
    <class days="1000000" id="411" start="96" weeks="1111111010111111"/>
    <class days="0100000" id="412" room="47" start="166" weeks="1111111010111111"/>
    <class days="0010000" id="413" room="70" start="106" weeks="1010101000101010"/>
    <class days="0000100" id="414" room="37" start="147" weeks="1010100101010100"/>
    <class days="0000100" id="415" room="37" start="147" weeks="0101010010101010"/>
    <class days="0010000" id="416" room="37" start="210" weeks="0101010010010101"/>
    <class days="0010000" id="417" room="37" start="210" weeks="1010101000101010"/>
    <class days="0000100" id="418" start="126" weeks="1111110111111110"/>
    <class days="0100000" id="419" start="166" weeks="1010101000101010"/>
    <class days="0010000" id="420" room="25" start="146" weeks="1111111000000000"/>
    <class days="0010000" id="421" room="42" start="146" weeks="0000000010111111"/>
    <class days="0010000" id="422" room="55" start="136" weeks="0000000010111111"/>
    <class days="0010000" id="423" room="37" start="159" weeks="0000000010111111"/>
    <class days="1000000" id="424" room="22" start="96" weeks="1111111010111111"/>
    <class days="0100000" id="425" room="23" start="96" weeks="1010101000101010"/>
    <class days="0001000" id="426" room="23" start="195" weeks="1111110111111110"/>
    <class days="0100000" id="427" room="70" start="226" weeks="1111111010111111"/>
    <class days="0010000" id="428" start="96" weeks="0101010010010101"/>
    <class days="0001000" id="429" room="46" start="126" weeks="1111110111111110"/>
    <class days="0001000" id="430" room="79" start="99" weeks="1111110111111110"/>
    <class days="1000000" id="431" room="46" start="216" weeks="1111111010111111"/>
    <class days="0001000" id="432" start="136" weeks="1010100101010100"/>
    <class days="0001000" id="433" start="102" weeks="1111110111111110"/>
    <class days="0001000" id="434" start="141" weeks="1111110111111110"/>
    <class days="0000100" id="435" room="55" start="96" weeks="1111110111111110"/>
    <class days="0000100" id="436" room="39" start="116" weeks="1111110111111110"/>
    <class days="0100000" id="437" room="46" start="96" weeks="1111111010111111"/>
    <class days="1000000" id="438" room="28" start="144" weeks="1010101000101010"/>
    <class days="1000000" id="439" room="28" start="162" weeks="1010101000101010"/>
    <class days="0100000" id="440" room="52" start="106" weeks="1111111010110000"/>
    <class days="0100000" id="441" room="32" start="136" weeks="1111111010111111"/>
    <class days="0001000" id="442" room="32" start="96" weeks="1111110111111110"/>
    <class days="0000100" id="443" room="31" start="126" weeks="1111110111111110"/>
    <class days="0100000" id="444" room="7" start="166" weeks="1010101000101010"/>
    <class days="0010000" id="445" start="146" weeks="1111111000000000"/>
    <class days="0010000" id="446" start="146" weeks="0000000010111111"/>
    <class days="1000000" id="447" start="96" weeks="1111111010111111"/>
    <class days="0100000" id="448" start="96" weeks="1010101000101010"/>
    <class days="0001000" id="449" room="23" start="168" weeks="1111110111111110"/>
    <class days="0001000" id="450" start="195" weeks="1111110111111110"/>
    <class days="0100000" id="451" start="226" weeks="1111111010111111"/>
    <class days="0010000" id="452" room="70" start="96" weeks="0101010010010101"/>
    <class days="0001000" id="453" start="126" weeks="1111110111111110"/>
    <class days="1000000" id="454" start="216" weeks="1111111010111111"/>
    <class days="0000100" id="455" room="27" start="106" weeks="1010100101010100"/>
    <class days="0001000" id="456" room="27" start="136" weeks="1010100101010100"/>
    <class days="0001000" id="457" room="46" start="96" weeks="1111110100000000"/>
    <class days="0001000" id="458" room="25" start="96" weeks="0000000011111110"/>
    <class days="0001000" id="459" start="102" weeks="1111110111111110"/>
    <class days="0000100" id="460" start="102" weeks="1111110111111110"/>
    <class days="0100000" id="461" room="6" start="186" weeks="1111111010111111"/>
    <class days="0010000" id="462" room="6" start="116" weeks="1111111010111111"/>
    <class days="0000100" id="463" room="36" start="96" weeks="1111110111111110"/>
    <class days="0000100" id="464" room="40" start="126" weeks="1111110111111110"/>
    <class days="1000000" id="465" start="144" weeks="1010101000101010"/>
    <class days="0001000" id="466" room="70" start="129" weeks="1010100101010100"/>
    <class days="0010000" id="467" room="55" start="96" weeks="1111111010111111"/>
    <class days="0000100" id="468" room="55" start="116" weeks="0101010010101010"/>
    <class days="1000000" id="469" room="70" start="116" weeks="1111111010111111"/>
    <class days="0000100" id="470" room="62" start="146" weeks="1010100101010100"/>
    <class days="0100000" id="471" room="51" start="156" weeks="1111111010111111"/>
    <class days="0100000" id="472" room="51" start="96" weeks="1111111010111111"/>
    <class days="0100000" id="473" room="6" start="166" weeks="1111111010111111"/>
    <class days="0010000" id="474" room="40" start="136" weeks="0000000000001111"/>
    <class days="0010000" id="475" room="40" start="96" weeks="0000000000001111"/>
    <class days="0001000" id="476" room="7" start="186" weeks="1111110111111110"/>
    <class days="0010000" id="477" room="76" start="116" weeks="0000000010111111"/>
    <class days="0100000" id="478" room="47" start="186" weeks="1111111010111111"/>
    <class days="0010000" id="479" room="51" start="136" weeks="0000000010111111"/>
    <class days="0100000" id="480" room="44" start="156" weeks="0000000010111111"/>
    <class days="0010000" id="481" room="48" start="126" weeks="1111111010111111"/>
    <class days="1000000" id="482" room="76" start="126" weeks="1010101000101010"/>
    <class days="1000000" id="483" room="76" start="126" weeks="0101010010010101"/>
    <class days="0000100" id="484" room="24" start="132" weeks="1010100101010100"/>
    <class days="0000100" id="485" room="24" start="132" weeks="0101010010101010"/>
    <class days="0000100" id="486" room="24" start="96" weeks="0101010010101010"/>
    <class days="0000100" id="487" room="24" start="96" weeks="1010100101010100"/>
    <class days="0100000" id="488" room="11" start="146" weeks="1111111010111111"/>
    <class days="0001000" id="489" room="48" start="96" weeks="1111110111111110"/>
    <class days="0001000" id="490" room="76" start="216" weeks="1111110111111110"/>
    <class days="0001000" id="491" room="6" start="196" weeks="1111110111111110"/>
    <class days="0000100" id="492" room="31" start="96" weeks="1111110111111110"/>
    <class days="0000100" id="493" room="31" start="146" weeks="1111110111111110"/>
    <class days="0001000" id="494" start="132" weeks="1111110111111110"/>
    <class days="1000000" id="495" start="96" weeks="1111111010111111"/>
    <class days="0001000" id="496" start="132" weeks="1111110111111110"/>
    <class days="1000000" id="497" start="96" weeks="1111111010111111"/>
    <class days="0010000" id="498" start="123" weeks="1111111010111111"/>
    <class days="0010000" id="499" start="123" weeks="1111111010111111"/>
    <class days="0010000" id="500" start="176" weeks="1111111010111111"/>
    <class days="0010000" id="501" start="176" weeks="1111111010111111"/>
    <class days="0100000" id="502" room="47" start="116" weeks="1111111010111111"/>
    <class days="0010000" id="503" room="28" start="116" weeks="1111111010111111"/>
    <class days="0010000" id="504" room="70" start="136" weeks="1111111010111111"/>
    <class days="0010000" id="505" room="31" start="136" weeks="1111111010111111"/>
    <class days="0100000" id="506" room="70" start="126" weeks="1111111000000000"/>
    <class days="0001000" id="507" room="47" start="166" weeks="1111110100000000"/>
    <class days="0010000" id="508" room="52" start="96" weeks="1111111010111111"/>
    <class days="1000000" id="509" room="52" start="116" weeks="1111111010111111"/>
    <class days="0010000" id="510" room="48" start="96" weeks="1111111010111111"/>
    <class days="0100000" id="511" room="7" start="116" weeks="1010101000101010"/>
    <class days="0100000" id="512" room="7" start="116" weeks="0101010010010101"/>
    <class days="0001000" id="513" start="96" weeks="1111110111111110"/>
    <class days="1000000" id="514" room="31" start="136" weeks="1010101000101010"/>
    <class days="0100000" id="515" start="126" weeks="1010101000101010"/>
    <class days="1000000" id="516" room="31" start="136" weeks="0101010010010101"/>
    <class days="0100000" id="517" start="126" weeks="0101010010010101"/>
    <class days="0100000" id="518" room="28" start="206" weeks="1111111010111111"/>
    <class days="0010000" id="519" room="51" start="116" weeks="1111111010111111"/>
    <class days="0010000" id="520" room="36" start="146" weeks="1111111010111111"/>
    <class days="0010000" id="521" room="38" start="96" weeks="1111111010111111"/>
    <class days="0010000" id="522" room="36" start="166" weeks="1111111010111111"/>
    <class days="0010000" id="523" room="28" start="156" weeks="1111111010111111"/>
    <class days="0100000" id="524" room="36" start="136" weeks="0000001010111111"/>
    <class days="0001000" id="525" room="51" start="96" weeks="0000000111111110"/>
    <class days="0000100" id="526" room="51" start="96" weeks="0000000111111110"/>
    <class days="1000000" id="527" room="40" start="96" weeks="0000001010111111"/>
    <class days="0100000" id="528" room="70" start="96" weeks="1111111000000000"/>
    <class days="0001000" id="529" room="47" start="116" weeks="1111110100000000"/>
    <class days="0001000" id="530" room="31" start="136" weeks="1111110111111110"/>
    <class days="0010000" id="531" room="52" start="166" weeks="1111111010111111"/>
    <class days="1000000" id="532" room="51" start="96" weeks="0000000010111111"/>
    <class days="0100000" id="533" room="40" start="126" weeks="0000000010111111"/>
    <class days="0100000" id="534" room="40" start="96" weeks="0000000010111111"/>
    <class days="0010000" id="535" room="75" start="116" weeks="1111111010111111"/>
    <class days="0010000" id="536" room="52" start="146" weeks="1111111010111111"/>
    <class days="0000100" id="537" room="31" start="166" weeks="1111110111111110"/>
    <class days="1000000" id="538" room="48" start="196" weeks="1111111000000000"/>
    <class days="0010000" id="539" room="47" start="96" weeks="1111111000000000"/>
    <class days="0010000" id="540" room="76" start="126" weeks="1111111000000000"/>
    <class days="1000000" id="541" room="37" start="114" weeks="0101010010010101"/>
    <class days="1000000" id="542" room="37" start="114" weeks="1010101000101010"/>
    <class days="0000100" id="543" room="37" start="207" weeks="0101010010101010"/>
    <class days="0000100" id="544" room="37" start="207" weeks="1010100101010100"/>
    <class days="1000000" id="545" start="168" weeks="1111111010111111"/>
    <class days="1000000" id="546" start="168" weeks="1111111010111111"/>
    <class days="1000000" id="547" start="168" weeks="1111111010111111"/>
    <class days="1000000" id="548" start="168" weeks="1111111010111111"/>
    <class days="0001000" id="549" start="120" weeks="1111110111111110"/>
    <class days="0001000" id="550" start="153" weeks="1111110111111110"/>
    <class days="1000000" id="551" start="192" weeks="1111111010111111"/>
    <class days="0001000" id="552" start="138" weeks="1111110111111110"/>
    <class days="0001000" id="553" start="171" weeks="1111110111111110"/>
    <class days="1000000" id="554" start="150" weeks="1111111010111111"/>
    <class days="1000000" id="555" room="52" start="166" weeks="1111111010111111"/>
    <class days="0010000" id="556" room="47" start="136" weeks="1111111000000000"/>
    <class days="0001000" id="557" room="47" start="186" weeks="1111110100000000"/>
    <class days="0000100" id="558" room="38" start="96" weeks="1111110111111110"/>
    <class days="0000100" id="559" room="38" start="126" weeks="1111110111111110"/>
    <class days="0001000" id="560" room="37" start="138" weeks="1010100101010100"/>
    <class days="0001000" id="561" room="37" start="138" weeks="0101010010101010"/>
    <class days="0100000" id="562" room="37" start="141" weeks="1010101000101010"/>
    <class days="0100000" id="563" room="37" start="141" weeks="0101010010010101"/>
    <class days="1000000" id="564" start="96" weeks="1111111010111111"/>
    <class days="0001000" id="565" start="132" weeks="1111110111111110"/>
    <class days="1000000" id="566" room="76" start="96" weeks="1111111010111111"/>
    <class days="0001000" id="567" room="31" start="106" weeks="0000000011111110"/>
    <class days="0001000" id="568" room="7" start="136" weeks="1111110111111110"/>
    <class days="0010000" id="569" room="31" start="166" weeks="1111111010111111"/>
    <class days="0000100" id="570" room="76" start="116" weeks="1111110111111110"/>
    <class days="0010000" id="571" room="48" start="216" weeks="1010101000101010"/>
    <class days="0000100" id="572" room="38" start="146" weeks="1111110111111110"/>
    <class days="0001000" id="573" room="36" start="96" weeks="1111110111111110"/>
    <class days="1000000" id="574" room="11" start="159" weeks="1111111010111111"/>
    <class days="0100000" id="575" room="75" start="236" weeks="1111111010111111"/>
    <class days="0100000" id="576" room="29" start="93" weeks="1111111010111111"/>
    <class days="1000000" id="577" room="52" start="146" weeks="0111011000110011"/>
    <class days="0000100" id="578" room="6" start="166" weeks="1111110111111110"/>
    <class days="0001000" id="579" room="75" start="132" weeks="1111110111111110"/>
    <class days="1000000" id="580" room="75" start="222" weeks="1111111010111111"/>
    <class days="1000000" id="581" room="75" start="96" weeks="1111111010111111"/>
    <class days="1000000" id="582" room="75" start="180" weeks="1111111010111111"/>
    <class days="0001000" id="583" room="14" start="153" weeks="1111110111111110"/>
    <class days="0100000" id="584" room="48" start="216" weeks="0011111010111100"/>
    <class days="0010000" id="585" room="75" start="216" weeks="0011111010111100"/>
    <class days="0001000" id="586" room="28" start="216" weeks="0011110111111000"/>
    <class days="1000000" id="587" room="28" start="216" weeks="0011111010111100"/>
    <class days="1000000" id="588" room="75" start="138" weeks="1000100010001100"/>
    <class days="0010000" id="589" room="28" start="216" weeks="1111111010111111"/>
    <class days="0100000" id="590" room="28" start="226" weeks="1111111010111111"/>
    <class days="0000100" id="591" room="6" start="96" weeks="1111110111111110"/>
    <class days="0000100" id="592" room="6" start="126" weeks="1111110111111110"/>
    <class days="0000100" id="593" room="46" start="120" weeks="1111110111111110"/>
    <class days="0100000" id="594" room="46" start="196" weeks="1111111010111111"/>
    <class days="1000000" id="595" room="70" start="156" weeks="0111011000110011"/>
    <class days="0000100" id="596" room="29" start="96" weeks="1111110111111110"/>
    <class days="0000100" id="597" room="40" start="174" weeks="1111110111111110"/>
    <class days="0000100" id="598" room="52" start="174" weeks="1111110111111110"/>
    <class days="0100000" id="599" room="26" start="120" weeks="1111111010111111"/>
    <class days="1000000" id="600" room="54" start="138" weeks="0111011000110011"/>
    <class days="1000000" id="601" room="6" start="136" weeks="1111111010111111"/>
    <class days="1000000" id="602" room="33" start="162" weeks="0111011000110011"/>
    <class days="1000000" id="603" room="28" start="116" weeks="1111111010111111"/>
    <class days="0001000" id="604" room="7" start="206" weeks="1111110111111110"/>
    <class days="1000000" id="605" room="7" start="216" weeks="1111111010111111"/>
    <class days="0001000" id="606" room="75" start="166" weeks="1111110111111110"/>
    <class days="1000000" id="607" room="7" start="196" weeks="1111111010111111"/>
    <class days="1000000" id="608" room="56" start="135" weeks="1111111010111111"/>
    <class days="1000000" id="609" room="68" start="154" weeks="1111111010111111"/>
    <class days="1000000" id="610" room="68" start="176" weeks="1111111010111111"/>
    <class days="0100000" id="611" room="48" start="146" weeks="1111111010111111"/>
    <class days="0010000" id="612" room="32" start="146" weeks="1111111010111111"/>
    <class days="0100000" id="613" room="32" start="166" weeks="1111111010111111"/>
    <class days="0100000" id="614" room="51" start="186" weeks="1111111010111111"/>
    <class days="0001000" id="615" room="70" start="166" weeks="1111110100000000"/>
    <class days="1000000" id="616" room="51" start="196" weeks="1111111010111111"/>
    <class days="0100000" id="617" room="31" start="156" weeks="1111111010110000"/>
    <class days="0000100" id="618" room="55" start="146" weeks="1111100000000000"/>
    <class days="0001000" id="619" room="55" start="116" weeks="1111100000000000"/>
    <class days="1000000" id="620" room="44" start="126" weeks="0000000010111100"/>
    <class days="0000100" id="621" room="44" start="156" weeks="0000000011111000"/>
    <class days="0010000" id="622" room="11" start="146" weeks="1111111010111111"/>
    <class days="0001000" id="623" room="11" start="146" weeks="1111110111111110"/>
    <class days="0000100" id="624" room="76" start="96" weeks="1111110111111110"/>
    <class days="0000100" id="625" room="76" start="146" weeks="1111110111111110"/>
    <class days="0010000" id="626" room="70" start="166" weeks="1111111010111111"/>
    <class days="0001000" id="627" room="76" start="176" weeks="1111110111111110"/>
    <class days="1000000" id="628" room="31" start="166" weeks="0101010010010101"/>
    <class days="1000000" id="629" room="31" start="116" weeks="0101010010010101"/>
    <class days="0100000" id="630" room="76" start="146" weeks="0101010010010101"/>
    <class days="0100000" id="631" room="76" start="166" weeks="0101010010010101"/>
    <class days="0000100" id="632" room="75" start="126" weeks="1111110111111110"/>
    <class days="0000100" id="633" room="7" start="206" weeks="1111110111111110"/>
    <class days="0000100" id="634" room="6" start="216" weeks="1111110111111110"/>
    <class days="0000100" id="635" room="7" start="176" weeks="1111110111111110"/>
    <class days="0000100" id="636" room="36" start="146" weeks="1111110111111110"/>
    <class days="0000100" id="637" room="51" start="166" weeks="1111110111111110"/>
    <class days="0000100" id="638" room="38" start="116" weeks="1111110111111110"/>
    <class days="0000100" id="639" room="36" start="186" weeks="1111110111111110"/>
    <class days="0000100" id="640" room="51" start="156" weeks="1111110111111110"/>
    <class days="1000000" id="641" room="47" start="96" weeks="1111111010111111"/>
    <class days="1000000" id="642" room="51" start="116" weeks="0000000010111111"/>
    <class days="0001000" id="643" room="40" start="96" weeks="0000000011111110"/>
    <class days="1000000" id="644" room="38" start="156" weeks="0000000010111111"/>
    <class days="0001000" id="645" room="36" start="166" weeks="0000000011111110"/>
    <class days="0000100" id="646" room="44" start="106" weeks="0000000011111110"/>
    <class days="0001000" id="647" start="132" weeks="1111110111111110"/>
    <class days="1000000" id="648" start="96" weeks="1111111010111111"/>
    <class days="1000000" id="649" start="96" weeks="1111111010111111"/>
    <class days="0001000" id="650" start="132" weeks="1111110111111110"/>
    <class days="0001000" id="651" room="28" start="126" weeks="1111110111111110"/>
    <class days="0001000" id="652" room="70" start="96" weeks="1111110111111110"/>
    <class days="0100000" id="653" room="70" start="156" weeks="1111111010111111"/>
    <class days="0100000" id="654" room="28" start="126" weeks="1111111010111111"/>
    <class days="0010000" id="655" room="7" start="116" weeks="1111111010111111"/>
    <class days="1000000" id="656" room="48" start="216" weeks="1111111010111111"/>
    <class days="0100000" id="657" room="38" start="106" weeks="1111111010111111"/>
    <class days="0001000" id="658" room="44" start="146" weeks="1111110111111110"/>
    <class days="0010000" id="659" room="44" start="96" weeks="1111111010111111"/>
    <class days="0001000" id="660" room="44" start="106" weeks="1111110111111110"/>
    <class days="0001000" id="661" room="32" start="136" weeks="1111110111111110"/>
    <class days="0000100" id="662" room="47" start="106" weeks="1111110111111110"/>
    <class days="0000100" id="663" room="32" start="146" weeks="1111110111111110"/>
    <class days="0000100" id="664" room="32" start="126" weeks="1111110111111110"/>
    <class days="0000100" id="665" room="32" start="206" weeks="1111110111111110"/>
    <class days="0000100" id="666" room="32" start="186" weeks="1111110111111110"/>
    <class days="0000100" id="667" room="32" start="166" weeks="1111110111111110"/>
    <class days="0001000" id="668" room="47" start="96" weeks="1111110111111110"/>
    <class days="0001000" id="669" room="51" start="166" weeks="1111110111111110"/>
    <class days="0001000" id="670" room="44" start="126" weeks="1111110111111110"/>
    <class days="0001000" id="671" room="29" start="116" weeks="1111110111111110"/>
    <class days="0001000" id="672" room="29" start="136" weeks="1111110111111110"/>
    <class days="0001000" id="673" room="51" start="146" weeks="1111110111111110"/>
    <class days="1000000" id="674" room="48" start="96" weeks="1111111010111111"/>
    <class days="0000100" id="675" room="36" start="116" weeks="1111110111111110"/>
    <class days="1000000" id="676" room="44" start="166" weeks="1111111010111111"/>
    <class days="1000000" id="677" room="36" start="126" weeks="1111111010111111"/>
    <class days="1000000" id="678" room="40" start="156" weeks="1111111010111111"/>
    <class days="0001000" id="679" room="44" start="166" weeks="1111110111111110"/>
    <class days="1000000" id="680" room="38" start="116" weeks="1111111010111111"/>
    <class days="0010000" id="681" room="44" start="116" weeks="1111111010111111"/>
    <class days="0010000" id="682" room="48" start="196" weeks="1111111010111111"/>
    <class days="0001000" id="683" room="38" start="126" weeks="0000000111111110"/>
    <class days="0000100" id="684" room="40" start="146" weeks="0000000111111110"/>
    <class days="0100000" id="685" room="38" start="166" weeks="0000001010111111"/>
    <class days="0001000" id="686" room="32" start="156" weeks="0000000111111110"/>
    <class days="0010000" id="687" room="36" start="96" weeks="0000001010111111"/>
    <class days="0100000" id="688" room="36" start="96" weeks="0000001010111111"/>
    <class days="1000000" id="689" room="40" start="126" weeks="0000001010111111"/>
    <class days="1000000" id="690" room="48" start="176" weeks="1111111000000000"/>
    <class days="0010000" id="691" room="75" start="156" weeks="1111111000000000"/>
    <class days="0001000" id="692" room="37" start="192" weeks="1010100101010100"/>
    <class days="0001000" id="693" room="37" start="192" weeks="0101010010101010"/>
    <class days="1000000" id="694" room="37" start="198" weeks="1010101000101010"/>
    <class days="1000000" id="695" room="37" start="198" weeks="0101010010010101"/>
    <class days="0010000" id="696" room="37" start="117" weeks="1010101000101010"/>
    <class days="0010000" id="697" room="37" start="117" weeks="0101010010010101"/>
    <class days="0001000" id="698" room="37" start="99" weeks="1010100101010100"/>
    <class days="0001000" id="699" room="37" start="99" weeks="0101010010101010"/>
    <class days="0000100" id="700" room="37" start="102" weeks="1010100101010100"/>
    <class days="1000000" id="701" start="177" weeks="1111111010111111"/>
    <class days="1000000" id="702" start="177" weeks="1111111010111111"/>
    <class days="1000000" id="703" start="177" weeks="1111111010111111"/>
    <class days="1000000" id="704" start="177" weeks="1111111010111111"/>
    <class days="1000000" id="705" start="177" weeks="1111111010111111"/>
    <class days="1000000" id="706" room="6" start="166" weeks="1111111010110000"/>
    <class days="0000100" id="707" room="32" start="96" weeks="1111110111111110"/>
    <class days="0010000" id="708" room="32" start="96" weeks="1111111010111111"/>
    <class days="0001000" id="709" start="132" weeks="1111110111111110"/>
    <class days="1000000" id="710" start="96" weeks="1111111010111111"/>
    <class days="0000100" id="711" room="70" start="166" weeks="1111110111111110"/>
    <class days="1000000" id="712" room="29" start="106" weeks="1111111010111111"/>
    <class days="0001000" id="713" room="29" start="156" weeks="1111110111111110"/>
    <class days="0001000" id="714" start="153" weeks="1111110111111110"/>
    <class days="0001000" id="715" room="59" start="96" weeks="1111110111111110"/>
    <class days="0001000" id="716" room="59" start="114" weeks="1111110111111110"/>
    <class days="0100000" id="717" room="48" start="126" weeks="1111111010111111"/>
    <class days="0010000" id="718" room="38" start="136" weeks="1111111010111111"/>
    <class days="0100000" id="719" room="38" start="146" weeks="1111111010111111"/>
    <class days="0001000" id="720" room="6" start="166" weeks="1111110111111110"/>
    <class days="0001000" id="721" room="47" start="126" weeks="0000000011111110"/>
    <class days="0010000" id="722" room="51" start="96" weeks="0101010010010101"/>
    <class days="0100000" id="723" room="51" start="136" weeks="1010101000101010"/>
    <class days="0010000" id="724" room="51" start="96" weeks="1010101000101010"/>
    <class days="0100000" id="725" room="51" start="136" weeks="0101010010010101"/>
    <class days="0001000" id="726" start="196" weeks="0101010010101010"/>
    <class days="0000100" id="727" room="29" start="136" weeks="1111110111111110"/>
    <class days="0010000" id="728" room="29" start="156" weeks="1111111010111111"/>
    <class days="0100000" id="729" room="52" start="126" weeks="1111111010111111"/>
    <class days="0000100" id="730" room="36" start="166" weeks="0101010010101010"/>
    <class days="1000000" id="731" start="96" weeks="1111111010111111"/>
    <class days="0001000" id="732" start="132" weeks="1111110111111110"/>
    <class days="0000100" id="733" start="166" weeks="1111110111111110"/>
    <class days="1000000" id="734" room="29" start="166" weeks="1111111010111111"/>
    <class days="0001000" id="735" room="56" start="153" weeks="1111110111111110"/>
    <class days="0010000" id="736" room="59" start="177" weeks="1111111010111111"/>
    <class days="0001000" id="737" room="59" start="132" weeks="1111110111111110"/>
    <class days="0100000" id="738" start="126" weeks="1111111010111111"/>
    <class days="0001000" id="739" room="38" start="156" weeks="1111110111111110"/>
    <class days="1000000" id="740" room="48" start="136" weeks="1111111010111111"/>
    <class days="0000100" id="741" room="51" start="126" weeks="1111110111111110"/>
    <class days="1000000" id="742" room="47" start="186" weeks="1111111010111111"/>
    <class days="0001000" id="743" room="31" start="196" weeks="0101010010101010"/>
    <class days="0010000" id="744" room="29" start="96" weeks="1111111010111111"/>
    <class days="1000000" id="745" room="55" start="206" weeks="1111111010111111"/>
    <class days="0010000" id="746" room="32" start="186" weeks="1111111010111111"/>
    <class days="0001000" id="747" room="69" start="176" weeks="1111110111111110"/>
    <class days="0100000" id="748" room="55" start="206" weeks="1111111010111111"/>
    <class days="0010000" id="749" room="7" start="146" weeks="0000011010100000"/>
    <class days="1000000" id="750" room="6" start="216" weeks="1111111010110000"/>
    <class days="0001000" id="751" room="32" start="206" weeks="1111110111100000"/>
    <class days="0100000" id="752" room="32" start="186" weeks="1111111010110000"/>
    <class days="0100000" id="753" room="70" start="186" weeks="1111111000000000"/>
    <class days="0100000" id="754" room="70" start="186" weeks="0000000010111111"/>
    <class days="0010000" id="755" room="52" start="186" weeks="0000000010111111"/>
    <class days="0001000" id="756" room="40" start="186" weeks="0101010010101010"/>
    <class days="0001000" id="757" room="40" start="186" weeks="1010100101010100"/>
    <class days="0001000" id="758" room="55" start="216" weeks="1111110111111110"/>
    <class days="0100000" id="759" room="44" start="186" weeks="0000001010111111"/>
    <class days="0010000" id="760" room="34" start="166" weeks="1111111010111111"/>
    <class days="0001000" id="761" start="146" weeks="1111110111111110"/>
    <class days="1000000" id="762" start="206" weeks="1111111010111111"/>
    <class days="0010000" id="763" room="6" start="206" weeks="1111111010111111"/>
    <class days="0000100" id="764" room="44" start="196" weeks="1111110111111110"/>
    <class days="0100000" id="765" room="6" start="216" weeks="1111111010111111"/>
    <class days="0010000" id="766" room="32" start="166" weeks="1111111010111111"/>
    <class days="0010000" id="767" room="32" start="126" weeks="1111111010111111"/>
    <class days="0001000" id="768" start="166" weeks="1111110100000000"/>
    <class days="1000000" id="769" start="196" weeks="1111111010111111"/>
    <class days="1000000" id="770" room="70" start="176" weeks="1111111010111111"/>
    <class days="1000000" id="771" room="29" start="206" weeks="1111111010111111"/>
    <class days="0001000" id="772" room="29" start="176" weeks="1111110111111110"/>
    <class days="0001000" id="773" room="40" start="206" weeks="1111110111111110"/>
    <class days="0001000" id="774" room="52" start="106" weeks="1111110111111110"/>
    <class days="0000100" id="775" room="70" start="96" weeks="1111110111111110"/>
    <class days="0001000" id="776" room="76" start="96" weeks="1111110111111110"/>
    <class days="0100000" id="777" room="75" start="126" weeks="0101010010010101"/>
    <class days="0100000" id="778" room="76" start="126" weeks="1010101000101010"/>
    <class days="0010000" id="779" room="46" start="186" weeks="1111111010111111"/>
    <class days="0000100" id="780" room="55" start="186" weeks="1111110111111110"/>
    <class days="1000000" id="781" start="196" weeks="1111111000000000"/>
    <class days="0100000" id="782" room="36" start="186" weeks="1111111010111111"/>
    <class days="0010000" id="783" room="36" start="186" weeks="1111111010111111"/>
    <class days="0010000" id="784" room="40" start="186" weeks="1111111010111111"/>
    <class days="1000000" id="785" room="40" start="186" weeks="1111111010111111"/>
    <class days="0100000" id="786" room="40" start="186" weeks="1111111010111111"/>
    <class days="0010000" id="787" room="48" start="146" weeks="0000000000001111"/>
    <class days="0010000" id="788" room="48" start="146" weeks="1111000000000000"/>
    <class days="1000000" id="789" room="31" start="206" weeks="1111111010111111"/>
    <class days="1000000" id="790" room="32" start="216" weeks="1111111010111111"/>
    <class days="0010000" id="791" room="38" start="206" weeks="1111111010111111"/>
    <class days="0100000" id="792" room="38" start="216" weeks="1111111010111111"/>
    <class days="0010000" id="793" room="70" start="186" weeks="0000000010111111"/>
    <class days="1000000" id="794" room="32" start="186" weeks="1010101000101010"/>
    <class days="1000000" id="795" room="32" start="186" weeks="0101010010010101"/>
    <class days="0000100" id="796" room="75" start="206" weeks="1111110111111110"/>
    <class days="0001000" id="797" room="48" start="186" weeks="1111110111111110"/>
    <class days="0001000" id="798" room="51" start="186" weeks="1111110111111110"/>
    <class days="1000000" id="799" start="176" weeks="1111111010111111"/>
    <class days="1000000" id="800" start="196" weeks="1111111010111111"/>
    <class days="1000000" id="801" start="136" weeks="1111111000000000"/>
    <class days="0100000" id="802" start="96" weeks="0101010010010101"/>
    <class days="0001000" id="803" start="96" weeks="0101010010101010"/>
    <class days="0010000" id="804" start="136" weeks="1111111010111111"/>
    <class days="0001000" id="805" start="96" weeks="1010100101010100"/>
    <class days="0000100" id="806" start="156" weeks="1010100101010100"/>
    <class days="0000100" id="807" start="156" weeks="0101010010101010"/>
    <class days="1000000" id="808" start="116" weeks="1111111010110011"/>
    <class days="0000100" id="809" start="116" weeks="0111110111110010"/>
    <class days="1000000" id="810" start="136" weeks="1111111010110011"/>
    <class days="0001000" id="811" room="57" start="116" weeks="1111110111111110"/>
    <class days="0010000" id="812" start="136" weeks="1111111010111111"/>
    <class days="0001000" id="813" room="57" start="96" weeks="1111110111111110"/>
    <class days="0100000" id="814" room="28" start="96" weeks="1111111010111111"/>
    <class days="0010000" id="815" room="75" start="186" weeks="1100000000000000"/>
    <class days="0010000" id="816" room="75" start="186" weeks="0011110000000000"/>
    <class days="0010000" id="817" room="75" start="186" weeks="0000001010110000"/>
    <class days="0010000" id="818" room="75" start="186" weeks="0000000000001111"/>
    <class days="1011000" id="819" room="18" start="226" weeks="1100000000000000"/>
    <class days="0000100" id="820" room="18" start="96" weeks="1100000000000000"/>
    <class days="1011000" id="821" room="18" start="226" weeks="0011100000000000"/>
    <class days="0000100" id="822" room="18" start="96" weeks="0011000000000000"/>
    <class days="0100000" id="823" room="18" start="136" weeks="1010101000101010"/>
    <class days="0100000" id="824" room="18" start="136" weeks="0101010010010101"/>
    <class days="0100000" id="825" room="18" start="96" weeks="1000000000000000"/>
    <class days="1000000" id="826" room="18" start="186" weeks="1111111000000000"/>
    <class days="1000000" id="827" room="18" start="186" weeks="0000000010111111"/>
    <class days="0100000" id="828" room="18" start="206" weeks="0010000000000000"/>
    <class days="0000100" id="829" start="96" weeks="1111110111111110"/>
    <class days="0100000" id="830" start="156" weeks="0101010010010101"/>
    <class days="0010000" id="831" start="136" weeks="1111111010111111"/>
    <class days="0001000" id="832" start="136" weeks="1111110111111110"/>
    <class days="1000000" id="833" start="146" weeks="1111111010111111"/>
    <class days="0001000" id="834" start="156" weeks="1111110111111110"/>
    <class days="1000000" id="835" start="116" weeks="1010101000101010"/>
    <class days="0100000" id="836" start="116" weeks="1111111010111111"/>
    <class days="0000100" id="837" start="138" weeks="1111110111111110"/>
    <class days="0001000" id="838" start="114" weeks="1111110111111110"/>
    <class days="0010000" id="839" start="96" weeks="0101010010010101"/>
    <class days="0010000" id="840" start="96" weeks="1010101000101010"/>
    <class days="0100000" id="841" start="206" weeks="1111111010111111"/>
    <class days="1000000" id="842" start="176" weeks="1111111010111111"/>
    <class days="0100000" id="843" start="96" weeks="1111111000000000"/>
    <class days="0100000" id="844" start="96" weeks="0000000010111111"/>
    <class days="0001000" id="845" start="176" weeks="1111110100000000"/>
    <class days="0001000" id="846" start="136" weeks="0000000011111110"/>
    <class days="0010000" id="847" start="166" weeks="1010101000101010"/>
    <class days="0010000" id="848" start="176" weeks="1010101000101010"/>
    <class days="0100000" id="849" start="136" weeks="1010101000101010"/>
    <class days="0100000" id="850" start="146" weeks="1010101000101010"/>
    <class days="0100000" id="851" start="168" weeks="1111111010111111"/>
    <class days="0001000" id="852" start="168" weeks="1111110111111110"/>
    <class days="0010000" id="853" start="156" weeks="1111111010111111"/>
    <class days="0100000" id="854" start="126" weeks="1111111000000000"/>
    <class days="1000000" id="855" start="116" weeks="0101010010010101"/>
    <class days="1000000" id="856" start="116" weeks="1010101000101010"/>
    <class days="0001000" id="857" start="146" weeks="1111110111111110"/>
    <class days="1000000" id="858" start="156" weeks="1111111010111111"/>
    <class days="1000000" id="859" start="196" weeks="1010101000100010"/>
    <class days="0000100" id="860" start="176" weeks="0111110111110010"/>
    <class days="1000000" id="861" start="196" weeks="0101010010010001"/>
    <class days="0010000" id="862" start="196" weeks="1010101000100010"/>
    <class days="0010000" id="863" start="196" weeks="0101010010010001"/>
    <class days="1000000" id="864" start="216" weeks="1010101000100010"/>
    <class days="1000000" id="865" start="216" weeks="0101010010010001"/>
    <class days="1000000" id="866" start="96" weeks="1010101000100010"/>
    <class days="1000000" id="867" start="156" weeks="1111111010110011"/>
    <class days="1000000" id="868" start="96" weeks="0101010010010001"/>
    <class days="1000000" id="869" start="116" weeks="1010101000100010"/>
    <class days="1000000" id="870" start="116" weeks="0101010010010001"/>
    <class days="0100000" id="871" start="166" weeks="1010101000100010"/>
    <class days="0100000" id="872" start="166" weeks="0101010010010001"/>
    <class days="0001000" id="873" start="116" weeks="1010100101010000"/>
    <class days="0001000" id="874" start="116" weeks="0101010010100010"/>
    <class days="0001000" id="875" start="136" weeks="1010100101010000"/>
    <class days="0001000" id="876" start="136" weeks="0101010010100010"/>
    <class days="0000100" id="877" start="136" weeks="0010100101010000"/>
    <class days="0000100" id="878" start="136" weeks="0101010010100010"/>
    <class days="0000100" id="879" start="156" weeks="0010100101010000"/>
    <class days="0000100" id="880" start="156" weeks="0101010010100010"/>
    <class days="0010000" id="881" start="176" weeks="1010101000100010"/>
    <class days="0010000" id="882" start="176" weeks="0101010010010001"/>
    <class days="0010000" id="883" start="156" weeks="1010101000100010"/>
    <class days="0010000" id="884" start="156" weeks="0101010010010001"/>
    <class days="1000000" id="885" start="136" weeks="1111111010110011"/>
    <class days="1000000" id="886" start="176" weeks="1111111010110011"/>
    <class days="1000000" id="887" start="116" weeks="1111111010110011"/>
    <class days="1000000" id="888" start="136" weeks="1111111010110011"/>
    <class days="0010000" id="889" start="96" weeks="1111111010110011"/>
    <class days="0001000" id="890" start="96" weeks="1111110111110010"/>
    <class days="0010000" id="891" start="136" weeks="1111111010110011"/>
    <class days="0000100" id="892" start="96" weeks="0010100101010000"/>
    <class days="0100000" id="893" start="141" weeks="1111111010110011"/>
    <class days="0100000" id="894" start="141" weeks="1111111010110011"/>
    <class days="0100000" id="895" start="141" weeks="1111111010110011"/>
    <class days="0100000" id="896" start="141" weeks="1111111010110011"/>
    <class days="0100000" id="897" start="141" weeks="1111111010110011"/>
    <class days="0100000" id="898" start="150" weeks="1111111010110011"/>
    <class days="0100000" id="899" start="150" weeks="1111111010110011"/>
    <class days="0100000" id="900" start="132" weeks="1111111010110011"/>
    <class days="0100000" id="901" start="132" weeks="1111111010110011"/>
    <class days="0100000" id="902" start="132" weeks="1111111010110011"/>
    <class days="0100000" id="903" start="132" weeks="1111111010110011"/>
    <class days="0100000" id="904" start="132" weeks="1111111010110011"/>
    <class days="0010000" id="905" start="96" weeks="1111111010110011"/>
    <class days="0010000" id="906" start="116" weeks="1111111010110011"/>
    <class days="0000100" id="907" start="136" weeks="0111110111110010"/>
    <class days="0001000" id="908" start="136" weeks="1111110111110010"/>
    <class days="0001000" id="909" start="156" weeks="1111110111110010"/>
    <class days="0001000" id="910" start="196" weeks="1111110111110010"/>
    <class days="0001000" id="911" start="136" weeks="1111110111110010"/>
    <class days="0001000" id="912" start="116" weeks="1111110111110010"/>
    <class days="0000100" id="913" start="136" weeks="0111110111110010"/>
    <class days="0000100" id="914" start="156" weeks="0111110111110010"/>
    <class days="0010000" id="915" start="116" weeks="1111111010110011"/>
    <class days="1000000" id="916" start="136" weeks="1111111010110011"/>
    <class days="0000100" id="917" start="136" weeks="0111110111110010"/>
    <class days="1000000" id="918" start="116" weeks="1111111010110011"/>
    <class days="1000000" id="919" start="136" weeks="1111111010110011"/>
    <class days="1000000" id="920" start="196" weeks="1111111010110011"/>
    <class days="0010000" id="921" start="196" weeks="1111111010110011"/>
    <class days="1000000" id="922" start="136" weeks="1010101000101010"/>
    <class days="1000000" id="923" start="156" weeks="1010101000101010"/>
    <class days="1000000" id="924" start="136" weeks="0101010010010101"/>
    <class days="1000000" id="925" start="176" weeks="1010101000101010"/>
    <class days="1000000" id="926" start="116" weeks="1111111010111111"/>
    <class days="0010000" id="927" start="116" weeks="1111111010111111"/>
    <class days="0001000" id="928" start="96" weeks="1111110111111110"/>
    <class days="0001000" id="929" start="116" weeks="1111110111111110"/>
    <class days="0010000" id="930" start="206" weeks="0101010010010101"/>
    <class days="1000000" id="931" start="156" weeks="0101010010010101"/>
    <class days="0100000" id="932" start="196" weeks="0101010010010101"/>
    <class days="0100000" id="933" start="196" weeks="1010101000101010"/>
    <class days="0001000" id="934" start="166" weeks="1010100101010100"/>
    <class days="0100000" id="935" start="96" weeks="0101010010010101"/>
    <class days="0001000" id="936" start="166" weeks="0101010010101010"/>
    <class days="0100000" id="937" start="106" weeks="1010101000101010"/>
    <class days="0000100" id="938" start="156" weeks="0111110111111110"/>
    <class days="0000100" id="939" start="126" weeks="0010100101010100"/>
    <class days="0000100" id="940" start="126" weeks="0101010010101010"/>
    <class days="0010000" id="941" start="96" weeks="1010101000101010"/>
    <class days="0010000" id="942" start="226" weeks="0101010010010101"/>
    <class days="0001000" id="943" start="186" weeks="1111110100000000"/>
    <class days="0001000" id="944" start="136" weeks="0101010010101010"/>
    <class days="0001000" id="945" start="186" weeks="1111110100000000"/>
    <class days="0001000" id="946" start="186" weeks="1111110100000000"/>
    <class days="0000100" id="947" start="96" weeks="0111110110000000"/>
    <class days="0000100" id="948" start="96" weeks="0111110110000000"/>
    <class days="0100000" id="949" start="159" weeks="1111111010111111"/>
    <class days="0100000" id="950" start="159" weeks="1111111010111111"/>
    <class days="0100000" id="951" start="159" weeks="1111111010111111"/>
    <class days="0100000" id="952" start="168" weeks="1111111010111111"/>
    <class days="0100000" id="953" start="168" weeks="1111111010111111"/>
    <class days="0010000" id="954" start="166" weeks="1111111010111111"/>
    <class days="0010000" id="955" start="96" weeks="1111111000000000"/>
    <class days="0010000" id="956" start="136" weeks="1111111010111111"/>
    <class days="0001000" id="957" start="206" weeks="1111110111111110"/>
    <class days="0001000" id="958" start="136" weeks="1111110111111110"/>
    <class days="1000000" id="959" start="226" weeks="0101010010010101"/>
    <class days="1000000" id="960" start="226" weeks="1010101000101010"/>
    <class days="1000000" id="961" start="176" weeks="0000000010111111"/>
    <class days="1000000" id="962" start="156" weeks="1010101000101010"/>
    <class days="1000000" id="963" start="156" weeks="0101010010010101"/>
    <class days="0100000" id="964" start="176" weeks="1010101000101010"/>
    <class days="0100000" id="965" start="176" weeks="0101010010010101"/>
    <class days="1000000" id="966" start="96" weeks="1010101000101010"/>
    <class days="0100000" id="967" start="216" weeks="1111111000000000"/>
    <class days="0000100" id="968" start="96" weeks="1000000000000000"/>
    <class days="0100000" id="969" start="216" weeks="0000000010111111"/>
    <class days="0100000" id="970" start="216" weeks="1111111000000000"/>
    <class days="0100000" id="971" start="216" weeks="0000000010111111"/>
    <class days="0000100" id="972" start="96" weeks="0111110111111110"/>
    <class days="0100000" id="973" start="156" weeks="0000000010111111"/>
    <class days="0100000" id="974" start="156" weeks="1111111000000000"/>
    <class days="0001000" id="975" start="126" weeks="0000000011111110"/>
    <class days="0001000" id="976" start="126" weeks="1111110100000000"/>
    <class days="0000100" id="977" start="196" weeks="1111110100000000"/>
    <class days="0000100" id="978" start="196" weeks="0000000011111110"/>
    <class days="1000000" id="979" start="126" weeks="1111111000000000"/>
    <class days="1000000" id="980" start="126" weeks="0000000010111111"/>
    <class days="0001000" id="981" start="96" weeks="1111110100000000"/>
    <class days="0001000" id="982" start="96" weeks="0000000011111110"/>
    <class days="0010000" id="983" start="166" weeks="1111111010111111"/>
    <class days="0001000" id="984" start="206" weeks="1111110111111110"/>
    <class days="0010000" id="985" start="196" weeks="1111111010111111"/>
    <class days="0001000" id="986" start="116" weeks="1111110111111110"/>
    <class days="0001000" id="987" start="176" weeks="1111110111111110"/>
    <class days="1000000" id="988" start="146" weeks="1111111010111111"/>
    <class days="0100000" id="989" start="96" weeks="1111111010111111"/>
    <class days="0001000" id="990" start="96" weeks="1111110111111110"/>
    <class days="0001000" id="991" start="105" weeks="1111110111111110"/>
    <class days="0100000" id="992" start="116" weeks="1111111010111111"/>
    <class days="0100000" id="993" start="158" weeks="1111111010111111"/>
    <class days="0100000" id="994" start="168" weeks="1111111010111111"/>
    <class days="1000000" id="995" start="96" weeks="1111111010111111"/>
    <class days="1000000" id="996" start="136" weeks="1111111010111111"/>
    <class days="1000000" id="997" start="96" weeks="1111111010111111"/>
    <class days="0000100" id="998" start="126" weeks="1111110111111110"/>
    <class days="1000000" id="999" start="116" weeks="1111111010111111"/>
    <class days="0000100" id="1000" start="126" weeks="1111110111111110"/>
    <class days="1000000" id="1001" start="136" weeks="1111111010111111"/>
    <class days="1000000" id="1002" start="96" weeks="1111111010111111"/>
    <class days="1000000" id="1003" start="136" weeks="1111111010111111"/>
    <class days="0001000" id="1004" start="96" weeks="1111110111111110"/>
    <class days="1000000" id="1005" start="156" weeks="1111111010111111"/>
    <class days="0001000" id="1006" start="96" weeks="1111110111111110"/>
    <class days="0001000" id="1007" start="176" weeks="1111110111111110"/>
    <class days="0010000" id="1008" start="146" weeks="1111111010111111"/>
    <class days="0001000" id="1009" start="176" weeks="1111110111111110"/>
    <class days="0010000" id="1010" start="116" weeks="1111111010111111"/>
    <class days="0100000" id="1011" start="132" weeks="1111111010111111"/>
    <class days="0100000" id="1012" start="132" weeks="1111111010111111"/>
    <class days="0100000" id="1013" start="132" weeks="1111111010111111"/>
    <class days="0100000" id="1014" start="132" weeks="1111111010111111"/>
    <class days="0100000" id="1015" start="132" weeks="1111111010111111"/>
    <class days="0010000" id="1016" start="96" weeks="0000000010111111"/>
    <class days="0100000" id="1017" start="196" weeks="1111111000000000"/>
    <class days="0100000" id="1018" start="196" weeks="0000000010111111"/>
    <class days="0001000" id="1019" start="156" weeks="1111110100000000"/>
    <class days="1000000" id="1020" start="226" weeks="1010101000101010"/>
    <class days="1000000" id="1021" start="226" weeks="0101010010010101"/>
    <class days="1000000" id="1022" start="176" weeks="1111111000000000"/>
    <class days="0001000" id="1023" start="126" weeks="0000000011111110"/>
    <class days="0001000" id="1024" start="126" weeks="1111110100000000"/>
    <class days="0001000" id="1025" start="176" weeks="1111110100000000"/>
    <class days="0001000" id="1026" start="176" weeks="0000000011111110"/>
    <class days="0010000" id="1027" start="196" weeks="0000000010111111"/>
    <class days="0010000" id="1028" start="196" weeks="1111111000000000"/>
    <class days="0000100" id="1029" start="116" weeks="0000000011111110"/>
    <class days="0000100" id="1030" start="116" weeks="1111110100000000"/>
    <class days="0100000" id="1031" start="204" weeks="1111111010111111"/>
    <class days="0010000" id="1032" start="192" weeks="1111111010111111"/>
    <class days="0100000" id="1033" start="222" weeks="1111111010111111"/>
    <class days="0100000" id="1034" start="150" weeks="1111111010111111"/>
    <class days="0100000" id="1035" start="132" weeks="1111111010111111"/>
    <class days="0000100" id="1036" start="114" weeks="1111110111111110"/>
    <class days="0000100" id="1037" start="132" weeks="1111110111111110"/>
    <class days="0000100" id="1038" start="114" weeks="1111110111111110"/>
    <class days="0000100" id="1039" start="96" weeks="1111110111111110"/>
    <class days="0100000" id="1040" start="96" weeks="1111111010111111"/>
    <class days="0100000" id="1041" start="96" weeks="1111111010111111"/>
    <class days="0100000" id="1042" start="96" weeks="1111111010111111"/>
    <class days="0100000" id="1043" start="96" weeks="1111111010111111"/>
    <class days="0010000" id="1044" start="116" weeks="1111111010111111"/>
    <class days="0001000" id="1045" start="156" weeks="1111110111111110"/>
    <class days="0010000" id="1046" start="146" weeks="1111111010111111"/>
    <class days="0001000" id="1047" start="116" weeks="1111110111111110"/>
    <class days="1000000" id="1048" start="116" weeks="1111111010111111"/>
    <class days="1000000" id="1049" start="195" weeks="0101010010010101"/>
    <class days="1000000" id="1050" start="195" weeks="1010101000101010"/>
    <class days="1000000" id="1051" start="195" weeks="1010101000101010"/>
    <class days="1000000" id="1052" start="195" weeks="0101010010010101"/>
    <class days="1000000" id="1053" start="216" weeks="1010101000101010"/>
    <class days="0001000" id="1054" start="174" weeks="1010100101010100"/>
    <class days="1000000" id="1055" start="216" weeks="0101010010010101"/>
    <class days="0001000" id="1056" start="174" weeks="0101010010101010"/>
    <class days="1000000" id="1057" start="96" weeks="1010101000101010"/>
    <class days="0001000" id="1058" start="96" weeks="1111110111111110"/>
    <class days="0000100" id="1059" start="156" weeks="0101010010101010"/>
    <class days="0000100" id="1060" start="106" weeks="1111110111111110"/>
    <class days="1000000" id="1061" start="116" weeks="1111111010111111"/>
    <class days="0010000" id="1062" start="96" weeks="1111111010111111"/>
    <class days="0100000" id="1063" start="176" weeks="1111111000000000"/>
    <class days="0010000" id="1064" start="136" weeks="1111111010111111"/>
    <class days="0010000" id="1065" start="96" weeks="1111111010111111"/>
    <class days="1000000" id="1066" start="176" weeks="1111111010111111"/>
    <class days="0000100" id="1067" start="136" weeks="1111110111111110"/>
    <class days="0000100" id="1068" start="96" weeks="1111110111111110"/>
    <class days="0000100" id="1069" start="96" weeks="1111110111111110"/>
    <class days="0000100" id="1070" start="186" weeks="1111110111111110"/>
    <class days="0000100" id="1071" start="186" weeks="1111110111111110"/>
    <class days="0000100" id="1072" start="186" weeks="1111110111111110"/>
    <class days="0000100" id="1073" start="186" weeks="1111110111111110"/>
    <class days="0100000" id="1074" start="180" weeks="1010101000101010"/>
    <class days="0100000" id="1075" start="156" weeks="1111111010111111"/>
    <class days="0000100" id="1076" start="96" weeks="1010100101010100"/>
    <class days="0000100" id="1077" start="96" weeks="0101010010101010"/>
    <class days="0001000" id="1078" start="146" weeks="1111110111111110"/>
    <class days="1000000" id="1079" start="126" weeks="1010101000101010"/>
    <class days="0000100" id="1080" start="126" weeks="1111110111111110"/>
    <class days="0001000" id="1081" start="126" weeks="1111110111111110"/>
    <class days="1000000" id="1082" start="150" weeks="1111111010111111"/>
    <class days="1000000" id="1083" start="180" weeks="1111111010111111"/>
    <class days="0001000" id="1084" start="96" weeks="1111110111111110"/>
    <class days="0100000" id="1085" start="96" weeks="1111111010111111"/>
    <class days="0001000" id="1086" start="114" weeks="1111110111111110"/>
    <class days="0100000" id="1087" start="114" weeks="1111111010111111"/>
    <class days="0010000" id="1088" start="189" weeks="1111111010111111"/>
    <class days="1000000" id="1089" start="207" weeks="1111111010111111"/>
    <class days="0010000" id="1090" start="96" weeks="1111111010111111"/>
    <class days="0000100" id="1091" start="166" weeks="1111110111111110"/>
    <class days="0010000" id="1092" start="166" weeks="0101010010010101"/>
    <class days="0100000" id="1093" start="236" weeks="1111111010111111"/>
    <class days="0001000" id="1094" start="166" weeks="1111110111111110"/>
    <class days="0010000" id="1095" start="146" weeks="0101010010010101"/>
    <class days="0100000" id="1096" start="136" weeks="1111111010111111"/>
    <class days="0010000" id="1097" start="146" weeks="1010101000101010"/>
    <class days="0010000" id="1098" start="166" weeks="1010101000101010"/>
    <class days="1000000" id="1099" start="96" weeks="1111111010111000"/>
    <class days="0000100" id="1100" start="146" weeks="0000000000001110"/>
    <class days="0000100" id="1101" start="116" weeks="0000000000001110"/>
    <class days="0000100" id="1102" start="146" weeks="1111110111110000"/>
    <class days="0000100" id="1103" start="166" weeks="0000000000001110"/>
    <class days="0000100" id="1104" start="156" weeks="1111110111110000"/>
    <class days="1000000" id="1105" start="96" weeks="0000000000000111"/>
    <class days="0001000" id="1106" start="116" weeks="1111110111110000"/>
    <class days="0010000" id="1107" start="176" weeks="1111111010111111"/>
    <class days="0010000" id="1108" start="116" weeks="1111111010111111"/>
    <class days="1000000" id="1109" start="176" weeks="1111111010111111"/>
    <class days="0000100" id="1110" start="126" weeks="1111110111111110"/>
    <class days="1000000" id="1111" start="204" weeks="1010101000101010"/>
    <class days="1000000" id="1112" start="156" weeks="1010101000101010"/>
    <class days="1000000" id="1113" start="204" weeks="0101010010010101"/>
    <class days="1000000" id="1114" start="222" weeks="1010101000101010"/>
    <class days="0100000" id="1115" start="96" weeks="1111111010111111"/>
    <class days="0100000" id="1116" start="116" weeks="1010101000101010"/>
    <class days="0100000" id="1117" start="116" weeks="0101010010010101"/>
    <class days="1000000" id="1118" start="156" weeks="0101010010010101"/>
    <class days="0001000" id="1119" start="114" weeks="1111110111111110"/>
    <class days="0001000" id="1120" start="114" weeks="1111110111111110"/>
    <class days="0001000" id="1121" start="114" weeks="1111110111111110"/>
    <class days="0001000" id="1122" start="206" weeks="1010100101010100"/>
    <class days="0001000" id="1123" start="176" weeks="1010100101010100"/>
    <class days="0001000" id="1124" start="176" weeks="0101010010101010"/>
    <class days="1000000" id="1125" start="176" weeks="1010101000101010"/>
    <class days="0001000" id="1126" start="156" weeks="1010100101010100"/>
    <class days="0000100" id="1127" start="146" weeks="1111110111111110"/>
    <class days="1000000" id="1128" start="136" weeks="1111111010111111"/>
    <class days="0000100" id="1129" start="166" weeks="1111110111111110"/>
    <class days="0100000" id="1130" start="162" weeks="1111111010111111"/>
    <class days="0100000" id="1131" start="138" weeks="1111111010111111"/>
    <class days="0000100" id="1132" start="162" weeks="1111110111111110"/>
    <class days="0001000" id="1133" start="180" weeks="1111110111111110"/>
    <class days="0000100" id="1134" start="96" weeks="1111110111111110"/>
    <class days="0001000" id="1135" start="146" weeks="0101010010101010"/>
    <class days="1000000" id="1136" start="96" weeks="1111111010111111"/>
    <class days="0100000" id="1137" start="116" weeks="1111111010111111"/>
    <class days="0000100" id="1138" start="156" weeks="1010100101010100"/>
    <class days="0000100" id="1139" start="156" weeks="0101010010101010"/>
    <class days="0000100" id="1140" start="116" weeks="1010100101010100"/>
    <class days="0100000" id="1141" start="96" weeks="1111111010111111"/>
    <class days="0010000" id="1142" start="96" weeks="1010101000101010"/>
    <class days="0001000" id="1143" start="136" weeks="1111110111111110"/>
    <class days="0010000" id="1144" start="96" weeks="0101010010010101"/>
    <class days="1000000" id="1145" start="176" weeks="1111111010111111"/>
    <class days="0010000" id="1146" start="116" weeks="1111111010111111"/>
    <class days="0100000" id="1147" start="186" weeks="1111111000000000"/>
    <class days="1000000" id="1148" start="206" weeks="1111111010111111"/>
    <class days="0001000" id="1149" start="176" weeks="1111110111111110"/>
    <class days="0000100" id="1150" start="96" weeks="1010100101010100"/>
    <class days="0100000" id="1151" start="116" weeks="1111111010111111"/>
    <class days="0010000" id="1152" start="168" weeks="1111111010111111"/>
    <class days="1000000" id="1153" start="132" weeks="1111111010111111"/>
    <class days="0001000" id="1154" start="156" weeks="1111110111111110"/>
    <class days="0001000" id="1155" start="206" weeks="0101010010101010"/>
    <class days="0100000" id="1156" start="136" weeks="1010101000101010"/>
    <class days="0010000" id="1157" start="166" weeks="1111111010111111"/>
    <class days="0100000" id="1158" start="136" weeks="0101010010010101"/>
    <class days="0100000" id="1159" start="156" weeks="1111111010111111"/>
    <class days="0010000" id="1160" start="136" weeks="1111111010111111"/>
    <class days="0000100" id="1161" start="136" weeks="1111110111111110"/>
    <class days="1000000" id="1162" start="136" weeks="0101010010010101"/>
    <class days="0100000" id="1163" start="196" weeks="1111111010111111"/>
    <class days="1000000" id="1164" start="136" weeks="1010101000101010"/>
    <class days="0001000" id="1165" start="176" weeks="1010100101010100"/>
    <class days="0001000" id="1166" start="176" weeks="0101010010101010"/>
    <class days="1000000" id="1167" start="96" weeks="0101010010010101"/>
    <class days="1000000" id="1168" start="196" weeks="1111111010111111"/>
    <class days="1000000" id="1169" start="96" weeks="1010101000101010"/>
    <class days="0010000" id="1170" start="96" weeks="1111111010111111"/>
    <class days="0100000" id="1171" start="96" weeks="1111111010111111"/>
    <class days="0010000" id="1172" start="114" weeks="1111111010111111"/>
    <class days="0100000" id="1173" start="136" weeks="0101010010010101"/>
    <class days="1000000" id="1174" start="116" weeks="1010101000101010"/>
    <class days="0100000" id="1175" start="136" weeks="1010101000101010"/>
    <class days="1000000" id="1176" start="96" weeks="1010101000101010"/>
    <class days="0100000" id="1177" start="176" weeks="1010101000101010"/>
    <class days="1000000" id="1178" start="96" weeks="0101010010010101"/>
    <class days="0001000" id="1179" start="96" weeks="1111110111111110"/>
    <class days="0001000" id="1180" start="96" weeks="1111110111111110"/>
    <class days="0000100" id="1181" start="146" weeks="1111110100000000"/>
    <class days="0100000" id="1182" start="96" weeks="1111000000000000"/>
    <class days="0000100" id="1183" start="106" weeks="1111110100000000"/>
    <class days="0001000" id="1184" start="96" weeks="1111110111111110"/>
    <class days="0001000" id="1185" start="96" weeks="1111110111111110"/>
    <class days="0001000" id="1186" start="166" weeks="1111110111111110"/>
    <class days="0000100" id="1187" start="166" weeks="1111110111111110"/>
    <class days="0010000" id="1188" start="176" weeks="1111111010111111"/>
    <class days="0010000" id="1189" start="156" weeks="1111111010111111"/>
    <class days="0010000" id="1190" start="176" weeks="1111111010111111"/>
    <class days="0001000" id="1191" start="166" weeks="1111110111111110"/>
    <class days="0000100" id="1192" start="126" weeks="1010100101010100"/>
    <class days="1000000" id="1193" start="176" weeks="1111111010111111"/>
    <class days="0000100" id="1194" start="126" weeks="0101010010101010"/>
    <class days="0100000" id="1195" start="144" weeks="1111111010111111"/>
    <class days="0100000" id="1196" start="117" weeks="1111111010111111"/>
    <class days="0001000" id="1197" start="136" weeks="1111110111111110"/>
    <class days="0100000" id="1198" start="176" weeks="1111111010111111"/>
    <class days="0001000" id="1199" start="146" weeks="1111110111111110"/>
    <class days="0001000" id="1200" start="177" weeks="1111110111111110"/>
    <class days="0001000" id="1201" start="177" weeks="1111110111111110"/>
    <class days="0001000" id="1202" start="177" weeks="1111110111111110"/>
    <class days="0001000" id="1203" start="177" weeks="1111110111111110"/>
    <class days="0000100" id="1204" start="126" weeks="0000000100000000"/>
    <class days="0000100" id="1205" start="126" weeks="0000100000000000"/>
    <class days="0010000" id="1206" start="116" weeks="0101010010010101"/>
    <class days="0100000" id="1207" start="116" weeks="0101010010010101"/>
    <class days="0100000" id="1208" start="116" weeks="1010101000101010"/>
    <class days="0001000" id="1209" start="146" weeks="0111110111111110"/>
    <class days="0100000" id="1210" start="96" weeks="0111111010111111"/>
    <class days="0001000" id="1211" start="126" weeks="0111110111111110"/>
    <class days="0100000" id="1212" start="176" weeks="1010101000101010"/>
    <class days="0100000" id="1213" start="116" weeks="0101010010010101"/>
    <class days="0001000" id="1214" start="126" weeks="1111110111111110"/>
    <class days="1000000" id="1215" start="96" weeks="1111111010111111"/>
    <class days="0001000" id="1216" start="146" weeks="1111110111111110"/>
    <class days="0010000" id="1217" start="116" weeks="1010101000101010"/>
    <class days="0010000" id="1218" start="156" weeks="1111111010111111"/>
    <class days="0010000" id="1219" start="136" weeks="1111111010111111"/>
    <class days="0010000" id="1220" start="136" weeks="1111111010111111"/>
    <class days="0010000" id="1221" start="176" weeks="1111111010111111"/>
    <class days="0010000" id="1222" start="156" weeks="1111111010111111"/>
    <class days="0100000" id="1223" start="206" weeks="0001000000000000"/>
    <class days="0000100" id="1224" start="126" weeks="0100000000000000"/>
    <class days="0000100" id="1225" start="126" weeks="1000000000000000"/>
    <class days="0100000" id="1226" start="206" weeks="1000000000000000"/>
    <class days="0100000" id="1227" start="206" weeks="0100000000000000"/>
    <class days="1000000" id="1228" start="226" weeks="1111111010111111"/>
    <class days="1011000" id="1229" start="226" weeks="0011100000000000"/>
    <class days="0000100" id="1230" start="96" weeks="0011000000000000"/>
    <class days="0010000" id="1231" start="226" weeks="1111111010111111"/>
    <class days="1011000" id="1232" start="226" weeks="0000111000000000"/>
    <class days="0000100" id="1233" start="96" weeks="0000110000000000"/>
    <class days="0010000" id="1234" start="96" weeks="1111111010111111"/>
    <class days="0010000" id="1235" start="206" weeks="1111111010111111"/>
    <class days="0001000" id="1236" start="96" weeks="1111110111111110"/>
    <class days="0001000" id="1237" start="226" weeks="1111110111111110"/>
    <class days="1000000" id="1238" start="206" weeks="1111111010111111"/>
    <class days="0001000" id="1239" start="206" weeks="1111110111111110"/>
</solution>
