fes;time;f
1;94;2147485875
3;141;2147485874
13;219;2147485873
17;250;2147485872
18;266;2147485867
26;297;2147485864
29;312;2147485861
37;359;2147485860
42;375;2147485859
51;422;2147485858
52;422;2147485855
55;437;2147485853
57;453;2147485852
63;484;2147485850
64;484;2147485849
73;531;2147485848
80;562;2147485847
81;562;2147485846
83;578;2147485844
93;625;2147485841
97;640;2147485838
112;719;2147485837
124;765;2147485836
128;781;2147485833
130;797;2147485832
135;812;2147485831
137;828;2147485830
150;890;2147485827
158;922;2147485826
159;922;2147485825
163;937;2147485824
173;984;2147485822
174;1000;2147485819
190;1062;2147485817
194;1093;2147485816
196;1093;2147485813
198;1109;2147485811
206;1140;2147485809
219;1203;2147485807
221;1203;2147485804
224;1218;2147485802
225;1234;2147485801
228;1234;2147485800
234;1265;2147485799
235;1281;2147485798
238;1297;2147485797
242;1312;2147485796
246;1328;2147485795
247;1328;2147485794
252;1359;2147485793
257;1375;2147485792
262;1406;2147485791
267;1422;2147485790
275;1453;2147485788
282;1484;2147485785
283;1500;2147485784
292;1531;2147485782
300;1578;2147485781
301;1578;2147485780
307;1609;2147485777
312;1625;2147485776
318;1656;2147485775
322;1671;2147485772
323;1671;2147485771
328;1703;2147485768
336;1734;2147485767
337;1734;2147485766
339;1750;2147485764
344;1765;2147485763
349;1796;2147485761
363;1859;2147485760
367;1875;2147485756
370;1890;2147485755
387;1968;2147485754
391;1984;2147485753
396;2015;2147485748
398;2015;2147485746
400;2031;2147485745
401;2031;2147485742
404;2046;2147485741
407;2062;2147485737
415;2093;2147485734
416;2093;2147485733
418;2109;2147485732
441;2218;2147485731
455;2281;2147485729
461;2312;2147485726
462;2312;2147485724
470;2359;2147485717
477;2390;2147485714
479;2406;2147485713
481;2406;2147485710
508;2531;2147485709
513;2562;2147485708
514;2562;2147485707
515;2578;2147485706
520;2593;2147485705
524;2609;2147485702
533;2656;2147485695
538;2671;2147485692
541;2687;2147485691
549;2718;2147485690
551;2734;2147485685
559;2765;2147485684
572;2827;2147485682
575;2843;2147485681
585;2890;2147485680
589;2906;2147485678
591;2921;2147485677
599;2952;2147485676
615;3031;2147485672
620;3046;2147485671
621;3062;2147485670
623;3062;2147485669
634;3109;2147485668
650;3187;2147485666
651;3187;2147485665
658;3218;2147485664
672;3280;2147485663
675;3296;2147485662
680;3327;2147485660
685;3343;2147485658
686;3343;2147485657
704;3437;2147485656
709;3452;2147485654
712;3468;2147485653
722;3515;2147485652
726;3530;2147485651
732;3562;2147485648
734;3562;2147485645
752;3655;2147485644
753;3655;2147485641
754;3655;2147485640
773;3749;2147485638
775;3749;2147485637
777;3765;2147485635
783;3780;2147485634
787;3812;2147485632
798;3858;2147485629
799;3858;2147485627
814;3921;2147485626
818;3952;2147485624
823;3968;2147485622
830;3999;2147485619
831;3999;2147485617
848;4077;2147485616
850;4093;2147485615
864;4155;2147485614
868;4171;2147485612
889;4265;2147485611
890;4280;2147485610
891;4280;2147485607
901;4327;2147485606
910;4358;2147485604
920;4405;2147485599
925;4436;2147485598
930;4452;2147485596
931;4452;2147485595
942;4515;2147485592
949;4546;2147485591
955;4577;2147485589
987;4718;2147485588
990;4733;2147485587
999;4765;2147485586
1009;4811;2147485585
1010;4827;2147485579
1026;4889;2147485578
1034;4936;2147485577
1035;4936;2147485576
1049;4999;2147485574
1050;4999;2147485573
1057;5030;2147485572
1071;5093;2147485571
1076;5124;2147485570
1079;5139;2147485569
1082;5155;2147485566
1084;5155;2147485565
1086;5171;2147485564
1090;5186;2147485563
1092;5202;2147485562
1095;5202;2147485561
1099;5233;2147485559
1110;5280;2147485558
1119;5311;2147485557
1145;5436;2147485556
1153;5483;2147485555
1154;5483;2147485554
1155;5483;2147485552
1163;5530;2147485550
1174;5577;2147485547
1179;5592;2147485546
1183;5624;2147485544
1192;5655;2147485543
1196;5686;2147485542
1198;5686;2147485540
1209;5749;2147485539
1219;5796;2147485538
1224;5811;2147485537
1235;5858;2147485536
1240;5889;2147485534
1246;5905;2147485533
1258;5967;2147485532
1265;5999;2147485529
1268;6014;2147485527
1270;6014;2147485526
1274;6030;2147485524
1277;6045;2147485522
1290;6108;2147485521
1297;6139;2147485520
1299;6155;2147485519
1310;6202;2147485516
1314;6217;2147485514
1322;6249;2147485512
1326;6280;2147485511
1327;6280;2147485510
1334;6311;2147485509
1345;6358;2147485508
1348;6374;2147485507
1351;6389;2147485505
1361;6436;2147485503
1370;6467;2147485502
1371;6467;2147485501
1387;6545;2147485500
1389;6561;2147485498
1395;6577;2147485496
1402;6608;2147485492
1408;6639;2147485489
1410;6655;2147485488
1418;6686;2147485487
1426;6717;2147485481
1432;6748;2147485479
1436;6764;2147485477
1437;6780;2147485475
1441;6795;2147485474
1446;6811;2147485472
1456;6858;2147485471
1459;6873;2147485470
1466;6905;2147485468
1471;6920;2147485467
1479;6971;2147485464
1481;6975;2147485463
1486;6991;2147485461
1490;7006;2147485456
1493;7022;2147485455
1496;7038;2147485454
1499;7053;2147485453
1501;7069;2147485452
1505;7085;2147485449
1537;7225;2147485448
1547;7272;2147485445
1553;7303;2147485443
1554;7303;2147485442
1558;7319;2147485441
1559;7334;2147485439
1579;7428;2147485438
1580;7428;2147485437
1581;7428;2147485436
1591;7475;2147485435
1611;7569;2147485434
1627;7647;2147485432
1630;7662;2147485431
1631;7662;2147485430
1649;7741;2147485428
1665;7819;2147485426
1673;7850;2147485424
1681;7897;2147485423
1695;7959;2147485422
1707;8006;2147485421
1718;8053;2147485419
1730;8116;2147485417
1733;8131;2147485415
1734;8131;2147485414
1738;8147;2147485411
1743;8178;2147485409
1747;8194;2147485408
1751;8209;2147485407
1772;8303;2147485405
1776;8319;2147485403
1789;8381;2147485401
1797;8412;2147485398
1800;8428;2147485397
1809;8459;2147485396
1811;8475;2147485394
1815;8490;2147485393
1817;8506;2147485392
1829;8553;2147485390
1834;8584;2147485389
1836;8584;2147485387
1843;8615;2147485386
1852;8662;2147485385
1859;8694;2147485383
1870;8740;2147485382
1871;8740;2147485381
1887;8819;2147485377
1891;8834;2147485376
1893;8850;2147485375
1897;8865;2147485374
1898;8865;2147485373
1938;9053;2147485372
1946;9084;2147485371
1950;9100;2147485370
1956;9131;2147485369
1980;9240;2147485368
1987;9272;2147485366
1991;9287;2147485364
1993;9303;2147485363
2004;9350;2147485362
2005;9350;2147485361
2021;9428;2147485360
2026;9459;2147485358
2037;9506;2147485356
2051;9568;2147485355
2054;9568;2147485351
2062;9615;2147485349
2075;9678;2147485348
2082;9709;2147485347
2103;9803;2147485346
2125;9896;2147485345
2134;9943;2147485344
2136;9959;2147485343
2138;9959;2147485342
2166;10084;2147485341
2172;10115;2147485340
2177;10131;2147485338
2211;10287;2147485337
2224;10349;2147485335
2225;10349;2147485334
2243;10428;2147485333
2244;10428;2147485332
2250;10459;2147485330
2265;10521;2147485329
2298;10677;2147485327
2307;10724;2147485326
2326;10802;2147485325
2331;10834;2147485324
2332;10834;2147485322
2334;10834;2147485320
2335;10849;2147485319
2351;10912;2147485318
2352;10927;2147485317
2354;10927;2147485316
2362;10974;2147485315
2372;11021;2147485314
2374;11021;2147485313
2385;11084;2147485312
2386;11084;2147485311
2389;11099;2147485309
2411;11193;2147485308
2432;11302;2147485307
2436;11318;2147485305
2437;11318;2147485304
2442;11349;2147485303
2446;11365;2147485302
2458;11412;2147485301
2470;11474;2147485300
2478;11505;2147485298
2488;11552;2147485297
2494;11584;2147485295
2496;11584;2147485294
2500;11599;2147485292
2525;11708;2147485291
2535;11755;2147485290
2539;11771;2147485289
2544;11802;2147485287
2562;11880;2147485282
2578;11958;2147485281
2588;11990;2147485280
2592;12021;2147485279
2594;12021;2147485278
2596;12037;2147485276
2622;12161;2147485275
2632;12208;2147485274
2634;12208;2147485273
2667;12365;2147485270
2669;12365;2147485269
2675;12396;2147485268
2681;12427;2147485267
2691;12474;2147485266
2709;12552;2147485265
2726;12630;2147485263
2729;12646;2147485262
2732;12661;2147485261
2736;12677;2147485260
2764;12802;2147485259
2780;12880;2147485258
2788;12911;2147485256
2790;12927;2147485255
2791;12927;2147485254
2794;12943;2147485253
2799;12974;2147485250
2815;13052;2147485249
2817;13052;2147485247
2822;13083;2147485245
2862;13271;2147485243
2863;13271;2147485239
2869;13302;2147485238
2887;13380;2147485237
2907;13458;2147485230
2919;13521;2147485229
2920;13521;2147485228
2922;13536;2147485217
2926;13552;2147485216
2950;13661;2147485215
2953;13677;2147485213
2957;13692;2147485210
2966;13739;2147485209
2978;13802;2147485208
2979;13802;2147485206
2989;13849;2147485204
2999;13880;2147485203
3003;13911;2147485202
3019;13974;2147485201
3022;13989;2147485200
3034;14052;2147485199
3035;14052;2147485198
3047;14114;2147485195
3051;14130;2147485194
3062;14177;2147485193
3077;14239;2147485192
3090;14302;2147485191
3099;14349;2147485190
3125;14458;2147485189
3137;14520;2147485188
3138;14520;2147485187
3155;14598;2147485186
3174;14692;2147485184
3189;14755;2147485183
3192;14770;2147485182
3195;14786;2147485181
3197;14786;2147485180
3209;14848;2147485179
3212;14848;2147485177
3242;14987;2147485176
3257;15065;2147485175
3258;15065;2147485174
3260;15065;2147485171
3278;15159;2147485170
3279;15159;2147485169
3281;15159;2147485168
3297;15237;2147485167
3305;15268;2147485166
3306;15284;2147485165
3307;15284;2147485162
3320;15346;2147485161
3330;15393;2147485160
3355;15503;2147485159
3357;15518;2147485158
3365;15550;2147485157
3394;15674;2147485156
3402;15721;2147485155
3412;15768;2147485154
3421;15799;2147485153
3433;15862;2147485152
3440;15893;2147485151
3466;16003;2147485150
3551;16377;2147485149
3555;16409;2147485148
3556;16409;2147485147
3560;16424;2147485146
3571;16471;2147485144
3572;16471;2147485143
3575;16487;2147485142
3576;16502;2147485140
3584;16534;2147485139
3586;16534;2147485137
3606;16627;2147485136
3649;16830;2147485135
3654;16846;2147485133
3672;16924;2147485131
3674;16940;2147485130
3694;17018;2147485129
3762;17330;2147485128
3771;17377;2147485127
3816;17580;2147485125
3821;17612;2147485124
3822;17612;2147485122
3827;17627;2147485121
3828;17643;2147485120
3844;17705;2147485119
3847;17721;2147485118
3848;17737;2147485117
3873;17846;2147485115
3900;17971;2147485113
3901;17971;2147485112
3917;18049;2147485110
3956;18221;2147485108
3979;18330;2147485107
4018;18502;2147485105
4019;18502;2147485104
4030;18564;2147485103
4034;18580;2147485101
4055;18674;2147485100
4068;18736;2147485098
4070;18736;2147485097
4074;18752;2147485096
4082;18799;2147485094
4086;18814;2147485093
4098;18861;2147485092
4099;18861;2147485091
4104;18893;2147485089
4141;19049;2147485088
4164;19158;2147485087
4172;19189;2147485085
4195;19283;2147485084
4203;19330;2147485083
4211;19361;2147485081
4245;19517;2147485080
4246;19533;2147485079
4276;19658;2147485078
4300;19767;2147485077
4312;19830;2147485076
4332;19908;2147485075
4333;19924;2147485074
4390;20173;2147485072
4394;20189;2147485071
4405;20236;2147485070
4412;20267;2147485069
4418;20298;2147485067
4436;20377;2147485066
4444;20423;2147485065
4454;20470;2147485063
4462;20501;2147485062
4469;20533;2147485061
4479;20580;2147485058
4487;20611;2147485057
4504;20689;2147485056
4524;20783;2147485055
4527;20798;2147485054
4556;20923;2147485053
4572;21001;2147485050
4600;21126;2147485048
4604;21142;2147485047
4612;21173;2147485046
4617;21204;2147485044
4621;21220;2147485043
4654;21361;2147485041
4656;21376;2147485039
4659;21376;2147485038
4663;21408;2147485037
4668;21423;2147485036
4678;21470;2147485034
4685;21501;2147485033
4691;21533;2147485029
4695;21548;2147485027
4757;21814;2147485026
4761;21829;2147485025
4781;21923;2147485024
4788;21954;2147485023
4790;21970;2147485022
4793;21986;2147485021
4795;21986;2147485020
4825;22126;2147485019
4852;22251;2147485018
4856;22267;2147485017
4857;22267;2147485016
4860;22282;2147485015
4918;22548;2147485014
4921;22548;2147485013
4951;22689;2147485012
4962;22735;2147485011
4964;22751;2147485009
4971;22782;2147485008
4983;22829;2147485007
5002;22923;2147485006
5060;23188;2147485005
5075;23251;2147485004
5097;23345;2147485003
5098;23360;2147485002
5140;23548;2147485001
5147;23579;2147485000
5175;23704;2147484998
5188;23766;2147484997
5219;23907;2147484996
5248;24032;2147484995
5290;24219;2147484993
5315;24329;2147484992
5333;24407;2147484991
5334;24423;2147484990
5401;24719;2147484989
5435;24876;2147484988
5485;25110;2147484987
5499;25172;2147484986
5504;25204;2147484985
5514;25250;2147484984
5528;25297;2147484982
5531;25313;2147484981
5572;25500;2147484980
5580;25547;2147484979
5587;25578;2147484977
5611;25688;2147484976
5614;25703;2147484975
5630;25766;2147484974
5637;25797;2147484973
5647;25844;2147484972
5658;25891;2147484971
5680;25994;2147484968
5684;26009;2147484967
5689;26040;2147484966
5701;26087;2147484965
5716;26150;2147484964
5740;26259;2147484963
5753;26322;2147484962
5776;26415;2147484961
5781;26447;2147484960
5798;26525;2147484959
5811;26572;2147484958
5819;26618;2147484957
5871;26853;2147484955
5881;26900;2147484954
5894;26962;2147484953
5896;26962;2147484951
5899;26978;2147484950
5912;27040;2147484949
5928;27118;2147484948
5949;27212;2147484947
5967;27290;2147484946
5990;27399;2147484945
6010;27478;2147484944
6011;27493;2147484943
6015;27509;2147484942
6025;27556;2147484941
6033;27587;2147484939
6044;27634;2147484938
6077;27790;2147484937
6110;27931;2147484935
6160;28165;2147484934
6173;28227;2147484932
6197;28337;2147484931
6213;28399;2147484929
6256;28587;2147484928
6276;28680;2147484927
6306;28821;2147484926
6336;28946;2147484925
6339;28962;2147484924
6345;28993;2147484923
6366;29087;2147484919
6380;29149;2147484918
6409;29290;2147484917
6410;29290;2147484916
6479;29602;2147484915
6497;29680;2147484913
6529;29836;2147484912
6534;29852;2147484911
6555;29946;2147484910
6559;29977;2147484908
6596;30133;2147484907
6599;30149;2147484906
6634;30321;2147484905
6635;30321;2147484904
6675;30493;2147484903
6676;30508;2147484902
6680;30524;2147484901
6689;30555;2147484900
6699;30602;2147484899
6714;30680;2147484898
6724;30711;2147484896
6726;30727;2147484895
6727;30727;2147484894
6769;30914;2147484893
6775;30946;2147484892
6779;30961;2147484887
6805;31086;2147484885
6848;31274;2147484884
6878;31414;2147484883
6918;31586;2147484882
6923;31617;2147484881
6941;31695;2147484880
6991;31914;2147484879
7008;31992;2147484878
7020;32055;2147484877
7051;32195;2147484876
7057;32211;2147484875
7062;32242;2147484874
7089;32351;2147484872
7124;32523;2147484871
7151;32648;2147484870
7175;32758;2147484869
7184;32805;2147484868
7204;32898;2147484867
7208;32914;2147484866
7221;32976;2147484865
7253;33117;2147484864
7262;33164;2147484863
7297;33320;2147484862
7299;33320;2147484859
7364;33617;2147484858
7382;33711;2147484857
7398;33773;2147484856
7406;33820;2147484855
7414;33851;2147484854
7423;33882;2147484853
7439;33957;2147484852
7488;34176;2147484851
7513;34301;2147484850
7514;34301;2147484849
7546;34442;2147484848
7557;34488;2147484847
7567;34535;2147484846
7578;34582;2147484845
7588;34629;2147484844
7592;34645;2147484842
7604;34707;2147484841
7623;34801;2147484840
7663;34973;2147484839
7679;35051;2147484837
7683;35066;2147484836
7705;35176;2147484835
7789;35551;2147484833
7793;35566;2147484832
7803;35613;2147484829
7853;35832;2147484828
7872;35926;2147484827
7887;35988;2147484826
7912;36097;2147484825
8074;36832;2147484824
8119;37035;2147484823
8134;37097;2147484822
8193;37363;2147484821
8234;37550;2147484819
8254;37644;2147484818
8256;37644;2147484817
8258;37660;2147484815
8324;37956;2147484814
8333;37988;2147484813
8334;38003;2147484812
8377;38206;2147484811
8385;38238;2147484810
8389;38253;2147484809
8459;38566;2147484808
8477;38644;2147484807
8478;38659;2147484806
8504;38784;2147484805
8509;38800;2147484804
8532;38909;2147484803
8539;38941;2147484802
8574;39088;2147484801
8593;39182;2147484800
8606;39244;2147484799
8649;39432;2147484798
8668;39526;2147484797
8675;39557;2147484795
8683;39588;2147484794
8688;39619;2147484793
8718;39760;2147484792
8725;39791;2147484791
8736;39838;2147484790
8742;39854;2147484788
8756;39916;2147484787
8785;40057;2147484786
8829;40244;2147484785
8930;40697;2147484784
8960;40838;2147484783
8985;40947;2147484782
9035;41181;2147484781
9098;41463;2147484780
9099;41478;2147484778
9149;41697;2147484777
9159;41744;2147484776
9172;41806;2147484772
9195;41900;2147484771
9220;42009;2147484770
9249;42150;2147484768
9258;42181;2147484767
9263;42212;2147484766
9284;42306;2147484765
9345;42572;2147484764
9367;42665;2147484763
9371;42697;2147484761
9453;43063;2147484760
9457;43079;2147484759
9502;43266;2147484758
9508;43297;2147484757
9566;43563;2147484755
9612;43781;2147484754
9618;43813;2147484753
9635;43875;2147484751
9653;43969;2147484750
9654;43969;2147484749
9664;44016;2147484747
9670;44047;2147484746
9680;44094;2147484744
9688;44125;2147484743
9704;44188;2147484742
9739;44359;2147484741
9819;44703;2147484740
9954;45312;2147484739
9995;45500;2147484738
10035;45687;2147484737
10094;45953;2147484736
10109;46015;2147484735
10123;46078;2147484734
10141;46156;2147484733
10164;46265;2147484732
10174;46297;2147484731
10219;46500;2147484730
10231;46562;2147484727
10261;46687;2147484726
10265;46718;2147484725
10266;46718;2147484724
10271;46734;2147484723
10307;46906;2147484722
10325;46984;2147484721
10330;46999;2147484720
10365;47156;2147484719
10383;47234;2147484718
10413;47374;2147484717
10423;47421;2147484716
10503;47781;2147484715
10559;48034;2147484714
10572;48096;2147484702
10595;48206;2147484701
10601;48221;2147484700
10690;48627;2147484699
10769;48987;2147484698
10818;49190;2147484697
10857;49377;2147484695
10878;49471;2147484694
10888;49502;2147484693
10905;49580;2147484692
10910;49612;2147484691
10914;49627;2147484690
10939;49737;2147484689
10948;49783;2147484688
10966;49862;2147484687
11028;50143;2147484686
11041;50205;2147484685
11069;50330;2147484684
11107;50486;2147484683
11128;50580;2147484680
11138;50627;2147484679
11145;50658;2147484678
11192;50877;2147484677
11201;50908;2147484676
11205;50924;2147484675
11291;51314;2147484674
11309;51392;2147484673
11311;51408;2147484672
11321;51455;2147484671
11381;51720;2147484670
11396;51783;2147484669
11408;51830;2147484668
11452;52033;2147484667
11453;52033;2147484666
11473;52127;2147484664
11480;52158;2147484663
11615;52752;2147484662
11621;52783;2147484661
11691;53095;2147484659
11696;53111;2147484658
11698;53126;2147484657
11745;53345;2147484656
11807;53611;2147484655
11819;53673;2147484654
11834;53736;2147484653
11839;53751;2147484652
11845;53783;2147484651
11858;53845;2147484650
11879;53939;2147484649
11933;54173;2147484648
11960;54298;2147484647
11982;54407;2147484646
11989;54439;2147484645
11996;54470;2147484644
12060;54751;2147484643
12076;54814;2147484642
12107;54954;2147484641
12138;55110;2147484640
12159;55204;2147484639
12168;55235;2147484638
12218;55470;2147484637
12219;55470;2147484636
12251;55610;2147484635
12287;55782;2147484634
12324;55938;2147484633
12325;55938;2147484632
12348;56045;2147484631
12366;56123;2147484630
12380;56186;2147484629
12408;56311;2147484628
12435;56436;2147484627
12460;56545;2147484626
12461;56545;2147484625
12491;56686;2147484624
12527;56842;2147484623
12530;56858;2147484622
12587;57108;2147484621
12644;57357;2147484620
12696;57592;2147484619
12766;57904;2147484617
12772;57920;2147484616
12795;58029;2147484615
12842;58248;2147484614
12904;58513;2147484613
12917;58576;2147484612
13007;58998;2147484611
13026;59091;2147484610
13030;59107;2147484609
13036;59138;2147484608
13083;59341;2147484607
13102;59435;2147484606
13104;59435;2147484605
13177;59763;2147484604
13180;59779;2147484602
13408;60809;2147484601
13465;61075;2147484600
13472;61106;2147484599
13543;61434;2147484598
13588;61622;2147484597
13626;61794;2147484596
13658;61934;2147484595
13667;61981;2147484594
13676;62028;2147484592
13679;62044;2147484591
13733;62278;2147484590
13815;62653;2147484588
13827;62715;2147484587
13842;62778;2147484586
13920;63121;2147484571
13922;63137;2147484570
13980;63387;2147484569
13983;63403;2147484568
13995;63450;2147484567
14016;63559;2147484566
14023;63590;2147484565
14033;63621;2147484564
14147;64137;2147484563
14161;64199;2147484562
14185;64309;2147484561
14212;64434;2147484560
14219;64465;2147484559
14349;65043;2147484558
14381;65183;2147484557
14419;65355;2147484556
14431;65418;2147484555
14433;65418;2147484554
14462;65558;2147484553
14624;66277;2147484552
14676;66511;2147484551
14748;66824;2147484550
14760;66886;2147484549
14776;66962;2147484548
14819;67150;2147484547
14836;67228;2147484546
14885;67447;2147484544
14898;67509;2147484542
14983;67884;2147484541
15167;68712;2147484540
15176;68759;2147484539
15196;68852;2147484538
15349;69540;2147484537
15386;69696;2147484536
15414;69837;2147484535
15425;69884;2147484534
15600;70665;2147484533
15607;70696;2147484532
15642;70852;2147484530
15679;71027;2147484529
15763;71402;2147484528
15768;71418;2147484527
15778;71465;2147484526
15798;71543;2147484525
15869;71871;2147484524
15900;71996;2147484523
15903;72011;2147484522
16007;72480;2147484521
16099;72886;2147484518
16117;72964;2147484517
16146;73105;2147484516
16157;73152;2147484515
16220;73433;2147484514
16306;73824;2147484513
16321;73886;2147484512
16334;73949;2147484511
16350;74027;2147484510
16355;74042;2147484509
16417;74323;2147484508
16471;74573;2147484507
16486;74636;2147484506
16528;74823;2147484505
16529;74823;2147484504
16551;74933;2147484503
16605;75167;2147484502
16653;75386;2147484501
16668;75464;2147484499
16789;76011;2147484498
16797;76042;2147484497
16816;76120;2147484496
16840;76229;2147484495
16889;76464;2147484494
17002;76979;2147484493
17033;77120;2147484492
17048;77182;2147484491
17084;77338;2147484490
17107;77448;2147484489
17196;77838;2147484488
17231;77994;2147484487
17284;78244;2147484486
17343;78510;2147484485
17415;78838;2147484484
17446;78963;2147484483
17453;78994;2147484482
17505;79244;2147484481
17510;79260;2147484480
17541;79400;2147484479
17548;79432;2147484478
17721;80228;2147484477
17796;80556;2147484476
17846;80791;2147484475
17891;80994;2147484474
17895;81009;2147484473
18040;81650;2147484472
18071;81791;2147484471
18085;81853;2147484469
18192;82337;2147484468
18289;82775;2147484467
18296;82806;2147484466
18306;82853;2147484465
18321;82915;2147484464
18332;82962;2147484463
18363;83102;2147484462
18504;83758;2147484461
18649;84430;2147484460
18707;84696;2147484459
18713;84727;2147484458
18850;85336;2147484457
18853;85352;2147484456
18898;85555;2147484455
19022;86117;2147484454
19025;86133;2147484453
19093;86430;2147484452
19169;86773;2147484451
19183;86852;2147484450
19260;87191;2147484449
19284;87300;2147484448
19293;87347;2147484447
19299;87378;2147484446
19359;87644;2147484445
19365;87675;2147484444
19437;87988;2147484443
19591;88675;2147484442
19719;89253;2147484441
19755;89409;2147484440
19853;89862;2147484439
19900;90065;2147484438
20016;90581;2147484437
20078;90862;2147484436
20119;91049;2147484435
20214;91471;2147484434
20338;92018;2147484433
20343;92049;2147484432
20370;92174;2147484431
20410;92346;2147484430
20441;92487;2147484429
20483;92674;2147484428
20490;92705;2147484427
20527;92877;2147484426
20590;93167;2147484425
20742;93838;2147484424
20773;93979;2147484423
20781;94010;2147484422
20849;94307;2147484421
20914;94604;2147484420
20994;94947;2147484419
21046;95182;2147484418
21089;95369;2147484417
21100;95432;2147484416
21153;95666;2147484415
21154;95666;2147484414
21275;96213;2147484413
21281;96244;2147484412
21339;96510;2147484411
21469;97088;2147484410
21568;97525;2147484409
21572;97541;2147484408
21648;97884;2147484407
21652;97900;2147484406
21756;98368;2147484405
21831;98696;2147484404
21886;98946;2147484403
21895;98993;2147484402
21912;99071;2147484401
21913;99071;2147484400
21915;99087;2147484399
22063;99743;2147484398
22151;100145;2147484397
22245;100567;2147484396
22283;100723;2147484395
22451;101489;2147484394
22456;101504;2147484393
22490;101661;2147484392
22643;102348;2147484391
22669;102473;2147484390
22743;102801;2147484389
22768;102910;2147484388
22788;103004;2147484387
22801;103067;2147484386
22823;103160;2147484385
22895;103488;2147484384
22897;103488;2147484381
23141;104598;2147484380
23166;104722;2147484378
23283;105238;2147484377
23332;105457;2147484376
23696;107081;2147484374
23819;107628;2147484373
23851;107769;2147484372
23988;108394;2147484371
24021;108534;2147484370
24035;108597;2147484369
24043;108628;2147484368
24114;108948;2147484367
24281;109697;2147484366
24349;109994;2147484365
24514;110728;2147484364
24561;110947;2147484363
24668;111416;2147484362
24854;112259;2147484359
25005;112924;2147484358
25033;113049;2147484357
25096;113330;2147484356
25221;113877;2147484355
25400;114689;2147484354
25410;114736;2147484353
25455;114971;2147484352
25535;115361;2147484351
25698;116080;2147484350
25758;116361;2147484349
25777;116455;2147484347
25795;116533;2147484346
25838;116736;2147484345
25844;116751;2147484344
25867;116861;2147484343
25962;117298;2147484342
25993;117439;2147484341
26203;118376;2147484340
26227;118485;2147484339
26318;118892;2147484338
26342;119001;2147484337
26395;119235;2147484336
26659;120422;2147484335
26724;120719;2147484334
26865;121352;2147484333
26878;121399;2147484332
26996;121930;2147484331
27010;121992;2147484330
27019;122039;2147484329
27093;122367;2147484328
27114;122461;2147484327
27150;122633;2147484326
27382;123664;2147484324
27410;123789;2147484323
27416;123820;2147484322
27661;124913;2147484321
27672;124960;2147484320
27854;125773;2147484319
27934;126148;2147484318
27990;126413;2147484317
28013;126507;2147484316
28263;127616;2147484315
28425;128350;2147484314
28637;129303;2147484313
28753;129819;2147484312
29009;130959;2147484311
29169;131678;2147484310
29376;132611;2147484309
29416;132799;2147484308
29443;132924;2147484307
29523;133283;2147484306
29758;134330;2147484305
29884;134908;2147484304
30070;135751;2147484303
30091;135845;2147484302
30113;135939;2147484301
30124;136001;2147484300
30264;136626;2147484299
30305;136813;2147484298
30306;136813;2147484297
30460;137501;2147484296
30478;137579;2147484295
30518;137766;2147484294
30720;138672;2147484293
30798;139016;2147484292
30898;139485;2147484291
30942;139672;2147484290
31202;140844;2147484289
31471;142041;2147484288
31590;142572;2147484287
31600;142619;2147484286
31855;143775;2147484285
31891;143931;2147484284
32010;144473;2147484283
32058;144692;2147484282
32147;145084;2147484281
32181;145240;2147484280
32189;145287;2147484277
32222;145427;2147484276
32307;145818;2147484275
32398;146224;2147484274
32590;147099;2147484273
32807;148066;2147484272
32855;148285;2147484271
33097;149378;2147484270
33164;149691;2147484269
33172;149722;2147484268
33233;149994;2147484267
33300;150291;2147484266
33642;151837;2147484265
33802;152556;2147484264
33873;152868;2147484263
33945;153196;2147484262
34039;153618;2147484261
34055;153680;2147484260
34154;154133;2147484259
34421;155336;2147484258
34967;157773;2147484257
35045;158117;2147484256
35160;158648;2147484255
35348;159523;2147484254
35469;160085;2147484253
35500;160226;2147484252
35828;161706;2147484251
35979;162378;2147484250
36111;162987;2147484249
36137;163112;2147484248
36375;164190;2147484247
36511;164799;2147484246
36634;165346;2147484245
36979;166914;2147484244
37293;168320;2147484243
37383;168726;2147484242
37469;169117;2147484241
37629;169835;2147484240
37839;170788;2147484239
38148;172178;2147484238
38186;172350;2147484236
38299;172866;2147484235
38563;174053;2147484234
38670;174537;2147484233
39021;176125;2147484231
39047;176250;2147484230
39070;176343;2147484229
39322;177484;2147484228
39569;178609;2147484227
39797;179624;2147484226
40138;181212;2147484225
40200;181493;2147484224
40379;182306;2147484223
40844;184368;2147484222
40972;184961;2147484221
41094;185524;2147484220
41292;186409;2147484219
41560;187612;2147484218
41810;188752;2147484217
42112;190111;2147484215
42468;191720;2147484214
43412;195991;2147484213
43441;196116;2147484212
43833;197880;2147484211
43971;198505;2147484210
44035;198787;2147484209
44219;199614;2147484208
44319;200067;2147484207
44454;200677;2147484206
44523;200989;2147484205
44582;201255;2147484204
44751;202020;2147484203
44825;202348;2147484202
45101;203608;2147484201
45137;203765;2147484200
45148;203812;2147484199
45201;204061;2147484198
45346;204702;2147484197
45519;205483;2147484196
45564;205686;2147484195
45681;206217;2147484194
45844;206951;2147484193
46192;208482;2147484192
46209;208560;2147484191
46271;208842;2147484190
46346;209185;2147484188
46826;211340;2147484187
46924;211777;2147484186
46972;211980;2147484183
46985;212043;2147484182
47166;212855;2147484180
47272;213340;2147484179
47874;216067;2147484178
47880;216099;2147484177
47978;216536;2147484176
48572;219239;2147484175
48700;219817;2147484174
49111;221667;2147484171
49421;223073;2147484170
49469;223292;2147484169
49508;223480;2147484168
49604;223901;2147484167
49706;224354;2147484166
50046;225885;2147484165
50128;226276;2147484164
50140;226323;2147484163
50354;227276;2147484162
50453;227729;2147484161
50565;228244;2147484160
51075;230540;2147484159
51121;230743;2147484158
51131;230790;2147484157
51408;232052;2147484156
51490;232412;2147484093
51579;232802;2147484091
51598;232896;2147484090
52025;234817;2147484087
52099;235145;2147484083
52542;237192;2147484082
52668;237770;2147484081
52775;238254;2147484080
52927;238941;2147484079
53085;239644;2147484078
53368;240957;2147484077
53411;241160;2147484074
53447;241316;2147484073
53451;241331;2147484072
53752;242664;2147484071
54121;244335;2147484070
54204;244694;2147484069
54906;247881;2147484068
55107;248787;2147484067
55474;250442;2147484066
55526;250676;2147484065
55756;251707;2147484064
56914;256971;2147484063
57032;257502;2147484062
57057;257611;2147484061
57121;257908;2147484060
57927;261548;2147484059
58752;265288;2147484058
58927;266069;2147484057
59316;267818;2147484056
59527;268787;2147484055
59592;269076;2147484054
59720;269654;2147484053
59759;269825;2147484052
59834;270169;2147484051
59859;270278;2147484050
60410;272762;2147484049
60640;273809;2147484048
60951;275199;2147484047
61177;276199;2147484046
61195;276277;2147484045
61377;277105;2147484044
61615;278167;2147484043
61695;278526;2147484042
62309;281290;2147484041
62367;281540;2147484040
62490;282102;2147484039
62670;282914;2147484038
63180;285226;2147484037
63934;288614;2147484036
64432;290864;2147484035
64523;291270;2147484034
64552;291395;2147484033
64808;292568;2147484032
65773;296948;2147484031
67021;302650;2147484030
67128;303134;2147484029
68011;307087;2147484028
68291;308336;2147484027
70295;317388;2147484026
70774;319560;2147484025
70838;319841;2147484024
72249;326189;2147484023
72569;327626;2147484022
73172;330329;2147484021
74107;334553;2147484020
74223;335084;2147484019
74395;335866;2147484018
74626;336897;2147484017
74944;338327;2147484016
75231;339624;2147484015
75271;339795;2147484014
75333;340077;2147484013
75618;341358;2147484012
76082;343466;2147484011
76815;346756;2147484010
77449;349614;2147484009
77625;350395;2147484008
77825;351286;2147484007
78336;353593;2147484006
78551;354562;2147484005
79348;358139;2147484004
80028;361192;2147484003
80088;361457;2147484002
80239;362129;2147484001
82148;370694;2147484000
82464;372116;2147483998
82805;373631;2147483997
84941;383237;2147483996
84997;383487;2147483995
85238;384550;2147483994
86171;388758;2147483993
86913;392101;2147483992
87001;392507;2147483991
87617;395260;2147483990
88964;401285;2147483989
89058;401707;2147483988
89712;404643;2147483987
90139;406565;2147483986
90393;407705;2147483985
90535;408330;2147483983
92985;419410;2147483982
93937;423722;2147483981
93961;423832;2147483980
94358;425628;2147483979
94579;426597;2147483977
94866;427893;2147483976
95844;432298;2147483975
96169;433735;2147483974
96574;435563;2147483973
97814;441152;2147483972
97866;441386;2147483971
98522;444323;2147483970
98576;444573;2147483969
100799;454553;2147483968
100862;454850;2147483967
101165;456193;2147483966
101476;457599;2147483965
101602;458161;2147483964
101683;458521;2147483963
102218;460922;2147483962
102294;461266;2147483961
102362;461578;2147483960
103039;464624;2147483959
103779;467952;2147483958
104746;472327;2147483957
105478;475608;2147483956
105622;476248;2147483955
105707;476623;2147483954
105844;477245;2147483953
106008;477979;2147483952
106051;478182;2147483951
107463;484550;2147483950
107804;486096;2147483949
107881;486440;2147483948
108872;490892;2147483947
109347;493022;2147483946
109403;493272;2147483945
109718;494694;2147483944
110092;496397;2147483943
110509;498271;2147483942
110827;499724;2147483941
110924;500161;2147483938
111069;500817;2147483937
111331;501989;2147483936
111392;502286;2147483935
113456;511608;2147483934
113644;512467;2147483933
115384;520310;2147483932
115725;521840;2147483931
115787;522122;2147483930
116105;523559;2147483929
117102;528070;2147483928
117307;528991;2147483927
117599;530303;2147483926
117950;531897;2147483925
118019;532194;2147483924
118355;533693;2147483923
121678;548862;2147483922
121816;549472;2147483921
122397;552080;2147483919
123510;557077;2147483918
124912;563388;2147483917
124923;563435;2147483916
125192;564638;2147483915
125478;565918;2147483914
127360;574445;2147483913
127769;576304;2147483912
128126;577892;2147483911
128398;579126;2147483910
128654;580282;2147483909
129546;584297;2147483908
130784;589873;2147483907
131906;594950;2147483906
132248;596480;2147483905
133611;602606;2147483904
134073;604689;2147483903
135157;609563;2147483902
136316;614781;2147483901
136466;615468;2147483900
140167;632222;2147483899
140644;634363;2147483898
140811;635112;2147483897
141275;637190;2147483896
141843;639752;2147483895
141980;640361;2147483894
142398;642236;2147483893
142654;643392;2147483892
143042;645141;2147483891
147764;666487;2147483890
147856;666893;2147483889
148298;668908;2147483888
148982;672015;2147483887
149251;673217;2147483886
150637;679466;2147483884
150939;680841;2147483883
151012;681153;2147483882
152155;686325;2147483881
153519;692435;2147483880
154025;694731;2147483879
154523;696981;2147483878
157319;709595;2147483877
160793;725282;2147483876
160926;725875;2147483875
161070;726516;2147483874
161470;728328;2147483873
162371;732389;2147483872
162798;734326;2147483871
164153;740399;2147483870
165211;745205;2147483869
165231;745283;2147483868
165471;746376;2147483867
166652;751658;2147483866
168250;758870;2147483865
170123;767301;2147483864
171850;775053;2147483863
172937;779974;2147483862
172949;780021;2147483861
173422;782129;2147483860
177766;801707;2147483859
177874;802195;2147483858
179030;807397;2147483857
180014;811802;2147483856
182269;821987;2147483855
186299;840186;2147483854
187150;844060;2147483853
189650;855360;2147483852
190818;860656;2147483851
191120;862005;2147483850
191513;863786;2147483849
193093;870909;2147483848
194366;876658;2147483847
194458;877064;2147483846
195185;880308;2147483845
197318;889900;2147483844
200214;902905;2147483843
201811;910123;2147483842
201945;910717;2147483841
203900;919509;2147483840
206442;930965;2147483839
206678;932027;2147483838
211616;954223;2147483837
214018;965031;2147483836
214717;968155;2147483835
215369;971092;2147483834
215388;971170;2147483833
218548;985394;2147483832
221245;997511;2147483831
221332;997902;2147483830
221363;998042;2147483829
223038;1005558;2147483828
226465;1020946;2147483827
226828;1022570;2147483826
227462;1025417;2147483825
227592;1026010;2147483824
230940;1041049;2147483823
231741;1044653;2147483822
234494;1057018;2147483821
234521;1057143;2147483820
235051;1059502;2147483819
237579;1070844;2147483818
237993;1072703;2147483817
238905;1076780;2147483816
240044;1081951;2147483815
240340;1083279;2147483814
242060;1091006;2147483813
245655;1107136;2147483812
245934;1108416;2147483811
246007;1108729;2147483810
246623;1111488;2147483809
248206;1118596;2147483808
253560;1142615;2147483807
258005;1162676;2147483806
259887;1171150;2147483805
260076;1172009;2147483804
261250;1177303;2147483803
261414;1178037;2147483802
261665;1179164;2147483801
264077;1189990;2147483800
265212;1195081;2147483799
265614;1196893;2147483798
269226;1213472;2147483797
272122;1226524;2147483796
273021;1230596;2147483795
279276;1258725;2147483794
279502;1259740;2147483793
281011;1266535;2147483792
291235;1312557;2147483791
292299;1317369;2147483790
292600;1318728;2147483789
294727;1328302;2147483788
295588;1332209;2147483787
296740;1337364;2147483786
299484;1349702;2147483785
299814;1351217;2147483784
302156;1361701;2147483783
307296;1384734;2147483782
315290;1420707;2147483781
317566;1430906;2147483780
319783;1440930;2147483779
330702;1489968;2147483778
335592;1512001;2147483777
336759;1517230;2147483776
340207;1532745;2147483775
340873;1535713;2147483774
341905;1540366;2147483773
352332;1587168;2147483772
352358;1587293;2147483771
353663;1593166;2147483770
355519;1601492;2147483769
356954;1607950;2147483768
364986;1644052;2147483767
365462;1646208;2147483766
375930;1693255;2147483765
381290;1717380;2147483764
384064;1729815;2147483763
386387;1740292;2147483762
390774;1759962;2147483761
393435;1771947;2147483760
394919;1778588;2147483759
396680;1786492;2147483758
397939;1792139;2147483757
403752;1818246;2147483756
406955;1832637;2147483755
407977;1837200;2147483754
412866;1859143;2147483753
418161;1882890;2147483752
429766;1935178;2147483751
430146;1936896;2147483750
430276;1937474;2147483749
457347;2059247;2147483748
467303;2103968;2147483747
467947;2106873;2147483746
470990;2120548;2147483745
478609;2154829;2147483744
481609;2168302;2147483743
487290;2193765;2147483742
490723;2209155;2147483741
493915;2223514;2147483740
494878;2227825;2147483739
498428;2243771;2147483738
500056;2251070;2147483737
527270;2373420;2147483736
529559;2383741;2147483735
546868;2461468;2147483734
572845;2578243;2147483733
600313;2701779;2147483732
603068;2714176;2147483731
603382;2715598;2147483730
615690;2770941;2147483729
626779;2820884;2147483728
647959;2916134;2147483727
656860;2956301;2147483726
658786;2964978;2147483725
665970;2997206;2147483723
667243;3002944;2147483722
682872;3073306;2147483721
690591;3108208;2147483720
703601;3166857;2147483719
704106;3169122;2147483718
710219;3196596;2147483717
713067;3209424;2147483716
723777;3257788;2147483715
748947;3371159;2147483714
780999;3515406;2147483713
802099;3610379;2147483712
827340;3723864;2147483711
827991;3726798;2147483710
855362;3850105;2147483709
855844;3852320;2147483708
864244;3890072;2147483707
872499;3927275;2147483706
879177;3957307;2147483705
904357;4070542;2147483704
997204;4488527;2147483703
1674454;7536229;2147483702
1704657;7673213;2147483701
1717335;7730679;2147483700
1734486;7808433;2147483699
1755944;7905627;2147483698
1773396;7984797;2147483697
1774525;7989930;2147483696
1775644;7994976;2147483695
1789380;8057165;2147483694
1811911;8159149;2147483693
1836905;8272421;2147483692
1868209;8414290;2147483691
1907217;8590886;2147483690
1911713;8611295;2147483689
1995823;8992338;2147483688
#
# name: Hill Climbing RS
# algorithm_class: solver.HillClimbingWithRS
# instance: iku-spr18
# seed: -3683762717804818913
# bestF: 2147483688
# DTF: 40
# cost: 198060
# startTime: 1773357419507
# totalTime: 14400004
# totalFEs: 3203820
# maxFEs: 9223372036854775807
# maxMilliSeconds: 14400000
# maxSeconds: 14400
#
<?xml version="1.0" encoding="UTF-8" standalone="no"?>
<solution author="ScholORs" cores="1" country="China and Malaysia" institution="Bejing/Hefei/Malaysia" name="iku-spr18" runtime="14400" technique="hillclimbingwithrs">
    <class days="0001000" id="1" room="174" start="192" weeks="1111111111111"/>
    <class days="0001000" id="2" room="174" start="204" weeks="1111111111111"/>
    <class days="0010000" id="3" room="127" start="210" weeks="1111111111111"/>
    <class days="0010000" id="4" room="127" start="186" weeks="1111111111111"/>
    <class days="0000100" id="5" room="188" start="156" weeks="1111111111111"/>
    <class days="1000000" id="6" room="189" start="156" weeks="1111111111111"/>
    <class days="1000000" id="7" room="189" start="168" weeks="1111111111111"/>
    <class days="0000100" id="8" room="127" start="204" weeks="1111111111111"/>
    <class days="0000100" id="9" room="127" start="180" weeks="1111111111111"/>
    <class days="1000000" id="10" room="127" start="192" weeks="1111111111111"/>
    <class days="1000000" id="11" room="127" start="204" weeks="1111111111111"/>
    <class days="0100000" id="12" room="175" start="108" weeks="1111111111111"/>
    <class days="0100000" id="13" room="175" start="120" weeks="1111111111111"/>
    <class days="0010000" id="14" room="127" start="114" weeks="1111111111111"/>
    <class days="0010000" id="15" room="127" start="126" weeks="1111111111111"/>
    <class days="1000000" id="16" room="175" start="168" weeks="1111111111111"/>
    <class days="1000000" id="17" room="175" start="180" weeks="1111111111111"/>
    <class days="0001000" id="18" room="188" start="192" weeks="1111111111111"/>
    <class days="0001000" id="19" room="188" start="204" weeks="1111111111111"/>
    <class days="1000000" id="20" room="129" start="120" weeks="1111111111111"/>
    <class days="1000000" id="21" room="129" start="132" weeks="1111111111111"/>
    <class days="0001000" id="22" room="127" start="114" weeks="1111111111111"/>
    <class days="0001000" id="23" room="127" start="126" weeks="1111111111111"/>
    <class days="0100000" id="24" room="189" start="174" weeks="1111111111111"/>
    <class days="0100000" id="25" room="204" start="216" weeks="1111111111111"/>
    <class days="0000100" id="26" room="201" start="114" weeks="1111111111111"/>
    <class days="1000000" id="27" room="100" start="108" weeks="1111111111111"/>
    <class days="0001000" id="28" room="5" start="156" weeks="1111111111111"/>
    <class days="1000000" id="29" room="97" start="156" weeks="1111111111111"/>
    <class days="0001000" id="30" room="5" start="108" weeks="1111111111111"/>
    <class days="1000000" id="31" room="93" start="156" weeks="1111111111111"/>
    <class days="1000000" id="32" start="156" weeks="1111111111111"/>
    <class days="1000000" id="33" start="156" weeks="1111111111111"/>
    <class days="0000100" id="34" room="137" start="168" weeks="1111111111111"/>
    <class days="1000000" id="35" room="96" start="156" weeks="1111111111111"/>
    <class days="1000000" id="36" start="156" weeks="1111111111111"/>
    <class days="1000000" id="37" start="156" weeks="1111111111111"/>
    <class days="0100000" id="38" room="146" start="108" weeks="1111111111111"/>
    <class days="0010000" id="39" start="144" weeks="1111111111111"/>
    <class days="0001000" id="40" room="111" start="156" weeks="1111111111111"/>
    <class days="0000100" id="41" room="142" start="180" weeks="1111111111111"/>
    <class days="0000100" id="42" room="1" start="174" weeks="1111111111111"/>
    <class days="0001000" id="43" room="109" start="180" weeks="1111111111111"/>
    <class days="0000100" id="44" room="111" start="180" weeks="1111111111111"/>
    <class days="0001000" id="45" room="156" start="192" weeks="1111111111111"/>
    <class days="0100000" id="46" room="140" start="114" weeks="1111111111111"/>
    <class days="0001000" id="47" room="142" start="192" weeks="1111111111111"/>
    <class days="1000000" id="48" room="111" start="156" weeks="1111111111111"/>
    <class days="0010000" id="49" room="155" start="156" weeks="1111111111111"/>
    <class days="0000100" id="50" room="182" start="108" weeks="1111111111111"/>
    <class days="0010000" id="51" room="163" start="192" weeks="1111111111111"/>
    <class days="0010000" id="52" room="6" start="186" weeks="1111111111111"/>
    <class days="0001000" id="53" room="97" start="114" weeks="1111111111111"/>
    <class days="0001000" id="54" start="114" weeks="1111111111111"/>
    <class days="0100000" id="55" room="96" start="168" weeks="1111111111111"/>
    <class days="0100000" id="56" room="96" start="192" weeks="1111111111111"/>
    <class days="0010000" id="57" room="90" start="198" weeks="1111111111111"/>
    <class days="1000000" id="58" room="109" start="186" weeks="1111111111111"/>
    <class days="0001000" id="59" room="94" start="204" weeks="1111111111111"/>
    <class days="0001000" id="60" room="2" start="144" weeks="1111111111111"/>
    <class days="1000000" id="61" room="208" start="150" weeks="1111111111111"/>
    <class days="0100000" id="62" room="139" start="156" weeks="1111111111111"/>
    <class days="0100000" id="63" room="93" start="108" weeks="1111111111111"/>
    <class days="0010000" id="64" room="93" start="108" weeks="1111111111111"/>
    <class days="0100000" id="65" room="91" start="180" weeks="1111111111111"/>
    <class days="0100000" id="66" room="161" start="192" weeks="1111111111111"/>
    <class days="1000000" id="67" room="109" start="132" weeks="1111111111111"/>
    <class days="0001000" id="68" room="167" start="192" weeks="1111111111111"/>
    <class days="0000100" id="69" room="145" start="126" weeks="1111111111111"/>
    <class days="0001000" id="70" room="93" start="114" weeks="1111111111111"/>
    <class days="0001000" id="71" room="109" start="108" weeks="1111111111111"/>
    <class days="0000100" id="72" room="97" start="162" weeks="1111111111111"/>
    <class days="0001000" id="73" room="6" start="162" weeks="1111111111111"/>
    <class days="0010000" id="74" room="144" start="156" weeks="1111111111111"/>
    <class days="0000100" id="75" room="206" start="120" weeks="1111111111111"/>
    <class days="0000100" id="76" room="198" start="156" weeks="1111111111111"/>
    <class days="0000100" id="77" room="198" start="180" weeks="1111111111111"/>
    <class days="0001000" id="78" room="206" start="156" weeks="1111111111111"/>
    <class days="0100000" id="79" room="206" start="108" weeks="1111111111111"/>
    <class days="1000000" id="80" room="199" start="156" weeks="1111111111111"/>
    <class days="0010000" id="81" room="169" start="120" weeks="1111111111111"/>
    <class days="0001000" id="82" room="169" start="192" weeks="1111111111111"/>
    <class days="0100000" id="83" room="206" start="132" weeks="1111111111111"/>
    <class days="1000000" id="84" room="206" start="120" weeks="1111111111111"/>
    <class days="0010000" id="85" room="206" start="156" weeks="1111111111111"/>
    <class days="1000000" id="86" room="197" start="156" weeks="1111111111111"/>
    <class days="1000000" id="87" room="197" start="180" weeks="1111111111111"/>
    <class days="0001000" id="88" room="195" start="156" weeks="1111111111111"/>
    <class days="1000000" id="89" room="195" start="108" weeks="1111111111111"/>
    <class days="0001000" id="90" room="195" start="180" weeks="1111111111111"/>
    <class days="1000000" id="91" room="195" start="132" weeks="1111111111111"/>
    <class days="0001000" id="92" room="197" start="108" weeks="1111111111111"/>
    <class days="0001000" id="93" room="197" start="156" weeks="1111111111111"/>
    <class days="1000000" id="94" room="194" start="108" weeks="1111111111111"/>
    <class days="0001000" id="95" room="195" start="108" weeks="1111111111111"/>
    <class days="1000000" id="96" room="195" start="156" weeks="1111111111111"/>
    <class days="1000000" id="97" room="197" start="108" weeks="1111111111111"/>
    <class days="0001000" id="98" room="197" start="132" weeks="1111111111111"/>
    <class days="0001000" id="99" room="197" start="180" weeks="1111111111111"/>
    <class days="1000000" id="100" room="194" start="132" weeks="1111111111111"/>
    <class days="0001000" id="101" room="195" start="132" weeks="1111111111111"/>
    <class days="1000000" id="102" room="195" start="180" weeks="1111111111111"/>
    <class days="1000000" id="103" room="197" start="132" weeks="1111111111111"/>
    <class days="0010000" id="104" room="197" start="108" weeks="1111111111111"/>
    <class days="0010000" id="105" room="197" start="156" weeks="1111111111111"/>
    <class days="0010000" id="106" room="197" start="132" weeks="1111111111111"/>
    <class days="0010000" id="107" room="197" start="180" weeks="1111111111111"/>
    <class days="0010000" id="108" room="195" start="156" weeks="1111111111111"/>
    <class days="0010000" id="109" room="195" start="108" weeks="1111111111111"/>
    <class days="0010000" id="110" room="195" start="180" weeks="1111111111111"/>
    <class days="0010000" id="111" room="195" start="132" weeks="1111111111111"/>
    <class days="0100000" id="112" room="195" start="108" weeks="1111111111111"/>
    <class days="0100000" id="113" room="195" start="156" weeks="1111111111111"/>
    <class days="0100000" id="114" room="195" start="132" weeks="1111111111111"/>
    <class days="0100000" id="115" room="195" start="180" weeks="1111111111111"/>
    <class days="0001000" id="116" room="72" start="108" weeks="1111111111111"/>
    <class days="0001000" id="117" room="62" start="132" weeks="1111111111111"/>
    <class days="0000100" id="118" room="195" start="108" weeks="1111111111111"/>
    <class days="0000100" id="119" room="195" start="156" weeks="1111111111111"/>
    <class days="0000100" id="120" room="195" start="132" weeks="1111111111111"/>
    <class days="0000100" id="121" room="195" start="180" weeks="1111111111111"/>
    <class days="0100000" id="122" room="197" start="108" weeks="1111111111111"/>
    <class days="0100000" id="123" room="197" start="156" weeks="1111111111111"/>
    <class days="0100000" id="124" room="197" start="132" weeks="1111111111111"/>
    <class days="0100000" id="125" room="197" start="180" weeks="1111111111111"/>
    <class days="0001000" id="126" room="92" start="204" weeks="1111111111111"/>
    <class days="0100000" id="127" room="140" start="156" weeks="1111111111111"/>
    <class days="1000000" id="128" room="141" start="234" weeks="1111111111111"/>
    <class days="0010000" id="129" room="148" start="132" weeks="1111111111111"/>
    <class days="0010000" id="130" room="148" start="156" weeks="1111111111111"/>
    <class days="0100000" id="131" room="148" start="162" weeks="1111111111111"/>
    <class days="0100000" id="132" room="135" start="168" weeks="1111111111111"/>
    <class days="0010000" id="133" room="158" start="162" weeks="1111111111111"/>
    <class days="1000000" id="134" room="131" start="108" weeks="1111111111111"/>
    <class days="0000100" id="135" room="192" start="120" weeks="1111111111111"/>
    <class days="0000100" id="136" room="138" start="192" weeks="1111111111111"/>
    <class days="0010000" id="137" room="143" start="108" weeks="1111111111111"/>
    <class days="0001000" id="138" room="102" start="120" weeks="1111111111111"/>
    <class days="0000100" id="139" room="103" start="108" weeks="1111111111111"/>
    <class days="0000100" id="140" room="151" start="186" weeks="1111111111111"/>
    <class days="1000000" id="141" room="92" start="192" weeks="1111111111111"/>
    <class days="0001000" id="142" room="101" start="162" weeks="1111111111111"/>
    <class days="1000000" id="143" room="133" start="162" weeks="1111111111111"/>
    <class days="0100000" id="144" room="157" start="108" weeks="1111111111111"/>
    <class days="0001000" id="145" room="123" start="156" weeks="1111111111111"/>
    <class days="1000000" id="146" room="150" start="144" weeks="1111111111111"/>
    <class days="0000100" id="147" room="185" start="114" weeks="1111111111111"/>
    <class days="0001000" id="148" room="165" start="120" weeks="1111111111111"/>
    <class days="0000100" id="149" room="158" start="192" weeks="1111111111111"/>
    <class days="0100000" id="150" room="145" start="108" weeks="1111111111111"/>
    <class days="0100000" id="151" room="44" start="156" weeks="1111111111111"/>
    <class days="0001000" id="152" room="157" start="180" weeks="1111111111111"/>
    <class days="0001000" id="153" room="143" start="156" weeks="1111111111111"/>
    <class days="0010000" id="154" room="136" start="186" weeks="1111111111111"/>
    <class days="0010000" id="155" room="190" start="162" weeks="1111111111111"/>
    <class days="1000000" id="156" room="161" start="108" weeks="1111111111111"/>
    <class days="1000000" id="157" room="161" start="132" weeks="1111111111111"/>
    <class days="0001000" id="158" room="134" start="108" weeks="1111111111111"/>
    <class days="0001000" id="159" room="134" start="132" weeks="1111111111111"/>
    <class days="0010000" id="160" room="147" start="132" weeks="1111111111111"/>
    <class days="0100000" id="161" room="144" start="132" weeks="1111111111111"/>
    <class days="0001000" id="162" room="122" start="204" weeks="1111111111111"/>
    <class days="1000000" id="163" room="119" start="204" weeks="1111111111111"/>
    <class days="0000100" id="164" room="106" start="156" weeks="1111111111111"/>
    <class days="0010000" id="165" room="119" start="186" weeks="1111111111111"/>
    <class days="0000100" id="166" room="126" start="132" weeks="1111111111111"/>
    <class days="0100000" id="167" room="125" start="156" weeks="1111111111111"/>
    <class days="0010000" id="168" room="125" start="120" weeks="1111111111111"/>
    <class days="0001000" id="169" room="141" start="108" weeks="1111111111111"/>
    <class days="0001000" id="170" room="141" start="132" weeks="1111111111111"/>
    <class days="0001000" id="171" room="4" start="108" weeks="1111111111111"/>
    <class days="0001000" id="172" room="162" start="108" weeks="1111111111111"/>
    <class days="0001000" id="173" room="199" start="168" weeks="1111111111111"/>
    <class days="0001000" id="174" room="153" start="168" weeks="1111111111111"/>
    <class days="0100000" id="175" room="103" start="108" weeks="1111111111111"/>
    <class days="0100000" id="176" room="185" start="132" weeks="1111111111111"/>
    <class days="0100000" id="177" room="185" start="204" weeks="1111111111111"/>
    <class days="0010000" id="178" room="185" start="204" weeks="1111111111111"/>
    <class days="0001000" id="179" room="104" start="132" weeks="1111111111111"/>
    <class days="0001000" id="180" room="89" start="108" weeks="1111111111111"/>
    <class days="1000000" id="181" room="104" start="186" weeks="1111111111111"/>
    <class days="1000000" id="182" room="90" start="156" weeks="1111111111111"/>
    <class days="0010000" id="183" room="105" start="204" weeks="1111111111111"/>
    <class days="1000000" id="184" room="103" start="162" weeks="1111111111111"/>
    <class days="1000000" id="185" room="103" start="186" weeks="1111111111111"/>
    <class days="1000000" id="186" room="89" start="180" weeks="1111111111111"/>
    <class days="0010000" id="187" room="124" start="108" weeks="1111111111111"/>
    <class days="0010000" id="188" room="124" start="156" weeks="1111111111111"/>
    <class days="1000000" id="189" room="89" start="144" weeks="1111111111111"/>
    <class days="1000000" id="190" room="124" start="180" weeks="1111111111111"/>
    <class days="0100000" id="191" room="122" start="156" weeks="1111111111111"/>
    <class days="0100000" id="192" room="123" start="180" weeks="1111111111111"/>
    <class days="0000100" id="193" room="119" start="132" weeks="1111111111111"/>
    <class days="0000100" id="194" room="119" start="108" weeks="1111111111111"/>
    <class days="0001000" id="195" room="89" start="156" weeks="1111111111111"/>
    <class days="0001000" id="196" room="89" start="180" weeks="1111111111111"/>
    <class days="0000100" id="197" room="120" start="156" weeks="1111111111111"/>
    <class days="1000000" id="198" room="44" start="168" weeks="1111111111111"/>
    <class days="0010000" id="199" room="72" start="168" weeks="1111111111111"/>
    <class days="0010000" id="200" room="43" start="168" weeks="1111111111111"/>
    <class days="1000000" id="201" room="72" start="168" weeks="1111111111111"/>
    <class days="0000100" id="202" room="61" start="192" weeks="1111111111111"/>
    <class days="0000100" id="203" room="116" start="108" weeks="1111111111111"/>
    <class days="0000100" id="204" room="72" start="162" weeks="1111111111111"/>
    <class days="0000100" id="205" room="60" start="114" weeks="1111111111111"/>
    <class days="0001000" id="206" room="46" start="156" weeks="1111111111111"/>
    <class days="1000000" id="207" room="59" start="108" weeks="1111111111111"/>
    <class days="0010000" id="208" room="45" start="132" weeks="1111111111111"/>
    <class days="0001000" id="209" room="116" start="120" weeks="1111111111111"/>
    <class days="0001000" id="210" room="60" start="132" weeks="1111111111111"/>
    <class days="0001000" id="211" room="116" start="108" weeks="1111111111111"/>
    <class days="0001000" id="212" room="60" start="156" weeks="1111111111111"/>
    <class days="0100000" id="213" room="56" start="180" weeks="1111111111111"/>
    <class days="0001000" id="214" room="44" start="108" weeks="1111111111111"/>
    <class days="1000000" id="215" room="53" start="132" weeks="1111111111111"/>
    <class days="1000000" id="216" room="116" start="108" weeks="1111111111111"/>
    <class days="1000000" id="217" room="116" start="132" weeks="1111111111111"/>
    <class days="0010000" id="218" room="55" start="156" weeks="1111111111111"/>
    <class days="0100000" id="219" room="55" start="126" weeks="1111111111111"/>
    <class days="0010000" id="220" room="61" start="108" weeks="1111111111111"/>
    <class days="0001000" id="221" room="116" start="204" weeks="1111111111111"/>
    <class days="0000100" id="222" room="56" start="168" weeks="1111111111111"/>
    <class days="0000100" id="223" room="72" start="192" weeks="1111111111111"/>
    <class days="1000000" id="224" room="116" start="192" weeks="1111111111111"/>
    <class days="1000000" id="225" room="116" start="168" weeks="1111111111111"/>
    <class days="0100000" id="226" room="44" start="132" weeks="1111111111111"/>
    <class days="0010000" id="227" room="49" start="168" weeks="1111111111111"/>
    <class days="0100000" id="228" room="44" start="120" weeks="1111111111111"/>
    <class days="0010000" id="229" room="49" start="156" weeks="1111111111111"/>
    <class days="0000100" id="230" room="46" start="108" weeks="1111111111111"/>
    <class days="0000100" id="231" room="46" start="132" weeks="1111111111111"/>
    <class days="0100000" id="232" room="39" start="168" weeks="1111111111111"/>
    <class days="0000100" id="233" room="44" start="192" weeks="1111111111111"/>
    <class days="1000000" id="234" room="160" start="180" weeks="1111111111111"/>
    <class days="0100000" id="235" room="177" start="180" weeks="1111111111111"/>
    <class days="0100000" id="236" room="177" start="204" weeks="1111111111111"/>
    <class days="0100000" id="237" room="147" start="132" weeks="1111111111111"/>
    <class days="0100000" id="238" room="177" start="156" weeks="1111111111111"/>
    <class days="0010000" id="239" room="158" start="198" weeks="1111111111111"/>
    <class days="0100000" id="240" room="177" start="108" weeks="1111111111111"/>
    <class days="0001000" id="241" room="177" start="180" weeks="1111111111111"/>
    <class days="0001000" id="242" room="95" start="156" weeks="1111111111111"/>
    <class days="0001000" id="243" room="178" start="180" weeks="1111111111111"/>
    <class days="0001000" id="244" room="178" start="204" weeks="1111111111111"/>
    <class days="0100000" id="245" room="165" start="108" weeks="1111111111111"/>
    <class days="0100000" id="246" room="176" start="132" weeks="1111111111111"/>
    <class days="0100000" id="247" room="176" start="156" weeks="1111111111111"/>
    <class days="0001000" id="248" room="155" start="108" weeks="1111111111111"/>
    <class days="0001000" id="249" room="177" start="132" weeks="1111111111111"/>
    <class days="0000010" id="250" room="129" start="108" weeks="1111111111111"/>
    <class days="0000010" id="251" room="176" start="132" weeks="1111111111111"/>
    <class days="0000010" id="252" room="176" start="12" weeks="1111111111111"/>
    <class days="1000000" id="253" room="149" start="156" weeks="1111111111111"/>
    <class days="1000000" id="254" room="176" start="180" weeks="1111111111111"/>
    <class days="1000000" id="255" room="176" start="204" weeks="1111111111111"/>
    <class days="1000000" id="256" room="139" start="192" weeks="1111111111111"/>
    <class days="1000000" id="257" room="177" start="156" weeks="1111111111111"/>
    <class days="0001000" id="258" room="177" start="204" weeks="1111111111111"/>
    <class days="0000100" id="259" room="200" start="168" weeks="1111111111111"/>
    <class days="0000100" id="260" room="176" start="192" weeks="1111111111111"/>
    <class days="0000100" id="261" room="201" start="234" weeks="1111111111111"/>
    <class days="0001000" id="262" room="154" start="246" weeks="1111111111111"/>
    <class days="0010000" id="263" room="137" start="234" weeks="1111111111111"/>
    <class days="0100000" id="264" room="130" start="222" weeks="1111111111111"/>
    <class days="1000000" id="265" room="171" start="234" weeks="1111111111111"/>
    <class days="1000000" id="266" room="200" start="132" weeks="1111111111111"/>
    <class days="1000000" id="267" room="119" start="180" weeks="1111111111111"/>
    <class days="0001000" id="268" room="176" start="108" weeks="1111111111111"/>
    <class days="0001000" id="269" room="176" start="132" weeks="1111111111111"/>
    <class days="0001000" id="270" room="176" start="168" weeks="1111111111111"/>
    <class days="0001000" id="271" room="176" start="192" weeks="1111111111111"/>
    <class days="0100000" id="272" room="176" start="108" weeks="1111111111111"/>
    <class days="1000000" id="273" room="104" start="156" weeks="1111111111111"/>
    <class days="0010000" id="274" room="169" start="168" weeks="1111111111111"/>
    <class days="0010000" id="275" room="169" start="192" weeks="1111111111111"/>
    <class days="0001000" id="276" room="169" start="108" weeks="1111111111111"/>
    <class days="0001000" id="277" room="169" start="132" weeks="1111111111111"/>
    <class days="0001000" id="278" room="169" start="168" weeks="1111111111111"/>
    <class days="0010000" id="279" room="1" start="192" weeks="1111111111111"/>
    <class days="1000000" id="280" room="144" start="114" weeks="1111111111111"/>
    <class days="0010000" id="281" room="145" start="108" weeks="1111111111111"/>
    <class days="0100000" id="282" room="199" start="168" weeks="1111111111111"/>
    <class days="0100000" id="283" room="199" start="192" weeks="1111111111111"/>
    <class days="0010000" id="284" room="178" start="108" weeks="1111111111111"/>
    <class days="0010000" id="285" room="178" start="132" weeks="1111111111111"/>
    <class days="0010000" id="286" room="178" start="168" weeks="1111111111111"/>
    <class days="0010000" id="287" room="178" start="192" weeks="1111111111111"/>
    <class days="0010000" id="288" room="3" start="108" weeks="1111111111111"/>
    <class days="0010000" id="289" room="3" start="132" weeks="1111111111111"/>
    <class days="0000100" id="290" room="177" start="108" weeks="1111111111111"/>
    <class days="0000100" id="291" room="177" start="132" weeks="1111111111111"/>
    <class days="0000100" id="292" room="177" start="168" weeks="1111111111111"/>
    <class days="0000100" id="293" room="177" start="192" weeks="1111111111111"/>
    <class days="1000000" id="294" room="4" start="174" weeks="1111111111111"/>
    <class days="1000000" id="295" room="4" start="198" weeks="1111111111111"/>
    <class days="0100000" id="296" room="178" start="108" weeks="1111111111111"/>
    <class days="0100000" id="297" room="178" start="132" weeks="1111111111111"/>
    <class days="0100000" id="298" room="178" start="168" weeks="1111111111111"/>
    <class days="0100000" id="299" room="178" start="192" weeks="1111111111111"/>
    <class days="0001000" id="300" room="135" start="162" weeks="1111111111111"/>
    <class days="0001000" id="301" room="135" start="186" weeks="1111111111111"/>
    <class days="0000100" id="302" room="178" start="108" weeks="1111111111111"/>
    <class days="0000100" id="303" room="178" start="132" weeks="1111111111111"/>
    <class days="0000100" id="304" room="178" start="168" weeks="1111111111111"/>
    <class days="0000100" id="305" room="178" start="192" weeks="1111111111111"/>
    <class days="1000000" id="306" room="133" start="108" weeks="1111111111111"/>
    <class days="1000000" id="307" room="133" start="132" weeks="1111111111111"/>
    <class days="0010000" id="308" room="176" start="156" weeks="1111111111111"/>
    <class days="0010000" id="309" room="176" start="180" weeks="1111111111111"/>
    <class days="0010000" id="310" room="176" start="204" weeks="1111111111111"/>
    <class days="0001000" id="311" room="177" start="108" weeks="1111111111111"/>
    <class days="0010000" id="312" room="204" start="174" weeks="1111111111111"/>
    <class days="0010000" id="313" room="140" start="204" weeks="1111111111111"/>
    <class days="0001000" id="314" room="178" start="108" weeks="1111111111111"/>
    <class days="0001000" id="315" room="178" start="132" weeks="1111111111111"/>
    <class days="0001000" id="316" room="178" start="156" weeks="1111111111111"/>
    <class days="0001000" id="317" room="172" start="186" weeks="1111111111111"/>
    <class days="1000000" id="318" room="129" start="162" weeks="1111111111111"/>
    <class days="1000000" id="319" room="129" start="186" weeks="1111111111111"/>
    <class days="0010000" id="320" room="177" start="132" weeks="1111111111111"/>
    <class days="0010000" id="321" room="177" start="156" weeks="1111111111111"/>
    <class days="0010000" id="322" room="177" start="180" weeks="1111111111111"/>
    <class days="0000100" id="323" room="133" start="156" weeks="1111111111111"/>
    <class days="0000100" id="324" room="190" start="132" weeks="1111111111111"/>
    <class days="1000000" id="325" room="148" start="186" weeks="1111111111111"/>
    <class days="0100000" id="326" room="147" start="168" weeks="1111111111111"/>
    <class days="0100000" id="327" room="171" start="114" weeks="1111111111111"/>
    <class days="1000000" id="328" room="171" start="180" weeks="1111111111111"/>
    <class days="0010000" id="329" room="132" start="114" weeks="1111111111111"/>
    <class days="0001000" id="330" start="132" weeks="1111111111111"/>
    <class days="0100000" id="331" start="114" weeks="1111111111111"/>
    <class days="0010000" id="332" start="198" weeks="1111111111111"/>
    <class days="0001000" id="333" start="174" weeks="1111111111111"/>
    <class days="1000000" id="334" start="108" weeks="1111111111111"/>
    <class days="0001000" id="335" start="192" weeks="1111111111111"/>
    <class days="0000100" id="336" start="108" weeks="1111111111111"/>
    <class days="0010000" id="337" start="186" weeks="1111111111111"/>
    <class days="1000000" id="338" room="132" start="132" weeks="1111111111111"/>
    <class days="1000000" id="339" room="132" start="108" weeks="1111111111111"/>
    <class days="0010000" id="340" start="108" weeks="1111111111111"/>
    <class days="0010000" id="341" start="168" weeks="1111111111111"/>
    <class days="1000000" id="342" room="164" start="108" weeks="1111111111111"/>
    <class days="1000000" id="343" room="3" start="168" weeks="1111111111111"/>
    <class days="0010000" id="344" room="167" start="156" weeks="1111111111111"/>
    <class days="0001000" id="345" room="102" start="192" weeks="1111111111111"/>
    <class days="0001000" id="346" room="171" start="168" weeks="1111111111111"/>
    <class days="0100000" id="347" room="171" start="174" weeks="1111111111111"/>
    <class days="0000100" id="348" room="171" start="192" weeks="1111111111111"/>
    <class days="0100000" id="349" start="234" weeks="1111111111111"/>
    <class days="1000000" id="350" start="192" weeks="1111111111111"/>
    <class days="1000000" id="351" room="200" start="180" weeks="1111111111111"/>
    <class days="0010000" id="352" room="119" start="132" weeks="1111111111111"/>
    <class days="0100000" id="353" room="3" start="168" weeks="1111111111111"/>
    <class days="0010000" id="354" room="170" start="108" weeks="1111111111111"/>
    <class days="0001000" id="355" room="170" start="174" weeks="1111111111111"/>
    <class days="0100000" id="356" room="170" start="126" weeks="1111111111111"/>
    <class days="0010000" id="357" room="147" start="186" weeks="1111111111111"/>
    <class days="0000100" id="358" room="99" start="198" weeks="1111111111111"/>
    <class days="1000000" id="359" room="148" start="156" weeks="1111111111111"/>
    <class days="1000000" id="360" room="148" start="132" weeks="1111111111111"/>
    <class days="0001000" id="361" start="204" weeks="1111111111111"/>
    <class days="0000100" id="362" start="108" weeks="1111111111111"/>
    <class days="0000100" id="363" start="168" weeks="1111111111111"/>
    <class days="0100000" id="364" start="192" weeks="1111111111111"/>
    <class days="0100000" id="365" start="180" weeks="1111111111111"/>
    <class days="0001000" id="366" start="114" weeks="1111111111111"/>
    <class days="0010000" id="367" room="164" start="132" weeks="1111111111111"/>
    <class days="0010000" id="368" room="171" start="108" weeks="1111111111111"/>
    <class days="1000000" id="369" room="161" start="156" weeks="1111111111111"/>
    <class days="1000000" id="370" room="171" start="132" weeks="1111111111111"/>
    <class days="1000000" id="371" room="172" start="108" weeks="1111111111111"/>
    <class days="0001000" id="372" room="168" start="204" weeks="1111111111111"/>
    <class days="0001000" id="373" room="168" start="180" weeks="1111111111111"/>
    <class days="1000000" id="374" room="183" start="180" weeks="1111111111111"/>
    <class days="0100000" id="375" room="170" start="162" weeks="1111111111111"/>
    <class days="0000100" id="376" room="170" start="156" weeks="1111111111111"/>
    <class days="0000100" id="377" room="170" start="186" weeks="1111111111111"/>
    <class days="0000100" id="378" room="183" start="126" weeks="1111111111111"/>
    <class days="1000000" id="379" room="190" start="162" weeks="1111111111111"/>
    <class days="0100000" id="380" room="159" start="144" weeks="1111111111111"/>
    <class days="0100000" id="381" room="204" start="162" weeks="1111111111111"/>
    <class days="1000000" id="382" room="4" start="138" weeks="1111111111111"/>
    <class days="1000000" id="383" room="94" start="192" weeks="1111111111111"/>
    <class days="0001000" id="384" room="150" start="108" weeks="1111111111111"/>
    <class days="0000100" id="385" room="144" start="180" weeks="1111111111111"/>
    <class days="0001000" id="386" room="91" start="204" weeks="1111111111111"/>
    <class days="0010000" id="387" room="160" start="198" weeks="1111111111111"/>
    <class days="1000000" id="388" room="192" start="180" weeks="1111111111111"/>
    <class days="0000100" id="389" room="103" start="204" weeks="1111111111111"/>
    <class days="1000000" id="390" room="89" start="108" weeks="1111111111111"/>
    <class days="0100000" id="391" room="92" start="108" weeks="1111111111111"/>
    <class days="0000100" id="392" room="141" start="108" weeks="1111111111111"/>
    <class days="0000100" id="393" room="147" start="144" weeks="1111111111111"/>
    <class days="0001000" id="394" room="142" start="114" weeks="1111111111111"/>
    <class days="0010000" id="395" room="151" start="180" weeks="1111111111111"/>
    <class days="1000000" id="396" room="102" start="168" weeks="1111111111111"/>
    <class days="0000100" id="397" room="131" start="180" weeks="1111111111111"/>
    <class days="0001000" id="398" room="3" start="180" weeks="1111111111111"/>
    <class days="0000100" id="399" room="92" start="156" weeks="1111111111111"/>
    <class days="0001000" id="400" room="167" start="144" weeks="1111111111111"/>
    <class days="0000100" id="401" room="91" start="108" weeks="1111111111111"/>
    <class days="0010000" id="402" room="129" start="168" weeks="1111111111111"/>
    <class days="0010000" id="403" room="162" start="108" weeks="1111111111111"/>
    <class days="1000000" id="404" room="139" start="144" weeks="1111111111111"/>
    <class days="0001000" id="405" room="159" start="120" weeks="1111111111111"/>
    <class days="1000000" id="406" room="39" start="198" weeks="1111111111111"/>
    <class days="1000000" id="407" room="39" start="186" weeks="1111111111111"/>
    <class days="0100000" id="408" room="39" start="180" weeks="1111111111111"/>
    <class days="0000100" id="409" room="118" start="150" weeks="1111111111111"/>
    <class days="0000100" id="410" room="42" start="192" weeks="1111111111111"/>
    <class days="0000100" id="411" room="42" start="180" weeks="1111111111111"/>
    <class days="0000100" id="412" room="42" start="168" weeks="1111111111111"/>
    <class days="0001000" id="413" room="39" start="168" weeks="1111111111111"/>
    <class days="0001000" id="414" room="139" start="252" weeks="1111111111111"/>
    <class days="0001000" id="415" room="1" start="234" weeks="1111111111111"/>
    <class days="0100000" id="416" room="101" start="240" weeks="1111111111111"/>
    <class days="1000000" id="417" room="156" start="222" weeks="1111111111111"/>
    <class days="0000100" id="418" room="4" start="222" weeks="1111111111111"/>
    <class days="1000000" id="419" room="160" start="246" weeks="1111111111111"/>
    <class days="0100000" id="420" room="101" start="180" weeks="1111111111111"/>
    <class days="0010000" id="421" room="146" start="156" weeks="1111111111111"/>
    <class days="0010000" id="422" room="159" start="108" weeks="1111111111111"/>
    <class days="0100000" id="423" start="132" weeks="1111111111111"/>
    <class days="0010000" id="424" room="160" start="132" weeks="1111111111111"/>
    <class days="0000100" id="425" room="132" start="156" weeks="1111111111111"/>
    <class days="0001000" id="426" room="106" start="156" weeks="1111111111111"/>
    <class days="0010000" id="427" room="106" start="156" weeks="1111111111111"/>
    <class days="0001000" id="428" room="122" start="132" weeks="1111111111111"/>
    <class days="0000100" id="429" room="124" start="120" weeks="1111111111111"/>
    <class days="0000100" id="430" room="103" start="144" weeks="1111111111111"/>
    <class days="0000100" id="431" room="123" start="180" weeks="1111111111111"/>
    <class days="0100000" id="432" room="120" start="108" weeks="1111111111111"/>
    <class days="0100000" id="433" room="104" start="156" weeks="1111111111111"/>
    <class days="0100000" id="434" room="192" start="132" weeks="1111111111111"/>
    <class days="0100000" id="435" room="89" start="180" weeks="1111111111111"/>
    <class days="1000000" id="436" room="103" start="132" weeks="1111111111111"/>
    <class days="0010000" id="437" room="105" start="180" weeks="1111111111111"/>
    <class days="0000100" id="438" room="123" start="144" weeks="1111111111111"/>
    <class days="1000000" id="439" room="106" start="108" weeks="1111111111111"/>
    <class days="1000000" id="440" room="121" start="156" weeks="1111111111111"/>
    <class days="1000000" id="441" room="207" start="120" weeks="1111111111111"/>
    <class days="1000000" id="442" room="198" start="156" weeks="1111111111111"/>
    <class days="1000000" id="443" room="198" start="180" weeks="1111111111111"/>
    <class days="0100000" id="444" room="207" start="132" weeks="1111111111111"/>
    <class days="0001000" id="445" room="207" start="180" weeks="1111111111111"/>
    <class days="0010000" id="446" room="207" start="120" weeks="1111111111111"/>
    <class days="0000100" id="447" room="207" start="120" weeks="1111111111111"/>
    <class days="0001000" id="448" room="207" start="156" weeks="1111111111111"/>
    <class days="0001000" id="449" room="207" start="132" weeks="1111111111111"/>
    <class days="0010000" id="450" room="207" start="168" weeks="1111111111111"/>
    <class days="0100000" id="451" room="207" start="168" weeks="1111111111111"/>
    <class days="0010000" id="452" room="186" start="108" weeks="1111111111111"/>
    <class days="0001000" id="453" room="186" start="156" weeks="1111111111111"/>
    <class days="0001000" id="454" room="186" start="114" weeks="1111111111111"/>
    <class days="0010000" id="455" room="186" start="192" weeks="1111111111111"/>
    <class days="0000100" id="456" room="186" start="120" weeks="1111111111111"/>
    <class days="0100000" id="457" room="186" start="174" weeks="1111111111111"/>
    <class days="0010000" id="458" room="186" start="150" weeks="1111111111111"/>
    <class days="1000000" id="459" room="186" start="126" weeks="1111111111111"/>
    <class days="1000000" id="460" room="186" start="174" weeks="1111111111111"/>
    <class days="1000000" id="461" room="186" start="204" weeks="1111111111111"/>
    <class days="0000100" id="462" room="186" start="180" weeks="1111111111111"/>
    <class days="0000100" id="463" room="119" start="156" weeks="1111111111111"/>
    <class days="0000100" id="464" room="150" start="180" weeks="1111111111111"/>
    <class days="0000100" id="465" room="121" start="108" weeks="1111111111111"/>
    <class days="0100000" id="466" room="119" start="108" weeks="1111111111111"/>
    <class days="0100000" id="467" room="151" start="132" weeks="1111111111111"/>
    <class days="0100000" id="468" room="123" start="156" weeks="1111111111111"/>
    <class days="1000000" id="469" room="124" start="108" weeks="1111111111111"/>
    <class days="0010000" id="470" room="103" start="132" weeks="1111111111111"/>
    <class days="0001000" id="471" room="151" start="180" weeks="1111111111111"/>
    <class days="1000000" id="472" room="202" start="204" weeks="1111111111111"/>
    <class days="0000100" id="473" room="203" start="204" weeks="1111111111111"/>
    <class days="0100000" id="474" room="199" start="108" weeks="1111111111111"/>
    <class days="0010000" id="475" room="203" start="156" weeks="1111111111111"/>
    <class days="1000000" id="476" room="22" start="108" weeks="1111111111111"/>
    <class days="1000000" id="477" room="25" start="108" weeks="1111111111111"/>
    <class days="1000000" id="478" room="28" start="108" weeks="1111111111111"/>
    <class days="1000000" id="479" room="23" start="108" weeks="1111111111111"/>
    <class days="1000000" id="480" room="34" start="108" weeks="1111111111111"/>
    <class days="0100000" id="481" room="22" start="108" weeks="1111111111111"/>
    <class days="0100000" id="482" room="25" start="108" weeks="1111111111111"/>
    <class days="0100000" id="483" room="28" start="108" weeks="1111111111111"/>
    <class days="0100000" id="484" room="23" start="108" weeks="1111111111111"/>
    <class days="0100000" id="485" room="34" start="108" weeks="1111111111111"/>
    <class days="0010000" id="486" room="22" start="108" weeks="1111111111111"/>
    <class days="0010000" id="487" room="25" start="108" weeks="1111111111111"/>
    <class days="0010000" id="488" room="28" start="108" weeks="1111111111111"/>
    <class days="0010000" id="489" room="23" start="108" weeks="1111111111111"/>
    <class days="0010000" id="490" room="34" start="108" weeks="1111111111111"/>
    <class days="0001000" id="491" room="22" start="108" weeks="1111111111111"/>
    <class days="0001000" id="492" room="25" start="132" weeks="1111111111111"/>
    <class days="0001000" id="493" room="28" start="108" weeks="1111111111111"/>
    <class days="0001000" id="494" room="23" start="132" weeks="1111111111111"/>
    <class days="0001000" id="495" room="34" start="108" weeks="1111111111111"/>
    <class days="0100000" id="496" room="22" start="144" weeks="1111111111111"/>
    <class days="0000100" id="497" room="25" start="108" weeks="1111111111111"/>
    <class days="0000100" id="498" room="28" start="108" weeks="1111111111111"/>
    <class days="0000100" id="499" room="23" start="108" weeks="1111111111111"/>
    <class days="0000100" id="500" room="34" start="108" weeks="1111111111111"/>
    <class days="0010000" id="501" room="22" start="144" weeks="1111111111111"/>
    <class days="1000000" id="502" room="25" start="144" weeks="1111111111111"/>
    <class days="1000000" id="503" room="28" start="144" weeks="1111111111111"/>
    <class days="1000000" id="504" room="23" start="144" weeks="1111111111111"/>
    <class days="1000000" id="505" room="34" start="144" weeks="1111111111111"/>
    <class days="0001000" id="506" room="22" start="144" weeks="1111111111111"/>
    <class days="0100000" id="507" room="25" start="144" weeks="1111111111111"/>
    <class days="0100000" id="508" room="28" start="144" weeks="1111111111111"/>
    <class days="0100000" id="509" room="23" start="144" weeks="1111111111111"/>
    <class days="0100000" id="510" room="34" start="144" weeks="1111111111111"/>
    <class days="0000100" id="511" room="22" start="108" weeks="1111111111111"/>
    <class days="0001000" id="512" room="25" start="108" weeks="1111111111111"/>
    <class days="0010000" id="513" room="28" start="144" weeks="1111111111111"/>
    <class days="0010000" id="514" room="23" start="144" weeks="1111111111111"/>
    <class days="0010000" id="515" room="34" start="144" weeks="1111111111111"/>
    <class days="0000100" id="516" room="22" start="132" weeks="1111111111111"/>
    <class days="0010000" id="517" room="25" start="144" weeks="1111111111111"/>
    <class days="0001000" id="518" room="28" start="144" weeks="1111111111111"/>
    <class days="0001000" id="519" room="23" start="108" weeks="1111111111111"/>
    <class days="0001000" id="520" room="34" start="144" weeks="1111111111111"/>
    <class days="0010000" id="521" room="30" start="198" weeks="1111111111111"/>
    <class days="0000100" id="522" room="25" start="132" weeks="1111111111111"/>
    <class days="0000100" id="523" room="28" start="132" weeks="1111111111111"/>
    <class days="0000100" id="524" room="23" start="132" weeks="1111111111111"/>
    <class days="0000100" id="525" room="34" start="132" weeks="1111111111111"/>
    <class days="1000000" id="526" room="30" start="108" weeks="1111111111111"/>
    <class days="1000000" id="527" room="24" start="108" weeks="1111111111111"/>
    <class days="1000000" id="528" room="36" start="108" weeks="1111111111111"/>
    <class days="1000000" id="529" room="31" start="108" weeks="1111111111111"/>
    <class days="1000000" id="530" room="27" start="108" weeks="1111111111111"/>
    <class days="1000000" id="531" room="29" start="108" weeks="1111111111111"/>
    <class days="1000000" id="532" room="32" start="108" weeks="1111111111111"/>
    <class days="1000000" id="533" room="7" start="108" weeks="1111111111111"/>
    <class days="1000000" id="534" room="12" start="108" weeks="1111111111111"/>
    <class days="1000000" id="535" room="26" start="108" weeks="1111111111111"/>
    <class days="1000000" id="536" room="33" start="108" weeks="1111111111111"/>
    <class days="1000000" id="537" room="8" start="108" weeks="1111111111111"/>
    <class days="1000000" id="538" room="9" start="108" weeks="1111111111111"/>
    <class days="1000000" id="539" room="15" start="108" weeks="1111111111111"/>
    <class days="1000000" id="540" room="20" start="108" weeks="1111111111111"/>
    <class days="1000000" id="541" room="35" start="108" weeks="1111111111111"/>
    <class days="1000000" id="542" room="30" start="132" weeks="1111111111111"/>
    <class days="1000000" id="543" room="24" start="132" weeks="1111111111111"/>
    <class days="1000000" id="544" room="36" start="132" weeks="1111111111111"/>
    <class days="1000000" id="545" room="31" start="132" weeks="1111111111111"/>
    <class days="1000000" id="546" room="27" start="132" weeks="1111111111111"/>
    <class days="1000000" id="547" room="29" start="132" weeks="1111111111111"/>
    <class days="1000000" id="548" room="32" start="132" weeks="1111111111111"/>
    <class days="1000000" id="549" room="7" start="132" weeks="1111111111111"/>
    <class days="1000000" id="550" room="12" start="132" weeks="1111111111111"/>
    <class days="1000000" id="551" room="26" start="132" weeks="1111111111111"/>
    <class days="1000000" id="552" room="33" start="132" weeks="1111111111111"/>
    <class days="1000000" id="553" room="8" start="132" weeks="1111111111111"/>
    <class days="1000000" id="554" room="9" start="132" weeks="1111111111111"/>
    <class days="1000000" id="555" room="15" start="132" weeks="1111111111111"/>
    <class days="1000000" id="556" room="20" start="132" weeks="1111111111111"/>
    <class days="1000000" id="557" room="35" start="132" weeks="1111111111111"/>
    <class days="1000000" id="558" room="30" start="162" weeks="1111111111111"/>
    <class days="1000000" id="559" room="24" start="162" weeks="1111111111111"/>
    <class days="1000000" id="560" room="36" start="162" weeks="1111111111111"/>
    <class days="1000000" id="561" room="31" start="162" weeks="1111111111111"/>
    <class days="1000000" id="562" room="27" start="162" weeks="1111111111111"/>
    <class days="1000000" id="563" room="29" start="162" weeks="1111111111111"/>
    <class days="1000000" id="564" room="32" start="162" weeks="1111111111111"/>
    <class days="1000000" id="565" room="7" start="162" weeks="1111111111111"/>
    <class days="1000000" id="566" room="12" start="162" weeks="1111111111111"/>
    <class days="1000000" id="567" room="26" start="162" weeks="1111111111111"/>
    <class days="1000000" id="568" room="33" start="162" weeks="1111111111111"/>
    <class days="1000000" id="569" room="8" start="162" weeks="1111111111111"/>
    <class days="1000000" id="570" room="9" start="162" weeks="1111111111111"/>
    <class days="1000000" id="571" room="15" start="162" weeks="1111111111111"/>
    <class days="1000000" id="572" room="20" start="162" weeks="1111111111111"/>
    <class days="1000000" id="573" room="35" start="162" weeks="1111111111111"/>
    <class days="0100000" id="574" room="30" start="108" weeks="1111111111111"/>
    <class days="0100000" id="575" room="24" start="108" weeks="1111111111111"/>
    <class days="0100000" id="576" room="36" start="108" weeks="1111111111111"/>
    <class days="0100000" id="577" room="31" start="108" weeks="1111111111111"/>
    <class days="0100000" id="578" room="27" start="108" weeks="1111111111111"/>
    <class days="0100000" id="579" room="29" start="108" weeks="1111111111111"/>
    <class days="0100000" id="580" room="32" start="108" weeks="1111111111111"/>
    <class days="0100000" id="581" room="7" start="108" weeks="1111111111111"/>
    <class days="0100000" id="582" room="12" start="108" weeks="1111111111111"/>
    <class days="0100000" id="583" room="26" start="108" weeks="1111111111111"/>
    <class days="0100000" id="584" room="33" start="108" weeks="1111111111111"/>
    <class days="0100000" id="585" room="8" start="108" weeks="1111111111111"/>
    <class days="0100000" id="586" room="9" start="108" weeks="1111111111111"/>
    <class days="0100000" id="587" room="15" start="108" weeks="1111111111111"/>
    <class days="0100000" id="588" room="20" start="108" weeks="1111111111111"/>
    <class days="0100000" id="589" room="35" start="108" weeks="1111111111111"/>
    <class days="0100000" id="590" room="30" start="132" weeks="1111111111111"/>
    <class days="0100000" id="591" room="24" start="132" weeks="1111111111111"/>
    <class days="0100000" id="592" room="36" start="132" weeks="1111111111111"/>
    <class days="0100000" id="593" room="31" start="132" weeks="1111111111111"/>
    <class days="0100000" id="594" room="27" start="132" weeks="1111111111111"/>
    <class days="0100000" id="595" room="29" start="132" weeks="1111111111111"/>
    <class days="0100000" id="596" room="32" start="132" weeks="1111111111111"/>
    <class days="0100000" id="597" room="7" start="132" weeks="1111111111111"/>
    <class days="0100000" id="598" room="12" start="132" weeks="1111111111111"/>
    <class days="0100000" id="599" room="26" start="132" weeks="1111111111111"/>
    <class days="0100000" id="600" room="33" start="132" weeks="1111111111111"/>
    <class days="0100000" id="601" room="8" start="132" weeks="1111111111111"/>
    <class days="0100000" id="602" room="9" start="132" weeks="1111111111111"/>
    <class days="0100000" id="603" room="15" start="132" weeks="1111111111111"/>
    <class days="0100000" id="604" room="20" start="132" weeks="1111111111111"/>
    <class days="0100000" id="605" room="35" start="132" weeks="1111111111111"/>
    <class days="0100000" id="606" room="30" start="162" weeks="1111111111111"/>
    <class days="0100000" id="607" room="24" start="162" weeks="1111111111111"/>
    <class days="0100000" id="608" room="36" start="162" weeks="1111111111111"/>
    <class days="0100000" id="609" room="31" start="162" weeks="1111111111111"/>
    <class days="0100000" id="610" room="27" start="162" weeks="1111111111111"/>
    <class days="0100000" id="611" room="29" start="162" weeks="1111111111111"/>
    <class days="0100000" id="612" room="32" start="162" weeks="1111111111111"/>
    <class days="0100000" id="613" room="7" start="162" weeks="1111111111111"/>
    <class days="0100000" id="614" room="12" start="162" weeks="1111111111111"/>
    <class days="0100000" id="615" room="26" start="162" weeks="1111111111111"/>
    <class days="0100000" id="616" room="33" start="162" weeks="1111111111111"/>
    <class days="0100000" id="617" room="8" start="162" weeks="1111111111111"/>
    <class days="0100000" id="618" room="9" start="162" weeks="1111111111111"/>
    <class days="0100000" id="619" room="15" start="162" weeks="1111111111111"/>
    <class days="0100000" id="620" room="20" start="162" weeks="1111111111111"/>
    <class days="0100000" id="621" room="35" start="162" weeks="1111111111111"/>
    <class days="0010000" id="622" room="30" start="108" weeks="1111111111111"/>
    <class days="0010000" id="623" room="24" start="108" weeks="1111111111111"/>
    <class days="0010000" id="624" room="36" start="108" weeks="1111111111111"/>
    <class days="0010000" id="625" room="31" start="108" weeks="1111111111111"/>
    <class days="0010000" id="626" room="27" start="108" weeks="1111111111111"/>
    <class days="0010000" id="627" room="29" start="108" weeks="1111111111111"/>
    <class days="0010000" id="628" room="32" start="108" weeks="1111111111111"/>
    <class days="0010000" id="629" room="7" start="108" weeks="1111111111111"/>
    <class days="0010000" id="630" room="12" start="108" weeks="1111111111111"/>
    <class days="0010000" id="631" room="26" start="108" weeks="1111111111111"/>
    <class days="0010000" id="632" room="33" start="108" weeks="1111111111111"/>
    <class days="0010000" id="633" room="8" start="108" weeks="1111111111111"/>
    <class days="0010000" id="634" room="9" start="108" weeks="1111111111111"/>
    <class days="0010000" id="635" room="15" start="108" weeks="1111111111111"/>
    <class days="0010000" id="636" room="20" start="108" weeks="1111111111111"/>
    <class days="0010000" id="637" room="35" start="108" weeks="1111111111111"/>
    <class days="0010000" id="638" room="30" start="132" weeks="1111111111111"/>
    <class days="0010000" id="639" room="24" start="132" weeks="1111111111111"/>
    <class days="0010000" id="640" room="36" start="132" weeks="1111111111111"/>
    <class days="0010000" id="641" room="31" start="132" weeks="1111111111111"/>
    <class days="0010000" id="642" room="27" start="132" weeks="1111111111111"/>
    <class days="0010000" id="643" room="29" start="132" weeks="1111111111111"/>
    <class days="0010000" id="644" room="32" start="132" weeks="1111111111111"/>
    <class days="0010000" id="645" room="7" start="132" weeks="1111111111111"/>
    <class days="0010000" id="646" room="12" start="132" weeks="1111111111111"/>
    <class days="0010000" id="647" room="26" start="132" weeks="1111111111111"/>
    <class days="0010000" id="648" room="33" start="132" weeks="1111111111111"/>
    <class days="0010000" id="649" room="8" start="132" weeks="1111111111111"/>
    <class days="0010000" id="650" room="9" start="132" weeks="1111111111111"/>
    <class days="0010000" id="651" room="15" start="132" weeks="1111111111111"/>
    <class days="0010000" id="652" room="20" start="132" weeks="1111111111111"/>
    <class days="0010000" id="653" room="35" start="132" weeks="1111111111111"/>
    <class days="0010000" id="654" room="30" start="162" weeks="1111111111111"/>
    <class days="0010000" id="655" room="24" start="162" weeks="1111111111111"/>
    <class days="0010000" id="656" room="36" start="156" weeks="1111111111111"/>
    <class days="0010000" id="657" room="31" start="162" weeks="1111111111111"/>
    <class days="0010000" id="658" room="27" start="162" weeks="1111111111111"/>
    <class days="0010000" id="659" room="29" start="162" weeks="1111111111111"/>
    <class days="0010000" id="660" room="32" start="162" weeks="1111111111111"/>
    <class days="0010000" id="661" room="7" start="162" weeks="1111111111111"/>
    <class days="0010000" id="662" room="12" start="162" weeks="1111111111111"/>
    <class days="0010000" id="663" room="26" start="162" weeks="1111111111111"/>
    <class days="0010000" id="664" room="33" start="162" weeks="1111111111111"/>
    <class days="0010000" id="665" room="8" start="162" weeks="1111111111111"/>
    <class days="0010000" id="666" room="9" start="168" weeks="1111111111111"/>
    <class days="0010000" id="667" room="15" start="162" weeks="1111111111111"/>
    <class days="0010000" id="668" room="20" start="162" weeks="1111111111111"/>
    <class days="0010000" id="669" room="35" start="162" weeks="1111111111111"/>
    <class days="0001000" id="670" room="30" start="108" weeks="1111111111111"/>
    <class days="0001000" id="671" room="24" start="108" weeks="1111111111111"/>
    <class days="0001000" id="672" room="36" start="108" weeks="1111111111111"/>
    <class days="0001000" id="673" room="31" start="108" weeks="1111111111111"/>
    <class days="0001000" id="674" room="27" start="108" weeks="1111111111111"/>
    <class days="0001000" id="675" room="29" start="108" weeks="1111111111111"/>
    <class days="0001000" id="676" room="32" start="108" weeks="1111111111111"/>
    <class days="0001000" id="677" room="7" start="108" weeks="1111111111111"/>
    <class days="0001000" id="678" room="12" start="108" weeks="1111111111111"/>
    <class days="0001000" id="679" room="26" start="108" weeks="1111111111111"/>
    <class days="0001000" id="680" room="33" start="108" weeks="1111111111111"/>
    <class days="0001000" id="681" room="8" start="108" weeks="1111111111111"/>
    <class days="0001000" id="682" room="9" start="108" weeks="1111111111111"/>
    <class days="0001000" id="683" room="15" start="108" weeks="1111111111111"/>
    <class days="0001000" id="684" room="20" start="132" weeks="1111111111111"/>
    <class days="0001000" id="685" room="35" start="108" weeks="1111111111111"/>
    <class days="0001000" id="686" room="30" start="132" weeks="1111111111111"/>
    <class days="0001000" id="687" room="24" start="132" weeks="1111111111111"/>
    <class days="0001000" id="688" room="36" start="132" weeks="1111111111111"/>
    <class days="0001000" id="689" room="31" start="132" weeks="1111111111111"/>
    <class days="0001000" id="690" room="27" start="132" weeks="1111111111111"/>
    <class days="0001000" id="691" room="29" start="132" weeks="1111111111111"/>
    <class days="0001000" id="692" room="32" start="132" weeks="1111111111111"/>
    <class days="0001000" id="693" room="7" start="132" weeks="1111111111111"/>
    <class days="0001000" id="694" room="12" start="132" weeks="1111111111111"/>
    <class days="0001000" id="695" room="26" start="132" weeks="1111111111111"/>
    <class days="0001000" id="696" room="33" start="132" weeks="1111111111111"/>
    <class days="0001000" id="697" room="8" start="132" weeks="1111111111111"/>
    <class days="0001000" id="698" room="9" start="132" weeks="1111111111111"/>
    <class days="0001000" id="699" room="15" start="132" weeks="1111111111111"/>
    <class days="0001000" id="700" room="20" start="108" weeks="1111111111111"/>
    <class days="0001000" id="701" room="35" start="132" weeks="1111111111111"/>
    <class days="0000100" id="702" room="30" start="108" weeks="1111111111111"/>
    <class days="0000100" id="703" room="24" start="108" weeks="1111111111111"/>
    <class days="0000100" id="704" room="36" start="108" weeks="1111111111111"/>
    <class days="0000100" id="705" room="31" start="108" weeks="1111111111111"/>
    <class days="0000100" id="706" room="27" start="108" weeks="1111111111111"/>
    <class days="0000100" id="707" room="29" start="108" weeks="1111111111111"/>
    <class days="0000100" id="708" room="32" start="108" weeks="1111111111111"/>
    <class days="0000100" id="709" room="7" start="108" weeks="1111111111111"/>
    <class days="0000100" id="710" room="12" start="108" weeks="1111111111111"/>
    <class days="0000100" id="711" room="26" start="108" weeks="1111111111111"/>
    <class days="0000100" id="712" room="33" start="108" weeks="1111111111111"/>
    <class days="0000100" id="713" room="8" start="108" weeks="1111111111111"/>
    <class days="0000100" id="714" room="9" start="108" weeks="1111111111111"/>
    <class days="0000100" id="715" room="15" start="108" weeks="1111111111111"/>
    <class days="0000100" id="716" room="20" start="108" weeks="1111111111111"/>
    <class days="0000100" id="717" room="35" start="108" weeks="1111111111111"/>
    <class days="0000100" id="718" room="30" start="132" weeks="1111111111111"/>
    <class days="0000100" id="719" room="24" start="132" weeks="1111111111111"/>
    <class days="0000100" id="720" room="36" start="132" weeks="1111111111111"/>
    <class days="0000100" id="721" room="31" start="132" weeks="1111111111111"/>
    <class days="0000100" id="722" room="27" start="132" weeks="1111111111111"/>
    <class days="0000100" id="723" room="29" start="132" weeks="1111111111111"/>
    <class days="0000100" id="724" room="32" start="132" weeks="1111111111111"/>
    <class days="0000100" id="725" room="7" start="132" weeks="1111111111111"/>
    <class days="0000100" id="726" room="12" start="132" weeks="1111111111111"/>
    <class days="0000100" id="727" room="26" start="132" weeks="1111111111111"/>
    <class days="0000100" id="728" room="33" start="132" weeks="1111111111111"/>
    <class days="0000100" id="729" room="8" start="132" weeks="1111111111111"/>
    <class days="0000100" id="730" room="9" start="132" weeks="1111111111111"/>
    <class days="0000100" id="731" room="15" start="132" weeks="1111111111111"/>
    <class days="0000100" id="732" room="20" start="132" weeks="1111111111111"/>
    <class days="0000100" id="733" room="35" start="132" weeks="1111111111111"/>
    <class days="0001000" id="734" room="22" start="192" weeks="1111111111111"/>
    <class days="1000000" id="735" room="25" start="204" weeks="1111111111111"/>
    <class days="1000000" id="736" room="28" start="204" weeks="1111111111111"/>
    <class days="1000000" id="737" room="23" start="204" weeks="1111111111111"/>
    <class days="1000000" id="738" room="34" start="204" weeks="1111111111111"/>
    <class days="1000000" id="739" room="22" start="168" weeks="1111111111111"/>
    <class days="0100000" id="740" room="25" start="204" weeks="1111111111111"/>
    <class days="0100000" id="741" room="28" start="204" weeks="1111111111111"/>
    <class days="0100000" id="742" room="23" start="204" weeks="1111111111111"/>
    <class days="0100000" id="743" room="34" start="204" weeks="1111111111111"/>
    <class days="0100000" id="744" room="22" start="168" weeks="1111111111111"/>
    <class days="0010000" id="745" room="25" start="168" weeks="1111111111111"/>
    <class days="0010000" id="746" room="28" start="168" weeks="1111111111111"/>
    <class days="0010000" id="747" room="23" start="168" weeks="1111111111111"/>
    <class days="0010000" id="748" room="34" start="168" weeks="1111111111111"/>
    <class days="0010000" id="749" room="22" start="168" weeks="1111111111111"/>
    <class days="0010000" id="750" room="25" start="192" weeks="1111111111111"/>
    <class days="0010000" id="751" room="28" start="192" weeks="1111111111111"/>
    <class days="0010000" id="752" room="23" start="192" weeks="1111111111111"/>
    <class days="0001000" id="753" room="34" start="168" weeks="1111111111111"/>
    <class days="0001000" id="754" room="22" start="168" weeks="1111111111111"/>
    <class days="0001000" id="755" room="25" start="168" weeks="1111111111111"/>
    <class days="0001000" id="756" room="28" start="168" weeks="1111111111111"/>
    <class days="0001000" id="757" room="23" start="168" weeks="1111111111111"/>
    <class days="0000100" id="758" room="34" start="168" weeks="1111111111111"/>
    <class days="0000100" id="759" room="22" start="192" weeks="1111111111111"/>
    <class days="0001000" id="760" room="25" start="192" weeks="1111111111111"/>
    <class days="0001000" id="761" room="28" start="192" weeks="1111111111111"/>
    <class days="0001000" id="762" room="23" start="192" weeks="1111111111111"/>
    <class days="0010000" id="763" room="34" start="192" weeks="1111111111111"/>
    <class days="0010000" id="764" room="22" start="192" weeks="1111111111111"/>
    <class days="0000100" id="765" room="25" start="168" weeks="1111111111111"/>
    <class days="0000100" id="766" room="28" start="168" weeks="1111111111111"/>
    <class days="0000100" id="767" room="23" start="168" weeks="1111111111111"/>
    <class days="0001000" id="768" room="34" start="192" weeks="1111111111111"/>
    <class days="0000100" id="769" room="22" start="168" weeks="1111111111111"/>
    <class days="0000100" id="770" room="25" start="192" weeks="1111111111111"/>
    <class days="0000100" id="771" room="28" start="192" weeks="1111111111111"/>
    <class days="0000100" id="772" room="23" start="192" weeks="1111111111111"/>
    <class days="0000100" id="773" room="34" start="192" weeks="1111111111111"/>
    <class days="1000000" id="774" room="22" start="192" weeks="1111111111111"/>
    <class days="1000000" id="775" room="25" start="168" weeks="1111111111111"/>
    <class days="1000000" id="776" room="28" start="168" weeks="1111111111111"/>
    <class days="1000000" id="777" room="23" start="168" weeks="1111111111111"/>
    <class days="1000000" id="778" room="34" start="168" weeks="1111111111111"/>
    <class days="0100000" id="779" room="22" start="192" weeks="1111111111111"/>
    <class days="0100000" id="780" room="25" start="168" weeks="1111111111111"/>
    <class days="0100000" id="781" room="28" start="168" weeks="1111111111111"/>
    <class days="0100000" id="782" room="23" start="168" weeks="1111111111111"/>
    <class days="0100000" id="783" room="34" start="168" weeks="1111111111111"/>
    <class days="0100000" id="784" room="5" start="108" weeks="1111111111111"/>
    <class days="0100000" id="785" room="5" start="132" weeks="1111111111111"/>
    <class days="0000100" id="786" room="2" start="108" weeks="1111111111111"/>
    <class days="0100000" id="787" room="2" start="108" weeks="1111111111111"/>
    <class days="0100000" id="788" room="2" start="132" weeks="1111111111111"/>
    <class days="0000100" id="789" room="6" start="108" weeks="1111111111111"/>
    <class days="0100000" id="790" room="97" start="108" weeks="1111111111111"/>
    <class days="0100000" id="791" room="100" start="132" weeks="1111111111111"/>
    <class days="0000100" id="792" start="108" weeks="1111111111111"/>
    <class days="0100000" id="793" start="108" weeks="1111111111111"/>
    <class days="0100000" id="794" room="97" start="132" weeks="1111111111111"/>
    <class days="0000100" id="795" room="5" start="108" weeks="1111111111111"/>
    <class days="0010000" id="796" room="117" start="120" weeks="1111111111111"/>
    <class days="0010000" id="797" room="109" start="108" weeks="1111111111111"/>
    <class days="0010000" id="798" room="6" start="156" weeks="1111111111111"/>
    <class days="0010000" id="799" room="5" start="156" weeks="1111111111111"/>
    <class days="0010000" id="800" room="208" start="180" weeks="1111111111111"/>
    <class days="0010000" id="801" room="97" start="180" weeks="1111111111111"/>
    <class days="0010000" id="802" room="5" start="108" weeks="1111111111111"/>
    <class days="0010000" id="803" room="182" start="108" weeks="1111111111111"/>
    <class days="1000000" id="804" room="109" start="162" weeks="1111111111111"/>
    <class days="0001000" id="805" room="182" start="132" weeks="1111111111111"/>
    <class days="0001000" id="806" room="182" start="162" weeks="1111111111111"/>
    <class days="0010000" id="807" room="129" start="204" weeks="1111111111111"/>
    <class days="0100000" id="808" room="109" start="174" weeks="1111111111111"/>
    <class days="0100000" id="809" room="109" start="126" weeks="1111111111111"/>
    <class days="0100000" id="810" room="95" start="204" weeks="1111111111111"/>
    <class days="1000000" id="811" room="134" start="186" weeks="1111111111111"/>
    <class days="0100000" id="812" room="151" start="192" weeks="1111111111111"/>
    <class days="0001000" id="813" room="181" start="180" weeks="1111111111111"/>
    <class days="0100000" id="814" room="199" start="156" weeks="1111111111111"/>
    <class days="0010000" id="815" room="165" start="132" weeks="1111111111111"/>
    <class days="0001000" id="816" room="179" start="108" weeks="1111111111111"/>
    <class days="0000100" id="817" room="168" start="252" weeks="1111111111111"/>
    <class days="0001000" id="818" room="146" start="168" weeks="1111111111111"/>
    <class days="0010000" id="819" room="163" start="108" weeks="1111111111111"/>
    <class days="0000100" id="820" room="122" start="114" weeks="1111111111111"/>
    <class days="0100000" id="821" room="148" start="186" weeks="1111111111111"/>
    <class days="1000000" id="822" room="130" start="174" weeks="1111111111111"/>
    <class days="0100000" id="823" room="173" start="162" weeks="1111111111111"/>
    <class days="0100000" id="824" room="148" start="108" weeks="1111111111111"/>
    <class days="0010000" id="825" room="173" start="132" weeks="1111111111111"/>
    <class days="1000000" id="826" room="101" start="144" weeks="1111111111111"/>
    <class days="0001000" id="827" room="147" start="144" weeks="1111111111111"/>
    <class days="1000000" id="828" room="1" start="156" weeks="1111111111111"/>
    <class days="0000100" id="829" room="168" start="156" weeks="1111111111111"/>
    <class days="0001000" id="830" room="91" start="156" weeks="1111111111111"/>
    <class days="1000000" id="831" room="92" start="108" weeks="1111111111111"/>
    <class days="0100000" id="832" room="129" start="156" weeks="1111111111111"/>
    <class days="1000000" id="833" room="106" start="204" weeks="1111111111111"/>
    <class days="0000100" id="834" room="179" start="108" weeks="1111111111111"/>
    <class days="0000100" id="835" room="179" start="132" weeks="1111111111111"/>
    <class days="0000100" id="836" room="179" start="156" weeks="1111111111111"/>
    <class days="0000100" id="837" room="179" start="180" weeks="1111111111111"/>
    <class days="1000000" id="838" room="120" start="108" weeks="1111111111111"/>
    <class days="1000000" id="839" room="91" start="162" weeks="1111111111111"/>
    <class days="0010000" id="840" room="125" start="144" weeks="1111111111111"/>
    <class days="1000000" id="841" room="169" start="132" weeks="1111111111111"/>
    <class days="1000000" id="842" room="169" start="108" weeks="1111111111111"/>
    <class days="1000000" id="843" room="169" start="180" weeks="1111111111111"/>
    <class days="1000000" id="844" room="169" start="204" weeks="1111111111111"/>
    <class days="0100000" id="845" room="169" start="132" weeks="1111111111111"/>
    <class days="0001000" id="846" room="157" start="234" weeks="1111111111111"/>
    <class days="0001000" id="847" room="102" start="156" weeks="1111111111111"/>
    <class days="0010000" id="848" room="148" start="192" weeks="1111111111111"/>
    <class days="0100000" id="849" room="142" start="108" weeks="1111111111111"/>
    <class days="0001000" id="850" room="125" start="156" weeks="1111111111111"/>
    <class days="0001000" id="851" room="203" start="108" weeks="1111111111111"/>
    <class days="0100000" id="852" room="204" start="120" weeks="1111111111111"/>
    <class days="0001000" id="853" room="103" start="186" weeks="1111111111111"/>
    <class days="0000100" id="854" room="3" start="186" weeks="1111111111111"/>
    <class days="0000100" id="855" room="164" start="132" weeks="1111111111111"/>
    <class days="0010000" id="856" room="125" start="168" weeks="1111111111111"/>
    <class days="0001000" id="857" room="146" start="144" weeks="1111111111111"/>
    <class days="0000100" id="858" room="146" start="132" weeks="1111111111111"/>
    <class days="0000100" id="859" room="89" start="108" weeks="1111111111111"/>
    <class days="1000000" id="860" room="90" start="180" weeks="1111111111111"/>
    <class days="0100000" id="861" room="126" start="204" weeks="1111111111111"/>
    <class days="1000000" id="862" room="122" start="108" weeks="1111111111111"/>
    <class days="0100000" id="863" room="181" start="114" weeks="1111111111111"/>
    <class days="1000000" id="864" room="169" start="156" weeks="1111111111111"/>
    <class days="0100000" id="865" room="121" start="150" weeks="1111111111111"/>
    <class days="0000100" id="866" room="92" start="204" weeks="1111111111111"/>
    <class days="0010000" id="867" room="139" start="204" weeks="1111111111111"/>
    <class days="0010000" id="868" room="119" start="162" weeks="1111111111111"/>
    <class days="1000000" id="869" room="90" start="204" weeks="1111111111111"/>
    <class days="0001000" id="870" room="123" start="108" weeks="1111111111111"/>
    <class days="0100000" id="871" start="192" weeks="1111111111111"/>
    <class days="0100000" id="872" room="92" start="132" weeks="1111111111111"/>
    <class days="0010000" id="873" room="157" start="132" weeks="1111111111111"/>
    <class days="0001000" id="874" room="133" start="132" weeks="1111111111111"/>
    <class days="0010000" id="875" start="108" weeks="1111111111111"/>
    <class days="0000100" id="876" room="164" start="180" weeks="1111111111111"/>
    <class days="0100000" id="877" room="125" start="180" weeks="1111111111111"/>
    <class days="1000000" id="878" room="95" start="108" weeks="1111111111111"/>
    <class days="0000100" id="879" room="139" start="144" weeks="1111111111111"/>
    <class days="0000100" id="880" room="141" start="144" weeks="1111111111111"/>
    <class days="0000100" id="881" room="94" start="180" weeks="1111111111111"/>
    <class days="0010000" id="882" room="157" start="156" weeks="1111111111111"/>
    <class days="0010000" id="883" room="156" start="156" weeks="1111111111111"/>
    <class days="0010000" id="884" room="138" start="180" weeks="1111111111111"/>
    <class days="0001000" id="885" room="150" start="180" weeks="1111111111111"/>
    <class days="0001000" id="886" room="119" start="252" weeks="1111111111111"/>
    <class days="0001000" id="887" room="121" start="108" weeks="1111111111111"/>
    <class days="0010000" id="888" room="122" start="108" weeks="1111111111111"/>
    <class days="0100000" id="889" room="106" start="108" weeks="1111111111111"/>
    <class days="0100000" id="890" room="125" start="240" weeks="1111111111111"/>
    <class days="0100000" id="891" room="136" start="180" weeks="1111111111111"/>
    <class days="0001000" id="892" room="139" start="180" weeks="1111111111111"/>
    <class days="1000000" id="893" room="119" start="156" weeks="1111111111111"/>
    <class days="0100000" id="894" room="122" start="132" weeks="1111111111111"/>
    <class days="1000000" id="895" room="125" start="132" weeks="1111111111111"/>
    <class days="0010000" id="896" room="89" start="108" weeks="1111111111111"/>
    <class days="0100000" id="897" room="125" start="108" weeks="1111111111111"/>
    <class days="0010000" id="898" room="106" start="132" weeks="1111111111111"/>
    <class days="0001000" id="899" room="125" start="180" weeks="1111111111111"/>
    <class days="0100000" id="900" room="104" start="108" weeks="1111111111111"/>
    <class days="0001000" id="901" room="119" start="156" weeks="1111111111111"/>
    <class days="0001000" id="902" room="125" start="108" weeks="1111111111111"/>
    <class days="1000000" id="903" room="124" start="132" weeks="1111111111111"/>
    <class days="1000000" id="904" room="125" start="156" weeks="1111111111111"/>
    <class days="0100000" id="905" room="119" start="132" weeks="1111111111111"/>
    <class days="0100000" id="906" room="106" start="144" weeks="1111111111111"/>
    <class days="0010000" id="907" room="121" start="156" weeks="1111111111111"/>
    <class days="0010000" id="908" room="123" start="132" weeks="1111111111111"/>
    <class days="0001000" id="909" room="103" start="132" weeks="1111111111111"/>
    <class days="0001000" id="910" room="120" start="132" weeks="1111111111111"/>
    <class days="1000000" id="911" room="121" start="132" weeks="1111111111111"/>
    <class days="1000000" id="912" room="192" start="156" weeks="1111111111111"/>
    <class days="1000000" id="913" room="123" start="156" weeks="1111111111111"/>
    <class days="0100000" id="914" room="120" start="156" weeks="1111111111111"/>
    <class days="0001000" id="915" room="124" start="132" weeks="1111111111111"/>
    <class days="0001000" id="916" room="120" start="156" weeks="1111111111111"/>
    <class days="0100000" id="917" room="125" start="132" weeks="1111111111111"/>
    <class days="0001000" id="918" room="119" start="180" weeks="1111111111111"/>
    <class days="0001000" id="919" room="146" start="210" weeks="1111111111111"/>
    <class days="1000000" id="920" room="94" start="228" weeks="1111111111111"/>
    <class days="0000100" id="921" room="160" start="246" weeks="1111111111111"/>
    <class days="0100000" id="922" room="168" start="234" weeks="1111111111111"/>
    <class days="0010000" id="923" room="135" start="252" weeks="1111111111111"/>
    <class days="0001000" id="924" room="131" start="204" weeks="1111111111111"/>
    <class days="0010000" id="925" room="120" start="234" weeks="1111111111111"/>
    <class days="0010000" id="926" room="140" start="108" weeks="1111111111111"/>
    <class days="1000000" id="927" room="146" start="150" weeks="1111111111111"/>
    <class days="0100000" id="928" room="159" start="180" weeks="1111111111111"/>
    <class days="0000100" id="929" room="99" start="108" weeks="1111111111111"/>
    <class days="0100000" id="930" room="158" start="108" weeks="1111111111111"/>
    <class days="0100000" id="931" room="190" start="132" weeks="1111111111111"/>
    <class days="0010000" id="932" room="140" start="162" weeks="1111111111111"/>
    <class days="0010000" id="933" room="200" start="204" weeks="1111111111111"/>
    <class days="0010000" id="934" room="139" start="138" weeks="1111111111111"/>
    <class days="0100000" id="935" room="159" start="120" weeks="1111111111111"/>
    <class days="1000000" id="936" room="146" start="204" weeks="1111111111111"/>
    <class days="0000100" id="937" room="4" start="162" weeks="1111111111111"/>
    <class days="0001000" id="938" room="148" start="156" weeks="1111111111111"/>
    <class days="0100000" id="939" room="4" start="126" weeks="1111111111111"/>
    <class days="0001000" id="940" room="106" start="108" weeks="1111111111111"/>
    <class days="0010000" id="941" room="1" start="108" weeks="1111111111111"/>
    <class days="0001000" id="942" room="103" start="162" weeks="1111111111111"/>
    <class days="1000000" id="943" room="203" start="108" weeks="1111111111111"/>
    <class days="1000000" id="944" room="123" start="132" weeks="1111111111111"/>
    <class days="0100000" id="945" room="120" start="132" weeks="1111111111111"/>
    <class days="0000100" id="946" room="106" start="180" weeks="1111111111111"/>
    <class days="1000000" id="947" room="141" start="120" weeks="1111111111111"/>
    <class days="0000100" id="948" room="123" start="204" weeks="1111111111111"/>
    <class days="0001000" id="949" room="120" start="108" weeks="1111111111111"/>
    <class days="0100000" id="950" room="104" start="192" weeks="1111111111111"/>
    <class days="0100000" id="951" room="89" start="204" weeks="1111111111111"/>
    <class days="0001000" id="952" room="148" start="132" weeks="1111111111111"/>
    <class days="0100000" id="953" room="120" start="204" weeks="1111111111111"/>
    <class days="0000100" id="954" room="135" start="114" weeks="1111111111111"/>
    <class days="0100000" id="955" room="203" start="144" weeks="1111111111111"/>
    <class days="0100000" id="956" room="192" start="228" weeks="1111111111111"/>
    <class days="0001000" id="957" room="95" start="216" weeks="1111111111111"/>
    <class days="0000100" id="958" room="120" start="234" weeks="1111111111111"/>
    <class days="0010000" id="959" room="94" start="240" weeks="1111111111111"/>
    <class days="0010000" id="960" room="165" start="234" weeks="1111111111111"/>
    <class days="0001000" id="961" room="204" start="228" weeks="1111111111111"/>
    <class days="0010000" id="962" room="204" start="222" weeks="1111111111111"/>
    <class days="0010000" id="963" room="142" start="234" weeks="1111111111111"/>
    <class days="0000100" id="964" room="39" start="114" weeks="1111111111111"/>
    <class days="0100000" id="965" room="54" start="180" weeks="1111111111111"/>
    <class days="0100000" id="966" room="39" start="192" weeks="1111111111111"/>
    <class days="1000000" id="967" room="58" start="114" weeks="1111111111111"/>
    <class days="1000000" id="968" room="41" start="180" weeks="1111111111111"/>
    <class days="0100000" id="969" room="116" start="216" weeks="1111111111111"/>
    <class days="0000100" id="970" start="168" weeks="1111111111111"/>
    <class days="0000100" id="971" start="108" weeks="1111111111111"/>
    <class days="0000100" id="972" start="168" weeks="1111111111111"/>
    <class days="0000100" id="973" start="120" weeks="1111111111111"/>
    <class days="0000100" id="974" start="156" weeks="1111111111111"/>
    <class days="0000100" id="975" start="192" weeks="1111111111111"/>
    <class days="0000100" id="976" start="108" weeks="1111111111111"/>
    <class days="0000100" id="977" start="108" weeks="1111111111111"/>
    <class days="0000100" id="978" start="192" weeks="1111111111111"/>
    <class days="0000100" id="979" start="108" weeks="1111111111111"/>
    <class days="0000100" id="980" room="46" start="156" weeks="1111111111111"/>
    <class days="0000100" id="981" start="108" weeks="1111111111111"/>
    <class days="0000100" id="982" start="108" weeks="1111111111111"/>
    <class days="0000100" id="983" start="192" weeks="1111111111111"/>
    <class days="0001000" id="984" start="108" weeks="1111111111111"/>
    <class days="0001000" id="985" room="39" start="192" weeks="1111111111111"/>
    <class days="0100000" id="986" room="56" start="204" weeks="1111111111111"/>
    <class days="1000000" id="987" room="49" start="114" weeks="1111111111111"/>
    <class days="1000000" id="988" room="72" start="144" weeks="1111111111111"/>
    <class days="0001000" id="989" room="44" start="216" weeks="1111111111111"/>
    <class days="0010000" id="990" room="53" start="108" weeks="1111111111111"/>
    <class days="0001000" id="991" room="44" start="156" weeks="1111111111111"/>
    <class days="1000000" id="992" room="72" start="120" weeks="1111111111111"/>
    <class days="0000100" id="993" start="120" weeks="1111111111111"/>
    <class days="0000100" id="994" start="168" weeks="1111111111111"/>
    <class days="0000100" id="995" start="120" weeks="1111111111111"/>
    <class days="0000100" id="996" start="168" weeks="1111111111111"/>
    <class days="0000100" id="997" start="108" weeks="1111111111111"/>
    <class days="0000100" id="998" start="240" weeks="1111111111111"/>
    <class days="0000100" id="999" start="168" weeks="1111111111111"/>
    <class days="0000100" id="1000" start="120" weeks="1111111111111"/>
    <class days="0000100" id="1001" start="192" weeks="1111111111111"/>
    <class days="0000100" id="1002" room="53" start="156" weeks="1111111111111"/>
    <class days="0000100" id="1003" start="156" weeks="1111111111111"/>
    <class days="0000100" id="1004" start="156" weeks="1111111111111"/>
    <class days="0000100" id="1005" start="228" weeks="1111111111111"/>
    <class days="0001000" id="1006" start="144" weeks="1111111111111"/>
    <class days="0000100" id="1007" start="156" weeks="1111111111111"/>
    <class days="0001000" id="1008" room="58" start="132" weeks="1111111111111"/>
    <class days="1000000" id="1009" room="37" start="204" weeks="1111111111111"/>
    <class days="0001000" id="1010" room="58" start="108" weeks="1111111111111"/>
    <class days="1000000" id="1011" room="37" start="180" weeks="1111111111111"/>
    <class days="0001000" id="1012" room="139" start="132" weeks="1111111111111"/>
    <class days="0001000" id="1013" room="1" start="108" weeks="1111111111111"/>
    <class days="0100000" id="1014" room="164" start="156" weeks="1111111111111"/>
    <class days="0100000" id="1015" room="129" start="180" weeks="1111111111111"/>
    <class days="0100000" id="1016" start="156" weeks="1111111111111"/>
    <class days="0100000" id="1017" room="138" start="108" weeks="1111111111111"/>
    <class days="0010000" id="1018" room="160" start="162" weeks="1111111111111"/>
    <class days="0000100" id="1019" room="125" start="198" weeks="1111111111111"/>
    <class days="0000100" id="1020" room="121" start="174" weeks="1111111111111"/>
    <class days="1000000" id="1021" room="120" start="132" weeks="1111111111111"/>
    <class days="0001000" id="1022" room="123" start="132" weeks="1111111111111"/>
    <class days="0100000" id="1023" room="161" start="132" weeks="1111111111111"/>
    <class days="0010000" id="1024" room="89" start="132" weeks="1111111111111"/>
    <class days="0010000" id="1025" room="104" start="156" weeks="1111111111111"/>
    <class days="0001000" id="1026" room="168" start="156" weeks="1111111111111"/>
    <class days="0001000" id="1027" room="200" start="180" weeks="1111111111111"/>
    <class days="1000000" id="1028" room="104" start="108" weeks="1111111111111"/>
    <class days="1000000" id="1029" room="185" start="132" weeks="1111111111111"/>
    <class days="1000000" id="1030" room="185" start="156" weeks="1111111111111"/>
    <class days="1000000" id="1031" room="185" start="180" weeks="1111111111111"/>
    <class days="0000100" id="1032" room="159" start="192" weeks="1111111111111"/>
    <class days="0001000" id="1033" room="159" start="192" weeks="1111111111111"/>
    <class days="0000100" id="1034" room="126" start="156" weeks="1111111111111"/>
    <class days="0100000" id="1035" room="151" start="108" weeks="1111111111111"/>
    <class days="0100000" id="1036" room="89" start="156" weeks="1111111111111"/>
    <class days="0100000" id="1037" room="200" start="180" weeks="1111111111111"/>
    <class days="0100000" id="1038" room="150" start="126" weeks="1111111111111"/>
    <class days="0000100" id="1039" room="89" start="180" weeks="1111111111111"/>
    <class days="0100000" id="1040" room="103" start="156" weeks="1111111111111"/>
    <class days="0010000" id="1041" room="125" start="204" weeks="1111111111111"/>
    <class days="0100000" id="1042" room="124" start="108" weeks="1111111111111"/>
    <class days="0100000" id="1043" room="124" start="156" weeks="1111111111111"/>
    <class days="0000100" id="1044" room="120" start="120" weeks="1111111111111"/>
    <class days="0010000" id="1045" room="121" start="132" weeks="1111111111111"/>
    <class days="0010000" id="1046" room="106" start="108" weeks="1111111111111"/>
    <class days="1000000" id="1047" room="124" start="156" weeks="1111111111111"/>
    <class days="0010000" id="1048" room="122" start="156" weeks="1111111111111"/>
    <class days="0001000" id="1049" room="124" start="108" weeks="1111111111111"/>
    <class days="0100000" id="1050" room="124" start="180" weeks="1111111111111"/>
    <class days="0010000" id="1051" room="120" start="204" weeks="1111111111111"/>
    <class days="0010000" id="1052" room="202" start="120" weeks="1111111111111"/>
    <class days="0000100" id="1053" room="163" start="156" weeks="1111111111111"/>
    <class days="0000100" id="1054" room="101" start="204" weeks="1111111111111"/>
    <class days="0010000" id="1055" room="37" start="162" weeks="1111111111111"/>
    <class days="0100000" id="1056" room="56" start="132" weeks="1111111111111"/>
    <class days="0100000" id="1057" room="42" start="108" weeks="1111111111111"/>
    <class days="0100000" id="1058" room="42" start="132" weeks="1111111111111"/>
    <class days="0001000" id="1059" room="118" start="108" weeks="1111111111111"/>
    <class days="0001000" id="1060" room="43" start="132" weeks="1111111111111"/>
    <class days="0001000" id="1061" room="37" start="108" weeks="1111111111111"/>
    <class days="1000000" id="1062" room="42" start="156" weeks="1111111111111"/>
    <class days="0001000" id="1063" room="56" start="156" weeks="1111111111111"/>
    <class days="0001000" id="1064" room="55" start="180" weeks="1111111111111"/>
    <class days="0100000" id="1065" room="60" start="156" weeks="1111111111111"/>
    <class days="0100000" id="1066" room="129" start="108" weeks="1111111111111"/>
    <class days="1000000" id="1067" room="138" start="138" weeks="1111111111111"/>
    <class days="0001000" id="1068" room="153" start="132" weeks="1111111111111"/>
    <class days="0010000" id="1069" room="3" start="180" weeks="1111111111111"/>
    <class days="0000100" id="1070" room="101" start="120" weeks="1111111111111"/>
    <class days="1000000" id="1071" room="126" start="114" weeks="1111111111111"/>
    <class days="1000000" id="1072" room="134" start="108" weeks="1111111111111"/>
    <class days="1000000" id="1073" room="147" start="198" weeks="1111111111111"/>
    <class days="0010000" id="1074" room="145" start="198" weeks="1111111111111"/>
    <class days="0100000" id="1075" room="203" start="204" weeks="1111111111111"/>
    <class days="0100000" id="1076" room="203" start="180" weeks="1111111111111"/>
    <class days="0100000" id="1077" room="164" start="114" weeks="1111111111111"/>
    <class days="0001000" id="1078" room="92" start="120" weeks="1111111111111"/>
    <class days="0100000" id="1079" room="167" start="180" weeks="1111111111111"/>
    <class days="0100000" id="1080" room="119" start="156" weeks="1111111111111"/>
    <class days="0010000" id="1081" room="164" start="192" weeks="1111111111111"/>
    <class days="0001000" id="1082" room="165" start="192" weeks="1111111111111"/>
    <class days="0001000" id="1083" room="156" start="108" weeks="1111111111111"/>
    <class days="0000100" id="1084" room="120" start="192" weeks="1111111111111"/>
    <class days="0010000" id="1085" room="90" start="162" weeks="1111111111111"/>
    <class days="0000100" id="1086" room="102" start="108" weeks="1111111111111"/>
    <class days="0010000" id="1087" room="168" start="120" weeks="1111111111111"/>
    <class days="0000100" id="1088" room="190" start="204" weeks="1111111111111"/>
    <class days="1000000" id="1089" room="91" start="138" weeks="1111111111111"/>
    <class days="0000100" id="1090" room="204" start="180" weeks="1111111111111"/>
    <class days="1000000" id="1091" room="122" start="192" weeks="1111111111111"/>
    <class days="0010000" id="1092" room="104" start="192" weeks="1111111111111"/>
    <class days="1000000" id="1093" room="125" start="108" weeks="1111111111111"/>
    <class days="0000100" id="1094" room="122" start="204" weeks="1111111111111"/>
    <class days="0010000" id="1095" room="121" start="108" weeks="1111111111111"/>
    <class days="0100000" id="1096" room="99" start="156" weeks="1111111111111"/>
    <class days="0001000" id="1097" room="144" start="156" weeks="1111111111111"/>
    <class days="0100000" id="1098" room="99" start="180" weeks="1111111111111"/>
    <class days="0010000" id="1099" room="139" start="162" weeks="1111111111111"/>
    <class days="0010000" id="1100" room="103" start="204" weeks="1111111111111"/>
    <class days="0000100" id="1101" room="125" start="156" weeks="1111111111111"/>
    <class days="0001000" id="1102" room="136" start="108" weeks="1111111111111"/>
    <class days="1000000" id="1103" room="155" start="114" weeks="1111111111111"/>
    <class days="0000100" id="1104" room="101" start="156" weeks="1111111111111"/>
    <class days="1000000" id="1105" room="204" start="180" weeks="1111111111111"/>
    <class days="0001000" id="1106" room="158" start="192" weeks="1111111111111"/>
    <class days="0010000" id="1107" room="144" start="120" weeks="1111111111111"/>
    <class days="1000000" id="1108" room="92" start="156" weeks="1111111111111"/>
    <class days="0100000" id="1109" room="106" start="204" weeks="1111111111111"/>
    <class days="0100000" id="1110" room="4" start="216" weeks="1111111111111"/>
    <class days="0100000" id="1111" room="103" start="222" weeks="1111111111111"/>
    <class days="0001000" id="1112" room="128" start="210" weeks="1111111111111"/>
    <class days="0001000" id="1113" room="125" start="216" weeks="1111111111111"/>
    <class days="0100000" id="1114" room="91" start="234" weeks="1111111111111"/>
    <class days="0001000" id="1115" room="130" start="228" weeks="1111111111111"/>
    <class days="0001000" id="1116" room="200" start="204" weeks="1111111111111"/>
    <class days="0100000" id="1117" room="199" start="216" weeks="1111111111111"/>
    <class days="0100000" id="1118" room="200" start="234" weeks="1111111111111"/>
    <class days="0010000" id="1119" room="199" start="246" weeks="1111111111111"/>
    <class days="0000100" id="1120" room="199" start="228" weeks="1111111111111"/>
    <class days="0000100" id="1121" room="200" start="228" weeks="1111111111111"/>
    <class days="1000000" id="1122" room="204" start="222" weeks="1111111111111"/>
    <class days="1000000" id="1123" room="200" start="228" weeks="1111111111111"/>
    <class days="0010000" id="1124" room="201" start="216" weeks="1111111111111"/>
    <class days="1000000" id="1125" room="199" start="216" weeks="1111111111111"/>
    <class days="0000100" id="1126" room="153" start="180" weeks="1111111111111"/>
    <class days="0010000" id="1127" room="149" start="138" weeks="1111111111111"/>
    <class days="1000000" id="1128" room="145" start="180" weeks="1111111111111"/>
    <class days="0100000" id="1129" room="164" start="204" weeks="1111111111111"/>
    <class days="0100000" id="1130" room="126" start="180" weeks="1111111111111"/>
    <class days="0001000" id="1131" room="140" start="156" weeks="1111111111111"/>
    <class days="0100000" id="1132" room="203" start="120" weeks="1111111111111"/>
    <class days="0000100" id="1133" room="162" start="120" weeks="1111111111111"/>
    <class days="0000100" id="1134" room="1" start="132" weeks="1111111111111"/>
    <class days="0001000" id="1135" room="151" start="108" weeks="1111111111111"/>
    <class days="0010000" id="1136" room="138" start="204" weeks="1111111111111"/>
    <class days="0000100" id="1137" room="165" start="120" weeks="1111111111111"/>
    <class days="0010000" id="1138" room="161" start="180" weeks="1111111111111"/>
    <class days="0100000" id="1139" room="134" start="180" weeks="1111111111111"/>
    <class days="0100000" id="1140" room="103" start="180" weeks="1111111111111"/>
    <class days="0001000" id="1141" room="90" start="198" weeks="1111111111111"/>
    <class days="1000000" id="1142" room="142" start="180" weeks="1111111111111"/>
    <class days="0100000" id="1143" room="133" start="108" weeks="1111111111111"/>
    <class days="0001000" id="1144" room="168" start="108" weeks="1111111111111"/>
    <class days="0100000" id="1145" room="145" start="156" weeks="1111111111111"/>
    <class days="0010000" id="1146" room="165" start="192" weeks="1111111111111"/>
    <class days="0001000" id="1147" start="168" weeks="1111111111111"/>
    <class days="0001000" id="1148" room="141" start="180" weeks="1111111111111"/>
    <class days="0010000" id="1149" room="162" start="168" weeks="1111111111111"/>
    <class days="0010000" id="1150" room="128" start="168" weeks="1111111111111"/>
    <class days="0001000" id="1151" room="184" start="174" weeks="1111111111111"/>
    <class days="0001000" id="1152" room="185" start="198" weeks="1111111111111"/>
    <class days="0100000" id="1153" room="142" start="144" weeks="1111111111111"/>
    <class days="0000100" id="1154" room="149" start="168" weeks="1111111111111"/>
    <class days="1000000" id="1155" room="91" start="108" weeks="1111111111111"/>
    <class days="1000000" id="1156" room="141" start="204" weeks="1111111111111"/>
    <class days="0010000" id="1157" room="91" start="156" weeks="1111111111111"/>
    <class days="0000100" id="1158" room="161" start="108" weeks="1111111111111"/>
    <class days="0100000" id="1159" room="192" start="204" weeks="1111111111111"/>
    <class days="0010000" id="1160" room="122" start="180" weeks="1111111111111"/>
    <class days="0001000" id="1161" room="99" start="204" weeks="1111111111111"/>
    <class days="0100000" id="1162" room="94" start="204" weeks="1111111111111"/>
    <class days="0000100" id="1163" room="201" start="162" weeks="1111111111111"/>
    <class days="0010000" id="1164" room="106" start="204" weeks="1111111111111"/>
    <class days="0001000" id="1165" room="204" start="150" weeks="1111111111111"/>
    <class days="0100000" id="1166" room="164" start="252" weeks="1111111111111"/>
    <class days="0010000" id="1167" room="192" start="126" weeks="1111111111111"/>
    <class days="0000100" id="1168" room="124" start="150" weeks="1111111111111"/>
    <class days="1000000" id="1169" room="121" start="204" weeks="1111111111111"/>
    <class days="0000100" id="1170" room="192" start="192" weeks="1111111111111"/>
    <class days="1000000" id="1171" room="150" start="108" weeks="1111111111111"/>
    <class days="1000000" id="1172" room="202" start="108" weeks="1111111111111"/>
    <class days="0100000" id="1173" room="184" start="138" weeks="1111111111111"/>
    <class days="0000100" id="1174" room="185" start="186" weeks="1111111111111"/>
    <class days="0100000" id="1175" room="149" start="150" weeks="1111111111111"/>
    <class days="1000000" id="1176" room="164" start="144" weeks="1111111111111"/>
    <class days="0001000" id="1177" room="155" start="246" weeks="1111111111111"/>
    <class days="0000100" id="1178" room="141" start="168" weeks="1111111111111"/>
    <class days="0001000" id="1179" room="143" start="240" weeks="1111111111111"/>
    <class days="0100000" id="1180" room="201" start="252" weeks="1111111111111"/>
    <class days="1000000" id="1181" room="140" start="132" weeks="1111111111111"/>
    <class days="0000100" id="1182" room="126" start="252" weeks="1111111111111"/>
    <class days="1000000" id="1183" room="136" start="168" weeks="1111111111111"/>
    <class days="0010000" id="1184" room="124" start="180" weeks="1111111111111"/>
    <class days="0001000" id="1185" room="89" start="204" weeks="1111111111111"/>
    <class days="0010000" id="1186" room="91" start="204" weeks="1111111111111"/>
    <class days="0010000" id="1187" room="123" start="204" weeks="1111111111111"/>
    <class days="0001000" id="1188" room="192" start="180" weeks="1111111111111"/>
    <class days="1000000" id="1189" room="89" start="204" weeks="1111111111111"/>
    <class days="0001000" id="1190" room="119" start="204" weeks="1111111111111"/>
    <class days="0000100" id="1191" room="102" start="216" weeks="1111111111111"/>
    <class days="0100000" id="1192" room="133" start="216" weeks="1111111111111"/>
    <class days="0100000" id="1193" room="92" start="204" weeks="1111111111111"/>
    <class days="1000000" id="1194" room="203" start="252" weeks="1111111111111"/>
    <class days="0000100" id="1195" room="157" start="252" weeks="1111111111111"/>
    <class days="0010000" id="1196" room="91" start="246" weeks="1111111111111"/>
    <class days="1000000" id="1197" room="129" start="228" weeks="1111111111111"/>
    <class days="0100000" id="1198" room="1" start="222" weeks="1111111111111"/>
    <class days="0100000" id="1199" room="136" start="222" weeks="1111111111111"/>
    <class days="1000000" id="1200" room="163" start="192" weeks="1111111111111"/>
    <class days="1000000" id="1201" room="138" start="264" weeks="1111111111111"/>
    <class days="0100000" id="1202" room="139" start="240" weeks="1111111111111"/>
    <class days="0000100" id="1203" room="155" start="192" weeks="1111111111111"/>
    <class days="0100000" id="1204" room="131" start="168" weeks="1111111111111"/>
    <class days="0010000" id="1205" room="136" start="174" weeks="1111111111111"/>
    <class days="0001000" id="1206" room="190" start="156" weeks="1111111111111"/>
    <class days="0010000" id="1207" room="99" start="186" weeks="1111111111111"/>
    <class days="0000100" id="1208" room="155" start="168" weeks="1111111111111"/>
    <class days="0100000" id="1209" room="131" start="180" weeks="1111111111111"/>
    <class days="0000100" id="1210" room="136" start="162" weeks="1111111111111"/>
    <class days="0001000" id="1211" room="190" start="168" weeks="1111111111111"/>
    <class days="0010000" id="1212" room="99" start="198" weeks="1111111111111"/>
    <class days="0000100" id="1213" start="192" weeks="1111111111111"/>
    <class days="0100000" id="1214" start="168" weeks="1111111111111"/>
    <class days="0010000" id="1215" start="174" weeks="1111111111111"/>
    <class days="0001000" id="1216" start="156" weeks="1111111111111"/>
    <class days="0010000" id="1217" start="186" weeks="1111111111111"/>
    <class days="0000100" id="1218" start="168" weeks="1111111111111"/>
    <class days="0100000" id="1219" start="180" weeks="1111111111111"/>
    <class days="0000100" id="1220" start="162" weeks="1111111111111"/>
    <class days="0001000" id="1221" start="168" weeks="1111111111111"/>
    <class days="0010000" id="1222" start="198" weeks="1111111111111"/>
    <class days="1000000" id="1223" room="188" start="180" weeks="1111111111111"/>
    <class days="0000100" id="1224" room="188" start="186" weeks="1111111111111"/>
    <class days="1000000" id="1225" room="188" start="192" weeks="1111111111111"/>
    <class days="0000100" id="1226" room="188" start="198" weeks="1111111111111"/>
    <class days="1000000" id="1227" room="174" start="156" weeks="1111111111111"/>
    <class days="0100000" id="1228" room="174" start="108" weeks="1111111111111"/>
    <class days="0000100" id="1229" room="174" start="156" weeks="1111111111111"/>
    <class days="0010000" id="1230" room="103" start="108" weeks="1111111111111"/>
    <class days="1000000" id="1231" room="119" start="108" weeks="1111111111111"/>
    <class days="0000100" id="1232" room="89" start="132" weeks="1111111111111"/>
    <class days="1000000" id="1233" room="104" start="132" weeks="1111111111111"/>
    <class days="0001000" id="1234" room="122" start="180" weeks="1111111111111"/>
    <class days="0001000" id="1235" room="123" start="204" weeks="1111111111111"/>
    <class days="0100000" id="1236" room="141" start="192" weeks="1111111111111"/>
    <class days="0100000" id="1237" room="141" start="168" weeks="1111111111111"/>
    <class days="1000000" id="1238" room="103" start="108" weeks="1111111111111"/>
    <class days="0100000" id="1239" room="105" start="108" weeks="1111111111111"/>
    <class days="0010000" id="1240" room="123" start="156" weeks="1111111111111"/>
    <class days="0010000" id="1241" room="119" start="108" weeks="1111111111111"/>
    <class days="0100000" id="1242" room="166" start="162" weeks="1111111111111"/>
    <class days="0001000" id="1243" room="192" start="204" weeks="1111111111111"/>
    <class days="1000000" id="1244" room="149" start="108" weeks="1111111111111"/>
    <class days="0000100" id="1245" room="204" start="138" weeks="1111111111111"/>
    <class days="0000100" id="1246" room="204" start="114" weeks="1111111111111"/>
    <class days="0010000" id="1247" room="142" start="156" weeks="1111111111111"/>
    <class days="0100000" id="1248" room="131" start="216" weeks="1111111111111"/>
    <class days="0010000" id="1249" room="164" start="108" weeks="1111111111111"/>
    <class days="1000000" id="1250" room="205" start="198" weeks="1111111111111"/>
    <class days="0010000" id="1251" room="117" start="156" weeks="1111111111111"/>
    <class days="0100000" id="1252" room="138" start="204" weeks="1111111111111"/>
    <class days="0001000" id="1253" room="104" start="180" weeks="1111111111111"/>
    <class days="0001000" id="1254" room="140" start="108" weeks="1111111111111"/>
    <class days="0001000" id="1255" room="188" start="168" weeks="1111111111111"/>
    <class days="0001000" id="1256" room="188" start="144" weeks="1111111111111"/>
    <class days="1000000" id="1257" room="130" start="204" weeks="1111111111111"/>
    <class days="0000100" id="1258" room="102" start="144" weeks="1111111111111"/>
    <class days="0000100" id="1259" room="102" start="156" weeks="1111111111111"/>
    <class days="0010000" id="1260" room="105" start="108" weeks="1111111111111"/>
    <class days="0000100" id="1261" room="121" start="198" weeks="1111111111111"/>
    <class days="0001000" id="1262" room="103" start="108" weeks="1111111111111"/>
    <class days="0001000" id="1263" room="106" start="204" weeks="1111111111111"/>
    <class days="0100000" id="1264" room="175" start="156" weeks="1111111111111"/>
    <class days="0100000" id="1265" room="175" start="168" weeks="1111111111111"/>
    <class days="0100000" id="1266" room="160" start="132" weeks="1111111111111"/>
    <class days="0100000" id="1267" room="165" start="204" weeks="1111111111111"/>
    <class days="1000000" id="1268" room="126" start="210" weeks="1111111111111"/>
    <class days="1000000" id="1269" room="126" start="186" weeks="1111111111111"/>
    <class days="1000000" id="1270" room="117" start="162" weeks="1111111111111"/>
    <class days="0010000" id="1271" room="4" start="198" weeks="1111111111111"/>
    <class days="0000100" id="1272" room="154" start="120" weeks="1111111111111"/>
    <class days="0001000" id="1273" room="174" start="156" weeks="1111111111111"/>
    <class days="0001000" id="1274" room="174" start="168" weeks="1111111111111"/>
    <class days="0010000" id="1275" room="3" start="156" weeks="1111111111111"/>
    <class days="0001000" id="1276" room="104" start="108" weeks="1111111111111"/>
    <class days="0001000" id="1277" room="151" start="204" weeks="1111111111111"/>
    <class days="0100000" id="1278" room="122" start="204" weeks="1111111111111"/>
    <class days="0100000" id="1279" room="167" start="132" weeks="1111111111111"/>
    <class days="0010000" id="1280" room="167" start="108" weeks="1111111111111"/>
    <class days="1000000" id="1281" room="151" start="114" weeks="1111111111111"/>
    <class days="1000000" id="1282" room="157" start="156" weeks="1111111111111"/>
    <class days="0000100" id="1283" room="148" start="108" weeks="1111111111111"/>
    <class days="1000000" id="1284" room="174" start="180" weeks="1111111111111"/>
    <class days="1000000" id="1285" room="174" start="192" weeks="1111111111111"/>
    <class days="0010000" id="1286" room="131" start="132" weeks="1111111111111"/>
    <class days="0000100" id="1287" room="117" start="204" weeks="1111111111111"/>
    <class days="0100000" id="1288" room="71" start="180" weeks="1111111111111"/>
    <class days="0000100" id="1289" room="104" start="204" weeks="1111111111111"/>
    <class days="0100000" id="1290" room="125" start="204" weeks="1111111111111"/>
    <class days="0000100" id="1291" room="124" start="186" weeks="1111111111111"/>
    <class days="1000000" id="1292" room="113" start="132" weeks="1111111111111"/>
    <class days="1000000" id="1293" room="113" start="108" weeks="1111111111111"/>
    <class days="0100000" id="1294" room="194" start="132" weeks="1111111111111"/>
    <class days="0100000" id="1295" room="194" start="108" weeks="1111111111111"/>
    <class days="0010000" id="1296" room="45" start="168" weeks="1111111111111"/>
    <class days="0010000" id="1297" room="45" start="192" weeks="1111111111111"/>
    <class days="0000100" id="1298" room="114" start="126" weeks="1111111111111"/>
    <class days="0000100" id="1299" room="114" start="114" weeks="1111111111111"/>
    <class days="0001000" id="1300" room="46" start="108" weeks="1111111111111"/>
    <class days="0001000" id="1301" room="48" start="132" weeks="1111111111111"/>
    <class days="0010000" id="1302" room="115" start="156" weeks="1111111111111"/>
    <class days="0010000" id="1303" room="60" start="180" weeks="1111111111111"/>
    <class days="1000000" id="1304" room="56" start="180" weeks="1111111111111"/>
    <class days="1000000" id="1305" room="56" start="204" weeks="1111111111111"/>
    <class days="0100000" id="1306" room="58" start="156" weeks="1111111111111"/>
    <class days="0100000" id="1307" room="46" start="180" weeks="1111111111111"/>
    <class days="0000100" id="1308" room="42" start="108" weeks="1111111111111"/>
    <class days="0000100" id="1309" room="58" start="204" weeks="1111111111111"/>
    <class days="0010000" id="1310" room="55" start="120" weeks="1111111111111"/>
    <class days="0010000" id="1311" room="55" start="132" weeks="1111111111111"/>
    <class days="0000100" id="1312" room="58" start="156" weeks="1111111111111"/>
    <class days="0000100" id="1313" room="37" start="180" weeks="1111111111111"/>
    <class days="0001000" id="1314" room="43" start="192" weeks="1111111111111"/>
    <class days="0100000" id="1315" room="58" start="114" weeks="1111111111111"/>
    <class days="0001000" id="1316" room="41" start="180" weeks="1111111111111"/>
    <class days="0001000" id="1317" room="113" start="156" weeks="1111111111111"/>
    <class days="1000000" id="1318" room="57" start="132" weeks="1111111111111"/>
    <class days="1000000" id="1319" room="57" start="156" weeks="1111111111111"/>
    <class days="0100000" id="1320" room="137" start="132" weeks="1111111111111"/>
    <class days="0100000" id="1321" room="137" start="108" weeks="1111111111111"/>
    <class days="0001000" id="1322" room="150" start="156" weeks="1111111111111"/>
    <class days="0100000" id="1323" room="188" start="162" weeks="1111111111111"/>
    <class days="0100000" id="1324" room="155" start="156" weeks="1111111111111"/>
    <class days="0000100" id="1325" room="189" start="168" weeks="1111111111111"/>
    <class days="0001000" id="1326" room="99" start="180" weeks="1111111111111"/>
    <class days="0000100" id="1327" room="155" start="108" weeks="1111111111111"/>
    <class days="0001000" id="1328" room="150" start="132" weeks="1111111111111"/>
    <class days="0100000" id="1329" room="188" start="186" weeks="1111111111111"/>
    <class days="0100000" id="1330" room="155" start="180" weeks="1111111111111"/>
    <class days="0000100" id="1331" room="189" start="192" weeks="1111111111111"/>
    <class days="0001000" id="1332" room="99" start="156" weeks="1111111111111"/>
    <class days="0000100" id="1333" room="155" start="132" weeks="1111111111111"/>
    <class days="0000100" id="1334" room="174" start="108" weeks="1111111111111"/>
    <class days="0000100" id="1335" room="174" start="132" weeks="1111111111111"/>
    <class days="0000100" id="1336" room="174" start="180" weeks="1111111111111"/>
    <class days="0100000" id="1337" room="189" start="114" weeks="1111111111111"/>
    <class days="0001000" id="1338" room="160" start="144" weeks="1111111111111"/>
    <class days="0000100" id="1339" room="89" start="156" weeks="1111111111111"/>
    <class days="0000100" id="1340" room="89" start="204" weeks="1111111111111"/>
    <class days="0010000" id="1341" room="188" start="186" weeks="1111111111111"/>
    <class days="0010000" id="1342" room="188" start="198" weeks="1111111111111"/>
    <class days="1000000" id="1343" room="99" start="180" weeks="1111111111111"/>
    <class days="1000000" id="1344" room="99" start="156" weeks="1111111111111"/>
    <class days="1000000" id="1345" room="174" start="108" weeks="1111111111111"/>
    <class days="1000000" id="1346" room="174" start="132" weeks="1111111111111"/>
    <class days="0001000" id="1347" room="131" start="174" weeks="1111111111111"/>
    <class days="0001000" id="1348" room="145" start="174" weeks="1111111111111"/>
    <class days="1000000" id="1349" room="137" start="180" weeks="1111111111111"/>
    <class days="0010000" id="1350" room="192" start="162" weeks="1111111111111"/>
    <class days="0100000" id="1351" room="205" start="168" weeks="1111111111111"/>
    <class days="0000100" id="1352" room="205" start="108" weeks="1111111111111"/>
    <class days="0001000" id="1353" room="90" start="108" weeks="1111111111111"/>
    <class days="1000000" id="1354" room="192" start="132" weeks="1111111111111"/>
    <class days="0100000" id="1355" room="174" start="132" weeks="1111111111111"/>
    <class days="0100000" id="1356" room="174" start="168" weeks="1111111111111"/>
    <class days="0000100" id="1357" room="175" start="144" weeks="1111111111111"/>
    <class days="0100000" id="1358" room="174" start="144" weeks="1111111111111"/>
    <class days="0100000" id="1359" room="174" start="180" weeks="1111111111111"/>
    <class days="0000100" id="1360" room="175" start="156" weeks="1111111111111"/>
    <class days="0001000" id="1361" room="135" start="108" weeks="1111111111111"/>
    <class days="0001000" id="1362" room="135" start="120" weeks="1111111111111"/>
    <class days="0010000" id="1363" room="174" start="108" weeks="1111111111111"/>
    <class days="0001000" id="1364" room="174" start="108" weeks="1111111111111"/>
    <class days="0010000" id="1365" room="174" start="120" weeks="1111111111111"/>
    <class days="0001000" id="1366" room="174" start="120" weeks="1111111111111"/>
    <class days="0100000" id="1367" room="128" start="192" weeks="1111111111111"/>
    <class days="0100000" id="1368" room="128" start="204" weeks="1111111111111"/>
    <class days="0001000" id="1369" room="205" start="108" weeks="1111111111111"/>
    <class days="0010000" id="1370" room="205" start="144" weeks="1111111111111"/>
    <class days="0100000" id="1371" room="138" start="192" weeks="1111111111111"/>
    <class days="0100000" id="1372" room="138" start="168" weeks="1111111111111"/>
    <class days="0010000" id="1373" room="154" start="180" weeks="1111111111111"/>
    <class days="0010000" id="1374" room="154" start="156" weeks="1111111111111"/>
    <class days="0000100" id="1375" room="132" start="180" weeks="1111111111111"/>
    <class days="0100000" id="1376" room="205" start="108" weeks="1111111111111"/>
    <class days="0000100" id="1377" room="132" start="204" weeks="1111111111111"/>
    <class days="0100000" id="1378" room="205" start="132" weeks="1111111111111"/>
    <class days="0010000" id="1379" room="121" start="204" weeks="1111111111111"/>
    <class days="1000000" id="1380" room="90" start="108" weeks="1111111111111"/>
    <class days="0000100" id="1381" room="192" start="156" weeks="1111111111111"/>
    <class days="0010000" id="1382" room="166" start="168" weeks="1111111111111"/>
    <class days="0001000" id="1383" room="188" start="108" weeks="1111111111111"/>
    <class days="0000100" id="1384" room="188" start="144" weeks="1111111111111"/>
    <class days="0000100" id="1385" room="188" start="120" weeks="1111111111111"/>
    <class days="0100000" id="1386" room="121" start="114" weeks="1111111111111"/>
    <class days="0100000" id="1387" room="121" start="126" weeks="1111111111111"/>
    <class days="0010000" id="1388" room="205" start="108" weeks="1111111111111"/>
    <class days="0010000" id="1389" room="205" start="120" weeks="1111111111111"/>
    <class days="0010000" id="1390" room="175" start="108" weeks="1111111111111"/>
    <class days="0010000" id="1391" room="167" start="192" weeks="1111111111111"/>
    <class days="1000000" id="1392" room="175" start="144" weeks="1111111111111"/>
    <class days="0001000" id="1393" room="4" start="144" weeks="1111111111111"/>
    <class days="0000100" id="1394" room="175" start="180" weeks="1111111111111"/>
    <class days="0000100" id="1395" room="175" start="192" weeks="1111111111111"/>
    <class days="0001000" id="1396" room="205" start="144" weeks="1111111111111"/>
    <class days="0001000" id="1397" room="205" start="156" weeks="1111111111111"/>
    <class days="0001000" id="1398" room="175" start="192" weeks="1111111111111"/>
    <class days="0010000" id="1399" room="192" start="186" weeks="1111111111111"/>
    <class days="0100000" id="1400" room="90" start="156" weeks="1111111111111"/>
    <class days="0000100" id="1401" room="200" start="114" weeks="1111111111111"/>
    <class days="0000100" id="1402" room="200" start="126" weeks="1111111111111"/>
    <class days="0100000" id="1403" room="136" start="126" weeks="1111111111111"/>
    <class days="1000000" id="1404" room="155" start="162" weeks="1111111111111"/>
    <class days="0100000" id="1405" room="137" start="204" weeks="1111111111111"/>
    <class days="0100000" id="1406" room="200" start="132" weeks="1111111111111"/>
    <class days="0010000" id="1407" room="131" start="156" weeks="1111111111111"/>
    <class days="0010000" id="1408" room="187" start="132" weeks="1111111111111"/>
    <class days="1000000" id="1409" room="117" start="126" weeks="1111111111111"/>
    <class days="0100000" id="1410" room="162" start="168" weeks="1111111111111"/>
    <class days="0010000" id="1411" start="168" weeks="1111111111111"/>
    <class days="0010000" id="1412" room="131" start="108" weeks="1111111111111"/>
    <class days="0000100" id="1413" room="126" start="192" weeks="1111111111111"/>
    <class days="1000000" id="1414" room="167" start="180" weeks="1111111111111"/>
    <class days="0010000" id="1415" room="137" start="162" weeks="1111111111111"/>
    <class days="0100000" id="1416" room="135" start="126" weeks="1111111111111"/>
    <class days="1000000" id="1417" room="187" start="186" weeks="1111111111111"/>
    <class days="0100000" id="1418" room="157" start="204" weeks="1111111111111"/>
    <class days="0100000" id="1419" room="157" start="180" weeks="1111111111111"/>
    <class days="0010000" id="1420" room="47" start="108" weeks="1111111111111"/>
    <class days="0010000" id="1421" room="47" start="132" weeks="1111111111111"/>
    <class days="0010000" id="1422" room="61" start="156" weeks="1111111111111"/>
    <class days="1000000" id="1423" room="51" start="168" weeks="1111111111111"/>
    <class days="0010000" id="1424" room="123" start="108" weeks="1111111111111"/>
    <class days="1000000" id="1425" room="145" start="156" weeks="1111111111111"/>
    <class days="0000100" id="1426" room="140" start="174" weeks="1111111111111"/>
    <class days="0001000" id="1427" room="120" start="186" weeks="1111111111111"/>
    <class days="1000000" id="1428" room="184" start="180" weeks="1111111111111"/>
    <class days="0010000" id="1429" room="181" start="156" weeks="1111111111111"/>
    <class days="0001000" id="1430" room="184" start="138" weeks="1111111111111"/>
    <class days="0000100" id="1431" room="185" start="150" weeks="1111111111111"/>
    <class days="1000000" id="1432" room="165" start="132" weeks="1111111111111"/>
    <class days="0010000" id="1433" room="142" start="132" weeks="1111111111111"/>
    <class days="0100000" id="1434" room="138" start="144" weeks="1111111111111"/>
    <class days="0001000" id="1435" room="139" start="156" weeks="1111111111111"/>
    <class days="0010000" id="1436" room="139" start="108" weeks="1111111111111"/>
    <class days="0000100" id="1437" room="133" start="120" weeks="1111111111111"/>
    <class days="1000000" id="1438" room="101" start="180" weeks="1111111111111"/>
    <class days="0100000" id="1439" room="163" start="108" weeks="1111111111111"/>
    <class days="1000000" id="1440" room="181" start="156" weeks="1111111111111"/>
    <class days="0010000" id="1441" room="185" start="180" weeks="1111111111111"/>
    <class days="1000000" id="1442" room="130" start="150" weeks="1111111111111"/>
    <class days="1000000" id="1443" room="157" start="186" weeks="1111111111111"/>
    <class days="1000000" id="1444" room="142" start="120" weeks="1111111111111"/>
    <class days="0100000" id="1445" room="130" start="132" weeks="1111111111111"/>
    <class days="0000100" id="1446" room="102" start="180" weeks="1111111111111"/>
    <class days="0000100" id="1447" room="167" start="108" weeks="1111111111111"/>
    <class days="0001000" id="1448" room="166" start="174" weeks="1111111111111"/>
    <class days="0010000" id="1449" room="131" start="192" weeks="1111111111111"/>
    <class days="0000100" id="1450" room="131" start="156" weeks="1111111111111"/>
    <class days="0100000" id="1451" room="166" start="192" weeks="1111111111111"/>
    <class days="0001000" id="1452" room="137" start="138" weeks="1111111111111"/>
    <class days="0100000" id="1453" room="1" start="168" weeks="1111111111111"/>
    <class days="0010000" id="1454" room="184" start="144" weeks="1111111111111"/>
    <class days="0010000" id="1455" room="184" start="156" weeks="1111111111111"/>
    <class days="0100000" id="1456" room="154" start="156" weeks="1111111111111"/>
    <class days="0010000" id="1457" room="153" start="156" weeks="1111111111111"/>
    <class days="0010000" id="1458" room="181" start="108" weeks="1111111111111"/>
    <class days="0010000" id="1459" room="181" start="132" weeks="1111111111111"/>
    <class days="0100000" id="1460" room="154" start="108" weeks="1111111111111"/>
    <class days="0001000" id="1461" room="190" start="108" weeks="1111111111111"/>
    <class days="0100000" id="1462" room="3" start="192" weeks="1111111111111"/>
    <class days="0010000" id="1463" room="184" start="180" weeks="1111111111111"/>
    <class days="0001000" id="1464" room="185" start="132" weeks="1111111111111"/>
    <class days="1000000" id="1465" room="166" start="180" weeks="1111111111111"/>
    <class days="1000000" id="1466" room="166" start="192" weeks="1111111111111"/>
    <class days="0001000" id="1467" room="185" start="162" weeks="1111111111111"/>
    <class days="0001000" id="1468" room="185" start="174" weeks="1111111111111"/>
    <class days="0000100" id="1469" room="3" start="108" weeks="1111111111111"/>
    <class days="1000000" id="1470" room="203" start="132" weeks="1111111111111"/>
    <class days="0001000" id="1471" room="203" start="132" weeks="1111111111111"/>
    <class days="0000100" id="1472" room="110" start="108" weeks="1111111111111"/>
    <class days="0001000" id="1473" room="110" start="156" weeks="1111111111111"/>
    <class days="0000100" id="1474" room="110" start="156" weeks="1111111111111"/>
    <class days="0010000" id="1475" room="203" start="108" weeks="1111111111111"/>
    <class days="0010000" id="1476" room="202" start="180" weeks="1111111111111"/>
    <class days="0100000" id="1477" room="169" start="108" weeks="1111111111111"/>
    <class days="0100000" id="1478" room="169" start="156" weeks="1111111111111"/>
    <class days="0100000" id="1479" room="169" start="180" weeks="1111111111111"/>
    <class days="0010000" id="1480" room="143" start="156" weeks="1111111111111"/>
    <class days="0001000" id="1481" room="108" start="108" weeks="1111111111111"/>
    <class days="0001000" id="1482" room="108" start="156" weeks="1111111111111"/>
    <class days="1000000" id="1483" room="203" start="156" weeks="1111111111111"/>
    <class days="1000000" id="1484" room="121" start="108" weeks="1111111111111"/>
    <class days="1000000" id="1485" room="167" start="132" weeks="1111111111111"/>
    <class days="1000000" id="1486" room="110" start="108" weeks="1111111111111"/>
    <class days="0001000" id="1487" room="199" start="108" weeks="1111111111111"/>
    <class days="0001000" id="1488" room="3" start="132" weeks="1111111111111"/>
    <class days="0000100" id="1489" room="140" start="108" weeks="1111111111111"/>
    <class days="0010000" id="1490" room="4" start="156" weeks="1111111111111"/>
    <class days="0100000" id="1491" room="108" start="108" weeks="1111111111111"/>
    <class days="0100000" id="1492" room="108" start="156" weeks="1111111111111"/>
    <class days="0010000" id="1493" room="108" start="108" weeks="1111111111111"/>
    <class days="0001000" id="1494" room="107" start="168" weeks="1111111111111"/>
    <class days="0001000" id="1495" room="107" start="192" weeks="1111111111111"/>
    <class days="0000100" id="1496" room="146" start="108" weeks="1111111111111"/>
    <class days="0000100" id="1497" room="164" start="156" weeks="1111111111111"/>
    <class days="1000000" id="1498" room="107" start="132" weeks="1111111111111"/>
    <class days="0000100" id="1499" room="99" start="132" weeks="1111111111111"/>
    <class days="1000000" id="1500" room="107" start="180" weeks="1111111111111"/>
    <class days="0100000" id="1501" room="123" start="204" weeks="1111111111111"/>
    <class days="0010000" id="1502" room="101" start="180" weeks="1111111111111"/>
    <class days="0100000" id="1503" room="107" start="144" weeks="1111111111111"/>
    <class days="1000000" id="1504" room="107" start="168" weeks="1111111111111"/>
    <class days="0001000" id="1505" room="107" start="132" weeks="1111111111111"/>
    <class days="0010000" id="1506" room="107" start="168" weeks="1111111111111"/>
    <class days="0010000" id="1507" room="108" start="180" weeks="1111111111111"/>
    <class days="0010000" id="1508" room="107" start="108" weeks="1111111111111"/>
    <class days="0000100" id="1509" room="107" start="108" weeks="1111111111111"/>
    <class days="0000100" id="1510" room="107" start="210" weeks="1111111111111"/>
    <class days="0100000" id="1511" room="107" start="114" weeks="1111111111111"/>
    <class days="0001000" id="1512" room="107" start="108" weeks="1111111111111"/>
    <class days="0000100" id="1513" room="107" start="180" weeks="1111111111111"/>
    <class days="0000100" id="1514" room="108" start="132" weeks="1111111111111"/>
    <class days="0100000" id="1515" room="107" start="168" weeks="1111111111111"/>
    <class days="0001000" id="1516" room="126" start="180" weeks="1111111111111"/>
    <class days="0100000" id="1517" room="202" start="156" weeks="1111111111111"/>
    <class days="0100000" id="1518" room="143" start="132" weeks="1111111111111"/>
    <class days="0100000" id="1519" room="161" start="108" weeks="1111111111111"/>
    <class days="0000100" id="1520" room="151" start="132" weeks="1111111111111"/>
    <class days="0000100" id="1521" room="203" start="180" weeks="1111111111111"/>
    <class days="0000100" id="1522" room="150" start="156" weeks="1111111111111"/>
    <class days="1000000" id="1523" room="204" start="156" weeks="1111111111111"/>
    <class days="1000000" id="1524" room="120" start="180" weeks="1111111111111"/>
    <class days="0010000" id="1525" room="148" start="108" weeks="1111111111111"/>
    <class days="0010000" id="1526" room="129" start="132" weeks="1111111111111"/>
    <class days="1000000" id="1527" room="158" start="108" weeks="1111111111111"/>
    <class days="1000000" id="1528" room="92" start="132" weeks="1111111111111"/>
    <class days="0010000" id="1529" room="134" start="156" weeks="1111111111111"/>
    <class days="0010000" id="1530" room="150" start="180" weeks="1111111111111"/>
    <class days="0100000" id="1531" room="157" start="156" weeks="1111111111111"/>
    <class days="0100000" id="1532" room="120" start="180" weeks="1111111111111"/>
    <class days="0000100" id="1533" room="126" start="108" weeks="1111111111111"/>
    <class days="0000100" id="1534" room="167" start="132" weeks="1111111111111"/>
    <class days="0001000" id="1535" room="119" start="132" weeks="1111111111111"/>
    <class days="0001000" id="1536" room="192" start="156" weeks="1111111111111"/>
    <class days="0001000" id="1537" room="122" start="108" weeks="1111111111111"/>
    <class days="0000100" id="1538" room="121" start="132" weeks="1111111111111"/>
    <class days="0000100" id="1539" room="104" start="156" weeks="1111111111111"/>
    <class days="0000100" id="1540" room="125" start="108" weeks="1111111111111"/>
    <class days="0100000" id="1541" room="37" start="108" weeks="1111111111111"/>
    <class days="0100000" id="1542" room="53" start="156" weeks="1111111111111"/>
    <class days="0001000" id="1543" room="42" start="108" weeks="1111111111111"/>
    <class days="0001000" id="1544" room="49" start="156" weeks="1111111111111"/>
    <class days="0100000" id="1545" room="3" start="132" weeks="1111111111111"/>
    <class days="1000000" id="1546" room="48" start="108" weeks="1111111111111"/>
    <class days="0100000" id="1547" room="37" start="132" weeks="1111111111111"/>
    <class days="0100000" id="1548" room="53" start="180" weeks="1111111111111"/>
    <class days="0001000" id="1549" room="42" start="132" weeks="1111111111111"/>
    <class days="0001000" id="1550" room="49" start="180" weeks="1111111111111"/>
    <class days="0001000" id="1551" room="146" start="108" weeks="1111111111111"/>
    <class days="1000000" id="1552" room="48" start="132" weeks="1111111111111"/>
    <class days="0001000" id="1553" room="158" start="156" weeks="1111111111111"/>
    <class days="0010000" id="1554" room="94" start="108" weeks="1111111111111"/>
    <class days="0001000" id="1555" room="92" start="156" weeks="1111111111111"/>
    <class days="1000000" id="1556" room="154" start="168" weeks="1111111111111"/>
    <class days="0100000" id="1557" room="94" start="108" weeks="1111111111111"/>
    <class days="0100000" id="1558" room="90" start="132" weeks="1111111111111"/>
    <class days="0100000" id="1559" room="91" start="156" weeks="1111111111111"/>
    <class days="0100000" id="1560" room="92" start="180" weeks="1111111111111"/>
    <class days="0100000" id="1561" room="192" start="108" weeks="1111111111111"/>
    <class days="0100000" id="1562" room="103" start="132" weeks="1111111111111"/>
    <class days="0100000" id="1563" room="192" start="156" weeks="1111111111111"/>
    <class days="0100000" id="1564" room="122" start="180" weeks="1111111111111"/>
    <class days="0000100" id="1565" room="145" start="156" weeks="1111111111111"/>
    <class days="0000100" id="1566" room="119" start="180" weeks="1111111111111"/>
    <class days="0000100" id="1567" room="203" start="108" weeks="1111111111111"/>
    <class days="0000100" id="1568" room="95" start="132" weeks="1111111111111"/>
    <class days="0000100" id="1569" room="151" start="156" weeks="1111111111111"/>
    <class days="0000100" id="1570" room="104" start="180" weeks="1111111111111"/>
    <class days="0000100" id="1571" room="151" start="108" weeks="1111111111111"/>
    <class days="0000100" id="1572" room="203" start="132" weeks="1111111111111"/>
    <class days="1000000" id="1573" room="143" start="180" weeks="1111111111111"/>
    <class days="0001000" id="1574" room="106" start="180" weeks="1111111111111"/>
    <class days="1000000" id="1575" room="138" start="108" weeks="1111111111111"/>
    <class days="1000000" id="1576" room="90" start="132" weeks="1111111111111"/>
    <class days="0010000" id="1577" room="101" start="156" weeks="1111111111111"/>
    <class days="0010000" id="1578" room="153" start="180" weeks="1111111111111"/>
    <class days="0100000" id="1579" room="143" start="108" weeks="1111111111111"/>
    <class days="0100000" id="1580" room="1" start="132" weeks="1111111111111"/>
    <class days="0100000" id="1581" room="165" start="156" weeks="1111111111111"/>
    <class days="0100000" id="1582" room="164" start="180" weeks="1111111111111"/>
    <class days="0000100" id="1583" room="134" start="156" weeks="1111111111111"/>
    <class days="0000100" id="1584" room="199" start="180" weeks="1111111111111"/>
    <class days="0000100" id="1585" room="147" start="108" weeks="1111111111111"/>
    <class days="0000100" id="1586" room="134" start="132" weeks="1111111111111"/>
    <class days="1000000" id="1587" room="192" start="108" weeks="1111111111111"/>
    <class days="1000000" id="1588" room="119" start="132" weeks="1111111111111"/>
    <class days="1000000" id="1589" room="143" start="156" weeks="1111111111111"/>
    <class days="0010000" id="1590" room="151" start="156" weeks="1111111111111"/>
    <class days="0010000" id="1591" room="121" start="180" weeks="1111111111111"/>
    <class days="0010000" id="1592" room="95" start="132" weeks="1111111111111"/>
    <class days="0010000" id="1593" room="123" start="180" weeks="1111111111111"/>
    <class days="0001000" id="1594" room="203" start="180" weeks="1111111111111"/>
    <class days="1000000" id="1595" room="96" start="108" weeks="1111111111111"/>
    <class days="1000000" id="1596" start="108" weeks="1111111111111"/>
    <class days="1000000" id="1597" start="108" weeks="1111111111111"/>
    <class days="1000000" id="1598" start="108" weeks="1111111111111"/>
    <class days="1000000" id="1599" room="98" start="156" weeks="1111111111111"/>
    <class days="1000000" id="1600" start="156" weeks="1111111111111"/>
    <class days="1000000" id="1601" start="156" weeks="1111111111111"/>
    <class days="1000000" id="1602" start="156" weeks="1111111111111"/>
    <class days="0001000" id="1603" room="98" start="156" weeks="1111111111111"/>
    <class days="0001000" id="1604" start="156" weeks="1111111111111"/>
    <class days="0001000" id="1605" start="156" weeks="1111111111111"/>
    <class days="0001000" id="1606" start="156" weeks="1111111111111"/>
    <class days="0001000" id="1607" room="96" start="108" weeks="1111111111111"/>
    <class days="0001000" id="1608" start="108" weeks="1111111111111"/>
    <class days="0001000" id="1609" start="108" weeks="1111111111111"/>
    <class days="0001000" id="1610" start="108" weeks="1111111111111"/>
    <class days="1000000" id="1611" start="108" weeks="1111111111111"/>
    <class days="1000000" id="1612" start="108" weeks="1111111111111"/>
    <class days="1000000" id="1613" start="108" weeks="1111111111111"/>
    <class days="1000000" id="1614" start="108" weeks="1111111111111"/>
    <class days="1000000" id="1615" room="5" start="156" weeks="1111111111111"/>
    <class days="1000000" id="1616" start="156" weeks="1111111111111"/>
    <class days="1000000" id="1617" start="156" weeks="1111111111111"/>
    <class days="1000000" id="1618" start="156" weeks="1111111111111"/>
    <class days="0001000" id="1619" start="156" weeks="1111111111111"/>
    <class days="0001000" id="1620" start="156" weeks="1111111111111"/>
    <class days="0001000" id="1621" start="156" weeks="1111111111111"/>
    <class days="0001000" id="1622" start="156" weeks="1111111111111"/>
    <class days="0001000" id="1623" start="156" weeks="1111111111111"/>
    <class days="0001000" id="1624" start="108" weeks="1111111111111"/>
    <class days="0001000" id="1625" start="108" weeks="1111111111111"/>
    <class days="0001000" id="1626" start="108" weeks="1111111111111"/>
    <class days="1000000" id="1627" room="5" start="108" weeks="1111111111111"/>
    <class days="1000000" id="1628" start="108" weeks="1111111111111"/>
    <class days="1000000" id="1629" start="108" weeks="1111111111111"/>
    <class days="1000000" id="1630" start="108" weeks="1111111111111"/>
    <class days="1000000" id="1631" start="108" weeks="1111111111111"/>
    <class days="1000000" id="1632" start="108" weeks="1111111111111"/>
    <class days="1000000" id="1633" start="156" weeks="1111111111111"/>
    <class days="1000000" id="1634" start="156" weeks="1111111111111"/>
    <class days="1000000" id="1635" start="156" weeks="1111111111111"/>
    <class days="1000000" id="1636" start="156" weeks="1111111111111"/>
    <class days="1000000" id="1637" start="156" weeks="1111111111111"/>
    <class days="1000000" id="1638" start="156" weeks="1111111111111"/>
    <class days="0001000" id="1639" room="208" start="156" weeks="1111111111111"/>
    <class days="0001000" id="1640" start="156" weeks="1111111111111"/>
    <class days="0001000" id="1641" start="156" weeks="1111111111111"/>
    <class days="0001000" id="1642" start="156" weeks="1111111111111"/>
    <class days="0001000" id="1643" start="156" weeks="1111111111111"/>
    <class days="0001000" id="1644" start="156" weeks="1111111111111"/>
    <class days="0001000" id="1645" room="6" start="108" weeks="1111111111111"/>
    <class days="0001000" id="1646" start="108" weeks="1111111111111"/>
    <class days="0001000" id="1647" start="108" weeks="1111111111111"/>
    <class days="0001000" id="1648" start="108" weeks="1111111111111"/>
    <class days="0001000" id="1649" start="108" weeks="1111111111111"/>
    <class days="0001000" id="1650" start="108" weeks="1111111111111"/>
    <class days="0010000" id="1651" room="2" start="144" weeks="1111111111111"/>
    <class days="0010000" id="1652" start="144" weeks="1111111111111"/>
    <class days="0010000" id="1653" start="144" weeks="1111111111111"/>
    <class days="0010000" id="1654" room="100" start="144" weeks="1111111111111"/>
    <class days="0100000" id="1655" room="140" start="192" weeks="1111111111111"/>
    <class days="0001000" id="1656" room="159" start="132" weeks="1111111111111"/>
    <class days="1000000" id="1657" room="111" start="108" weeks="1111111111111"/>
    <class days="1000000" id="1658" room="158" start="192" weeks="1111111111111"/>
    <class days="0100000" id="1659" room="149" start="108" weeks="1111111111111"/>
    <class days="0001000" id="1660" room="164" start="192" weeks="1111111111111"/>
    <class days="1000000" id="1661" room="140" start="204" weeks="1111111111111"/>
    <class days="0000100" id="1662" room="135" start="174" weeks="1111111111111"/>
    <class days="0100000" id="1663" room="182" start="156" weeks="1111111111111"/>
    <class days="1000000" id="1664" room="135" start="108" weeks="1111111111111"/>
    <class days="0010000" id="1665" room="111" start="114" weeks="1111111111111"/>
    <class days="0010000" id="1666" room="159" start="192" weeks="1111111111111"/>
    <class days="0100000" id="1667" room="4" start="162" weeks="1111111111111"/>
    <class days="0001000" id="1668" room="111" start="108" weeks="1111111111111"/>
    <class days="0010000" id="1669" room="146" start="180" weeks="1111111111111"/>
    <class days="0100000" id="1670" room="95" start="108" weeks="1111111111111"/>
    <class days="0001000" id="1671" room="144" start="108" weeks="1111111111111"/>
    <class days="0000100" id="1672" room="163" start="114" weeks="1111111111111"/>
    <class days="0010000" id="1673" room="153" start="108" weeks="1111111111111"/>
    <class days="0010000" id="1674" room="182" start="192" weeks="1111111111111"/>
    <class days="0000100" id="1675" room="182" start="198" weeks="1111111111111"/>
    <class days="0010000" id="1676" room="182" start="132" weeks="1111111111111"/>
    <class days="0000100" id="1677" room="157" start="192" weeks="1111111111111"/>
    <class days="1000000" id="1678" room="182" start="132" weeks="1111111111111"/>
    <class days="0000100" id="1679" room="182" start="162" weeks="1111111111111"/>
    <class days="0010000" id="1680" room="97" start="156" weeks="1111111111111"/>
    <class days="0010000" id="1681" room="5" start="180" weeks="1111111111111"/>
    <class days="0100000" id="1682" room="5" start="156" weeks="1111111111111"/>
    <class days="0100000" id="1683" room="5" start="180" weeks="1111111111111"/>
    <class days="0100000" id="1684" room="6" start="156" weeks="1111111111111"/>
    <class days="0100000" id="1685" start="156" weeks="1111111111111"/>
    <class days="1000000" id="1686" room="137" start="126" weeks="1111111111111"/>
    <class days="0100000" id="1687" room="182" start="114" weeks="1111111111111"/>
    <class days="0100000" id="1688" room="182" start="204" weeks="1111111111111"/>
    <class days="0100000" id="1689" room="182" start="138" weeks="1111111111111"/>
    <class days="0100000" id="1690" room="182" start="192" weeks="1111111111111"/>
    <class days="1000000" id="1691" room="93" start="108" weeks="1111111111111"/>
    <class days="0010000" id="1692" room="96" start="108" weeks="1111111111111"/>
    <class days="0010000" id="1693" room="96" start="156" weeks="1111111111111"/>
    <class days="1000000" id="1694" room="93" start="132" weeks="1111111111111"/>
    <class days="0010000" id="1695" room="96" start="132" weeks="1111111111111"/>
    <class days="0010000" id="1696" room="96" start="180" weeks="1111111111111"/>
    <class days="1000000" id="1697" room="120" start="156" weeks="1111111111111"/>
    <class days="0001000" id="1698" room="150" start="204" weeks="1111111111111"/>
    <class days="0001000" id="1699" room="89" start="132" weeks="1111111111111"/>
    <class days="0001000" id="1700" room="105" start="108" weeks="1111111111111"/>
    <class days="0010000" id="1701" room="150" start="204" weeks="1111111111111"/>
    <class days="0000100" id="1702" room="91" start="162" weeks="1111111111111"/>
    <class days="0100000" id="1703" room="190" start="108" weeks="1111111111111"/>
    <class days="0100000" id="1704" room="105" start="180" weeks="1111111111111"/>
    <class days="0100000" id="1705" start="180" weeks="1111111111111"/>
    <class days="0100000" id="1706" start="180" weeks="1111111111111"/>
    <class days="0100000" id="1707" start="192" weeks="1111111111111"/>
    <class days="0100000" id="1708" start="192" weeks="1111111111111"/>
    <class days="0100000" id="1709" room="105" start="192" weeks="1111111111111"/>
    <class days="0001000" id="1710" room="122" start="156" weeks="1111111111111"/>
    <class days="0001000" id="1711" room="123" start="180" weeks="1111111111111"/>
    <class days="0100000" id="1712" room="89" start="108" weeks="1111111111111"/>
    <class days="0010000" id="1713" room="104" start="108" weeks="1111111111111"/>
    <class days="0100000" id="1714" room="89" start="132" weeks="1111111111111"/>
    <class days="0010000" id="1715" room="104" start="132" weeks="1111111111111"/>
    <class days="0100000" id="1716" room="2" start="180" weeks="1111111111111"/>
    <class days="1000000" id="1717" room="6" start="126" weeks="1111111111111"/>
    <class days="1000000" id="1718" room="98" start="108" weeks="1111111111111"/>
    <class days="0010000" id="1719" room="93" start="144" weeks="1111111111111"/>
    <class days="0010000" id="1720" room="93" start="180" weeks="1111111111111"/>
    <class days="1000000" id="1721" room="98" start="120" weeks="1111111111111"/>
    <class days="0010000" id="1722" room="93" start="156" weeks="1111111111111"/>
    <class days="0010000" id="1723" room="93" start="192" weeks="1111111111111"/>
    <class days="0010000" id="1724" room="103" start="174" weeks="1111111111111"/>
    <class days="0001000" id="1725" room="121" start="186" weeks="1111111111111"/>
    <class days="0000100" id="1726" room="96" start="108" weeks="1111111111111"/>
    <class days="0000100" id="1727" start="108" weeks="1111111111111"/>
    <class days="0000100" id="1728" room="96" start="156" weeks="1111111111111"/>
    <class days="0000100" id="1729" room="93" start="156" weeks="1111111111111"/>
    <class days="0000100" id="1730" room="93" start="132" weeks="1111111111111"/>
    <class days="0000100" id="1731" room="96" start="132" weeks="1111111111111"/>
    <class days="0000100" id="1732" room="96" start="180" weeks="1111111111111"/>
    <class days="0000100" id="1733" room="93" start="180" weeks="1111111111111"/>
    <class days="0100000" id="1734" room="150" start="168" weeks="1111111111111"/>
    <class days="0000100" id="1735" room="150" start="204" weeks="1111111111111"/>
    <class days="0010000" id="1736" room="98" start="132" weeks="1111111111111"/>
    <class days="0010000" id="1737" room="109" start="156" weeks="1111111111111"/>
    <class days="0010000" id="1738" room="111" start="180" weeks="1111111111111"/>
    <class days="0000100" id="1739" room="109" start="108" weeks="1111111111111"/>
    <class days="0000100" id="1740" room="109" start="156" weeks="1111111111111"/>
    <class days="1000000" id="1741" room="208" start="234" weeks="1111111111111"/>
    <class days="0010000" id="1742" room="136" start="108" weeks="1111111111111"/>
    <class days="0010000" id="1743" room="151" start="114" weeks="1111111111111"/>
    <class days="0100000" id="1744" room="111" start="132" weeks="1111111111111"/>
    <class days="1000000" id="1745" room="95" start="138" weeks="1111111111111"/>
    <class days="0010000" id="1746" room="146" start="120" weeks="1111111111111"/>
    <class days="0100000" id="1747" room="101" start="138" weeks="1111111111111"/>
    <class days="0100000" id="1748" room="144" start="168" weeks="1111111111111"/>
    <class days="1000000" id="1749" room="142" start="144" weeks="1111111111111"/>
    <class days="0001000" id="1750" room="161" start="120" weeks="1111111111111"/>
    <class days="0001000" id="1751" room="138" start="144" weeks="1111111111111"/>
    <class days="0000100" id="1752" room="162" start="180" weeks="1111111111111"/>
    <class days="1000000" id="1753" room="168" start="144" weeks="1111111111111"/>
    <class days="0001000" id="1754" room="1" start="156" weeks="1111111111111"/>
    <class days="0001000" id="1755" room="95" start="108" weeks="1111111111111"/>
    <class days="0100000" id="1756" room="185" start="156" weeks="1111111111111"/>
    <class days="0000100" id="1757" room="181" start="132" weeks="1111111111111"/>
    <class days="0100000" id="1758" room="185" start="180" weeks="1111111111111"/>
    <class days="0000100" id="1759" room="181" start="156" weeks="1111111111111"/>
    <class days="0100000" id="1760" room="104" start="132" weeks="1111111111111"/>
    <class days="0100000" id="1761" room="162" start="108" weeks="1111111111111"/>
    <class days="0001000" id="1762" room="204" start="120" weeks="1111111111111"/>
    <class days="0001000" id="1763" room="156" start="156" weeks="1111111111111"/>
    <class days="0010000" id="1764" room="168" start="156" weeks="1111111111111"/>
    <class days="0010000" id="1765" room="126" start="108" weeks="1111111111111"/>
    <class days="0010000" id="1766" room="201" start="108" weeks="1111111111111"/>
    <class days="0010000" id="1767" room="201" start="156" weeks="1111111111111"/>
    <class days="0010000" id="1768" room="201" start="132" weeks="1111111111111"/>
    <class days="0010000" id="1769" room="201" start="180" weeks="1111111111111"/>
    <class days="0001000" id="1770" room="201" start="108" weeks="1111111111111"/>
    <class days="0100000" id="1771" room="160" start="162" weeks="1111111111111"/>
    <class days="0001000" id="1772" room="201" start="132" weeks="1111111111111"/>
    <class days="0100000" id="1773" room="160" start="186" weeks="1111111111111"/>
    <class days="1000000" id="1774" room="201" start="186" weeks="1111111111111"/>
    <class days="0001000" id="1775" room="201" start="168" weeks="1111111111111"/>
    <class days="1000000" id="1776" room="201" start="162" weeks="1111111111111"/>
    <class days="0001000" id="1777" room="201" start="192" weeks="1111111111111"/>
    <class days="0100000" id="1778" room="201" start="216" weeks="1111111111111"/>
    <class days="1000000" id="1779" room="201" start="114" weeks="1111111111111"/>
    <class days="0000100" id="1780" room="201" start="192" weeks="1111111111111"/>
    <class days="0100000" id="1781" room="201" start="228" weeks="1111111111111"/>
    <class days="1000000" id="1782" room="201" start="126" weeks="1111111111111"/>
    <class days="0000100" id="1783" room="201" start="204" weeks="1111111111111"/>
    <class days="0000100" id="1784" room="4" start="108" weeks="1111111111111"/>
    <class days="0000100" id="1785" room="199" start="144" weeks="1111111111111"/>
    <class days="0010000" id="1786" room="161" start="126" weeks="1111111111111"/>
    <class days="0001000" id="1787" room="145" start="114" weeks="1111111111111"/>
    <class days="0010000" id="1788" room="161" start="150" weeks="1111111111111"/>
    <class days="0001000" id="1789" room="145" start="138" weeks="1111111111111"/>
    <class days="0100000" id="1790" room="202" start="108" weeks="1111111111111"/>
    <class days="0100000" id="1791" room="156" start="132" weeks="1111111111111"/>
    <class days="1000000" id="1792" room="138" start="198" weeks="1111111111111"/>
    <class days="1000000" id="1793" room="140" start="168" weeks="1111111111111"/>
    <class days="0010000" id="1794" room="158" start="114" weeks="1111111111111"/>
    <class days="1000000" id="1795" room="151" start="192" weeks="1111111111111"/>
    <class days="0001000" id="1796" room="202" start="156" weeks="1111111111111"/>
    <class days="0001000" id="1797" room="1" start="192" weeks="1111111111111"/>
    <class days="1000000" id="1798" room="163" start="132" weeks="1111111111111"/>
    <class days="0010000" id="1799" room="142" start="204" weeks="1111111111111"/>
    <class days="1000000" id="1800" room="139" start="108" weeks="1111111111111"/>
    <class days="0000100" id="1801" room="143" start="108" weeks="1111111111111"/>
    <class days="0010000" id="1802" room="135" start="108" weeks="1111111111111"/>
    <class days="0000100" id="1803" room="143" start="132" weeks="1111111111111"/>
    <class days="0010000" id="1804" room="135" start="132" weeks="1111111111111"/>
    <class days="0000100" id="1805" room="160" start="192" weeks="1111111111111"/>
    <class days="0001000" id="1806" room="160" start="108" weeks="1111111111111"/>
    <class days="0000100" id="1807" room="160" start="204" weeks="1111111111111"/>
    <class days="0001000" id="1808" room="160" start="120" weeks="1111111111111"/>
    <class days="0100000" id="1809" room="201" start="108" weeks="1111111111111"/>
    <class days="0100000" id="1810" room="201" start="168" weeks="1111111111111"/>
    <class days="0100000" id="1811" room="201" start="132" weeks="1111111111111"/>
    <class days="0100000" id="1812" room="201" start="192" weeks="1111111111111"/>
    <class days="0100000" id="1813" room="61" start="144" weeks="1111111111111"/>
    <class days="0010000" id="1814" room="57" start="192" weeks="1111111111111"/>
    <class days="0100000" id="1815" room="41" start="192" weeks="1111111111111"/>
    <class days="1000000" id="1816" room="60" start="126" weeks="1111111111111"/>
    <class days="0010000" id="1817" room="118" start="192" weeks="1111111111111"/>
    <class days="0100000" id="1818" room="42" start="144" weeks="1111111111111"/>
    <class days="0100000" id="1819" room="113" start="108" weeks="1111111111111"/>
    <class days="0000100" id="1820" room="112" start="132" weeks="1111111111111"/>
    <class days="0001000" id="1821" room="59" start="108" weeks="1111111111111"/>
    <class days="0001000" id="1822" room="59" start="120" weeks="1111111111111"/>
    <class days="0001000" id="1823" start="156" weeks="1111111111111"/>
    <class days="0001000" id="1824" start="180" weeks="1111111111111"/>
    <class days="0100000" id="1825" room="38" start="108" weeks="1111111111111"/>
    <class days="0000100" id="1826" room="48" start="132" weeks="1111111111111"/>
    <class days="0000100" id="1827" room="112" start="168" weeks="1111111111111"/>
    <class days="0000100" id="1828" room="112" start="192" weeks="1111111111111"/>
    <class days="1000000" id="1829" room="58" start="204" weeks="1111111111111"/>
    <class days="0010000" id="1830" room="115" start="108" weeks="1111111111111"/>
    <class days="0001000" id="1831" start="108" weeks="1111111111111"/>
    <class days="0001000" id="1832" start="132" weeks="1111111111111"/>
    <class days="1000000" id="1833" room="143" start="120" weeks="1111111111111"/>
    <class days="0010000" id="1834" room="90" start="108" weeks="1111111111111"/>
    <class days="0100000" id="1835" room="141" start="156" weeks="1111111111111"/>
    <class days="0100000" id="1836" room="91" start="192" weeks="1111111111111"/>
    <class days="0100000" id="1837" room="143" start="168" weeks="1111111111111"/>
    <class days="0100000" id="1838" room="167" start="204" weeks="1111111111111"/>
    <class days="0000100" id="1839" room="92" start="108" weeks="1111111111111"/>
    <class days="0000100" id="1840" room="125" start="132" weeks="1111111111111"/>
    <class days="0001000" id="1841" room="192" start="132" weeks="1111111111111"/>
    <class days="0001000" id="1842" room="192" start="108" weeks="1111111111111"/>
    <class days="0010000" id="1843" room="92" start="108" weeks="1111111111111"/>
    <class days="0010000" id="1844" room="92" start="156" weeks="1111111111111"/>
    <class days="1000000" id="1845" room="106" start="168" weeks="1111111111111"/>
    <class days="0010000" id="1846" room="120" start="168" weeks="1111111111111"/>
    <class days="0001000" id="1847" room="94" start="120" weeks="1111111111111"/>
    <class days="0001000" id="1848" room="141" start="156" weeks="1111111111111"/>
    <class days="0001000" id="1849" room="202" start="192" weeks="1111111111111"/>
    <class days="0001000" id="1850" room="141" start="216" weeks="1111111111111"/>
    <class days="1000000" id="1851" room="181" start="120" weeks="1111111111111"/>
    <class days="0100000" id="1852" room="184" start="168" weeks="1111111111111"/>
    <class days="1000000" id="1853" room="161" start="180" weeks="1111111111111"/>
    <class days="0000100" id="1854" room="123" start="108" weeks="1111111111111"/>
    <class days="0001000" id="1855" room="90" start="156" weeks="1111111111111"/>
    <class days="0001000" id="1856" room="167" start="108" weeks="1111111111111"/>
    <class days="0000100" id="1857" room="90" start="108" weeks="1111111111111"/>
    <class days="0000100" id="1858" room="90" start="144" weeks="1111111111111"/>
    <class days="0000100" id="1859" room="122" start="156" weeks="1111111111111"/>
    <class days="0000100" id="1860" room="122" start="180" weeks="1111111111111"/>
    <class days="0000100" id="1861" room="124" start="108" weeks="1111111111111"/>
    <class days="0100000" id="1862" room="145" start="216" weeks="1111111111111"/>
    <class days="0100000" id="1863" room="102" start="156" weeks="1111111111111"/>
    <class days="0000100" id="1864" room="145" start="180" weeks="1111111111111"/>
    <class days="1000000" id="1865" room="159" start="108" weeks="1111111111111"/>
    <class days="1000000" id="1866" room="94" start="156" weeks="1111111111111"/>
    <class days="0010000" id="1867" room="141" start="156" weeks="1111111111111"/>
    <class days="0010000" id="1868" room="141" start="108" weeks="1111111111111"/>
    <class days="0010000" id="1869" room="200" start="114" weeks="1111111111111"/>
    <class days="0010000" id="1870" room="200" start="156" weeks="1111111111111"/>
    <class days="0001000" id="1871" room="144" start="180" weeks="1111111111111"/>
    <class days="0000100" id="1872" room="153" start="114" weeks="1111111111111"/>
    <class days="0001000" id="1873" room="158" start="108" weeks="1111111111111"/>
    <class days="0001000" id="1874" room="165" start="144" weeks="1111111111111"/>
    <class days="0001000" id="1875" room="163" start="180" weeks="1111111111111"/>
    <class days="0001000" id="1876" room="91" start="180" weeks="1111111111111"/>
    <class days="0100000" id="1877" room="1" start="108" weeks="1111111111111"/>
    <class days="0001000" id="1878" room="133" start="156" weeks="1111111111111"/>
    <class days="1000000" id="1879" room="190" start="204" weeks="1111111111111"/>
    <class days="0010000" id="1880" room="134" start="204" weeks="1111111111111"/>
    <class days="1000000" id="1881" room="128" start="240" weeks="1111111111111"/>
    <class days="1000000" id="1882" room="135" start="186" weeks="1111111111111"/>
    <class days="0100000" id="1883" room="1" start="192" weeks="1111111111111"/>
    <class days="0001000" id="1884" room="190" start="204" weeks="1111111111111"/>
    <class days="0001000" id="1885" room="154" start="162" weeks="1111111111111"/>
    <class days="0001000" id="1886" room="147" start="216" weeks="1111111111111"/>
    <class days="0001000" id="1887" room="130" start="216" weeks="1111111111111"/>
    <class days="0001000" id="1888" room="202" start="108" weeks="1111111111111"/>
    <class days="0001000" id="1889" room="131" start="114" weeks="1111111111111"/>
    <class days="0100000" id="1890" room="183" start="120" weeks="1111111111111"/>
    <class days="0000100" id="1891" room="132" start="108" weeks="1111111111111"/>
    <class days="0010000" id="1892" room="204" start="132" weeks="1111111111111"/>
    <class days="0010000" id="1893" room="204" start="108" weeks="1111111111111"/>
    <class days="1000000" id="1894" room="159" start="186" weeks="1111111111111"/>
    <class days="1000000" id="1895" room="159" start="198" weeks="1111111111111"/>
    <class days="0010000" id="1896" room="92" start="192" weeks="1111111111111"/>
    <class days="0100000" id="1897" room="143" start="192" weeks="1111111111111"/>
    <class days="1000000" id="1898" room="99" start="108" weeks="1111111111111"/>
    <class days="1000000" id="1899" room="122" start="156" weeks="1111111111111"/>
    <class days="0000100" id="1900" room="138" start="156" weeks="1111111111111"/>
    <class days="0000100" id="1901" room="144" start="108" weeks="1111111111111"/>
    <class days="0001000" id="1902" room="94" start="168" weeks="1111111111111"/>
    <class days="0100000" id="1903" room="91" start="108" weeks="1111111111111"/>
    <class days="0100000" id="1904" room="94" start="132" weeks="1111111111111"/>
    <class days="0100000" id="1905" room="95" start="156" weeks="1111111111111"/>
    <class days="0100000" id="1906" room="94" start="180" weeks="1111111111111"/>
    <class days="0100000" id="1907" room="90" start="108" weeks="1111111111111"/>
    <class days="0100000" id="1908" room="91" start="132" weeks="1111111111111"/>
    <class days="0100000" id="1909" room="94" start="156" weeks="1111111111111"/>
    <class days="0100000" id="1910" room="95" start="180" weeks="1111111111111"/>
    <class days="0100000" id="1911" room="90" start="180" weeks="1111111111111"/>
    <class days="0000100" id="1912" room="203" start="156" weeks="1111111111111"/>
    <class days="0000100" id="1913" room="92" start="180" weeks="1111111111111"/>
    <class days="0000100" id="1914" room="94" start="108" weeks="1111111111111"/>
    <class days="0000100" id="1915" room="202" start="132" weeks="1111111111111"/>
    <class days="0000100" id="1916" room="202" start="156" weeks="1111111111111"/>
    <class days="0000100" id="1917" room="90" start="180" weeks="1111111111111"/>
    <class days="0000100" id="1918" room="95" start="108" weeks="1111111111111"/>
    <class days="0000100" id="1919" room="94" start="132" weeks="1111111111111"/>
    <class days="0000100" id="1920" room="92" start="132" weeks="1111111111111"/>
    <class days="1000000" id="1921" room="105" start="144" weeks="1111111111111"/>
    <class days="0001000" id="1922" room="105" start="174" weeks="1111111111111"/>
    <class days="0001000" id="1923" room="105" start="132" weeks="1111111111111"/>
    <class days="0000100" id="1924" room="105" start="180" weeks="1111111111111"/>
    <class days="0000100" id="1925" room="106" start="108" weeks="1111111111111"/>
    <class days="0010000" id="1926" room="150" start="120" weeks="1111111111111"/>
    <class days="1000000" id="1927" room="105" start="180" weeks="1111111111111"/>
    <class days="0010000" id="1928" room="105" start="132" weeks="1111111111111"/>
    <class days="0000100" id="1929" room="139" start="180" weeks="1111111111111"/>
    <class days="0001000" id="1930" room="161" start="174" weeks="1111111111111"/>
    <class days="0100000" id="1931" room="105" start="144" weeks="1111111111111"/>
    <class days="0010000" id="1932" room="126" start="180" weeks="1111111111111"/>
    <class days="0100000" id="1933" room="105" start="246" weeks="1111111111111"/>
    <class days="1000000" id="1934" room="105" start="108" weeks="1111111111111"/>
    <class days="0010000" id="1935" room="4" start="108" weeks="1111111111111"/>
    <class days="0001000" id="1936" room="91" start="114" weeks="1111111111111"/>
    <class days="0000100" id="1937" room="104" start="108" weeks="1111111111111"/>
    <class days="0000100" id="1938" room="105" start="144" weeks="1111111111111"/>
    <class days="0001000" id="1939" room="124" start="156" weeks="1111111111111"/>
    <class days="0010000" id="1940" room="105" start="168" weeks="1111111111111"/>
    <class days="0100000" id="1941" room="156" start="162" weeks="1111111111111"/>
    <class days="0000100" id="1942" room="105" start="108" weeks="1111111111111"/>
    <class days="0100000" id="1943" room="133" start="144" weeks="1111111111111"/>
    <class days="0000100" id="1944" room="129" start="150" weeks="1111111111111"/>
    <class days="0010000" id="1945" room="133" start="144" weeks="1111111111111"/>
    <class days="0001000" id="1946" room="105" start="132" weeks="1111111111111"/>
    <class days="1000000" id="1947" room="202" start="156" weeks="1111111111111"/>
    <class days="1000000" id="1948" room="1" start="114" weeks="1111111111111"/>
    <class days="1000000" id="1949" room="147" start="126" weeks="1111111111111"/>
    <class days="0000100" id="1950" room="159" start="144" weeks="1111111111111"/>
    <class days="0001000" id="1951" room="49" start="108" weeks="1111111111111"/>
    <class days="0010000" id="1952" room="51" start="144" weeks="1111111111111"/>
    <class days="0010000" id="1953" room="51" start="168" weeks="1111111111111"/>
    <class days="1000000" id="1954" room="196" start="168" weeks="1111111111111"/>
    <class days="1000000" id="1955" room="196" start="192" weeks="1111111111111"/>
    <class days="0000100" id="1956" room="56" start="108" weeks="1111111111111"/>
    <class days="0000100" id="1957" room="72" start="132" weeks="1111111111111"/>
    <class days="0100000" id="1958" room="60" start="186" weeks="1111111111111"/>
    <class days="0010000" id="1959" room="43" start="204" weeks="1111111111111"/>
    <class days="0001000" id="1960" room="48" start="204" weeks="1111111111111"/>
    <class days="0001000" id="1961" room="51" start="156" weeks="1111111111111"/>
    <class days="1000000" id="1962" room="51" start="114" weeks="1111111111111"/>
    <class days="0100000" id="1963" room="51" start="144" weeks="1111111111111"/>
    <class days="0000100" id="1964" room="196" start="108" weeks="1111111111111"/>
    <class days="0000100" id="1965" room="196" start="132" weeks="1111111111111"/>
    <class days="0010000" id="1966" room="51" start="108" weeks="1111111111111"/>
    <class days="0010000" id="1967" room="51" start="120" weeks="1111111111111"/>
    <class days="0001000" id="1968" room="56" start="108" weeks="1111111111111"/>
    <class days="0001000" id="1969" room="53" start="132" weeks="1111111111111"/>
    <class days="0010000" id="1970" room="113" start="144" weeks="1111111111111"/>
    <class days="0010000" id="1971" room="113" start="168" weeks="1111111111111"/>
    <class days="0000100" id="1972" room="113" start="192" weeks="1111111111111"/>
    <class days="0010000" id="1973" room="113" start="108" weeks="1111111111111"/>
    <class days="0010000" id="1974" room="113" start="120" weeks="1111111111111"/>
    <class days="1000000" id="1975" room="118" start="162" weeks="1111111111111"/>
    <class days="0001000" id="1976" room="118" start="192" weeks="1111111111111"/>
    <class days="0010000" id="1977" room="42" start="168" weeks="1111111111111"/>
    <class days="0000100" id="1978" room="57" start="156" weeks="1111111111111"/>
    <class days="0001000" id="1979" room="157" start="138" weeks="1111111111111"/>
    <class days="0001000" id="1980" room="157" start="114" weeks="1111111111111"/>
    <class days="1000000" id="1981" room="205" start="144" weeks="1111111111111"/>
    <class days="0010000" id="1982" room="205" start="168" weeks="1111111111111"/>
    <class days="1000000" id="1983" room="205" start="156" weeks="1111111111111"/>
    <class days="0010000" id="1984" room="205" start="180" weeks="1111111111111"/>
    <class days="0100000" id="1985" room="132" start="132" weeks="1111111111111"/>
    <class days="0000100" id="1986" room="4" start="150" weeks="1111111111111"/>
    <class days="0000100" id="1987" room="160" start="126" weeks="1111111111111"/>
    <class days="0001000" id="1988" room="4" start="174" weeks="1111111111111"/>
    <class days="0001000" id="1989" room="4" start="186" weeks="1111111111111"/>
    <class days="1000000" id="1990" room="154" start="132" weeks="1111111111111"/>
    <class days="1000000" id="1991" room="154" start="108" weeks="1111111111111"/>
    <class days="0010000" id="1992" room="167" start="132" weeks="1111111111111"/>
    <class days="0100000" id="1993" room="153" start="120" weeks="1111111111111"/>
    <class days="0000100" id="1994" room="165" start="180" weeks="1111111111111"/>
    <class days="0000100" id="1995" room="165" start="192" weeks="1111111111111"/>
    <class days="0001000" id="1996" room="101" start="132" weeks="1111111111111"/>
    <class days="0001000" id="1997" room="175" start="156" weeks="1111111111111"/>
    <class days="0001000" id="1998" room="175" start="168" weeks="1111111111111"/>
    <class days="1000000" id="1999" room="150" start="216" weeks="1111111111111"/>
    <class days="1000000" id="2000" room="150" start="192" weeks="1111111111111"/>
    <class days="0000100" id="2001" room="150" start="108" weeks="1111111111111"/>
    <class days="0000100" id="2002" room="150" start="120" weeks="1111111111111"/>
    <class days="1000000" id="2003" room="153" start="192" weeks="1111111111111"/>
    <class days="1000000" id="2004" room="153" start="204" weeks="1111111111111"/>
    <class days="0100000" id="2005" room="121" start="204" weeks="1111111111111"/>
    <class days="0000100" id="2006" room="129" start="204" weeks="1111111111111"/>
    <class days="0000100" id="2007" room="149" start="108" weeks="1111111111111"/>
    <class days="0010000" id="2008" room="149" start="114" weeks="1111111111111"/>
    <class days="1000000" id="2009" room="145" start="126" weeks="1111111111111"/>
    <class days="0001000" id="2010" room="149" start="180" weeks="1111111111111"/>
    <class days="0001000" id="2011" room="149" start="156" weeks="1111111111111"/>
    <class days="0001000" id="2012" room="129" start="252" weeks="1111111111111"/>
    <class days="0000100" id="2013" room="158" start="168" weeks="1111111111111"/>
    <class days="1000000" id="2014" room="167" start="240" weeks="1111111111111"/>
    <class days="0000100" id="2015" room="144" start="156" weeks="1111111111111"/>
    <class days="0100000" id="2016" room="99" start="108" weeks="1111111111111"/>
    <class days="0001000" id="2017" room="149" start="120" weeks="1111111111111"/>
    <class days="0000100" id="2018" room="117" start="126" weeks="1111111111111"/>
    <class days="1000000" id="2019" room="117" start="204" weeks="1111111111111"/>
    <class days="0100000" id="2020" room="160" start="108" weeks="1111111111111"/>
    <class days="0000100" id="2021" room="4" start="198" weeks="1111111111111"/>
    <class days="0100000" id="2022" room="158" start="132" weeks="1111111111111"/>
    <class days="0010000" id="2023" room="144" start="180" weeks="1111111111111"/>
    <class days="0010000" id="2024" room="154" start="138" weeks="1111111111111"/>
    <class days="0010000" id="2025" room="154" start="114" weeks="1111111111111"/>
    <class days="0000100" id="2026" room="117" start="168" weeks="1111111111111"/>
    <class days="0000100" id="2027" room="117" start="180" weeks="1111111111111"/>
    <class days="0001000" id="2028" room="132" start="198" weeks="1111111111111"/>
    <class days="0100000" id="2029" room="139" start="120" weeks="1111111111111"/>
    <class days="0100000" id="2030" room="139" start="132" weeks="1111111111111"/>
    <class days="0000100" id="2031" room="99" start="156" weeks="1111111111111"/>
    <class days="0001000" id="2032" room="164" start="114" weeks="1111111111111"/>
    <class days="0010000" id="2033" room="143" start="204" weeks="1111111111111"/>
    <class days="0010000" id="2034" room="150" start="156" weeks="1111111111111"/>
    <class days="1000000" id="2035" room="163" start="162" weeks="1111111111111"/>
    <class days="0000100" id="2036" room="167" start="204" weeks="1111111111111"/>
    <class days="0000100" id="2037" room="165" start="156" weeks="1111111111111"/>
    <class days="1000000" id="2038" room="205" start="108" weeks="1111111111111"/>
    <class days="1000000" id="2039" room="205" start="120" weeks="1111111111111"/>
    <class days="0001000" id="2040" room="143" start="192" weeks="1111111111111"/>
    <class days="0001000" id="2041" room="200" start="156" weeks="1111111111111"/>
    <class days="1000000" id="2042" room="128" start="156" weeks="1111111111111"/>
    <class days="0010000" id="2043" room="138" start="114" weeks="1111111111111"/>
    <class days="0010000" id="2044" room="101" start="204" weeks="1111111111111"/>
    <class days="0001000" id="2045" room="153" start="108" weeks="1111111111111"/>
    <class days="0010000" id="2046" room="159" start="156" weeks="1111111111111"/>
    <class days="1000000" id="2047" room="155" start="186" weeks="1111111111111"/>
    <class days="0100000" id="2048" room="117" start="192" weeks="1111111111111"/>
    <class days="0100000" id="2049" room="168" start="156" weeks="1111111111111"/>
    <class days="0000100" id="2050" room="175" start="108" weeks="1111111111111"/>
    <class days="0010000" id="2051" room="132" start="198" weeks="1111111111111"/>
    <class days="0010000" id="2052" room="1" start="156" weeks="1111111111111"/>
    <class days="0001000" id="2053" room="155" start="168" weeks="1111111111111"/>
    <class days="1000000" id="2054" room="123" start="108" weeks="1111111111111"/>
    <class days="0100000" id="2055" room="90" start="204" weeks="1111111111111"/>
    <class days="0100000" id="2056" room="117" start="120" weeks="1111111111111"/>
    <class days="0000100" id="2057" room="164" start="108" weeks="1111111111111"/>
    <class days="1000000" id="2058" room="151" start="162" weeks="1111111111111"/>
    <class days="1000000" id="2059" room="132" start="186" weeks="1111111111111"/>
    <class days="0100000" id="2060" room="167" start="120" weeks="1111111111111"/>
    <class days="0000100" id="2061" room="202" start="264" weeks="1111111111111"/>
    <class days="0001000" id="2062" room="94" start="264" weeks="1111111111111"/>
    <class days="0010000" id="2063" room="103" start="246" weeks="1111111111111"/>
    <class days="0000100" id="2064" room="134" start="264" weeks="1111111111111"/>
    <class days="0010000" id="2065" room="120" start="120" weeks="1111111111111"/>
    <class days="0010000" id="2066" room="89" start="192" weeks="1111111111111"/>
    <class days="0000100" id="2067" room="153" start="156" weeks="1111111111111"/>
    <class days="1000000" id="2068" room="91" start="186" weeks="1111111111111"/>
    <class days="0000100" id="2069" room="146" start="192" weeks="1111111111111"/>
    <class days="0001000" id="2070" room="121" start="150" weeks="1111111111111"/>
    <class days="0100000" id="2071" room="181" start="156" weeks="1111111111111"/>
    <class days="0000100" id="2072" room="181" start="108" weeks="1111111111111"/>
    <class days="0000100" id="2073" room="156" start="132" weeks="1111111111111"/>
    <class days="0100000" id="2074" room="156" start="108" weeks="1111111111111"/>
    <class days="1000000" id="2075" room="157" start="108" weeks="1111111111111"/>
    <class days="0010000" id="2076" room="162" start="204" weeks="1111111111111"/>
    <class days="1000000" id="2077" room="95" start="180" weeks="1111111111111"/>
    <class days="0001000" id="2078" room="124" start="204" weeks="1111111111111"/>
    <class days="0100000" id="2079" room="124" start="204" weeks="1111111111111"/>
    <class days="0010000" id="2080" room="89" start="156" weeks="1111111111111"/>
    <class days="0000100" id="2081" room="202" start="108" weeks="1111111111111"/>
    <class days="1000000" id="2082" room="203" start="192" weeks="1111111111111"/>
    <class days="1000000" id="2083" room="185" start="204" weeks="1111111111111"/>
    <class days="0100000" id="2084" room="168" start="120" weeks="1111111111111"/>
    <class days="0001000" id="2085" room="137" start="174" weeks="1111111111111"/>
    <class days="0000100" id="2086" room="140" start="198" weeks="1111111111111"/>
    <class days="0100000" id="2087" room="163" start="174" weeks="1111111111111"/>
    <class days="0010000" id="2088" room="155" start="198" weeks="1111111111111"/>
    <class days="1000000" id="2089" room="135" start="162" weeks="1111111111111"/>
    <class days="0010000" id="2090" room="190" start="120" weeks="1111111111111"/>
    <class days="1000000" id="2091" room="146" start="180" weeks="1111111111111"/>
    <class days="0001000" id="2092" room="129" start="198" weeks="1111111111111"/>
    <class days="1000000" id="2093" room="120" start="204" weeks="1111111111111"/>
    <class days="0100000" id="2094" room="202" start="132" weeks="1111111111111"/>
    <class days="0100000" id="2095" room="146" start="156" weeks="1111111111111"/>
    <class days="0100000" id="2096" room="139" start="198" weeks="1111111111111"/>
    <class days="0010000" id="2097" room="164" start="168" weeks="1111111111111"/>
    <class days="0000100" id="2098" room="190" start="162" weeks="1111111111111"/>
    <class days="0010000" id="2099" room="156" start="108" weeks="1111111111111"/>
    <class days="0010000" id="2100" room="156" start="192" weeks="1111111111111"/>
    <class days="0000100" id="2101" room="166" start="186" weeks="1111111111111"/>
    <class days="1000000" id="2102" room="130" start="126" weeks="1111111111111"/>
    <class days="0010000" id="2103" room="202" start="204" weeks="1111111111111"/>
    <class days="0001000" id="2104" room="155" start="132" weeks="1111111111111"/>
    <class days="0000100" id="2105" room="163" start="180" weeks="1111111111111"/>
    <class days="1000000" id="2106" room="141" start="156" weeks="1111111111111"/>
    <class days="0010000" id="2107" room="160" start="108" weeks="1111111111111"/>
    <class days="0010000" id="2108" room="145" start="162" weeks="1111111111111"/>
    <class days="0000100" id="2109" room="137" start="126" weeks="1111111111111"/>
    <class days="1000000" id="2110" room="168" start="180" weeks="1111111111111"/>
    <class days="0000100" id="2111" room="119" start="204" weeks="1111111111111"/>
    <class days="1000000" id="2112" room="128" start="204" weeks="1111111111111"/>
    <class days="0010000" id="2113" start="192" weeks="1111111111111"/>
    <class days="1000000" id="2114" start="114" weeks="1111111111111"/>
    <class days="0010000" id="2115" start="156" weeks="1111111111111"/>
    <class days="0001000" id="2116" start="156" weeks="1111111111111"/>
    <class days="0100000" id="2117" start="120" weeks="1111111111111"/>
    <class days="0000100" id="2118" start="120" weeks="1111111111111"/>
    <class days="0100000" id="2119" start="132" weeks="1111111111111"/>
    <class days="0100000" id="2120" start="168" weeks="1111111111111"/>
    <class days="0000100" id="2121" room="128" start="156" weeks="1111111111111"/>
    <class days="0000100" id="2122" room="131" start="114" weeks="1111111111111"/>
    <class days="0010000" id="2123" room="132" start="156" weeks="1111111111111"/>
    <class days="1000000" id="2124" room="199" start="108" weeks="1111111111111"/>
    <class days="0001000" id="2125" room="145" start="198" weeks="1111111111111"/>
    <class days="0100000" id="2126" room="131" start="120" weeks="1111111111111"/>
    <class days="1000000" id="2127" room="160" start="108" weeks="1111111111111"/>
    <class days="0010000" id="2128" room="204" start="198" weeks="1111111111111"/>
    <class days="0000100" id="2129" room="167" start="156" weeks="1111111111111"/>
    <class days="0001000" id="2130" room="149" start="192" weeks="1111111111111"/>
    <class days="0000100" id="2131" room="168" start="120" weeks="1111111111111"/>
    <class days="0001000" id="2132" room="147" start="180" weeks="1111111111111"/>
    <class days="1000000" id="2133" room="152" start="156" weeks="1111111111111"/>
    <class days="0100000" id="2134" room="152" start="156" weeks="1111111111111"/>
    <class days="0010000" id="2135" room="152" start="156" weeks="1111111111111"/>
    <class days="0001000" id="2136" room="152" start="156" weeks="1111111111111"/>
    <class days="0000100" id="2137" room="152" start="156" weeks="1111111111111"/>
    <class days="1000000" id="2138" room="152" start="108" weeks="1111111111111"/>
    <class days="0100000" id="2139" room="152" start="108" weeks="1111111111111"/>
    <class days="0010000" id="2140" room="152" start="108" weeks="1111111111111"/>
    <class days="0001000" id="2141" room="152" start="108" weeks="1111111111111"/>
    <class days="0000100" id="2142" room="152" start="108" weeks="1111111111111"/>
    <class days="1000000" id="2143" room="166" start="108" weeks="1111111111111"/>
    <class days="0100000" id="2144" room="166" start="108" weeks="1111111111111"/>
    <class days="0010000" id="2145" room="166" start="108" weeks="1111111111111"/>
    <class days="0001000" id="2146" room="166" start="108" weeks="1111111111111"/>
    <class days="0000100" id="2147" room="166" start="108" weeks="1111111111111"/>
    <class days="1000000" id="2148" room="128" start="108" weeks="1111111111111"/>
    <class days="0100000" id="2149" room="128" start="108" weeks="1111111111111"/>
    <class days="0010000" id="2150" room="128" start="108" weeks="1111111111111"/>
    <class days="0001000" id="2151" room="128" start="108" weeks="1111111111111"/>
    <class days="0000100" id="2152" room="128" start="108" weeks="1111111111111"/>
    <class days="0100000" id="2153" room="146" start="180" weeks="1111111111111"/>
    <class days="0010000" id="2154" room="149" start="180" weeks="1111111111111"/>
    <class days="0001000" id="2155" room="148" start="180" weeks="1111111111111"/>
    <class days="0000100" id="2156" room="154" start="180" weeks="1111111111111"/>
    <class days="0000100" id="2157" room="95" start="168" weeks="1111111111111"/>
    <class days="0100000" id="2158" room="154" start="186" weeks="1111111111111"/>
    <class days="1000000" id="2159" room="144" start="198" weeks="1111111111111"/>
    <class days="0001000" id="2160" room="45" start="108" weeks="1111111111111"/>
    <class days="0001000" id="2161" room="45" start="156" weeks="1111111111111"/>
    <class days="0001000" id="2162" room="44" start="132" weeks="1111111111111"/>
    <class days="0001000" id="2163" room="45" start="180" weeks="1111111111111"/>
    <class days="0001000" id="2164" room="49" start="144" weeks="1111111111111"/>
    <class days="0001000" id="2165" room="41" start="192" weeks="1111111111111"/>
    <class days="1000000" id="2166" room="37" start="108" weeks="1111111111111"/>
    <class days="0000100" id="2167" room="56" start="132" weeks="1111111111111"/>
    <class days="1000000" id="2168" room="41" start="132" weeks="1111111111111"/>
    <class days="1000000" id="2169" room="53" start="180" weeks="1111111111111"/>
    <class days="1000000" id="2170" room="43" start="144" weeks="1111111111111"/>
    <class days="1000000" id="2171" room="118" start="192" weeks="1111111111111"/>
    <class days="0010000" id="2172" room="60" start="108" weeks="1111111111111"/>
    <class days="0100000" id="2173" room="43" start="132" weeks="1111111111111"/>
    <class days="0100000" id="2174" room="115" start="108" weeks="1111111111111"/>
    <class days="0100000" id="2175" room="114" start="156" weeks="1111111111111"/>
    <class days="0100000" id="2176" room="47" start="108" weeks="1111111111111"/>
    <class days="0100000" id="2177" room="57" start="132" weeks="1111111111111"/>
    <class days="1000000" id="2178" room="39" start="108" weeks="1111111111111"/>
    <class days="1000000" id="2179" room="61" start="132" weeks="1111111111111"/>
    <class days="0100000" id="2180" room="116" start="156" weeks="1111111111111"/>
    <class days="0100000" id="2181" room="72" start="180" weeks="1111111111111"/>
    <class days="0010000" id="2182" room="47" start="156" weeks="1111111111111"/>
    <class days="0010000" id="2183" room="60" start="156" weeks="1111111111111"/>
    <class days="0010000" id="2184" room="47" start="180" weeks="1111111111111"/>
    <class days="0010000" id="2185" room="115" start="180" weeks="1111111111111"/>
    <class days="0001000" id="2186" room="39" start="108" weeks="1111111111111"/>
    <class days="0001000" id="2187" room="114" start="156" weeks="1111111111111"/>
    <class days="0001000" id="2188" room="38" start="132" weeks="1111111111111"/>
    <class days="0001000" id="2189" room="116" start="180" weeks="1111111111111"/>
    <class days="0010000" id="2190" room="38" start="156" weeks="1111111111111"/>
    <class days="0010000" id="2191" room="57" start="180" weeks="1111111111111"/>
    <class days="0001000" id="2192" room="55" start="108" weeks="1111111111111"/>
    <class days="0001000" id="2193" room="38" start="156" weeks="1111111111111"/>
    <class days="0001000" id="2194" room="55" start="132" weeks="1111111111111"/>
    <class days="0001000" id="2195" room="56" start="180" weeks="1111111111111"/>
    <class days="0000100" id="2196" room="194" start="108" weeks="1111111111111"/>
    <class days="0000100" id="2197" room="194" start="156" weeks="1111111111111"/>
    <class days="0000100" id="2198" room="197" start="132" weeks="1111111111111"/>
    <class days="0000100" id="2199" room="197" start="180" weeks="1111111111111"/>
    <class days="1000000" id="2200" room="61" start="156" weeks="1111111111111"/>
    <class days="1000000" id="2201" room="61" start="180" weeks="1111111111111"/>
    <class days="0001000" id="2202" room="133" start="180" weeks="1111111111111"/>
    <class days="0000100" id="2203" room="3" start="162" weeks="1111111111111"/>
    <class days="0010000" id="2204" room="133" start="108" weeks="1111111111111"/>
    <class days="0010000" id="2205" room="140" start="132" weeks="1111111111111"/>
    <class days="0010000" id="2206" room="134" start="180" weeks="1111111111111"/>
    <class days="0100000" id="2207" room="145" start="192" weeks="1111111111111"/>
    <class days="0001000" id="2208" room="164" start="156" weeks="1111111111111"/>
    <class days="0100000" id="2209" room="200" start="204" weeks="1111111111111"/>
    <class days="0000100" id="2210" room="139" start="108" weeks="1111111111111"/>
    <class days="0000100" id="2211" room="142" start="132" weeks="1111111111111"/>
    <class days="0001000" id="2212" room="140" start="204" weeks="1111111111111"/>
    <class days="1000000" id="2213" room="158" start="168" weeks="1111111111111"/>
    <class days="0001000" id="2214" room="148" start="204" weeks="1111111111111"/>
    <class days="0000100" id="2215" room="168" start="198" weeks="1111111111111"/>
    <class days="0010000" id="2216" room="94" start="168" weeks="1111111111111"/>
    <class days="0001000" id="2217" room="128" start="168" weeks="1111111111111"/>
    <class days="1000000" id="2218" room="181" start="180" weeks="1111111111111"/>
    <class days="0000100" id="2219" room="159" start="108" weeks="1111111111111"/>
    <class days="0001000" id="2220" room="138" start="108" weeks="1111111111111"/>
    <class days="1000000" id="2221" room="134" start="144" weeks="1111111111111"/>
    <class days="1000000" id="2222" room="165" start="180" weeks="1111111111111"/>
    <class days="1000000" id="2223" room="156" start="156" weeks="1111111111111"/>
    <class days="0000100" id="2224" room="142" start="156" weeks="1111111111111"/>
    <class days="0010000" id="2225" room="156" start="132" weeks="1111111111111"/>
    <class days="0001000" id="2226" room="103" start="234" weeks="1111111111111"/>
    <class days="0001000" id="2227" room="143" start="108" weeks="1111111111111"/>
    <class days="0010000" id="2228" room="203" start="180" weeks="1111111111111"/>
    <class days="0100000" id="2229" room="106" start="168" weeks="1111111111111"/>
    <class days="0000100" id="2230" room="91" start="192" weeks="1111111111111"/>
    <class days="0100000" id="2231" room="123" start="108" weeks="1111111111111"/>
    <class days="1000000" id="2232" room="102" start="108" weeks="1111111111111"/>
    <class days="0100000" id="2233" room="102" start="114" weeks="1111111111111"/>
    <class days="0100000" id="2234" room="3" start="264" weeks="1111111111111"/>
    <class days="1000000" id="2235" room="75" start="108" weeks="1111111111111"/>
    <class days="0000100" id="2236" room="147" start="180" weeks="1111111111111"/>
    <class days="0001000" id="2237" room="154" start="114" weeks="1111111111111"/>
    <class days="0100000" id="2238" room="168" start="186" weeks="1111111111111"/>
    <class days="0100000" id="2239" room="134" start="144" weeks="1111111111111"/>
    <class days="0010000" id="2240" room="134" start="108" weeks="1111111111111"/>
    <class days="1000000" id="2241" room="147" start="156" weeks="1111111111111"/>
    <class days="0001000" id="2242" room="101" start="192" weeks="1111111111111"/>
    <class days="0000100" id="2243" room="157" start="120" weeks="1111111111111"/>
    <class days="1000000" id="2244" room="204" start="108" weeks="1111111111111"/>
    <class days="1000000" id="2245" room="162" start="216" weeks="1111111111111"/>
    <class days="1000000" id="2246" room="164" start="186" weeks="1111111111111"/>
    <class days="1000000" id="2247" room="153" start="156" weeks="1111111111111"/>
    <class days="0010000" id="2248" room="130" start="156" weeks="1111111111111"/>
    <class days="0001000" id="2249" room="126" start="240" weeks="1111111111111"/>
    <class days="0001000" id="2250" room="163" start="126" weeks="1111111111111"/>
    <class days="0001000" id="2251" room="61" start="156" weeks="1111111111111"/>
    <class days="1000000" id="2252" room="38" start="192" weeks="1111111111111"/>
    <class days="1000000" id="2253" room="44" start="192" weeks="1111111111111"/>
    <class days="0010000" id="2254" room="48" start="192" weeks="1111111111111"/>
    <class days="0001000" id="2255" room="53" start="192" weeks="1111111111111"/>
    <class days="0010000" id="2256" room="37" start="192" weeks="1111111111111"/>
    <class days="0100000" id="2257" room="46" start="144" weeks="1111111111111"/>
    <class days="0001000" id="2258" room="54" start="192" weeks="1111111111111"/>
    <class days="0010000" id="2259" room="39" start="150" weeks="1111111111111"/>
    <class days="1000000" id="2260" room="41" start="228" weeks="1111111111111"/>
    <class days="0010000" id="2261" room="116" start="180" weeks="1111111111111"/>
    <class days="0010000" id="2262" room="54" start="216" weeks="1111111111111"/>
    <class days="0010000" id="2263" room="56" start="168" weeks="1111111111111"/>
    <class days="0001000" id="2264" room="118" start="216" weeks="1111111111111"/>
    <class days="0010000" id="2265" room="39" start="114" weeks="1111111111111"/>
    <class days="0100000" id="2266" room="115" start="192" weeks="1111111111111"/>
    <class days="0001000" id="2267" room="53" start="156" weeks="1111111111111"/>
    <class days="0100000" id="2268" room="56" start="108" weeks="1111111111111"/>
    <class days="0000100" id="2269" room="39" start="204" weeks="1111111111111"/>
    <class days="0010000" id="2270" room="39" start="192" weeks="1111111111111"/>
    <class days="0100000" id="2271" room="118" start="192" weeks="1111111111111"/>
    <class days="1000000" id="2272" room="55" start="192" weeks="1111111111111"/>
    <class days="1000000" id="2273" room="39" start="144" weeks="1111111111111"/>
    <class days="0100000" id="2274" room="61" start="192" weeks="1111111111111"/>
    <class days="1000000" id="2275" room="57" start="192" weeks="1111111111111"/>
    <class days="0000100" id="2276" room="39" start="180" weeks="1111111111111"/>
    <class days="0001000" id="2277" room="116" start="252" weeks="1111111111111"/>
    <class days="0010000" id="2278" room="59" start="114" weeks="1111111111111"/>
    <class days="0100000" id="2279" room="41" start="144" weeks="1111111111111"/>
    <class days="0100000" id="2280" room="118" start="144" weeks="1111111111111"/>
    <class days="1000000" id="2281" room="45" start="216" weeks="1111111111111"/>
    <class days="0000100" id="2282" room="116" start="156" weeks="1111111111111"/>
    <class days="0000100" id="2283" room="56" start="264" weeks="1111111111111"/>
    <class days="0001000" id="2284" room="113" start="180" weeks="1111111111111"/>
    <class days="0010000" id="2285" room="41" start="228" weeks="1111111111111"/>
    <class days="0000100" id="2286" room="42" start="144" weeks="1111111111111"/>
    <class days="0001000" id="2287" room="60" start="192" weeks="1111111111111"/>
    <class days="0000100" id="2288" room="199" start="120" weeks="1111111111111"/>
    <class days="0001000" id="2289" room="57" start="138" weeks="1111111111111"/>
    <class days="0100000" id="2290" room="43" start="216" weeks="1111111111111"/>
    <class days="0100000" id="2291" room="40" start="144" weeks="1111111111111"/>
    <class days="0000100" id="2292" room="40" start="150" weeks="1111111111111"/>
    <class days="0100000" id="2293" room="40" start="120" weeks="1111111111111"/>
    <class days="0000100" id="2294" room="40" start="174" weeks="1111111111111"/>
    <class days="0001000" id="2295" room="40" start="108" weeks="1111111111111"/>
    <class days="0010000" id="2296" room="40" start="180" weeks="1111111111111"/>
    <class days="0001000" id="2297" room="40" start="132" weeks="1111111111111"/>
    <class days="0010000" id="2298" room="40" start="156" weeks="1111111111111"/>
    <class days="0001000" id="2299" room="196" start="168" weeks="1111111111111"/>
    <class days="0010000" id="2300" room="196" start="132" weeks="1111111111111"/>
    <class days="0001000" id="2301" room="196" start="192" weeks="1111111111111"/>
    <class days="0010000" id="2302" room="196" start="108" weeks="1111111111111"/>
    <class days="0100000" id="2303" room="40" start="180" weeks="1111111111111"/>
    <class days="0100000" id="2304" room="40" start="168" weeks="1111111111111"/>
    <class days="1000000" id="2305" room="45" start="204" weeks="1111111111111"/>
    <class days="1000000" id="2306" room="45" start="192" weeks="1111111111111"/>
    <class days="1000000" id="2307" room="40" start="204" weeks="1111111111111"/>
    <class days="1000000" id="2308" room="40" start="192" weeks="1111111111111"/>
    <class days="1000000" id="2309" room="60" start="192" weeks="1111111111111"/>
    <class days="1000000" id="2310" room="49" start="192" weeks="1111111111111"/>
    <class days="0001000" id="2311" room="58" start="204" weeks="1111111111111"/>
    <class days="1000000" id="2312" room="40" start="108" weeks="1111111111111"/>
    <class days="0010000" id="2313" room="62" start="108" weeks="1111111111111"/>
    <class days="0010000" id="2314" room="194" start="132" weeks="1111111111111"/>
    <class days="0000100" id="2315" room="194" start="132" weeks="1111111111111"/>
    <class days="0001000" id="2316" room="196" start="120" weeks="1111111111111"/>
    <class days="0010000" id="2317" room="196" start="168" weeks="1111111111111"/>
    <class days="0100000" id="2318" room="196" start="156" weeks="1111111111111"/>
    <class days="1000000" id="2319" room="196" start="132" weeks="1111111111111"/>
    <class days="0010000" id="2320" room="196" start="198" weeks="1111111111111"/>
    <class days="1000000" id="2321" room="196" start="156" weeks="1111111111111"/>
    <class days="0100000" id="2322" room="196" start="186" weeks="1111111111111"/>
    <class days="0100000" id="2323" room="196" start="108" weeks="1111111111111"/>
    <class days="0001000" id="2324" room="58" start="156" weeks="1111111111111"/>
    <class days="0000100" id="2325" room="53" start="114" weeks="1111111111111"/>
    <class days="0010000" id="2326" room="199" start="186" weeks="1111111111111"/>
    <class days="0010000" id="2327" room="37" start="108" weeks="1111111111111"/>
    <class days="1000000" id="2328" room="42" start="192" weeks="1111111111111"/>
    <class days="0001000" id="2329" room="114" start="132" weeks="1111111111111"/>
    <class days="0001000" id="2330" room="72" start="162" weeks="1111111111111"/>
    <class days="0100000" id="2331" room="38" start="144" weeks="1111111111111"/>
    <class days="1000000" id="2332" room="115" start="144" weeks="1111111111111"/>
    <class days="1000000" id="2333" room="48" start="180" weeks="1111111111111"/>
    <class days="0001000" id="2334" room="44" start="180" weeks="1111111111111"/>
    <class days="1000000" id="2335" room="43" start="120" weeks="1111111111111"/>
    <class days="0100000" id="2336" room="37" start="180" weeks="1111111111111"/>
    <class days="1000000" id="2337" room="45" start="114" weeks="1111111111111"/>
    <class days="0100000" id="2338" room="48" start="192" weeks="1111111111111"/>
    <class days="0000100" id="2339" room="43" start="156" weeks="1111111111111"/>
    <class days="0000100" id="2340" room="44" start="204" weeks="1111111111111"/>
    <class days="0001000" id="2341" room="39" start="138" weeks="1111111111111"/>
    <class days="0000100" id="2342" room="45" start="180" weeks="1111111111111"/>
    <class days="0100000" id="2343" room="55" start="204" weeks="1111111111111"/>
    <class days="1000000" id="2344" room="42" start="132" weeks="1111111111111"/>
    <class days="0100000" id="2345" room="55" start="180" weeks="1111111111111"/>
    <class days="1000000" id="2346" room="42" start="108" weeks="1111111111111"/>
    <class days="0001000" id="2347" room="54" start="114" weeks="1111111111111"/>
    <class days="0100000" id="2348" room="54" start="132" weeks="1111111111111"/>
    <class days="0010000" id="2349" room="72" start="126" weeks="1111111111111"/>
    <class days="0001000" id="2350" room="43" start="144" weeks="1111111111111"/>
    <class days="0001000" id="2351" room="38" start="198" weeks="1111111111111"/>
    <class days="0001000" id="2352" room="48" start="108" weeks="1111111111111"/>
    <class days="0100000" id="2353" room="57" start="108" weeks="1111111111111"/>
    <class days="1000000" id="2354" room="115" start="108" weeks="1111111111111"/>
    <class days="0010000" id="2355" room="41" start="108" weeks="1111111111111"/>
    <class days="0100000" id="2356" room="114" start="120" weeks="1111111111111"/>
    <class days="0001000" id="2357" room="48" start="174" weeks="1111111111111"/>
    <class days="0001000" id="2358" room="115" start="156" weeks="1111111111111"/>
    <class days="0010000" id="2359" room="53" start="180" weeks="1111111111111"/>
    <class days="0010000" id="2360" room="58" start="192" weeks="1111111111111"/>
    <class days="0010000" id="2361" room="53" start="204" weeks="1111111111111"/>
    <class days="0010000" id="2362" room="58" start="216" weeks="1111111111111"/>
    <class days="1000000" id="2363" room="49" start="138" weeks="1111111111111"/>
    <class days="0100000" id="2364" room="59" start="156" weeks="1111111111111"/>
    <class days="0000100" id="2365" room="193" start="108" weeks="1111111111111"/>
    <class days="0010000" id="2366" room="193" start="168" weeks="1111111111111"/>
    <class days="0000100" id="2367" room="193" start="132" weeks="1111111111111"/>
    <class days="0010000" id="2368" room="193" start="156" weeks="1111111111111"/>
    <class days="1000000" id="2369" room="46" start="132" weeks="1111111111111"/>
    <class days="0010000" id="2370" room="44" start="108" weeks="1111111111111"/>
    <class days="0100000" id="2371" room="59" start="192" weeks="1111111111111"/>
    <class days="1000000" id="2372" room="53" start="192" weeks="1111111111111"/>
    <class days="0001000" id="2373" room="37" start="132" weeks="1111111111111"/>
    <class days="1000000" id="2374" room="41" start="120" weeks="1111111111111"/>
    <class days="0000100" id="2375" room="41" start="120" weeks="1111111111111"/>
    <class days="0100000" id="2376" room="39" start="120" weeks="1111111111111"/>
    <class days="0010000" id="2377" room="118" start="132" weeks="1111111111111"/>
    <class days="0001000" id="2378" room="53" start="108" weeks="1111111111111"/>
    <class days="1000000" id="2379" room="115" start="174" weeks="1111111111111"/>
    <class days="0100000" id="2380" room="53" start="108" weeks="1111111111111"/>
    <class days="0010000" id="2381" room="48" start="162" weeks="1111111111111"/>
    <class days="1000000" id="2382" room="44" start="132" weeks="1111111111111"/>
    <class days="0100000" id="2383" room="42" start="204" weeks="1111111111111"/>
    <class days="0010000" id="2384" room="113" start="192" weeks="1111111111111"/>
    <class days="0100000" id="2385" room="57" start="156" weeks="1111111111111"/>
    <class days="0010000" id="2386" room="38" start="108" weeks="1111111111111"/>
    <class days="0010000" id="2387" room="43" start="108" weeks="1111111111111"/>
    <class days="0001000" id="2388" room="48" start="156" weeks="1111111111111"/>
    <class days="0010000" id="2389" room="46" start="240" weeks="1111111111111"/>
    <class days="0001000" id="2390" room="42" start="192" weeks="1111111111111"/>
    <class days="1000000" id="2391" room="37" start="132" weeks="1111111111111"/>
    <class days="0010000" id="2392" room="38" start="132" weeks="1111111111111"/>
    <class days="0010000" id="2393" room="60" start="132" weeks="1111111111111"/>
    <class days="0100000" id="2394" room="118" start="108" weeks="1111111111111"/>
    <class days="0010000" id="2395" room="41" start="204" weeks="1111111111111"/>
    <class days="0100000" id="2396" room="49" start="132" weeks="1111111111111"/>
    <class days="0100000" id="2397" room="54" start="228" weeks="1111111111111"/>
    <class days="0010000" id="2398" room="44" start="156" weeks="1111111111111"/>
    <class days="0100000" id="2399" room="53" start="132" weeks="1111111111111"/>
    <class days="0001000" id="2400" room="118" start="162" weeks="1111111111111"/>
    <class days="0100000" id="2401" room="54" start="156" weeks="1111111111111"/>
    <class days="0001000" id="2402" room="37" start="186" weeks="1111111111111"/>
    <class days="0100000" id="2403" room="61" start="114" weeks="1111111111111"/>
    <class days="0001000" id="2404" room="41" start="126" weeks="1111111111111"/>
    <class days="0010000" id="2405" room="37" start="222" weeks="1111111111111"/>
    <class days="0001000" id="2406" room="59" start="156" weeks="1111111111111"/>
    <class days="1000000" id="2407" room="54" start="192" weeks="1111111111111"/>
    <class days="0010000" id="2408" room="56" start="108" weeks="1111111111111"/>
    <class days="0010000" id="2409" room="53" start="144" weeks="1111111111111"/>
    <class days="0100000" id="2410" room="45" start="144" weeks="1111111111111"/>
    <class days="0100000" id="2411" room="41" start="228" weeks="1111111111111"/>
    <class days="0001000" id="2412" room="61" start="132" weeks="1111111111111"/>
    <class days="0000100" id="2413" room="43" start="114" weeks="1111111111111"/>
    <class days="0100000" id="2414" room="57" start="192" weeks="1111111111111"/>
    <class days="0010000" id="2415" room="41" start="144" weeks="1111111111111"/>
    <class days="1000000" id="2416" room="72" start="198" weeks="1111111111111"/>
    <class days="0100000" id="2417" room="72" start="126" weeks="1111111111111"/>
    <class days="0010000" id="2418" room="46" start="174" weeks="1111111111111"/>
    <class days="0010000" id="2419" room="41" start="180" weeks="1111111111111"/>
    <class days="1000000" id="2420" room="58" start="168" weeks="1111111111111"/>
    <class days="0100000" id="2421" room="200" start="156" weeks="1111111111111"/>
    <class days="0001000" id="2422" room="200" start="120" weeks="1111111111111"/>
    <class days="0100000" id="2423" room="202" start="204" weeks="1111111111111"/>
    <class days="0010000" id="2424" room="175" start="156" weeks="1111111111111"/>
    <class days="1000000" id="2425" room="175" start="204" weeks="1111111111111"/>
    <class days="0010000" id="2426" room="175" start="132" weeks="1111111111111"/>
    <class days="1000000" id="2427" room="175" start="216" weeks="1111111111111"/>
    <class days="0001000" id="2428" room="203" start="156" weeks="1111111111111"/>
    <class days="1000000" id="2429" room="140" start="108" weeks="1111111111111"/>
    <class days="0010000" id="2430" room="202" start="156" weeks="1111111111111"/>
    <class days="0001000" id="2431" room="175" start="120" weeks="1111111111111"/>
    <class days="0001000" id="2432" room="175" start="132" weeks="1111111111111"/>
    <class days="0100000" id="2433" room="202" start="180" weeks="1111111111111"/>
    <class days="1000000" id="2434" room="102" start="132" weeks="1111111111111"/>
    <class days="0010000" id="2435" room="102" start="186" weeks="1111111111111"/>
    <class days="0001000" id="2436" room="139" start="204" weeks="1111111111111"/>
    <class days="0010000" id="2437" room="175" start="180" weeks="1111111111111"/>
    <class days="0010000" id="2438" room="175" start="192" weeks="1111111111111"/>
    <class days="0000100" id="2439" room="142" start="108" weeks="1111111111111"/>
    <class days="0010000" id="2440" room="174" start="174" weeks="1111111111111"/>
    <class days="0010000" id="2441" room="174" start="186" weeks="1111111111111"/>
    <class days="0000100" id="2442" room="205" start="192" weeks="1111111111111"/>
    <class days="0000100" id="2443" room="205" start="204" weeks="1111111111111"/>
    <class days="0010000" id="2444" room="191" start="108" weeks="1111111111111"/>
    <class days="0001000" id="2445" room="191" start="144" weeks="1111111111111"/>
    <class days="0010000" id="2446" room="191" start="216" weeks="1111111111111"/>
    <class days="0010000" id="2447" room="191" start="132" weeks="1111111111111"/>
    <class days="0001000" id="2448" room="191" start="168" weeks="1111111111111"/>
    <class days="0010000" id="2449" room="191" start="240" weeks="1111111111111"/>
    <class days="1000000" id="2450" room="52" start="108" weeks="1111111111111"/>
    <class days="0100000" id="2451" room="52" start="228" weeks="1111111111111"/>
    <class days="1000000" id="2452" room="52" start="132" weeks="1111111111111"/>
    <class days="0100000" id="2453" room="52" start="252" weeks="1111111111111"/>
    <class days="0100000" id="2454" room="52" start="108" weeks="1111111111111"/>
    <class days="0001000" id="2455" room="52" start="240" weeks="1111111111111"/>
    <class days="0100000" id="2456" room="52" start="120" weeks="1111111111111"/>
    <class days="0001000" id="2457" room="52" start="252" weeks="1111111111111"/>
    <class days="0001000" id="2458" room="193" start="108" weeks="1111111111111"/>
    <class days="1000000" id="2459" room="194" start="204" weeks="1111111111111"/>
    <class days="0001000" id="2460" room="193" start="120" weeks="1111111111111"/>
    <class days="1000000" id="2461" room="194" start="216" weeks="1111111111111"/>
    <class days="0010000" id="2462" room="52" start="108" weeks="1111111111111"/>
    <class days="0010000" id="2463" room="52" start="132" weeks="1111111111111"/>
    <class days="0010000" id="2464" room="50" start="156" weeks="1111111111111"/>
    <class days="1000000" id="2465" room="52" start="240" weeks="1111111111111"/>
    <class days="0010000" id="2466" room="194" start="192" weeks="1111111111111"/>
    <class days="0100000" id="2467" room="194" start="156" weeks="1111111111111"/>
    <class days="0100000" id="2468" room="194" start="192" weeks="1111111111111"/>
    <class days="0100000" id="2469" room="194" start="168" weeks="1111111111111"/>
    <class days="0100000" id="2470" room="194" start="204" weeks="1111111111111"/>
    <class days="1000000" id="2471" room="62" start="156" weeks="1111111111111"/>
    <class days="0001000" id="2472" room="62" start="192" weeks="1111111111111"/>
    <class days="1000000" id="2473" room="62" start="180" weeks="1111111111111"/>
    <class days="0001000" id="2474" room="62" start="216" weeks="1111111111111"/>
    <class days="0010000" id="2475" room="49" start="192" weeks="1111111111111"/>
    <class days="1000000" id="2476" room="193" start="108" weeks="1111111111111"/>
    <class days="1000000" id="2477" room="193" start="132" weeks="1111111111111"/>
    <class days="1000000" id="2478" room="193" start="228" weeks="1111111111111"/>
    <class days="0010000" id="2479" room="194" start="156" weeks="1111111111111"/>
    <class days="0001000" id="2480" room="194" start="108" weeks="1111111111111"/>
    <class days="0001000" id="2481" room="194" start="192" weeks="1111111111111"/>
    <class days="0010000" id="2482" room="194" start="180" weeks="1111111111111"/>
    <class days="0001000" id="2483" room="194" start="132" weeks="1111111111111"/>
    <class days="0001000" id="2484" room="194" start="216" weeks="1111111111111"/>
    <class days="0100000" id="2485" room="191" start="144" weeks="1111111111111"/>
    <class days="0100000" id="2486" room="50" start="144" weeks="1111111111111"/>
    <class days="0100000" id="2487" room="52" start="144" weeks="1111111111111"/>
    <class days="0100000" id="2488" room="191" start="168" weeks="1111111111111"/>
    <class days="0100000" id="2489" room="50" start="168" weeks="1111111111111"/>
    <class days="0100000" id="2490" room="52" start="168" weeks="1111111111111"/>
    <class days="0100000" id="2491" room="52" start="192" weeks="1111111111111"/>
    <class days="0100000" id="2492" room="62" start="216" weeks="1111111111111"/>
    <class days="0001000" id="2493" room="52" start="108" weeks="1111111111111"/>
    <class days="0010000" id="2494" room="62" start="144" weeks="1111111111111"/>
    <class days="0001000" id="2495" room="56" start="228" weeks="1111111111111"/>
    <class days="0001000" id="2496" room="52" start="132" weeks="1111111111111"/>
    <class days="0010000" id="2497" room="52" start="168" weeks="1111111111111"/>
    <class days="0001000" id="2498" room="62" start="252" weeks="1111111111111"/>
    <class days="0100000" id="2499" room="62" start="108" weeks="1111111111111"/>
    <class days="0100000" id="2500" room="50" start="108" weeks="1111111111111"/>
    <class days="0100000" id="2501" room="62" start="240" weeks="1111111111111"/>
    <class days="0100000" id="2502" room="62" start="132" weeks="1111111111111"/>
    <class days="0100000" id="2503" room="50" start="132" weeks="1111111111111"/>
    <class days="0100000" id="2504" room="62" start="264" weeks="1111111111111"/>
    <class days="1000000" id="2505" room="193" start="156" weeks="1111111111111"/>
    <class days="1000000" id="2506" room="193" start="180" weeks="1111111111111"/>
    <class days="0010000" id="2507" room="193" start="216" weeks="1111111111111"/>
    <class days="1000000" id="2508" room="194" start="180" weeks="1111111111111"/>
    <class days="1000000" id="2509" room="194" start="156" weeks="1111111111111"/>
    <class days="1000000" id="2510" room="193" start="204" weeks="1111111111111"/>
    <class days="1000000" id="2511" room="194" start="192" weeks="1111111111111"/>
    <class days="1000000" id="2512" room="194" start="168" weeks="1111111111111"/>
    <class days="1000000" id="2513" room="193" start="216" weeks="1111111111111"/>
    <class days="0000100" id="2514" room="194" start="180" weeks="1111111111111"/>
    <class days="0010000" id="2515" room="44" start="192" weeks="1111111111111"/>
    <class days="0010000" id="2516" room="58" start="108" weeks="1111111111111"/>
    <class days="1000000" id="2517" room="42" start="216" weeks="1111111111111"/>
    <class days="0010000" id="2518" room="46" start="144" weeks="1111111111111"/>
    <class days="1000000" id="2519" room="38" start="156" weeks="1111111111111"/>
    <class days="0100000" id="2520" room="43" start="192" weeks="1111111111111"/>
    <class days="0010000" id="2521" room="61" start="132" weeks="1111111111111"/>
    <class days="1000000" id="2522" room="114" start="192" weeks="1111111111111"/>
    <class days="0100000" id="2523" room="44" start="192" weeks="1111111111111"/>
    <class days="0010000" id="2524" room="118" start="162" weeks="1111111111111"/>
    <class days="1000000" id="2525" room="53" start="216" weeks="1111111111111"/>
    <class days="1000000" id="2526" room="53" start="156" weeks="1111111111111"/>
    <class days="1000000" id="2527" room="38" start="240" weeks="1111111111111"/>
    <class days="0100000" id="2528" room="115" start="168" weeks="1111111111111"/>
    <class days="0010000" id="2529" room="42" start="228" weeks="1111111111111"/>
    <class days="1000000" id="2530" room="114" start="114" weeks="1111111111111"/>
    <class days="0010000" id="2531" room="42" start="192" weeks="1111111111111"/>
    <class days="0001000" id="2532" room="118" start="150" weeks="1111111111111"/>
    <class days="1000000" id="2533" room="118" start="108" weeks="1111111111111"/>
    <class days="0010000" id="2534" room="114" start="108" weeks="1111111111111"/>
    <class days="0100000" id="2535" room="49" start="180" weeks="1111111111111"/>
    <class days="0100000" id="2536" room="58" start="132" weeks="1111111111111"/>
    <class days="0100000" id="2537" room="113" start="180" weeks="1111111111111"/>
    <class days="1000000" id="2538" room="59" start="156" weeks="1111111111111"/>
    <class days="0001000" id="2539" room="43" start="120" weeks="1111111111111"/>
    <class days="1000000" id="2540" room="38" start="114" weeks="1111111111111"/>
    <class days="0010000" id="2541" room="59" start="144" weeks="1111111111111"/>
    <class days="0010000" id="2542" room="57" start="120" weeks="1111111111111"/>
    <class days="0001000" id="2543" room="57" start="180" weeks="1111111111111"/>
    <class days="0001000" id="2544" room="57" start="192" weeks="1111111111111"/>
    <class days="0001000" id="2545" room="113" start="114" weeks="1111111111111"/>
    <class days="0010000" id="2546" room="59" start="168" weeks="1111111111111"/>
    <class days="0100000" id="2547" room="43" start="156" weeks="1111111111111"/>
    <class days="1000000" id="2548" room="55" start="162" weeks="1111111111111"/>
    <class days="0010000" id="2549" room="61" start="192" weeks="1111111111111"/>
    <class days="1000000" id="2550" room="45" start="150" weeks="1111111111111"/>
    <class days="0100000" id="2551" room="56" start="156" weeks="1111111111111"/>
    <class days="1000000" id="2552" room="47" start="138" weeks="1111111111111"/>
    <class days="0100000" id="2553" room="47" start="162" weeks="1111111111111"/>
    <class days="0001000" id="2554" room="67" start="156" weeks="1111111111111"/>
    <class days="0100000" id="2555" room="116" start="192" weeks="1111111111111"/>
    <class days="1000000" id="2556" room="47" start="114" weeks="1111111111111"/>
    <class days="0010000" id="2557" room="116" start="150" weeks="1111111111111"/>
    <class days="0010000" id="2558" room="67" start="126" weeks="1111111111111"/>
    <class days="0001000" id="2559" room="67" start="126" weeks="1111111111111"/>
    <class days="0100000" id="2560" room="116" start="114" weeks="1111111111111"/>
    <class days="0100000" id="2561" room="67" start="108" weeks="1111111111111"/>
    <class days="1000000" id="2562" room="67" start="108" weeks="1111111111111"/>
    <class days="1000000" id="2563" room="67" start="132" weeks="1111111111111"/>
    <class days="0100000" id="2564" room="67" start="180" weeks="1111111111111"/>
    <class days="0100000" id="2565" room="67" start="144" weeks="1111111111111"/>
    <class days="0001000" id="2566" room="47" start="156" weeks="1111111111111"/>
    <class days="1000000" id="2567" room="67" start="162" weeks="1111111111111"/>
    <class days="0010000" id="2568" room="67" start="168" weeks="1111111111111"/>
    <class days="0001000" id="2569" room="47" start="120" weeks="1111111111111"/>
    <class days="0001000" id="2570" room="67" start="192" weeks="1111111111111"/>
    <class days="0100000" id="2571" room="48" start="108" weeks="1111111111111"/>
    <class days="0001000" id="2572" room="42" start="156" weeks="1111111111111"/>
    <class days="0010000" id="2573" room="114" start="132" weeks="1111111111111"/>
    <class days="0100000" id="2574" room="37" start="156" weeks="1111111111111"/>
    <class days="0001000" id="2575" room="45" start="192" weeks="1111111111111"/>
    <class days="0100000" id="2576" room="58" start="186" weeks="1111111111111"/>
    <class days="0010000" id="2577" room="60" start="192" weeks="1111111111111"/>
    <class days="0010000" id="2578" room="114" start="156" weeks="1111111111111"/>
    <class days="0001000" id="2579" room="194" start="156" weeks="1111111111111"/>
    <class days="0010000" id="2580" room="55" start="192" weeks="1111111111111"/>
    <class days="0100000" id="2581" room="45" start="192" weeks="1111111111111"/>
    <class days="0010000" id="2582" room="199" start="138" weeks="1111111111111"/>
    <class days="0010000" id="2583" room="194" start="108" weeks="1111111111111"/>
    <class days="1000000" id="2584" room="118" start="150" weeks="1111111111111"/>
    <class days="0100000" id="2585" room="199" start="144" weeks="1111111111111"/>
    <class days="0010000" id="2586" room="54" start="156" weeks="1111111111111"/>
    <class days="0100000" id="2587" room="72" start="156" weeks="1111111111111"/>
    <class days="0010000" id="2588" room="37" start="132" weeks="1111111111111"/>
    <class days="0001000" id="2589" room="55" start="192" weeks="1111111111111"/>
    <class days="0100000" id="2590" room="41" start="108" weeks="1111111111111"/>
    <class days="0100000" id="2591" room="142" start="228" weeks="1111111111111"/>
    <class days="0100000" id="2592" room="142" start="192" weeks="1111111111111"/>
    <class days="0100000" id="2593" room="141" start="120" weeks="1111111111111"/>
    <class days="1000000" id="2594" room="159" start="144" weeks="1111111111111"/>
    <class days="0010000" id="2595" room="102" start="144" weeks="1111111111111"/>
    <class days="0010000" id="2596" room="102" start="108" weeks="1111111111111"/>
    <class days="0001000" id="2597" room="99" start="120" weeks="1111111111111"/>
    <class days="1000000" id="2598" room="101" start="108" weeks="1111111111111"/>
    <class days="0001000" id="2599" room="138" start="180" weeks="1111111111111"/>
    <class days="1000000" id="2600" room="156" start="186" weeks="1111111111111"/>
    <class days="0010000" id="2601" room="133" start="180" weeks="1111111111111"/>
    <class days="0000100" id="2602" room="160" start="150" weeks="1111111111111"/>
    <class days="0010000" id="2603" room="165" start="156" weeks="1111111111111"/>
    <class days="0001000" id="2604" room="204" start="186" weeks="1111111111111"/>
    <class days="1000000" id="2605" room="133" start="186" weeks="1111111111111"/>
    <class days="1000000" id="2606" room="94" start="108" weeks="1111111111111"/>
    <class days="0000100" id="2607" room="129" start="114" weeks="1111111111111"/>
    <class days="0001000" id="2608" room="126" start="156" weeks="1111111111111"/>
    <class days="0001000" id="2609" room="126" start="132" weeks="1111111111111"/>
    <class days="0001000" id="2610" room="133" start="108" weeks="1111111111111"/>
    <class days="0010000" id="2611" room="106" start="180" weeks="1111111111111"/>
    <class days="0010000" id="2612" room="99" start="132" weeks="1111111111111"/>
    <class days="0010000" id="2613" room="99" start="156" weeks="1111111111111"/>
    <class days="0100000" id="2614" room="161" start="156" weeks="1111111111111"/>
    <class days="0010000" id="2615" room="157" start="180" weeks="1111111111111"/>
    <class days="0010000" id="2616" room="157" start="204" weeks="1111111111111"/>
    <class days="1000000" id="2617" room="156" start="108" weeks="1111111111111"/>
    <class days="0100000" id="2618" room="144" start="108" weeks="1111111111111"/>
    <class days="0100000" id="2619" room="130" start="192" weeks="1111111111111"/>
    <class days="0000100" id="2620" room="200" start="192" weeks="1111111111111"/>
    <class days="0000100" id="2621" room="200" start="204" weeks="1111111111111"/>
    <class days="0000100" id="2622" room="148" start="138" weeks="1111111111111"/>
    <class days="0001000" id="2623" room="162" start="156" weeks="1111111111111"/>
    <class days="0100000" id="2624" room="162" start="138" weeks="1111111111111"/>
    <class days="0100000" id="2625" room="161" start="204" weeks="1111111111111"/>
    <class days="1000000" id="2626" room="146" start="108" weeks="1111111111111"/>
    <class days="1000000" id="2627" room="168" start="120" weeks="1111111111111"/>
    <class days="1000000" id="2628" room="162" start="144" weeks="1111111111111"/>
    <class days="0000100" id="2629" room="184" start="150" weeks="1111111111111"/>
    <class days="0010000" id="2630" room="141" start="198" weeks="1111111111111"/>
    <class days="0000100" id="2631" room="136" start="120" weeks="1111111111111"/>
    <class days="0000100" id="2632" room="130" start="162" weeks="1111111111111"/>
    <class days="1000000" id="2633" room="162" start="108" weeks="1111111111111"/>
    <class days="0000100" id="2634" room="130" start="114" weeks="1111111111111"/>
    <class days="0100000" id="2635" room="133" start="180" weeks="1111111111111"/>
    <class days="0100000" id="2636" room="134" start="108" weeks="1111111111111"/>
    <class days="0001000" id="2637" room="3" start="240" weeks="1111111111111"/>
    <class days="0010000" id="2638" room="163" start="150" weeks="1111111111111"/>
    <class days="0000100" id="2639" room="138" start="108" weeks="1111111111111"/>
    <class days="0010000" id="2640" room="95" start="180" weeks="1111111111111"/>
    <class days="1000000" id="2641" room="151" start="228" weeks="1111111111111"/>
    <class days="0001000" id="2642" room="142" start="150" weeks="1111111111111"/>
    <class days="0001000" id="2643" start="126" weeks="1111111111111"/>
    <class days="0000100" id="2644" room="161" start="210" weeks="1111111111111"/>
    <class days="0001000" id="2645" room="134" start="162" weeks="1111111111111"/>
    <class days="1000000" id="2646" room="190" start="108" weeks="1111111111111"/>
    <class days="0000100" id="2647" room="145" start="228" weeks="1111111111111"/>
    <class days="0100000" id="2648" room="132" start="162" weeks="1111111111111"/>
    <class days="0010000" id="2649" room="130" start="120" weeks="1111111111111"/>
    <class days="0001000" id="2650" room="129" start="108" weeks="1111111111111"/>
    <class days="1000000" id="2651" room="3" start="132" weeks="1111111111111"/>
    <class days="0100000" id="2652" room="151" start="156" weeks="1111111111111"/>
    <class days="0000100" id="2653" room="161" start="156" weeks="1111111111111"/>
    <class days="1000000" id="2654" room="144" start="156" weeks="1111111111111"/>
    <class days="1000000" id="2655" room="131" start="144" weeks="1111111111111"/>
    <class days="0000100" id="2656" room="189" start="240" weeks="1111111111111"/>
    <class days="0100000" id="2657" room="98" start="156" weeks="1111111111111"/>
    <class days="0100000" id="2658" room="98" start="108" weeks="1111111111111"/>
    <class days="0100000" id="2659" start="108" weeks="1111111111111"/>
    <class days="0100000" id="2660" start="108" weeks="1111111111111"/>
    <class days="0100000" id="2661" start="156" weeks="1111111111111"/>
    <class days="0100000" id="2662" start="156" weeks="1111111111111"/>
    <class days="0100000" id="2663" room="98" start="180" weeks="1111111111111"/>
    <class days="0100000" id="2664" room="98" start="132" weeks="1111111111111"/>
    <class days="0100000" id="2665" start="132" weeks="1111111111111"/>
    <class days="0100000" id="2666" start="132" weeks="1111111111111"/>
    <class days="0100000" id="2667" start="180" weeks="1111111111111"/>
    <class days="0100000" id="2668" start="180" weeks="1111111111111"/>
    <class days="0000100" id="2669" room="98" start="156" weeks="1111111111111"/>
    <class days="0000100" id="2670" room="98" start="108" weeks="1111111111111"/>
    <class days="0000100" id="2671" start="108" weeks="1111111111111"/>
    <class days="0000100" id="2672" start="108" weeks="1111111111111"/>
    <class days="0000100" id="2673" start="156" weeks="1111111111111"/>
    <class days="0000100" id="2674" start="156" weeks="1111111111111"/>
    <class days="0100000" id="2675" start="156" weeks="1111111111111"/>
    <class days="0100000" id="2676" start="108" weeks="1111111111111"/>
    <class days="0100000" id="2677" start="108" weeks="1111111111111"/>
    <class days="0100000" id="2678" start="156" weeks="1111111111111"/>
    <class days="0100000" id="2679" start="156" weeks="1111111111111"/>
    <class days="0100000" id="2680" start="108" weeks="1111111111111"/>
    <class days="0100000" id="2681" start="180" weeks="1111111111111"/>
    <class days="0100000" id="2682" start="132" weeks="1111111111111"/>
    <class days="0100000" id="2683" start="132" weeks="1111111111111"/>
    <class days="0100000" id="2684" start="180" weeks="1111111111111"/>
    <class days="0100000" id="2685" start="180" weeks="1111111111111"/>
    <class days="0100000" id="2686" start="132" weeks="1111111111111"/>
    <class days="0000100" id="2687" start="156" weeks="1111111111111"/>
    <class days="0000100" id="2688" start="108" weeks="1111111111111"/>
    <class days="0000100" id="2689" start="108" weeks="1111111111111"/>
    <class days="0000100" id="2690" start="156" weeks="1111111111111"/>
    <class days="0000100" id="2691" start="156" weeks="1111111111111"/>
    <class days="0000100" id="2692" start="108" weeks="1111111111111"/>
    <class days="0100000" id="2693" room="208" start="108" weeks="1111111111111"/>
    <class days="0100000" id="2694" start="108" weeks="1111111111111"/>
    <class days="0100000" id="2695" start="108" weeks="1111111111111"/>
    <class days="0100000" id="2696" start="108" weeks="1111111111111"/>
    <class days="0100000" id="2697" start="108" weeks="1111111111111"/>
    <class days="0100000" id="2698" room="6" start="132" weeks="1111111111111"/>
    <class days="0100000" id="2699" start="132" weeks="1111111111111"/>
    <class days="0100000" id="2700" start="132" weeks="1111111111111"/>
    <class days="0100000" id="2701" start="132" weeks="1111111111111"/>
    <class days="0100000" id="2702" start="132" weeks="1111111111111"/>
    <class days="0000100" id="2703" room="97" start="108" weeks="1111111111111"/>
    <class days="0000100" id="2704" start="108" weeks="1111111111111"/>
    <class days="0000100" id="2705" start="108" weeks="1111111111111"/>
    <class days="0000100" id="2706" start="108" weeks="1111111111111"/>
    <class days="0000100" id="2707" start="108" weeks="1111111111111"/>
    <class days="0100000" id="2708" start="108" weeks="1111111111111"/>
    <class days="0100000" id="2709" start="108" weeks="1111111111111"/>
    <class days="0100000" id="2710" start="108" weeks="1111111111111"/>
    <class days="0100000" id="2711" start="108" weeks="1111111111111"/>
    <class days="0100000" id="2712" start="108" weeks="1111111111111"/>
    <class days="0100000" id="2713" start="132" weeks="1111111111111"/>
    <class days="0100000" id="2714" start="132" weeks="1111111111111"/>
    <class days="0100000" id="2715" start="132" weeks="1111111111111"/>
    <class days="0100000" id="2716" start="132" weeks="1111111111111"/>
    <class days="0100000" id="2717" start="132" weeks="1111111111111"/>
    <class days="0000100" id="2718" start="108" weeks="1111111111111"/>
    <class days="0000100" id="2719" start="108" weeks="1111111111111"/>
    <class days="0000100" id="2720" start="108" weeks="1111111111111"/>
    <class days="0000100" id="2721" start="108" weeks="1111111111111"/>
    <class days="0000100" id="2722" start="108" weeks="1111111111111"/>
    <class days="0100000" id="2723" room="100" start="108" weeks="1111111111111"/>
    <class days="0100000" id="2724" start="108" weeks="1111111111111"/>
    <class days="0100000" id="2725" start="108" weeks="1111111111111"/>
    <class days="0100000" id="2726" room="208" start="132" weeks="1111111111111"/>
    <class days="0100000" id="2727" start="132" weeks="1111111111111"/>
    <class days="0100000" id="2728" start="132" weeks="1111111111111"/>
    <class days="0000100" id="2729" room="100" start="108" weeks="1111111111111"/>
    <class days="0000100" id="2730" start="108" weeks="1111111111111"/>
    <class days="0000100" id="2731" start="108" weeks="1111111111111"/>
    <class days="0100000" id="2732" start="108" weeks="1111111111111"/>
    <class days="0100000" id="2733" start="108" weeks="1111111111111"/>
    <class days="0100000" id="2734" start="108" weeks="1111111111111"/>
    <class days="0100000" id="2735" start="132" weeks="1111111111111"/>
    <class days="0100000" id="2736" start="132" weeks="1111111111111"/>
    <class days="0100000" id="2737" start="132" weeks="1111111111111"/>
    <class days="0000100" id="2738" start="108" weeks="1111111111111"/>
    <class days="0000100" id="2739" start="108" weeks="1111111111111"/>
    <class days="0000100" id="2740" start="108" weeks="1111111111111"/>
    <class days="0100000" id="2741" room="6" start="108" weeks="1111111111111"/>
    <class days="0100000" id="2742" start="132" weeks="1111111111111"/>
    <class days="0000100" id="2743" room="208" start="108" weeks="1111111111111"/>
    <class days="1000000" id="2744" room="189" start="120" weeks="1111111111111"/>
    <class days="1000000" id="2745" room="189" start="192" weeks="1111111111111"/>
    <class days="1000000" id="2746" room="188" start="120" weeks="1111111111111"/>
    <class days="0100000" id="2747" room="150" start="192" weeks="1111111111111"/>
    <class days="1000000" id="2748" room="131" start="180" weeks="1111111111111"/>
    <class days="0000100" id="2749" room="148" start="186" weeks="1111111111111"/>
    <class days="0100000" id="2750" room="111" start="192" weeks="1111111111111"/>
    <class days="0010000" id="2751" room="189" start="162" weeks="1111111111111"/>
    <class days="0000100" id="2752" room="134" start="186" weeks="1111111111111"/>
    <class days="0001000" id="2753" room="117" start="156" weeks="1111111111111"/>
    <class days="1000000" id="2754" room="149" start="186" weeks="1111111111111"/>
    <class days="0010000" id="2755" room="130" start="192" weeks="1111111111111"/>
    <class days="0010000" id="2756" room="98" start="156" weeks="1111111111111"/>
    <class days="0010000" id="2757" start="156" weeks="1111111111111"/>
    <class days="0010000" id="2758" room="98" start="180" weeks="1111111111111"/>
    <class days="0010000" id="2759" start="180" weeks="1111111111111"/>
    <class days="0010000" id="2760" room="188" start="108" weeks="1111111111111"/>
    <class days="0000100" id="2761" room="189" start="108" weeks="1111111111111"/>
    <class days="0010000" id="2762" room="208" start="132" weeks="1111111111111"/>
    <class days="1000000" id="2763" room="182" start="156" weeks="1111111111111"/>
    <class days="0001000" id="2764" room="182" start="108" weeks="1111111111111"/>
    <class days="1000000" id="2765" room="182" start="204" weeks="1111111111111"/>
    <class days="0010000" id="2766" room="124" start="204" weeks="1111111111111"/>
    <class days="0001000" id="2767" room="182" start="198" weeks="1111111111111"/>
    <class days="0010000" id="2768" room="182" start="168" weeks="1111111111111"/>
    <class days="1000000" id="2769" room="182" start="180" weeks="1111111111111"/>
    <class days="1000000" id="2770" room="182" start="108" weeks="1111111111111"/>
    <class days="1000000" id="2771" room="125" start="186" weeks="1111111111111"/>
    <class days="0001000" id="2772" room="125" start="132" weeks="1111111111111"/>
    <class days="0001000" id="2773" start="132" weeks="1111111111111"/>
    <class days="0001000" id="2774" room="93" start="156" weeks="1111111111111"/>
    <class days="0001000" id="2775" room="96" start="156" weeks="1111111111111"/>
    <class days="0100000" id="2776" room="119" start="198" weeks="1111111111111"/>
    <class days="0000100" id="2777" room="156" start="174" weeks="1111111111111"/>
    <class days="0000100" id="2778" room="156" start="198" weeks="1111111111111"/>
    <class days="0100000" id="2779" room="190" start="174" weeks="1111111111111"/>
    <class days="1000000" id="2780" room="160" start="144" weeks="1111111111111"/>
    <class days="0100000" id="2781" room="158" start="180" weeks="1111111111111"/>
    <class days="0010000" id="2782" room="157" start="240" weeks="1111111111111"/>
</solution>
