fes;time;f
1;79;2147486292
2;89;2147486291
14;179;2147486288
18;199;2147486287
29;260;2147486277
30;265;2147486276
35;291;2147486274
39;310;2147486273
42;326;2147486272
53;384;2147486271
54;389;2147486268
56;400;2147486267
59;416;2147486266
62;432;2147486265
65;448;2147486263
74;496;2147486262
75;501;2147486261
79;522;2147486259
82;538;2147486258
84;548;2147486256
94;603;2147486255
96;614;2147486253
100;636;2147486252
103;652;2147486251
104;657;2147486250
105;662;2147486248
109;683;2147486247
113;704;2147486246
118;729;2147486245
123;755;2147486243
124;760;2147486242
129;787;2147486239
132;803;2147486236
134;815;2147486234
137;832;2147486233
138;837;2147486229
141;854;2147486228
151;907;2147486227
157;938;2147486226
158;944;2147486223
159;949;2147486221
175;1041;2147486220
178;1057;2147486219
180;1068;2147486214
184;1087;2147486211
193;1133;2147486210
206;1199;2147486204
213;1235;2147486203
220;1271;2147486202
223;1288;2147486201
230;1325;2147486200
232;1336;2147486199
238;1368;2147486198
240;1378;2147486197
245;1408;2147486195
248;1424;2147486194
254;1456;2147486193
275;1570;2147486192
288;1639;2147486191
290;1650;2147486190
293;1666;2147486186
301;1708;2147486183
302;1714;2147486182
315;1785;2147486181
325;1838;2147486180
329;1858;2147486177
350;1970;2147486176
351;1976;2147486175
362;2037;2147486174
364;2048;2147486173
365;2054;2147486172
370;2082;2147486168
372;2093;2147486164
373;2099;2147486162
375;2110;2147486161
380;2135;2147486160
394;2206;2147486159
396;2216;2147486158
397;2221;2147486154
400;2237;2147486153
416;2321;2147486150
419;2337;2147486148
422;2353;2147486146
428;2385;2147486144
434;2417;2147486142
437;2432;2147486141
443;2464;2147486140
444;2469;2147486139
449;2496;2147486138
451;2506;2147486136
453;2517;2147486133
454;2522;2147486132
460;2553;2147486129
463;2569;2147486128
472;2623;2147486127
473;2628;2147486126
474;2633;2147486122
475;2639;2147486120
498;2760;2147486117
507;2810;2147486112
516;2857;2147486110
529;2925;2147486108
536;2962;2147486107
540;2982;2147486095
546;3017;2147486093
548;3028;2147486092
553;3056;2147486091
555;3066;2147486090
557;3076;2147486088
565;3117;2147486086
577;3180;2147486085
579;3190;2147486082
584;3219;2147486081
597;3287;2147486078
611;3361;2147486077
616;3387;2147486075
620;3408;2147486074
622;3419;2147486073
631;3468;2147486071
637;3500;2147486069
650;3568;2147486068
672;3684;2147486066
674;3696;2147486064
682;3737;2147486060
683;3743;2147486057
705;3858;2147486056
708;3874;2147486054
709;3880;2147486053
710;3885;2147486052
718;3930;2147486051
720;3940;2147486047
732;4006;2147486045
737;4034;2147486044
742;4061;2147486043
747;4087;2147486042
751;4107;2147486041
756;4134;2147486040
758;4144;2147486038
760;4155;2147486032
763;4171;2147486031
764;4177;2147486030
765;4183;2147486029
766;4189;2147486027
768;4202;2147486025
770;4213;2147486021
776;4243;2147486019
778;4253;2147486018
781;4269;2147486017
783;4279;2147486013
790;4314;2147486011
793;4330;2147486010
797;4350;2147486009
803;4380;2147486008
809;4412;2147486005
816;4449;2147486004
818;4460;2147486000
821;4475;2147485999
835;4548;2147485998
844;4596;2147485997
850;4627;2147485996
852;4638;2147485992
863;4696;2147485991
867;4718;2147485990
868;4724;2147485989
872;4746;2147485984
874;4756;2147485982
877;4772;2147485979
897;4877;2147485978
906;4924;2147485977
925;5029;2147485976
934;5077;2147485975
938;5100;2147485972
939;5105;2147485971
950;5163;2147485970
952;5174;2147485969
958;5205;2147485968
960;5215;2147485967
963;5232;2147485965
969;5266;2147485963
970;5271;2147485962
978;5315;2147485961
984;5347;2147485960
997;5415;2147485959
999;5426;2147485953
1001;5437;2147485951
1005;5457;2147485950
1006;5463;2147485948
1019;5532;2147485947
1025;5562;2147485944
1027;5572;2147485943
1036;5617;2147485941
1055;5713;2147485940
1058;5728;2147485938
1070;5789;2147485937
1073;5805;2147485936
1074;5810;2147485935
1076;5820;2147485934
1078;5831;2147485933
1079;5836;2147485930
1098;5937;2147485928
1112;6014;2147485925
1122;6068;2147485924
1126;6090;2147485922
1127;6095;2147485920
1140;6161;2147485919
1142;6171;2147485917
1145;6187;2147485915
1148;6202;2147485913
1152;6223;2147485911
1154;6233;2147485910
1165;6290;2147485908
1166;6296;2147485907
1189;6417;2147485905
1193;6438;2147485904
1197;6458;2147485903
1207;6509;2147485899
1211;6530;2147485898
1212;6535;2147485897
1213;6541;2147485896
1214;6546;2147485895
1219;6572;2147485894
1223;6596;2147485891
1225;6607;2147485890
1230;6635;2147485887
1235;6661;2147485886
1240;6687;2147485885
1244;6709;2147485884
1246;6718;2147485882
1254;6760;2147485881
1259;6786;2147485880
1261;6797;2147485879
1263;6807;2147485877
1267;6831;2147485875
1273;6867;2147485874
1278;6896;2147485873
1281;6913;2147485872
1288;6951;2147485870
1295;6989;2147485868
1302;7030;2147485866
1310;7075;2147485865
1311;7080;2147485864
1314;7096;2147485861
1315;7101;2147485860
1324;7147;2147485859
1326;7157;2147485858
1342;7237;2147485857
1347;7264;2147485856
1349;7275;2147485854
1364;7354;2147485853
1382;7450;2147485852
1386;7470;2147485851
1402;7554;2147485850
1407;7581;2147485849
1411;7603;2147485848
1414;7620;2147485846
1426;7683;2147485845
1427;7688;2147485844
1443;7771;2147485843
1445;7782;2147485842
1449;7803;2147485841
1467;7898;2147485840
1477;7952;2147485838
1478;7957;2147485837
1498;8066;2147485835
1503;8092;2147485832
1515;8155;2147485831
1526;8213;2147485830
1528;8223;2147485829
1530;8234;2147485828
1546;8322;2147485827
1550;8342;2147485826
1554;8363;2147485825
1566;8427;2147485824
1574;8470;2147485823
1584;8522;2147485822
1592;8562;2147485821
1596;8581;2147485820
1602;8612;2147485818
1603;8617;2147485817
1608;8642;2147485816
1610;8653;2147485815
1612;8664;2147485814
1616;8685;2147485813
1637;8795;2147485812
1644;8832;2147485811
1646;8843;2147485810
1648;8853;2147485809
1654;8885;2147485808
1668;8958;2147485801
1671;8974;2147485800
1672;8980;2147485799
1673;8986;2147485798
1675;8997;2147485797
1677;9010;2147485796
1692;9092;2147485795
1694;9102;2147485793
1705;9159;2147485790
1709;9181;2147485788
1713;9202;2147485787
1717;9223;2147485786
1718;9228;2147485784
1732;9304;2147485782
1744;9366;2147485778
1745;9371;2147485777
1755;9424;2147485776
1757;9434;2147485775
1770;9504;2147485774
1788;9600;2147485771
1794;9631;2147485770
1801;9668;2147485769
1803;9679;2147485766
1810;9716;2147485765
1824;9791;2147485764
1840;9875;2147485762
1846;9906;2147485761
1849;9922;2147485759
1858;9971;2147485758
1859;9976;2147485757
1868;10027;2147485756
1872;10049;2147485755
1884;10109;2147485754
1885;10114;2147485753
1892;10149;2147485752
1894;10159;2147485750
1897;10174;2147485749
1906;10220;2147485748
1927;10329;2147485747
1936;10377;2147485746
1940;10397;2147485745
1945;10423;2147485744
1947;10434;2147485740
1956;10480;2147485737
1962;10511;2147485735
1976;10587;2147485734
1978;10598;2147485733
1985;10634;2147485732
2005;10735;2147485730
2006;10740;2147485729
2020;10813;2147485728
2036;10896;2147485727
2037;10901;2147485725
2042;10927;2147485721
2054;10990;2147485720
2056;11000;2147485719
2061;11030;2147485717
2067;11062;2147485716
2070;11078;2147485714
2079;11124;2147485713
2082;11139;2147485712
2102;11239;2147485711
2127;11366;2147485710
2138;11427;2147485709
2148;11477;2147485708
2151;11492;2147485706
2206;11770;2147485705
2213;11805;2147485704
2225;11868;2147485703
2238;11934;2147485702
2250;11994;2147485700
2251;11999;2147485699
2252;12004;2147485698
2261;12053;2147485697
2266;12080;2147485696
2273;12116;2147485693
2277;12137;2147485690
2281;12159;2147485689
2283;12169;2147485687
2290;12206;2147485684
2305;12284;2147485682
2317;12348;2147485681
2318;12353;2147485680
2321;12370;2147485679
2330;12417;2147485678
2334;12437;2147485674
2342;12479;2147485673
2346;12500;2147485672
2354;12542;2147485671
2370;12626;2147485670
2375;12653;2147485669
2377;12664;2147485667
2379;12674;2147485666
2382;12692;2147485664
2390;12734;2147485663
2402;12797;2147485662
2409;12833;2147485659
2418;12881;2147485658
2419;12886;2147485657
2444;13020;2147485656
2445;13025;2147485654
2451;13058;2147485653
2455;13079;2147485652
2459;13100;2147485651
2478;13201;2147485649
2483;13229;2147485647
2485;13239;2147485646
2491;13273;2147485643
2498;13310;2147485642
2515;13395;2147485641
2526;13450;2147485640
2529;13466;2147485638
2535;13496;2147485637
2540;13521;2147485635
2542;13531;2147485632
2544;13541;2147485631
2545;13546;2147485628
2556;13600;2147485627
2563;13635;2147485626
2569;13666;2147485625
2581;13726;2147485622
2591;13780;2147485621
2621;13935;2147485620
2632;13993;2147485619
2636;14017;2147485618
2665;14170;2147485617
2671;14202;2147485616
2673;14212;2147485615
2695;14325;2147485613
2699;14345;2147485612
2702;14360;2147485611
2707;14385;2147485610
2716;14430;2147485609
2721;14455;2147485608
2724;14471;2147485607
2740;14554;2147485606
2749;14601;2147485605
2762;14668;2147485604
2772;14719;2147485603
2774;14731;2147485602
2782;14774;2147485601
2785;14792;2147485599
2788;14809;2147485598
2792;14830;2147485597
2799;14867;2147485596
2805;14898;2147485595
2807;14908;2147485594
2818;14966;2147485593
2828;15022;2147485592
2835;15059;2147485587
2837;15069;2147485585
2859;15185;2147485584
2862;15201;2147485581
2864;15211;2147485579
2865;15216;2147485578
2890;15350;2147485577
2909;15452;2147485575
2918;15500;2147485573
2921;15516;2147485572
2930;15564;2147485571
2937;15601;2147485570
2949;15664;2147485569
2959;15716;2147485568
2975;15799;2147485567
2978;15814;2147485565
2980;15824;2147485564
3011;15995;2147485563
3018;16036;2147485562
3025;16073;2147485561
3029;16094;2147485558
3040;16150;2147485556
3052;16212;2147485554
3058;16243;2147485553
3059;16249;2147485551
3068;16296;2147485549
3088;16402;2147485548
3097;16450;2147485547
3101;16471;2147485545
3107;16501;2147485543
3114;16536;2147485542
3123;16583;2147485541
3124;16588;2147485540
3125;16593;2147485537
3131;16625;2147485535
3135;16646;2147485534
3140;16674;2147485533
3162;16784;2147485532
3172;16837;2147485531
3174;16848;2147485530
3195;16962;2147485529
3198;16977;2147485528
3206;17020;2147485526
3211;17046;2147485525
3214;17062;2147485524
3216;17075;2147485523
3221;17106;2147485522
3224;17124;2147485521
3228;17148;2147485520
3237;17199;2147485518
3242;17226;2147485516
3248;17257;2147485515
3258;17310;2147485514
3261;17325;2147485513
3262;17330;2147485512
3267;17356;2147485511
3274;17393;2147485510
3310;17582;2147485509
3313;17599;2147485508
3324;17660;2147485507
3328;17680;2147485506
3329;17685;2147485505
3348;17781;2147485504
3360;17844;2147485503
3372;17907;2147485501
3377;17933;2147485500
3383;17967;2147485499
3389;17999;2147485497
3417;18148;2147485494
3457;18359;2147485492
3475;18449;2147485491
3493;18544;2147485490
3517;18669;2147485488
3519;18680;2147485487
3541;18789;2147485486
3561;18888;2147485485
3573;18948;2147485483
3584;19005;2147485481
3588;19028;2147485480
3607;19128;2147485479
3618;19185;2147485469
3620;19195;2147485468
3623;19211;2147485467
3642;19310;2147485466
3646;19330;2147485465
3650;19350;2147485460
3656;19380;2147485459
3671;19457;2147485458
3677;19489;2147485457
3694;19581;2147485456
3707;19648;2147485452
3745;19848;2147485451
3783;20049;2147485450
3785;20060;2147485449
3787;20073;2147485448
3788;20078;2147485445
3797;20126;2147485444
3798;20131;2147485443
3803;20158;2147485440
3819;20242;2147485439
3824;20268;2147485438
3825;20273;2147485437
3842;20361;2147485436
3846;20381;2147485435
3883;20566;2147485434
3888;20591;2147485432
3916;20737;2147485429
3926;20787;2147485428
3930;20807;2147485426
3944;20878;2147485425
3953;20923;2147485424
3969;21005;2147485423
3979;21058;2147485420
3988;21106;2147485419
3991;21121;2147485418
4002;21178;2147485417
4004;21189;2147485416
4017;21257;2147485415
4020;21273;2147485414
4044;21400;2147485413
4049;21425;2147485412
4057;21468;2147485410
4066;21513;2147485409
4069;21528;2147485408
4083;21598;2147485406
4097;21668;2147485405
4138;21882;2147485404
4149;21941;2147485403
4155;21971;2147485402
4157;21982;2147485399
4184;22128;2147485397
4192;22170;2147485395
4198;22200;2147485394
4201;22217;2147485393
4203;22228;2147485392
4205;22239;2147485391
4208;22256;2147485389
4226;22350;2147485388
4236;22403;2147485387
4242;22435;2147485386
4247;22461;2147485385
4273;22596;2147485384
4287;22669;2147485383
4288;22674;2147485381
4292;22695;2147485380
4302;22751;2147485379
4328;22887;2147485378
4329;22893;2147485376
4334;22919;2147485375
4339;22944;2147485374
4383;23173;2147485373
4394;23228;2147485372
4406;23289;2147485371
4410;23311;2147485370
4438;23458;2147485369
4449;23516;2147485368
4453;23539;2147485366
4456;23554;2147485365
4479;23669;2147485364
4484;23694;2147485363
4495;23753;2147485362
4506;23812;2147485360
4522;23893;2147485359
4536;23964;2147485358
4542;23994;2147485357
4550;24037;2147485356
4557;24076;2147485329
4566;24123;2147485328
4571;24149;2147485326
4574;24165;2147485325
4591;24255;2147485312
4613;24372;2147485311
4643;24521;2147485310
4645;24532;2147485309
4697;24801;2147485308
4699;24812;2147485307
4710;24871;2147485306
4729;24972;2147485305
4740;25033;2147485304
4745;25062;2147485303
4755;25114;2147485302
4776;25218;2147485301
4780;25238;2147485300
4814;25411;2147485299
4831;25499;2147485298
4832;25504;2147485297
4850;25598;2147485295
4853;25614;2147485293
4865;25677;2147485292
4868;25693;2147485291
4876;25734;2147485290
4889;25802;2147485289
4896;25838;2147485287
4910;25911;2147485286
4917;25948;2147485285
4919;25958;2147485283
4934;26041;2147485281
4949;26119;2147485280
4952;26134;2147485279
4961;26182;2147485278
4975;26255;2147485277
5013;26455;2147485275
5023;26509;2147485274
5026;26524;2147485273
5029;26540;2147485272
5038;26585;2147485271
5039;26590;2147485270
5043;26611;2147485269
5062;26707;2147485268
5063;26712;2147485267
5077;26787;2147485266
5079;26797;2147485264
5085;26829;2147485263
5094;26876;2147485262
5163;27243;2147485261
5192;27391;2147485260
5215;27517;2147485259
5222;27554;2147485257
5255;27727;2147485256
5268;27793;2147485255
5279;27850;2147485254
5289;27902;2147485253
5309;28008;2147485252
5313;28031;2147485251
5314;28036;2147485250
5326;28100;2147485248
5337;28157;2147485247
5367;28313;2147485245
5402;28481;2147485243
5403;28486;2147485242
5404;28491;2147485241
5407;28505;2147485240
5426;28593;2147485238
5456;28734;2147485237
5464;28773;2147485236
5467;28788;2147485235
5488;28886;2147485234
5507;28973;2147485233
5510;28988;2147485231
5520;29040;2147485230
5527;29075;2147485229
5533;29105;2147485227
5597;29413;2147485226
5603;29442;2147485224
5607;29462;2147485223
5608;29466;2147485221
5612;29486;2147485220
5628;29562;2147485219
5635;29595;2147485218
5658;29706;2147485217
5684;29832;2147485215
5703;29925;2147485213
5705;29934;2147485212
5709;29954;2147485211
5737;30093;2147485210
5765;30230;2147485208
5768;30245;2147485207
5772;30264;2147485206
5773;30269;2147485204
5785;30327;2147485203
5797;30387;2147485201
5841;30597;2147485200
5873;30755;2147485199
5882;30797;2147485198
5883;30802;2147485197
5890;30836;2147485196
5898;30874;2147485195
5952;31139;2147485194
5963;31192;2147485193
5973;31244;2147485192
5993;31340;2147485191
6010;31423;2147485190
6045;31586;2147485189
6067;31687;2147485188
6124;31960;2147485187
6129;31984;2147485184
6134;32010;2147485183
6150;32090;2147485182
6156;32118;2147485181
6212;32388;2147485180
6231;32480;2147485179
6256;32600;2147485178
6258;32610;2147485177
6276;32695;2147485175
6304;32830;2147485174
6310;32859;2147485173
6318;32897;2147485171
6342;33016;2147485170
6370;33151;2147485169
6378;33189;2147485168
6430;33437;2147485167
6437;33470;2147485166
6443;33497;2147485165
6461;33584;2147485164
6475;33648;2147485163
6490;33717;2147485162
6514;33827;2147485161
6531;33909;2147485160
6594;34211;2147485159
6596;34221;2147485158
6599;34236;2147485157
6612;34299;2147485155
6630;34383;2147485154
6633;34398;2147485153
6658;34518;2147485152
6706;34746;2147485151
6747;34940;2147485149
6752;34965;2147485147
6772;35065;2147485146
6802;35212;2147485145
6811;35256;2147485144
6851;35448;2147485143
6856;35472;2147485142
6870;35540;2147485141
6924;35796;2147485140
6959;35957;2147485138
6961;35967;2147485136
7001;36162;2147485135
7007;36190;2147485134
7017;36239;2147485133
7020;36254;2147485132
7030;36302;2147485131
7065;36469;2147485130
7091;36596;2147485129
7154;36896;2147485128
7167;36958;2147485127
7170;36973;2147485126
7178;37014;2147485125
7184;37045;2147485123
7195;37099;2147485122
7211;37172;2147485120
7214;37186;2147485119
7220;37214;2147485118
7227;37246;2147485117
7231;37265;2147485115
7260;37403;2147485114
7276;37484;2147485113
7295;37576;2147485112
7302;37612;2147485111
7341;37800;2147485110
7359;37886;2147485109
7372;37945;2147485108
7379;37977;2147485106
7399;38076;2147485105
7400;38080;2147485104
7477;38446;2147485103
7495;38529;2147485102
7498;38542;2147485101
7506;38579;2147485100
7517;38630;2147485099
7526;38672;2147485092
7592;38985;2147485091
7602;39034;2147485090
7628;39163;2147485089
7631;39179;2147485088
7633;39189;2147485086
7690;39460;2147485085
7712;39561;2147485084
7725;39622;2147485083
7740;39694;2147485081
7742;39704;2147485080
7773;39852;2147485079
7775;39862;2147485078
7779;39881;2147485077
7808;40026;2147485076
7851;40237;2147485075
7873;40345;2147485074
7917;40553;2147485073
7925;40590;2147485071
7929;40609;2147485070
7932;40622;2147485069
7935;40636;2147485068
7936;40641;2147485067
7938;40650;2147485066
8000;40943;2147485065
8015;41019;2147485063
8034;41112;2147485062
8037;41127;2147485061
8052;41198;2147485060
8066;41265;2147485059
8094;41401;2147485058
8117;41514;2147485055
8134;41594;2147485054
8162;41721;2147485053
8171;41763;2147485052
8206;41932;2147485049
8225;42026;2147485048
8316;42461;2147485047
8324;42500;2147485046
8345;42604;2147485045
8349;42623;2147485044
8356;42656;2147485043
8398;42857;2147485041
8414;42934;2147485040
8448;43101;2147485039
8488;43295;2147485038
8495;43328;2147485037
8529;43491;2147485036
8552;43600;2147485035
8565;43664;2147485034
8598;43816;2147485033
8608;43862;2147485032
8664;44132;2147485031
8673;44176;2147485030
8713;44364;2147485029
8715;44373;2147485028
8716;44378;2147485027
8728;44436;2147485026
8780;44686;2147485025
8818;44863;2147485024
8839;44964;2147485023
8860;45069;2147485022
9012;45792;2147485021
9018;45821;2147485020
9021;45836;2147485019
9030;45878;2147485018
9074;46097;2147485015
9130;46365;2147485014
9133;46379;2147485013
9154;46483;2147485011
9173;46573;2147485010
9175;46583;2147485008
9202;46714;2147485007
9300;47178;2147485006
9383;47567;2147485005
9392;47609;2147485004
9396;47628;2147485003
9404;47667;2147485002
9411;47700;2147485001
9477;48012;2147485000
9537;48305;2147484999
9542;48328;2147484998
9543;48333;2147484997
9547;48351;2147484996
9583;48516;2147484995
9586;48530;2147484993
9589;48544;2147484992
9610;48640;2147484991
9636;48764;2147484989
9643;48796;2147484988
9665;48898;2147484987
9672;48930;2147484986
9702;49074;2147484985
9711;49118;2147484983
9771;49408;2147484982
9842;49744;2147484981
9843;49748;2147484980
9853;49799;2147484979
9868;49874;2147484978
9884;49948;2147484977
9887;49962;2147484976
9915;50100;2147484975
9958;50309;2147484974
9973;50383;2147484973
19942;98322;2147484972
19950;98360;2147484971
19952;98369;2147484970
29983;146947;2147484969
29992;146992;2147484968
30006;147062;2147484967
30024;147149;2147484937
30030;147177;2147484936
30040;147225;2147484935
30086;147450;2147484934
30116;147600;2147484933
30129;147663;2147484932
30144;147735;2147484931
30145;147740;2147484930
30150;147764;2147484926
30171;147868;2147484925
30234;148180;2147484923
30248;148248;2147484922
30264;148327;2147484921
30361;148797;2147484920
30368;148830;2147484919
30419;149082;2147484917
30472;149338;2147484916
30480;149377;2147484915
30487;149413;2147484914
30495;149452;2147484913
30502;149486;2147484912
30530;149621;2147484911
30571;149819;2147484910
30634;150129;2147484909
30657;150242;2147484908
30677;150342;2147484907
30693;150418;2147484906
30746;150676;2147484905
30748;150686;2147484904
30763;150758;2147484903
30786;150869;2147484902
30787;150873;2147484885
30828;151077;2147484884
30843;151148;2147484883
31028;152057;2147484882
31081;152314;2147484881
31140;152604;2147484880
31143;152620;2147484879
31169;152748;2147484878
31174;152773;2147484877
31192;152859;2147484876
31219;152989;2147484875
31228;153035;2147484874
31275;153271;2147484873
31299;153389;2147484872
31350;153634;2147484871
31388;153822;2147484870
31424;153997;2147484869
31454;154146;2147484868
31480;154276;2147484865
31548;154606;2147484864
31555;154640;2147484863
31644;155079;2147484862
31671;155210;2147484861
31679;155253;2147484860
31693;155321;2147484859
31806;155871;2147484858
31809;155887;2147484857
31835;156018;2147484856
31839;156038;2147484855
31860;156142;2147484854
31931;156487;2147484853
31936;156511;2147484852
31945;156557;2147484851
32010;156874;2147484850
32087;157251;2147484849
32099;157310;2147484848
32137;157495;2147484847
32199;157794;2147484846
32280;158191;2147484845
32312;158346;2147484838
32366;158607;2147484837
32400;158767;2147484836
32463;159075;2147484835
32503;159268;2147484834
32532;159408;2147484832
32552;159506;2147484831
32554;159515;2147484830
32656;160004;2147484829
32675;160100;2147484828
32681;160128;2147484827
32692;160182;2147484826
32707;160254;2147484824
32715;160295;2147484823
32760;160509;2147484822
32785;160636;2147484821
32839;160902;2147484789
32913;161268;2147484788
32965;161520;2147484787
33017;161774;2147484786
33028;161827;2147484785
33033;161852;2147484784
33064;162000;2147484783
33163;162478;2147484782
33191;162610;2147484781
33262;162959;2147484780
33288;163089;2147484778
33293;163113;2147484775
33412;163692;2147484771
33421;163736;2147484770
33428;163770;2147484769
33446;163856;2147484768
33482;164031;2147484767
33517;164202;2147484766
33553;164379;2147484765
33659;164894;2147484764
33668;164937;2147484763
33789;165529;2147484762
33923;166178;2147484760
33943;166277;2147484759
33946;166292;2147484758
34030;166704;2147484757
34031;166709;2147484756
34034;166723;2147484755
34035;166727;2147484754
34046;166778;2147484753
34070;166888;2147484752
34119;167134;2147484751
34136;167216;2147484750
34139;167230;2147484749
34264;167836;2147484748
34301;168021;2147484747
34360;168305;2147484746
34369;168349;2147484745
34386;168429;2147484744
34387;168434;2147484742
34418;168585;2147484741
34473;168851;2147484740
34508;169027;2147484739
34530;169134;2147484738
34531;169139;2147484737
34542;169192;2147484736
34658;169757;2147484735
34746;170189;2147484734
34804;170467;2147484733
34853;170704;2147484732
34992;171379;2147484731
35010;171467;2147484729
35073;171772;2147484728
35116;171980;2147484727
35147;172135;2147484726
35179;172290;2147484725
35253;172646;2147484724
35299;172871;2147484723
35330;173029;2147484722
35383;173291;2147484721
35389;173320;2147484705
35539;174050;2147484657
35617;174430;2147484655
35622;174454;2147484654
35752;175092;2147484653
35770;175178;2147484652
35785;175250;2147484651
35844;175535;2147484650
35981;176203;2147484649
35988;176235;2147484648
36029;176438;2147484646
36113;176850;2147484645
36144;177000;2147484644
36294;177725;2147484643
36303;177768;2147484642
36334;177917;2147484641
36358;178035;2147484640
36374;178112;2147484638
36418;178326;2147484637
36440;178431;2147484636
36558;179000;2147484635
36562;179022;2147484634
36647;179432;2147484633
36713;179756;2147484587
36846;180409;2147484586
36857;180462;2147484585
36899;180663;2147484584
36914;180737;2147484582
36967;180995;2147484581
36970;181011;2147484579
36995;181134;2147484578
37071;181505;2147484577
37339;182806;2147484576
37366;182941;2147484575
37398;183100;2147484574
37415;183182;2147484573
37463;183416;2147484572
37489;183543;2147484571
37500;183598;2147484570
37510;183647;2147484569
37545;183815;2147484568
37632;184242;2147484567
37671;184435;2147484566
37720;184672;2147484565
37778;184951;2147484564
37801;185068;2147484563
37814;185130;2147484562
37874;185420;2147484561
37956;185820;2147484560
38018;186125;2147484559
38083;186442;2147484558
38195;186993;2147484557
38215;187092;2147484556
38292;187455;2147484555
38340;187682;2147484554
38441;188176;2147484553
38460;188266;2147484552
38494;188431;2147484551
38497;188446;2147484549
38561;188754;2147484548
38613;189009;2147484547
38628;189082;2147484546
38720;189524;2147484545
38723;189539;2147484544
38828;190046;2147484543
38844;190123;2147484542
38938;190578;2147484541
39112;191430;2147484540
39350;192582;2147484539
39408;192859;2147484538
39429;192965;2147484537
39452;193077;2147484536
39483;193227;2147484535
39535;193483;2147484534
39623;193902;2147484533
39665;194107;2147484532
39684;194201;2147484531
39880;195164;2147484529
99229;481552;2147484528
99242;481612;2147484527
99251;481655;2147484526
99267;481733;2147484525
99268;481738;2147484524
99350;482138;2147484523
99371;482238;2147484522
99408;482417;2147484521
99413;482442;2147484520
99418;482466;2147484519
99463;482675;2147484518
99491;482809;2147484517
99501;482858;2147484516
99536;483028;2147484515
99638;483512;2147484514
99706;483828;2147484513
99708;483838;2147484503
99916;484850;2147484502
100035;485426;2147484501
100041;485456;2147484500
100110;485794;2147484499
100183;486153;2147484498
100200;486235;2147484497
100220;486331;2147484496
100240;486425;2147484495
100271;486577;2147484494
100286;486649;2147484493
100370;487047;2147484492
100545;487892;2147484491
100626;488286;2147484490
100685;488561;2147484489
100698;488621;2147484488
100741;488831;2147484487
101072;490426;2147484486
101103;490568;2147484485
101279;491429;2147484484
101301;491536;2147484483
101381;491914;2147484482
101401;492013;2147484481
101546;492707;2147484480
101569;492816;2147484479
101588;492909;2147484478
101616;493049;2147484477
101714;493517;2147484476
101808;493980;2147484473
102057;495187;2147484472
102249;496115;2147484471
102269;496211;2147484470
102277;496250;2147484469
102351;496603;2147484468
102527;497456;2147484467
102751;498531;2147484466
102794;498745;2147484465
102810;498821;2147484464
102825;498894;2147484463
102890;499210;2147484462
102904;499277;2147484461
102965;499565;2147484460
103045;499949;2147484459
103085;500147;2147484458
103245;500909;2147484456
103290;501125;2147484455
103484;502072;2147484454
103530;502290;2147484453
103534;502309;2147484452
103837;503788;2147484449
103910;504145;2147484448
104066;504905;2147484447
104153;505330;2147484446
104368;506355;2147484445
104370;506365;2147484444
104385;506437;2147484443
104554;507268;2147484442
104562;507307;2147484441
104585;507419;2147484440
104593;507458;2147484427
104780;508385;2147484426
104847;508711;2147484425
104878;508865;2147484424
105242;510683;2147484423
105425;511575;2147484422
105470;511794;2147484421
105573;512301;2147484420
105638;512620;2147484419
105734;513087;2147484418
105741;513121;2147484417
105764;513233;2147484416
105848;513637;2147484415
105882;513804;2147484414
106385;516255;2147484413
106393;516293;2147484411
106456;516600;2147484410
106485;516743;2147484409
106540;517013;2147484408
106979;519151;2147484407
107017;519337;2147484406
107025;519379;2147484405
107068;519587;2147484404
107079;519641;2147484403
107109;519785;2147484402
107136;519918;2147484401
107283;520637;2147484400
107292;520682;2147484399
107293;520687;2147484398
107645;522388;2147484397
107768;522987;2147484396
107871;523481;2147484395
107902;523632;2147484394
107944;523835;2147484393
108024;524213;2147484392
108028;524232;2147484390
108080;524482;2147484389
108204;525083;2147484388
108278;525443;2147484387
108644;527227;2147484386
108750;527745;2147484385
108770;527845;2147484383
108794;527960;2147484382
108886;528409;2147484381
108968;528802;2147484380
108977;528847;2147484379
109243;530148;2147484378
109548;531634;2147484377
109629;532025;2147484376
109747;532605;2147484375
109889;533289;2147484374
110254;535054;2147484373
110304;535300;2147484372
110333;535440;2147484371
110541;536457;2147484370
110577;536634;2147484369
110593;536711;2147484368
110604;536763;2147484367
110675;537107;2147484366
110680;537133;2147484365
110709;537269;2147484364
111007;538712;2147484363
111318;540229;2147484362
111484;541042;2147484361
111525;541235;2147484360
111554;541375;2147484359
111647;541824;2147484358
111697;542067;2147484357
111856;542847;2147484356
112028;543676;2147484355
112087;543962;2147484354
112256;544790;2147484353
112364;545320;2147484352
112456;545768;2147484351
112724;547074;2147484350
113157;549174;2147484349
113253;549637;2147484348
113289;549810;2147484347
113420;550453;2147484346
113599;551318;2147484345
113629;551462;2147484344
113996;553243;2147484343
114033;553418;2147484342
114084;553661;2147484327
114373;555074;2147484326
114415;555279;2147484325
114569;556027;2147484324
114745;556881;2147484323
114825;557278;2147484322
114974;558003;2147484320
115092;558578;2147484319
115096;558597;2147484318
115162;558907;2147484317
115456;560351;2147484316
115500;560565;2147484315
115597;561039;2147484314
115677;561426;2147484313
115750;561784;2147484312
115902;562518;2147484311
115932;562664;2147484310
116337;564619;2147484309
116502;565427;2147484308
116636;566074;2147484307
116701;566379;2147484306
116896;567337;2147484305
117005;567868;2147484304
117019;567936;2147484303
117025;567964;2147484302
117217;568901;2147484301
117229;568959;2147484300
117642;570964;2147484299
117751;571486;2147484298
117871;572077;2147484297
118154;573466;2147484296
118158;573487;2147484295
118181;573599;2147484294
118341;574378;2147484293
118398;574654;2147484292
118533;575317;2147484291
118554;575417;2147484290
118784;576541;2147484289
118949;577350;2147484288
119066;577917;2147484287
119080;577984;2147484286
119092;578048;2147484285
119254;578834;2147484284
119257;578848;2147484283
119378;579445;2147484282
119693;580978;2147484280
119734;581179;2147484279
119798;581490;2147484278
282404;1329552;2147484277
282496;1329973;2147484276
282796;1331333;2147484275
282851;1331598;2147484274
283036;1332430;2147484273
283066;1332559;2147484272
283432;1334215;2147484271
283897;1336312;2147484270
284031;1336921;2147484269
284046;1336984;2147484266
284171;1337549;2147484265
284202;1337690;2147484264
284350;1338362;2147484263
284575;1339361;2147484262
285035;1341423;2147484261
285401;1343083;2147484260
285453;1343317;2147484259
285597;1343989;2147484258
285603;1344020;2147484257
285819;1344989;2147484256
285908;1345395;2147484255
286307;1347226;2147484254
287003;1350350;2147484253
287039;1350506;2147484252
287127;1350918;2147484251
287157;1351059;2147484250
287463;1352453;2147484249
287658;1353343;2147484248
287763;1353812;2147484247
288289;1356213;2147484246
288448;1356931;2147484245
288601;1357636;2147484244
288812;1358589;2147484243
288904;1359011;2147484242
288923;1359089;2147484241
288970;1359308;2147484240
288973;1359323;2147484239
289296;1360776;2147484238
289564;1361979;2147484237
289884;1363435;2147484236
289946;1363731;2147484235
290061;1364247;2147484234
290099;1364419;2147484233
290436;1365932;2147484232
290827;1367700;2147484231
291153;1369164;2147484230
291334;1369992;2147484229
291401;1370289;2147484228
291709;1371663;2147484227
291934;1372697;2147484226
292053;1373244;2147484225
292061;1373275;2147484224
292122;1373556;2147484223
292438;1374978;2147484222
292984;1377446;2147484221
293121;1378055;2147484220
293642;1380398;2147484219
294197;1382901;2147484218
294223;1383010;2147484217
294811;1385682;2147484216
294965;1386369;2147484215
295018;1386604;2147484214
295059;1386791;2147484213
295210;1387466;2147484212
295256;1387685;2147484211
295264;1387716;2147484210
295308;1387919;2147484209
295349;1388105;2147484208
295933;1390745;2147484207
296183;1391870;2147484206
296265;1392247;2147484205
296486;1393247;2147484204
296632;1393903;2147484203
296875;1395012;2147484202
297611;1398327;2147484201
297904;1399671;2147484200
298332;1401592;2147484199
298556;1402610;2147484198
299578;1407236;2147484197
300148;1409839;2147484196
300593;1411854;2147484195
301053;1413920;2147484194
301512;1416013;2147484193
301667;1416712;2147484191
301958;1418043;2147484190
302582;1420918;2147484189
302758;1421699;2147484188
303052;1423029;2147484187
303587;1425447;2147484186
303796;1426384;2147484185
304008;1427340;2147484184
304030;1427434;2147484183
304469;1429433;2147484182
304486;1429511;2147484181
304992;1431808;2147484180
305537;1434277;2147484179
305614;1434621;2147484178
305814;1435542;2147484177
306383;1438092;2147484176
306455;1438404;2147484175
306645;1439264;2147484174
307055;1441107;2147484173
307335;1442374;2147484172
307339;1442390;2147484171
309444;1451914;2147484170
310209;1455401;2147484169
310419;1456354;2147484168
311084;1459363;2147484166
311117;1459504;2147484165
311255;1460129;2147484164
311736;1462269;2147484163
312267;1464693;2147484162
312580;1466099;2147484161
313053;1468220;2147484160
313284;1469267;2147484159
313328;1469454;2147484158
314216;1473455;2147484157
314748;1475869;2147484156
314897;1476541;2147484155
315042;1477181;2147484154
316709;1484748;2147484153
316746;1484920;2147484152
317138;1486701;2147484151
317850;1489906;2147484150
317949;1490359;2147484149
319045;1495331;2147484148
319185;1495956;2147484147
319679;1498240;2147484146
319808;1498818;2147484145
714295;3273301;2147484144
714323;3273426;2147484143
714500;3274225;2147484142
714810;3275600;2147484141
715116;3276990;2147484140
715170;3277224;2147484139
715613;3279226;2147484138
715748;3279835;2147484137
715820;3280163;2147484136
716004;3280975;2147484135
716137;3281569;2147484134
716627;3283773;2147484133
717902;3289543;2147484132
718831;3293808;2147484131
719166;3295325;2147484130
719455;3296637;2147484129
719826;3298309;2147484128
721477;3305718;2147484127
721893;3307593;2147484126
721915;3307686;2147484125
722353;3309661;2147484124
722739;3311387;2147484123
723074;3312887;2147484122
723197;3313449;2147484121
723488;3314749;2147484120
723909;3316655;2147484118
724043;3317248;2147484117
724158;3317764;2147484116
724549;3319531;2147484115
724860;3320937;2147484114
725052;3321803;2147484113
725150;3322241;2147484112
725162;3322287;2147484111
725554;3324040;2147484110
726044;3326258;2147484109
728158;3335784;2147484108
728179;3335878;2147484107
728292;3336393;2147484106
728568;3337627;2147484105
728569;3337627;2147484104
728863;3338942;2147484103
729555;3342071;2147484102
729710;3342758;2147484101
730445;3346056;2147484100
730581;3346665;2147484099
730915;3348165;2147484098
731792;3352104;2147484097
731859;3352401;2147484096
732854;3356888;2147484095
732856;3356904;2147484094
732906;3357122;2147484093
733148;3358216;2147484092
733157;3358247;2147484091
733355;3359141;2147484090
733806;3361172;2147484089
735103;3367014;2147484088
735750;3369939;2147484087
735752;3369939;2147484086
737441;3377538;2147484085
738263;3381245;2147484084
738469;3382167;2147484083
738851;3383901;2147484082
738937;3384309;2147484081
740830;3392862;2147484080
741074;3393971;2147484073
742296;3399501;2147484072
743388;3404450;2147484071
744813;3410920;2147484070
744953;3411545;2147484069
745007;3411795;2147484068
745052;3411998;2147484067
746717;3419595;2147484066
747510;3423188;2147484065
749852;3433879;2147484064
749946;3434304;2147484063
751274;3440325;2147484062
751291;3440403;2147484061
752038;3443808;2147484060
752186;3444483;2147484059
752273;3444874;2147484056
752316;3445077;2147484055
753804;3451810;2147484054
754419;3454600;2147484053
754670;3455756;2147484052
755054;3457490;2147484051
757408;3468164;2147484050
757424;3468226;2147484049
758793;3474448;2147484048
759107;3475854;2147484047
760148;3480566;2147484046
760493;3482144;2147484045
760558;3482441;2147484044
760631;3482771;2147484043
761466;3486565;2147484042
762287;3490302;2147484041
763128;3494121;2147484040
763354;3495152;2147484039
763468;3495668;2147484038
764192;3498948;2147484037
764596;3500778;2147484036
765008;3502653;2147484034
765236;3503684;2147484033
766348;3508716;2147484032
766464;3509235;2147484031
766981;3511593;2147484030
767123;3512218;2147484029
767152;3512352;2147484028
768423;3518182;2147484027
768645;3519186;2147484026
769894;3524821;2147484025
770000;3525305;2147484024
770915;3529448;2147484023
771066;3530136;2147484022
771103;3530308;2147484021
772904;3538510;2147484020
772977;3538838;2147484019
773086;3539326;2147484018
775802;3551656;2147484017
776199;3553453;2147484016
778201;3562484;2147484015
781836;3578968;2147484014
783644;3587183;2147484013
783968;3588667;2147484012
785038;3593496;2147484011
785484;3595498;2147484009
785643;3596233;2147484008
787020;3602480;2147484007
787097;3602839;2147484004
787387;3604167;2147484003
787494;3604653;2147484002
787593;3605106;2147484001
788084;3607340;2147484000
788382;3608699;2147483999
790198;3616981;2147483998
790941;3620342;2147483997
791127;3621185;2147483996
791412;3622466;2147483995
792752;3628530;2147483994
793582;3632313;2147483993
796120;3643847;2147483992
796142;3643940;2147483991
796769;3646770;2147483990
797344;3649405;2147483989
797516;3650186;2147483988
1761919;7988640;2147483987
1763208;7994516;2147483986
1763639;7996468;2147483985
1764696;8001255;2147483984
1764763;8001552;2147483983
1766385;8008925;2147483982
1766756;8010612;2147483981
1767019;8011799;2147483980
1767187;8012565;2147483979
1767235;8012799;2147483978
1767715;8014995;2147483977
1769886;8024820;2147483976
1771342;8031462;2147483975
1771749;8033309;2147483974
1772719;8037730;2147483973
1774041;8043723;2147483972
1774960;8047906;2147483971
1774986;8048031;2147483970
1777881;8061149;2147483969
1780339;8072304;2147483968
1781635;8078159;2147483967
1784057;8089114;2147483966
1786195;8098836;2147483965
1788471;8109121;2147483964
1788873;8110917;2147483963
1790563;8118579;2147483962
1790713;8119251;2147483961
1791545;8123000;2147483960
1794179;8134865;2147483959
1795190;8139419;2147483958
1795864;8142450;2147483957
1797267;8148736;2147483956
1800031;8161277;2147483955
1802858;8174001;2147483954
1803217;8175621;2147483951
1803626;8177480;2147483950
1803997;8179139;2147483949
1805546;8186110;2147483948
1805670;8186656;2147483947
1805828;8187375;2147483946
1806503;8190464;2147483945
1808377;8198936;2147483944
1808776;8200733;2147483943
1808804;8200873;2147483942
1814697;8227434;2147483941
1814723;8227543;2147483940
1815712;8231983;2147483939
1817840;8241564;2147483938
1817960;8242095;2147483937
1818164;8243032;2147483936
1820710;8254507;2147483935
1821210;8256787;2147483934
1821217;8256819;2147483933
1822612;8263100;2147483932
1824629;8272178;2147483931
1824971;8273722;2147483930
1826342;8279911;2147483929
1828310;8288758;2147483928
1832875;8309408;2147483927
1832921;8309626;2147483926
1836102;8324092;2147483925
1838632;8335548;2147483924
1840937;8345971;2147483923
1841179;8347064;2147483922
1841950;8350551;2147483921
1842380;8352488;2147483920
1843318;8356709;2147483919
1844369;8361492;2147483918
1848404;8379637;2147483917
1849456;8384399;2147483916
1853024;8400614;2147483915
1853927;8404725;2147483914
1854717;8408321;2147483913
1854799;8408696;2147483912
1854844;8408899;2147483911
1856754;8417571;2147483910
1857183;8419524;2147483909
1859185;8428590;2147483908
1861901;8440937;2147483907
1865679;8458130;2147483906
1867464;8466258;2147483905
1868965;8473043;2147483904
1869712;8476420;2147483903
1871272;8483497;2147483902
1871356;8483874;2147483901
1871819;8485980;2147483900
1871989;8486745;2147483898
1873790;8494891;2147483897
1874043;8496047;2147483896
1877858;8513295;2147483895
1878254;8515110;2147483894
1878403;8515782;2147483893
1879068;8518781;2147483892
1881767;8530984;2147483891
1882272;8533280;2147483890
1882360;8533673;2147483889
1885507;8547850;2147483888
1886619;8552852;2147483887
1886797;8553651;2147483886
1889571;8566159;2147483885
1895464;8594084;2147483884
1897568;8603628;2147483883
1906141;8642626;2147483882
1908530;8653414;2147483881
1911664;8667489;2147483880
1913915;8677617;2147483879
1916611;8689808;2147483878
#
# name: Hill Climbing RS
# algorithm_class: solver.HillClimbingWithRS
# instance: iku-spr18
# seed: -7263818972015651937
# bestF: 2147483878
# DTF: 230
# cost: 194964
# startTime: 1768323375590
# totalTime: 14400004
# totalFEs: 3185235
# maxFEs: 9223372036854775807
# maxMilliSeconds: 14400000
# maxSeconds: 14400
#
<?xml version="1.0" encoding="UTF-8" standalone="no"?>
<solution author="ScholORs" cores="1" country="China and Malaysia" institution="Bejing/Hefei/Malaysia" name="iku-spr18" runtime="14400" technique="hillclimbingwithrs">
    <class days="0001000" id="1" room="174" start="204" weeks="1111111111111"/>
    <class days="0010000" id="2" room="174" start="204" weeks="1111111111111"/>
    <class days="0000100" id="3" room="127" start="156" weeks="1111111111111"/>
    <class days="0000100" id="4" room="127" start="132" weeks="1111111111111"/>
    <class days="0100000" id="5" room="188" start="204" weeks="1111111111111"/>
    <class days="0000100" id="6" room="189" start="198" weeks="1111111111111"/>
    <class days="0000100" id="7" room="189" start="174" weeks="1111111111111"/>
    <class days="0001000" id="8" room="127" start="138" weeks="1111111111111"/>
    <class days="0001000" id="9" room="127" start="156" weeks="1111111111111"/>
    <class days="0100000" id="10" room="127" start="120" weeks="1111111111111"/>
    <class days="0100000" id="11" room="127" start="132" weeks="1111111111111"/>
    <class days="0100000" id="12" room="175" start="108" weeks="1111111111111"/>
    <class days="0100000" id="13" room="175" start="120" weeks="1111111111111"/>
    <class days="0010000" id="14" room="127" start="108" weeks="1111111111111"/>
    <class days="0000100" id="15" room="127" start="108" weeks="1111111111111"/>
    <class days="1000000" id="16" room="175" start="168" weeks="1111111111111"/>
    <class days="1000000" id="17" room="175" start="180" weeks="1111111111111"/>
    <class days="0100000" id="18" room="135" start="156" weeks="1111111111111"/>
    <class days="0000100" id="19" room="135" start="192" weeks="1111111111111"/>
    <class days="0010000" id="20" room="174" start="168" weeks="1111111111111"/>
    <class days="0010000" id="21" room="174" start="180" weeks="1111111111111"/>
    <class days="0010000" id="22" room="127" start="120" weeks="1111111111111"/>
    <class days="0010000" id="23" room="127" start="132" weeks="1111111111111"/>
    <class days="0001000" id="24" room="188" start="192" weeks="1111111111111"/>
    <class days="0001000" id="25" room="205" start="132" weeks="1111111111111"/>
    <class days="1000000" id="26" room="189" start="120" weeks="1111111111111"/>
    <class days="1000000" id="27" room="97" start="108" weeks="1111111111111"/>
    <class days="0001000" id="28" room="6" start="156" weeks="1111111111111"/>
    <class days="1000000" id="29" room="6" start="156" weeks="1111111111111"/>
    <class days="0001000" id="30" room="2" start="108" weeks="1111111111111"/>
    <class days="1000000" id="31" room="98" start="156" weeks="1111111111111"/>
    <class days="1000000" id="32" start="156" weeks="1111111111111"/>
    <class days="1000000" id="33" start="156" weeks="1111111111111"/>
    <class days="0001000" id="34" room="97" start="168" weeks="1111111111111"/>
    <class days="1000000" id="35" room="96" start="156" weeks="1111111111111"/>
    <class days="1000000" id="36" start="156" weeks="1111111111111"/>
    <class days="1000000" id="37" start="156" weeks="1111111111111"/>
    <class days="0001000" id="38" room="132" start="126" weeks="1111111111111"/>
    <class days="0010000" id="39" start="144" weeks="1111111111111"/>
    <class days="0001000" id="40" room="164" start="120" weeks="1111111111111"/>
    <class days="0010000" id="41" room="4" start="186" weeks="1111111111111"/>
    <class days="1000000" id="42" room="111" start="174" weeks="1111111111111"/>
    <class days="0000100" id="43" room="158" start="108" weeks="1111111111111"/>
    <class days="0001000" id="44" room="167" start="156" weeks="1111111111111"/>
    <class days="1000000" id="45" room="156" start="108" weeks="1111111111111"/>
    <class days="0001000" id="46" room="111" start="192" weeks="1111111111111"/>
    <class days="0000100" id="47" room="157" start="108" weeks="1111111111111"/>
    <class days="0010000" id="48" room="95" start="114" weeks="1111111111111"/>
    <class days="1000000" id="49" room="131" start="114" weeks="1111111111111"/>
    <class days="0000100" id="50" room="182" start="192" weeks="1111111111111"/>
    <class days="0100000" id="51" room="142" start="108" weeks="1111111111111"/>
    <class days="0001000" id="52" room="100" start="192" weeks="1111111111111"/>
    <class days="0000100" id="53" room="97" start="162" weeks="1111111111111"/>
    <class days="0000100" id="54" start="120" weeks="1111111111111"/>
    <class days="0010000" id="55" room="98" start="126" weeks="1111111111111"/>
    <class days="0001000" id="56" room="98" start="120" weeks="1111111111111"/>
    <class days="0100000" id="57" room="161" start="108" weeks="1111111111111"/>
    <class days="0000100" id="58" room="105" start="192" weeks="1111111111111"/>
    <class days="0010000" id="59" room="161" start="204" weeks="1111111111111"/>
    <class days="0100000" id="60" room="164" start="144" weeks="1111111111111"/>
    <class days="0001000" id="61" room="100" start="114" weeks="1111111111111"/>
    <class days="0100000" id="62" room="89" start="132" weeks="1111111111111"/>
    <class days="0100000" id="63" room="93" start="108" weeks="1111111111111"/>
    <class days="0100000" id="64" room="96" start="144" weeks="1111111111111"/>
    <class days="0100000" id="65" room="141" start="180" weeks="1111111111111"/>
    <class days="0100000" id="66" room="141" start="192" weeks="1111111111111"/>
    <class days="0001000" id="67" room="102" start="108" weeks="1111111111111"/>
    <class days="0001000" id="68" room="151" start="162" weeks="1111111111111"/>
    <class days="0000100" id="69" room="122" start="114" weeks="1111111111111"/>
    <class days="0001000" id="70" room="93" start="108" weeks="1111111111111"/>
    <class days="0000100" id="71" room="168" start="132" weeks="1111111111111"/>
    <class days="0001000" id="72" room="5" start="180" weeks="1111111111111"/>
    <class days="1000000" id="73" room="100" start="156" weeks="1111111111111"/>
    <class days="0010000" id="74" room="138" start="114" weeks="1111111111111"/>
    <class days="0000100" id="75" room="206" start="120" weeks="1111111111111"/>
    <class days="0000100" id="76" room="198" start="156" weeks="1111111111111"/>
    <class days="0000100" id="77" room="198" start="180" weeks="1111111111111"/>
    <class days="0001000" id="78" room="206" start="156" weeks="1111111111111"/>
    <class days="0100000" id="79" room="206" start="108" weeks="1111111111111"/>
    <class days="1000000" id="80" room="202" start="156" weeks="1111111111111"/>
    <class days="0010000" id="81" room="169" start="120" weeks="1111111111111"/>
    <class days="0001000" id="82" room="169" start="192" weeks="1111111111111"/>
    <class days="0100000" id="83" room="206" start="132" weeks="1111111111111"/>
    <class days="1000000" id="84" room="206" start="120" weeks="1111111111111"/>
    <class days="0010000" id="85" room="206" start="156" weeks="1111111111111"/>
    <class days="1000000" id="86" room="197" start="156" weeks="1111111111111"/>
    <class days="1000000" id="87" room="197" start="180" weeks="1111111111111"/>
    <class days="0001000" id="88" room="195" start="156" weeks="1111111111111"/>
    <class days="1000000" id="89" room="195" start="108" weeks="1111111111111"/>
    <class days="0001000" id="90" room="195" start="180" weeks="1111111111111"/>
    <class days="1000000" id="91" room="195" start="132" weeks="1111111111111"/>
    <class days="0001000" id="92" room="197" start="108" weeks="1111111111111"/>
    <class days="0001000" id="93" room="197" start="156" weeks="1111111111111"/>
    <class days="1000000" id="94" room="194" start="108" weeks="1111111111111"/>
    <class days="0001000" id="95" room="195" start="108" weeks="1111111111111"/>
    <class days="1000000" id="96" room="195" start="156" weeks="1111111111111"/>
    <class days="1000000" id="97" room="197" start="108" weeks="1111111111111"/>
    <class days="0001000" id="98" room="197" start="132" weeks="1111111111111"/>
    <class days="0001000" id="99" room="197" start="180" weeks="1111111111111"/>
    <class days="1000000" id="100" room="194" start="132" weeks="1111111111111"/>
    <class days="0001000" id="101" room="195" start="132" weeks="1111111111111"/>
    <class days="1000000" id="102" room="195" start="180" weeks="1111111111111"/>
    <class days="1000000" id="103" room="197" start="132" weeks="1111111111111"/>
    <class days="0010000" id="104" room="197" start="108" weeks="1111111111111"/>
    <class days="0010000" id="105" room="197" start="156" weeks="1111111111111"/>
    <class days="0010000" id="106" room="197" start="132" weeks="1111111111111"/>
    <class days="0010000" id="107" room="197" start="180" weeks="1111111111111"/>
    <class days="0010000" id="108" room="195" start="156" weeks="1111111111111"/>
    <class days="0010000" id="109" room="195" start="108" weeks="1111111111111"/>
    <class days="0010000" id="110" room="195" start="180" weeks="1111111111111"/>
    <class days="0010000" id="111" room="195" start="132" weeks="1111111111111"/>
    <class days="0100000" id="112" room="195" start="108" weeks="1111111111111"/>
    <class days="0100000" id="113" room="195" start="156" weeks="1111111111111"/>
    <class days="0100000" id="114" room="195" start="132" weeks="1111111111111"/>
    <class days="0100000" id="115" room="195" start="180" weeks="1111111111111"/>
    <class days="0001000" id="116" room="60" start="108" weeks="1111111111111"/>
    <class days="0001000" id="117" room="57" start="132" weeks="1111111111111"/>
    <class days="0000100" id="118" room="195" start="108" weeks="1111111111111"/>
    <class days="0000100" id="119" room="195" start="156" weeks="1111111111111"/>
    <class days="0000100" id="120" room="195" start="132" weeks="1111111111111"/>
    <class days="0000100" id="121" room="195" start="180" weeks="1111111111111"/>
    <class days="0100000" id="122" room="197" start="108" weeks="1111111111111"/>
    <class days="0100000" id="123" room="197" start="156" weeks="1111111111111"/>
    <class days="0100000" id="124" room="197" start="132" weeks="1111111111111"/>
    <class days="0100000" id="125" room="197" start="180" weeks="1111111111111"/>
    <class days="1000000" id="126" room="102" start="204" weeks="1111111111111"/>
    <class days="0100000" id="127" room="154" start="180" weeks="1111111111111"/>
    <class days="0100000" id="128" room="157" start="234" weeks="1111111111111"/>
    <class days="0000100" id="129" room="160" start="120" weeks="1111111111111"/>
    <class days="1000000" id="130" room="136" start="156" weeks="1111111111111"/>
    <class days="1000000" id="131" room="94" start="198" weeks="1111111111111"/>
    <class days="1000000" id="132" room="138" start="114" weeks="1111111111111"/>
    <class days="0000100" id="133" room="134" start="168" weeks="1111111111111"/>
    <class days="0100000" id="134" room="137" start="186" weeks="1111111111111"/>
    <class days="0000100" id="135" room="159" start="192" weeks="1111111111111"/>
    <class days="0001000" id="136" room="129" start="186" weeks="1111111111111"/>
    <class days="0000100" id="137" room="145" start="120" weeks="1111111111111"/>
    <class days="0010000" id="138" room="143" start="144" weeks="1111111111111"/>
    <class days="0001000" id="139" room="119" start="114" weeks="1111111111111"/>
    <class days="1000000" id="140" room="95" start="204" weeks="1111111111111"/>
    <class days="0000100" id="141" room="92" start="108" weeks="1111111111111"/>
    <class days="0000100" id="142" room="150" start="204" weeks="1111111111111"/>
    <class days="1000000" id="143" room="164" start="174" weeks="1111111111111"/>
    <class days="0010000" id="144" room="91" start="108" weeks="1111111111111"/>
    <class days="0001000" id="145" room="141" start="114" weeks="1111111111111"/>
    <class days="0100000" id="146" room="153" start="138" weeks="1111111111111"/>
    <class days="0000100" id="147" room="185" start="114" weeks="1111111111111"/>
    <class days="1000000" id="148" room="140" start="114" weeks="1111111111111"/>
    <class days="0010000" id="149" room="159" start="204" weeks="1111111111111"/>
    <class days="0100000" id="150" room="151" start="108" weeks="1111111111111"/>
    <class days="0100000" id="151" room="53" start="156" weeks="1111111111111"/>
    <class days="0010000" id="152" room="129" start="162" weeks="1111111111111"/>
    <class days="0000100" id="153" room="159" start="114" weeks="1111111111111"/>
    <class days="0001000" id="154" room="130" start="198" weeks="1111111111111"/>
    <class days="0100000" id="155" room="138" start="186" weeks="1111111111111"/>
    <class days="1000000" id="156" room="146" start="108" weeks="1111111111111"/>
    <class days="1000000" id="157" room="146" start="132" weeks="1111111111111"/>
    <class days="0001000" id="158" room="155" start="108" weeks="1111111111111"/>
    <class days="0001000" id="159" room="159" start="132" weeks="1111111111111"/>
    <class days="0010000" id="160" room="160" start="120" weeks="1111111111111"/>
    <class days="0100000" id="161" room="199" start="162" weeks="1111111111111"/>
    <class days="0000100" id="162" room="125" start="132" weeks="1111111111111"/>
    <class days="0000100" id="163" room="105" start="192" weeks="1111111111111"/>
    <class days="0000100" id="164" room="125" start="108" weeks="1111111111111"/>
    <class days="1000000" id="165" room="103" start="156" weeks="1111111111111"/>
    <class days="0000100" id="166" room="148" start="132" weeks="1111111111111"/>
    <class days="0100000" id="167" room="125" start="156" weeks="1111111111111"/>
    <class days="0010000" id="168" room="125" start="120" weeks="1111111111111"/>
    <class days="0001000" id="169" room="150" start="108" weeks="1111111111111"/>
    <class days="0001000" id="170" room="143" start="132" weeks="1111111111111"/>
    <class days="0001000" id="171" room="126" start="108" weeks="1111111111111"/>
    <class days="0001000" id="172" room="156" start="108" weeks="1111111111111"/>
    <class days="0001000" id="173" room="146" start="168" weeks="1111111111111"/>
    <class days="0001000" id="174" room="144" start="168" weeks="1111111111111"/>
    <class days="0100000" id="175" room="104" start="108" weeks="1111111111111"/>
    <class days="0100000" id="176" room="185" start="132" weeks="1111111111111"/>
    <class days="0100000" id="177" room="185" start="204" weeks="1111111111111"/>
    <class days="0010000" id="178" room="185" start="204" weeks="1111111111111"/>
    <class days="1000000" id="179" room="89" start="156" weeks="1111111111111"/>
    <class days="0001000" id="180" room="89" start="156" weeks="1111111111111"/>
    <class days="1000000" id="181" room="103" start="180" weeks="1111111111111"/>
    <class days="0010000" id="182" room="185" start="126" weeks="1111111111111"/>
    <class days="0010000" id="183" room="90" start="132" weeks="1111111111111"/>
    <class days="0001000" id="184" room="105" start="156" weeks="1111111111111"/>
    <class days="0001000" id="185" room="89" start="180" weeks="1111111111111"/>
    <class days="1000000" id="186" room="104" start="186" weeks="1111111111111"/>
    <class days="0010000" id="187" room="124" start="108" weeks="1111111111111"/>
    <class days="0010000" id="188" room="124" start="156" weeks="1111111111111"/>
    <class days="0001000" id="189" room="121" start="162" weeks="1111111111111"/>
    <class days="0010000" id="190" room="103" start="114" weeks="1111111111111"/>
    <class days="0100000" id="191" room="120" start="156" weeks="1111111111111"/>
    <class days="0100000" id="192" room="121" start="180" weeks="1111111111111"/>
    <class days="0010000" id="193" room="104" start="108" weeks="1111111111111"/>
    <class days="0010000" id="194" room="104" start="132" weeks="1111111111111"/>
    <class days="0010000" id="195" room="123" start="168" weeks="1111111111111"/>
    <class days="0010000" id="196" room="123" start="192" weeks="1111111111111"/>
    <class days="0000100" id="197" room="106" start="114" weeks="1111111111111"/>
    <class days="0001000" id="198" room="114" start="108" weeks="1111111111111"/>
    <class days="0001000" id="199" room="57" start="156" weeks="1111111111111"/>
    <class days="0001000" id="200" room="56" start="156" weeks="1111111111111"/>
    <class days="0001000" id="201" room="39" start="108" weeks="1111111111111"/>
    <class days="0001000" id="202" room="39" start="186" weeks="1111111111111"/>
    <class days="0000100" id="203" room="61" start="108" weeks="1111111111111"/>
    <class days="0000100" id="204" room="59" start="162" weeks="1111111111111"/>
    <class days="0000100" id="205" room="114" start="114" weeks="1111111111111"/>
    <class days="0000100" id="206" room="116" start="156" weeks="1111111111111"/>
    <class days="0010000" id="207" room="38" start="144" weeks="1111111111111"/>
    <class days="0010000" id="208" room="46" start="150" weeks="1111111111111"/>
    <class days="1000000" id="209" room="57" start="108" weeks="1111111111111"/>
    <class days="0010000" id="210" room="45" start="114" weeks="1111111111111"/>
    <class days="1000000" id="211" room="57" start="132" weeks="1111111111111"/>
    <class days="1000000" id="212" room="45" start="162" weeks="1111111111111"/>
    <class days="0100000" id="213" room="61" start="180" weeks="1111111111111"/>
    <class days="0100000" id="214" room="39" start="192" weeks="1111111111111"/>
    <class days="0000100" id="215" room="116" start="192" weeks="1111111111111"/>
    <class days="1000000" id="216" room="72" start="108" weeks="1111111111111"/>
    <class days="1000000" id="217" room="72" start="132" weeks="1111111111111"/>
    <class days="0000100" id="218" room="53" start="120" weeks="1111111111111"/>
    <class days="1000000" id="219" room="44" start="120" weeks="1111111111111"/>
    <class days="0010000" id="220" room="116" start="108" weeks="1111111111111"/>
    <class days="1000000" id="221" room="116" start="186" weeks="1111111111111"/>
    <class days="0000100" id="222" room="46" start="180" weeks="1111111111111"/>
    <class days="0000100" id="223" room="44" start="132" weeks="1111111111111"/>
    <class days="0001000" id="224" room="46" start="126" weeks="1111111111111"/>
    <class days="0001000" id="225" room="46" start="150" weeks="1111111111111"/>
    <class days="1000000" id="226" room="39" start="126" weeks="1111111111111"/>
    <class days="0000100" id="227" room="49" start="126" weeks="1111111111111"/>
    <class days="1000000" id="228" room="39" start="114" weeks="1111111111111"/>
    <class days="0000100" id="229" room="49" start="150" weeks="1111111111111"/>
    <class days="0010000" id="230" room="61" start="108" weeks="1111111111111"/>
    <class days="0010000" id="231" room="61" start="132" weeks="1111111111111"/>
    <class days="0100000" id="232" room="53" start="168" weeks="1111111111111"/>
    <class days="0100000" id="233" room="37" start="180" weeks="1111111111111"/>
    <class days="0100000" id="234" room="160" start="108" weeks="1111111111111"/>
    <class days="0100000" id="235" room="177" start="180" weeks="1111111111111"/>
    <class days="0100000" id="236" room="177" start="204" weeks="1111111111111"/>
    <class days="1000000" id="237" room="154" start="162" weeks="1111111111111"/>
    <class days="0100000" id="238" room="177" start="156" weeks="1111111111111"/>
    <class days="0010000" id="239" room="199" start="204" weeks="1111111111111"/>
    <class days="1000000" id="240" room="177" start="126" weeks="1111111111111"/>
    <class days="0001000" id="241" room="177" start="180" weeks="1111111111111"/>
    <class days="0001000" id="242" room="101" start="156" weeks="1111111111111"/>
    <class days="0001000" id="243" room="178" start="180" weeks="1111111111111"/>
    <class days="0001000" id="244" room="178" start="204" weeks="1111111111111"/>
    <class days="0100000" id="245" room="134" start="108" weeks="1111111111111"/>
    <class days="0100000" id="246" room="176" start="132" weeks="1111111111111"/>
    <class days="0100000" id="247" room="176" start="156" weeks="1111111111111"/>
    <class days="1000000" id="248" room="165" start="156" weeks="1111111111111"/>
    <class days="0001000" id="249" room="177" start="132" weeks="1111111111111"/>
    <class days="0000010" id="250" room="94" start="108" weeks="1111111111111"/>
    <class days="0000010" id="251" room="176" start="132" weeks="1111111111111"/>
    <class days="0000010" id="252" room="176" start="12" weeks="1111111111111"/>
    <class days="1000000" id="253" room="90" start="108" weeks="1111111111111"/>
    <class days="1000000" id="254" room="176" start="156" weeks="1111111111111"/>
    <class days="1000000" id="255" room="176" start="186" weeks="1111111111111"/>
    <class days="0100000" id="256" room="4" start="204" weeks="1111111111111"/>
    <class days="0000100" id="257" room="176" start="132" weeks="1111111111111"/>
    <class days="1000000" id="258" room="177" start="156" weeks="1111111111111"/>
    <class days="0000100" id="259" room="137" start="168" weeks="1111111111111"/>
    <class days="0000100" id="260" room="176" start="192" weeks="1111111111111"/>
    <class days="0010000" id="261" room="129" start="246" weeks="1111111111111"/>
    <class days="1000000" id="262" room="136" start="252" weeks="1111111111111"/>
    <class days="0100000" id="263" room="106" start="246" weeks="1111111111111"/>
    <class days="0000100" id="264" room="140" start="228" weeks="1111111111111"/>
    <class days="0001000" id="265" room="171" start="240" weeks="1111111111111"/>
    <class days="1000000" id="266" room="161" start="132" weeks="1111111111111"/>
    <class days="1000000" id="267" room="192" start="180" weeks="1111111111111"/>
    <class days="0001000" id="268" room="176" start="108" weeks="1111111111111"/>
    <class days="0001000" id="269" room="176" start="132" weeks="1111111111111"/>
    <class days="0001000" id="270" room="176" start="168" weeks="1111111111111"/>
    <class days="0001000" id="271" room="176" start="192" weeks="1111111111111"/>
    <class days="0100000" id="272" room="176" start="108" weeks="1111111111111"/>
    <class days="1000000" id="273" room="89" start="156" weeks="1111111111111"/>
    <class days="0010000" id="274" room="169" start="168" weeks="1111111111111"/>
    <class days="0010000" id="275" room="169" start="192" weeks="1111111111111"/>
    <class days="0001000" id="276" room="169" start="108" weeks="1111111111111"/>
    <class days="0001000" id="277" room="169" start="132" weeks="1111111111111"/>
    <class days="0001000" id="278" room="169" start="168" weeks="1111111111111"/>
    <class days="0001000" id="279" room="203" start="174" weeks="1111111111111"/>
    <class days="0001000" id="280" room="1" start="168" weeks="1111111111111"/>
    <class days="0010000" id="281" room="151" start="180" weeks="1111111111111"/>
    <class days="0000100" id="282" room="126" start="180" weeks="1111111111111"/>
    <class days="0000100" id="283" room="104" start="204" weeks="1111111111111"/>
    <class days="0010000" id="284" room="178" start="108" weeks="1111111111111"/>
    <class days="0010000" id="285" room="178" start="132" weeks="1111111111111"/>
    <class days="0010000" id="286" room="178" start="168" weeks="1111111111111"/>
    <class days="0010000" id="287" room="178" start="192" weeks="1111111111111"/>
    <class days="0001000" id="288" room="204" start="132" weeks="1111111111111"/>
    <class days="0001000" id="289" room="204" start="108" weeks="1111111111111"/>
    <class days="0000100" id="290" room="177" start="108" weeks="1111111111111"/>
    <class days="0000100" id="291" room="177" start="132" weeks="1111111111111"/>
    <class days="0000100" id="292" room="177" start="168" weeks="1111111111111"/>
    <class days="0000100" id="293" room="177" start="192" weeks="1111111111111"/>
    <class days="0010000" id="294" room="153" start="204" weeks="1111111111111"/>
    <class days="0010000" id="295" room="153" start="180" weeks="1111111111111"/>
    <class days="0100000" id="296" room="178" start="108" weeks="1111111111111"/>
    <class days="0100000" id="297" room="178" start="132" weeks="1111111111111"/>
    <class days="0100000" id="298" room="178" start="168" weeks="1111111111111"/>
    <class days="0100000" id="299" room="178" start="192" weeks="1111111111111"/>
    <class days="1000000" id="300" room="129" start="162" weeks="1111111111111"/>
    <class days="1000000" id="301" room="129" start="186" weeks="1111111111111"/>
    <class days="0000100" id="302" room="178" start="108" weeks="1111111111111"/>
    <class days="0000100" id="303" room="178" start="132" weeks="1111111111111"/>
    <class days="0000100" id="304" room="178" start="168" weeks="1111111111111"/>
    <class days="0000100" id="305" room="178" start="192" weeks="1111111111111"/>
    <class days="0010000" id="306" room="159" start="108" weeks="1111111111111"/>
    <class days="0010000" id="307" room="159" start="132" weeks="1111111111111"/>
    <class days="0010000" id="308" room="176" start="156" weeks="1111111111111"/>
    <class days="0010000" id="309" room="176" start="180" weeks="1111111111111"/>
    <class days="0010000" id="310" room="176" start="204" weeks="1111111111111"/>
    <class days="0001000" id="311" room="177" start="108" weeks="1111111111111"/>
    <class days="0000100" id="312" room="150" start="108" weeks="1111111111111"/>
    <class days="0000100" id="313" room="3" start="162" weeks="1111111111111"/>
    <class days="0001000" id="314" room="178" start="108" weeks="1111111111111"/>
    <class days="0001000" id="315" room="178" start="132" weeks="1111111111111"/>
    <class days="0001000" id="316" room="178" start="156" weeks="1111111111111"/>
    <class days="1000000" id="317" room="172" start="180" weeks="1111111111111"/>
    <class days="0100000" id="318" room="165" start="156" weeks="1111111111111"/>
    <class days="0100000" id="319" room="168" start="180" weeks="1111111111111"/>
    <class days="0010000" id="320" room="177" start="132" weeks="1111111111111"/>
    <class days="0010000" id="321" room="177" start="156" weeks="1111111111111"/>
    <class days="0010000" id="322" room="177" start="180" weeks="1111111111111"/>
    <class days="0000100" id="323" room="155" start="156" weeks="1111111111111"/>
    <class days="0010000" id="324" room="132" start="108" weeks="1111111111111"/>
    <class days="1000000" id="325" room="155" start="150" weeks="1111111111111"/>
    <class days="0100000" id="326" room="136" start="174" weeks="1111111111111"/>
    <class days="0100000" id="327" room="171" start="204" weeks="1111111111111"/>
    <class days="0000100" id="328" room="171" start="114" weeks="1111111111111"/>
    <class days="0001000" id="329" room="136" start="156" weeks="1111111111111"/>
    <class days="1000000" id="330" start="180" weeks="1111111111111"/>
    <class days="1000000" id="331" start="180" weeks="1111111111111"/>
    <class days="0001000" id="332" start="192" weeks="1111111111111"/>
    <class days="0010000" id="333" start="132" weeks="1111111111111"/>
    <class days="0010000" id="334" start="156" weeks="1111111111111"/>
    <class days="0100000" id="335" start="162" weeks="1111111111111"/>
    <class days="0100000" id="336" start="168" weeks="1111111111111"/>
    <class days="0000100" id="337" start="120" weeks="1111111111111"/>
    <class days="0001000" id="338" room="199" start="108" weeks="1111111111111"/>
    <class days="0100000" id="339" room="142" start="168" weeks="1111111111111"/>
    <class days="0010000" id="340" start="108" weeks="1111111111111"/>
    <class days="0010000" id="341" start="168" weeks="1111111111111"/>
    <class days="1000000" id="342" room="134" start="108" weeks="1111111111111"/>
    <class days="1000000" id="343" room="144" start="168" weeks="1111111111111"/>
    <class days="0000100" id="344" room="145" start="156" weeks="1111111111111"/>
    <class days="0100000" id="345" room="90" start="168" weeks="1111111111111"/>
    <class days="0010000" id="346" room="171" start="120" weeks="1111111111111"/>
    <class days="0100000" id="347" room="171" start="120" weeks="1111111111111"/>
    <class days="0001000" id="348" room="171" start="108" weeks="1111111111111"/>
    <class days="0010000" id="349" start="222" weeks="1111111111111"/>
    <class days="0001000" id="350" start="162" weeks="1111111111111"/>
    <class days="0001000" id="351" room="95" start="108" weeks="1111111111111"/>
    <class days="0010000" id="352" room="160" start="204" weeks="1111111111111"/>
    <class days="0100000" id="353" room="168" start="204" weeks="1111111111111"/>
    <class days="0001000" id="354" room="170" start="180" weeks="1111111111111"/>
    <class days="0010000" id="355" room="170" start="114" weeks="1111111111111"/>
    <class days="1000000" id="356" room="170" start="162" weeks="1111111111111"/>
    <class days="0010000" id="357" room="144" start="156" weeks="1111111111111"/>
    <class days="1000000" id="358" room="204" start="132" weeks="1111111111111"/>
    <class days="0100000" id="359" room="163" start="108" weeks="1111111111111"/>
    <class days="1000000" id="360" room="125" start="204" weeks="1111111111111"/>
    <class days="0010000" id="361" start="174" weeks="1111111111111"/>
    <class days="0000100" id="362" start="156" weeks="1111111111111"/>
    <class days="1000000" id="363" start="174" weeks="1111111111111"/>
    <class days="0010000" id="364" start="186" weeks="1111111111111"/>
    <class days="0100000" id="365" start="204" weeks="1111111111111"/>
    <class days="0100000" id="366" start="156" weeks="1111111111111"/>
    <class days="0001000" id="367" room="134" start="174" weeks="1111111111111"/>
    <class days="0001000" id="368" room="171" start="198" weeks="1111111111111"/>
    <class days="0001000" id="369" room="163" start="108" weeks="1111111111111"/>
    <class days="0000100" id="370" room="171" start="204" weeks="1111111111111"/>
    <class days="0001000" id="371" room="172" start="138" weeks="1111111111111"/>
    <class days="1000000" id="372" room="3" start="132" weeks="1111111111111"/>
    <class days="0010000" id="373" room="147" start="132" weeks="1111111111111"/>
    <class days="0000100" id="374" room="172" start="150" weeks="1111111111111"/>
    <class days="0010000" id="375" room="170" start="174" weeks="1111111111111"/>
    <class days="0000100" id="376" room="170" start="174" weeks="1111111111111"/>
    <class days="1000000" id="377" room="170" start="108" weeks="1111111111111"/>
    <class days="0000100" id="378" room="172" start="114" weeks="1111111111111"/>
    <class days="0000100" id="379" room="149" start="120" weeks="1111111111111"/>
    <class days="0000100" id="380" room="137" start="126" weeks="1111111111111"/>
    <class days="0000100" id="381" room="142" start="108" weeks="1111111111111"/>
    <class days="0010000" id="382" room="136" start="114" weeks="1111111111111"/>
    <class days="0010000" id="383" room="156" start="162" weeks="1111111111111"/>
    <class days="0010000" id="384" room="142" start="174" weeks="1111111111111"/>
    <class days="0000100" id="385" room="168" start="204" weeks="1111111111111"/>
    <class days="1000000" id="386" room="4" start="132" weeks="1111111111111"/>
    <class days="0001000" id="387" room="123" start="180" weeks="1111111111111"/>
    <class days="0010000" id="388" room="192" start="120" weeks="1111111111111"/>
    <class days="1000000" id="389" room="203" start="156" weeks="1111111111111"/>
    <class days="0100000" id="390" room="202" start="204" weeks="1111111111111"/>
    <class days="1000000" id="391" room="91" start="180" weeks="1111111111111"/>
    <class days="1000000" id="392" room="90" start="204" weeks="1111111111111"/>
    <class days="0000100" id="393" room="200" start="108" weeks="1111111111111"/>
    <class days="0001000" id="394" room="200" start="144" weeks="1111111111111"/>
    <class days="0000100" id="395" room="102" start="150" weeks="1111111111111"/>
    <class days="1000000" id="396" room="91" start="108" weeks="1111111111111"/>
    <class days="0100000" id="397" room="101" start="156" weeks="1111111111111"/>
    <class days="0100000" id="398" room="139" start="132" weeks="1111111111111"/>
    <class days="1000000" id="399" room="165" start="114" weeks="1111111111111"/>
    <class days="0000100" id="400" room="90" start="156" weeks="1111111111111"/>
    <class days="0100000" id="401" room="167" start="180" weeks="1111111111111"/>
    <class days="0001000" id="402" room="146" start="132" weeks="1111111111111"/>
    <class days="1000000" id="403" room="99" start="150" weeks="1111111111111"/>
    <class days="0001000" id="404" room="163" start="180" weeks="1111111111111"/>
    <class days="0001000" id="405" room="139" start="168" weeks="1111111111111"/>
    <class days="0001000" id="406" room="44" start="132" weeks="1111111111111"/>
    <class days="1000000" id="407" room="39" start="186" weeks="1111111111111"/>
    <class days="0100000" id="408" room="46" start="114" weeks="1111111111111"/>
    <class days="0000100" id="409" room="118" start="144" weeks="1111111111111"/>
    <class days="0010000" id="410" room="42" start="120" weeks="1111111111111"/>
    <class days="0100000" id="411" room="113" start="168" weeks="1111111111111"/>
    <class days="0100000" id="412" room="58" start="180" weeks="1111111111111"/>
    <class days="0000100" id="413" room="42" start="180" weeks="1111111111111"/>
    <class days="0010000" id="414" room="202" start="246" weeks="1111111111111"/>
    <class days="0000100" id="415" room="89" start="252" weeks="1111111111111"/>
    <class days="0000100" id="416" room="163" start="252" weeks="1111111111111"/>
    <class days="1000000" id="417" room="141" start="252" weeks="1111111111111"/>
    <class days="0001000" id="418" room="123" start="240" weeks="1111111111111"/>
    <class days="1000000" id="419" room="155" start="222" weeks="1111111111111"/>
    <class days="0100000" id="420" room="102" start="180" weeks="1111111111111"/>
    <class days="0010000" id="421" room="128" start="156" weeks="1111111111111"/>
    <class days="0010000" id="422" room="143" start="108" weeks="1111111111111"/>
    <class days="0100000" id="423" start="132" weeks="1111111111111"/>
    <class days="0010000" id="424" room="156" start="132" weeks="1111111111111"/>
    <class days="0000100" id="425" room="163" start="156" weeks="1111111111111"/>
    <class days="0001000" id="426" room="125" start="156" weeks="1111111111111"/>
    <class days="0010000" id="427" room="105" start="156" weeks="1111111111111"/>
    <class days="0001000" id="428" room="125" start="132" weeks="1111111111111"/>
    <class days="0000100" id="429" room="89" start="120" weeks="1111111111111"/>
    <class days="0000100" id="430" room="89" start="144" weeks="1111111111111"/>
    <class days="0000100" id="431" room="120" start="180" weeks="1111111111111"/>
    <class days="0100000" id="432" room="119" start="108" weeks="1111111111111"/>
    <class days="0100000" id="433" room="121" start="156" weeks="1111111111111"/>
    <class days="0100000" id="434" room="104" start="132" weeks="1111111111111"/>
    <class days="0100000" id="435" room="120" start="180" weeks="1111111111111"/>
    <class days="1000000" id="436" room="106" start="132" weeks="1111111111111"/>
    <class days="0010000" id="437" room="119" start="180" weeks="1111111111111"/>
    <class days="0000100" id="438" room="122" start="144" weeks="1111111111111"/>
    <class days="1000000" id="439" room="121" start="108" weeks="1111111111111"/>
    <class days="1000000" id="440" room="121" start="156" weeks="1111111111111"/>
    <class days="1000000" id="441" room="207" start="120" weeks="1111111111111"/>
    <class days="1000000" id="442" room="198" start="156" weeks="1111111111111"/>
    <class days="1000000" id="443" room="198" start="180" weeks="1111111111111"/>
    <class days="0100000" id="444" room="207" start="132" weeks="1111111111111"/>
    <class days="0001000" id="445" room="207" start="180" weeks="1111111111111"/>
    <class days="0010000" id="446" room="207" start="120" weeks="1111111111111"/>
    <class days="0000100" id="447" room="207" start="120" weeks="1111111111111"/>
    <class days="0001000" id="448" room="207" start="156" weeks="1111111111111"/>
    <class days="0001000" id="449" room="207" start="132" weeks="1111111111111"/>
    <class days="0010000" id="450" room="207" start="168" weeks="1111111111111"/>
    <class days="0100000" id="451" room="207" start="168" weeks="1111111111111"/>
    <class days="0010000" id="452" room="186" start="114" weeks="1111111111111"/>
    <class days="0010000" id="453" room="186" start="192" weeks="1111111111111"/>
    <class days="1000000" id="454" room="186" start="108" weeks="1111111111111"/>
    <class days="0001000" id="455" room="186" start="108" weeks="1111111111111"/>
    <class days="0010000" id="456" room="186" start="156" weeks="1111111111111"/>
    <class days="0100000" id="457" room="186" start="108" weeks="1111111111111"/>
    <class days="0001000" id="458" room="186" start="150" weeks="1111111111111"/>
    <class days="1000000" id="459" room="186" start="144" weeks="1111111111111"/>
    <class days="0001000" id="460" room="186" start="204" weeks="1111111111111"/>
    <class days="1000000" id="461" room="186" start="168" weeks="1111111111111"/>
    <class days="0000100" id="462" room="186" start="180" weeks="1111111111111"/>
    <class days="0000100" id="463" room="119" start="156" weeks="1111111111111"/>
    <class days="0000100" id="464" room="150" start="180" weeks="1111111111111"/>
    <class days="0000100" id="465" room="119" start="108" weeks="1111111111111"/>
    <class days="0100000" id="466" room="121" start="108" weeks="1111111111111"/>
    <class days="0100000" id="467" room="150" start="132" weeks="1111111111111"/>
    <class days="0100000" id="468" room="106" start="156" weeks="1111111111111"/>
    <class days="1000000" id="469" room="89" start="108" weeks="1111111111111"/>
    <class days="0010000" id="470" room="124" start="132" weeks="1111111111111"/>
    <class days="0000100" id="471" room="4" start="132" weeks="1111111111111"/>
    <class days="0000100" id="472" room="200" start="204" weeks="1111111111111"/>
    <class days="0100000" id="473" room="202" start="108" weeks="1111111111111"/>
    <class days="0001000" id="474" room="204" start="192" weeks="1111111111111"/>
    <class days="0010000" id="475" room="200" start="156" weeks="1111111111111"/>
    <class days="1000000" id="476" room="22" start="108" weeks="1111111111111"/>
    <class days="1000000" id="477" room="25" start="108" weeks="1111111111111"/>
    <class days="1000000" id="478" room="28" start="108" weeks="1111111111111"/>
    <class days="1000000" id="479" room="23" start="108" weeks="1111111111111"/>
    <class days="1000000" id="480" room="34" start="108" weeks="1111111111111"/>
    <class days="0100000" id="481" room="22" start="108" weeks="1111111111111"/>
    <class days="0100000" id="482" room="25" start="108" weeks="1111111111111"/>
    <class days="0100000" id="483" room="28" start="108" weeks="1111111111111"/>
    <class days="0100000" id="484" room="23" start="108" weeks="1111111111111"/>
    <class days="0100000" id="485" room="34" start="108" weeks="1111111111111"/>
    <class days="0010000" id="486" room="22" start="108" weeks="1111111111111"/>
    <class days="0010000" id="487" room="25" start="108" weeks="1111111111111"/>
    <class days="0010000" id="488" room="28" start="108" weeks="1111111111111"/>
    <class days="0010000" id="489" room="23" start="108" weeks="1111111111111"/>
    <class days="0010000" id="490" room="34" start="108" weeks="1111111111111"/>
    <class days="0001000" id="491" room="22" start="108" weeks="1111111111111"/>
    <class days="0001000" id="492" room="25" start="132" weeks="1111111111111"/>
    <class days="0001000" id="493" room="28" start="108" weeks="1111111111111"/>
    <class days="0001000" id="494" room="23" start="132" weeks="1111111111111"/>
    <class days="0001000" id="495" room="34" start="108" weeks="1111111111111"/>
    <class days="0100000" id="496" room="22" start="144" weeks="1111111111111"/>
    <class days="0000100" id="497" room="25" start="108" weeks="1111111111111"/>
    <class days="0000100" id="498" room="28" start="108" weeks="1111111111111"/>
    <class days="0000100" id="499" room="23" start="108" weeks="1111111111111"/>
    <class days="0000100" id="500" room="34" start="108" weeks="1111111111111"/>
    <class days="0010000" id="501" room="22" start="144" weeks="1111111111111"/>
    <class days="1000000" id="502" room="25" start="144" weeks="1111111111111"/>
    <class days="1000000" id="503" room="28" start="144" weeks="1111111111111"/>
    <class days="1000000" id="504" room="23" start="144" weeks="1111111111111"/>
    <class days="1000000" id="505" room="34" start="144" weeks="1111111111111"/>
    <class days="0001000" id="506" room="22" start="144" weeks="1111111111111"/>
    <class days="0100000" id="507" room="25" start="144" weeks="1111111111111"/>
    <class days="0100000" id="508" room="28" start="144" weeks="1111111111111"/>
    <class days="0100000" id="509" room="23" start="144" weeks="1111111111111"/>
    <class days="0100000" id="510" room="34" start="144" weeks="1111111111111"/>
    <class days="0000100" id="511" room="22" start="108" weeks="1111111111111"/>
    <class days="0001000" id="512" room="25" start="108" weeks="1111111111111"/>
    <class days="0010000" id="513" room="28" start="144" weeks="1111111111111"/>
    <class days="0010000" id="514" room="23" start="144" weeks="1111111111111"/>
    <class days="0010000" id="515" room="34" start="144" weeks="1111111111111"/>
    <class days="0000100" id="516" room="22" start="132" weeks="1111111111111"/>
    <class days="0010000" id="517" room="25" start="144" weeks="1111111111111"/>
    <class days="0001000" id="518" room="28" start="144" weeks="1111111111111"/>
    <class days="0001000" id="519" room="23" start="108" weeks="1111111111111"/>
    <class days="0001000" id="520" room="34" start="144" weeks="1111111111111"/>
    <class days="0001000" id="521" room="32" start="204" weeks="1111111111111"/>
    <class days="0000100" id="522" room="25" start="132" weeks="1111111111111"/>
    <class days="0000100" id="523" room="28" start="132" weeks="1111111111111"/>
    <class days="0000100" id="524" room="23" start="132" weeks="1111111111111"/>
    <class days="0000100" id="525" room="34" start="132" weeks="1111111111111"/>
    <class days="1000000" id="526" room="30" start="108" weeks="1111111111111"/>
    <class days="1000000" id="527" room="24" start="108" weeks="1111111111111"/>
    <class days="1000000" id="528" room="36" start="108" weeks="1111111111111"/>
    <class days="1000000" id="529" room="31" start="108" weeks="1111111111111"/>
    <class days="1000000" id="530" room="27" start="108" weeks="1111111111111"/>
    <class days="1000000" id="531" room="29" start="108" weeks="1111111111111"/>
    <class days="1000000" id="532" room="32" start="108" weeks="1111111111111"/>
    <class days="1000000" id="533" room="7" start="108" weeks="1111111111111"/>
    <class days="1000000" id="534" room="12" start="108" weeks="1111111111111"/>
    <class days="1000000" id="535" room="26" start="108" weeks="1111111111111"/>
    <class days="1000000" id="536" room="33" start="108" weeks="1111111111111"/>
    <class days="1000000" id="537" room="8" start="108" weeks="1111111111111"/>
    <class days="1000000" id="538" room="9" start="108" weeks="1111111111111"/>
    <class days="1000000" id="539" room="15" start="108" weeks="1111111111111"/>
    <class days="1000000" id="540" room="20" start="108" weeks="1111111111111"/>
    <class days="1000000" id="541" room="35" start="108" weeks="1111111111111"/>
    <class days="1000000" id="542" room="30" start="132" weeks="1111111111111"/>
    <class days="1000000" id="543" room="24" start="132" weeks="1111111111111"/>
    <class days="1000000" id="544" room="36" start="132" weeks="1111111111111"/>
    <class days="1000000" id="545" room="31" start="132" weeks="1111111111111"/>
    <class days="1000000" id="546" room="27" start="132" weeks="1111111111111"/>
    <class days="1000000" id="547" room="29" start="132" weeks="1111111111111"/>
    <class days="1000000" id="548" room="32" start="132" weeks="1111111111111"/>
    <class days="1000000" id="549" room="7" start="132" weeks="1111111111111"/>
    <class days="1000000" id="550" room="12" start="132" weeks="1111111111111"/>
    <class days="1000000" id="551" room="26" start="132" weeks="1111111111111"/>
    <class days="1000000" id="552" room="33" start="132" weeks="1111111111111"/>
    <class days="1000000" id="553" room="8" start="132" weeks="1111111111111"/>
    <class days="1000000" id="554" room="9" start="132" weeks="1111111111111"/>
    <class days="1000000" id="555" room="15" start="132" weeks="1111111111111"/>
    <class days="1000000" id="556" room="20" start="132" weeks="1111111111111"/>
    <class days="1000000" id="557" room="35" start="132" weeks="1111111111111"/>
    <class days="1000000" id="558" room="30" start="162" weeks="1111111111111"/>
    <class days="1000000" id="559" room="24" start="162" weeks="1111111111111"/>
    <class days="1000000" id="560" room="36" start="162" weeks="1111111111111"/>
    <class days="1000000" id="561" room="31" start="162" weeks="1111111111111"/>
    <class days="1000000" id="562" room="27" start="162" weeks="1111111111111"/>
    <class days="1000000" id="563" room="29" start="162" weeks="1111111111111"/>
    <class days="1000000" id="564" room="32" start="162" weeks="1111111111111"/>
    <class days="1000000" id="565" room="7" start="162" weeks="1111111111111"/>
    <class days="1000000" id="566" room="12" start="162" weeks="1111111111111"/>
    <class days="1000000" id="567" room="26" start="162" weeks="1111111111111"/>
    <class days="1000000" id="568" room="33" start="162" weeks="1111111111111"/>
    <class days="1000000" id="569" room="8" start="162" weeks="1111111111111"/>
    <class days="1000000" id="570" room="9" start="162" weeks="1111111111111"/>
    <class days="1000000" id="571" room="15" start="162" weeks="1111111111111"/>
    <class days="1000000" id="572" room="20" start="162" weeks="1111111111111"/>
    <class days="1000000" id="573" room="35" start="162" weeks="1111111111111"/>
    <class days="0100000" id="574" room="30" start="108" weeks="1111111111111"/>
    <class days="0100000" id="575" room="24" start="108" weeks="1111111111111"/>
    <class days="0100000" id="576" room="36" start="108" weeks="1111111111111"/>
    <class days="0100000" id="577" room="31" start="108" weeks="1111111111111"/>
    <class days="0100000" id="578" room="27" start="108" weeks="1111111111111"/>
    <class days="0100000" id="579" room="29" start="108" weeks="1111111111111"/>
    <class days="0100000" id="580" room="32" start="108" weeks="1111111111111"/>
    <class days="0100000" id="581" room="7" start="108" weeks="1111111111111"/>
    <class days="0100000" id="582" room="12" start="108" weeks="1111111111111"/>
    <class days="0100000" id="583" room="26" start="108" weeks="1111111111111"/>
    <class days="0100000" id="584" room="33" start="108" weeks="1111111111111"/>
    <class days="0100000" id="585" room="8" start="108" weeks="1111111111111"/>
    <class days="0100000" id="586" room="9" start="108" weeks="1111111111111"/>
    <class days="0100000" id="587" room="15" start="108" weeks="1111111111111"/>
    <class days="0100000" id="588" room="20" start="108" weeks="1111111111111"/>
    <class days="0100000" id="589" room="35" start="108" weeks="1111111111111"/>
    <class days="0100000" id="590" room="30" start="132" weeks="1111111111111"/>
    <class days="0100000" id="591" room="24" start="132" weeks="1111111111111"/>
    <class days="0100000" id="592" room="36" start="132" weeks="1111111111111"/>
    <class days="0100000" id="593" room="31" start="132" weeks="1111111111111"/>
    <class days="0100000" id="594" room="27" start="132" weeks="1111111111111"/>
    <class days="0100000" id="595" room="29" start="132" weeks="1111111111111"/>
    <class days="0100000" id="596" room="32" start="132" weeks="1111111111111"/>
    <class days="0100000" id="597" room="7" start="132" weeks="1111111111111"/>
    <class days="0100000" id="598" room="12" start="132" weeks="1111111111111"/>
    <class days="0100000" id="599" room="26" start="132" weeks="1111111111111"/>
    <class days="0100000" id="600" room="33" start="132" weeks="1111111111111"/>
    <class days="0100000" id="601" room="8" start="132" weeks="1111111111111"/>
    <class days="0100000" id="602" room="9" start="132" weeks="1111111111111"/>
    <class days="0100000" id="603" room="15" start="132" weeks="1111111111111"/>
    <class days="0100000" id="604" room="20" start="132" weeks="1111111111111"/>
    <class days="0100000" id="605" room="35" start="132" weeks="1111111111111"/>
    <class days="0100000" id="606" room="30" start="162" weeks="1111111111111"/>
    <class days="0100000" id="607" room="24" start="162" weeks="1111111111111"/>
    <class days="0100000" id="608" room="36" start="162" weeks="1111111111111"/>
    <class days="0100000" id="609" room="31" start="162" weeks="1111111111111"/>
    <class days="0100000" id="610" room="27" start="162" weeks="1111111111111"/>
    <class days="0100000" id="611" room="29" start="162" weeks="1111111111111"/>
    <class days="0100000" id="612" room="32" start="162" weeks="1111111111111"/>
    <class days="0100000" id="613" room="7" start="162" weeks="1111111111111"/>
    <class days="0100000" id="614" room="12" start="162" weeks="1111111111111"/>
    <class days="0100000" id="615" room="26" start="162" weeks="1111111111111"/>
    <class days="0100000" id="616" room="33" start="162" weeks="1111111111111"/>
    <class days="0100000" id="617" room="8" start="162" weeks="1111111111111"/>
    <class days="0100000" id="618" room="9" start="162" weeks="1111111111111"/>
    <class days="0100000" id="619" room="15" start="162" weeks="1111111111111"/>
    <class days="0100000" id="620" room="20" start="162" weeks="1111111111111"/>
    <class days="0100000" id="621" room="35" start="162" weeks="1111111111111"/>
    <class days="0010000" id="622" room="30" start="108" weeks="1111111111111"/>
    <class days="0010000" id="623" room="24" start="108" weeks="1111111111111"/>
    <class days="0010000" id="624" room="36" start="108" weeks="1111111111111"/>
    <class days="0010000" id="625" room="31" start="108" weeks="1111111111111"/>
    <class days="0010000" id="626" room="27" start="108" weeks="1111111111111"/>
    <class days="0010000" id="627" room="29" start="108" weeks="1111111111111"/>
    <class days="0010000" id="628" room="32" start="108" weeks="1111111111111"/>
    <class days="0010000" id="629" room="7" start="108" weeks="1111111111111"/>
    <class days="0010000" id="630" room="12" start="108" weeks="1111111111111"/>
    <class days="0010000" id="631" room="26" start="108" weeks="1111111111111"/>
    <class days="0010000" id="632" room="33" start="108" weeks="1111111111111"/>
    <class days="0010000" id="633" room="8" start="108" weeks="1111111111111"/>
    <class days="0010000" id="634" room="9" start="108" weeks="1111111111111"/>
    <class days="0010000" id="635" room="15" start="108" weeks="1111111111111"/>
    <class days="0010000" id="636" room="20" start="108" weeks="1111111111111"/>
    <class days="0010000" id="637" room="35" start="108" weeks="1111111111111"/>
    <class days="0010000" id="638" room="30" start="132" weeks="1111111111111"/>
    <class days="0010000" id="639" room="24" start="132" weeks="1111111111111"/>
    <class days="0010000" id="640" room="36" start="132" weeks="1111111111111"/>
    <class days="0010000" id="641" room="31" start="132" weeks="1111111111111"/>
    <class days="0010000" id="642" room="27" start="132" weeks="1111111111111"/>
    <class days="0010000" id="643" room="29" start="132" weeks="1111111111111"/>
    <class days="0010000" id="644" room="32" start="132" weeks="1111111111111"/>
    <class days="0010000" id="645" room="7" start="132" weeks="1111111111111"/>
    <class days="0010000" id="646" room="12" start="132" weeks="1111111111111"/>
    <class days="0010000" id="647" room="26" start="132" weeks="1111111111111"/>
    <class days="0010000" id="648" room="33" start="132" weeks="1111111111111"/>
    <class days="0010000" id="649" room="8" start="132" weeks="1111111111111"/>
    <class days="0010000" id="650" room="9" start="132" weeks="1111111111111"/>
    <class days="0010000" id="651" room="15" start="132" weeks="1111111111111"/>
    <class days="0010000" id="652" room="20" start="132" weeks="1111111111111"/>
    <class days="0010000" id="653" room="35" start="132" weeks="1111111111111"/>
    <class days="0010000" id="654" room="30" start="162" weeks="1111111111111"/>
    <class days="0010000" id="655" room="24" start="162" weeks="1111111111111"/>
    <class days="0010000" id="656" room="36" start="156" weeks="1111111111111"/>
    <class days="0010000" id="657" room="31" start="162" weeks="1111111111111"/>
    <class days="0010000" id="658" room="27" start="162" weeks="1111111111111"/>
    <class days="0010000" id="659" room="29" start="162" weeks="1111111111111"/>
    <class days="0010000" id="660" room="32" start="162" weeks="1111111111111"/>
    <class days="0010000" id="661" room="7" start="162" weeks="1111111111111"/>
    <class days="0010000" id="662" room="12" start="162" weeks="1111111111111"/>
    <class days="0010000" id="663" room="26" start="162" weeks="1111111111111"/>
    <class days="0010000" id="664" room="33" start="162" weeks="1111111111111"/>
    <class days="0010000" id="665" room="8" start="162" weeks="1111111111111"/>
    <class days="0010000" id="666" room="9" start="168" weeks="1111111111111"/>
    <class days="0010000" id="667" room="15" start="162" weeks="1111111111111"/>
    <class days="0010000" id="668" room="20" start="162" weeks="1111111111111"/>
    <class days="0010000" id="669" room="35" start="162" weeks="1111111111111"/>
    <class days="0001000" id="670" room="30" start="108" weeks="1111111111111"/>
    <class days="0001000" id="671" room="24" start="108" weeks="1111111111111"/>
    <class days="0001000" id="672" room="36" start="108" weeks="1111111111111"/>
    <class days="0001000" id="673" room="31" start="108" weeks="1111111111111"/>
    <class days="0001000" id="674" room="27" start="108" weeks="1111111111111"/>
    <class days="0001000" id="675" room="29" start="108" weeks="1111111111111"/>
    <class days="0001000" id="676" room="32" start="108" weeks="1111111111111"/>
    <class days="0001000" id="677" room="7" start="108" weeks="1111111111111"/>
    <class days="0001000" id="678" room="12" start="108" weeks="1111111111111"/>
    <class days="0001000" id="679" room="26" start="108" weeks="1111111111111"/>
    <class days="0001000" id="680" room="33" start="108" weeks="1111111111111"/>
    <class days="0001000" id="681" room="8" start="108" weeks="1111111111111"/>
    <class days="0001000" id="682" room="9" start="108" weeks="1111111111111"/>
    <class days="0001000" id="683" room="15" start="108" weeks="1111111111111"/>
    <class days="0001000" id="684" room="20" start="132" weeks="1111111111111"/>
    <class days="0001000" id="685" room="35" start="108" weeks="1111111111111"/>
    <class days="0001000" id="686" room="30" start="132" weeks="1111111111111"/>
    <class days="0001000" id="687" room="24" start="132" weeks="1111111111111"/>
    <class days="0001000" id="688" room="36" start="132" weeks="1111111111111"/>
    <class days="0001000" id="689" room="31" start="132" weeks="1111111111111"/>
    <class days="0001000" id="690" room="27" start="132" weeks="1111111111111"/>
    <class days="0001000" id="691" room="29" start="132" weeks="1111111111111"/>
    <class days="0001000" id="692" room="32" start="132" weeks="1111111111111"/>
    <class days="0001000" id="693" room="7" start="132" weeks="1111111111111"/>
    <class days="0001000" id="694" room="12" start="132" weeks="1111111111111"/>
    <class days="0001000" id="695" room="26" start="132" weeks="1111111111111"/>
    <class days="0001000" id="696" room="33" start="132" weeks="1111111111111"/>
    <class days="0001000" id="697" room="8" start="132" weeks="1111111111111"/>
    <class days="0001000" id="698" room="9" start="132" weeks="1111111111111"/>
    <class days="0001000" id="699" room="15" start="132" weeks="1111111111111"/>
    <class days="0001000" id="700" room="20" start="108" weeks="1111111111111"/>
    <class days="0001000" id="701" room="35" start="132" weeks="1111111111111"/>
    <class days="0000100" id="702" room="30" start="108" weeks="1111111111111"/>
    <class days="0000100" id="703" room="24" start="108" weeks="1111111111111"/>
    <class days="0000100" id="704" room="36" start="108" weeks="1111111111111"/>
    <class days="0000100" id="705" room="31" start="108" weeks="1111111111111"/>
    <class days="0000100" id="706" room="27" start="108" weeks="1111111111111"/>
    <class days="0000100" id="707" room="29" start="108" weeks="1111111111111"/>
    <class days="0000100" id="708" room="32" start="108" weeks="1111111111111"/>
    <class days="0000100" id="709" room="7" start="108" weeks="1111111111111"/>
    <class days="0000100" id="710" room="12" start="108" weeks="1111111111111"/>
    <class days="0000100" id="711" room="26" start="108" weeks="1111111111111"/>
    <class days="0000100" id="712" room="33" start="108" weeks="1111111111111"/>
    <class days="0000100" id="713" room="8" start="108" weeks="1111111111111"/>
    <class days="0000100" id="714" room="9" start="108" weeks="1111111111111"/>
    <class days="0000100" id="715" room="15" start="108" weeks="1111111111111"/>
    <class days="0000100" id="716" room="20" start="108" weeks="1111111111111"/>
    <class days="0000100" id="717" room="35" start="108" weeks="1111111111111"/>
    <class days="0000100" id="718" room="30" start="132" weeks="1111111111111"/>
    <class days="0000100" id="719" room="24" start="132" weeks="1111111111111"/>
    <class days="0000100" id="720" room="36" start="132" weeks="1111111111111"/>
    <class days="0000100" id="721" room="31" start="132" weeks="1111111111111"/>
    <class days="0000100" id="722" room="27" start="132" weeks="1111111111111"/>
    <class days="0000100" id="723" room="29" start="132" weeks="1111111111111"/>
    <class days="0000100" id="724" room="32" start="132" weeks="1111111111111"/>
    <class days="0000100" id="725" room="7" start="132" weeks="1111111111111"/>
    <class days="0000100" id="726" room="12" start="132" weeks="1111111111111"/>
    <class days="0000100" id="727" room="26" start="132" weeks="1111111111111"/>
    <class days="0000100" id="728" room="33" start="132" weeks="1111111111111"/>
    <class days="0000100" id="729" room="8" start="132" weeks="1111111111111"/>
    <class days="0000100" id="730" room="9" start="132" weeks="1111111111111"/>
    <class days="0000100" id="731" room="15" start="132" weeks="1111111111111"/>
    <class days="0000100" id="732" room="20" start="132" weeks="1111111111111"/>
    <class days="0000100" id="733" room="35" start="132" weeks="1111111111111"/>
    <class days="0001000" id="734" room="22" start="192" weeks="1111111111111"/>
    <class days="1000000" id="735" room="25" start="204" weeks="1111111111111"/>
    <class days="1000000" id="736" room="28" start="204" weeks="1111111111111"/>
    <class days="1000000" id="737" room="23" start="204" weeks="1111111111111"/>
    <class days="1000000" id="738" room="34" start="204" weeks="1111111111111"/>
    <class days="1000000" id="739" room="22" start="168" weeks="1111111111111"/>
    <class days="0100000" id="740" room="25" start="204" weeks="1111111111111"/>
    <class days="0100000" id="741" room="28" start="204" weeks="1111111111111"/>
    <class days="0100000" id="742" room="23" start="204" weeks="1111111111111"/>
    <class days="0100000" id="743" room="34" start="204" weeks="1111111111111"/>
    <class days="0100000" id="744" room="22" start="168" weeks="1111111111111"/>
    <class days="0010000" id="745" room="25" start="168" weeks="1111111111111"/>
    <class days="0010000" id="746" room="28" start="168" weeks="1111111111111"/>
    <class days="0010000" id="747" room="23" start="168" weeks="1111111111111"/>
    <class days="0010000" id="748" room="34" start="168" weeks="1111111111111"/>
    <class days="0010000" id="749" room="22" start="168" weeks="1111111111111"/>
    <class days="0010000" id="750" room="25" start="192" weeks="1111111111111"/>
    <class days="0010000" id="751" room="28" start="192" weeks="1111111111111"/>
    <class days="0010000" id="752" room="23" start="192" weeks="1111111111111"/>
    <class days="0001000" id="753" room="34" start="168" weeks="1111111111111"/>
    <class days="0001000" id="754" room="22" start="168" weeks="1111111111111"/>
    <class days="0001000" id="755" room="25" start="168" weeks="1111111111111"/>
    <class days="0001000" id="756" room="28" start="168" weeks="1111111111111"/>
    <class days="0001000" id="757" room="23" start="168" weeks="1111111111111"/>
    <class days="0000100" id="758" room="34" start="168" weeks="1111111111111"/>
    <class days="0000100" id="759" room="22" start="192" weeks="1111111111111"/>
    <class days="0001000" id="760" room="25" start="192" weeks="1111111111111"/>
    <class days="0001000" id="761" room="28" start="192" weeks="1111111111111"/>
    <class days="0001000" id="762" room="23" start="192" weeks="1111111111111"/>
    <class days="0010000" id="763" room="34" start="192" weeks="1111111111111"/>
    <class days="0010000" id="764" room="22" start="192" weeks="1111111111111"/>
    <class days="0000100" id="765" room="25" start="168" weeks="1111111111111"/>
    <class days="0000100" id="766" room="28" start="168" weeks="1111111111111"/>
    <class days="0000100" id="767" room="23" start="168" weeks="1111111111111"/>
    <class days="0001000" id="768" room="34" start="192" weeks="1111111111111"/>
    <class days="0000100" id="769" room="22" start="168" weeks="1111111111111"/>
    <class days="0000100" id="770" room="25" start="192" weeks="1111111111111"/>
    <class days="0000100" id="771" room="28" start="192" weeks="1111111111111"/>
    <class days="0000100" id="772" room="23" start="192" weeks="1111111111111"/>
    <class days="0000100" id="773" room="34" start="192" weeks="1111111111111"/>
    <class days="1000000" id="774" room="22" start="192" weeks="1111111111111"/>
    <class days="1000000" id="775" room="25" start="168" weeks="1111111111111"/>
    <class days="1000000" id="776" room="28" start="168" weeks="1111111111111"/>
    <class days="1000000" id="777" room="23" start="168" weeks="1111111111111"/>
    <class days="1000000" id="778" room="34" start="168" weeks="1111111111111"/>
    <class days="0100000" id="779" room="22" start="192" weeks="1111111111111"/>
    <class days="0100000" id="780" room="25" start="168" weeks="1111111111111"/>
    <class days="0100000" id="781" room="28" start="168" weeks="1111111111111"/>
    <class days="0100000" id="782" room="23" start="168" weeks="1111111111111"/>
    <class days="0100000" id="783" room="34" start="168" weeks="1111111111111"/>
    <class days="0100000" id="784" room="5" start="108" weeks="1111111111111"/>
    <class days="0100000" id="785" room="100" start="132" weeks="1111111111111"/>
    <class days="0000100" id="786" room="97" start="108" weeks="1111111111111"/>
    <class days="0100000" id="787" room="6" start="108" weeks="1111111111111"/>
    <class days="0100000" id="788" room="97" start="132" weeks="1111111111111"/>
    <class days="0000100" id="789" room="5" start="108" weeks="1111111111111"/>
    <class days="0100000" id="790" room="208" start="108" weeks="1111111111111"/>
    <class days="0100000" id="791" room="208" start="132" weeks="1111111111111"/>
    <class days="0000100" id="792" start="108" weeks="1111111111111"/>
    <class days="0100000" id="793" start="108" weeks="1111111111111"/>
    <class days="0100000" id="794" room="5" start="132" weeks="1111111111111"/>
    <class days="0000100" id="795" room="100" start="108" weeks="1111111111111"/>
    <class days="0100000" id="796" room="140" start="192" weeks="1111111111111"/>
    <class days="0010000" id="797" room="101" start="114" weeks="1111111111111"/>
    <class days="0010000" id="798" room="208" start="156" weeks="1111111111111"/>
    <class days="0010000" id="799" room="6" start="156" weeks="1111111111111"/>
    <class days="0010000" id="800" room="208" start="180" weeks="1111111111111"/>
    <class days="0010000" id="801" room="5" start="180" weeks="1111111111111"/>
    <class days="0010000" id="802" room="5" start="108" weeks="1111111111111"/>
    <class days="1000000" id="803" room="182" start="132" weeks="1111111111111"/>
    <class days="0100000" id="804" room="95" start="156" weeks="1111111111111"/>
    <class days="1000000" id="805" room="182" start="192" weeks="1111111111111"/>
    <class days="0100000" id="806" room="182" start="156" weeks="1111111111111"/>
    <class days="0010000" id="807" room="141" start="108" weeks="1111111111111"/>
    <class days="0100000" id="808" room="139" start="162" weeks="1111111111111"/>
    <class days="0100000" id="809" room="139" start="186" weeks="1111111111111"/>
    <class days="0001000" id="810" room="135" start="108" weeks="1111111111111"/>
    <class days="0000100" id="811" room="120" start="204" weeks="1111111111111"/>
    <class days="0100000" id="812" room="161" start="192" weeks="1111111111111"/>
    <class days="0001000" id="813" room="184" start="180" weeks="1111111111111"/>
    <class days="0000100" id="814" room="94" start="204" weeks="1111111111111"/>
    <class days="0010000" id="815" room="168" start="156" weeks="1111111111111"/>
    <class days="0001000" id="816" room="179" start="108" weeks="1111111111111"/>
    <class days="0001000" id="817" room="95" start="234" weeks="1111111111111"/>
    <class days="0100000" id="818" room="144" start="120" weeks="1111111111111"/>
    <class days="1000000" id="819" room="146" start="162" weeks="1111111111111"/>
    <class days="0000100" id="820" room="123" start="156" weeks="1111111111111"/>
    <class days="0000100" id="821" room="102" start="108" weeks="1111111111111"/>
    <class days="1000000" id="822" room="157" start="168" weeks="1111111111111"/>
    <class days="0001000" id="823" room="173" start="180" weeks="1111111111111"/>
    <class days="0000100" id="824" room="4" start="204" weeks="1111111111111"/>
    <class days="0001000" id="825" room="173" start="132" weeks="1111111111111"/>
    <class days="1000000" id="826" room="144" start="108" weeks="1111111111111"/>
    <class days="0001000" id="827" room="168" start="108" weeks="1111111111111"/>
    <class days="0001000" id="828" room="161" start="144" weeks="1111111111111"/>
    <class days="0010000" id="829" room="135" start="180" weeks="1111111111111"/>
    <class days="1000000" id="830" room="163" start="198" weeks="1111111111111"/>
    <class days="1000000" id="831" room="153" start="108" weeks="1111111111111"/>
    <class days="0000100" id="832" room="92" start="198" weeks="1111111111111"/>
    <class days="0001000" id="833" room="105" start="204" weeks="1111111111111"/>
    <class days="0000100" id="834" room="179" start="108" weeks="1111111111111"/>
    <class days="0000100" id="835" room="179" start="132" weeks="1111111111111"/>
    <class days="0000100" id="836" room="179" start="156" weeks="1111111111111"/>
    <class days="0000100" id="837" room="179" start="180" weeks="1111111111111"/>
    <class days="0001000" id="838" room="90" start="180" weeks="1111111111111"/>
    <class days="1000000" id="839" room="145" start="198" weeks="1111111111111"/>
    <class days="0010000" id="840" room="125" start="144" weeks="1111111111111"/>
    <class days="1000000" id="841" room="169" start="132" weeks="1111111111111"/>
    <class days="1000000" id="842" room="169" start="108" weeks="1111111111111"/>
    <class days="1000000" id="843" room="169" start="180" weeks="1111111111111"/>
    <class days="1000000" id="844" room="169" start="204" weeks="1111111111111"/>
    <class days="0100000" id="845" room="169" start="132" weeks="1111111111111"/>
    <class days="0000100" id="846" room="135" start="246" weeks="1111111111111"/>
    <class days="0010000" id="847" room="133" start="120" weeks="1111111111111"/>
    <class days="0001000" id="848" room="156" start="174" weeks="1111111111111"/>
    <class days="0001000" id="849" room="147" start="150" weeks="1111111111111"/>
    <class days="1000000" id="850" room="123" start="108" weeks="1111111111111"/>
    <class days="0100000" id="851" room="200" start="156" weeks="1111111111111"/>
    <class days="1000000" id="852" room="147" start="132" weeks="1111111111111"/>
    <class days="0000100" id="853" room="192" start="156" weeks="1111111111111"/>
    <class days="0001000" id="854" room="122" start="108" weeks="1111111111111"/>
    <class days="0001000" id="855" room="90" start="132" weeks="1111111111111"/>
    <class days="0010000" id="856" room="122" start="108" weeks="1111111111111"/>
    <class days="0100000" id="857" room="101" start="192" weeks="1111111111111"/>
    <class days="0100000" id="858" room="165" start="108" weeks="1111111111111"/>
    <class days="0001000" id="859" room="104" start="156" weeks="1111111111111"/>
    <class days="0000100" id="860" room="161" start="204" weeks="1111111111111"/>
    <class days="0010000" id="861" room="129" start="204" weeks="1111111111111"/>
    <class days="0000100" id="862" room="203" start="138" weeks="1111111111111"/>
    <class days="0010000" id="863" room="181" start="180" weeks="1111111111111"/>
    <class days="0000100" id="864" room="184" start="114" weeks="1111111111111"/>
    <class days="0010000" id="865" room="119" start="114" weeks="1111111111111"/>
    <class days="0100000" id="866" room="120" start="204" weeks="1111111111111"/>
    <class days="0100000" id="867" room="135" start="126" weeks="1111111111111"/>
    <class days="0100000" id="868" room="106" start="156" weeks="1111111111111"/>
    <class days="0000100" id="869" room="142" start="162" weeks="1111111111111"/>
    <class days="0000100" id="870" room="99" start="126" weeks="1111111111111"/>
    <class days="0100000" id="871" start="156" weeks="1111111111111"/>
    <class days="0100000" id="872" room="158" start="132" weeks="1111111111111"/>
    <class days="0010000" id="873" room="91" start="132" weeks="1111111111111"/>
    <class days="0001000" id="874" room="157" start="132" weeks="1111111111111"/>
    <class days="0010000" id="875" start="108" weeks="1111111111111"/>
    <class days="0000100" id="876" room="157" start="180" weeks="1111111111111"/>
    <class days="0100000" id="877" room="126" start="180" weeks="1111111111111"/>
    <class days="1000000" id="878" room="4" start="108" weeks="1111111111111"/>
    <class days="0000100" id="879" room="140" start="144" weeks="1111111111111"/>
    <class days="0000100" id="880" room="204" start="144" weeks="1111111111111"/>
    <class days="0100000" id="881" room="158" start="180" weeks="1111111111111"/>
    <class days="0010000" id="882" room="153" start="156" weeks="1111111111111"/>
    <class days="0010000" id="883" room="149" start="156" weeks="1111111111111"/>
    <class days="0010000" id="884" room="192" start="180" weeks="1111111111111"/>
    <class days="0001000" id="885" room="101" start="180" weeks="1111111111111"/>
    <class days="0010000" id="886" room="124" start="234" weeks="1111111111111"/>
    <class days="0001000" id="887" room="120" start="108" weeks="1111111111111"/>
    <class days="0010000" id="888" room="103" start="108" weeks="1111111111111"/>
    <class days="0100000" id="889" room="192" start="108" weeks="1111111111111"/>
    <class days="0100000" id="890" room="122" start="222" weeks="1111111111111"/>
    <class days="0100000" id="891" room="204" start="180" weeks="1111111111111"/>
    <class days="0001000" id="892" room="190" start="180" weeks="1111111111111"/>
    <class days="1000000" id="893" room="123" start="156" weeks="1111111111111"/>
    <class days="0100000" id="894" room="103" start="132" weeks="1111111111111"/>
    <class days="1000000" id="895" room="192" start="132" weeks="1111111111111"/>
    <class days="0010000" id="896" room="123" start="108" weeks="1111111111111"/>
    <class days="0100000" id="897" room="123" start="108" weeks="1111111111111"/>
    <class days="0010000" id="898" room="120" start="132" weeks="1111111111111"/>
    <class days="0001000" id="899" room="122" start="180" weeks="1111111111111"/>
    <class days="0100000" id="900" room="103" start="108" weeks="1111111111111"/>
    <class days="0001000" id="901" room="122" start="156" weeks="1111111111111"/>
    <class days="0001000" id="902" room="120" start="108" weeks="1111111111111"/>
    <class days="1000000" id="903" room="89" start="132" weeks="1111111111111"/>
    <class days="1000000" id="904" room="121" start="156" weeks="1111111111111"/>
    <class days="0100000" id="905" room="106" start="132" weeks="1111111111111"/>
    <class days="0100000" id="906" room="192" start="144" weeks="1111111111111"/>
    <class days="0010000" id="907" room="119" start="156" weeks="1111111111111"/>
    <class days="0010000" id="908" room="89" start="132" weeks="1111111111111"/>
    <class days="0001000" id="909" room="122" start="132" weeks="1111111111111"/>
    <class days="0001000" id="910" room="123" start="132" weeks="1111111111111"/>
    <class days="1000000" id="911" room="123" start="132" weeks="1111111111111"/>
    <class days="1000000" id="912" room="192" start="156" weeks="1111111111111"/>
    <class days="1000000" id="913" room="104" start="156" weeks="1111111111111"/>
    <class days="0100000" id="914" room="123" start="156" weeks="1111111111111"/>
    <class days="0001000" id="915" room="106" start="132" weeks="1111111111111"/>
    <class days="0001000" id="916" room="106" start="156" weeks="1111111111111"/>
    <class days="0100000" id="917" room="121" start="132" weeks="1111111111111"/>
    <class days="0001000" id="918" room="105" start="180" weeks="1111111111111"/>
    <class days="0010000" id="919" room="143" start="240" weeks="1111111111111"/>
    <class days="0010000" id="920" room="134" start="240" weeks="1111111111111"/>
    <class days="0100000" id="921" room="89" start="222" weeks="1111111111111"/>
    <class days="0010000" id="922" room="94" start="216" weeks="1111111111111"/>
    <class days="0010000" id="923" room="122" start="228" weeks="1111111111111"/>
    <class days="0100000" id="924" room="123" start="246" weeks="1111111111111"/>
    <class days="0001000" id="925" room="164" start="228" weeks="1111111111111"/>
    <class days="0001000" id="926" room="134" start="108" weeks="1111111111111"/>
    <class days="1000000" id="927" room="159" start="156" weeks="1111111111111"/>
    <class days="0000100" id="928" room="142" start="198" weeks="1111111111111"/>
    <class days="0001000" id="929" room="3" start="108" weeks="1111111111111"/>
    <class days="0010000" id="930" room="94" start="192" weeks="1111111111111"/>
    <class days="1000000" id="931" room="136" start="108" weeks="1111111111111"/>
    <class days="0001000" id="932" room="142" start="198" weeks="1111111111111"/>
    <class days="1000000" id="933" room="156" start="204" weeks="1111111111111"/>
    <class days="0010000" id="934" room="155" start="114" weeks="1111111111111"/>
    <class days="0100000" id="935" room="147" start="120" weeks="1111111111111"/>
    <class days="0000100" id="936" room="134" start="114" weeks="1111111111111"/>
    <class days="1000000" id="937" room="4" start="156" weeks="1111111111111"/>
    <class days="0001000" id="938" room="159" start="108" weeks="1111111111111"/>
    <class days="0100000" id="939" room="142" start="192" weeks="1111111111111"/>
    <class days="0001000" id="940" room="121" start="162" weeks="1111111111111"/>
    <class days="1000000" id="941" room="125" start="168" weeks="1111111111111"/>
    <class days="1000000" id="942" room="95" start="108" weeks="1111111111111"/>
    <class days="0010000" id="943" room="106" start="156" weeks="1111111111111"/>
    <class days="0100000" id="944" room="120" start="108" weeks="1111111111111"/>
    <class days="1000000" id="945" room="103" start="108" weeks="1111111111111"/>
    <class days="0010000" id="946" room="105" start="108" weeks="1111111111111"/>
    <class days="0010000" id="947" room="95" start="204" weeks="1111111111111"/>
    <class days="0000100" id="948" room="192" start="204" weeks="1111111111111"/>
    <class days="0001000" id="949" room="121" start="132" weeks="1111111111111"/>
    <class days="0001000" id="950" room="103" start="156" weeks="1111111111111"/>
    <class days="1000000" id="951" room="192" start="108" weeks="1111111111111"/>
    <class days="1000000" id="952" room="1" start="168" weeks="1111111111111"/>
    <class days="0001000" id="953" room="91" start="108" weeks="1111111111111"/>
    <class days="0001000" id="954" room="4" start="132" weeks="1111111111111"/>
    <class days="0000100" id="955" room="121" start="144" weeks="1111111111111"/>
    <class days="0001000" id="956" room="121" start="234" weeks="1111111111111"/>
    <class days="0001000" id="957" room="159" start="234" weeks="1111111111111"/>
    <class days="0010000" id="958" room="95" start="240" weeks="1111111111111"/>
    <class days="0100000" id="959" room="104" start="216" weeks="1111111111111"/>
    <class days="0100000" id="960" room="140" start="240" weeks="1111111111111"/>
    <class days="1000000" id="961" room="145" start="240" weeks="1111111111111"/>
    <class days="1000000" id="962" room="164" start="246" weeks="1111111111111"/>
    <class days="1000000" id="963" room="167" start="240" weeks="1111111111111"/>
    <class days="0010000" id="964" room="46" start="114" weeks="1111111111111"/>
    <class days="1000000" id="965" room="114" start="180" weeks="1111111111111"/>
    <class days="0100000" id="966" room="118" start="192" weeks="1111111111111"/>
    <class days="0100000" id="967" room="57" start="120" weeks="1111111111111"/>
    <class days="0010000" id="968" room="41" start="108" weeks="1111111111111"/>
    <class days="0100000" id="969" room="49" start="216" weeks="1111111111111"/>
    <class days="0000100" id="970" start="168" weeks="1111111111111"/>
    <class days="0000100" id="971" start="108" weeks="1111111111111"/>
    <class days="0000100" id="972" start="168" weeks="1111111111111"/>
    <class days="0000100" id="973" start="120" weeks="1111111111111"/>
    <class days="0000100" id="974" start="156" weeks="1111111111111"/>
    <class days="0000100" id="975" start="192" weeks="1111111111111"/>
    <class days="0000100" id="976" start="108" weeks="1111111111111"/>
    <class days="0000100" id="977" start="108" weeks="1111111111111"/>
    <class days="0000100" id="978" start="192" weeks="1111111111111"/>
    <class days="0000100" id="979" start="108" weeks="1111111111111"/>
    <class days="0000100" id="980" room="39" start="156" weeks="1111111111111"/>
    <class days="0000100" id="981" start="108" weeks="1111111111111"/>
    <class days="0000100" id="982" start="108" weeks="1111111111111"/>
    <class days="0000100" id="983" start="192" weeks="1111111111111"/>
    <class days="0001000" id="984" start="108" weeks="1111111111111"/>
    <class days="0001000" id="985" room="44" start="192" weeks="1111111111111"/>
    <class days="1000000" id="986" room="37" start="162" weeks="1111111111111"/>
    <class days="0001000" id="987" room="56" start="132" weeks="1111111111111"/>
    <class days="1000000" id="988" room="46" start="108" weeks="1111111111111"/>
    <class days="0001000" id="989" room="44" start="216" weeks="1111111111111"/>
    <class days="0100000" id="990" room="37" start="198" weeks="1111111111111"/>
    <class days="0010000" id="991" room="49" start="162" weeks="1111111111111"/>
    <class days="1000000" id="992" room="55" start="132" weeks="1111111111111"/>
    <class days="0000100" id="993" start="120" weeks="1111111111111"/>
    <class days="0000100" id="994" start="168" weeks="1111111111111"/>
    <class days="0000100" id="995" start="120" weeks="1111111111111"/>
    <class days="0000100" id="996" start="168" weeks="1111111111111"/>
    <class days="0000100" id="997" start="108" weeks="1111111111111"/>
    <class days="0000100" id="998" start="240" weeks="1111111111111"/>
    <class days="0000100" id="999" start="168" weeks="1111111111111"/>
    <class days="0000100" id="1000" start="120" weeks="1111111111111"/>
    <class days="0000100" id="1001" start="192" weeks="1111111111111"/>
    <class days="0000100" id="1002" room="37" start="156" weeks="1111111111111"/>
    <class days="0000100" id="1003" start="156" weeks="1111111111111"/>
    <class days="0000100" id="1004" start="156" weeks="1111111111111"/>
    <class days="0000100" id="1005" start="228" weeks="1111111111111"/>
    <class days="0001000" id="1006" start="144" weeks="1111111111111"/>
    <class days="0000100" id="1007" start="156" weeks="1111111111111"/>
    <class days="0000100" id="1008" room="60" start="204" weeks="1111111111111"/>
    <class days="0000100" id="1009" room="58" start="180" weeks="1111111111111"/>
    <class days="0000100" id="1010" room="60" start="180" weeks="1111111111111"/>
    <class days="0000100" id="1011" room="58" start="204" weeks="1111111111111"/>
    <class days="1000000" id="1012" room="159" start="186" weeks="1111111111111"/>
    <class days="1000000" id="1013" room="139" start="162" weeks="1111111111111"/>
    <class days="0100000" id="1014" room="168" start="156" weeks="1111111111111"/>
    <class days="0100000" id="1015" room="164" start="180" weeks="1111111111111"/>
    <class days="0001000" id="1016" start="180" weeks="1111111111111"/>
    <class days="0010000" id="1017" room="149" start="180" weeks="1111111111111"/>
    <class days="0001000" id="1018" room="4" start="156" weeks="1111111111111"/>
    <class days="0001000" id="1019" room="103" start="108" weeks="1111111111111"/>
    <class days="0010000" id="1020" room="121" start="204" weeks="1111111111111"/>
    <class days="0100000" id="1021" room="89" start="168" weeks="1111111111111"/>
    <class days="0010000" id="1022" room="120" start="156" weeks="1111111111111"/>
    <class days="0100000" id="1023" room="102" start="132" weeks="1111111111111"/>
    <class days="0010000" id="1024" room="122" start="132" weeks="1111111111111"/>
    <class days="0010000" id="1025" room="122" start="156" weeks="1111111111111"/>
    <class days="0001000" id="1026" room="168" start="156" weeks="1111111111111"/>
    <class days="0001000" id="1027" room="161" start="180" weeks="1111111111111"/>
    <class days="1000000" id="1028" room="125" start="108" weeks="1111111111111"/>
    <class days="1000000" id="1029" room="185" start="132" weeks="1111111111111"/>
    <class days="1000000" id="1030" room="185" start="156" weeks="1111111111111"/>
    <class days="1000000" id="1031" room="185" start="180" weeks="1111111111111"/>
    <class days="0000100" id="1032" room="95" start="108" weeks="1111111111111"/>
    <class days="0001000" id="1033" room="101" start="108" weeks="1111111111111"/>
    <class days="0000100" id="1034" room="90" start="204" weeks="1111111111111"/>
    <class days="0000100" id="1035" room="146" start="162" weeks="1111111111111"/>
    <class days="0100000" id="1036" room="122" start="132" weeks="1111111111111"/>
    <class days="0100000" id="1037" room="143" start="204" weeks="1111111111111"/>
    <class days="0100000" id="1038" room="144" start="156" weeks="1111111111111"/>
    <class days="0000100" id="1039" room="89" start="174" weeks="1111111111111"/>
    <class days="0001000" id="1040" room="124" start="180" weeks="1111111111111"/>
    <class days="0100000" id="1041" room="125" start="180" weeks="1111111111111"/>
    <class days="0100000" id="1042" room="124" start="108" weeks="1111111111111"/>
    <class days="0100000" id="1043" room="124" start="156" weeks="1111111111111"/>
    <class days="0010000" id="1044" room="106" start="108" weeks="1111111111111"/>
    <class days="1000000" id="1045" room="122" start="180" weeks="1111111111111"/>
    <class days="1000000" id="1046" room="106" start="108" weeks="1111111111111"/>
    <class days="1000000" id="1047" room="120" start="144" weeks="1111111111111"/>
    <class days="0001000" id="1048" room="124" start="108" weeks="1111111111111"/>
    <class days="0001000" id="1049" room="119" start="156" weeks="1111111111111"/>
    <class days="0001000" id="1050" room="121" start="198" weeks="1111111111111"/>
    <class days="0100000" id="1051" room="104" start="162" weeks="1111111111111"/>
    <class days="0000100" id="1052" room="203" start="174" weeks="1111111111111"/>
    <class days="0100000" id="1053" room="1" start="198" weeks="1111111111111"/>
    <class days="1000000" id="1054" room="157" start="108" weeks="1111111111111"/>
    <class days="0010000" id="1055" room="42" start="108" weeks="1111111111111"/>
    <class days="0010000" id="1056" room="37" start="138" weeks="1111111111111"/>
    <class days="0100000" id="1057" room="43" start="108" weeks="1111111111111"/>
    <class days="0100000" id="1058" room="43" start="132" weeks="1111111111111"/>
    <class days="0001000" id="1059" room="56" start="108" weeks="1111111111111"/>
    <class days="0001000" id="1060" room="59" start="132" weeks="1111111111111"/>
    <class days="0100000" id="1061" room="55" start="132" weeks="1111111111111"/>
    <class days="0001000" id="1062" room="42" start="174" weeks="1111111111111"/>
    <class days="0001000" id="1063" room="39" start="156" weeks="1111111111111"/>
    <class days="0001000" id="1064" room="43" start="180" weeks="1111111111111"/>
    <class days="0100000" id="1065" room="60" start="156" weeks="1111111111111"/>
    <class days="0010000" id="1066" room="149" start="108" weeks="1111111111111"/>
    <class days="1000000" id="1067" room="148" start="156" weeks="1111111111111"/>
    <class days="0001000" id="1068" room="155" start="132" weeks="1111111111111"/>
    <class days="0000100" id="1069" room="165" start="162" weeks="1111111111111"/>
    <class days="0000100" id="1070" room="148" start="174" weeks="1111111111111"/>
    <class days="0000100" id="1071" room="101" start="192" weeks="1111111111111"/>
    <class days="0100000" id="1072" room="128" start="162" weeks="1111111111111"/>
    <class days="1000000" id="1073" room="161" start="156" weeks="1111111111111"/>
    <class days="0010000" id="1074" room="142" start="198" weeks="1111111111111"/>
    <class days="0010000" id="1075" room="165" start="108" weeks="1111111111111"/>
    <class days="0010000" id="1076" room="134" start="132" weeks="1111111111111"/>
    <class days="0100000" id="1077" room="1" start="114" weeks="1111111111111"/>
    <class days="1000000" id="1078" room="148" start="150" weeks="1111111111111"/>
    <class days="1000000" id="1079" room="141" start="108" weeks="1111111111111"/>
    <class days="0100000" id="1080" room="192" start="192" weeks="1111111111111"/>
    <class days="0010000" id="1081" room="122" start="192" weeks="1111111111111"/>
    <class days="1000000" id="1082" room="200" start="114" weeks="1111111111111"/>
    <class days="0100000" id="1083" room="155" start="108" weeks="1111111111111"/>
    <class days="0001000" id="1084" room="202" start="108" weeks="1111111111111"/>
    <class days="0100000" id="1085" room="90" start="192" weeks="1111111111111"/>
    <class days="0010000" id="1086" room="121" start="162" weeks="1111111111111"/>
    <class days="0000100" id="1087" room="131" start="180" weeks="1111111111111"/>
    <class days="1000000" id="1088" room="150" start="114" weeks="1111111111111"/>
    <class days="1000000" id="1089" room="101" start="144" weeks="1111111111111"/>
    <class days="0000100" id="1090" room="168" start="156" weeks="1111111111111"/>
    <class days="1000000" id="1091" room="202" start="186" weeks="1111111111111"/>
    <class days="0000100" id="1092" room="125" start="174" weeks="1111111111111"/>
    <class days="1000000" id="1093" room="104" start="132" weeks="1111111111111"/>
    <class days="1000000" id="1094" room="103" start="204" weeks="1111111111111"/>
    <class days="0010000" id="1095" room="106" start="192" weeks="1111111111111"/>
    <class days="0001000" id="1096" room="95" start="180" weeks="1111111111111"/>
    <class days="1000000" id="1097" room="139" start="120" weeks="1111111111111"/>
    <class days="0001000" id="1098" room="90" start="156" weeks="1111111111111"/>
    <class days="0001000" id="1099" room="135" start="156" weeks="1111111111111"/>
    <class days="0000100" id="1100" room="121" start="108" weeks="1111111111111"/>
    <class days="0001000" id="1101" room="202" start="144" weeks="1111111111111"/>
    <class days="0001000" id="1102" room="155" start="174" weeks="1111111111111"/>
    <class days="0000100" id="1103" room="164" start="108" weeks="1111111111111"/>
    <class days="0001000" id="1104" room="160" start="156" weeks="1111111111111"/>
    <class days="1000000" id="1105" room="167" start="192" weeks="1111111111111"/>
    <class days="0000100" id="1106" room="130" start="186" weeks="1111111111111"/>
    <class days="0100000" id="1107" room="143" start="156" weeks="1111111111111"/>
    <class days="0100000" id="1108" room="4" start="120" weeks="1111111111111"/>
    <class days="0010000" id="1109" room="150" start="132" weeks="1111111111111"/>
    <class days="0000100" id="1110" room="120" start="234" weeks="1111111111111"/>
    <class days="1000000" id="1111" room="89" start="240" weeks="1111111111111"/>
    <class days="0001000" id="1112" room="136" start="222" weeks="1111111111111"/>
    <class days="0000100" id="1113" room="104" start="234" weeks="1111111111111"/>
    <class days="0000100" id="1114" room="192" start="252" weeks="1111111111111"/>
    <class days="0010000" id="1115" room="137" start="228" weeks="1111111111111"/>
    <class days="0000100" id="1116" room="203" start="252" weeks="1111111111111"/>
    <class days="0100000" id="1117" room="200" start="240" weeks="1111111111111"/>
    <class days="0001000" id="1118" room="201" start="246" weeks="1111111111111"/>
    <class days="0001000" id="1119" room="199" start="222" weeks="1111111111111"/>
    <class days="1000000" id="1120" room="203" start="252" weeks="1111111111111"/>
    <class days="0000100" id="1121" room="200" start="234" weeks="1111111111111"/>
    <class days="1000000" id="1122" room="201" start="234" weeks="1111111111111"/>
    <class days="0000100" id="1123" room="199" start="234" weeks="1111111111111"/>
    <class days="0010000" id="1124" room="199" start="240" weeks="1111111111111"/>
    <class days="1000000" id="1125" room="200" start="246" weeks="1111111111111"/>
    <class days="0100000" id="1126" room="157" start="180" weeks="1111111111111"/>
    <class days="0000100" id="1127" room="163" start="120" weeks="1111111111111"/>
    <class days="0100000" id="1128" room="119" start="180" weeks="1111111111111"/>
    <class days="0100000" id="1129" room="149" start="180" weeks="1111111111111"/>
    <class days="0100000" id="1130" room="144" start="204" weeks="1111111111111"/>
    <class days="1000000" id="1131" room="150" start="144" weeks="1111111111111"/>
    <class days="0100000" id="1132" room="122" start="180" weeks="1111111111111"/>
    <class days="0100000" id="1133" room="133" start="156" weeks="1111111111111"/>
    <class days="0000100" id="1134" room="124" start="204" weeks="1111111111111"/>
    <class days="0001000" id="1135" room="192" start="168" weeks="1111111111111"/>
    <class days="0000100" id="1136" room="147" start="162" weeks="1111111111111"/>
    <class days="0100000" id="1137" room="129" start="192" weeks="1111111111111"/>
    <class days="0010000" id="1138" room="4" start="108" weeks="1111111111111"/>
    <class days="0100000" id="1139" room="145" start="168" weeks="1111111111111"/>
    <class days="0010000" id="1140" room="162" start="186" weeks="1111111111111"/>
    <class days="0001000" id="1141" room="105" start="252" weeks="1111111111111"/>
    <class days="0001000" id="1142" room="134" start="120" weeks="1111111111111"/>
    <class days="0100000" id="1143" room="125" start="108" weeks="1111111111111"/>
    <class days="0100000" id="1144" room="157" start="114" weeks="1111111111111"/>
    <class days="0010000" id="1145" room="142" start="132" weeks="1111111111111"/>
    <class days="0010000" id="1146" room="102" start="192" weeks="1111111111111"/>
    <class days="0001000" id="1147" start="168" weeks="1111111111111"/>
    <class days="0001000" id="1148" room="99" start="114" weeks="1111111111111"/>
    <class days="0001000" id="1149" room="142" start="120" weeks="1111111111111"/>
    <class days="0001000" id="1150" room="150" start="174" weeks="1111111111111"/>
    <class days="0100000" id="1151" room="181" start="126" weeks="1111111111111"/>
    <class days="0000100" id="1152" room="181" start="180" weeks="1111111111111"/>
    <class days="0100000" id="1153" room="154" start="108" weeks="1111111111111"/>
    <class days="0000100" id="1154" room="128" start="162" weeks="1111111111111"/>
    <class days="1000000" id="1155" room="150" start="204" weeks="1111111111111"/>
    <class days="1000000" id="1156" room="125" start="132" weeks="1111111111111"/>
    <class days="0010000" id="1157" room="167" start="192" weeks="1111111111111"/>
    <class days="0100000" id="1158" room="145" start="204" weeks="1111111111111"/>
    <class days="0100000" id="1159" room="192" start="168" weeks="1111111111111"/>
    <class days="0001000" id="1160" room="119" start="204" weeks="1111111111111"/>
    <class days="0100000" id="1161" room="160" start="198" weeks="1111111111111"/>
    <class days="0010000" id="1162" room="202" start="198" weeks="1111111111111"/>
    <class days="0001000" id="1163" room="138" start="162" weeks="1111111111111"/>
    <class days="0000100" id="1164" room="151" start="108" weeks="1111111111111"/>
    <class days="0000100" id="1165" room="139" start="150" weeks="1111111111111"/>
    <class days="0010000" id="1166" room="146" start="240" weeks="1111111111111"/>
    <class days="0100000" id="1167" room="119" start="144" weeks="1111111111111"/>
    <class days="1000000" id="1168" room="119" start="132" weeks="1111111111111"/>
    <class days="1000000" id="1169" room="124" start="108" weeks="1111111111111"/>
    <class days="0010000" id="1170" room="120" start="108" weeks="1111111111111"/>
    <class days="1000000" id="1171" room="151" start="108" weeks="1111111111111"/>
    <class days="1000000" id="1172" room="94" start="108" weeks="1111111111111"/>
    <class days="0100000" id="1173" room="184" start="120" weeks="1111111111111"/>
    <class days="1000000" id="1174" room="181" start="108" weeks="1111111111111"/>
    <class days="1000000" id="1175" room="134" start="192" weeks="1111111111111"/>
    <class days="1000000" id="1176" room="190" start="108" weeks="1111111111111"/>
    <class days="0010000" id="1177" room="155" start="240" weeks="1111111111111"/>
    <class days="0010000" id="1178" room="166" start="180" weeks="1111111111111"/>
    <class days="1000000" id="1179" room="168" start="252" weeks="1111111111111"/>
    <class days="0001000" id="1180" room="204" start="240" weeks="1111111111111"/>
    <class days="1000000" id="1181" room="142" start="150" weeks="1111111111111"/>
    <class days="0100000" id="1182" room="4" start="252" weeks="1111111111111"/>
    <class days="0000100" id="1183" room="200" start="150" weeks="1111111111111"/>
    <class days="0010000" id="1184" room="120" start="180" weeks="1111111111111"/>
    <class days="0001000" id="1185" room="192" start="204" weeks="1111111111111"/>
    <class days="0010000" id="1186" room="203" start="204" weeks="1111111111111"/>
    <class days="0010000" id="1187" room="119" start="204" weeks="1111111111111"/>
    <class days="0001000" id="1188" room="119" start="180" weeks="1111111111111"/>
    <class days="1000000" id="1189" room="122" start="204" weeks="1111111111111"/>
    <class days="0001000" id="1190" room="89" start="204" weeks="1111111111111"/>
    <class days="0100000" id="1191" room="1" start="240" weeks="1111111111111"/>
    <class days="0000100" id="1192" room="134" start="216" weeks="1111111111111"/>
    <class days="0000100" id="1193" room="156" start="234" weeks="1111111111111"/>
    <class days="0010000" id="1194" room="201" start="216" weeks="1111111111111"/>
    <class days="0000100" id="1195" room="122" start="234" weeks="1111111111111"/>
    <class days="0010000" id="1196" room="136" start="252" weeks="1111111111111"/>
    <class days="0000100" id="1197" room="152" start="240" weeks="1111111111111"/>
    <class days="0000100" id="1198" room="162" start="240" weeks="1111111111111"/>
    <class days="0001000" id="1199" room="132" start="240" weeks="1111111111111"/>
    <class days="0000100" id="1200" room="160" start="240" weeks="1111111111111"/>
    <class days="0001000" id="1201" room="99" start="222" weeks="1111111111111"/>
    <class days="0001000" id="1202" room="128" start="228" weeks="1111111111111"/>
    <class days="0000100" id="1203" room="131" start="114" weeks="1111111111111"/>
    <class days="1000000" id="1204" room="101" start="168" weeks="1111111111111"/>
    <class days="0000100" id="1205" room="148" start="114" weeks="1111111111111"/>
    <class days="0100000" id="1206" room="204" start="162" weeks="1111111111111"/>
    <class days="0001000" id="1207" room="162" start="216" weeks="1111111111111"/>
    <class days="0000100" id="1208" room="131" start="126" weeks="1111111111111"/>
    <class days="1000000" id="1209" room="101" start="180" weeks="1111111111111"/>
    <class days="0000100" id="1210" room="155" start="126" weeks="1111111111111"/>
    <class days="0000100" id="1211" room="204" start="180" weeks="1111111111111"/>
    <class days="0001000" id="1212" room="162" start="108" weeks="1111111111111"/>
    <class days="0000100" id="1213" start="114" weeks="1111111111111"/>
    <class days="1000000" id="1214" start="168" weeks="1111111111111"/>
    <class days="0000100" id="1215" start="114" weeks="1111111111111"/>
    <class days="0100000" id="1216" start="162" weeks="1111111111111"/>
    <class days="0001000" id="1217" start="216" weeks="1111111111111"/>
    <class days="0000100" id="1218" start="126" weeks="1111111111111"/>
    <class days="1000000" id="1219" start="180" weeks="1111111111111"/>
    <class days="0000100" id="1220" start="186" weeks="1111111111111"/>
    <class days="0000100" id="1221" start="132" weeks="1111111111111"/>
    <class days="0001000" id="1222" start="192" weeks="1111111111111"/>
    <class days="0100000" id="1223" room="188" start="114" weeks="1111111111111"/>
    <class days="0100000" id="1224" room="188" start="156" weeks="1111111111111"/>
    <class days="0010000" id="1225" room="188" start="126" weeks="1111111111111"/>
    <class days="0100000" id="1226" room="188" start="132" weeks="1111111111111"/>
    <class days="1000000" id="1227" room="174" start="156" weeks="1111111111111"/>
    <class days="0100000" id="1228" room="174" start="108" weeks="1111111111111"/>
    <class days="0000100" id="1229" room="174" start="156" weeks="1111111111111"/>
    <class days="0100000" id="1230" room="124" start="180" weeks="1111111111111"/>
    <class days="0001000" id="1231" room="125" start="180" weeks="1111111111111"/>
    <class days="1000000" id="1232" room="122" start="132" weeks="1111111111111"/>
    <class days="0000100" id="1233" room="124" start="180" weeks="1111111111111"/>
    <class days="1000000" id="1234" room="120" start="168" weeks="1111111111111"/>
    <class days="1000000" id="1235" room="119" start="180" weeks="1111111111111"/>
    <class days="0000100" id="1236" room="129" start="192" weeks="1111111111111"/>
    <class days="0000100" id="1237" room="153" start="174" weeks="1111111111111"/>
    <class days="0001000" id="1238" room="104" start="186" weeks="1111111111111"/>
    <class days="1000000" id="1239" room="104" start="108" weeks="1111111111111"/>
    <class days="1000000" id="1240" room="103" start="132" weeks="1111111111111"/>
    <class days="0100000" id="1241" room="89" start="198" weeks="1111111111111"/>
    <class days="0000100" id="1242" room="99" start="198" weeks="1111111111111"/>
    <class days="1000000" id="1243" room="89" start="204" weeks="1111111111111"/>
    <class days="1000000" id="1244" room="149" start="204" weeks="1111111111111"/>
    <class days="0001000" id="1245" room="92" start="132" weeks="1111111111111"/>
    <class days="0001000" id="1246" room="92" start="108" weeks="1111111111111"/>
    <class days="1000000" id="1247" room="124" start="204" weeks="1111111111111"/>
    <class days="0100000" id="1248" room="3" start="192" weeks="1111111111111"/>
    <class days="0001000" id="1249" room="144" start="138" weeks="1111111111111"/>
    <class days="0001000" id="1250" room="205" start="228" weeks="1111111111111"/>
    <class days="1000000" id="1251" room="126" start="204" weeks="1111111111111"/>
    <class days="0000100" id="1252" room="1" start="108" weeks="1111111111111"/>
    <class days="0001000" id="1253" room="130" start="162" weeks="1111111111111"/>
    <class days="0100000" id="1254" room="159" start="174" weeks="1111111111111"/>
    <class days="0001000" id="1255" room="188" start="162" weeks="1111111111111"/>
    <class days="1000000" id="1256" room="188" start="162" weeks="1111111111111"/>
    <class days="0001000" id="1257" room="128" start="198" weeks="1111111111111"/>
    <class days="0001000" id="1258" room="126" start="150" weeks="1111111111111"/>
    <class days="0000100" id="1259" room="126" start="204" weeks="1111111111111"/>
    <class days="1000000" id="1260" room="203" start="120" weeks="1111111111111"/>
    <class days="0100000" id="1261" room="122" start="156" weeks="1111111111111"/>
    <class days="0010000" id="1262" room="203" start="108" weeks="1111111111111"/>
    <class days="0000100" id="1263" room="192" start="132" weeks="1111111111111"/>
    <class days="0100000" id="1264" room="175" start="156" weeks="1111111111111"/>
    <class days="0100000" id="1265" room="175" start="168" weeks="1111111111111"/>
    <class days="1000000" id="1266" room="154" start="114" weeks="1111111111111"/>
    <class days="1000000" id="1267" room="160" start="108" weeks="1111111111111"/>
    <class days="0100000" id="1268" room="153" start="186" weeks="1111111111111"/>
    <class days="0100000" id="1269" room="153" start="198" weeks="1111111111111"/>
    <class days="0100000" id="1270" room="131" start="132" weeks="1111111111111"/>
    <class days="0000100" id="1271" room="151" start="162" weeks="1111111111111"/>
    <class days="0000100" id="1272" room="136" start="132" weeks="1111111111111"/>
    <class days="0001000" id="1273" room="174" start="156" weeks="1111111111111"/>
    <class days="0001000" id="1274" room="174" start="168" weeks="1111111111111"/>
    <class days="0010000" id="1275" room="3" start="198" weeks="1111111111111"/>
    <class days="0010000" id="1276" room="121" start="180" weeks="1111111111111"/>
    <class days="0001000" id="1277" room="151" start="114" weeks="1111111111111"/>
    <class days="0001000" id="1278" room="123" start="204" weeks="1111111111111"/>
    <class days="1000000" id="1279" room="102" start="138" weeks="1111111111111"/>
    <class days="0100000" id="1280" room="149" start="204" weeks="1111111111111"/>
    <class days="0100000" id="1281" room="104" start="186" weeks="1111111111111"/>
    <class days="0100000" id="1282" room="117" start="186" weeks="1111111111111"/>
    <class days="1000000" id="1283" room="141" start="204" weeks="1111111111111"/>
    <class days="1000000" id="1284" room="174" start="180" weeks="1111111111111"/>
    <class days="1000000" id="1285" room="174" start="192" weeks="1111111111111"/>
    <class days="0010000" id="1286" room="146" start="192" weeks="1111111111111"/>
    <class days="0010000" id="1287" room="160" start="162" weeks="1111111111111"/>
    <class days="0001000" id="1288" room="70" start="204" weeks="1111111111111"/>
    <class days="0001000" id="1289" room="125" start="108" weeks="1111111111111"/>
    <class days="0000100" id="1290" room="103" start="132" weeks="1111111111111"/>
    <class days="0000100" id="1291" room="120" start="108" weeks="1111111111111"/>
    <class days="1000000" id="1292" room="60" start="132" weeks="1111111111111"/>
    <class days="1000000" id="1293" room="60" start="108" weeks="1111111111111"/>
    <class days="0001000" id="1294" room="194" start="192" weeks="1111111111111"/>
    <class days="0001000" id="1295" room="194" start="168" weeks="1111111111111"/>
    <class days="0001000" id="1296" room="55" start="144" weeks="1111111111111"/>
    <class days="0000100" id="1297" room="55" start="108" weeks="1111111111111"/>
    <class days="0100000" id="1298" room="72" start="132" weeks="1111111111111"/>
    <class days="0100000" id="1299" room="72" start="156" weeks="1111111111111"/>
    <class days="0001000" id="1300" room="55" start="108" weeks="1111111111111"/>
    <class days="0001000" id="1301" room="53" start="132" weeks="1111111111111"/>
    <class days="0010000" id="1302" room="115" start="156" weeks="1111111111111"/>
    <class days="0010000" id="1303" room="114" start="180" weeks="1111111111111"/>
    <class days="0001000" id="1304" room="118" start="180" weeks="1111111111111"/>
    <class days="0001000" id="1305" room="118" start="168" weeks="1111111111111"/>
    <class days="0100000" id="1306" room="58" start="156" weeks="1111111111111"/>
    <class days="0100000" id="1307" room="44" start="180" weeks="1111111111111"/>
    <class days="0000100" id="1308" room="48" start="192" weeks="1111111111111"/>
    <class days="0000100" id="1309" room="116" start="108" weeks="1111111111111"/>
    <class days="0010000" id="1310" room="53" start="120" weeks="1111111111111"/>
    <class days="0010000" id="1311" room="49" start="132" weeks="1111111111111"/>
    <class days="0000100" id="1312" room="43" start="156" weeks="1111111111111"/>
    <class days="0000100" id="1313" room="43" start="180" weeks="1111111111111"/>
    <class days="0001000" id="1314" room="42" start="192" weeks="1111111111111"/>
    <class days="0000100" id="1315" room="38" start="108" weeks="1111111111111"/>
    <class days="0001000" id="1316" room="48" start="180" weeks="1111111111111"/>
    <class days="0001000" id="1317" room="72" start="156" weeks="1111111111111"/>
    <class days="0100000" id="1318" room="59" start="108" weeks="1111111111111"/>
    <class days="0100000" id="1319" room="59" start="132" weeks="1111111111111"/>
    <class days="0000100" id="1320" room="117" start="132" weeks="1111111111111"/>
    <class days="0001000" id="1321" room="117" start="192" weeks="1111111111111"/>
    <class days="0001000" id="1322" room="153" start="144" weeks="1111111111111"/>
    <class days="0000100" id="1323" room="189" start="132" weeks="1111111111111"/>
    <class days="1000000" id="1324" room="127" start="186" weeks="1111111111111"/>
    <class days="1000000" id="1325" room="189" start="204" weeks="1111111111111"/>
    <class days="0001000" id="1326" room="94" start="180" weeks="1111111111111"/>
    <class days="0010000" id="1327" room="127" start="180" weeks="1111111111111"/>
    <class days="0001000" id="1328" room="153" start="120" weeks="1111111111111"/>
    <class days="0000100" id="1329" room="189" start="108" weeks="1111111111111"/>
    <class days="0001000" id="1330" room="127" start="198" weeks="1111111111111"/>
    <class days="0100000" id="1331" room="189" start="204" weeks="1111111111111"/>
    <class days="0001000" id="1332" room="94" start="204" weeks="1111111111111"/>
    <class days="0010000" id="1333" room="127" start="204" weeks="1111111111111"/>
    <class days="0000100" id="1334" room="174" start="108" weeks="1111111111111"/>
    <class days="0000100" id="1335" room="174" start="132" weeks="1111111111111"/>
    <class days="0000100" id="1336" room="174" start="180" weeks="1111111111111"/>
    <class days="0010000" id="1337" room="189" start="162" weeks="1111111111111"/>
    <class days="0001000" id="1338" room="117" start="126" weeks="1111111111111"/>
    <class days="0100000" id="1339" room="103" start="204" weeks="1111111111111"/>
    <class days="0100000" id="1340" room="122" start="108" weeks="1111111111111"/>
    <class days="0100000" id="1341" room="189" start="138" weeks="1111111111111"/>
    <class days="0100000" id="1342" room="189" start="114" weeks="1111111111111"/>
    <class days="0100000" id="1343" room="134" start="156" weeks="1111111111111"/>
    <class days="0100000" id="1344" room="134" start="132" weeks="1111111111111"/>
    <class days="1000000" id="1345" room="174" start="108" weeks="1111111111111"/>
    <class days="1000000" id="1346" room="174" start="132" weeks="1111111111111"/>
    <class days="1000000" id="1347" room="127" start="156" weeks="1111111111111"/>
    <class days="0001000" id="1348" room="159" start="198" weeks="1111111111111"/>
    <class days="0001000" id="1349" room="1" start="108" weeks="1111111111111"/>
    <class days="1000000" id="1350" room="203" start="180" weeks="1111111111111"/>
    <class days="0100000" id="1351" room="205" start="168" weeks="1111111111111"/>
    <class days="0000100" id="1352" room="205" start="108" weeks="1111111111111"/>
    <class days="0000100" id="1353" room="132" start="186" weeks="1111111111111"/>
    <class days="0001000" id="1354" room="123" start="108" weeks="1111111111111"/>
    <class days="0100000" id="1355" room="174" start="132" weeks="1111111111111"/>
    <class days="0100000" id="1356" room="174" start="168" weeks="1111111111111"/>
    <class days="0000100" id="1357" room="175" start="144" weeks="1111111111111"/>
    <class days="0100000" id="1358" room="174" start="144" weeks="1111111111111"/>
    <class days="0100000" id="1359" room="174" start="180" weeks="1111111111111"/>
    <class days="0000100" id="1360" room="175" start="156" weeks="1111111111111"/>
    <class days="0100000" id="1361" room="147" start="150" weeks="1111111111111"/>
    <class days="0100000" id="1362" room="162" start="126" weeks="1111111111111"/>
    <class days="0010000" id="1363" room="174" start="108" weeks="1111111111111"/>
    <class days="0001000" id="1364" room="174" start="108" weeks="1111111111111"/>
    <class days="0010000" id="1365" room="174" start="120" weeks="1111111111111"/>
    <class days="0001000" id="1366" room="174" start="120" weeks="1111111111111"/>
    <class days="0000100" id="1367" room="151" start="198" weeks="1111111111111"/>
    <class days="0000100" id="1368" room="140" start="174" weeks="1111111111111"/>
    <class days="0001000" id="1369" room="205" start="108" weeks="1111111111111"/>
    <class days="0010000" id="1370" room="205" start="144" weeks="1111111111111"/>
    <class days="0010000" id="1371" room="162" start="108" weeks="1111111111111"/>
    <class days="0100000" id="1372" room="162" start="156" weeks="1111111111111"/>
    <class days="0010000" id="1373" room="157" start="156" weeks="1111111111111"/>
    <class days="0010000" id="1374" room="157" start="132" weeks="1111111111111"/>
    <class days="1000000" id="1375" room="156" start="204" weeks="1111111111111"/>
    <class days="0100000" id="1376" room="205" start="108" weeks="1111111111111"/>
    <class days="0010000" id="1377" room="132" start="204" weeks="1111111111111"/>
    <class days="0100000" id="1378" room="205" start="132" weeks="1111111111111"/>
    <class days="0100000" id="1379" room="123" start="132" weeks="1111111111111"/>
    <class days="0001000" id="1380" room="102" start="156" weeks="1111111111111"/>
    <class days="1000000" id="1381" room="123" start="186" weeks="1111111111111"/>
    <class days="0100000" id="1382" room="160" start="174" weeks="1111111111111"/>
    <class days="0001000" id="1383" room="188" start="114" weeks="1111111111111"/>
    <class days="1000000" id="1384" room="188" start="108" weeks="1111111111111"/>
    <class days="1000000" id="1385" room="188" start="120" weeks="1111111111111"/>
    <class days="0100000" id="1386" room="145" start="126" weeks="1111111111111"/>
    <class days="0100000" id="1387" room="145" start="138" weeks="1111111111111"/>
    <class days="0010000" id="1388" room="205" start="108" weeks="1111111111111"/>
    <class days="0010000" id="1389" room="205" start="120" weeks="1111111111111"/>
    <class days="0010000" id="1390" room="175" start="108" weeks="1111111111111"/>
    <class days="0001000" id="1391" room="137" start="126" weeks="1111111111111"/>
    <class days="1000000" id="1392" room="175" start="144" weeks="1111111111111"/>
    <class days="0010000" id="1393" room="163" start="192" weeks="1111111111111"/>
    <class days="0000100" id="1394" room="175" start="180" weeks="1111111111111"/>
    <class days="0000100" id="1395" room="175" start="192" weeks="1111111111111"/>
    <class days="0001000" id="1396" room="205" start="144" weeks="1111111111111"/>
    <class days="0001000" id="1397" room="205" start="156" weeks="1111111111111"/>
    <class days="0001000" id="1398" room="175" start="192" weeks="1111111111111"/>
    <class days="1000000" id="1399" room="192" start="204" weeks="1111111111111"/>
    <class days="0000100" id="1400" room="92" start="156" weeks="1111111111111"/>
    <class days="1000000" id="1401" room="133" start="192" weeks="1111111111111"/>
    <class days="0001000" id="1402" room="133" start="120" weeks="1111111111111"/>
    <class days="0100000" id="1403" room="190" start="180" weeks="1111111111111"/>
    <class days="0010000" id="1404" room="140" start="156" weeks="1111111111111"/>
    <class days="0100000" id="1405" room="127" start="162" weeks="1111111111111"/>
    <class days="0010000" id="1406" room="162" start="126" weeks="1111111111111"/>
    <class days="0010000" id="1407" room="1" start="156" weeks="1111111111111"/>
    <class days="0010000" id="1408" room="187" start="132" weeks="1111111111111"/>
    <class days="0000100" id="1409" room="133" start="168" weeks="1111111111111"/>
    <class days="0000100" id="1410" room="3" start="204" weeks="1111111111111"/>
    <class days="1000000" id="1411" start="168" weeks="1111111111111"/>
    <class days="0010000" id="1412" room="139" start="108" weeks="1111111111111"/>
    <class days="0010000" id="1413" room="138" start="192" weeks="1111111111111"/>
    <class days="0001000" id="1414" room="149" start="192" weeks="1111111111111"/>
    <class days="0000100" id="1415" room="155" start="192" weeks="1111111111111"/>
    <class days="0100000" id="1416" room="155" start="180" weeks="1111111111111"/>
    <class days="0001000" id="1417" room="187" start="126" weeks="1111111111111"/>
    <class days="0001000" id="1418" room="102" start="132" weeks="1111111111111"/>
    <class days="0001000" id="1419" room="154" start="108" weeks="1111111111111"/>
    <class days="0010000" id="1420" room="47" start="108" weeks="1111111111111"/>
    <class days="0010000" id="1421" room="47" start="132" weeks="1111111111111"/>
    <class days="0010000" id="1422" room="61" start="156" weeks="1111111111111"/>
    <class days="1000000" id="1423" room="51" start="168" weeks="1111111111111"/>
    <class days="0000100" id="1424" room="167" start="186" weeks="1111111111111"/>
    <class days="1000000" id="1425" room="143" start="156" weeks="1111111111111"/>
    <class days="0010000" id="1426" room="95" start="150" weeks="1111111111111"/>
    <class days="1000000" id="1427" room="150" start="180" weeks="1111111111111"/>
    <class days="1000000" id="1428" room="184" start="180" weeks="1111111111111"/>
    <class days="0010000" id="1429" room="184" start="156" weeks="1111111111111"/>
    <class days="0001000" id="1430" room="185" start="108" weeks="1111111111111"/>
    <class days="0100000" id="1431" room="184" start="150" weeks="1111111111111"/>
    <class days="1000000" id="1432" room="153" start="132" weeks="1111111111111"/>
    <class days="0010000" id="1433" room="148" start="132" weeks="1111111111111"/>
    <class days="0100000" id="1434" room="4" start="168" weeks="1111111111111"/>
    <class days="0010000" id="1435" room="138" start="156" weeks="1111111111111"/>
    <class days="0100000" id="1436" room="3" start="108" weeks="1111111111111"/>
    <class days="0001000" id="1437" room="164" start="162" weeks="1111111111111"/>
    <class days="0000100" id="1438" room="134" start="138" weeks="1111111111111"/>
    <class days="0001000" id="1439" room="151" start="138" weeks="1111111111111"/>
    <class days="1000000" id="1440" room="181" start="156" weeks="1111111111111"/>
    <class days="0010000" id="1441" room="185" start="180" weeks="1111111111111"/>
    <class days="1000000" id="1442" room="91" start="144" weeks="1111111111111"/>
    <class days="0010000" id="1443" room="101" start="192" weeks="1111111111111"/>
    <class days="0001000" id="1444" room="132" start="174" weeks="1111111111111"/>
    <class days="0000100" id="1445" room="119" start="186" weeks="1111111111111"/>
    <class days="0000100" id="1446" room="201" start="138" weeks="1111111111111"/>
    <class days="1000000" id="1447" room="167" start="120" weeks="1111111111111"/>
    <class days="0010000" id="1448" room="128" start="186" weeks="1111111111111"/>
    <class days="0001000" id="1449" room="3" start="174" weeks="1111111111111"/>
    <class days="0000100" id="1450" room="136" start="108" weeks="1111111111111"/>
    <class days="0100000" id="1451" room="136" start="108" weeks="1111111111111"/>
    <class days="1000000" id="1452" room="163" start="162" weeks="1111111111111"/>
    <class days="0100000" id="1453" room="1" start="162" weeks="1111111111111"/>
    <class days="0010000" id="1454" room="181" start="144" weeks="1111111111111"/>
    <class days="0010000" id="1455" room="181" start="156" weeks="1111111111111"/>
    <class days="0100000" id="1456" room="166" start="156" weeks="1111111111111"/>
    <class days="0010000" id="1457" room="155" start="156" weeks="1111111111111"/>
    <class days="0010000" id="1458" room="181" start="108" weeks="1111111111111"/>
    <class days="0010000" id="1459" room="184" start="132" weeks="1111111111111"/>
    <class days="0001000" id="1460" room="130" start="108" weeks="1111111111111"/>
    <class days="0001000" id="1461" room="164" start="192" weeks="1111111111111"/>
    <class days="0100000" id="1462" room="190" start="120" weeks="1111111111111"/>
    <class days="0010000" id="1463" room="184" start="180" weeks="1111111111111"/>
    <class days="0001000" id="1464" room="184" start="132" weeks="1111111111111"/>
    <class days="0010000" id="1465" room="135" start="168" weeks="1111111111111"/>
    <class days="0010000" id="1466" room="95" start="180" weeks="1111111111111"/>
    <class days="0001000" id="1467" room="185" start="156" weeks="1111111111111"/>
    <class days="0001000" id="1468" room="185" start="132" weeks="1111111111111"/>
    <class days="1000000" id="1469" room="159" start="120" weeks="1111111111111"/>
    <class days="1000000" id="1470" room="124" start="132" weeks="1111111111111"/>
    <class days="0001000" id="1471" room="103" start="132" weeks="1111111111111"/>
    <class days="0000100" id="1472" room="110" start="108" weeks="1111111111111"/>
    <class days="0001000" id="1473" room="110" start="156" weeks="1111111111111"/>
    <class days="0000100" id="1474" room="110" start="156" weeks="1111111111111"/>
    <class days="0010000" id="1475" room="121" start="108" weeks="1111111111111"/>
    <class days="0010000" id="1476" room="89" start="180" weeks="1111111111111"/>
    <class days="0100000" id="1477" room="169" start="108" weeks="1111111111111"/>
    <class days="0100000" id="1478" room="169" start="156" weeks="1111111111111"/>
    <class days="0100000" id="1479" room="169" start="180" weeks="1111111111111"/>
    <class days="0010000" id="1480" room="163" start="156" weeks="1111111111111"/>
    <class days="0001000" id="1481" room="108" start="108" weeks="1111111111111"/>
    <class days="0001000" id="1482" room="108" start="156" weeks="1111111111111"/>
    <class days="1000000" id="1483" room="147" start="156" weeks="1111111111111"/>
    <class days="0000100" id="1484" room="126" start="156" weeks="1111111111111"/>
    <class days="1000000" id="1485" room="91" start="168" weeks="1111111111111"/>
    <class days="1000000" id="1486" room="1" start="108" weeks="1111111111111"/>
    <class days="0001000" id="1487" room="121" start="108" weeks="1111111111111"/>
    <class days="0001000" id="1488" room="1" start="132" weeks="1111111111111"/>
    <class days="1000000" id="1489" room="141" start="132" weeks="1111111111111"/>
    <class days="0010000" id="1490" room="101" start="156" weeks="1111111111111"/>
    <class days="0100000" id="1491" room="108" start="108" weeks="1111111111111"/>
    <class days="0100000" id="1492" room="108" start="156" weeks="1111111111111"/>
    <class days="0010000" id="1493" room="108" start="108" weeks="1111111111111"/>
    <class days="0001000" id="1494" room="107" start="168" weeks="1111111111111"/>
    <class days="0001000" id="1495" room="107" start="192" weeks="1111111111111"/>
    <class days="0000100" id="1496" room="108" start="108" weeks="1111111111111"/>
    <class days="0000100" id="1497" room="108" start="156" weeks="1111111111111"/>
    <class days="1000000" id="1498" room="107" start="132" weeks="1111111111111"/>
    <class days="0000100" id="1499" room="156" start="132" weeks="1111111111111"/>
    <class days="1000000" id="1500" room="107" start="180" weeks="1111111111111"/>
    <class days="1000000" id="1501" room="110" start="162" weeks="1111111111111"/>
    <class days="0010000" id="1502" room="1" start="180" weeks="1111111111111"/>
    <class days="0100000" id="1503" room="107" start="144" weeks="1111111111111"/>
    <class days="1000000" id="1504" room="107" start="168" weeks="1111111111111"/>
    <class days="0001000" id="1505" room="107" start="132" weeks="1111111111111"/>
    <class days="0010000" id="1506" room="107" start="168" weeks="1111111111111"/>
    <class days="0010000" id="1507" room="108" start="180" weeks="1111111111111"/>
    <class days="0010000" id="1508" room="107" start="108" weeks="1111111111111"/>
    <class days="0000100" id="1509" room="107" start="108" weeks="1111111111111"/>
    <class days="0010000" id="1510" room="107" start="156" weeks="1111111111111"/>
    <class days="0010000" id="1511" room="107" start="192" weeks="1111111111111"/>
    <class days="0001000" id="1512" room="107" start="108" weeks="1111111111111"/>
    <class days="0000100" id="1513" room="107" start="180" weeks="1111111111111"/>
    <class days="0000100" id="1514" room="107" start="132" weeks="1111111111111"/>
    <class days="0100000" id="1515" room="107" start="168" weeks="1111111111111"/>
    <class days="1000000" id="1516" room="134" start="156" weeks="1111111111111"/>
    <class days="0100000" id="1517" room="167" start="156" weeks="1111111111111"/>
    <class days="0100000" id="1518" room="120" start="132" weeks="1111111111111"/>
    <class days="0100000" id="1519" room="89" start="108" weeks="1111111111111"/>
    <class days="0000100" id="1520" room="150" start="132" weeks="1111111111111"/>
    <class days="0000100" id="1521" room="145" start="180" weeks="1111111111111"/>
    <class days="0000100" id="1522" room="167" start="156" weeks="1111111111111"/>
    <class days="1000000" id="1523" room="168" start="156" weeks="1111111111111"/>
    <class days="1000000" id="1524" room="4" start="180" weeks="1111111111111"/>
    <class days="0010000" id="1525" room="150" start="108" weeks="1111111111111"/>
    <class days="0010000" id="1526" room="158" start="132" weeks="1111111111111"/>
    <class days="1000000" id="1527" room="126" start="108" weeks="1111111111111"/>
    <class days="1000000" id="1528" room="145" start="132" weeks="1111111111111"/>
    <class days="0010000" id="1529" room="94" start="156" weeks="1111111111111"/>
    <class days="0010000" id="1530" room="143" start="180" weeks="1111111111111"/>
    <class days="0100000" id="1531" room="157" start="156" weeks="1111111111111"/>
    <class days="0100000" id="1532" room="95" start="180" weeks="1111111111111"/>
    <class days="0000100" id="1533" room="168" start="108" weeks="1111111111111"/>
    <class days="0000100" id="1534" room="146" start="132" weeks="1111111111111"/>
    <class days="0001000" id="1535" room="104" start="132" weeks="1111111111111"/>
    <class days="0001000" id="1536" room="124" start="156" weeks="1111111111111"/>
    <class days="0001000" id="1537" room="89" start="108" weeks="1111111111111"/>
    <class days="0000100" id="1538" room="123" start="132" weeks="1111111111111"/>
    <class days="0000100" id="1539" room="124" start="156" weeks="1111111111111"/>
    <class days="0000100" id="1540" room="123" start="108" weeks="1111111111111"/>
    <class days="0100000" id="1541" room="58" start="108" weeks="1111111111111"/>
    <class days="0100000" id="1542" room="55" start="156" weeks="1111111111111"/>
    <class days="0001000" id="1543" room="43" start="108" weeks="1111111111111"/>
    <class days="0001000" id="1544" room="49" start="156" weeks="1111111111111"/>
    <class days="0100000" id="1545" room="167" start="132" weeks="1111111111111"/>
    <class days="1000000" id="1546" room="43" start="108" weeks="1111111111111"/>
    <class days="0100000" id="1547" room="58" start="132" weeks="1111111111111"/>
    <class days="0100000" id="1548" room="48" start="180" weeks="1111111111111"/>
    <class days="0001000" id="1549" room="43" start="132" weeks="1111111111111"/>
    <class days="0001000" id="1550" room="49" start="180" weeks="1111111111111"/>
    <class days="0001000" id="1551" room="146" start="108" weeks="1111111111111"/>
    <class days="1000000" id="1552" room="43" start="132" weeks="1111111111111"/>
    <class days="0001000" id="1553" room="163" start="156" weeks="1111111111111"/>
    <class days="0100000" id="1554" room="130" start="168" weeks="1111111111111"/>
    <class days="0001000" id="1555" room="162" start="138" weeks="1111111111111"/>
    <class days="0000100" id="1556" room="133" start="108" weeks="1111111111111"/>
    <class days="0100000" id="1557" room="150" start="108" weeks="1111111111111"/>
    <class days="0100000" id="1558" room="90" start="132" weeks="1111111111111"/>
    <class days="0100000" id="1559" room="203" start="156" weeks="1111111111111"/>
    <class days="0100000" id="1560" room="203" start="180" weeks="1111111111111"/>
    <class days="0100000" id="1561" room="95" start="108" weeks="1111111111111"/>
    <class days="0100000" id="1562" room="94" start="132" weeks="1111111111111"/>
    <class days="0100000" id="1563" room="103" start="156" weeks="1111111111111"/>
    <class days="0100000" id="1564" room="103" start="180" weeks="1111111111111"/>
    <class days="0000100" id="1565" room="95" start="156" weeks="1111111111111"/>
    <class days="0000100" id="1566" room="91" start="180" weeks="1111111111111"/>
    <class days="0000100" id="1567" room="94" start="108" weeks="1111111111111"/>
    <class days="0000100" id="1568" room="124" start="132" weeks="1111111111111"/>
    <class days="0000100" id="1569" room="150" start="156" weeks="1111111111111"/>
    <class days="0000100" id="1570" room="104" start="180" weeks="1111111111111"/>
    <class days="0000100" id="1571" room="103" start="108" weeks="1111111111111"/>
    <class days="0000100" id="1572" room="91" start="132" weeks="1111111111111"/>
    <class days="1000000" id="1573" room="149" start="180" weeks="1111111111111"/>
    <class days="0001000" id="1574" room="92" start="180" weeks="1111111111111"/>
    <class days="1000000" id="1575" room="202" start="108" weeks="1111111111111"/>
    <class days="1000000" id="1576" room="160" start="132" weeks="1111111111111"/>
    <class days="0010000" id="1577" room="4" start="156" weeks="1111111111111"/>
    <class days="0010000" id="1578" room="200" start="180" weeks="1111111111111"/>
    <class days="0100000" id="1579" room="158" start="108" weeks="1111111111111"/>
    <class days="0100000" id="1580" room="200" start="132" weeks="1111111111111"/>
    <class days="0100000" id="1581" room="141" start="156" weeks="1111111111111"/>
    <class days="0100000" id="1582" room="106" start="180" weeks="1111111111111"/>
    <class days="0000100" id="1583" room="159" start="156" weeks="1111111111111"/>
    <class days="0000100" id="1584" room="164" start="180" weeks="1111111111111"/>
    <class days="0000100" id="1585" room="202" start="108" weeks="1111111111111"/>
    <class days="0000100" id="1586" room="129" start="132" weeks="1111111111111"/>
    <class days="1000000" id="1587" room="122" start="108" weeks="1111111111111"/>
    <class days="1000000" id="1588" room="95" start="132" weeks="1111111111111"/>
    <class days="1000000" id="1589" room="94" start="156" weeks="1111111111111"/>
    <class days="0010000" id="1590" room="150" start="156" weeks="1111111111111"/>
    <class days="0010000" id="1591" room="91" start="180" weeks="1111111111111"/>
    <class days="0010000" id="1592" room="121" start="132" weeks="1111111111111"/>
    <class days="0010000" id="1593" room="203" start="180" weeks="1111111111111"/>
    <class days="0001000" id="1594" room="202" start="180" weeks="1111111111111"/>
    <class days="1000000" id="1595" room="93" start="108" weeks="1111111111111"/>
    <class days="1000000" id="1596" start="108" weeks="1111111111111"/>
    <class days="1000000" id="1597" start="108" weeks="1111111111111"/>
    <class days="1000000" id="1598" start="108" weeks="1111111111111"/>
    <class days="1000000" id="1599" room="93" start="156" weeks="1111111111111"/>
    <class days="1000000" id="1600" start="156" weeks="1111111111111"/>
    <class days="1000000" id="1601" start="156" weeks="1111111111111"/>
    <class days="1000000" id="1602" start="156" weeks="1111111111111"/>
    <class days="0001000" id="1603" room="98" start="156" weeks="1111111111111"/>
    <class days="0001000" id="1604" start="156" weeks="1111111111111"/>
    <class days="0001000" id="1605" start="156" weeks="1111111111111"/>
    <class days="0001000" id="1606" start="156" weeks="1111111111111"/>
    <class days="0001000" id="1607" room="96" start="108" weeks="1111111111111"/>
    <class days="0001000" id="1608" start="108" weeks="1111111111111"/>
    <class days="0001000" id="1609" start="108" weeks="1111111111111"/>
    <class days="0001000" id="1610" start="108" weeks="1111111111111"/>
    <class days="1000000" id="1611" start="108" weeks="1111111111111"/>
    <class days="1000000" id="1612" start="108" weeks="1111111111111"/>
    <class days="1000000" id="1613" start="108" weeks="1111111111111"/>
    <class days="1000000" id="1614" start="108" weeks="1111111111111"/>
    <class days="1000000" id="1615" room="208" start="156" weeks="1111111111111"/>
    <class days="1000000" id="1616" start="156" weeks="1111111111111"/>
    <class days="1000000" id="1617" start="156" weeks="1111111111111"/>
    <class days="1000000" id="1618" start="156" weeks="1111111111111"/>
    <class days="0001000" id="1619" start="156" weeks="1111111111111"/>
    <class days="0001000" id="1620" start="156" weeks="1111111111111"/>
    <class days="0001000" id="1621" start="156" weeks="1111111111111"/>
    <class days="0001000" id="1622" start="156" weeks="1111111111111"/>
    <class days="0001000" id="1623" start="156" weeks="1111111111111"/>
    <class days="0001000" id="1624" start="108" weeks="1111111111111"/>
    <class days="0001000" id="1625" start="108" weeks="1111111111111"/>
    <class days="0001000" id="1626" start="108" weeks="1111111111111"/>
    <class days="1000000" id="1627" room="5" start="108" weeks="1111111111111"/>
    <class days="1000000" id="1628" start="108" weeks="1111111111111"/>
    <class days="1000000" id="1629" start="108" weeks="1111111111111"/>
    <class days="1000000" id="1630" start="108" weeks="1111111111111"/>
    <class days="1000000" id="1631" start="108" weeks="1111111111111"/>
    <class days="1000000" id="1632" start="108" weeks="1111111111111"/>
    <class days="1000000" id="1633" start="156" weeks="1111111111111"/>
    <class days="1000000" id="1634" start="156" weeks="1111111111111"/>
    <class days="1000000" id="1635" start="156" weeks="1111111111111"/>
    <class days="1000000" id="1636" start="156" weeks="1111111111111"/>
    <class days="1000000" id="1637" start="156" weeks="1111111111111"/>
    <class days="1000000" id="1638" start="156" weeks="1111111111111"/>
    <class days="0001000" id="1639" room="2" start="156" weeks="1111111111111"/>
    <class days="0001000" id="1640" start="156" weeks="1111111111111"/>
    <class days="0001000" id="1641" start="156" weeks="1111111111111"/>
    <class days="0001000" id="1642" start="156" weeks="1111111111111"/>
    <class days="0001000" id="1643" start="156" weeks="1111111111111"/>
    <class days="0001000" id="1644" start="156" weeks="1111111111111"/>
    <class days="0001000" id="1645" room="5" start="108" weeks="1111111111111"/>
    <class days="0001000" id="1646" start="108" weeks="1111111111111"/>
    <class days="0001000" id="1647" start="108" weeks="1111111111111"/>
    <class days="0001000" id="1648" start="108" weeks="1111111111111"/>
    <class days="0001000" id="1649" start="108" weeks="1111111111111"/>
    <class days="0001000" id="1650" start="108" weeks="1111111111111"/>
    <class days="0010000" id="1651" room="100" start="144" weeks="1111111111111"/>
    <class days="0010000" id="1652" start="144" weeks="1111111111111"/>
    <class days="0010000" id="1653" start="144" weeks="1111111111111"/>
    <class days="0010000" id="1654" room="97" start="144" weeks="1111111111111"/>
    <class days="0100000" id="1655" room="148" start="120" weeks="1111111111111"/>
    <class days="1000000" id="1656" room="109" start="114" weeks="1111111111111"/>
    <class days="0000100" id="1657" room="138" start="162" weeks="1111111111111"/>
    <class days="0010000" id="1658" room="141" start="246" weeks="1111111111111"/>
    <class days="0100000" id="1659" room="111" start="162" weeks="1111111111111"/>
    <class days="0001000" id="1660" room="111" start="156" weeks="1111111111111"/>
    <class days="1000000" id="1661" room="158" start="204" weeks="1111111111111"/>
    <class days="0100000" id="1662" room="109" start="162" weeks="1111111111111"/>
    <class days="0000100" id="1663" room="182" start="108" weeks="1111111111111"/>
    <class days="1000000" id="1664" room="135" start="108" weeks="1111111111111"/>
    <class days="0100000" id="1665" room="101" start="108" weeks="1111111111111"/>
    <class days="0000100" id="1666" room="111" start="108" weeks="1111111111111"/>
    <class days="0100000" id="1667" room="129" start="156" weeks="1111111111111"/>
    <class days="0000100" id="1668" room="167" start="114" weeks="1111111111111"/>
    <class days="0001000" id="1669" room="109" start="186" weeks="1111111111111"/>
    <class days="0100000" id="1670" room="159" start="108" weeks="1111111111111"/>
    <class days="0001000" id="1671" room="111" start="108" weeks="1111111111111"/>
    <class days="0001000" id="1672" room="140" start="168" weeks="1111111111111"/>
    <class days="0010000" id="1673" room="111" start="108" weeks="1111111111111"/>
    <class days="0010000" id="1674" room="182" start="120" weeks="1111111111111"/>
    <class days="0010000" id="1675" room="182" start="156" weeks="1111111111111"/>
    <class days="0010000" id="1676" room="182" start="204" weeks="1111111111111"/>
    <class days="0000100" id="1677" room="109" start="192" weeks="1111111111111"/>
    <class days="0000100" id="1678" room="182" start="156" weeks="1111111111111"/>
    <class days="0100000" id="1679" room="182" start="132" weeks="1111111111111"/>
    <class days="0010000" id="1680" room="5" start="156" weeks="1111111111111"/>
    <class days="0010000" id="1681" room="6" start="180" weeks="1111111111111"/>
    <class days="0100000" id="1682" room="97" start="156" weeks="1111111111111"/>
    <class days="0100000" id="1683" room="97" start="180" weeks="1111111111111"/>
    <class days="0100000" id="1684" room="5" start="156" weeks="1111111111111"/>
    <class days="0100000" id="1685" start="156" weeks="1111111111111"/>
    <class days="0010000" id="1686" room="109" start="144" weeks="1111111111111"/>
    <class days="1000000" id="1687" room="182" start="168" weeks="1111111111111"/>
    <class days="0100000" id="1688" room="182" start="108" weeks="1111111111111"/>
    <class days="1000000" id="1689" room="182" start="156" weeks="1111111111111"/>
    <class days="0001000" id="1690" room="182" start="114" weeks="1111111111111"/>
    <class days="1000000" id="1691" room="96" start="108" weeks="1111111111111"/>
    <class days="0010000" id="1692" room="96" start="108" weeks="1111111111111"/>
    <class days="0010000" id="1693" room="96" start="156" weeks="1111111111111"/>
    <class days="1000000" id="1694" room="96" start="132" weeks="1111111111111"/>
    <class days="0010000" id="1695" room="96" start="132" weeks="1111111111111"/>
    <class days="0010000" id="1696" room="96" start="180" weeks="1111111111111"/>
    <class days="0000100" id="1697" room="192" start="108" weeks="1111111111111"/>
    <class days="0000100" id="1698" room="95" start="204" weeks="1111111111111"/>
    <class days="0001000" id="1699" room="89" start="132" weeks="1111111111111"/>
    <class days="0001000" id="1700" room="104" start="108" weeks="1111111111111"/>
    <class days="0001000" id="1701" room="120" start="204" weeks="1111111111111"/>
    <class days="1000000" id="1702" room="145" start="108" weeks="1111111111111"/>
    <class days="0100000" id="1703" room="138" start="108" weeks="1111111111111"/>
    <class days="0100000" id="1704" room="105" start="180" weeks="1111111111111"/>
    <class days="0100000" id="1705" start="180" weeks="1111111111111"/>
    <class days="0100000" id="1706" start="180" weeks="1111111111111"/>
    <class days="0100000" id="1707" start="192" weeks="1111111111111"/>
    <class days="0100000" id="1708" start="192" weeks="1111111111111"/>
    <class days="0100000" id="1709" room="105" start="192" weeks="1111111111111"/>
    <class days="0001000" id="1710" room="123" start="156" weeks="1111111111111"/>
    <class days="0001000" id="1711" room="106" start="180" weeks="1111111111111"/>
    <class days="0100000" id="1712" room="123" start="204" weeks="1111111111111"/>
    <class days="0010000" id="1713" room="125" start="168" weeks="1111111111111"/>
    <class days="0100000" id="1714" room="123" start="180" weeks="1111111111111"/>
    <class days="0010000" id="1715" room="125" start="192" weeks="1111111111111"/>
    <class days="0100000" id="1716" room="2" start="156" weeks="1111111111111"/>
    <class days="0001000" id="1717" room="100" start="156" weeks="1111111111111"/>
    <class days="1000000" id="1718" room="98" start="108" weeks="1111111111111"/>
    <class days="0010000" id="1719" room="93" start="144" weeks="1111111111111"/>
    <class days="0010000" id="1720" room="93" start="180" weeks="1111111111111"/>
    <class days="1000000" id="1721" room="98" start="120" weeks="1111111111111"/>
    <class days="0010000" id="1722" room="93" start="156" weeks="1111111111111"/>
    <class days="0010000" id="1723" room="93" start="192" weeks="1111111111111"/>
    <class days="1000000" id="1724" room="106" start="204" weeks="1111111111111"/>
    <class days="0010000" id="1725" room="89" start="108" weeks="1111111111111"/>
    <class days="0000100" id="1726" room="96" start="108" weeks="1111111111111"/>
    <class days="0000100" id="1727" start="108" weeks="1111111111111"/>
    <class days="0000100" id="1728" room="96" start="156" weeks="1111111111111"/>
    <class days="0000100" id="1729" room="93" start="156" weeks="1111111111111"/>
    <class days="0000100" id="1730" room="93" start="132" weeks="1111111111111"/>
    <class days="0000100" id="1731" room="96" start="132" weeks="1111111111111"/>
    <class days="0000100" id="1732" room="96" start="180" weeks="1111111111111"/>
    <class days="0000100" id="1733" room="93" start="180" weeks="1111111111111"/>
    <class days="0010000" id="1734" room="94" start="108" weeks="1111111111111"/>
    <class days="0010000" id="1735" room="192" start="156" weeks="1111111111111"/>
    <class days="0100000" id="1736" room="2" start="180" weeks="1111111111111"/>
    <class days="0010000" id="1737" room="111" start="156" weeks="1111111111111"/>
    <class days="0010000" id="1738" room="111" start="180" weeks="1111111111111"/>
    <class days="0000100" id="1739" room="109" start="108" weeks="1111111111111"/>
    <class days="0000100" id="1740" room="109" start="156" weeks="1111111111111"/>
    <class days="0000100" id="1741" room="157" start="240" weeks="1111111111111"/>
    <class days="0100000" id="1742" room="208" start="168" weeks="1111111111111"/>
    <class days="0000100" id="1743" room="154" start="180" weeks="1111111111111"/>
    <class days="0001000" id="1744" room="208" start="108" weeks="1111111111111"/>
    <class days="0001000" id="1745" room="145" start="114" weeks="1111111111111"/>
    <class days="0000100" id="1746" room="144" start="120" weeks="1111111111111"/>
    <class days="0100000" id="1747" room="146" start="120" weeks="1111111111111"/>
    <class days="0100000" id="1748" room="126" start="144" weeks="1111111111111"/>
    <class days="1000000" id="1749" room="156" start="144" weeks="1111111111111"/>
    <class days="0001000" id="1750" room="149" start="120" weeks="1111111111111"/>
    <class days="0001000" id="1751" room="141" start="144" weeks="1111111111111"/>
    <class days="0100000" id="1752" room="99" start="126" weeks="1111111111111"/>
    <class days="0000100" id="1753" room="120" start="138" weeks="1111111111111"/>
    <class days="0001000" id="1754" room="204" start="156" weeks="1111111111111"/>
    <class days="0001000" id="1755" room="119" start="108" weeks="1111111111111"/>
    <class days="0001000" id="1756" room="181" start="204" weeks="1111111111111"/>
    <class days="1000000" id="1757" room="185" start="108" weeks="1111111111111"/>
    <class days="0001000" id="1758" room="181" start="180" weeks="1111111111111"/>
    <class days="0000100" id="1759" room="185" start="174" weeks="1111111111111"/>
    <class days="0100000" id="1760" room="202" start="132" weeks="1111111111111"/>
    <class days="0100000" id="1761" room="139" start="108" weeks="1111111111111"/>
    <class days="0001000" id="1762" room="148" start="120" weeks="1111111111111"/>
    <class days="0001000" id="1763" room="165" start="156" weeks="1111111111111"/>
    <class days="0010000" id="1764" room="167" start="156" weeks="1111111111111"/>
    <class days="0010000" id="1765" room="164" start="108" weeks="1111111111111"/>
    <class days="0010000" id="1766" room="201" start="108" weeks="1111111111111"/>
    <class days="0010000" id="1767" room="201" start="156" weeks="1111111111111"/>
    <class days="0010000" id="1768" room="201" start="132" weeks="1111111111111"/>
    <class days="0010000" id="1769" room="201" start="180" weeks="1111111111111"/>
    <class days="0001000" id="1770" room="201" start="108" weeks="1111111111111"/>
    <class days="0000100" id="1771" room="101" start="114" weeks="1111111111111"/>
    <class days="0001000" id="1772" room="201" start="132" weeks="1111111111111"/>
    <class days="0001000" id="1773" room="101" start="204" weeks="1111111111111"/>
    <class days="1000000" id="1774" room="201" start="180" weeks="1111111111111"/>
    <class days="1000000" id="1775" room="201" start="132" weeks="1111111111111"/>
    <class days="0000100" id="1776" room="201" start="108" weeks="1111111111111"/>
    <class days="1000000" id="1777" room="201" start="108" weeks="1111111111111"/>
    <class days="1000000" id="1778" room="201" start="216" weeks="1111111111111"/>
    <class days="0000100" id="1779" room="201" start="180" weeks="1111111111111"/>
    <class days="0010000" id="1780" room="201" start="204" weeks="1111111111111"/>
    <class days="0000100" id="1781" room="201" start="264" weeks="1111111111111"/>
    <class days="0000100" id="1782" room="201" start="192" weeks="1111111111111"/>
    <class days="0010000" id="1783" room="157" start="216" weeks="1111111111111"/>
    <class days="0000100" id="1784" room="199" start="108" weeks="1111111111111"/>
    <class days="0000100" id="1785" room="101" start="144" weeks="1111111111111"/>
    <class days="0001000" id="1786" room="129" start="132" weeks="1111111111111"/>
    <class days="1000000" id="1787" room="126" start="180" weeks="1111111111111"/>
    <class days="0001000" id="1788" room="129" start="156" weeks="1111111111111"/>
    <class days="1000000" id="1789" room="126" start="156" weeks="1111111111111"/>
    <class days="0100000" id="1790" room="106" start="108" weeks="1111111111111"/>
    <class days="0010000" id="1791" room="147" start="108" weeks="1111111111111"/>
    <class days="0100000" id="1792" room="204" start="204" weeks="1111111111111"/>
    <class days="0010000" id="1793" room="151" start="108" weeks="1111111111111"/>
    <class days="0001000" id="1794" room="161" start="108" weeks="1111111111111"/>
    <class days="0010000" id="1795" room="3" start="162" weeks="1111111111111"/>
    <class days="1000000" id="1796" room="167" start="150" weeks="1111111111111"/>
    <class days="1000000" id="1797" room="200" start="120" weeks="1111111111111"/>
    <class days="1000000" id="1798" room="3" start="108" weeks="1111111111111"/>
    <class days="0001000" id="1799" room="147" start="198" weeks="1111111111111"/>
    <class days="0001000" id="1800" room="160" start="198" weeks="1111111111111"/>
    <class days="0000100" id="1801" room="143" start="108" weeks="1111111111111"/>
    <class days="0010000" id="1802" room="157" start="108" weeks="1111111111111"/>
    <class days="0000100" id="1803" room="143" start="132" weeks="1111111111111"/>
    <class days="0010000" id="1804" room="165" start="132" weeks="1111111111111"/>
    <class days="0000100" id="1805" room="156" start="192" weeks="1111111111111"/>
    <class days="0000100" id="1806" room="160" start="144" weeks="1111111111111"/>
    <class days="0000100" id="1807" room="156" start="204" weeks="1111111111111"/>
    <class days="0000100" id="1808" room="160" start="156" weeks="1111111111111"/>
    <class days="0100000" id="1809" room="201" start="108" weeks="1111111111111"/>
    <class days="0100000" id="1810" room="201" start="168" weeks="1111111111111"/>
    <class days="0100000" id="1811" room="201" start="132" weeks="1111111111111"/>
    <class days="0100000" id="1812" room="201" start="192" weeks="1111111111111"/>
    <class days="0100000" id="1813" room="118" start="144" weeks="1111111111111"/>
    <class days="0010000" id="1814" room="38" start="192" weeks="1111111111111"/>
    <class days="0100000" id="1815" room="46" start="186" weeks="1111111111111"/>
    <class days="1000000" id="1816" room="49" start="138" weeks="1111111111111"/>
    <class days="0010000" id="1817" room="41" start="192" weeks="1111111111111"/>
    <class days="0100000" id="1818" room="41" start="144" weeks="1111111111111"/>
    <class days="0100000" id="1819" room="113" start="108" weeks="1111111111111"/>
    <class days="0000100" id="1820" room="112" start="132" weeks="1111111111111"/>
    <class days="0001000" id="1821" room="54" start="108" weeks="1111111111111"/>
    <class days="0001000" id="1822" room="54" start="120" weeks="1111111111111"/>
    <class days="0001000" id="1823" start="156" weeks="1111111111111"/>
    <class days="0001000" id="1824" start="180" weeks="1111111111111"/>
    <class days="0100000" id="1825" room="41" start="108" weeks="1111111111111"/>
    <class days="0000100" id="1826" room="55" start="132" weeks="1111111111111"/>
    <class days="0000100" id="1827" room="112" start="168" weeks="1111111111111"/>
    <class days="0000100" id="1828" room="112" start="192" weeks="1111111111111"/>
    <class days="0000100" id="1829" room="44" start="108" weeks="1111111111111"/>
    <class days="0010000" id="1830" room="58" start="108" weeks="1111111111111"/>
    <class days="0001000" id="1831" start="108" weeks="1111111111111"/>
    <class days="0001000" id="1832" start="132" weeks="1111111111111"/>
    <class days="0000100" id="1833" room="202" start="174" weeks="1111111111111"/>
    <class days="0010000" id="1834" room="202" start="108" weeks="1111111111111"/>
    <class days="0100000" id="1835" room="90" start="156" weeks="1111111111111"/>
    <class days="0100000" id="1836" room="145" start="192" weeks="1111111111111"/>
    <class days="0100000" id="1837" room="92" start="168" weeks="1111111111111"/>
    <class days="0100000" id="1838" room="94" start="204" weeks="1111111111111"/>
    <class days="0000100" id="1839" room="124" start="108" weeks="1111111111111"/>
    <class days="0000100" id="1840" room="151" start="132" weeks="1111111111111"/>
    <class days="0001000" id="1841" room="192" start="132" weeks="1111111111111"/>
    <class days="0001000" id="1842" room="192" start="108" weeks="1111111111111"/>
    <class days="0010000" id="1843" room="102" start="108" weeks="1111111111111"/>
    <class days="0010000" id="1844" room="102" start="156" weeks="1111111111111"/>
    <class days="1000000" id="1845" room="95" start="168" weeks="1111111111111"/>
    <class days="0010000" id="1846" room="161" start="168" weeks="1111111111111"/>
    <class days="0001000" id="1847" room="167" start="120" weeks="1111111111111"/>
    <class days="0001000" id="1848" room="94" start="156" weeks="1111111111111"/>
    <class days="0001000" id="1849" room="167" start="192" weeks="1111111111111"/>
    <class days="0001000" id="1850" room="143" start="216" weeks="1111111111111"/>
    <class days="1000000" id="1851" room="184" start="120" weeks="1111111111111"/>
    <class days="0100000" id="1852" room="185" start="168" weeks="1111111111111"/>
    <class days="0010000" id="1853" room="92" start="126" weeks="1111111111111"/>
    <class days="0100000" id="1854" room="143" start="114" weeks="1111111111111"/>
    <class days="0001000" id="1855" room="120" start="156" weeks="1111111111111"/>
    <class days="0001000" id="1856" room="94" start="108" weeks="1111111111111"/>
    <class days="0000100" id="1857" room="104" start="108" weeks="1111111111111"/>
    <class days="0000100" id="1858" room="104" start="144" weeks="1111111111111"/>
    <class days="0000100" id="1859" room="161" start="156" weeks="1111111111111"/>
    <class days="0000100" id="1860" room="161" start="180" weeks="1111111111111"/>
    <class days="0001000" id="1861" room="161" start="210" weeks="1111111111111"/>
    <class days="0000100" id="1862" room="103" start="204" weeks="1111111111111"/>
    <class days="0100000" id="1863" room="161" start="138" weeks="1111111111111"/>
    <class days="0010000" id="1864" room="103" start="192" weeks="1111111111111"/>
    <class days="1000000" id="1865" room="101" start="108" weeks="1111111111111"/>
    <class days="1000000" id="1866" room="138" start="156" weeks="1111111111111"/>
    <class days="0010000" id="1867" room="199" start="156" weeks="1111111111111"/>
    <class days="0010000" id="1868" room="199" start="108" weeks="1111111111111"/>
    <class days="0001000" id="1869" room="95" start="144" weeks="1111111111111"/>
    <class days="1000000" id="1870" room="165" start="192" weeks="1111111111111"/>
    <class days="1000000" id="1871" room="168" start="192" weeks="1111111111111"/>
    <class days="1000000" id="1872" room="168" start="108" weeks="1111111111111"/>
    <class days="0001000" id="1873" room="200" start="108" weeks="1111111111111"/>
    <class days="0001000" id="1874" room="92" start="144" weeks="1111111111111"/>
    <class days="0001000" id="1875" room="99" start="180" weeks="1111111111111"/>
    <class days="0010000" id="1876" room="200" start="204" weeks="1111111111111"/>
    <class days="0001000" id="1877" room="132" start="204" weeks="1111111111111"/>
    <class days="1000000" id="1878" room="204" start="162" weeks="1111111111111"/>
    <class days="0001000" id="1879" room="154" start="168" weeks="1111111111111"/>
    <class days="0000100" id="1880" room="149" start="192" weeks="1111111111111"/>
    <class days="0010000" id="1881" room="1" start="264" weeks="1111111111111"/>
    <class days="0100000" id="1882" room="129" start="108" weeks="1111111111111"/>
    <class days="1000000" id="1883" room="157" start="204" weeks="1111111111111"/>
    <class days="0010000" id="1884" room="154" start="108" weeks="1111111111111"/>
    <class days="0000100" id="1885" room="138" start="108" weeks="1111111111111"/>
    <class days="0000100" id="1886" room="144" start="162" weeks="1111111111111"/>
    <class days="0000100" id="1887" room="155" start="108" weeks="1111111111111"/>
    <class days="1000000" id="1888" room="135" start="180" weeks="1111111111111"/>
    <class days="0000100" id="1889" room="121" start="180" weeks="1111111111111"/>
    <class days="1000000" id="1890" room="129" start="114" weeks="1111111111111"/>
    <class days="0100000" id="1891" room="146" start="192" weeks="1111111111111"/>
    <class days="0010000" id="1892" room="153" start="132" weeks="1111111111111"/>
    <class days="0010000" id="1893" room="153" start="108" weeks="1111111111111"/>
    <class days="0100000" id="1894" room="134" start="216" weeks="1111111111111"/>
    <class days="0000100" id="1895" room="134" start="204" weeks="1111111111111"/>
    <class days="0001000" id="1896" room="133" start="192" weeks="1111111111111"/>
    <class days="0010000" id="1897" room="134" start="168" weeks="1111111111111"/>
    <class days="1000000" id="1898" room="99" start="108" weeks="1111111111111"/>
    <class days="1000000" id="1899" room="140" start="156" weeks="1111111111111"/>
    <class days="0000100" id="1900" room="129" start="156" weeks="1111111111111"/>
    <class days="0000100" id="1901" room="161" start="108" weeks="1111111111111"/>
    <class days="0001000" id="1902" room="202" start="204" weeks="1111111111111"/>
    <class days="0100000" id="1903" room="91" start="108" weeks="1111111111111"/>
    <class days="0100000" id="1904" room="95" start="132" weeks="1111111111111"/>
    <class days="0100000" id="1905" room="94" start="156" weeks="1111111111111"/>
    <class days="0100000" id="1906" room="91" start="180" weeks="1111111111111"/>
    <class days="0100000" id="1907" room="92" start="108" weeks="1111111111111"/>
    <class days="0100000" id="1908" room="91" start="132" weeks="1111111111111"/>
    <class days="0100000" id="1909" room="91" start="156" weeks="1111111111111"/>
    <class days="0100000" id="1910" room="202" start="180" weeks="1111111111111"/>
    <class days="0100000" id="1911" room="94" start="180" weeks="1111111111111"/>
    <class days="0000100" id="1912" room="91" start="156" weeks="1111111111111"/>
    <class days="0000100" id="1913" room="94" start="180" weeks="1111111111111"/>
    <class days="0000100" id="1914" room="203" start="108" weeks="1111111111111"/>
    <class days="0000100" id="1915" room="94" start="132" weeks="1111111111111"/>
    <class days="0000100" id="1916" room="94" start="156" weeks="1111111111111"/>
    <class days="0000100" id="1917" room="95" start="180" weeks="1111111111111"/>
    <class days="0000100" id="1918" room="91" start="108" weeks="1111111111111"/>
    <class days="0000100" id="1919" room="92" start="132" weeks="1111111111111"/>
    <class days="0000100" id="1920" room="202" start="132" weeks="1111111111111"/>
    <class days="0000100" id="1921" room="105" start="150" weeks="1111111111111"/>
    <class days="1000000" id="1922" room="105" start="108" weeks="1111111111111"/>
    <class days="0000100" id="1923" room="105" start="108" weeks="1111111111111"/>
    <class days="0001000" id="1924" room="105" start="108" weeks="1111111111111"/>
    <class days="0001000" id="1925" room="143" start="180" weeks="1111111111111"/>
    <class days="0010000" id="1926" room="145" start="108" weeks="1111111111111"/>
    <class days="0001000" id="1927" room="105" start="108" weeks="1111111111111"/>
    <class days="1000000" id="1928" room="105" start="108" weeks="1111111111111"/>
    <class days="1000000" id="1929" room="124" start="156" weeks="1111111111111"/>
    <class days="0000100" id="1930" room="3" start="108" weeks="1111111111111"/>
    <class days="0010000" id="1931" room="105" start="120" weeks="1111111111111"/>
    <class days="0100000" id="1932" room="133" start="114" weeks="1111111111111"/>
    <class days="1000000" id="1933" room="105" start="234" weeks="1111111111111"/>
    <class days="0010000" id="1934" room="105" start="180" weeks="1111111111111"/>
    <class days="0100000" id="1935" room="138" start="132" weeks="1111111111111"/>
    <class days="0000100" id="1936" room="158" start="168" weeks="1111111111111"/>
    <class days="0010000" id="1937" room="103" start="168" weeks="1111111111111"/>
    <class days="1000000" id="1938" room="105" start="144" weeks="1111111111111"/>
    <class days="0010000" id="1939" room="151" start="144" weeks="1111111111111"/>
    <class days="0100000" id="1940" room="105" start="144" weeks="1111111111111"/>
    <class days="0010000" id="1941" room="144" start="114" weeks="1111111111111"/>
    <class days="1000000" id="1942" room="105" start="144" weeks="1111111111111"/>
    <class days="0010000" id="1943" room="203" start="144" weeks="1111111111111"/>
    <class days="0000100" id="1944" room="165" start="108" weeks="1111111111111"/>
    <class days="0001000" id="1945" room="91" start="174" weeks="1111111111111"/>
    <class days="1000000" id="1946" room="105" start="180" weeks="1111111111111"/>
    <class days="0100000" id="1947" room="156" start="132" weeks="1111111111111"/>
    <class days="0000100" id="1948" room="135" start="150" weeks="1111111111111"/>
    <class days="0001000" id="1949" room="145" start="156" weeks="1111111111111"/>
    <class days="0001000" id="1950" room="131" start="174" weeks="1111111111111"/>
    <class days="0001000" id="1951" room="72" start="108" weeks="1111111111111"/>
    <class days="0010000" id="1952" room="51" start="144" weeks="1111111111111"/>
    <class days="0010000" id="1953" room="51" start="168" weeks="1111111111111"/>
    <class days="1000000" id="1954" room="196" start="168" weeks="1111111111111"/>
    <class days="1000000" id="1955" room="196" start="192" weeks="1111111111111"/>
    <class days="0000100" id="1956" room="56" start="108" weeks="1111111111111"/>
    <class days="0000100" id="1957" room="37" start="132" weeks="1111111111111"/>
    <class days="0000100" id="1958" room="118" start="186" weeks="1111111111111"/>
    <class days="0000100" id="1959" room="53" start="156" weeks="1111111111111"/>
    <class days="0100000" id="1960" room="115" start="198" weeks="1111111111111"/>
    <class days="0001000" id="1961" room="55" start="186" weeks="1111111111111"/>
    <class days="0100000" id="1962" room="51" start="132" weeks="1111111111111"/>
    <class days="0010000" id="1963" room="51" start="192" weeks="1111111111111"/>
    <class days="0000100" id="1964" room="196" start="108" weeks="1111111111111"/>
    <class days="0000100" id="1965" room="196" start="132" weeks="1111111111111"/>
    <class days="0010000" id="1966" room="51" start="108" weeks="1111111111111"/>
    <class days="0010000" id="1967" room="51" start="120" weeks="1111111111111"/>
    <class days="0001000" id="1968" room="49" start="108" weeks="1111111111111"/>
    <class days="0001000" id="1969" room="51" start="132" weeks="1111111111111"/>
    <class days="0010000" id="1970" room="113" start="144" weeks="1111111111111"/>
    <class days="0010000" id="1971" room="113" start="168" weeks="1111111111111"/>
    <class days="1000000" id="1972" room="113" start="186" weeks="1111111111111"/>
    <class days="0010000" id="1973" room="113" start="108" weeks="1111111111111"/>
    <class days="0010000" id="1974" room="113" start="120" weeks="1111111111111"/>
    <class days="1000000" id="1975" room="118" start="156" weeks="1111111111111"/>
    <class days="0100000" id="1976" room="118" start="180" weeks="1111111111111"/>
    <class days="1000000" id="1977" room="59" start="108" weeks="1111111111111"/>
    <class days="1000000" id="1978" room="41" start="132" weeks="1111111111111"/>
    <class days="0010000" id="1979" room="103" start="156" weeks="1111111111111"/>
    <class days="0010000" id="1980" room="168" start="132" weeks="1111111111111"/>
    <class days="1000000" id="1981" room="205" start="144" weeks="1111111111111"/>
    <class days="0010000" id="1982" room="205" start="168" weeks="1111111111111"/>
    <class days="1000000" id="1983" room="205" start="156" weeks="1111111111111"/>
    <class days="0010000" id="1984" room="205" start="180" weeks="1111111111111"/>
    <class days="1000000" id="1985" room="142" start="108" weeks="1111111111111"/>
    <class days="0000100" id="1986" room="90" start="120" weeks="1111111111111"/>
    <class days="0000100" id="1987" room="90" start="132" weeks="1111111111111"/>
    <class days="0100000" id="1988" room="151" start="144" weeks="1111111111111"/>
    <class days="0100000" id="1989" room="151" start="156" weeks="1111111111111"/>
    <class days="0010000" id="1990" room="168" start="210" weeks="1111111111111"/>
    <class days="0010000" id="1991" room="168" start="108" weeks="1111111111111"/>
    <class days="0010000" id="1992" room="161" start="108" weeks="1111111111111"/>
    <class days="0000100" id="1993" room="4" start="156" weeks="1111111111111"/>
    <class days="0100000" id="1994" room="122" start="210" weeks="1111111111111"/>
    <class days="0000100" id="1995" room="122" start="204" weeks="1111111111111"/>
    <class days="0010000" id="1996" room="99" start="162" weeks="1111111111111"/>
    <class days="0001000" id="1997" room="175" start="156" weeks="1111111111111"/>
    <class days="0001000" id="1998" room="175" start="168" weeks="1111111111111"/>
    <class days="0100000" id="1999" room="200" start="192" weeks="1111111111111"/>
    <class days="0100000" id="2000" room="199" start="126" weeks="1111111111111"/>
    <class days="0001000" id="2001" room="165" start="120" weeks="1111111111111"/>
    <class days="0001000" id="2002" room="165" start="132" weeks="1111111111111"/>
    <class days="0010000" id="2003" room="161" start="156" weeks="1111111111111"/>
    <class days="0010000" id="2004" room="161" start="132" weeks="1111111111111"/>
    <class days="1000000" id="2005" room="147" start="204" weeks="1111111111111"/>
    <class days="0010000" id="2006" room="129" start="114" weeks="1111111111111"/>
    <class days="0001000" id="2007" room="200" start="186" weeks="1111111111111"/>
    <class days="1000000" id="2008" room="202" start="132" weeks="1111111111111"/>
    <class days="1000000" id="2009" room="141" start="180" weeks="1111111111111"/>
    <class days="0000100" id="2010" room="139" start="210" weeks="1111111111111"/>
    <class days="0000100" id="2011" room="139" start="186" weeks="1111111111111"/>
    <class days="0001000" id="2012" room="142" start="234" weeks="1111111111111"/>
    <class days="0010000" id="2013" room="90" start="156" weeks="1111111111111"/>
    <class days="0001000" id="2014" room="3" start="264" weeks="1111111111111"/>
    <class days="0100000" id="2015" room="135" start="186" weeks="1111111111111"/>
    <class days="0010000" id="2016" room="148" start="156" weeks="1111111111111"/>
    <class days="1000000" id="2017" room="199" start="180" weeks="1111111111111"/>
    <class days="0000100" id="2018" room="157" start="156" weeks="1111111111111"/>
    <class days="1000000" id="2019" room="133" start="204" weeks="1111111111111"/>
    <class days="1000000" id="2020" room="200" start="180" weeks="1111111111111"/>
    <class days="0010000" id="2021" room="117" start="132" weeks="1111111111111"/>
    <class days="0100000" id="2022" room="99" start="174" weeks="1111111111111"/>
    <class days="0001000" id="2023" room="158" start="126" weeks="1111111111111"/>
    <class days="0010000" id="2024" room="155" start="216" weeks="1111111111111"/>
    <class days="0100000" id="2025" room="155" start="156" weeks="1111111111111"/>
    <class days="0100000" id="2026" room="204" start="132" weeks="1111111111111"/>
    <class days="0100000" id="2027" room="204" start="108" weeks="1111111111111"/>
    <class days="1000000" id="2028" room="130" start="132" weeks="1111111111111"/>
    <class days="0100000" id="2029" room="166" start="204" weeks="1111111111111"/>
    <class days="0100000" id="2030" room="166" start="180" weeks="1111111111111"/>
    <class days="0010000" id="2031" room="130" start="174" weeks="1111111111111"/>
    <class days="0100000" id="2032" room="149" start="132" weeks="1111111111111"/>
    <class days="0000100" id="2033" room="153" start="108" weeks="1111111111111"/>
    <class days="0001000" id="2034" room="149" start="156" weeks="1111111111111"/>
    <class days="0010000" id="2035" room="123" start="132" weeks="1111111111111"/>
    <class days="0010000" id="2036" room="90" start="180" weeks="1111111111111"/>
    <class days="0001000" id="2037" room="139" start="120" weeks="1111111111111"/>
    <class days="0001000" id="2038" room="205" start="216" weeks="1111111111111"/>
    <class days="1000000" id="2039" room="205" start="180" weeks="1111111111111"/>
    <class days="0000100" id="2040" room="156" start="108" weeks="1111111111111"/>
    <class days="0010000" id="2041" room="204" start="192" weeks="1111111111111"/>
    <class days="0000100" id="2042" room="166" start="180" weeks="1111111111111"/>
    <class days="1000000" id="2043" room="163" start="108" weeks="1111111111111"/>
    <class days="0100000" id="2044" room="129" start="132" weeks="1111111111111"/>
    <class days="0001000" id="2045" room="158" start="204" weeks="1111111111111"/>
    <class days="0010000" id="2046" room="117" start="186" weeks="1111111111111"/>
    <class days="1000000" id="2047" room="132" start="192" weeks="1111111111111"/>
    <class days="1000000" id="2048" room="131" start="162" weeks="1111111111111"/>
    <class days="0000100" id="2049" room="131" start="204" weeks="1111111111111"/>
    <class days="0000100" id="2050" room="175" start="108" weeks="1111111111111"/>
    <class days="0010000" id="2051" room="130" start="198" weeks="1111111111111"/>
    <class days="0100000" id="2052" room="203" start="108" weeks="1111111111111"/>
    <class days="1000000" id="2053" room="160" start="156" weeks="1111111111111"/>
    <class days="0001000" id="2054" room="143" start="156" weeks="1111111111111"/>
    <class days="0001000" id="2055" room="150" start="120" weeks="1111111111111"/>
    <class days="1000000" id="2056" room="99" start="204" weeks="1111111111111"/>
    <class days="0000100" id="2057" room="106" start="204" weeks="1111111111111"/>
    <class days="0100000" id="2058" room="140" start="168" weeks="1111111111111"/>
    <class days="0100000" id="2059" room="163" start="192" weeks="1111111111111"/>
    <class days="0001000" id="2060" room="140" start="204" weeks="1111111111111"/>
    <class days="0001000" id="2061" room="138" start="216" weeks="1111111111111"/>
    <class days="0000100" id="2062" room="105" start="216" weeks="1111111111111"/>
    <class days="0010000" id="2063" room="149" start="246" weeks="1111111111111"/>
    <class days="0001000" id="2064" room="122" start="216" weeks="1111111111111"/>
    <class days="0001000" id="2065" room="91" start="132" weeks="1111111111111"/>
    <class days="0000100" id="2066" room="103" start="156" weeks="1111111111111"/>
    <class days="1000000" id="2067" room="102" start="156" weeks="1111111111111"/>
    <class days="0001000" id="2068" room="103" start="204" weeks="1111111111111"/>
    <class days="0000100" id="2069" room="146" start="186" weeks="1111111111111"/>
    <class days="1000000" id="2070" room="92" start="180" weeks="1111111111111"/>
    <class days="0100000" id="2071" room="181" start="180" weeks="1111111111111"/>
    <class days="0010000" id="2072" room="185" start="156" weeks="1111111111111"/>
    <class days="0001000" id="2073" room="157" start="174" weeks="1111111111111"/>
    <class days="0000100" id="2074" room="140" start="114" weeks="1111111111111"/>
    <class days="1000000" id="2075" room="164" start="132" weeks="1111111111111"/>
    <class days="0000100" id="2076" room="149" start="156" weeks="1111111111111"/>
    <class days="0000100" id="2077" room="162" start="126" weeks="1111111111111"/>
    <class days="0100000" id="2078" room="202" start="156" weeks="1111111111111"/>
    <class days="0001000" id="2079" room="106" start="204" weeks="1111111111111"/>
    <class days="0010000" id="2080" room="104" start="156" weeks="1111111111111"/>
    <class days="0000100" id="2081" room="106" start="162" weeks="1111111111111"/>
    <class days="1000000" id="2082" room="151" start="168" weeks="1111111111111"/>
    <class days="1000000" id="2083" room="162" start="108" weeks="1111111111111"/>
    <class days="0001000" id="2084" room="137" start="168" weeks="1111111111111"/>
    <class days="0100000" id="2085" room="164" start="204" weeks="1111111111111"/>
    <class days="0100000" id="2086" room="132" start="192" weeks="1111111111111"/>
    <class days="0001000" id="2087" room="190" start="120" weeks="1111111111111"/>
    <class days="0001000" id="2088" room="136" start="108" weeks="1111111111111"/>
    <class days="1000000" id="2089" room="120" start="204" weeks="1111111111111"/>
    <class days="0010000" id="2090" room="130" start="120" weeks="1111111111111"/>
    <class days="1000000" id="2091" room="91" start="204" weeks="1111111111111"/>
    <class days="1000000" id="2092" room="157" start="132" weeks="1111111111111"/>
    <class days="0010000" id="2093" room="120" start="204" weeks="1111111111111"/>
    <class days="0100000" id="2094" room="105" start="204" weeks="1111111111111"/>
    <class days="0000100" id="2095" room="89" start="198" weeks="1111111111111"/>
    <class days="0010000" id="2096" room="131" start="114" weeks="1111111111111"/>
    <class days="0001000" id="2097" room="166" start="186" weeks="1111111111111"/>
    <class days="1000000" id="2098" room="1" start="198" weeks="1111111111111"/>
    <class days="0100000" id="2099" room="131" start="162" weeks="1111111111111"/>
    <class days="0100000" id="2100" room="132" start="126" weeks="1111111111111"/>
    <class days="0010000" id="2101" room="154" start="174" weeks="1111111111111"/>
    <class days="0001000" id="2102" room="162" start="186" weeks="1111111111111"/>
    <class days="0010000" id="2103" room="91" start="156" weeks="1111111111111"/>
    <class days="0001000" id="2104" room="141" start="174" weeks="1111111111111"/>
    <class days="0100000" id="2105" room="146" start="168" weeks="1111111111111"/>
    <class days="1000000" id="2106" room="145" start="156" weeks="1111111111111"/>
    <class days="0000100" id="2107" room="132" start="126" weeks="1111111111111"/>
    <class days="0100000" id="2108" room="164" start="108" weeks="1111111111111"/>
    <class days="0100000" id="2109" room="151" start="192" weeks="1111111111111"/>
    <class days="0100000" id="2110" room="165" start="132" weeks="1111111111111"/>
    <class days="0010000" id="2111" room="126" start="204" weeks="1111111111111"/>
    <class days="1000000" id="2112" room="162" start="204" weeks="1111111111111"/>
    <class days="1000000" id="2113" start="120" weeks="1111111111111"/>
    <class days="0010000" id="2114" start="180" weeks="1111111111111"/>
    <class days="1000000" id="2115" start="186" weeks="1111111111111"/>
    <class days="1000000" id="2116" start="126" weeks="1111111111111"/>
    <class days="1000000" id="2117" start="132" weeks="1111111111111"/>
    <class days="0100000" id="2118" start="108" weeks="1111111111111"/>
    <class days="1000000" id="2119" start="108" weeks="1111111111111"/>
    <class days="0001000" id="2120" start="132" weeks="1111111111111"/>
    <class days="0000100" id="2121" room="156" start="156" weeks="1111111111111"/>
    <class days="0010000" id="2122" room="154" start="132" weeks="1111111111111"/>
    <class days="1000000" id="2123" room="132" start="156" weeks="1111111111111"/>
    <class days="1000000" id="2124" room="92" start="120" weeks="1111111111111"/>
    <class days="0010000" id="2125" room="168" start="180" weeks="1111111111111"/>
    <class days="0010000" id="2126" room="141" start="192" weeks="1111111111111"/>
    <class days="1000000" id="2127" room="155" start="108" weeks="1111111111111"/>
    <class days="0000100" id="2128" room="141" start="120" weeks="1111111111111"/>
    <class days="0100000" id="2129" room="133" start="192" weeks="1111111111111"/>
    <class days="0000100" id="2130" room="123" start="192" weeks="1111111111111"/>
    <class days="1000000" id="2131" room="155" start="180" weeks="1111111111111"/>
    <class days="0000100" id="2132" room="1" start="186" weeks="1111111111111"/>
    <class days="1000000" id="2133" room="152" start="156" weeks="1111111111111"/>
    <class days="0100000" id="2134" room="152" start="156" weeks="1111111111111"/>
    <class days="0010000" id="2135" room="152" start="156" weeks="1111111111111"/>
    <class days="0001000" id="2136" room="152" start="156" weeks="1111111111111"/>
    <class days="0000100" id="2137" room="152" start="156" weeks="1111111111111"/>
    <class days="1000000" id="2138" room="152" start="108" weeks="1111111111111"/>
    <class days="0100000" id="2139" room="152" start="108" weeks="1111111111111"/>
    <class days="0010000" id="2140" room="152" start="108" weeks="1111111111111"/>
    <class days="0001000" id="2141" room="152" start="108" weeks="1111111111111"/>
    <class days="0000100" id="2142" room="152" start="108" weeks="1111111111111"/>
    <class days="1000000" id="2143" room="166" start="108" weeks="1111111111111"/>
    <class days="0100000" id="2144" room="166" start="108" weeks="1111111111111"/>
    <class days="0010000" id="2145" room="166" start="108" weeks="1111111111111"/>
    <class days="0001000" id="2146" room="166" start="108" weeks="1111111111111"/>
    <class days="0000100" id="2147" room="166" start="108" weeks="1111111111111"/>
    <class days="1000000" id="2148" room="128" start="108" weeks="1111111111111"/>
    <class days="0100000" id="2149" room="128" start="108" weeks="1111111111111"/>
    <class days="0010000" id="2150" room="128" start="108" weeks="1111111111111"/>
    <class days="0001000" id="2151" room="128" start="108" weeks="1111111111111"/>
    <class days="0000100" id="2152" room="128" start="108" weeks="1111111111111"/>
    <class days="0100000" id="2153" room="165" start="180" weeks="1111111111111"/>
    <class days="0010000" id="2154" room="147" start="180" weeks="1111111111111"/>
    <class days="0001000" id="2155" room="153" start="180" weeks="1111111111111"/>
    <class days="1000000" id="2156" room="143" start="126" weeks="1111111111111"/>
    <class days="0100000" id="2157" room="3" start="156" weeks="1111111111111"/>
    <class days="0100000" id="2158" room="130" start="108" weeks="1111111111111"/>
    <class days="0000100" id="2159" room="152" start="204" weeks="1111111111111"/>
    <class days="0001000" id="2160" room="45" start="108" weeks="1111111111111"/>
    <class days="0001000" id="2161" room="53" start="156" weeks="1111111111111"/>
    <class days="0001000" id="2162" room="55" start="132" weeks="1111111111111"/>
    <class days="0001000" id="2163" room="45" start="180" weeks="1111111111111"/>
    <class days="0001000" id="2164" room="47" start="144" weeks="1111111111111"/>
    <class days="0001000" id="2165" room="38" start="192" weeks="1111111111111"/>
    <class days="1000000" id="2166" room="49" start="108" weeks="1111111111111"/>
    <class days="0000100" id="2167" room="53" start="180" weeks="1111111111111"/>
    <class days="1000000" id="2168" room="59" start="132" weeks="1111111111111"/>
    <class days="1000000" id="2169" room="49" start="180" weeks="1111111111111"/>
    <class days="1000000" id="2170" room="42" start="144" weeks="1111111111111"/>
    <class days="1000000" id="2171" room="42" start="192" weeks="1111111111111"/>
    <class days="0010000" id="2172" room="114" start="108" weeks="1111111111111"/>
    <class days="0100000" id="2173" room="114" start="132" weeks="1111111111111"/>
    <class days="0100000" id="2174" room="115" start="108" weeks="1111111111111"/>
    <class days="0100000" id="2175" room="57" start="156" weeks="1111111111111"/>
    <class days="0100000" id="2176" room="72" start="108" weeks="1111111111111"/>
    <class days="0100000" id="2177" room="42" start="132" weeks="1111111111111"/>
    <class days="1000000" id="2178" room="116" start="108" weeks="1111111111111"/>
    <class days="1000000" id="2179" room="116" start="132" weeks="1111111111111"/>
    <class days="0100000" id="2180" room="116" start="156" weeks="1111111111111"/>
    <class days="0100000" id="2181" room="56" start="180" weeks="1111111111111"/>
    <class days="0010000" id="2182" room="47" start="156" weeks="1111111111111"/>
    <class days="0010000" id="2183" room="56" start="156" weeks="1111111111111"/>
    <class days="0010000" id="2184" room="47" start="180" weeks="1111111111111"/>
    <class days="0010000" id="2185" room="115" start="180" weeks="1111111111111"/>
    <class days="0001000" id="2186" room="42" start="108" weeks="1111111111111"/>
    <class days="0001000" id="2187" room="113" start="156" weeks="1111111111111"/>
    <class days="0001000" id="2188" room="113" start="132" weeks="1111111111111"/>
    <class days="0001000" id="2189" room="37" start="180" weeks="1111111111111"/>
    <class days="0010000" id="2190" room="114" start="156" weeks="1111111111111"/>
    <class days="0010000" id="2191" room="72" start="180" weeks="1111111111111"/>
    <class days="0001000" id="2192" room="37" start="108" weeks="1111111111111"/>
    <class days="0001000" id="2193" room="115" start="156" weeks="1111111111111"/>
    <class days="0001000" id="2194" room="60" start="132" weeks="1111111111111"/>
    <class days="0001000" id="2195" room="57" start="180" weeks="1111111111111"/>
    <class days="0000100" id="2196" room="197" start="108" weeks="1111111111111"/>
    <class days="0000100" id="2197" room="197" start="156" weeks="1111111111111"/>
    <class days="0000100" id="2198" room="197" start="132" weeks="1111111111111"/>
    <class days="0000100" id="2199" room="197" start="180" weeks="1111111111111"/>
    <class days="1000000" id="2200" room="116" start="156" weeks="1111111111111"/>
    <class days="1000000" id="2201" room="44" start="180" weeks="1111111111111"/>
    <class days="0100000" id="2202" room="126" start="108" weeks="1111111111111"/>
    <class days="0001000" id="2203" room="1" start="204" weeks="1111111111111"/>
    <class days="0010000" id="2204" room="158" start="108" weeks="1111111111111"/>
    <class days="0010000" id="2205" room="146" start="132" weeks="1111111111111"/>
    <class days="1000000" id="2206" room="148" start="120" weeks="1111111111111"/>
    <class days="0000100" id="2207" room="153" start="198" weeks="1111111111111"/>
    <class days="0001000" id="2208" room="142" start="156" weeks="1111111111111"/>
    <class days="0001000" id="2209" room="3" start="204" weeks="1111111111111"/>
    <class days="0000100" id="2210" room="139" start="108" weeks="1111111111111"/>
    <class days="0010000" id="2211" room="140" start="126" weeks="1111111111111"/>
    <class days="0010000" id="2212" room="133" start="180" weeks="1111111111111"/>
    <class days="1000000" id="2213" room="146" start="204" weeks="1111111111111"/>
    <class days="0100000" id="2214" room="140" start="132" weeks="1111111111111"/>
    <class days="1000000" id="2215" room="120" start="108" weeks="1111111111111"/>
    <class days="0010000" id="2216" room="132" start="168" weeks="1111111111111"/>
    <class days="0001000" id="2217" room="158" start="168" weeks="1111111111111"/>
    <class days="1000000" id="2218" room="181" start="180" weeks="1111111111111"/>
    <class days="0100000" id="2219" room="156" start="180" weeks="1111111111111"/>
    <class days="0100000" id="2220" room="150" start="162" weeks="1111111111111"/>
    <class days="1000000" id="2221" room="141" start="144" weeks="1111111111111"/>
    <class days="0100000" id="2222" room="160" start="138" weeks="1111111111111"/>
    <class days="1000000" id="2223" room="3" start="198" weeks="1111111111111"/>
    <class days="0000100" id="2224" room="204" start="108" weeks="1111111111111"/>
    <class days="0010000" id="2225" room="1" start="132" weeks="1111111111111"/>
    <class days="0000100" id="2226" room="123" start="234" weeks="1111111111111"/>
    <class days="0001000" id="2227" room="203" start="108" weeks="1111111111111"/>
    <class days="1000000" id="2228" room="106" start="168" weeks="1111111111111"/>
    <class days="0010000" id="2229" room="145" start="180" weeks="1111111111111"/>
    <class days="0010000" id="2230" room="202" start="156" weeks="1111111111111"/>
    <class days="0100000" id="2231" room="105" start="108" weeks="1111111111111"/>
    <class days="1000000" id="2232" room="161" start="108" weeks="1111111111111"/>
    <class days="0100000" id="2233" room="150" start="162" weeks="1111111111111"/>
    <class days="0001000" id="2234" room="102" start="252" weeks="1111111111111"/>
    <class days="0010000" id="2235" room="77" start="192" weeks="1111111111111"/>
    <class days="0000100" id="2236" room="136" start="180" weeks="1111111111111"/>
    <class days="0100000" id="2237" room="131" start="192" weeks="1111111111111"/>
    <class days="0010000" id="2238" room="141" start="156" weeks="1111111111111"/>
    <class days="0010000" id="2239" room="92" start="162" weeks="1111111111111"/>
    <class days="1000000" id="2240" room="153" start="156" weeks="1111111111111"/>
    <class days="0100000" id="2241" room="162" start="192" weeks="1111111111111"/>
    <class days="0001000" id="2242" room="139" start="180" weeks="1111111111111"/>
    <class days="0010000" id="2243" room="148" start="186" weeks="1111111111111"/>
    <class days="0001000" id="2244" room="135" start="186" weeks="1111111111111"/>
    <class days="1000000" id="2245" room="129" start="252" weeks="1111111111111"/>
    <class days="0100000" id="2246" room="200" start="108" weeks="1111111111111"/>
    <class days="1000000" id="2247" room="143" start="186" weeks="1111111111111"/>
    <class days="1000000" id="2248" room="137" start="114" weeks="1111111111111"/>
    <class days="1000000" id="2249" room="151" start="210" weeks="1111111111111"/>
    <class days="0010000" id="2250" room="150" start="180" weeks="1111111111111"/>
    <class days="1000000" id="2251" room="72" start="162" weeks="1111111111111"/>
    <class days="1000000" id="2252" room="118" start="192" weeks="1111111111111"/>
    <class days="0001000" id="2253" room="116" start="162" weeks="1111111111111"/>
    <class days="0010000" id="2254" room="57" start="192" weeks="1111111111111"/>
    <class days="0001000" id="2255" room="60" start="162" weeks="1111111111111"/>
    <class days="0010000" id="2256" room="61" start="192" weeks="1111111111111"/>
    <class days="0100000" id="2257" room="39" start="144" weeks="1111111111111"/>
    <class days="0001000" id="2258" room="115" start="192" weeks="1111111111111"/>
    <class days="0100000" id="2259" room="116" start="114" weeks="1111111111111"/>
    <class days="1000000" id="2260" room="42" start="228" weeks="1111111111111"/>
    <class days="0010000" id="2261" room="116" start="180" weeks="1111111111111"/>
    <class days="0010000" id="2262" room="53" start="216" weeks="1111111111111"/>
    <class days="0000100" id="2263" room="61" start="174" weeks="1111111111111"/>
    <class days="0001000" id="2264" room="46" start="216" weeks="1111111111111"/>
    <class days="1000000" id="2265" room="61" start="132" weeks="1111111111111"/>
    <class days="0100000" id="2266" room="49" start="192" weeks="1111111111111"/>
    <class days="0000100" id="2267" room="57" start="114" weeks="1111111111111"/>
    <class days="0010000" id="2268" room="116" start="156" weeks="1111111111111"/>
    <class days="1000000" id="2269" room="61" start="168" weeks="1111111111111"/>
    <class days="0010000" id="2270" room="44" start="192" weeks="1111111111111"/>
    <class days="1000000" id="2271" room="48" start="168" weeks="1111111111111"/>
    <class days="1000000" id="2272" room="56" start="192" weeks="1111111111111"/>
    <class days="0010000" id="2273" room="41" start="144" weeks="1111111111111"/>
    <class days="1000000" id="2274" room="46" start="168" weeks="1111111111111"/>
    <class days="1000000" id="2275" room="55" start="192" weeks="1111111111111"/>
    <class days="0000100" id="2276" room="72" start="204" weeks="1111111111111"/>
    <class days="0001000" id="2277" room="46" start="252" weeks="1111111111111"/>
    <class days="0010000" id="2278" room="59" start="108" weeks="1111111111111"/>
    <class days="0010000" id="2279" room="48" start="156" weeks="1111111111111"/>
    <class days="0010000" id="2280" room="39" start="156" weeks="1111111111111"/>
    <class days="1000000" id="2281" room="59" start="216" weeks="1111111111111"/>
    <class days="0000100" id="2282" room="46" start="156" weeks="1111111111111"/>
    <class days="0000100" id="2283" room="37" start="216" weeks="1111111111111"/>
    <class days="0000100" id="2284" room="57" start="162" weeks="1111111111111"/>
    <class days="0010000" id="2285" room="72" start="228" weeks="1111111111111"/>
    <class days="0000100" id="2286" room="46" start="120" weeks="1111111111111"/>
    <class days="0001000" id="2287" room="45" start="192" weeks="1111111111111"/>
    <class days="1000000" id="2288" room="199" start="156" weeks="1111111111111"/>
    <class days="0100000" id="2289" room="59" start="174" weeks="1111111111111"/>
    <class days="0100000" id="2290" room="116" start="216" weeks="1111111111111"/>
    <class days="0010000" id="2291" room="40" start="138" weeks="1111111111111"/>
    <class days="0001000" id="2292" room="40" start="180" weeks="1111111111111"/>
    <class days="0010000" id="2293" room="40" start="114" weeks="1111111111111"/>
    <class days="0001000" id="2294" room="40" start="156" weeks="1111111111111"/>
    <class days="0000100" id="2295" room="40" start="138" weeks="1111111111111"/>
    <class days="0100000" id="2296" room="40" start="156" weeks="1111111111111"/>
    <class days="0000100" id="2297" room="40" start="114" weeks="1111111111111"/>
    <class days="0100000" id="2298" room="40" start="132" weeks="1111111111111"/>
    <class days="0010000" id="2299" room="196" start="186" weeks="1111111111111"/>
    <class days="0100000" id="2300" room="196" start="132" weeks="1111111111111"/>
    <class days="0010000" id="2301" room="196" start="162" weeks="1111111111111"/>
    <class days="0010000" id="2302" room="196" start="138" weeks="1111111111111"/>
    <class days="0010000" id="2303" room="40" start="174" weeks="1111111111111"/>
    <class days="0010000" id="2304" room="40" start="198" weeks="1111111111111"/>
    <class days="0000100" id="2305" room="58" start="156" weeks="1111111111111"/>
    <class days="1000000" id="2306" room="58" start="174" weeks="1111111111111"/>
    <class days="0000100" id="2307" room="56" start="180" weeks="1111111111111"/>
    <class days="1000000" id="2308" room="56" start="276" weeks="1111111111111"/>
    <class days="0000100" id="2309" room="56" start="132" weeks="1111111111111"/>
    <class days="0010000" id="2310" room="53" start="180" weeks="1111111111111"/>
    <class days="0001000" id="2311" room="59" start="108" weeks="1111111111111"/>
    <class days="1000000" id="2312" room="40" start="108" weeks="1111111111111"/>
    <class days="1000000" id="2313" room="62" start="126" weeks="1111111111111"/>
    <class days="0010000" id="2314" room="194" start="108" weeks="1111111111111"/>
    <class days="0000100" id="2315" room="194" start="162" weeks="1111111111111"/>
    <class days="0000100" id="2316" room="196" start="168" weeks="1111111111111"/>
    <class days="0001000" id="2317" room="196" start="126" weeks="1111111111111"/>
    <class days="0010000" id="2318" room="196" start="114" weeks="1111111111111"/>
    <class days="1000000" id="2319" room="196" start="132" weeks="1111111111111"/>
    <class days="0000100" id="2320" room="196" start="156" weeks="1111111111111"/>
    <class days="1000000" id="2321" room="196" start="156" weeks="1111111111111"/>
    <class days="0001000" id="2322" room="196" start="180" weeks="1111111111111"/>
    <class days="0100000" id="2323" room="196" start="168" weeks="1111111111111"/>
    <class days="0000100" id="2324" room="72" start="150" weeks="1111111111111"/>
    <class days="0100000" id="2325" room="56" start="192" weeks="1111111111111"/>
    <class days="0001000" id="2326" room="199" start="192" weeks="1111111111111"/>
    <class days="0010000" id="2327" room="44" start="120" weeks="1111111111111"/>
    <class days="1000000" id="2328" room="38" start="192" weeks="1111111111111"/>
    <class days="0100000" id="2329" room="61" start="144" weeks="1111111111111"/>
    <class days="1000000" id="2330" room="118" start="108" weeks="1111111111111"/>
    <class days="0100000" id="2331" room="56" start="144" weeks="1111111111111"/>
    <class days="1000000" id="2332" room="113" start="144" weeks="1111111111111"/>
    <class days="1000000" id="2333" room="115" start="180" weeks="1111111111111"/>
    <class days="0010000" id="2334" room="118" start="114" weeks="1111111111111"/>
    <class days="1000000" id="2335" room="54" start="120" weeks="1111111111111"/>
    <class days="1000000" id="2336" room="42" start="156" weeks="1111111111111"/>
    <class days="1000000" id="2337" room="37" start="204" weeks="1111111111111"/>
    <class days="0001000" id="2338" room="44" start="162" weeks="1111111111111"/>
    <class days="0001000" id="2339" room="113" start="108" weeks="1111111111111"/>
    <class days="0001000" id="2340" room="37" start="204" weeks="1111111111111"/>
    <class days="0000100" id="2341" room="115" start="162" weeks="1111111111111"/>
    <class days="1000000" id="2342" room="43" start="186" weeks="1111111111111"/>
    <class days="1000000" id="2343" room="48" start="108" weeks="1111111111111"/>
    <class days="0010000" id="2344" room="43" start="138" weeks="1111111111111"/>
    <class days="0100000" id="2345" room="48" start="108" weeks="1111111111111"/>
    <class days="0010000" id="2346" room="43" start="114" weeks="1111111111111"/>
    <class days="1000000" id="2347" room="115" start="156" weeks="1111111111111"/>
    <class days="0001000" id="2348" room="118" start="138" weeks="1111111111111"/>
    <class days="0100000" id="2349" room="55" start="186" weeks="1111111111111"/>
    <class days="0000100" id="2350" room="38" start="150" weeks="1111111111111"/>
    <class days="0010000" id="2351" room="57" start="120" weeks="1111111111111"/>
    <class days="0000100" id="2352" room="114" start="186" weeks="1111111111111"/>
    <class days="0100000" id="2353" room="42" start="108" weeks="1111111111111"/>
    <class days="1000000" id="2354" room="58" start="108" weeks="1111111111111"/>
    <class days="0000100" id="2355" room="48" start="126" weeks="1111111111111"/>
    <class days="0000100" id="2356" room="113" start="204" weeks="1111111111111"/>
    <class days="0100000" id="2357" room="45" start="186" weeks="1111111111111"/>
    <class days="1000000" id="2358" room="58" start="186" weeks="1111111111111"/>
    <class days="1000000" id="2359" room="61" start="204" weeks="1111111111111"/>
    <class days="0010000" id="2360" room="43" start="186" weeks="1111111111111"/>
    <class days="1000000" id="2361" room="61" start="192" weeks="1111111111111"/>
    <class days="0010000" id="2362" room="43" start="210" weeks="1111111111111"/>
    <class days="0000100" id="2363" room="38" start="174" weeks="1111111111111"/>
    <class days="0001000" id="2364" room="53" start="180" weeks="1111111111111"/>
    <class days="0000100" id="2365" room="193" start="108" weeks="1111111111111"/>
    <class days="0001000" id="2366" room="193" start="144" weeks="1111111111111"/>
    <class days="0000100" id="2367" room="193" start="132" weeks="1111111111111"/>
    <class days="0001000" id="2368" room="193" start="168" weeks="1111111111111"/>
    <class days="0001000" id="2369" room="54" start="174" weeks="1111111111111"/>
    <class days="0000100" id="2370" room="39" start="126" weeks="1111111111111"/>
    <class days="0100000" id="2371" room="41" start="192" weeks="1111111111111"/>
    <class days="1000000" id="2372" room="57" start="192" weeks="1111111111111"/>
    <class days="1000000" id="2373" room="56" start="156" weeks="1111111111111"/>
    <class days="0000100" id="2374" room="115" start="144" weeks="1111111111111"/>
    <class days="0010000" id="2375" room="48" start="138" weeks="1111111111111"/>
    <class days="0010000" id="2376" room="45" start="138" weeks="1111111111111"/>
    <class days="1000000" id="2377" room="37" start="108" weeks="1111111111111"/>
    <class days="0100000" id="2378" room="53" start="126" weeks="1111111111111"/>
    <class days="1000000" id="2379" room="60" start="204" weeks="1111111111111"/>
    <class days="0010000" id="2380" room="57" start="144" weeks="1111111111111"/>
    <class days="0001000" id="2381" room="58" start="168" weeks="1111111111111"/>
    <class days="0010000" id="2382" room="56" start="120" weeks="1111111111111"/>
    <class days="0100000" id="2383" room="61" start="204" weeks="1111111111111"/>
    <class days="0001000" id="2384" room="115" start="108" weeks="1111111111111"/>
    <class days="0100000" id="2385" room="115" start="156" weeks="1111111111111"/>
    <class days="0100000" id="2386" room="44" start="156" weeks="1111111111111"/>
    <class days="0100000" id="2387" room="42" start="156" weeks="1111111111111"/>
    <class days="0001000" id="2388" room="37" start="144" weeks="1111111111111"/>
    <class days="0001000" id="2389" room="39" start="216" weeks="1111111111111"/>
    <class days="0001000" id="2390" room="58" start="132" weeks="1111111111111"/>
    <class days="1000000" id="2391" room="53" start="132" weeks="1111111111111"/>
    <class days="0010000" id="2392" room="55" start="132" weeks="1111111111111"/>
    <class days="0010000" id="2393" room="114" start="132" weeks="1111111111111"/>
    <class days="0010000" id="2394" room="42" start="192" weeks="1111111111111"/>
    <class days="0010000" id="2395" room="54" start="108" weeks="1111111111111"/>
    <class days="0100000" id="2396" room="48" start="132" weeks="1111111111111"/>
    <class days="0100000" id="2397" room="48" start="228" weeks="1111111111111"/>
    <class days="0010000" id="2398" room="42" start="156" weeks="1111111111111"/>
    <class days="0100000" id="2399" room="44" start="132" weeks="1111111111111"/>
    <class days="1000000" id="2400" room="46" start="198" weeks="1111111111111"/>
    <class days="1000000" id="2401" room="43" start="156" weeks="1111111111111"/>
    <class days="0100000" id="2402" room="53" start="204" weeks="1111111111111"/>
    <class days="0100000" id="2403" room="44" start="108" weeks="1111111111111"/>
    <class days="0100000" id="2404" room="56" start="120" weeks="1111111111111"/>
    <class days="1000000" id="2405" room="72" start="240" weeks="1111111111111"/>
    <class days="0000100" id="2406" room="41" start="114" weeks="1111111111111"/>
    <class days="0001000" id="2407" room="113" start="192" weeks="1111111111111"/>
    <class days="1000000" id="2408" room="56" start="108" weeks="1111111111111"/>
    <class days="0001000" id="2409" room="38" start="162" weeks="1111111111111"/>
    <class days="0100000" id="2410" room="45" start="144" weeks="1111111111111"/>
    <class days="0000100" id="2411" room="118" start="210" weeks="1111111111111"/>
    <class days="1000000" id="2412" room="49" start="198" weeks="1111111111111"/>
    <class days="0100000" id="2413" room="61" start="120" weeks="1111111111111"/>
    <class days="0001000" id="2414" room="41" start="156" weeks="1111111111111"/>
    <class days="0010000" id="2415" room="115" start="120" weeks="1111111111111"/>
    <class days="0100000" id="2416" room="43" start="156" weeks="1111111111111"/>
    <class days="0001000" id="2417" room="116" start="138" weeks="1111111111111"/>
    <class days="0001000" id="2418" room="61" start="180" weeks="1111111111111"/>
    <class days="0001000" id="2419" room="41" start="204" weeks="1111111111111"/>
    <class days="1000000" id="2420" room="59" start="144" weeks="1111111111111"/>
    <class days="0001000" id="2421" room="199" start="162" weeks="1111111111111"/>
    <class days="1000000" id="2422" room="203" start="204" weeks="1111111111111"/>
    <class days="0001000" id="2423" room="102" start="192" weeks="1111111111111"/>
    <class days="0010000" id="2424" room="175" start="144" weeks="1111111111111"/>
    <class days="0001000" id="2425" room="175" start="108" weeks="1111111111111"/>
    <class days="0010000" id="2426" room="175" start="156" weeks="1111111111111"/>
    <class days="0100000" id="2427" room="175" start="204" weeks="1111111111111"/>
    <class days="1000000" id="2428" room="203" start="114" weeks="1111111111111"/>
    <class days="0000100" id="2429" room="102" start="192" weeks="1111111111111"/>
    <class days="1000000" id="2430" room="139" start="204" weeks="1111111111111"/>
    <class days="0010000" id="2431" room="175" start="180" weeks="1111111111111"/>
    <class days="0010000" id="2432" room="175" start="192" weeks="1111111111111"/>
    <class days="0001000" id="2433" room="201" start="198" weeks="1111111111111"/>
    <class days="0000100" id="2434" room="135" start="120" weeks="1111111111111"/>
    <class days="0001000" id="2435" room="201" start="174" weeks="1111111111111"/>
    <class days="0100000" id="2436" room="102" start="156" weeks="1111111111111"/>
    <class days="0001000" id="2437" room="175" start="120" weeks="1111111111111"/>
    <class days="0001000" id="2438" room="175" start="132" weeks="1111111111111"/>
    <class days="0010000" id="2439" room="139" start="156" weeks="1111111111111"/>
    <class days="0010000" id="2440" room="174" start="144" weeks="1111111111111"/>
    <class days="0010000" id="2441" room="174" start="120" weeks="1111111111111"/>
    <class days="0000100" id="2442" room="205" start="192" weeks="1111111111111"/>
    <class days="0000100" id="2443" room="205" start="204" weeks="1111111111111"/>
    <class days="0010000" id="2444" room="191" start="108" weeks="1111111111111"/>
    <class days="0001000" id="2445" room="191" start="144" weeks="1111111111111"/>
    <class days="0010000" id="2446" room="191" start="216" weeks="1111111111111"/>
    <class days="0010000" id="2447" room="191" start="132" weeks="1111111111111"/>
    <class days="0001000" id="2448" room="191" start="168" weeks="1111111111111"/>
    <class days="0010000" id="2449" room="191" start="240" weeks="1111111111111"/>
    <class days="1000000" id="2450" room="52" start="108" weeks="1111111111111"/>
    <class days="0100000" id="2451" room="52" start="228" weeks="1111111111111"/>
    <class days="1000000" id="2452" room="52" start="132" weeks="1111111111111"/>
    <class days="0100000" id="2453" room="52" start="252" weeks="1111111111111"/>
    <class days="0100000" id="2454" room="52" start="108" weeks="1111111111111"/>
    <class days="0001000" id="2455" room="52" start="240" weeks="1111111111111"/>
    <class days="0100000" id="2456" room="52" start="120" weeks="1111111111111"/>
    <class days="0001000" id="2457" room="52" start="252" weeks="1111111111111"/>
    <class days="0001000" id="2458" room="193" start="108" weeks="1111111111111"/>
    <class days="1000000" id="2459" room="194" start="204" weeks="1111111111111"/>
    <class days="0001000" id="2460" room="193" start="120" weeks="1111111111111"/>
    <class days="1000000" id="2461" room="194" start="216" weeks="1111111111111"/>
    <class days="0010000" id="2462" room="52" start="108" weeks="1111111111111"/>
    <class days="0010000" id="2463" room="52" start="132" weeks="1111111111111"/>
    <class days="0010000" id="2464" room="50" start="156" weeks="1111111111111"/>
    <class days="1000000" id="2465" room="52" start="240" weeks="1111111111111"/>
    <class days="0010000" id="2466" room="194" start="192" weeks="1111111111111"/>
    <class days="0100000" id="2467" room="194" start="156" weeks="1111111111111"/>
    <class days="0100000" id="2468" room="194" start="192" weeks="1111111111111"/>
    <class days="0100000" id="2469" room="194" start="168" weeks="1111111111111"/>
    <class days="0100000" id="2470" room="194" start="204" weeks="1111111111111"/>
    <class days="1000000" id="2471" room="62" start="156" weeks="1111111111111"/>
    <class days="0001000" id="2472" room="62" start="192" weeks="1111111111111"/>
    <class days="1000000" id="2473" room="62" start="180" weeks="1111111111111"/>
    <class days="0001000" id="2474" room="62" start="216" weeks="1111111111111"/>
    <class days="0010000" id="2475" room="49" start="192" weeks="1111111111111"/>
    <class days="1000000" id="2476" room="193" start="108" weeks="1111111111111"/>
    <class days="1000000" id="2477" room="193" start="132" weeks="1111111111111"/>
    <class days="1000000" id="2478" room="193" start="228" weeks="1111111111111"/>
    <class days="0010000" id="2479" room="194" start="156" weeks="1111111111111"/>
    <class days="0001000" id="2480" room="194" start="108" weeks="1111111111111"/>
    <class days="0001000" id="2481" room="194" start="192" weeks="1111111111111"/>
    <class days="0010000" id="2482" room="194" start="180" weeks="1111111111111"/>
    <class days="0001000" id="2483" room="194" start="132" weeks="1111111111111"/>
    <class days="0001000" id="2484" room="194" start="216" weeks="1111111111111"/>
    <class days="0100000" id="2485" room="191" start="144" weeks="1111111111111"/>
    <class days="0100000" id="2486" room="50" start="144" weeks="1111111111111"/>
    <class days="0100000" id="2487" room="52" start="144" weeks="1111111111111"/>
    <class days="0100000" id="2488" room="191" start="168" weeks="1111111111111"/>
    <class days="0100000" id="2489" room="50" start="168" weeks="1111111111111"/>
    <class days="0100000" id="2490" room="52" start="168" weeks="1111111111111"/>
    <class days="0100000" id="2491" room="52" start="192" weeks="1111111111111"/>
    <class days="0100000" id="2492" room="62" start="216" weeks="1111111111111"/>
    <class days="0001000" id="2493" room="52" start="108" weeks="1111111111111"/>
    <class days="0010000" id="2494" room="62" start="144" weeks="1111111111111"/>
    <class days="0001000" id="2495" room="48" start="228" weeks="1111111111111"/>
    <class days="0001000" id="2496" room="52" start="132" weeks="1111111111111"/>
    <class days="0010000" id="2497" room="52" start="168" weeks="1111111111111"/>
    <class days="0001000" id="2498" room="62" start="252" weeks="1111111111111"/>
    <class days="0100000" id="2499" room="62" start="108" weeks="1111111111111"/>
    <class days="0100000" id="2500" room="50" start="108" weeks="1111111111111"/>
    <class days="0100000" id="2501" room="62" start="240" weeks="1111111111111"/>
    <class days="0100000" id="2502" room="62" start="132" weeks="1111111111111"/>
    <class days="0100000" id="2503" room="50" start="132" weeks="1111111111111"/>
    <class days="0100000" id="2504" room="62" start="264" weeks="1111111111111"/>
    <class days="1000000" id="2505" room="193" start="156" weeks="1111111111111"/>
    <class days="1000000" id="2506" room="193" start="180" weeks="1111111111111"/>
    <class days="0010000" id="2507" room="193" start="216" weeks="1111111111111"/>
    <class days="1000000" id="2508" room="194" start="180" weeks="1111111111111"/>
    <class days="1000000" id="2509" room="194" start="156" weeks="1111111111111"/>
    <class days="1000000" id="2510" room="193" start="204" weeks="1111111111111"/>
    <class days="1000000" id="2511" room="194" start="192" weeks="1111111111111"/>
    <class days="1000000" id="2512" room="194" start="168" weeks="1111111111111"/>
    <class days="1000000" id="2513" room="193" start="216" weeks="1111111111111"/>
    <class days="0000100" id="2514" room="194" start="180" weeks="1111111111111"/>
    <class days="0010000" id="2515" room="72" start="192" weeks="1111111111111"/>
    <class days="1000000" id="2516" room="113" start="162" weeks="1111111111111"/>
    <class days="1000000" id="2517" room="115" start="216" weeks="1111111111111"/>
    <class days="0010000" id="2518" room="72" start="144" weeks="1111111111111"/>
    <class days="1000000" id="2519" room="53" start="192" weeks="1111111111111"/>
    <class days="0100000" id="2520" room="113" start="192" weeks="1111111111111"/>
    <class days="1000000" id="2521" room="44" start="156" weeks="1111111111111"/>
    <class days="1000000" id="2522" room="59" start="168" weeks="1111111111111"/>
    <class days="0100000" id="2523" room="57" start="192" weeks="1111111111111"/>
    <class days="1000000" id="2524" room="54" start="192" weeks="1111111111111"/>
    <class days="1000000" id="2525" room="116" start="216" weeks="1111111111111"/>
    <class days="0100000" id="2526" room="45" start="108" weeks="1111111111111"/>
    <class days="1000000" id="2527" room="118" start="240" weeks="1111111111111"/>
    <class days="0010000" id="2528" room="60" start="114" weeks="1111111111111"/>
    <class days="0010000" id="2529" room="46" start="228" weeks="1111111111111"/>
    <class days="1000000" id="2530" room="38" start="132" weeks="1111111111111"/>
    <class days="0010000" id="2531" room="118" start="192" weeks="1111111111111"/>
    <class days="1000000" id="2532" room="59" start="198" weeks="1111111111111"/>
    <class days="0010000" id="2533" room="38" start="114" weeks="1111111111111"/>
    <class days="1000000" id="2534" room="46" start="132" weeks="1111111111111"/>
    <class days="0100000" id="2535" room="46" start="126" weeks="1111111111111"/>
    <class days="0100000" id="2536" room="58" start="192" weeks="1111111111111"/>
    <class days="0100000" id="2537" room="38" start="126" weeks="1111111111111"/>
    <class days="1000000" id="2538" room="38" start="156" weeks="1111111111111"/>
    <class days="1000000" id="2539" room="113" start="108" weeks="1111111111111"/>
    <class days="0001000" id="2540" room="41" start="114" weeks="1111111111111"/>
    <class days="0010000" id="2541" room="58" start="174" weeks="1111111111111"/>
    <class days="0100000" id="2542" room="42" start="216" weeks="1111111111111"/>
    <class days="1000000" id="2543" room="53" start="156" weeks="1111111111111"/>
    <class days="1000000" id="2544" room="53" start="168" weeks="1111111111111"/>
    <class days="0010000" id="2545" room="55" start="156" weeks="1111111111111"/>
    <class days="0010000" id="2546" room="53" start="132" weeks="1111111111111"/>
    <class days="0100000" id="2547" room="54" start="156" weeks="1111111111111"/>
    <class days="0001000" id="2548" room="59" start="192" weeks="1111111111111"/>
    <class days="0010000" id="2549" room="37" start="114" weeks="1111111111111"/>
    <class days="0010000" id="2550" room="60" start="162" weeks="1111111111111"/>
    <class days="0100000" id="2551" room="114" start="156" weeks="1111111111111"/>
    <class days="0001000" id="2552" room="47" start="108" weeks="1111111111111"/>
    <class days="0001000" id="2553" room="116" start="192" weeks="1111111111111"/>
    <class days="0001000" id="2554" room="67" start="156" weeks="1111111111111"/>
    <class days="1000000" id="2555" room="47" start="192" weeks="1111111111111"/>
    <class days="0001000" id="2556" room="61" start="120" weeks="1111111111111"/>
    <class days="1000000" id="2557" room="47" start="108" weeks="1111111111111"/>
    <class days="1000000" id="2558" room="47" start="162" weeks="1111111111111"/>
    <class days="0100000" id="2559" room="67" start="108" weeks="1111111111111"/>
    <class days="0100000" id="2560" room="47" start="168" weeks="1111111111111"/>
    <class days="0100000" id="2561" room="67" start="132" weeks="1111111111111"/>
    <class days="1000000" id="2562" room="67" start="108" weeks="1111111111111"/>
    <class days="1000000" id="2563" room="67" start="132" weeks="1111111111111"/>
    <class days="1000000" id="2564" room="67" start="186" weeks="1111111111111"/>
    <class days="0010000" id="2565" room="67" start="108" weeks="1111111111111"/>
    <class days="0010000" id="2566" room="67" start="150" weeks="1111111111111"/>
    <class days="0001000" id="2567" room="67" start="114" weeks="1111111111111"/>
    <class days="0100000" id="2568" room="67" start="174" weeks="1111111111111"/>
    <class days="0001000" id="2569" room="47" start="156" weeks="1111111111111"/>
    <class days="0001000" id="2570" room="67" start="192" weeks="1111111111111"/>
    <class days="0100000" id="2571" room="54" start="114" weeks="1111111111111"/>
    <class days="0100000" id="2572" room="39" start="114" weeks="1111111111111"/>
    <class days="0001000" id="2573" room="60" start="192" weeks="1111111111111"/>
    <class days="0100000" id="2574" room="46" start="156" weeks="1111111111111"/>
    <class days="0010000" id="2575" room="43" start="156" weeks="1111111111111"/>
    <class days="0001000" id="2576" room="114" start="150" weeks="1111111111111"/>
    <class days="0100000" id="2577" room="37" start="156" weeks="1111111111111"/>
    <class days="0010000" id="2578" room="54" start="156" weeks="1111111111111"/>
    <class days="0010000" id="2579" room="194" start="132" weeks="1111111111111"/>
    <class days="0010000" id="2580" room="56" start="132" weeks="1111111111111"/>
    <class days="0100000" id="2581" room="116" start="186" weeks="1111111111111"/>
    <class days="0000100" id="2582" room="199" start="144" weeks="1111111111111"/>
    <class days="0100000" id="2583" room="194" start="108" weeks="1111111111111"/>
    <class days="0000100" id="2584" room="42" start="150" weeks="1111111111111"/>
    <class days="1000000" id="2585" room="199" start="126" weeks="1111111111111"/>
    <class days="0010000" id="2586" room="118" start="156" weeks="1111111111111"/>
    <class days="0100000" id="2587" room="118" start="120" weeks="1111111111111"/>
    <class days="0010000" id="2588" room="54" start="132" weeks="1111111111111"/>
    <class days="0010000" id="2589" room="116" start="132" weeks="1111111111111"/>
    <class days="0100000" id="2590" room="37" start="108" weeks="1111111111111"/>
    <class days="0010000" id="2591" room="158" start="228" weeks="1111111111111"/>
    <class days="1000000" id="2592" room="158" start="168" weeks="1111111111111"/>
    <class days="0000100" id="2593" room="99" start="156" weeks="1111111111111"/>
    <class days="0010000" id="2594" room="135" start="126" weeks="1111111111111"/>
    <class days="0100000" id="2595" room="148" start="156" weeks="1111111111111"/>
    <class days="0100000" id="2596" room="148" start="180" weeks="1111111111111"/>
    <class days="0100000" id="2597" room="141" start="114" weeks="1111111111111"/>
    <class days="0100000" id="2598" room="168" start="108" weeks="1111111111111"/>
    <class days="0001000" id="2599" room="138" start="126" weeks="1111111111111"/>
    <class days="0010000" id="2600" room="158" start="180" weeks="1111111111111"/>
    <class days="0000100" id="2601" room="147" start="192" weeks="1111111111111"/>
    <class days="1000000" id="2602" room="149" start="114" weeks="1111111111111"/>
    <class days="0010000" id="2603" room="200" start="108" weeks="1111111111111"/>
    <class days="1000000" id="2604" room="204" start="192" weeks="1111111111111"/>
    <class days="0100000" id="2605" room="147" start="180" weeks="1111111111111"/>
    <class days="0001000" id="2606" room="133" start="156" weeks="1111111111111"/>
    <class days="0100000" id="2607" room="140" start="108" weeks="1111111111111"/>
    <class days="0000100" id="2608" room="1" start="156" weeks="1111111111111"/>
    <class days="0000100" id="2609" room="1" start="132" weeks="1111111111111"/>
    <class days="0001000" id="2610" room="4" start="108" weeks="1111111111111"/>
    <class days="0000100" id="2611" room="138" start="126" weeks="1111111111111"/>
    <class days="0010000" id="2612" room="139" start="132" weeks="1111111111111"/>
    <class days="0010000" id="2613" room="163" start="108" weeks="1111111111111"/>
    <class days="0010000" id="2614" room="164" start="192" weeks="1111111111111"/>
    <class days="0100000" id="2615" room="134" start="192" weeks="1111111111111"/>
    <class days="0100000" id="2616" room="134" start="168" weeks="1111111111111"/>
    <class days="1000000" id="2617" room="153" start="192" weeks="1111111111111"/>
    <class days="0100000" id="2618" room="153" start="108" weeks="1111111111111"/>
    <class days="0100000" id="2619" room="199" start="192" weeks="1111111111111"/>
    <class days="1000000" id="2620" room="147" start="120" weeks="1111111111111"/>
    <class days="0000100" id="2621" room="147" start="108" weeks="1111111111111"/>
    <class days="0001000" id="2622" room="168" start="180" weeks="1111111111111"/>
    <class days="1000000" id="2623" room="160" start="192" weeks="1111111111111"/>
    <class days="0100000" id="2624" room="167" start="108" weeks="1111111111111"/>
    <class days="0010000" id="2625" room="139" start="192" weeks="1111111111111"/>
    <class days="1000000" id="2626" room="162" start="156" weeks="1111111111111"/>
    <class days="0001000" id="2627" room="144" start="108" weeks="1111111111111"/>
    <class days="0001000" id="2628" room="148" start="150" weeks="1111111111111"/>
    <class days="0000100" id="2629" room="162" start="150" weeks="1111111111111"/>
    <class days="0010000" id="2630" room="167" start="120" weeks="1111111111111"/>
    <class days="0010000" id="2631" room="180" start="132" weeks="1111111111111"/>
    <class days="1000000" id="2632" room="190" start="150" weeks="1111111111111"/>
    <class days="0001000" id="2633" room="165" start="186" weeks="1111111111111"/>
    <class days="0000100" id="2634" room="90" start="180" weeks="1111111111111"/>
    <class days="1000000" id="2635" room="130" start="168" weeks="1111111111111"/>
    <class days="1000000" id="2636" room="133" start="144" weeks="1111111111111"/>
    <class days="0010000" id="2637" room="89" start="222" weeks="1111111111111"/>
    <class days="0010000" id="2638" room="190" start="144" weeks="1111111111111"/>
    <class days="0000100" id="2639" room="190" start="144" weeks="1111111111111"/>
    <class days="0100000" id="2640" room="137" start="144" weeks="1111111111111"/>
    <class days="0001000" id="2641" room="157" start="198" weeks="1111111111111"/>
    <class days="0000100" id="2642" room="141" start="156" weeks="1111111111111"/>
    <class days="0001000" id="2643" start="108" weeks="1111111111111"/>
    <class days="1000000" id="2644" room="140" start="228" weeks="1111111111111"/>
    <class days="1000000" id="2645" room="128" start="168" weeks="1111111111111"/>
    <class days="0000100" id="2646" room="190" start="180" weeks="1111111111111"/>
    <class days="0010000" id="2647" room="152" start="228" weeks="1111111111111"/>
    <class days="0010000" id="2648" room="131" start="180" weeks="1111111111111"/>
    <class days="0000100" id="2649" room="154" start="120" weeks="1111111111111"/>
    <class days="1000000" id="2650" room="190" start="174" weeks="1111111111111"/>
    <class days="0001000" id="2651" room="128" start="162" weeks="1111111111111"/>
    <class days="1000000" id="2652" room="90" start="162" weeks="1111111111111"/>
    <class days="0100000" id="2653" room="203" start="132" weeks="1111111111111"/>
    <class days="1000000" id="2654" room="166" start="192" weeks="1111111111111"/>
    <class days="0010000" id="2655" room="136" start="150" weeks="1111111111111"/>
    <class days="0001000" id="2656" room="189" start="246" weeks="1111111111111"/>
    <class days="0100000" id="2657" room="98" start="156" weeks="1111111111111"/>
    <class days="0100000" id="2658" room="98" start="108" weeks="1111111111111"/>
    <class days="0100000" id="2659" start="108" weeks="1111111111111"/>
    <class days="0100000" id="2660" start="108" weeks="1111111111111"/>
    <class days="0100000" id="2661" start="156" weeks="1111111111111"/>
    <class days="0100000" id="2662" start="156" weeks="1111111111111"/>
    <class days="0100000" id="2663" room="98" start="180" weeks="1111111111111"/>
    <class days="0100000" id="2664" room="98" start="132" weeks="1111111111111"/>
    <class days="0100000" id="2665" start="132" weeks="1111111111111"/>
    <class days="0100000" id="2666" start="132" weeks="1111111111111"/>
    <class days="0100000" id="2667" start="180" weeks="1111111111111"/>
    <class days="0100000" id="2668" start="180" weeks="1111111111111"/>
    <class days="0000100" id="2669" room="98" start="156" weeks="1111111111111"/>
    <class days="0000100" id="2670" room="98" start="108" weeks="1111111111111"/>
    <class days="0000100" id="2671" start="108" weeks="1111111111111"/>
    <class days="0000100" id="2672" start="108" weeks="1111111111111"/>
    <class days="0000100" id="2673" start="156" weeks="1111111111111"/>
    <class days="0000100" id="2674" start="156" weeks="1111111111111"/>
    <class days="0100000" id="2675" start="156" weeks="1111111111111"/>
    <class days="0100000" id="2676" start="108" weeks="1111111111111"/>
    <class days="0100000" id="2677" start="108" weeks="1111111111111"/>
    <class days="0100000" id="2678" start="156" weeks="1111111111111"/>
    <class days="0100000" id="2679" start="156" weeks="1111111111111"/>
    <class days="0100000" id="2680" start="108" weeks="1111111111111"/>
    <class days="0100000" id="2681" start="180" weeks="1111111111111"/>
    <class days="0100000" id="2682" start="132" weeks="1111111111111"/>
    <class days="0100000" id="2683" start="132" weeks="1111111111111"/>
    <class days="0100000" id="2684" start="180" weeks="1111111111111"/>
    <class days="0100000" id="2685" start="180" weeks="1111111111111"/>
    <class days="0100000" id="2686" start="132" weeks="1111111111111"/>
    <class days="0000100" id="2687" start="156" weeks="1111111111111"/>
    <class days="0000100" id="2688" start="108" weeks="1111111111111"/>
    <class days="0000100" id="2689" start="108" weeks="1111111111111"/>
    <class days="0000100" id="2690" start="156" weeks="1111111111111"/>
    <class days="0000100" id="2691" start="156" weeks="1111111111111"/>
    <class days="0000100" id="2692" start="108" weeks="1111111111111"/>
    <class days="0100000" id="2693" room="97" start="108" weeks="1111111111111"/>
    <class days="0100000" id="2694" start="108" weeks="1111111111111"/>
    <class days="0100000" id="2695" start="108" weeks="1111111111111"/>
    <class days="0100000" id="2696" start="108" weeks="1111111111111"/>
    <class days="0100000" id="2697" start="108" weeks="1111111111111"/>
    <class days="0100000" id="2698" room="2" start="132" weeks="1111111111111"/>
    <class days="0100000" id="2699" start="132" weeks="1111111111111"/>
    <class days="0100000" id="2700" start="132" weeks="1111111111111"/>
    <class days="0100000" id="2701" start="132" weeks="1111111111111"/>
    <class days="0100000" id="2702" start="132" weeks="1111111111111"/>
    <class days="0000100" id="2703" room="6" start="108" weeks="1111111111111"/>
    <class days="0000100" id="2704" start="108" weeks="1111111111111"/>
    <class days="0000100" id="2705" start="108" weeks="1111111111111"/>
    <class days="0000100" id="2706" start="108" weeks="1111111111111"/>
    <class days="0000100" id="2707" start="108" weeks="1111111111111"/>
    <class days="0100000" id="2708" start="108" weeks="1111111111111"/>
    <class days="0100000" id="2709" start="108" weeks="1111111111111"/>
    <class days="0100000" id="2710" start="108" weeks="1111111111111"/>
    <class days="0100000" id="2711" start="108" weeks="1111111111111"/>
    <class days="0100000" id="2712" start="108" weeks="1111111111111"/>
    <class days="0100000" id="2713" start="132" weeks="1111111111111"/>
    <class days="0100000" id="2714" start="132" weeks="1111111111111"/>
    <class days="0100000" id="2715" start="132" weeks="1111111111111"/>
    <class days="0100000" id="2716" start="132" weeks="1111111111111"/>
    <class days="0100000" id="2717" start="132" weeks="1111111111111"/>
    <class days="0000100" id="2718" start="108" weeks="1111111111111"/>
    <class days="0000100" id="2719" start="108" weeks="1111111111111"/>
    <class days="0000100" id="2720" start="108" weeks="1111111111111"/>
    <class days="0000100" id="2721" start="108" weeks="1111111111111"/>
    <class days="0000100" id="2722" start="108" weeks="1111111111111"/>
    <class days="0100000" id="2723" room="100" start="108" weeks="1111111111111"/>
    <class days="0100000" id="2724" start="108" weeks="1111111111111"/>
    <class days="0100000" id="2725" start="108" weeks="1111111111111"/>
    <class days="0100000" id="2726" room="6" start="132" weeks="1111111111111"/>
    <class days="0100000" id="2727" start="132" weeks="1111111111111"/>
    <class days="0100000" id="2728" start="132" weeks="1111111111111"/>
    <class days="0000100" id="2729" room="208" start="108" weeks="1111111111111"/>
    <class days="0000100" id="2730" start="108" weeks="1111111111111"/>
    <class days="0000100" id="2731" start="108" weeks="1111111111111"/>
    <class days="0100000" id="2732" start="108" weeks="1111111111111"/>
    <class days="0100000" id="2733" start="108" weeks="1111111111111"/>
    <class days="0100000" id="2734" start="108" weeks="1111111111111"/>
    <class days="0100000" id="2735" start="132" weeks="1111111111111"/>
    <class days="0100000" id="2736" start="132" weeks="1111111111111"/>
    <class days="0100000" id="2737" start="132" weeks="1111111111111"/>
    <class days="0000100" id="2738" start="108" weeks="1111111111111"/>
    <class days="0000100" id="2739" start="108" weeks="1111111111111"/>
    <class days="0000100" id="2740" start="108" weeks="1111111111111"/>
    <class days="0100000" id="2741" room="2" start="108" weeks="1111111111111"/>
    <class days="0100000" id="2742" start="132" weeks="1111111111111"/>
    <class days="0000100" id="2743" room="2" start="108" weeks="1111111111111"/>
    <class days="0010000" id="2744" room="188" start="156" weeks="1111111111111"/>
    <class days="0001000" id="2745" room="189" start="180" weeks="1111111111111"/>
    <class days="1000000" id="2746" room="188" start="192" weeks="1111111111111"/>
    <class days="0000100" id="2747" room="117" start="180" weeks="1111111111111"/>
    <class days="0010000" id="2748" room="99" start="186" weeks="1111111111111"/>
    <class days="0010000" id="2749" room="109" start="192" weeks="1111111111111"/>
    <class days="0000100" id="2750" room="111" start="156" weeks="1111111111111"/>
    <class days="0001000" id="2751" room="189" start="114" weeks="1111111111111"/>
    <class days="1000000" id="2752" room="148" start="192" weeks="1111111111111"/>
    <class days="1000000" id="2753" room="166" start="156" weeks="1111111111111"/>
    <class days="0000100" id="2754" room="111" start="192" weeks="1111111111111"/>
    <class days="1000000" id="2755" room="142" start="186" weeks="1111111111111"/>
    <class days="0010000" id="2756" room="98" start="156" weeks="1111111111111"/>
    <class days="0010000" id="2757" start="156" weeks="1111111111111"/>
    <class days="0010000" id="2758" room="98" start="180" weeks="1111111111111"/>
    <class days="0010000" id="2759" start="180" weeks="1111111111111"/>
    <class days="0000100" id="2760" room="188" start="132" weeks="1111111111111"/>
    <class days="0000100" id="2761" room="188" start="108" weeks="1111111111111"/>
    <class days="0010000" id="2762" room="6" start="132" weeks="1111111111111"/>
    <class days="0001000" id="2763" room="182" start="204" weeks="1111111111111"/>
    <class days="0001000" id="2764" room="182" start="132" weeks="1111111111111"/>
    <class days="0001000" id="2765" room="182" start="168" weeks="1111111111111"/>
    <class days="0100000" id="2766" room="125" start="204" weeks="1111111111111"/>
    <class days="0010000" id="2767" room="182" start="180" weeks="1111111111111"/>
    <class days="1000000" id="2768" room="182" start="108" weeks="1111111111111"/>
    <class days="0001000" id="2769" room="182" start="198" weeks="1111111111111"/>
    <class days="0100000" id="2770" room="182" start="186" weeks="1111111111111"/>
    <class days="0010000" id="2771" room="124" start="204" weeks="1111111111111"/>
    <class days="0001000" id="2772" room="124" start="132" weeks="1111111111111"/>
    <class days="0001000" id="2773" start="132" weeks="1111111111111"/>
    <class days="0001000" id="2774" room="93" start="156" weeks="1111111111111"/>
    <class days="0001000" id="2775" room="96" start="156" weeks="1111111111111"/>
    <class days="1000000" id="2776" room="121" start="204" weeks="1111111111111"/>
    <class days="0100000" id="2777" room="90" start="108" weeks="1111111111111"/>
    <class days="0100000" id="2778" room="117" start="132" weeks="1111111111111"/>
    <class days="1000000" id="2779" room="135" start="144" weeks="1111111111111"/>
    <class days="0100000" id="2780" room="93" start="162" weeks="1111111111111"/>
    <class days="0000100" id="2781" room="144" start="174" weeks="1111111111111"/>
    <class days="1000000" id="2782" room="152" start="240" weeks="1111111111111"/>
</solution>
