fes;time;f
1;78;2147485922
3;110;2147485921
5;125;2147485917
7;125;2147485916
9;141;2147485915
10;141;2147485912
12;157;2147485908
15;172;2147485907
23;219;2147485906
24;219;2147485905
25;219;2147485903
28;235;2147485901
32;250;2147485900
34;250;2147485899
41;282;2147485898
43;297;2147485897
44;297;2147485896
53;344;2147485894
56;360;2147485892
60;375;2147485891
82;453;2147485889
85;469;2147485886
91;500;2147485883
94;500;2147485882
98;531;2147485880
99;531;2147485879
107;563;2147485876
108;563;2147485874
111;578;2147485873
114;594;2147485871
115;594;2147485870
116;594;2147485869
118;610;2147485867
136;688;2147485866
137;688;2147485865
140;703;2147485864
144;719;2147485860
146;719;2147485859
148;735;2147485858
155;766;2147485856
165;813;2147485855
166;813;2147485853
167;813;2147485852
177;860;2147485851
183;891;2147485850
185;891;2147485849
187;906;2147485848
195;938;2147485847
196;938;2147485845
205;985;2147485844
208;1000;2147485842
214;1016;2147485841
221;1047;2147485840
222;1047;2147485839
224;1063;2147485838
235;1109;2147485836
238;1125;2147485821
240;1125;2147485819
241;1125;2147485816
244;1141;2147485815
247;1156;2147485814
252;1172;2147485812
260;1203;2147485809
262;1219;2147485808
266;1234;2147485806
268;1250;2147485804
279;1297;2147485803
280;1297;2147485798
282;1297;2147485796
284;1313;2147485794
286;1313;2147485793
298;1359;2147485791
305;1406;2147485790
318;1453;2147485789
320;1469;2147485788
321;1469;2147485786
323;1469;2147485782
327;1484;2147485780
332;1516;2147485779
333;1516;2147485778
338;1547;2147485777
340;1547;2147485773
341;1547;2147485771
346;1578;2147485770
353;1594;2147485768
360;1625;2147485766
361;1625;2147485765
365;1641;2147485764
371;1672;2147485762
375;1687;2147485761
379;1703;2147485760
394;1766;2147485759
401;1797;2147485758
408;1828;2147485757
414;1859;2147485756
415;1859;2147485754
430;1922;2147485753
435;1937;2147485751
439;1953;2147485749
442;1969;2147485747
446;1984;2147485743
447;1984;2147485742
456;2031;2147485741
478;2109;2147485739
483;2125;2147485737
487;2140;2147485736
490;2156;2147485735
492;2172;2147485734
495;2187;2147485731
499;2203;2147485727
522;2297;2147485726
538;2359;2147485724
541;2359;2147485723
542;2375;2147485722
547;2390;2147485719
549;2390;2147485718
551;2406;2147485717
552;2406;2147485716
555;2422;2147485715
563;2453;2147485714
569;2484;2147485712
570;2484;2147485711
574;2500;2147485710
583;2547;2147485708
587;2562;2147485707
588;2562;2147485706
592;2578;2147485705
606;2640;2147485704
608;2640;2147485702
615;2672;2147485701
629;2734;2147485699
636;2765;2147485698
655;2843;2147485697
662;2875;2147485696
668;2890;2147485693
669;2890;2147485692
672;2906;2147485691
675;2922;2147485690
679;2937;2147485689
682;2953;2147485688
692;3000;2147485685
703;3047;2147485684
704;3047;2147485683
710;3062;2147485681
712;3078;2147485679
713;3078;2147485678
718;3093;2147485677
722;3109;2147485676
723;3125;2147485674
724;3125;2147485673
725;3125;2147485671
726;3125;2147485670
734;3171;2147485669
738;3187;2147485668
740;3187;2147485667
749;3218;2147485665
753;3234;2147485664
761;3265;2147485663
762;3281;2147485660
767;3296;2147485652
775;3328;2147485650
782;3359;2147485648
783;3359;2147485646
793;3406;2147485644
801;3437;2147485643
802;3437;2147485642
804;3453;2147485640
821;3531;2147485638
826;3546;2147485637
827;3562;2147485636
832;3578;2147485634
835;3593;2147485633
837;3593;2147485632
839;3609;2147485631
844;3625;2147485630
849;3656;2147485629
850;3656;2147485628
854;3671;2147485627
855;3671;2147485625
865;3718;2147485624
876;3765;2147485623
884;3796;2147485622
889;3812;2147485618
919;3937;2147485616
920;3937;2147485615
921;3953;2147485613
923;3953;2147485612
930;3984;2147485610
932;3999;2147485609
940;4031;2147485607
942;4031;2147485606
945;4046;2147485603
946;4046;2147485602
948;4062;2147485601
949;4062;2147485599
950;4078;2147485598
952;4078;2147485597
956;4093;2147485596
961;4109;2147485595
962;4124;2147485592
970;4156;2147485591
982;4202;2147485589
987;4218;2147485586
991;4234;2147485584
995;4249;2147485583
1000;4281;2147485582
1011;4327;2147485580
1012;4327;2147485579
1013;4327;2147485575
1040;4437;2147485571
1043;4452;2147485569
1048;4468;2147485568
1051;4484;2147485567
1060;4531;2147485565
1061;4531;2147485564
1066;4546;2147485562
1068;4562;2147485561
1075;4593;2147485560
1076;4593;2147485558
1084;4624;2147485557
1092;4656;2147485556
1095;4671;2147485554
1105;4718;2147485553
1106;4718;2147485552
1109;4734;2147485550
1115;4765;2147485549
1119;4781;2147485547
1133;4827;2147485545
1143;4874;2147485544
1145;4874;2147485541
1154;4921;2147485539
1155;4921;2147485537
1156;4921;2147485535
1157;4937;2147485533
1162;4952;2147485532
1164;4968;2147485530
1165;4968;2147485529
1167;4968;2147485528
1170;4984;2147485526
1171;4984;2147485523
1179;5015;2147485522
1183;5030;2147485520
1184;5046;2147485517
1191;5062;2147485516
1195;5077;2147485513
1218;5187;2147485512
1220;5187;2147485511
1226;5218;2147485509
1227;5218;2147485507
1234;5249;2147485506
1245;5296;2147485501
1251;5312;2147485500
1255;5327;2147485499
1263;5358;2147485498
1264;5358;2147485496
1272;5390;2147485492
1278;5421;2147485491
1282;5437;2147485490
1283;5437;2147485489
1286;5452;2147485487
1287;5452;2147485484
1292;5483;2147485483
1296;5499;2147485482
1301;5515;2147485481
1306;5530;2147485480
1310;5546;2147485478
1329;5624;2147485477
1331;5640;2147485476
1333;5640;2147485475
1337;5655;2147485471
1352;5718;2147485470
1355;5733;2147485469
1361;5765;2147485467
1365;5780;2147485466
1368;5780;2147485465
1369;5796;2147485463
1374;5812;2147485460
1375;5812;2147485459
1377;5827;2147485458
1388;5858;2147485457
1392;5890;2147485456
1398;5905;2147485454
1400;5921;2147485452
1407;5936;2147485451
1410;5952;2147485449
1411;5968;2147485448
1421;5999;2147485447
1447;6108;2147485446
1451;6124;2147485445
1452;6124;2147485442
1455;6140;2147485441
1468;6202;2147485440
1478;6233;2147485439
1484;6265;2147485438
1487;6280;2147485437
1488;6280;2147485436
1498;6311;2147485435
1511;6374;2147485433
1542;6499;2147485432
1548;6514;2147485431
1552;6546;2147485428
1554;6546;2147485427
1560;6577;2147485425
1567;6593;2147485422
1570;6608;2147485421
1572;6624;2147485420
1579;6639;2147485419
1586;6671;2147485418
1593;6702;2147485417
1594;6702;2147485416
1595;6718;2147485414
1600;6733;2147485411
1603;6749;2147485410
1609;6780;2147485408
1622;6827;2147485407
1631;6858;2147485406
1634;6874;2147485405
1643;6905;2147485403
1647;6921;2147485402
1653;6952;2147485401
1656;6967;2147485400
1657;6967;2147485398
1658;6967;2147485396
1661;6983;2147485395
1683;7077;2147485394
1691;7108;2147485392
1726;7249;2147485391
1729;7264;2147485390
1736;7280;2147485389
1747;7327;2147485387
1763;7405;2147485386
1775;7452;2147485385
1787;7499;2147485384
1794;7530;2147485383
1796;7530;2147485382
1801;7545;2147485381
1812;7592;2147485380
1814;7608;2147485379
1824;7639;2147485378
1825;7639;2147485377
1828;7655;2147485375
1832;7670;2147485374
1835;7686;2147485372
1846;7733;2147485371
1850;7749;2147485370
1851;7749;2147485369
1866;7811;2147485367
1867;7811;2147485366
1886;7889;2147485365
1892;7920;2147485364
1894;7920;2147485362
1899;7952;2147485357
1905;7967;2147485355
1909;7983;2147485354
1939;8108;2147485352
1946;8139;2147485351
1949;8155;2147485350
1954;8170;2147485349
1982;8280;2147485348
1998;8342;2147485347
2002;8358;2147485345
2004;8373;2147485344
2008;8389;2147485343
2012;8405;2147485342
2017;8420;2147485341
2048;8545;2147485339
2056;8576;2147485337
2059;8592;2147485336
2070;8639;2147485332
2076;8670;2147485331
2078;8670;2147485330
2082;8686;2147485329
2090;8717;2147485327
2108;8795;2147485324
2111;8811;2147485323
2126;8873;2147485322
2130;8889;2147485321
2137;8920;2147485320
2154;8983;2147485318
2157;8998;2147485316
2163;9030;2147485315
2169;9045;2147485314
2184;9108;2147485311
2189;9139;2147485310
2195;9154;2147485309
2198;9170;2147485307
2200;9170;2147485306
2205;9201;2147485305
2229;9295;2147485304
2231;9295;2147485303
2235;9326;2147485302
2236;9326;2147485299
2243;9358;2147485298
2248;9373;2147485297
2251;9389;2147485295
2260;9420;2147485294
2274;9483;2147485293
2298;9576;2147485290
2307;9608;2147485289
2316;9654;2147485287
2319;9654;2147485286
2330;9701;2147485285
2352;9795;2147485284
2355;9811;2147485283
2357;9811;2147485282
2368;9857;2147485281
2371;9873;2147485280
2388;9936;2147485277
2401;9998;2147485276
2402;9998;2147485274
2403;9998;2147485273
2407;10014;2147485272
2408;10029;2147485270
2418;10061;2147485269
2424;10092;2147485267
2432;10123;2147485266
2434;10123;2147485265
2444;10170;2147485264
2445;10170;2147485263
2459;10232;2147485262
2465;10248;2147485259
2473;10279;2147485258
2478;10310;2147485257
2486;10342;2147485255
2493;10373;2147485254
2501;10404;2147485253
2511;10435;2147485252
2513;10451;2147485250
2523;10482;2147485249
2533;10529;2147485247
2534;10529;2147485246
2541;10560;2147485243
2546;10576;2147485242
2553;10607;2147485240
2556;10623;2147485239
2561;10639;2147485235
2569;10670;2147485234
2592;10763;2147485233
2594;10779;2147485232
2597;10779;2147485230
2618;10873;2147485229
2638;10951;2147485228
2650;10998;2147485227
2656;11029;2147485226
2658;11029;2147485225
2659;11045;2147485224
2664;11060;2147485223
2669;11076;2147485221
2673;11092;2147485220
2678;11107;2147485218
2687;11154;2147485216
2701;11201;2147485214
2705;11232;2147485213
2715;11263;2147485212
2726;11310;2147485211
2737;11357;2147485209
2742;11373;2147485206
2744;11388;2147485205
2746;11388;2147485204
2764;11466;2147485203
2769;11482;2147485201
2770;11482;2147485199
2779;11529;2147485198
2791;11576;2147485197
2804;11623;2147485196
2813;11670;2147485195
2817;11685;2147485194
2852;11826;2147485193
2854;11841;2147485192
2857;11841;2147485191
2871;11904;2147485189
2878;11935;2147485188
2896;12013;2147485186
2900;12029;2147485185
2906;12044;2147485183
2930;12154;2147485182
2949;12232;2147485181
2955;12248;2147485180
2971;12310;2147485178
2982;12357;2147485177
3015;12482;2147485176
3040;12591;2147485175
3046;12607;2147485174
3052;12638;2147485173
3064;12685;2147485172
3095;12810;2147485171
3119;12919;2147485168
3120;12919;2147485166
3123;12935;2147485165
3125;12935;2147485164
3127;12950;2147485163
3140;12997;2147485161
3149;13044;2147485159
3150;13044;2147485156
3166;13107;2147485154
3173;13138;2147485153
3175;13154;2147485152
3180;13169;2147485151
3185;13200;2147485150
3188;13200;2147485149
3191;13216;2147485148
3203;13263;2147485147
3211;13294;2147485145
3233;13388;2147485144
3269;13528;2147485143
3276;13560;2147485140
3281;13575;2147485139
3287;13607;2147485138
3289;13607;2147485137
3308;13685;2147485136
3315;13716;2147485135
3321;13747;2147485134
3342;13825;2147485133
3344;13841;2147485132
3359;13903;2147485131
3361;13903;2147485129
3362;13903;2147485103
3378;13966;2147485102
3399;14060;2147485100
3412;14106;2147485099
3450;14263;2147485098
3452;14278;2147485097
3468;14341;2147485096
3469;14341;2147485095
3477;14372;2147485093
3489;14419;2147485092
3507;14497;2147485091
3513;14513;2147485090
3517;14528;2147485089
3538;14622;2147485088
3545;14653;2147485087
3546;14653;2147485086
3547;14653;2147485084
3560;14716;2147485083
3588;14825;2147485081
3596;14856;2147485079
3600;14872;2147485078
3623;14966;2147485062
3627;14981;2147485061
3628;14997;2147485060
3630;14997;2147485058
3638;15028;2147485057
3647;15059;2147485056
3659;15122;2147485055
3671;15169;2147485054
3684;15216;2147485053
3694;15262;2147485052
3715;15341;2147485051
3723;15372;2147485050
3727;15387;2147485049
3729;15403;2147485048
3756;15512;2147485047
3776;15590;2147485046
3778;15606;2147485045
3784;15622;2147485044
3789;15637;2147485043
3809;15715;2147485042
3820;15762;2147485041
3823;15778;2147485039
3829;15809;2147485037
3837;15840;2147485036
3865;15950;2147485035
3869;15965;2147485034
3886;16043;2147485032
3895;16075;2147485030
3903;16106;2147485029
3905;16122;2147485027
3913;16153;2147485014
3920;16184;2147485013
3921;16184;2147485010
3935;16231;2147485009
3936;16247;2147485008
3947;16293;2147485007
3960;16340;2147485006
3969;16387;2147485005
3991;16465;2147485004
4003;16512;2147485003
4014;16559;2147485002
4018;16575;2147485001
4071;16793;2147484999
4072;16793;2147484998
4078;16825;2147484997
4085;16840;2147484996
4101;16918;2147484995
4121;16996;2147484994
4165;17168;2147484993
4184;17246;2147484992
4190;17278;2147484991
4209;17356;2147484990
4233;17465;2147484989
4240;17496;2147484987
4243;17496;2147484986
4246;17512;2147484984
4252;17543;2147484983
4263;17590;2147484981
4291;17699;2147484980
4305;17746;2147484979
4335;17871;2147484978
4339;17887;2147484977
4357;17965;2147484975
4360;17981;2147484974
4368;18012;2147484973
4371;18027;2147484972
4372;18027;2147484971
4401;18152;2147484968
4417;18215;2147484967
4423;18246;2147484966
4425;18246;2147484965
4437;18293;2147484963
4454;18371;2147484962
4466;18418;2147484961
4468;18418;2147484960
4471;18434;2147484959
4508;18590;2147484958
4512;18605;2147484957
4520;18637;2147484956
4541;18715;2147484955
4562;18809;2147484954
4600;18965;2147484953
4608;18996;2147484952
4651;19168;2147484951
4668;19246;2147484950
4674;19261;2147484949
4679;19277;2147484948
4697;19355;2147484946
4714;19433;2147484944
4720;19449;2147484943
4729;19480;2147484942
4780;19683;2147484941
4794;19746;2147484940
4800;19777;2147484939
4803;19777;2147484938
4817;19840;2147484937
4863;20027;2147484936
4875;20074;2147484935
4881;20105;2147484934
4884;20121;2147484933
4932;20308;2147484932
4934;20324;2147484931
4938;20339;2147484930
4950;20386;2147484929
4975;20496;2147484928
4977;20496;2147484927
5008;20621;2147484926
5033;20730;2147484925
5034;20730;2147484924
5037;20746;2147484922
5075;20886;2147484921
5096;20980;2147484919
5102;20996;2147484918
5114;21042;2147484917
5115;21058;2147484916
5117;21058;2147484914
5129;21105;2147484913
5130;21120;2147484912
5133;21120;2147484911
5137;21136;2147484910
5160;21245;2147484909
5183;21339;2147484907
5192;21370;2147484906
5201;21417;2147484904
5220;21495;2147484903
5249;21620;2147484902
5267;21683;2147484900
5270;21698;2147484899
5294;21792;2147484898
5296;21808;2147484896
5316;21886;2147484895
5319;21902;2147484893
5347;22011;2147484892
5359;22058;2147484890
5374;22120;2147484889
5375;22120;2147484888
5380;22136;2147484887
5424;22323;2147484886
5429;22339;2147484884
5439;22386;2147484883
5453;22433;2147484882
5473;22526;2147484880
5502;22636;2147484879
5503;22651;2147484878
5583;22964;2147484877
5591;23011;2147484876
5621;23120;2147484875
5630;23167;2147484874
5652;23261;2147484872
5671;23339;2147484871
5689;23417;2147484870
5703;23464;2147484869
5750;23667;2147484868
5757;23698;2147484867
5763;23714;2147484865
5784;23807;2147484864
5795;23839;2147484863
5797;23854;2147484862
5819;23948;2147484860
5829;23979;2147484859
5842;24042;2147484858
5873;24167;2147484857
5920;24354;2147484855
5929;24385;2147484854
5933;24401;2147484853
5966;24542;2147484852
5969;24557;2147484851
5971;24557;2147484850
5973;24573;2147484849
5977;24588;2147484847
6007;24713;2147484846
6012;24729;2147484845
6030;24807;2147484839
6044;24854;2147484837
6068;24948;2147484836
6070;24963;2147484834
6103;25104;2147484833
6113;25135;2147484832
6122;25166;2147484831
6124;25182;2147484830
6152;25291;2147484829
6169;25369;2147484828
6171;25369;2147484827
6180;25416;2147484825
6187;25448;2147484824
6193;25463;2147484823
6194;25463;2147484821
6207;25526;2147484820
6238;25651;2147484819
6284;25838;2147484818
6296;25885;2147484817
6305;25932;2147484816
6346;26088;2147484808
6348;26104;2147484806
6352;26119;2147484805
6371;26197;2147484804
6374;26213;2147484802
6382;26244;2147484799
6390;26276;2147484798
6394;26291;2147484797
6395;26291;2147484796
6418;26385;2147484794
6446;26494;2147484792
6467;26588;2147484791
6484;26650;2147484778
6574;27025;2147484777
6582;27057;2147484776
6616;27197;2147484775
6635;27275;2147484774
6643;27307;2147484773
6671;27432;2147484772
6675;27447;2147484770
6678;27463;2147484769
6692;27510;2147484768
6705;27572;2147484767
6718;27619;2147484766
6720;27635;2147484765
6724;27650;2147484764
6758;27791;2147484763
6797;27947;2147484762
6840;28119;2147484761
6848;28150;2147484760
6852;28166;2147484759
6853;28166;2147484758
6858;28197;2147484757
6891;28322;2147484756
6906;28384;2147484755
6910;28400;2147484754
6938;28525;2147484752
6960;28603;2147484751
6983;28712;2147484750
6984;28712;2147484749
6994;28759;2147484748
7001;28775;2147484747
7004;28791;2147484746
7057;29009;2147484745
7059;29025;2147484744
7067;29056;2147484743
7111;29228;2147484742
7114;29244;2147484740
7135;29337;2147484739
7149;29384;2147484738
7174;29494;2147484737
7185;29540;2147484736
7199;29587;2147484735
7217;29665;2147484734
7274;29900;2147484733
7286;29962;2147484732
7332;30150;2147484731
7346;30196;2147484730
7359;30259;2147484729
7361;30259;2147484728
7425;30525;2147484727
7430;30540;2147484726
7458;30665;2147484725
7508;30868;2147484724
7510;30868;2147484723
7532;30962;2147484722
7593;31212;2147484721
7633;31384;2147484719
7643;31415;2147484718
7676;31556;2147484717
7678;31571;2147484716
7707;31681;2147484715
7733;31806;2147484714
7762;31915;2147484713
7780;31993;2147484712
7784;32009;2147484711
7787;32024;2147484710
7837;32227;2147484709
7854;32290;2147484708
7861;32321;2147484707
7888;32430;2147484705
7963;32743;2147484704
7978;32805;2147484703
7992;32852;2147484702
8009;32930;2147484701
8027;33008;2147484700
8090;33258;2147484699
8140;33461;2147484698
8156;33524;2147484697
8227;33821;2147484696
8279;34039;2147484695
8327;34227;2147484693
8329;34242;2147484692
8361;34367;2147484691
8368;34399;2147484690
8483;34883;2147484688
8511;34992;2147484687
8517;35023;2147484674
8535;35102;2147484672
8560;35195;2147484671
8563;35211;2147484670
8574;35258;2147484669
8582;35289;2147484668
8594;35336;2147484667
8649;35570;2147484666
8653;35586;2147484665
8664;35633;2147484664
8719;35851;2147484663
8743;35945;2147484661
8745;35961;2147484660
8765;36039;2147484658
8784;36117;2147484657
8813;36242;2147484656
8819;36258;2147484655
8848;36383;2147484653
8854;36414;2147484652
8868;36461;2147484651
8875;36492;2147484650
8916;36664;2147484649
8978;36914;2147484648
8985;36945;2147484647
9021;37086;2147484646
9102;37414;2147484645
9136;37554;2147484644
9159;37648;2147484643
9192;37788;2147484642
9236;37976;2147484641
9247;38023;2147484639
9269;38117;2147484635
9271;38117;2147484634
9292;38210;2147484633
9311;38288;2147484632
9348;38429;2147484631
9389;38601;2147484630
9412;38695;2147484629
9465;38913;2147484628
9530;39179;2147484627
9575;39366;2147484626
9687;39819;2147484625
9720;39960;2147484624
9744;40054;2147484623
9766;40147;2147484622
9795;40272;2147484621
9825;40382;2147484620
9909;40725;2147484619
9935;40835;2147484618
9942;40866;2147484617
9969;40975;2147484616
9989;41053;2147484615
10008;41131;2147484614
10025;41194;2147484613
10043;41272;2147484612
10085;41444;2147484611
10094;41491;2147484610
10121;41600;2147484609
10131;41647;2147484608
10160;41756;2147484607
10194;41897;2147484606
10213;41975;2147484605
10254;42147;2147484604
10264;42178;2147484603
10275;42241;2147484602
10319;42412;2147484601
10344;42522;2147484600
10349;42537;2147484599
10361;42584;2147484598
10406;42772;2147484597
10448;42944;2147484596
10457;42990;2147484595
10476;43069;2147484594
10489;43115;2147484593
10500;43162;2147484592
10522;43256;2147484591
10556;43397;2147484589
10557;43397;2147484588
10601;43584;2147484587
10628;43693;2147484586
10666;43850;2147484585
10686;43928;2147484584
10713;44037;2147484583
10717;44053;2147484582
10741;44162;2147484580
10820;44474;2147484579
10833;44537;2147484578
10848;44599;2147484577
10852;44615;2147484575
10873;44693;2147484574
10882;44724;2147484573
10919;44881;2147484572
10923;44896;2147484571
10940;44974;2147484570
11010;45256;2147484567
11024;45302;2147484566
11072;45505;2147484565
11078;45537;2147484564
11081;45537;2147484563
11130;45740;2147484562
11143;45802;2147484561
11154;45834;2147484560
11169;45896;2147484559
11210;46068;2147484557
11301;46443;2147484556
11325;46536;2147484555
11328;46552;2147484554
11341;46615;2147484553
11354;46661;2147484552
11373;46740;2147484551
11382;46786;2147484550
11398;46849;2147484549
11417;46927;2147484548
11426;46958;2147484547
11435;46989;2147484546
11458;47099;2147484545
11463;47114;2147484544
11493;47239;2147484543
11497;47255;2147484542
11513;47318;2147484541
11520;47349;2147484540
11566;47536;2147484539
11567;47536;2147484538
11660;47927;2147484537
11722;48177;2147484536
11745;48270;2147484535
11790;48458;2147484534
11817;48567;2147484533
11818;48567;2147484532
11877;48817;2147484531
11958;49145;2147484530
11999;49301;2147484529
12030;49442;2147484527
12053;49536;2147484526
12071;49614;2147484525
12128;49833;2147484523
12143;49895;2147484522
12153;49942;2147484521
12156;49958;2147484520
12161;49973;2147484519
12181;50051;2147484518
12189;50083;2147484517
12249;50332;2147484516
12253;50348;2147484515
12298;50536;2147484514
12308;50567;2147484513
12389;50910;2147484512
12397;50942;2147484511
12438;51098;2147484510
12448;51145;2147484509
12456;51176;2147484508
12567;51645;2147484507
12572;51661;2147484506
12582;51708;2147484505
12616;51848;2147484504
12624;51880;2147484503
12634;51927;2147484502
12737;52348;2147484501
12748;52395;2147484500
12758;52426;2147484499
12770;52473;2147484498
12799;52598;2147484496
12836;52755;2147484495
12851;52817;2147484494
12865;52879;2147484493
12874;52911;2147484492
12880;52942;2147484491
12943;53192;2147484476
12954;53239;2147484475
12967;53301;2147484474
13008;53473;2147484473
13056;53661;2147484472
13069;53707;2147484471
13072;53723;2147484470
13149;54035;2147484469
13201;54254;2147484468
13207;54270;2147484467
13208;54285;2147484466
13229;54363;2147484465
13235;54395;2147484464
13247;54442;2147484463
13272;54551;2147484462
13380;54988;2147484461
13400;55066;2147484460
13422;55160;2147484459
13483;55410;2147484458
13567;55754;2147484457
13583;55816;2147484456
13615;55941;2147484455
13648;56082;2147484454
13653;56097;2147484453
13666;56160;2147484452
13675;56191;2147484451
13739;56441;2147484450
13769;56582;2147484449
13791;56660;2147484447
13801;56707;2147484446
13820;56785;2147484444
13847;56894;2147484443
13868;56988;2147484442
13995;57519;2147484441
14020;57628;2147484440
14054;57769;2147484439
14109;57988;2147484438
14177;58269;2147484437
14230;58472;2147484436
14304;58784;2147484435
14370;59050;2147484434
14391;59128;2147484433
14406;59191;2147484432
14441;59331;2147484431
14509;59612;2147484430
14550;59769;2147484429
14618;60050;2147484428
14619;60065;2147484427
14622;60065;2147484426
14638;60143;2147484424
14739;60550;2147484423
14759;60628;2147484422
14762;60643;2147484421
14881;61128;2147484420
14954;61424;2147484419
14970;61487;2147484418
15047;61815;2147484417
15059;61877;2147484416
15066;61893;2147484415
15096;62018;2147484414
15270;62737;2147484413
15278;62768;2147484412
15316;62924;2147484411
15390;63236;2147484410
15419;63346;2147484409
15434;63408;2147484408
15537;63830;2147484407
15583;64018;2147484406
15660;64330;2147484405
15662;64330;2147484404
15689;64439;2147484403
15742;64658;2147484401
15807;64924;2147484400
15817;64970;2147484399
15919;65377;2147484398
15942;65470;2147484397
15955;65533;2147484396
15969;65595;2147484395
15973;65611;2147484394
15987;65658;2147484393
16017;65783;2147484391
16020;65798;2147484390
16105;66158;2147484389
16136;66283;2147484388
16163;66392;2147484387
16165;66392;2147484386
16221;66626;2147484385
16276;66861;2147484384
16371;67251;2147484383
16377;67267;2147484382
16386;67314;2147484381
16390;67329;2147484380
16415;67423;2147484375
16449;67564;2147484374
16457;67595;2147484373
16463;67626;2147484372
16476;67673;2147484371
16569;68063;2147484370
16666;68454;2147484369
16741;68766;2147484368
16824;69094;2147484367
16882;69329;2147484366
16916;69469;2147484365
16946;69594;2147484364
17002;69813;2147484363
17072;70110;2147484362
17076;70125;2147484361
17090;70188;2147484360
17407;71469;2147484359
17410;71469;2147484358
17488;71797;2147484357
17564;72125;2147484356
17637;72422;2147484355
17685;72609;2147484354
17696;72656;2147484353
17804;73109;2147484352
17884;73422;2147484351
17939;73672;2147484350
17941;73687;2147484349
17970;73828;2147484348
17990;73906;2147484347
18058;74187;2147484345
18070;74234;2147484344
18081;74281;2147484343
18153;74562;2147484342
18295;75156;2147484341
18409;75609;2147484340
18445;75765;2147484339
18566;76249;2147484338
18696;76796;2147484337
18827;77343;2147484336
18838;77374;2147484335
18930;77764;2147484334
19056;78264;2147484333
19100;78452;2147484332
19149;78639;2147484331
19152;78655;2147484330
19217;78920;2147484329
19319;79342;2147484328
19420;79764;2147484327
19460;79920;2147484326
19466;79951;2147484325
19506;80108;2147484324
19522;80170;2147484323
19536;80232;2147484322
19871;81607;2147484321
19902;81732;2147484320
19941;81888;2147484319
19942;81904;2147484318
19944;81904;2147484317
19967;81998;2147484316
20113;82591;2147484315
20120;82623;2147484314
20161;82779;2147484313
20279;83279;2147484312
20447;83966;2147484311
20449;83966;2147484310
20521;84263;2147484309
20631;84716;2147484308
20709;85044;2147484307
20751;85200;2147484306
20784;85341;2147484305
20858;85653;2147484304
20967;86091;2147484303
21013;86278;2147484302
21019;86309;2147484301
21031;86356;2147484286
21139;86809;2147484285
21198;87043;2147484284
21232;87184;2147484283
21243;87231;2147484282
21299;87465;2147484281
21440;88043;2147484280
21484;88215;2147484279
21563;88543;2147484278
21586;88621;2147484277
21591;88652;2147484276
21745;89262;2147484275
21838;89657;2147484274
21873;89798;2147484272
21887;89860;2147484271
21946;90095;2147484270
22124;90829;2147484269
22132;90860;2147484268
22352;91751;2147484267
22393;91907;2147484266
22454;92157;2147484265
22455;92172;2147484264
22456;92172;2147484263
22465;92204;2147484261
22519;92422;2147484260
22527;92453;2147484259
22623;92860;2147484258
22649;92953;2147484257
22678;93078;2147484256
22740;93328;2147484255
22770;93453;2147484254
22774;93469;2147484253
22954;94187;2147484252
23193;95156;2147484251
23373;95890;2147484250
23387;95953;2147484249
23558;96656;2147484248
23658;97062;2147484247
23678;97140;2147484246
23719;97312;2147484245
23751;97452;2147484244
23841;97812;2147484243
23862;97905;2147484242
23871;97952;2147484241
23893;98030;2147484240
24007;98499;2147484239
24346;99889;2147484238
24450;100311;2147484237
24462;100358;2147484236
24611;100967;2147484235
24684;101280;2147484234
24688;101295;2147484233
24842;101920;2147484232
24848;101951;2147484231
25036;102717;2147484228
25064;102826;2147484227
25153;103185;2147484226
25240;103545;2147484225
25582;104966;2147484224
25596;105029;2147484223
25699;105450;2147484222
25746;105638;2147484221
25771;105747;2147484220
25787;105810;2147484216
25850;106060;2147484215
25877;106169;2147484213
25958;106497;2147484212
26089;107028;2147484211
26370;108200;2147484210
26447;108512;2147484209
26614;109184;2147484208
26682;109465;2147484207
26761;109793;2147484206
26781;109871;2147484205
26796;109934;2147484204
26969;110652;2147484203
26984;110715;2147484202
27184;111512;2147484201
27353;112215;2147484200
27535;112949;2147484199
28305;116104;2147484198
28619;117401;2147484197
28864;118401;2147484196
28932;118682;2147484195
28996;118932;2147484194
29306;120213;2147484193
29382;120525;2147484192
29548;121212;2147484191
29669;121712;2147484190
29713;121900;2147484189
29802;122259;2147484188
29844;122431;2147484187
29860;122493;2147484186
29880;122587;2147484185
30000;123071;2147484184
30085;123415;2147484183
30357;124524;2147484182
30360;124524;2147484181
30402;124696;2147484180
30413;124743;2147484179
30478;125008;2147484178
30638;125680;2147484177
30691;125899;2147484176
30799;126352;2147484175
30849;126555;2147484174
31024;127274;2147484173
31087;127524;2147484172
31146;127773;2147484171
31182;127930;2147484170
31209;128023;2147484169
31501;129226;2147484168
31517;129304;2147484167
31537;129382;2147484166
31929;131007;2147484165
32618;133835;2147484164
32781;134491;2147484163
32882;134912;2147484162
32895;134959;2147484161
32936;135131;2147484160
32963;135240;2147484159
33081;135709;2147484158
33114;135850;2147484157
33436;137162;2147484156
33448;137209;2147484155
33517;137490;2147484154
34056;139708;2147484153
34069;139771;2147484152
34263;140567;2147484151
34431;141255;2147484150
34607;141989;2147484149
34817;142832;2147484148
34891;143129;2147484147
34957;143395;2147484146
34959;143410;2147484145
35017;143645;2147484144
35210;144449;2147484143
35273;144699;2147484142
35499;145636;2147484141
35568;145917;2147484140
35634;146183;2147484139
35919;147355;2147484138
35986;147636;2147484137
36049;147901;2147484136
36383;149245;2147484135
36460;149557;2147484134
36719;150619;2147484132
36773;150838;2147484131
36986;151713;2147484130
37089;152135;2147484129
37304;153009;2147484128
38066;156134;2147484127
38334;157227;2147484126
38383;157430;2147484125
38518;157977;2147484124
38852;159399;2147484123
39330;161367;2147484122
39398;161632;2147484121
39409;161679;2147484120
39542;162242;2147484119
39659;162710;2147484118
39771;163163;2147484117
39993;164069;2147484116
40162;164757;2147484115
40171;164788;2147484114
40206;164929;2147484113
40282;165241;2147484112
40381;165647;2147484111
40520;166225;2147484110
40558;166381;2147484109
40685;166897;2147484108
40704;166975;2147484107
40774;167256;2147484106
40792;167319;2147484105
41064;168443;2147484104
41078;168506;2147484103
41399;169818;2147484102
41414;169865;2147484101
41553;170459;2147484100
41568;170521;2147484099
41709;171099;2147484098
41741;171224;2147484097
41905;171911;2147484096
42361;173770;2147484095
42449;174114;2147484094
42542;174520;2147484093
42762;175411;2147484092
42929;176098;2147484091
43110;176848;2147484090
43153;177019;2147484089
43377;177957;2147484088
43564;178722;2147484087
43648;179066;2147484086
43652;179082;2147484085
44305;181768;2147484084
44624;183065;2147484083
44765;183643;2147484082
44798;183784;2147484081
44807;183815;2147484080
44842;183955;2147484079
45383;186158;2147484078
46412;190376;2147484077
46603;191157;2147484076
46662;191391;2147484075
46686;191501;2147484074
46893;192328;2147484073
46980;192688;2147484072
47236;193734;2147484071
47312;194047;2147484070
47445;194594;2147484069
47909;196546;2147484068
48133;197452;2147484067
48187;197687;2147484066
48450;198733;2147484065
48515;198999;2147484064
48548;199139;2147484063
48607;199374;2147484062
48726;199858;2147484061
48772;200045;2147484060
48860;200405;2147484059
48920;200655;2147484058
48947;200764;2147484057
49172;201686;2147484056
49795;204248;2147484055
50315;206372;2147484054
50568;207419;2147484053
50614;207591;2147484052
50616;207606;2147484051
50654;207762;2147484050
50699;207950;2147484049
50856;208590;2147484048
51007;209215;2147484047
51037;209340;2147484046
51610;211699;2147484045
51922;212964;2147484044
52067;213558;2147484043
52251;214308;2147484042
52463;215183;2147484041
52484;215261;2147484040
52988;217323;2147484039
53118;217854;2147484038
53447;219182;2147484037
54238;222431;2147484036
54536;223649;2147484035
54564;223774;2147484034
55013;225618;2147484033
55142;226133;2147484032
55369;227070;2147484031
55414;227242;2147484030
55475;227508;2147484029
55836;228992;2147484028
55854;229054;2147484027
55972;229539;2147484026
56150;230257;2147484025
56518;231772;2147484024
56637;232257;2147484023
56727;232616;2147484022
56885;233272;2147484021
57764;236881;2147484020
57883;237365;2147484019
58367;239349;2147484018
58515;239958;2147484017
58850;241317;2147484016
58986;241879;2147484014
59104;242364;2147484013
59134;242489;2147484012
60483;248050;2147484011
60584;248472;2147484010
60808;249393;2147484009
61731;253158;2147484008
61986;254220;2147484007
62219;255158;2147484006
62513;256376;2147484005
62577;256626;2147484004
62579;256626;2147484003
62704;257142;2147484002
63191;259125;2147484001
63475;260281;2147484000
63545;260578;2147483999
64022;262515;2147483998
64298;263640;2147483997
64732;265405;2147483996
64997;266483;2147483995
66555;272841;2147483994
66913;274310;2147483993
67360;276122;2147483992
67567;276965;2147483991
67640;277278;2147483990
68201;279574;2147483989
68403;280386;2147483988
68419;280464;2147483987
69437;284651;2147483986
69781;286057;2147483985
69783;286057;2147483984
69911;286572;2147483983
69939;286697;2147483982
70461;288853;2147483981
70679;289743;2147483980
71011;291087;2147483979
71718;293977;2147483978
72813;298476;2147483977
72845;298601;2147483973
73381;300773;2147483972
73641;301851;2147483971
73788;302460;2147483970
73953;303132;2147483969
74375;304850;2147483968
74844;306771;2147483967
75633;309989;2147483965
76208;312317;2147483964
77308;316816;2147483963
77940;319393;2147483962
78034;319815;2147483961
78231;320628;2147483960
79499;325845;2147483959
79734;326798;2147483958
80742;330906;2147483957
81419;333671;2147483956
82374;337592;2147483955
82426;337811;2147483954
82675;338842;2147483953
82998;340154;2147483952
83357;341638;2147483951
84351;345684;2147483950
85455;350191;2147483949
85630;350894;2147483948
86546;354643;2147483947
87139;357064;2147483946
87262;357564;2147483945
87674;359251;2147483944
88473;362516;2147483943
88514;362688;2147483942
89539;366828;2147483941
90485;370686;2147483940
91384;374326;2147483939
91708;375654;2147483938
92133;377388;2147483937
92720;379762;2147483936
93362;382371;2147483935
93704;383745;2147483934
93966;384823;2147483933
94565;387276;2147483932
94913;388697;2147483931
95378;390588;2147483930
95583;391431;2147483929
96481;395118;2147483928
96691;395961;2147483927
96844;396586;2147483926
97215;398102;2147483925
97656;399914;2147483924
97974;401226;2147483923
98300;402554;2147483922
101619;416088;2147483921
104149;426477;2147483920
105675;432756;2147483919
105755;433069;2147483918
106406;435725;2147483917
107419;439880;2147483916
107479;440114;2147483915
107487;440145;2147483914
108422;444035;2147483913
108688;445113;2147483912
109287;447550;2147483911
110152;451112;2147483910
111040;454767;2147483909
111222;455501;2147483908
111230;455532;2147483907
112132;459282;2147483906
112382;460297;2147483905
112957;462671;2147483904
114669;469685;2147483903
114888;470591;2147483902
115208;471904;2147483901
115565;473372;2147483900
119402;489025;2147483899
119416;489072;2147483898
119448;489212;2147483897
120255;492493;2147483895
120271;492555;2147483894
120698;494305;2147483893
120768;494602;2147483892
121751;498616;2147483891
121840;498991;2147483890
122197;500444;2147483889
123133;504287;2147483888
124059;508067;2147483887
124476;509770;2147483886
124646;510473;2147483885
125368;513441;2147483884
126306;517252;2147483883
129984;532280;2147483882
130026;532437;2147483881
130522;534452;2147483880
130913;536045;2147483879
131307;537654;2147483878
131355;537857;2147483877
132692;543293;2147483876
134041;548808;2147483875
134939;552463;2147483874
135662;555400;2147483873
136105;557212;2147483872
139331;570396;2147483871
139412;570725;2147483870
139483;571021;2147483869
140173;573833;2147483868
140473;575067;2147483867
140663;575833;2147483866
142680;584102;2147483865
142920;585071;2147483864
144139;590023;2147483863
145488;595553;2147483862
149079;610221;2147483861
149121;610393;2147483860
150816;617329;2147483859
153152;626921;2147483858
153297;627499;2147483857
156492;640517;2147483856
158130;647208;2147483855
160089;655190;2147483854
161800;662188;2147483853
162830;666406;2147483852
163359;668546;2147483851
163562;669374;2147483850
164483;673108;2147483849
170289;696962;2147483848
173017;708084;2147483847
173237;708975;2147483846
175448;718035;2147483845
176341;721659;2147483844
177926;728126;2147483843
178310;729693;2147483842
179138;733052;2147483841
180283;737769;2147483840
181608;743190;2147483839
182410;746470;2147483838
184173;753687;2147483837
184690;755812;2147483836
184933;756812;2147483835
185584;759546;2147483834
186105;761670;2147483833
187411;767044;2147483832
190423;779322;2147483831
191696;784524;2147483830
192123;786274;2147483829
193190;790632;2147483828
195677;800802;2147483827
198070;810643;2147483826
198616;812861;2147483825
198751;813439;2147483824
199098;814830;2147483823
204492;836793;2147483822
204522;836918;2147483821
205698;841714;2147483820
211542;865630;2147483819
214465;877567;2147483818
214973;879629;2147483817
215463;881628;2147483816
215673;882503;2147483815
223368;913997;2147483814
227934;932720;2147483813
228004;933017;2147483812
230723;944124;2147483811
233037;953856;2147483810
243032;994674;2147483809
243224;995471;2147483808
244611;1001157;2147483807
246390;1008437;2147483806
248281;1016248;2147483805
250040;1023449;2147483804
257605;1054400;2147483803
257637;1054541;2147483802
257832;1055337;2147483801
258264;1057103;2147483800
259451;1062023;2147483799
261458;1070240;2147483798
261538;1070568;2147483797
263907;1080285;2147483796
264466;1082581;2147483795
264834;1084081;2147483793
265465;1086674;2147483792
267953;1096890;2147483791
268682;1099905;2147483790
271494;1111402;2147483789
271801;1112668;2147483788
273898;1121260;2147483787
275833;1129174;2147483786
277493;1135954;2147483785
280461;1148138;2147483784
281393;1151966;2147483783
283264;1159636;2147483782
285605;1169231;2147483781
286424;1172637;2147483780
297243;1216908;2147483779
302533;1238606;2147483778
303318;1241808;2147483777
306157;1253493;2147483776
308030;1261194;2147483775
312828;1280877;2147483774
313034;1281705;2147483773
315831;1293296;2147483772
324481;1328757;2147483771
332152;1360310;2147483770
332424;1361419;2147483769
334141;1368449;2147483768
338064;1384523;2147483767
341625;1399117;2147483766
343943;1408624;2147483765
349641;1431962;2147483764
351864;1441054;2147483763
359178;1470981;2147483762
359322;1471559;2147483760
362482;1484556;2147483759
365969;1498896;2147483758
374172;1532467;2147483756
380997;1560492;2147483755
384537;1574988;2147483754
389342;1594687;2147483753
391030;1601591;2147483752
400347;1639630;2147483751
408481;1673044;2147483750
428575;1755186;2147483749
433704;1776155;2147483748
436644;1788185;2147483747
440548;1804293;2147483746
443321;1815618;2147483745
445618;1825040;2147483744
446068;1826868;2147483743
467297;1913806;2147483742
478208;1958546;2147483741
487046;1994787;2147483740
488046;1998865;2147483739
488526;2000833;2147483738
488610;2001176;2147483737
490894;2010534;2147483736
492314;2016329;2147483735
493206;2019969;2147483734
493364;2020609;2147483733
505771;2071574;2147483732
514665;2108034;2147483731
528066;2163115;2147483730
529294;2168153;2147483729
532689;2182040;2147483728
537169;2200536;2147483727
549327;2250436;2147483726
552514;2263542;2147483725
568718;2330185;2147483724
579866;2376127;2147483723
583648;2391764;2147483722
620158;2541823;2147483721
620897;2544838;2147483720
631384;2587947;2147483719
632635;2593087;2147483718
647018;2652136;2147483717
674593;2765311;2147483716
676735;2774106;2147483715
682033;2796101;2147483714
682866;2799522;2147483713
709620;2909410;2147483712
710818;2914331;2147483711
713060;2923547;2147483710
726380;2978097;2147483709
734867;3013040;2147483708
744963;3054535;2147483707
763586;3130878;2147483706
793835;3255091;2147483705
797620;3270728;2147483704
799275;3277492;2147483703
813655;3336713;2147483702
818852;3358105;2147483701
847561;3476181;2147483700
850616;3488741;2147483699
854473;3504659;2147483698
889119;3647396;2147483697
897004;3679851;2147483695
925273;3796411;2147483694
962609;3950036;2147483693
999129;4100440;2147483692
3267767;13369496;2147483691
3367253;13779879;2147483690
3387227;13862641;2147483689
3456643;14149314;2147483688
3472227;14213518;2147483687
3500610;14330850;2147483686
#
# name: Hill Climbing RS
# algorithm_class: solver.HillClimbingWithRS
# instance: iku-fal17
# seed: -7334577310200776421
# bestF: 2147483686
# DTF: 38
# cost: 162705
# startTime: 1773402899372
# totalTime: 14400006
# totalFEs: 3517340
# maxFEs: 9223372036854775807
# maxMilliSeconds: 14400000
# maxSeconds: 14400
#
<?xml version="1.0" encoding="UTF-8" standalone="no"?>
<solution author="ScholORs" cores="1" country="China and Malaysia" institution="Bejing/Hefei/Malaysia" name="iku-fal17" runtime="14400" technique="hillclimbingwithrs">
    <class days="0000100" id="1" room="190" start="180" weeks="11111111111111"/>
    <class days="0000100" id="2" room="190" start="192" weeks="11111111111111"/>
    <class days="0100000" id="3" room="202" start="114" weeks="11111111111111"/>
    <class days="0100000" id="4" room="202" start="126" weeks="11111111111111"/>
    <class days="1000000" id="5" room="69" start="108" weeks="11111111111111"/>
    <class days="0010000" id="6" room="69" start="114" weeks="11111111111111"/>
    <class days="0010000" id="7" room="69" start="126" weeks="11111111111111"/>
    <class days="0010000" id="8" room="213" start="192" weeks="11111111111111"/>
    <class days="0010000" id="9" room="213" start="204" weeks="11111111111111"/>
    <class days="1000000" id="10" room="71" start="180" weeks="11111111111111"/>
    <class days="1000000" id="11" room="71" start="192" weeks="11111111111111"/>
    <class days="0100000" id="12" room="138" start="156" weeks="11111111111111"/>
    <class days="0100000" id="13" start="156" weeks="11111111111111"/>
    <class days="0100000" id="14" room="97" start="180" weeks="11111111111111"/>
    <class days="0100000" id="15" start="180" weeks="11111111111111"/>
    <class days="0000100" id="16" room="138" start="108" weeks="11111111111111"/>
    <class days="0000100" id="17" start="108" weeks="11111111111111"/>
    <class days="1000000" id="18" start="108" weeks="11111111111111"/>
    <class days="1000000" id="19" start="156" weeks="11111111111111"/>
    <class days="1000000" id="20" start="156" weeks="11111111111111"/>
    <class days="1000000" id="21" start="132" weeks="11111111111111"/>
    <class days="1000000" id="22" start="180" weeks="11111111111111"/>
    <class days="1000000" id="23" start="180" weeks="11111111111111"/>
    <class days="0001000" id="24" start="156" weeks="11111111111111"/>
    <class days="0001000" id="25" start="108" weeks="11111111111111"/>
    <class days="0001000" id="26" start="108" weeks="11111111111111"/>
    <class days="1000000" id="27" start="108" weeks="11111111111111"/>
    <class days="1000000" id="28" start="156" weeks="11111111111111"/>
    <class days="1000000" id="29" start="156" weeks="11111111111111"/>
    <class days="1000000" id="30" start="132" weeks="11111111111111"/>
    <class days="1000000" id="31" start="180" weeks="11111111111111"/>
    <class days="1000000" id="32" start="180" weeks="11111111111111"/>
    <class days="0001000" id="33" start="156" weeks="11111111111111"/>
    <class days="0001000" id="34" start="108" weeks="11111111111111"/>
    <class days="0001000" id="35" start="108" weeks="11111111111111"/>
    <class days="1000000" id="36" start="108" weeks="11111111111111"/>
    <class days="1000000" id="37" start="108" weeks="11111111111111"/>
    <class days="1000000" id="38" start="132" weeks="11111111111111"/>
    <class days="1000000" id="39" start="132" weeks="11111111111111"/>
    <class days="0001000" id="40" start="156" weeks="11111111111111"/>
    <class days="0001000" id="41" start="156" weeks="11111111111111"/>
    <class days="1000000" id="42" start="156" weeks="11111111111111"/>
    <class days="1000000" id="43" start="180" weeks="11111111111111"/>
    <class days="0001000" id="44" start="108" weeks="11111111111111"/>
    <class days="1000000" id="45" start="156" weeks="11111111111111"/>
    <class days="1000000" id="46" start="180" weeks="11111111111111"/>
    <class days="0001000" id="47" start="108" weeks="11111111111111"/>
    <class days="1000000" id="48" room="33" start="114" weeks="11111111111111"/>
    <class days="0001000" id="49" room="34" start="192" weeks="11111111111111"/>
    <class days="0010000" id="50" room="32" start="156" weeks="11111111111111"/>
    <class days="0010000" id="51" room="201" start="186" weeks="11111111111111"/>
    <class days="0010000" id="52" room="36" start="192" weeks="11111111111111"/>
    <class days="0100000" id="53" room="33" start="186" weeks="11111111111111"/>
    <class days="0001000" id="54" room="33" start="114" weeks="11111111111111"/>
    <class days="0100000" id="55" room="37" start="114" weeks="11111111111111"/>
    <class days="0000100" id="56" room="202" start="156" weeks="11111111111111"/>
    <class days="0000100" id="57" room="182" start="186" weeks="11111111111111"/>
    <class days="0001000" id="58" room="101" start="198" weeks="11111111111111"/>
    <class days="0001000" id="59" room="101" start="174" weeks="11111111111111"/>
    <class days="1000000" id="60" start="198" weeks="11111111111111"/>
    <class days="1000000" id="61" start="174" weeks="11111111111111"/>
    <class days="0000100" id="62" room="212" start="174" weeks="11111111111111"/>
    <class days="0010000" id="63" room="37" start="120" weeks="11111111111111"/>
    <class days="0010000" id="64" room="138" start="156" weeks="11111111111111"/>
    <class days="0010000" id="65" start="156" weeks="11111111111111"/>
    <class days="0010000" id="66" room="134" start="180" weeks="11111111111111"/>
    <class days="0010000" id="67" start="180" weeks="11111111111111"/>
    <class days="0010000" id="68" room="138" start="108" weeks="11111111111111"/>
    <class days="0010000" id="69" start="108" weeks="11111111111111"/>
    <class days="0010000" id="70" room="138" start="132" weeks="11111111111111"/>
    <class days="0010000" id="71" start="132" weeks="11111111111111"/>
    <class days="0100000" id="72" room="14" start="108" weeks="11111111111111"/>
    <class days="0100000" id="73" room="202" start="180" weeks="11111111111111"/>
    <class days="1000000" id="74" room="117" start="204" weeks="11111111111111"/>
    <class days="0100000" id="75" room="100" start="198" weeks="11111111111111"/>
    <class days="0000100" id="76" room="135" start="132" weeks="11111111111111"/>
    <class days="0000100" id="77" room="135" start="108" weeks="11111111111111"/>
    <class days="0010000" id="78" room="134" start="204" weeks="11111111111111"/>
    <class days="0000100" id="79" room="30" start="108" weeks="11111111111111"/>
    <class days="0001000" id="80" room="33" start="162" weeks="11111111111111"/>
    <class days="0001000" id="81" room="33" start="186" weeks="11111111111111"/>
    <class days="0010000" id="82" room="16" start="108" weeks="11111111111111"/>
    <class days="0010000" id="83" room="24" start="168" weeks="11111111111111"/>
    <class days="0010000" id="84" room="99" start="108" weeks="11111111111111"/>
    <class days="0010000" id="85" room="99" start="120" weeks="11111111111111"/>
    <class days="0010000" id="86" room="12" start="114" weeks="11111111111111"/>
    <class days="0010000" id="87" room="203" start="204" weeks="11111111111111"/>
    <class days="1000000" id="88" room="204" start="126" weeks="11111111111111"/>
    <class days="1000000" id="89" room="197" start="108" weeks="11111111111111"/>
    <class days="1000000" id="90" room="197" start="156" weeks="11111111111111"/>
    <class days="1000000" id="91" room="197" start="132" weeks="11111111111111"/>
    <class days="1000000" id="92" room="197" start="180" weeks="11111111111111"/>
    <class days="0000100" id="93" room="197" start="156" weeks="11111111111111"/>
    <class days="0000100" id="94" room="197" start="108" weeks="11111111111111"/>
    <class days="0100000" id="95" room="194" start="156" weeks="11111111111111"/>
    <class days="0100000" id="96" room="194" start="180" weeks="11111111111111"/>
    <class days="0000100" id="97" room="194" start="108" weeks="11111111111111"/>
    <class days="0000100" id="98" room="194" start="156" weeks="11111111111111"/>
    <class days="0000100" id="99" room="194" start="132" weeks="11111111111111"/>
    <class days="0000100" id="100" room="194" start="180" weeks="11111111111111"/>
    <class days="0001000" id="101" room="194" start="156" weeks="11111111111111"/>
    <class days="0001000" id="102" room="194" start="108" weeks="11111111111111"/>
    <class days="0001000" id="103" room="194" start="180" weeks="11111111111111"/>
    <class days="0001000" id="104" room="194" start="132" weeks="11111111111111"/>
    <class days="0001000" id="105" room="197" start="108" weeks="11111111111111"/>
    <class days="0001000" id="106" room="197" start="156" weeks="11111111111111"/>
    <class days="0001000" id="107" room="197" start="132" weeks="11111111111111"/>
    <class days="0001000" id="108" room="197" start="180" weeks="11111111111111"/>
    <class days="0010000" id="109" room="194" start="108" weeks="11111111111111"/>
    <class days="0010000" id="110" room="194" start="156" weeks="11111111111111"/>
    <class days="0010000" id="111" room="194" start="132" weeks="11111111111111"/>
    <class days="0010000" id="112" room="194" start="180" weeks="11111111111111"/>
    <class days="0100000" id="113" room="197" start="132" weeks="11111111111111"/>
    <class days="0100000" id="114" room="197" start="108" weeks="11111111111111"/>
    <class days="0100000" id="115" room="197" start="180" weeks="11111111111111"/>
    <class days="0100000" id="116" room="197" start="156" weeks="11111111111111"/>
    <class days="1000000" id="117" room="154" start="156" weeks="11111111111111"/>
    <class days="1000000" id="118" room="41" start="204" weeks="11111111111111"/>
    <class days="0100000" id="119" room="194" start="108" weeks="11111111111111"/>
    <class days="1000000" id="120" room="194" start="108" weeks="11111111111111"/>
    <class days="0100000" id="121" room="194" start="132" weeks="11111111111111"/>
    <class days="1000000" id="122" room="194" start="132" weeks="11111111111111"/>
    <class days="0000100" id="123" room="197" start="180" weeks="11111111111111"/>
    <class days="0000100" id="124" room="197" start="132" weeks="11111111111111"/>
    <class days="0010000" id="125" room="137" start="114" weeks="11111111111111"/>
    <class days="1000000" id="126" room="20" start="108" weeks="11111111111111"/>
    <class days="0100000" id="127" room="212" start="156" weeks="11111111111111"/>
    <class days="1000000" id="128" room="10" start="108" weeks="11111111111111"/>
    <class days="1000000" id="129" room="201" start="186" weeks="11111111111111"/>
    <class days="0001000" id="130" room="16" start="192" weeks="11111111111111"/>
    <class days="0001000" id="131" room="70" start="114" weeks="11111111111111"/>
    <class days="0100000" id="132" room="63" start="180" weeks="11111111111111"/>
    <class days="0100000" id="133" room="20" start="108" weeks="11111111111111"/>
    <class days="0001000" id="134" room="52" start="156" weeks="11111111111111"/>
    <class days="1000000" id="135" room="98" start="156" weeks="11111111111111"/>
    <class days="0100000" id="136" room="25" start="174" weeks="11111111111111"/>
    <class days="0000100" id="137" start="108" weeks="11111111111111"/>
    <class days="0001000" id="138" room="60" start="108" weeks="11111111111111"/>
    <class days="0001000" id="139" room="17" start="168" weeks="11111111111111"/>
    <class days="0010000" id="140" room="59" start="180" weeks="11111111111111"/>
    <class days="0100000" id="141" room="14" start="162" weeks="11111111111111"/>
    <class days="0001000" id="142" room="3" start="204" weeks="11111111111111"/>
    <class days="0000100" id="143" room="31" start="192" weeks="11111111111111"/>
    <class days="0010000" id="144" room="210" start="132" weeks="11111111111111"/>
    <class days="0010000" id="145" room="49" start="180" weeks="11111111111111"/>
    <class days="0001000" id="146" room="114" start="156" weeks="11111111111111"/>
    <class days="1000000" id="147" room="46" start="162" weeks="11111111111111"/>
    <class days="0010000" id="148" room="23" start="156" weeks="11111111111111"/>
    <class days="0100000" id="149" room="117" start="180" weeks="11111111111111"/>
    <class days="0000100" id="150" room="15" start="156" weeks="11111111111111"/>
    <class days="0001000" id="151" room="111" start="114" weeks="11111111111111"/>
    <class days="0000100" id="152" room="180" start="186" weeks="11111111111111"/>
    <class days="0000100" id="153" room="176" start="162" weeks="11111111111111"/>
    <class days="0100000" id="154" start="156" weeks="11111111111111"/>
    <class days="0100000" id="155" room="12" start="180" weeks="11111111111111"/>
    <class days="0100000" id="156" room="137" start="156" weeks="11111111111111"/>
    <class days="0100000" id="157" start="180" weeks="11111111111111"/>
    <class days="0100000" id="158" room="136" start="204" weeks="11111111111111"/>
    <class days="0100000" id="159" room="136" start="180" weeks="11111111111111"/>
    <class days="0100000" id="160" room="211" start="180" weeks="11111111111111"/>
    <class days="0100000" id="161" room="211" start="204" weeks="11111111111111"/>
    <class days="0010000" id="162" room="136" start="132" weeks="11111111111111"/>
    <class days="0010000" id="163" room="136" start="108" weeks="11111111111111"/>
    <class days="0001000" id="164" room="49" start="204" weeks="11111111111111"/>
    <class days="0001000" id="165" room="49" start="180" weeks="11111111111111"/>
    <class days="0100000" id="166" room="50" start="204" weeks="11111111111111"/>
    <class days="0001000" id="167" room="209" start="156" weeks="11111111111111"/>
    <class days="0001000" id="168" room="209" start="132" weeks="11111111111111"/>
    <class days="0100000" id="169" room="61" start="108" weeks="11111111111111"/>
    <class days="0100000" id="170" room="61" start="132" weeks="11111111111111"/>
    <class days="1000000" id="171" room="210" start="192" weeks="11111111111111"/>
    <class days="1000000" id="172" room="210" start="168" weeks="11111111111111"/>
    <class days="0100000" id="173" room="62" start="108" weeks="11111111111111"/>
    <class days="1000000" id="174" room="191" start="132" weeks="11111111111111"/>
    <class days="1000000" id="175" room="191" start="156" weeks="11111111111111"/>
    <class days="1000000" id="176" room="191" start="204" weeks="11111111111111"/>
    <class days="0100000" id="177" room="191" start="132" weeks="11111111111111"/>
    <class days="0100000" id="178" room="191" start="156" weeks="11111111111111"/>
    <class days="0001000" id="179" room="1" start="108" weeks="11111111111111"/>
    <class days="0001000" id="180" room="98" start="108" weeks="11111111111111"/>
    <class days="0001000" id="181" room="57" start="168" weeks="11111111111111"/>
    <class days="0001000" id="182" room="136" start="168" weeks="11111111111111"/>
    <class days="0001000" id="183" room="24" start="108" weeks="11111111111111"/>
    <class days="1000000" id="184" room="50" start="180" weeks="11111111111111"/>
    <class days="0100000" id="185" room="65" start="180" weeks="11111111111111"/>
    <class days="0001000" id="186" room="64" start="126" weeks="11111111111111"/>
    <class days="0001000" id="187" room="61" start="132" weeks="11111111111111"/>
    <class days="0001000" id="188" room="45" start="204" weeks="11111111111111"/>
    <class days="0100000" id="189" room="46" start="156" weeks="11111111111111"/>
    <class days="0100000" id="190" room="117" start="204" weeks="11111111111111"/>
    <class days="0010000" id="191" room="45" start="108" weeks="11111111111111"/>
    <class days="0010000" id="192" room="61" start="108" weeks="11111111111111"/>
    <class days="0010000" id="193" room="61" start="156" weeks="11111111111111"/>
    <class days="1000000" id="194" room="63" start="156" weeks="11111111111111"/>
    <class days="0010000" id="195" room="45" start="186" weeks="11111111111111"/>
    <class days="1000000" id="196" room="60" start="108" weeks="11111111111111"/>
    <class days="0001000" id="197" room="45" start="108" weeks="11111111111111"/>
    <class days="0001000" id="198" room="46" start="180" weeks="11111111111111"/>
    <class days="0001000" id="199" room="45" start="156" weeks="11111111111111"/>
    <class days="0001000" id="200" room="50" start="132" weeks="11111111111111"/>
    <class days="0000100" id="201" room="98" start="108" weeks="11111111111111"/>
    <class days="0000100" id="202" room="98" start="132" weeks="11111111111111"/>
    <class days="0010000" id="203" room="3" start="192" weeks="11111111111111"/>
    <class days="0010000" id="204" room="3" start="168" weeks="11111111111111"/>
    <class days="0010000" id="205" room="53" start="168" weeks="11111111111111"/>
    <class days="1000000" id="206" room="1" start="108" weeks="11111111111111"/>
    <class days="0001000" id="207" room="59" start="132" weeks="11111111111111"/>
    <class days="0001000" id="208" room="59" start="156" weeks="11111111111111"/>
    <class days="0001000" id="209" room="72" start="114" weeks="11111111111111"/>
    <class days="0010000" id="210" room="152" start="156" weeks="11111111111111"/>
    <class days="0000100" id="211" room="90" start="168" weeks="11111111111111"/>
    <class days="0100000" id="212" room="85" start="180" weeks="11111111111111"/>
    <class days="0001000" id="213" room="72" start="144" weeks="11111111111111"/>
    <class days="0100000" id="214" room="150" start="132" weeks="11111111111111"/>
    <class days="0010000" id="215" room="152" start="108" weeks="11111111111111"/>
    <class days="0010000" id="216" room="72" start="108" weeks="11111111111111"/>
    <class days="0000100" id="217" room="172" start="162" weeks="11111111111111"/>
    <class days="0001000" id="218" room="85" start="168" weeks="11111111111111"/>
    <class days="0001000" id="219" room="150" start="168" weeks="11111111111111"/>
    <class days="0000100" id="220" room="72" start="156" weeks="11111111111111"/>
    <class days="0100000" id="221" room="40" start="150" weeks="11111111111111"/>
    <class days="0001000" id="222" room="85" start="138" weeks="11111111111111"/>
    <class days="0100000" id="223" room="40" start="174" weeks="11111111111111"/>
    <class days="0001000" id="224" room="85" start="126" weeks="11111111111111"/>
    <class days="0000100" id="225" room="148" start="168" weeks="11111111111111"/>
    <class days="1000000" id="226" room="173" start="156" weeks="11111111111111"/>
    <class days="0100000" id="227" room="90" start="132" weeks="11111111111111"/>
    <class days="0001000" id="228" room="90" start="138" weeks="11111111111111"/>
    <class days="0000100" id="229" room="90" start="192" weeks="11111111111111"/>
    <class days="0100000" id="230" room="86" start="156" weeks="11111111111111"/>
    <class days="1000000" id="231" room="173" start="132" weeks="11111111111111"/>
    <class days="0001000" id="232" room="172" start="138" weeks="11111111111111"/>
    <class days="1000000" id="233" room="72" start="108" weeks="11111111111111"/>
    <class days="1000000" id="234" room="150" start="162" weeks="11111111111111"/>
    <class days="0000100" id="235" room="150" start="132" weeks="11111111111111"/>
    <class days="1000000" id="236" room="90" start="144" weeks="11111111111111"/>
    <class days="0000100" id="237" room="40" start="120" weeks="11111111111111"/>
    <class days="0010000" id="238" room="173" start="156" weeks="11111111111111"/>
    <class days="0010000" id="239" room="89" start="168" weeks="11111111111111"/>
    <class days="1000000" id="240" room="42" start="180" weeks="11111111111111"/>
    <class days="0000100" id="241" room="151" start="144" weeks="11111111111111"/>
    <class days="0001000" id="242" room="90" start="162" weeks="11111111111111"/>
    <class days="0100000" id="243" room="150" start="108" weeks="11111111111111"/>
    <class days="0000100" id="244" room="154" start="114" weeks="11111111111111"/>
    <class days="0010000" id="245" room="157" start="126" weeks="11111111111111"/>
    <class days="0000100" id="246" room="154" start="138" weeks="11111111111111"/>
    <class days="0010000" id="247" room="157" start="114" weeks="11111111111111"/>
    <class days="0010000" id="248" room="32" start="108" weeks="11111111111111"/>
    <class days="0010000" id="249" room="184" start="132" weeks="11111111111111"/>
    <class days="0000100" id="250" room="7" start="132" weeks="11111111111111"/>
    <class days="0000100" id="251" room="179" start="156" weeks="11111111111111"/>
    <class days="0000100" id="252" room="192" start="180" weeks="11111111111111"/>
    <class days="0000100" id="253" room="32" start="132" weeks="11111111111111"/>
    <class days="0000100" id="254" room="193" start="156" weeks="11111111111111"/>
    <class days="0001000" id="255" room="26" start="204" weeks="11111111111111"/>
    <class days="0100000" id="256" room="4" start="156" weeks="11111111111111"/>
    <class days="0100000" id="257" room="183" start="180" weeks="11111111111111"/>
    <class days="0100000" id="258" room="183" start="204" weeks="11111111111111"/>
    <class days="0100000" id="259" room="18" start="108" weeks="11111111111111"/>
    <class days="0100000" id="260" room="186" start="204" weeks="11111111111111"/>
    <class days="0000100" id="261" room="16" start="108" weeks="11111111111111"/>
    <class days="0000100" id="262" room="186" start="132" weeks="11111111111111"/>
    <class days="0100000" id="263" room="27" start="198" weeks="11111111111111"/>
    <class days="0000100" id="264" room="16" start="156" weeks="11111111111111"/>
    <class days="0000100" id="265" room="186" start="180" weeks="11111111111111"/>
    <class days="0000100" id="266" room="186" start="204" weeks="11111111111111"/>
    <class days="0000100" id="267" room="12" start="108" weeks="11111111111111"/>
    <class days="0000100" id="268" room="184" start="132" weeks="11111111111111"/>
    <class days="0010000" id="269" room="139" start="156" weeks="11111111111111"/>
    <class days="0010000" id="270" room="183" start="204" weeks="11111111111111"/>
    <class days="0000100" id="271" room="183" start="108" weeks="11111111111111"/>
    <class days="1000000" id="272" room="8" start="162" weeks="11111111111111"/>
    <class days="0000100" id="273" room="66" start="114" weeks="11111111111111"/>
    <class days="0000100" id="274" room="213" start="192" weeks="11111111111111"/>
    <class days="0001000" id="275" room="67" start="156" weeks="11111111111111"/>
    <class days="0001000" id="276" room="210" start="132" weeks="11111111111111"/>
    <class days="0001000" id="277" room="184" start="108" weeks="11111111111111"/>
    <class days="0001000" id="278" room="184" start="132" weeks="11111111111111"/>
    <class days="0001000" id="279" room="184" start="168" weeks="11111111111111"/>
    <class days="0001000" id="280" room="184" start="192" weeks="11111111111111"/>
    <class days="1000000" id="281" room="184" start="180" weeks="11111111111111"/>
    <class days="1000000" id="282" room="46" start="132" weeks="11111111111111"/>
    <class days="1000000" id="283" room="59" start="156" weeks="11111111111111"/>
    <class days="1000000" id="284" room="183" start="180" weeks="11111111111111"/>
    <class days="0001000" id="285" room="186" start="108" weeks="11111111111111"/>
    <class days="0001000" id="286" room="186" start="132" weeks="11111111111111"/>
    <class days="0001000" id="287" room="186" start="168" weeks="11111111111111"/>
    <class days="0001000" id="288" room="186" start="192" weeks="11111111111111"/>
    <class days="0100000" id="289" room="102" start="114" weeks="11111111111111"/>
    <class days="1000000" id="290" room="24" start="192" weeks="11111111111111"/>
    <class days="0100000" id="291" room="25" start="108" weeks="11111111111111"/>
    <class days="0100000" id="292" room="25" start="132" weeks="11111111111111"/>
    <class days="0010000" id="293" room="184" start="156" weeks="11111111111111"/>
    <class days="0010000" id="294" room="184" start="180" weeks="11111111111111"/>
    <class days="0100000" id="295" room="184" start="180" weeks="11111111111111"/>
    <class days="0100000" id="296" room="184" start="204" weeks="11111111111111"/>
    <class days="0010000" id="297" room="10" start="180" weeks="11111111111111"/>
    <class days="0010000" id="298" room="10" start="204" weeks="11111111111111"/>
    <class days="0001000" id="299" room="183" start="180" weeks="11111111111111"/>
    <class days="0001000" id="300" room="183" start="204" weeks="11111111111111"/>
    <class days="0000100" id="301" room="186" start="156" weeks="11111111111111"/>
    <class days="0000100" id="302" room="183" start="180" weeks="11111111111111"/>
    <class days="0100000" id="303" room="96" start="132" weeks="11111111111111"/>
    <class days="0100000" id="304" room="96" start="156" weeks="11111111111111"/>
    <class days="0010000" id="305" room="192" start="108" weeks="11111111111111"/>
    <class days="0010000" id="306" room="192" start="132" weeks="11111111111111"/>
    <class days="0010000" id="307" room="192" start="156" weeks="11111111111111"/>
    <class days="0010000" id="308" room="192" start="180" weeks="11111111111111"/>
    <class days="0000100" id="309" room="114" start="132" weeks="11111111111111"/>
    <class days="0000100" id="310" room="7" start="156" weeks="11111111111111"/>
    <class days="0000100" id="311" room="27" start="120" weeks="11111111111111"/>
    <class days="0100000" id="312" room="15" start="132" weeks="11111111111111"/>
    <class days="0100000" id="313" room="50" start="156" weeks="11111111111111"/>
    <class days="0010000" id="314" room="183" start="132" weeks="11111111111111"/>
    <class days="0010000" id="315" room="183" start="156" weeks="11111111111111"/>
    <class days="0010000" id="316" room="183" start="180" weeks="11111111111111"/>
    <class days="0010000" id="317" room="112" start="132" weeks="11111111111111"/>
    <class days="0010000" id="318" room="209" start="108" weeks="11111111111111"/>
    <class days="0010000" id="319" room="186" start="156" weeks="11111111111111"/>
    <class days="0010000" id="320" room="186" start="180" weeks="11111111111111"/>
    <class days="0010000" id="321" room="186" start="204" weeks="11111111111111"/>
    <class days="1000000" id="322" room="201" start="132" weeks="11111111111111"/>
    <class days="1000000" id="323" room="54" start="156" weeks="11111111111111"/>
    <class days="0001000" id="324" room="183" start="108" weeks="11111111111111"/>
    <class days="0001000" id="325" room="183" start="132" weeks="11111111111111"/>
    <class days="0001000" id="326" room="183" start="156" weeks="11111111111111"/>
    <class days="0010000" id="327" room="6" start="114" weeks="11111111111111"/>
    <class days="0001000" id="328" room="10" start="156" weeks="11111111111111"/>
    <class days="1000000" id="329" room="13" start="132" weeks="11111111111111"/>
    <class days="1000000" id="330" room="20" start="156" weeks="11111111111111"/>
    <class days="1000000" id="331" room="55" start="108" weeks="11111111111111"/>
    <class days="1000000" id="332" room="193" start="132" weeks="11111111111111"/>
    <class days="1000000" id="333" room="181" start="198" weeks="11111111111111"/>
    <class days="1000000" id="334" room="181" start="174" weeks="11111111111111"/>
    <class days="0000100" id="335" room="181" start="168" weeks="11111111111111"/>
    <class days="0010000" id="336" room="193" start="108" weeks="11111111111111"/>
    <class days="0010000" id="337" room="193" start="132" weeks="11111111111111"/>
    <class days="0000100" id="338" room="192" start="108" weeks="11111111111111"/>
    <class days="0000100" id="339" room="192" start="132" weeks="11111111111111"/>
    <class days="0000100" id="340" room="27" start="192" weeks="11111111111111"/>
    <class days="1000000" id="341" room="11" start="156" weeks="11111111111111"/>
    <class days="1000000" id="342" room="11" start="132" weeks="11111111111111"/>
    <class days="0001000" id="343" room="193" start="108" weeks="11111111111111"/>
    <class days="0001000" id="344" room="193" start="132" weeks="11111111111111"/>
    <class days="0100000" id="345" room="193" start="108" weeks="11111111111111"/>
    <class days="0100000" id="346" room="193" start="132" weeks="11111111111111"/>
    <class days="1000000" id="347" room="181" start="126" weeks="11111111111111"/>
    <class days="0000100" id="348" room="193" start="114" weeks="11111111111111"/>
    <class days="0001000" id="349" room="59" start="204" weeks="11111111111111"/>
    <class days="1000000" id="350" room="17" start="204" weeks="11111111111111"/>
    <class days="0100000" id="351" room="193" start="156" weeks="11111111111111"/>
    <class days="0100000" id="352" room="193" start="180" weeks="11111111111111"/>
    <class days="0010000" id="353" room="26" start="156" weeks="11111111111111"/>
    <class days="0000100" id="354" room="20" start="180" weeks="11111111111111"/>
    <class days="1000000" id="355" start="174" weeks="11111111111111"/>
    <class days="0010000" id="356" start="120" weeks="11111111111111"/>
    <class days="1010000" id="357" room="175" start="204" weeks="11111111111111"/>
    <class days="0010100" id="358" room="117" start="180" weeks="11111111111111"/>
    <class days="0001000" id="359" room="192" start="156" weeks="11111111111111"/>
    <class days="0001000" id="360" room="192" start="180" weeks="11111111111111"/>
    <class days="1000000" id="361" room="63" start="114" weeks="11111111111111"/>
    <class days="0001000" id="362" room="63" start="132" weeks="11111111111111"/>
    <class days="0001000" id="363" room="116" start="204" weeks="11111111111111"/>
    <class days="0000100" id="364" room="59" start="108" weeks="11111111111111"/>
    <class days="0010000" id="365" start="114" weeks="11111111111111"/>
    <class days="0000100" id="366" start="126" weeks="11111111111111"/>
    <class days="0010000" id="367" room="188" start="180" weeks="11111111111111"/>
    <class days="0001000" id="368" room="188" start="162" weeks="11111111111111"/>
    <class days="0010000" id="369" room="193" start="156" weeks="11111111111111"/>
    <class days="0100000" id="370" room="53" start="120" weeks="11111111111111"/>
    <class days="1000000" id="371" room="193" start="156" weeks="11111111111111"/>
    <class days="1000000" id="372" room="193" start="180" weeks="11111111111111"/>
    <class days="0000100" id="373" room="17" start="180" weeks="11111111111111"/>
    <class days="0000100" id="374" room="17" start="156" weeks="11111111111111"/>
    <class days="0100000" id="375" room="192" start="204" weeks="11111111111111"/>
    <class days="0100000" id="376" room="192" start="180" weeks="11111111111111"/>
    <class days="1000000" id="377" room="66" start="114" weeks="11111111111111"/>
    <class days="0100000" id="378" room="20" start="174" weeks="11111111111111"/>
    <class days="0100000" id="379" room="5" start="150" weeks="11111111111111"/>
    <class days="0000100" id="380" room="58" start="108" weeks="11111111111111"/>
    <class days="0000100" id="381" room="12" start="132" weeks="11111111111111"/>
    <class days="1000000" id="382" room="11" start="180" weeks="11111111111111"/>
    <class days="1000000" id="383" room="31" start="180" weeks="11111111111111"/>
    <class days="0001000" id="384" room="8" start="138" weeks="11111111111111"/>
    <class days="0010000" id="385" room="10" start="108" weeks="11111111111111"/>
    <class days="0001000" id="386" room="27" start="114" weeks="11111111111111"/>
    <class days="0001000" id="387" room="62" start="204" weeks="11111111111111"/>
    <class days="0000100" id="388" room="111" start="156" weeks="11111111111111"/>
    <class days="0000100" id="389" room="62" start="180" weeks="11111111111111"/>
    <class days="1000000" id="390" room="117" start="108" weeks="11111111111111"/>
    <class days="1000000" id="391" room="111" start="192" weeks="11111111111111"/>
    <class days="0100000" id="392" room="11" start="120" weeks="11111111111111"/>
    <class days="0001000" id="393" room="56" start="114" weeks="11111111111111"/>
    <class days="0010000" id="394" room="70" start="126" weeks="11111111111111"/>
    <class days="0100000" id="395" room="213" start="156" weeks="11111111111111"/>
    <class days="0000100" id="396" room="117" start="132" weeks="11111111111111"/>
    <class days="0010000" id="397" room="19" start="204" weeks="11111111111111"/>
    <class days="0000100" id="398" room="16" start="192" weeks="11111111111111"/>
    <class days="0100000" id="399" room="5" start="114" weeks="11111111111111"/>
    <class days="0100000" id="400" room="14" start="192" weeks="11111111111111"/>
    <class days="0010000" id="401" room="13" start="162" weeks="11111111111111"/>
    <class days="0001000" id="402" room="24" start="156" weeks="11111111111111"/>
    <class days="0001000" id="403" room="62" start="132" weeks="11111111111111"/>
    <class days="0010000" id="404" room="70" start="204" weeks="11111111111111"/>
    <class days="0001000" id="405" room="30" start="192" weeks="11111111111111"/>
    <class days="0100000" id="406" room="52" start="180" weeks="11111111111111"/>
    <class days="1000000" id="407" room="98" start="120" weeks="11111111111111"/>
    <class days="0100000" id="408" room="3" start="138" weeks="11111111111111"/>
    <class days="0000100" id="409" room="45" start="108" weeks="11111111111111"/>
    <class days="0001000" id="410" room="23" start="162" weeks="11111111111111"/>
    <class days="0100000" id="411" room="9" start="192" weeks="11111111111111"/>
    <class days="0010000" id="412" room="197" start="108" weeks="11111111111111"/>
    <class days="0010000" id="413" room="197" start="156" weeks="11111111111111"/>
    <class days="0010000" id="414" room="197" start="132" weeks="11111111111111"/>
    <class days="0010000" id="415" room="197" start="180" weeks="11111111111111"/>
    <class days="0000100" id="416" room="89" start="180" weeks="11111111111111"/>
    <class days="0000100" id="417" room="157" start="156" weeks="11111111111111"/>
    <class days="0000100" id="418" room="88" start="198" weeks="11111111111111"/>
    <class days="0001000" id="419" room="57" start="216" weeks="11111111111111"/>
    <class days="1000000" id="420" room="55" start="216" weeks="11111111111111"/>
    <class days="0100000" id="421" room="112" start="246" weeks="11111111111111"/>
    <class days="1000000" id="422" room="137" start="246" weeks="11111111111111"/>
    <class days="0100000" id="423" room="102" start="234" weeks="11111111111111"/>
    <class days="0001000" id="424" room="213" start="234" weeks="11111111111111"/>
    <class days="1000000" id="425" room="62" start="120" weeks="11111111111111"/>
    <class days="0100000" id="426" room="17" start="108" weeks="11111111111111"/>
    <class days="1000000" id="427" room="17" start="156" weeks="11111111111111"/>
    <class days="1000000" id="428" room="23" start="192" weeks="11111111111111"/>
    <class days="0010000" id="429" room="210" start="108" weeks="11111111111111"/>
    <class days="0000100" id="430" room="63" start="156" weeks="11111111111111"/>
    <class days="0010000" id="431" room="209" start="132" weeks="11111111111111"/>
    <class days="1000000" id="432" room="208" start="120" weeks="11111111111111"/>
    <class days="0100000" id="433" room="205" start="174" weeks="11111111111111"/>
    <class days="1000000" id="434" room="177" start="174" weeks="11111111111111"/>
    <class days="0100000" id="435" room="176" start="192" weeks="11111111111111"/>
    <class days="0000100" id="436" room="10" start="108" weeks="11111111111111"/>
    <class days="0100000" id="437" room="66" start="174" weeks="11111111111111"/>
    <class days="0001000" id="438" room="178" start="114" weeks="11111111111111"/>
    <class days="0100000" id="439" room="177" start="108" weeks="11111111111111"/>
    <class days="0000100" id="440" room="178" start="174" weeks="11111111111111"/>
    <class days="1000000" id="441" room="178" start="174" weeks="11111111111111"/>
    <class days="1000000" id="442" room="177" start="108" weeks="11111111111111"/>
    <class days="0001000" id="443" room="177" start="156" weeks="11111111111111"/>
    <class days="0000100" id="444" room="23" start="108" weeks="11111111111111"/>
    <class days="0000100" id="445" room="23" start="132" weeks="11111111111111"/>
    <class days="0100000" id="446" room="23" start="108" weeks="11111111111111"/>
    <class days="0100000" id="447" room="23" start="132" weeks="11111111111111"/>
    <class days="1000000" id="448" room="4" start="108" weeks="11111111111111"/>
    <class days="0010000" id="449" room="52" start="108" weeks="11111111111111"/>
    <class days="0100000" id="450" room="30" start="132" weeks="11111111111111"/>
    <class days="1000000" id="451" room="128" start="108" weeks="11111111111111"/>
    <class days="1000000" id="452" room="165" start="108" weeks="11111111111111"/>
    <class days="1000000" id="453" room="166" start="108" weeks="11111111111111"/>
    <class days="1000000" id="454" room="119" start="108" weeks="11111111111111"/>
    <class days="1000000" id="455" room="126" start="108" weeks="11111111111111"/>
    <class days="1000000" id="456" room="130" start="108" weeks="11111111111111"/>
    <class days="1000000" id="457" room="133" start="108" weeks="11111111111111"/>
    <class days="1000000" id="458" room="121" start="108" weeks="11111111111111"/>
    <class days="1000000" id="459" room="143" start="108" weeks="11111111111111"/>
    <class days="1000000" id="460" room="127" start="108" weeks="11111111111111"/>
    <class days="1000000" id="461" room="163" start="108" weeks="11111111111111"/>
    <class days="1000000" id="462" room="132" start="108" weeks="11111111111111"/>
    <class days="1000000" id="463" room="164" start="108" weeks="11111111111111"/>
    <class days="1000000" id="464" room="127" start="132" weeks="11111111111111"/>
    <class days="1000000" id="465" room="164" start="132" weeks="11111111111111"/>
    <class days="1000000" id="466" room="126" start="132" weeks="11111111111111"/>
    <class days="1000000" id="467" room="163" start="132" weeks="11111111111111"/>
    <class days="1000000" id="468" room="140" start="132" weeks="11111111111111"/>
    <class days="1000000" id="469" room="119" start="132" weeks="11111111111111"/>
    <class days="1000000" id="470" room="133" start="132" weeks="11111111111111"/>
    <class days="1000000" id="471" room="132" start="132" weeks="11111111111111"/>
    <class days="1000000" id="472" room="147" start="132" weeks="11111111111111"/>
    <class days="1000000" id="473" room="166" start="132" weeks="11111111111111"/>
    <class days="1000000" id="474" room="143" start="132" weeks="11111111111111"/>
    <class days="1000000" id="475" room="129" start="132" weeks="11111111111111"/>
    <class days="1000000" id="476" room="121" start="132" weeks="11111111111111"/>
    <class days="1000000" id="477" room="164" start="168" weeks="11111111111111"/>
    <class days="1000000" id="478" room="133" start="168" weeks="11111111111111"/>
    <class days="1000000" id="479" room="119" start="168" weeks="11111111111111"/>
    <class days="1000000" id="480" room="163" start="168" weeks="11111111111111"/>
    <class days="1000000" id="481" room="129" start="168" weeks="11111111111111"/>
    <class days="1000000" id="482" room="121" start="168" weeks="11111111111111"/>
    <class days="1000000" id="483" room="128" start="168" weeks="11111111111111"/>
    <class days="1000000" id="484" room="143" start="168" weeks="11111111111111"/>
    <class days="1000000" id="485" room="140" start="168" weeks="11111111111111"/>
    <class days="1000000" id="486" room="132" start="168" weeks="11111111111111"/>
    <class days="1000000" id="487" room="146" start="168" weeks="11111111111111"/>
    <class days="1000000" id="488" room="127" start="168" weeks="11111111111111"/>
    <class days="1000000" id="489" room="165" start="168" weeks="11111111111111"/>
    <class days="0100000" id="490" room="129" start="108" weeks="11111111111111"/>
    <class days="0100000" id="491" room="126" start="108" weeks="11111111111111"/>
    <class days="0100000" id="492" room="119" start="108" weeks="11111111111111"/>
    <class days="0100000" id="493" room="168" start="108" weeks="11111111111111"/>
    <class days="0100000" id="494" room="165" start="108" weeks="11111111111111"/>
    <class days="0100000" id="495" room="127" start="108" weeks="11111111111111"/>
    <class days="0100000" id="496" room="166" start="108" weeks="11111111111111"/>
    <class days="0100000" id="497" room="143" start="108" weeks="11111111111111"/>
    <class days="0100000" id="498" room="132" start="108" weeks="11111111111111"/>
    <class days="0100000" id="499" room="167" start="108" weeks="11111111111111"/>
    <class days="0100000" id="500" room="133" start="108" weeks="11111111111111"/>
    <class days="0100000" id="501" room="131" start="108" weeks="11111111111111"/>
    <class days="0100000" id="502" room="164" start="108" weeks="11111111111111"/>
    <class days="0100000" id="503" room="143" start="132" weeks="11111111111111"/>
    <class days="0100000" id="504" room="146" start="132" weeks="11111111111111"/>
    <class days="0100000" id="505" room="127" start="132" weeks="11111111111111"/>
    <class days="0100000" id="506" room="119" start="132" weeks="11111111111111"/>
    <class days="0100000" id="507" room="147" start="132" weeks="11111111111111"/>
    <class days="0100000" id="508" room="140" start="132" weeks="11111111111111"/>
    <class days="0100000" id="509" room="133" start="132" weeks="11111111111111"/>
    <class days="0100000" id="510" room="128" start="132" weeks="11111111111111"/>
    <class days="0100000" id="511" room="121" start="132" weeks="11111111111111"/>
    <class days="0100000" id="512" room="168" start="132" weeks="11111111111111"/>
    <class days="0100000" id="513" room="163" start="132" weeks="11111111111111"/>
    <class days="0100000" id="514" room="167" start="132" weeks="11111111111111"/>
    <class days="0100000" id="515" room="129" start="132" weeks="11111111111111"/>
    <class days="0100000" id="516" room="140" start="168" weeks="11111111111111"/>
    <class days="0100000" id="517" room="167" start="168" weeks="11111111111111"/>
    <class days="0100000" id="518" room="131" start="168" weeks="11111111111111"/>
    <class days="0100000" id="519" room="119" start="168" weeks="11111111111111"/>
    <class days="0100000" id="520" room="126" start="168" weeks="11111111111111"/>
    <class days="0100000" id="521" room="166" start="168" weeks="11111111111111"/>
    <class days="0100000" id="522" room="128" start="168" weeks="11111111111111"/>
    <class days="0100000" id="523" room="129" start="168" weeks="11111111111111"/>
    <class days="0100000" id="524" room="130" start="168" weeks="11111111111111"/>
    <class days="0100000" id="525" room="164" start="168" weeks="11111111111111"/>
    <class days="0100000" id="526" room="121" start="168" weeks="11111111111111"/>
    <class days="0100000" id="527" room="163" start="168" weeks="11111111111111"/>
    <class days="0100000" id="528" room="133" start="168" weeks="11111111111111"/>
    <class days="0010000" id="529" room="133" start="108" weeks="11111111111111"/>
    <class days="0010000" id="530" room="118" start="108" weeks="11111111111111"/>
    <class days="0010000" id="531" room="167" start="108" weeks="11111111111111"/>
    <class days="0010000" id="532" room="121" start="108" weeks="11111111111111"/>
    <class days="0010000" id="533" room="143" start="108" weeks="11111111111111"/>
    <class days="0010000" id="534" room="132" start="108" weeks="11111111111111"/>
    <class days="0010000" id="535" room="127" start="108" weeks="11111111111111"/>
    <class days="0010000" id="536" room="140" start="108" weeks="11111111111111"/>
    <class days="0010000" id="537" room="168" start="108" weeks="11111111111111"/>
    <class days="0010000" id="538" room="129" start="108" weeks="11111111111111"/>
    <class days="0010000" id="539" room="147" start="108" weeks="11111111111111"/>
    <class days="0010000" id="540" room="128" start="108" weeks="11111111111111"/>
    <class days="0010000" id="541" room="119" start="108" weeks="11111111111111"/>
    <class days="0010000" id="542" room="132" start="132" weeks="11111111111111"/>
    <class days="0010000" id="543" room="167" start="132" weeks="11111111111111"/>
    <class days="0010000" id="544" room="121" start="132" weeks="11111111111111"/>
    <class days="0010000" id="545" room="163" start="132" weeks="11111111111111"/>
    <class days="0010000" id="546" room="126" start="132" weeks="11111111111111"/>
    <class days="0010000" id="547" room="140" start="132" weeks="11111111111111"/>
    <class days="0010000" id="548" room="119" start="132" weeks="11111111111111"/>
    <class days="0010000" id="549" room="118" start="132" weeks="11111111111111"/>
    <class days="0010000" id="550" room="143" start="132" weeks="11111111111111"/>
    <class days="0010000" id="551" room="133" start="132" weeks="11111111111111"/>
    <class days="0010000" id="552" room="168" start="132" weeks="11111111111111"/>
    <class days="0010000" id="553" room="131" start="132" weeks="11111111111111"/>
    <class days="0010000" id="554" room="129" start="132" weeks="11111111111111"/>
    <class days="0010000" id="555" room="130" start="168" weeks="11111111111111"/>
    <class days="0010000" id="556" room="168" start="168" weeks="11111111111111"/>
    <class days="0010000" id="557" room="133" start="168" weeks="11111111111111"/>
    <class days="0010000" id="558" room="166" start="168" weeks="11111111111111"/>
    <class days="0010000" id="559" room="167" start="168" weeks="11111111111111"/>
    <class days="0010000" id="560" room="163" start="168" weeks="11111111111111"/>
    <class days="0010000" id="561" room="128" start="168" weeks="11111111111111"/>
    <class days="0010000" id="562" room="140" start="168" weeks="11111111111111"/>
    <class days="0010000" id="563" room="127" start="168" weeks="11111111111111"/>
    <class days="0010000" id="564" room="132" start="168" weeks="11111111111111"/>
    <class days="0010000" id="565" room="129" start="168" weeks="11111111111111"/>
    <class days="0010000" id="566" room="118" start="168" weeks="11111111111111"/>
    <class days="0010000" id="567" room="119" start="168" weeks="11111111111111"/>
    <class days="0001000" id="568" room="140" start="108" weeks="11111111111111"/>
    <class days="0001000" id="569" room="167" start="108" weeks="11111111111111"/>
    <class days="0001000" id="570" room="130" start="108" weeks="11111111111111"/>
    <class days="0001000" id="571" room="129" start="108" weeks="11111111111111"/>
    <class days="0001000" id="572" room="118" start="108" weeks="11111111111111"/>
    <class days="0001000" id="573" room="119" start="108" weeks="11111111111111"/>
    <class days="0001000" id="574" room="132" start="108" weeks="11111111111111"/>
    <class days="0001000" id="575" room="127" start="108" weeks="11111111111111"/>
    <class days="0001000" id="576" room="164" start="108" weeks="11111111111111"/>
    <class days="0001000" id="577" room="126" start="108" weeks="11111111111111"/>
    <class days="0001000" id="578" room="143" start="108" weeks="11111111111111"/>
    <class days="0001000" id="579" room="168" start="108" weeks="11111111111111"/>
    <class days="0001000" id="580" room="121" start="108" weeks="11111111111111"/>
    <class days="0001000" id="581" room="147" start="132" weeks="11111111111111"/>
    <class days="0001000" id="582" room="131" start="132" weeks="11111111111111"/>
    <class days="0001000" id="583" room="132" start="132" weeks="11111111111111"/>
    <class days="0001000" id="584" room="119" start="132" weeks="11111111111111"/>
    <class days="0001000" id="585" room="129" start="132" weeks="11111111111111"/>
    <class days="0001000" id="586" room="127" start="132" weeks="11111111111111"/>
    <class days="0001000" id="587" room="168" start="132" weeks="11111111111111"/>
    <class days="0001000" id="588" room="133" start="132" weeks="11111111111111"/>
    <class days="0001000" id="589" room="126" start="132" weeks="11111111111111"/>
    <class days="0001000" id="590" room="165" start="132" weeks="11111111111111"/>
    <class days="0001000" id="591" room="146" start="132" weeks="11111111111111"/>
    <class days="0001000" id="592" room="163" start="132" weeks="11111111111111"/>
    <class days="0001000" id="593" room="164" start="132" weeks="11111111111111"/>
    <class days="0001000" id="594" room="165" start="168" weeks="11111111111111"/>
    <class days="0001000" id="595" room="121" start="168" weeks="11111111111111"/>
    <class days="0001000" id="596" room="129" start="168" weeks="11111111111111"/>
    <class days="0001000" id="597" room="126" start="168" weeks="11111111111111"/>
    <class days="0001000" id="598" room="164" start="168" weeks="11111111111111"/>
    <class days="0001000" id="599" room="167" start="168" weeks="11111111111111"/>
    <class days="0001000" id="600" room="127" start="168" weeks="11111111111111"/>
    <class days="0001000" id="601" room="131" start="168" weeks="11111111111111"/>
    <class days="0001000" id="602" room="130" start="168" weeks="11111111111111"/>
    <class days="0001000" id="603" room="133" start="168" weeks="11111111111111"/>
    <class days="0001000" id="604" room="163" start="168" weeks="11111111111111"/>
    <class days="0001000" id="605" room="168" start="168" weeks="11111111111111"/>
    <class days="0001000" id="606" room="147" start="168" weeks="11111111111111"/>
    <class days="0000100" id="607" room="133" start="108" weeks="11111111111111"/>
    <class days="0000100" id="608" room="121" start="108" weeks="11111111111111"/>
    <class days="0000100" id="609" room="130" start="108" weeks="11111111111111"/>
    <class days="0000100" id="610" room="143" start="108" weeks="11111111111111"/>
    <class days="0000100" id="611" room="147" start="108" weeks="11111111111111"/>
    <class days="0000100" id="612" room="128" start="108" weeks="11111111111111"/>
    <class days="0000100" id="613" room="163" start="108" weeks="11111111111111"/>
    <class days="0000100" id="614" room="168" start="108" weeks="11111111111111"/>
    <class days="0000100" id="615" room="127" start="108" weeks="11111111111111"/>
    <class days="0000100" id="616" room="140" start="108" weeks="11111111111111"/>
    <class days="0000100" id="617" room="166" start="108" weeks="11111111111111"/>
    <class days="0000100" id="618" room="146" start="108" weeks="11111111111111"/>
    <class days="0000100" id="619" room="118" start="108" weeks="11111111111111"/>
    <class days="0000100" id="620" room="127" start="132" weeks="11111111111111"/>
    <class days="0000100" id="621" room="129" start="132" weeks="11111111111111"/>
    <class days="0000100" id="622" room="140" start="132" weeks="11111111111111"/>
    <class days="0000100" id="623" room="128" start="132" weeks="11111111111111"/>
    <class days="0000100" id="624" room="121" start="132" weeks="11111111111111"/>
    <class days="0000100" id="625" room="133" start="132" weeks="11111111111111"/>
    <class days="0000100" id="626" room="131" start="132" weeks="11111111111111"/>
    <class days="0000100" id="627" room="118" start="132" weeks="11111111111111"/>
    <class days="0000100" id="628" room="168" start="132" weeks="11111111111111"/>
    <class days="0000100" id="629" room="130" start="132" weeks="11111111111111"/>
    <class days="0000100" id="630" room="126" start="132" weeks="11111111111111"/>
    <class days="0000100" id="631" room="164" start="132" weeks="11111111111111"/>
    <class days="0000100" id="632" room="167" start="132" weeks="11111111111111"/>
    <class days="0000100" id="633" room="131" start="168" weeks="11111111111111"/>
    <class days="0000100" id="634" room="130" start="168" weeks="11111111111111"/>
    <class days="0000100" id="635" room="118" start="168" weeks="11111111111111"/>
    <class days="0000100" id="636" room="168" start="168" weeks="11111111111111"/>
    <class days="0000100" id="637" room="164" start="168" weeks="11111111111111"/>
    <class days="0000100" id="638" room="132" start="168" weeks="11111111111111"/>
    <class days="0000100" id="639" room="133" start="168" weeks="11111111111111"/>
    <class days="0000100" id="640" room="129" start="168" weeks="11111111111111"/>
    <class days="0000100" id="641" room="121" start="168" weeks="11111111111111"/>
    <class days="0000100" id="642" room="166" start="168" weeks="11111111111111"/>
    <class days="0000100" id="643" room="126" start="168" weeks="11111111111111"/>
    <class days="0000100" id="644" room="140" start="168" weeks="11111111111111"/>
    <class days="0000100" id="645" room="147" start="168" weeks="11111111111111"/>
    <class days="1000000" id="646" room="118" start="108" weeks="11111111111111"/>
    <class days="1000000" id="647" room="146" start="108" weeks="11111111111111"/>
    <class days="1000000" id="648" room="129" start="108" weeks="11111111111111"/>
    <class days="1000000" id="649" room="140" start="108" weeks="11111111111111"/>
    <class days="1000000" id="650" room="167" start="108" weeks="11111111111111"/>
    <class days="1000000" id="651" room="147" start="108" weeks="11111111111111"/>
    <class days="1000000" id="652" room="130" start="132" weeks="11111111111111"/>
    <class days="1000000" id="653" room="128" start="132" weeks="11111111111111"/>
    <class days="1000000" id="654" room="165" start="132" weeks="11111111111111"/>
    <class days="1000000" id="655" room="146" start="132" weeks="11111111111111"/>
    <class days="1000000" id="656" room="168" start="132" weeks="11111111111111"/>
    <class days="1000000" id="657" room="131" start="132" weeks="11111111111111"/>
    <class days="1000000" id="658" room="118" start="168" weeks="11111111111111"/>
    <class days="1000000" id="659" room="166" start="168" weeks="11111111111111"/>
    <class days="1000000" id="660" room="126" start="168" weeks="11111111111111"/>
    <class days="1000000" id="661" room="167" start="168" weeks="11111111111111"/>
    <class days="1000000" id="662" room="168" start="168" weeks="11111111111111"/>
    <class days="1000000" id="663" room="147" start="168" weeks="11111111111111"/>
    <class days="0100000" id="664" room="140" start="108" weeks="11111111111111"/>
    <class days="0100000" id="665" room="147" start="108" weeks="11111111111111"/>
    <class days="0100000" id="666" room="118" start="108" weeks="11111111111111"/>
    <class days="0100000" id="667" room="121" start="108" weeks="11111111111111"/>
    <class days="0100000" id="668" room="146" start="108" weeks="11111111111111"/>
    <class days="0100000" id="669" room="128" start="108" weeks="11111111111111"/>
    <class days="0100000" id="670" room="130" start="132" weeks="11111111111111"/>
    <class days="0100000" id="671" room="118" start="132" weeks="11111111111111"/>
    <class days="0100000" id="672" room="164" start="132" weeks="11111111111111"/>
    <class days="0100000" id="673" room="131" start="132" weeks="11111111111111"/>
    <class days="0100000" id="674" room="166" start="132" weeks="11111111111111"/>
    <class days="0100000" id="675" room="165" start="132" weeks="11111111111111"/>
    <class days="0100000" id="676" room="118" start="168" weeks="11111111111111"/>
    <class days="0100000" id="677" room="147" start="168" weeks="11111111111111"/>
    <class days="0100000" id="678" room="146" start="168" weeks="11111111111111"/>
    <class days="0100000" id="679" room="132" start="168" weeks="11111111111111"/>
    <class days="0100000" id="680" room="165" start="168" weeks="11111111111111"/>
    <class days="0100000" id="681" room="168" start="168" weeks="11111111111111"/>
    <class days="0010000" id="682" room="146" start="108" weeks="11111111111111"/>
    <class days="0010000" id="683" room="126" start="108" weeks="11111111111111"/>
    <class days="0010000" id="684" room="130" start="108" weeks="11111111111111"/>
    <class days="0010000" id="685" room="165" start="108" weeks="11111111111111"/>
    <class days="0010000" id="686" room="131" start="108" weeks="11111111111111"/>
    <class days="0010000" id="687" room="163" start="108" weeks="11111111111111"/>
    <class days="0010000" id="688" room="146" start="132" weeks="11111111111111"/>
    <class days="0010000" id="689" room="165" start="132" weeks="11111111111111"/>
    <class days="0010000" id="690" room="164" start="132" weeks="11111111111111"/>
    <class days="0010000" id="691" room="166" start="132" weeks="11111111111111"/>
    <class days="0010000" id="692" room="130" start="132" weeks="11111111111111"/>
    <class days="0010000" id="693" room="147" start="132" weeks="11111111111111"/>
    <class days="0001000" id="694" room="166" start="108" weeks="11111111111111"/>
    <class days="0001000" id="695" room="128" start="108" weeks="11111111111111"/>
    <class days="0001000" id="696" room="165" start="108" weeks="11111111111111"/>
    <class days="0001000" id="697" room="133" start="108" weeks="11111111111111"/>
    <class days="0001000" id="698" room="163" start="108" weeks="11111111111111"/>
    <class days="0001000" id="699" room="146" start="108" weeks="11111111111111"/>
    <class days="0001000" id="700" room="143" start="132" weeks="11111111111111"/>
    <class days="0001000" id="701" room="118" start="132" weeks="11111111111111"/>
    <class days="0001000" id="702" room="121" start="132" weeks="11111111111111"/>
    <class days="0001000" id="703" room="167" start="132" weeks="11111111111111"/>
    <class days="0001000" id="704" room="128" start="132" weeks="11111111111111"/>
    <class days="0001000" id="705" room="166" start="132" weeks="11111111111111"/>
    <class days="0000100" id="706" room="126" start="108" weeks="11111111111111"/>
    <class days="0000100" id="707" room="131" start="108" weeks="11111111111111"/>
    <class days="0000100" id="708" room="119" start="108" weeks="11111111111111"/>
    <class days="0000100" id="709" room="165" start="108" weeks="11111111111111"/>
    <class days="0000100" id="710" room="164" start="108" weeks="11111111111111"/>
    <class days="0000100" id="711" room="167" start="108" weeks="11111111111111"/>
    <class days="0000100" id="712" room="165" start="132" weeks="11111111111111"/>
    <class days="0000100" id="713" room="143" start="132" weeks="11111111111111"/>
    <class days="0000100" id="714" room="132" start="132" weeks="11111111111111"/>
    <class days="0000100" id="715" room="163" start="132" weeks="11111111111111"/>
    <class days="0000100" id="716" room="147" start="132" weeks="11111111111111"/>
    <class days="0000100" id="717" room="166" start="132" weeks="11111111111111"/>
    <class days="0100000" id="718" start="156" weeks="11111111111111"/>
    <class days="0100000" id="719" start="180" weeks="11111111111111"/>
    <class days="0000100" id="720" start="108" weeks="11111111111111"/>
    <class days="0010000" id="721" room="98" start="120" weeks="11111111111111"/>
    <class days="0010000" id="722" start="108" weeks="11111111111111"/>
    <class days="0010000" id="723" start="132" weeks="11111111111111"/>
    <class days="0010000" id="724" start="156" weeks="11111111111111"/>
    <class days="0010000" id="725" start="180" weeks="11111111111111"/>
    <class days="1000000" id="726" room="21" start="108" weeks="11111111111111"/>
    <class days="0001000" id="727" room="114" start="114" weeks="11111111111111"/>
    <class days="0100000" id="728" room="179" start="144" weeks="11111111111111"/>
    <class days="0100000" id="729" room="26" start="180" weeks="11111111111111"/>
    <class days="0010000" id="730" room="17" start="108" weeks="11111111111111"/>
    <class days="0001000" id="731" room="62" start="180" weeks="11111111111111"/>
    <class days="0000100" id="732" room="19" start="162" weeks="11111111111111"/>
    <class days="0001000" id="733" room="116" start="108" weeks="11111111111111"/>
    <class days="0000100" id="734" room="175" start="192" weeks="11111111111111"/>
    <class days="0000100" id="735" room="175" start="144" weeks="11111111111111"/>
    <class days="0100000" id="736" room="187" start="108" weeks="11111111111111"/>
    <class days="0100000" id="737" room="187" start="132" weeks="11111111111111"/>
    <class days="1000000" id="738" room="187" start="108" weeks="11111111111111"/>
    <class days="1000000" id="739" room="187" start="132" weeks="11111111111111"/>
    <class days="0001000" id="740" room="4" start="108" weeks="11111111111111"/>
    <class days="0010000" id="741" room="8" start="120" weeks="11111111111111"/>
    <class days="0100000" id="742" room="175" start="174" weeks="11111111111111"/>
    <class days="0100000" id="743" room="8" start="132" weeks="11111111111111"/>
    <class days="0000100" id="744" room="3" start="132" weeks="11111111111111"/>
    <class days="1000000" id="745" room="61" start="156" weeks="11111111111111"/>
    <class days="0100000" id="746" room="185" start="108" weeks="11111111111111"/>
    <class days="0010000" id="747" room="185" start="108" weeks="11111111111111"/>
    <class days="1000000" id="748" room="185" start="180" weeks="11111111111111"/>
    <class days="0000100" id="749" room="185" start="180" weeks="11111111111111"/>
    <class days="0010000" id="750" room="50" start="156" weeks="11111111111111"/>
    <class days="0100000" id="751" room="185" start="186" weeks="11111111111111"/>
    <class days="1000000" id="752" room="185" start="108" weeks="11111111111111"/>
    <class days="0000100" id="753" room="185" start="108" weeks="11111111111111"/>
    <class days="0001000" id="754" room="185" start="180" weeks="11111111111111"/>
    <class days="0010000" id="755" room="16" start="186" weeks="11111111111111"/>
    <class days="0010000" id="756" room="11" start="192" weeks="11111111111111"/>
    <class days="0001000" id="757" room="9" start="114" weeks="11111111111111"/>
    <class days="0000100" id="758" room="50" start="144" weeks="11111111111111"/>
    <class days="0100000" id="759" room="23" start="156" weeks="11111111111111"/>
    <class days="0001000" id="760" room="50" start="204" weeks="11111111111111"/>
    <class days="0010000" id="761" room="63" start="132" weeks="11111111111111"/>
    <class days="1000000" id="762" room="185" start="132" weeks="11111111111111"/>
    <class days="1000000" id="763" room="185" start="156" weeks="11111111111111"/>
    <class days="0010000" id="764" room="185" start="204" weeks="11111111111111"/>
    <class days="0000100" id="765" room="185" start="156" weeks="11111111111111"/>
    <class days="0010000" id="766" room="60" start="156" weeks="11111111111111"/>
    <class days="0001000" id="767" room="26" start="150" weeks="11111111111111"/>
    <class days="0000100" id="768" room="10" start="204" weeks="11111111111111"/>
    <class days="0000100" id="769" room="210" start="180" weeks="11111111111111"/>
    <class days="0000100" id="770" room="60" start="108" weeks="11111111111111"/>
    <class days="0001000" id="771" room="65" start="198" weeks="11111111111111"/>
    <class days="0000100" id="772" room="179" start="108" weeks="11111111111111"/>
    <class days="1000000" id="773" room="9" start="108" weeks="11111111111111"/>
    <class days="0100000" id="774" room="8" start="108" weeks="11111111111111"/>
    <class days="0001000" id="775" room="60" start="144" weeks="11111111111111"/>
    <class days="1000000" id="776" room="211" start="132" weeks="11111111111111"/>
    <class days="0010000" id="777" room="14" start="162" weeks="11111111111111"/>
    <class days="0000100" id="778" room="15" start="192" weeks="11111111111111"/>
    <class days="0001000" id="779" room="185" start="204" weeks="11111111111111"/>
    <class days="0010000" id="780" room="185" start="168" weeks="11111111111111"/>
    <class days="0010000" id="781" room="209" start="192" weeks="11111111111111"/>
    <class days="0001000" id="782" room="185" start="108" weeks="11111111111111"/>
    <class days="0001000" id="783" room="185" start="132" weeks="11111111111111"/>
    <class days="0001000" id="784" room="185" start="156" weeks="11111111111111"/>
    <class days="0100000" id="785" room="114" start="156" weeks="11111111111111"/>
    <class days="0010000" id="786" room="62" start="156" weeks="11111111111111"/>
    <class days="0100000" id="787" room="15" start="156" weeks="11111111111111"/>
    <class days="1000000" id="788" room="23" start="108" weeks="11111111111111"/>
    <class days="1000000" id="789" room="114" start="132" weeks="11111111111111"/>
    <class days="1000000" id="790" room="116" start="108" weeks="11111111111111"/>
    <class days="1000000" id="791" room="115" start="108" weeks="11111111111111"/>
    <class days="1000000" id="792" room="116" start="132" weeks="11111111111111"/>
    <class days="0001000" id="793" room="63" start="108" weeks="11111111111111"/>
    <class days="0001000" id="794" room="49" start="132" weeks="11111111111111"/>
    <class days="0001000" id="795" room="117" start="108" weeks="11111111111111"/>
    <class days="0001000" id="796" room="112" start="108" weeks="11111111111111"/>
    <class days="0001000" id="797" room="17" start="132" weeks="11111111111111"/>
    <class days="0100000" id="798" room="112" start="132" weeks="11111111111111"/>
    <class days="0100000" id="799" room="62" start="132" weeks="11111111111111"/>
    <class days="0100000" id="800" room="210" start="132" weeks="11111111111111"/>
    <class days="0100000" id="801" room="60" start="108" weeks="11111111111111"/>
    <class days="0100000" id="802" room="114" start="108" weeks="11111111111111"/>
    <class days="0010000" id="803" room="115" start="132" weeks="11111111111111"/>
    <class days="0010000" id="804" room="46" start="132" weeks="11111111111111"/>
    <class days="0010000" id="805" room="23" start="132" weeks="11111111111111"/>
    <class days="0010000" id="806" room="112" start="108" weeks="11111111111111"/>
    <class days="0010000" id="807" room="23" start="108" weeks="11111111111111"/>
    <class days="0000100" id="808" room="98" start="222" weeks="11111111111111"/>
    <class days="0100000" id="809" room="10" start="228" weeks="11111111111111"/>
    <class days="1000000" id="810" room="51" start="234" weeks="11111111111111"/>
    <class days="0000100" id="811" room="202" start="222" weeks="11111111111111"/>
    <class days="0001000" id="812" room="50" start="228" weeks="11111111111111"/>
    <class days="0000100" id="813" room="117" start="228" weeks="11111111111111"/>
    <class days="0100000" id="814" start="132" weeks="11111111111111"/>
    <class days="0100000" id="815" room="49" start="180" weeks="11111111111111"/>
    <class days="0010000" id="816" start="108" weeks="11111111111111"/>
    <class days="0010000" id="817" room="31" start="198" weeks="11111111111111"/>
    <class days="0010000" id="818" room="30" start="204" weeks="11111111111111"/>
    <class days="0001000" id="819" room="12" start="204" weeks="11111111111111"/>
    <class days="0010000" id="820" room="62" start="108" weeks="11111111111111"/>
    <class days="0000100" id="821" room="10" start="156" weeks="11111111111111"/>
    <class days="0010000" id="822" room="55" start="132" weeks="11111111111111"/>
    <class days="1000000" id="823" room="67" start="114" weeks="11111111111111"/>
    <class days="0000100" id="824" room="52" start="192" weeks="11111111111111"/>
    <class days="0000100" id="825" room="4" start="204" weeks="11111111111111"/>
    <class days="0001000" id="826" room="112" start="156" weeks="11111111111111"/>
    <class days="0010000" id="827" room="67" start="204" weeks="11111111111111"/>
    <class days="1000000" id="828" room="45" start="192" weeks="11111111111111"/>
    <class days="0001000" id="829" room="211" start="162" weeks="11111111111111"/>
    <class days="0001000" id="830" room="112" start="186" weeks="11111111111111"/>
    <class days="0000100" id="831" room="60" start="192" weeks="11111111111111"/>
    <class days="0001000" id="832" room="15" start="156" weeks="11111111111111"/>
    <class days="0000100" id="833" room="60" start="156" weeks="11111111111111"/>
    <class days="0100000" id="834" room="12" start="108" weeks="11111111111111"/>
    <class days="0100000" id="835" room="50" start="132" weeks="11111111111111"/>
    <class days="0001000" id="836" room="117" start="204" weeks="11111111111111"/>
    <class days="0001000" id="837" room="61" start="180" weeks="11111111111111"/>
    <class days="1000000" id="838" room="114" start="156" weeks="11111111111111"/>
    <class days="0000100" id="839" room="139" start="162" weeks="11111111111111"/>
    <class days="0000100" id="840" room="49" start="204" weeks="11111111111111"/>
    <class days="0010000" id="841" room="63" start="162" weeks="11111111111111"/>
    <class days="0100000" id="842" room="116" start="204" weeks="11111111111111"/>
    <class days="0001000" id="843" room="17" start="108" weeks="11111111111111"/>
    <class days="1000000" id="844" room="117" start="156" weeks="11111111111111"/>
    <class days="0000100" id="845" room="31" start="114" weeks="11111111111111"/>
    <class days="1000000" id="846" room="64" start="186" weeks="11111111111111"/>
    <class days="0100000" id="847" room="59" start="162" weeks="11111111111111"/>
    <class days="0001000" id="848" room="53" start="204" weeks="11111111111111"/>
    <class days="0010000" id="849" room="10" start="156" weeks="11111111111111"/>
    <class days="0100000" id="850" room="11" start="162" weeks="11111111111111"/>
    <class days="0001000" id="851" room="202" start="234" weeks="11111111111111"/>
    <class days="0010000" id="852" room="136" start="216" weeks="11111111111111"/>
    <class days="1000000" id="853" room="212" start="246" weeks="11111111111111"/>
    <class days="0100000" id="854" room="68" start="228" weeks="11111111111111"/>
    <class days="0001000" id="855" room="200" start="228" weeks="11111111111111"/>
    <class days="0010000" id="856" room="111" start="234" weeks="11111111111111"/>
    <class days="0001000" id="857" room="40" start="156" weeks="11111111111111"/>
    <class days="0100000" id="858" room="162" start="192" weeks="11111111111111"/>
    <class days="0010000" id="859" room="174" start="144" weeks="11111111111111"/>
    <class days="0010000" id="860" room="158" start="144" weeks="11111111111111"/>
    <class days="1000000" id="861" room="174" start="192" weeks="11111111111111"/>
    <class days="0100000" id="862" room="152" start="156" weeks="11111111111111"/>
    <class days="1000000" id="863" room="40" start="108" weeks="11111111111111"/>
    <class days="0000100" id="864" room="40" start="192" weeks="11111111111111"/>
    <class days="0001000" id="865" room="173" start="192" weeks="11111111111111"/>
    <class days="0010000" id="866" room="148" start="144" weeks="11111111111111"/>
    <class days="0010000" id="867" room="154" start="186" weeks="11111111111111"/>
    <class days="0010000" id="868" room="89" start="198" weeks="11111111111111"/>
    <class days="0001000" id="869" room="153" start="186" weeks="11111111111111"/>
    <class days="0001000" id="870" room="148" start="192" weeks="11111111111111"/>
    <class days="0100000" id="871" room="157" start="120" weeks="11111111111111"/>
    <class days="0000100" id="872" room="38" start="216" weeks="11111111111111"/>
    <class days="0010000" id="873" room="155" start="192" weeks="11111111111111"/>
    <class days="0001000" id="874" room="154" start="132" weeks="11111111111111"/>
    <class days="0001000" id="875" room="86" start="174" weeks="11111111111111"/>
    <class days="0010000" id="876" room="152" start="132" weeks="11111111111111"/>
    <class days="1000000" id="877" room="42" start="126" weeks="11111111111111"/>
    <class days="0000100" id="878" room="173" start="168" weeks="11111111111111"/>
    <class days="0000100" id="879" room="148" start="240" weeks="11111111111111"/>
    <class days="0010000" id="880" room="40" start="216" weeks="11111111111111"/>
    <class days="0000100" id="881" room="89" start="108" weeks="11111111111111"/>
    <class days="0000100" id="882" room="42" start="132" weeks="11111111111111"/>
    <class days="0010000" id="883" room="40" start="156" weeks="11111111111111"/>
    <class days="0000100" id="884" room="11" start="132" weeks="11111111111111"/>
    <class days="0010000" id="885" room="158" start="180" weeks="11111111111111"/>
    <class days="0000100" id="886" room="151" start="192" weeks="11111111111111"/>
    <class days="0010000" id="887" room="42" start="198" weeks="11111111111111"/>
    <class days="0001000" id="888" room="157" start="198" weeks="11111111111111"/>
    <class days="0000100" id="889" room="173" start="192" weeks="11111111111111"/>
    <class days="0100000" id="890" room="89" start="180" weeks="11111111111111"/>
    <class days="0001000" id="891" room="191" start="156" weeks="11111111111111"/>
    <class days="0001000" id="892" room="191" start="180" weeks="11111111111111"/>
    <class days="0010000" id="893" room="96" start="204" weeks="11111111111111"/>
    <class days="0100000" id="894" room="7" start="108" weeks="11111111111111"/>
    <class days="0000100" id="895" room="63" start="198" weeks="11111111111111"/>
    <class days="0000100" id="896" room="15" start="132" weeks="11111111111111"/>
    <class days="0100000" id="897" room="200" start="156" weeks="11111111111111"/>
    <class days="1000000" id="898" room="61" start="204" weeks="11111111111111"/>
    <class days="0010000" id="899" room="12" start="174" weeks="11111111111111"/>
    <class days="0010000" id="900" room="12" start="198" weeks="11111111111111"/>
    <class days="1000000" id="901" room="200" start="156" weeks="11111111111111"/>
    <class days="0001000" id="902" room="61" start="204" weeks="11111111111111"/>
    <class days="0100000" id="903" room="46" start="108" weeks="11111111111111"/>
    <class days="0010000" id="904" room="116" start="156" weeks="11111111111111"/>
    <class days="0010000" id="905" room="116" start="132" weeks="11111111111111"/>
    <class days="1000000" id="906" room="50" start="204" weeks="11111111111111"/>
    <class days="0010000" id="907" room="15" start="132" weeks="11111111111111"/>
    <class days="0100000" id="908" room="209" start="180" weeks="11111111111111"/>
    <class days="0100000" id="909" room="209" start="156" weeks="11111111111111"/>
    <class days="0001000" id="910" room="49" start="156" weeks="11111111111111"/>
    <class days="0100000" id="911" room="191" start="180" weeks="11111111111111"/>
    <class days="0100000" id="912" room="191" start="204" weeks="11111111111111"/>
    <class days="0010000" id="913" room="191" start="180" weeks="11111111111111"/>
    <class days="0010000" id="914" room="191" start="204" weeks="11111111111111"/>
    <class days="0001000" id="915" room="191" start="132" weeks="11111111111111"/>
    <class days="1000000" id="916" room="56" start="108" weeks="11111111111111"/>
    <class days="1000000" id="917" start="108" weeks="11111111111111"/>
    <class days="1000000" id="918" room="117" start="180" weeks="11111111111111"/>
    <class days="1000000" id="919" room="50" start="132" weeks="11111111111111"/>
    <class days="0001000" id="920" room="50" start="168" weeks="11111111111111"/>
    <class days="0100000" id="921" room="50" start="180" weeks="11111111111111"/>
    <class days="0100000" id="922" room="50" start="108" weeks="11111111111111"/>
    <class days="1000000" id="923" room="59" start="108" weeks="11111111111111"/>
    <class days="1000000" id="924" room="49" start="168" weeks="11111111111111"/>
    <class days="0000100" id="925" room="62" start="108" weeks="11111111111111"/>
    <class days="0000100" id="926" room="46" start="132" weeks="11111111111111"/>
    <class days="0010000" id="927" room="117" start="156" weeks="11111111111111"/>
    <class days="0100000" id="928" room="117" start="108" weeks="11111111111111"/>
    <class days="0010000" id="929" room="64" start="108" weeks="11111111111111"/>
    <class days="0000100" id="930" room="59" start="156" weeks="11111111111111"/>
    <class days="0100000" id="931" room="65" start="108" weeks="11111111111111"/>
    <class days="1000000" id="932" room="61" start="120" weeks="11111111111111"/>
    <class days="0100000" id="933" room="64" start="108" weeks="11111111111111"/>
    <class days="0100000" id="934" room="64" start="132" weeks="11111111111111"/>
    <class days="0100000" id="935" room="49" start="132" weeks="11111111111111"/>
    <class days="0100000" id="936" room="49" start="108" weeks="11111111111111"/>
    <class days="0001000" id="937" room="46" start="108" weeks="11111111111111"/>
    <class days="0001000" id="938" room="46" start="132" weeks="11111111111111"/>
    <class days="0001000" id="939" room="213" start="192" weeks="11111111111111"/>
    <class days="0001000" id="940" room="25" start="120" weeks="11111111111111"/>
    <class days="0000100" id="941" room="67" start="108" weeks="11111111111111"/>
    <class days="0000100" id="942" room="136" start="108" weeks="11111111111111"/>
    <class days="0000100" id="943" room="57" start="192" weeks="11111111111111"/>
    <class days="1000000" id="944" room="96" start="114" weeks="11111111111111"/>
    <class days="0100000" id="945" room="15" start="186" weeks="11111111111111"/>
    <class days="1000000" id="946" room="209" start="156" weeks="11111111111111"/>
    <class days="0100000" id="947" room="2" start="192" weeks="11111111111111"/>
    <class days="0000100" id="948" room="98" start="180" weeks="11111111111111"/>
    <class days="0001000" id="949" room="17" start="192" weeks="11111111111111"/>
    <class days="1000000" id="950" room="30" start="180" weeks="11111111111111"/>
    <class days="0010000" id="951" room="27" start="180" weeks="11111111111111"/>
    <class days="1000000" id="952" room="19" start="108" weeks="11111111111111"/>
    <class days="0000100" id="953" room="202" start="114" weeks="11111111111111"/>
    <class days="0100000" id="954" room="57" start="168" weeks="11111111111111"/>
    <class days="0100000" id="955" room="136" start="120" weeks="11111111111111"/>
    <class days="0100000" id="956" room="111" start="132" weeks="11111111111111"/>
    <class days="0100000" id="957" room="111" start="168" weeks="11111111111111"/>
    <class days="0010000" id="958" room="111" start="108" weeks="11111111111111"/>
    <class days="0010000" id="959" room="111" start="144" weeks="11111111111111"/>
    <class days="0000100" id="960" room="9" start="168" weeks="11111111111111"/>
    <class days="0010000" id="961" room="27" start="120" weeks="11111111111111"/>
    <class days="0001000" id="962" room="214" start="174" weeks="11111111111111"/>
    <class days="0001000" id="963" room="137" start="120" weeks="11111111111111"/>
    <class days="0001000" id="964" room="2" start="120" weeks="11111111111111"/>
    <class days="0010000" id="965" room="65" start="204" weeks="11111111111111"/>
    <class days="0000100" id="966" room="2" start="126" weeks="11111111111111"/>
    <class days="0000100" id="967" room="200" start="192" weeks="11111111111111"/>
    <class days="0010000" id="968" room="117" start="120" weeks="11111111111111"/>
    <class days="1000000" id="969" room="96" start="168" weeks="11111111111111"/>
    <class days="0100000" id="970" room="96" start="186" weeks="11111111111111"/>
    <class days="0010000" id="971" room="56" start="192" weeks="11111111111111"/>
    <class days="1000000" id="972" room="139" start="108" weeks="11111111111111"/>
    <class days="0001000" id="973" room="14" start="108" weeks="11111111111111"/>
    <class days="0010000" id="974" room="51" start="156" weeks="11111111111111"/>
    <class days="0000100" id="975" room="11" start="108" weeks="11111111111111"/>
    <class days="0100000" id="976" room="213" start="108" weeks="11111111111111"/>
    <class days="0000100" id="977" room="114" start="192" weeks="11111111111111"/>
    <class days="0010000" id="978" room="62" start="132" weeks="11111111111111"/>
    <class days="0001000" id="979" room="59" start="108" weeks="11111111111111"/>
    <class days="1000000" id="980" room="46" start="192" weeks="11111111111111"/>
    <class days="1000000" id="981" room="64" start="120" weeks="11111111111111"/>
    <class days="0001000" id="982" room="10" start="192" weeks="11111111111111"/>
    <class days="1000000" id="983" room="8" start="108" weeks="11111111111111"/>
    <class days="0010000" id="984" room="63" start="186" weeks="11111111111111"/>
    <class days="0001000" id="985" room="7" start="198" weeks="11111111111111"/>
    <class days="0010000" id="986" room="16" start="132" weeks="11111111111111"/>
    <class days="0000100" id="987" room="62" start="156" weeks="11111111111111"/>
    <class days="0001000" id="988" room="96" start="132" weeks="11111111111111"/>
    <class days="0100000" id="989" room="62" start="198" weeks="11111111111111"/>
    <class days="0010000" id="990" room="102" start="108" weeks="11111111111111"/>
    <class days="0100000" id="991" room="61" start="156" weeks="11111111111111"/>
    <class days="0001000" id="992" room="49" start="108" weeks="11111111111111"/>
    <class days="0000100" id="993" room="65" start="198" weeks="11111111111111"/>
    <class days="0000100" id="994" room="25" start="168" weeks="11111111111111"/>
    <class days="0001000" id="995" room="13" start="120" weeks="11111111111111"/>
    <class days="1000000" id="996" room="55" start="132" weeks="11111111111111"/>
    <class days="0100000" id="997" room="26" start="156" weeks="11111111111111"/>
    <class days="1000000" id="998" room="2" start="180" weeks="11111111111111"/>
    <class days="0010000" id="999" room="65" start="108" weeks="11111111111111"/>
    <class days="0001000" id="1000" room="102" start="204" weeks="11111111111111"/>
    <class days="0001000" id="1001" room="31" start="186" weeks="11111111111111"/>
    <class days="0100000" id="1002" start="132" weeks="11111111111111"/>
    <class days="0010000" id="1003" start="108" weeks="11111111111111"/>
    <class days="1000000" id="1004" room="70" start="108" weeks="11111111111111"/>
    <class days="0000100" id="1005" room="58" start="180" weeks="11111111111111"/>
    <class days="1000000" id="1006" room="211" start="108" weeks="11111111111111"/>
    <class days="0100000" id="1007" room="9" start="168" weeks="11111111111111"/>
    <class days="1000000" id="1008" room="15" start="150" weeks="11111111111111"/>
    <class days="0100000" id="1009" room="62" start="156" weeks="11111111111111"/>
    <class days="0010000" id="1010" room="212" start="192" weeks="11111111111111"/>
    <class days="1000000" id="1011" room="26" start="186" weeks="11111111111111"/>
    <class days="0100000" id="1012" room="137" start="192" weeks="11111111111111"/>
    <class days="0001000" id="1013" room="201" start="114" weeks="11111111111111"/>
    <class days="0001000" id="1014" room="115" start="168" weeks="11111111111111"/>
    <class days="0100000" id="1015" room="139" start="108" weeks="11111111111111"/>
    <class days="0000100" id="1016" room="201" start="156" weeks="11111111111111"/>
    <class days="0000100" id="1017" room="70" start="192" weeks="11111111111111"/>
    <class days="0000100" id="1018" room="210" start="108" weeks="11111111111111"/>
    <class days="1000000" id="1019" room="212" start="156" weeks="11111111111111"/>
    <class days="1000000" id="1020" room="16" start="108" weeks="11111111111111"/>
    <class days="1000000" id="1021" room="19" start="192" weeks="11111111111111"/>
    <class days="0100000" id="1022" room="139" start="186" weeks="11111111111111"/>
    <class days="0001000" id="1023" room="52" start="120" weeks="11111111111111"/>
    <class days="0000100" id="1024" room="14" start="150" weeks="11111111111111"/>
    <class days="0100000" id="1025" room="182" start="114" weeks="11111111111111"/>
    <class days="0000100" id="1026" room="182" start="120" weeks="11111111111111"/>
    <class days="0010000" id="1027" room="15" start="108" weeks="11111111111111"/>
    <class days="0001000" id="1028" room="209" start="192" weeks="11111111111111"/>
    <class days="0001000" id="1029" room="15" start="108" weeks="11111111111111"/>
    <class days="0000100" id="1030" room="112" start="132" weeks="11111111111111"/>
    <class days="0100000" id="1031" room="200" start="108" weeks="11111111111111"/>
    <class days="0001000" id="1032" room="200" start="192" weeks="11111111111111"/>
    <class days="0010000" id="1033" room="114" start="186" weeks="11111111111111"/>
    <class days="0001000" id="1034" room="117" start="132" weeks="11111111111111"/>
    <class days="1000000" id="1035" room="24" start="156" weeks="11111111111111"/>
    <class days="0100000" id="1036" room="17" start="204" weeks="11111111111111"/>
    <class days="0000100" id="1037" room="46" start="192" weeks="11111111111111"/>
    <class days="0001000" id="1038" room="62" start="108" weeks="11111111111111"/>
    <class days="0010000" id="1039" room="17" start="156" weeks="11111111111111"/>
    <class days="0100000" id="1040" room="24" start="180" weeks="11111111111111"/>
    <class days="0100000" id="1041" room="111" start="108" weeks="11111111111111"/>
    <class days="0010000" id="1042" room="209" start="156" weeks="11111111111111"/>
    <class days="1000000" id="1043" room="17" start="180" weeks="11111111111111"/>
    <class days="0010000" id="1044" room="116" start="192" weeks="11111111111111"/>
    <class days="1000000" id="1045" room="17" start="108" weeks="11111111111111"/>
    <class days="1000000" id="1046" room="46" start="108" weeks="11111111111111"/>
    <class days="0010000" id="1047" room="115" start="108" weeks="11111111111111"/>
    <class days="1000000" id="1048" room="23" start="132" weeks="11111111111111"/>
    <class days="0010000" id="1049" room="61" start="192" weeks="11111111111111"/>
    <class days="0100000" id="1050" room="65" start="132" weeks="11111111111111"/>
    <class days="0010000" id="1051" room="49" start="156" weeks="11111111111111"/>
    <class days="0000100" id="1052" room="17" start="120" weeks="11111111111111"/>
    <class days="0000100" id="1053" room="64" start="108" weeks="11111111111111"/>
    <class days="0100000" id="1054" room="114" start="132" weeks="11111111111111"/>
    <class days="0100000" id="1055" room="24" start="132" weeks="11111111111111"/>
    <class days="0001000" id="1056" room="117" start="156" weeks="11111111111111"/>
    <class days="0001000" id="1057" room="210" start="156" weeks="11111111111111"/>
    <class days="0001000" id="1058" room="32" start="174" weeks="11111111111111"/>
    <class days="0100000" id="1059" room="5" start="186" weeks="11111111111111"/>
    <class days="0100000" id="1060" room="21" start="180" weeks="11111111111111"/>
    <class days="0100000" id="1061" room="9" start="108" weeks="11111111111111"/>
    <class days="0001000" id="1062" room="51" start="192" weeks="11111111111111"/>
    <class days="0100000" id="1063" room="59" start="198" weeks="11111111111111"/>
    <class days="0001000" id="1064" room="117" start="180" weeks="11111111111111"/>
    <class days="1000000" id="1065" room="7" start="132" weeks="11111111111111"/>
    <class days="0001000" id="1066" room="96" start="228" weeks="11111111111111"/>
    <class days="0010000" id="1067" room="10" start="246" weeks="11111111111111"/>
    <class days="0100000" id="1068" room="63" start="234" weeks="11111111111111"/>
    <class days="1000000" id="1069" room="5" start="234" weeks="11111111111111"/>
    <class days="0000100" id="1070" room="5" start="120" weeks="11111111111111"/>
    <class days="1000000" id="1071" room="5" start="186" weeks="11111111111111"/>
    <class days="0010000" id="1072" room="98" start="228" weeks="11111111111111"/>
    <class days="1000000" id="1073" room="11" start="240" weeks="11111111111111"/>
    <class days="0000100" id="1074" room="3" start="252" weeks="11111111111111"/>
    <class days="0100000" id="1075" room="98" start="246" weeks="11111111111111"/>
    <class days="0010000" id="1076" room="2" start="162" weeks="11111111111111"/>
    <class days="0000100" id="1077" room="51" start="186" weeks="11111111111111"/>
    <class days="0001000" id="1078" room="3" start="252" weeks="11111111111111"/>
    <class days="0000100" id="1079" start="138" weeks="11111111111111"/>
    <class days="0000100" id="1080" room="68" start="192" weeks="11111111111111"/>
    <class days="1000000" id="1081" room="39" start="204" weeks="11111111111111"/>
    <class days="0001000" id="1082" room="68" start="156" weeks="11111111111111"/>
    <class days="0001000" id="1083" room="54" start="156" weeks="11111111111111"/>
    <class days="1000000" id="1084" room="53" start="162" weeks="11111111111111"/>
    <class days="0000100" id="1085" room="68" start="168" weeks="11111111111111"/>
    <class days="1000000" id="1086" room="39" start="180" weeks="11111111111111"/>
    <class days="0100000" id="1087" room="68" start="156" weeks="11111111111111"/>
    <class days="0001000" id="1088" room="54" start="132" weeks="11111111111111"/>
    <class days="0000100" id="1089" room="13" start="138" weeks="11111111111111"/>
    <class days="0000100" id="1090" start="192" weeks="11111111111111"/>
    <class days="1000000" id="1091" start="204" weeks="11111111111111"/>
    <class days="0001000" id="1092" start="156" weeks="11111111111111"/>
    <class days="0001000" id="1093" start="156" weeks="11111111111111"/>
    <class days="1000000" id="1094" start="162" weeks="11111111111111"/>
    <class days="0000100" id="1095" start="168" weeks="11111111111111"/>
    <class days="1000000" id="1096" start="180" weeks="11111111111111"/>
    <class days="0100000" id="1097" start="156" weeks="11111111111111"/>
    <class days="0001000" id="1098" start="132" weeks="11111111111111"/>
    <class days="0000100" id="1099" room="53" start="186" weeks="11111111111111"/>
    <class days="0100000" id="1100" room="67" start="192" weeks="11111111111111"/>
    <class days="0100000" id="1101" room="67" start="204" weeks="11111111111111"/>
    <class days="0000100" id="1102" room="53" start="198" weeks="11111111111111"/>
    <class days="0000100" id="1103" room="190" start="132" weeks="11111111111111"/>
    <class days="0000100" id="1104" room="190" start="156" weeks="11111111111111"/>
    <class days="1000000" id="1105" room="190" start="174" weeks="11111111111111"/>
    <class days="0000100" id="1106" room="50" start="180" weeks="11111111111111"/>
    <class days="0010000" id="1107" room="62" start="204" weeks="11111111111111"/>
    <class days="0100000" id="1108" room="64" start="156" weeks="11111111111111"/>
    <class days="0100000" id="1109" room="65" start="204" weeks="11111111111111"/>
    <class days="0010000" id="1110" room="60" start="198" weeks="11111111111111"/>
    <class days="0010000" id="1111" room="64" start="168" weeks="11111111111111"/>
    <class days="0010000" id="1112" room="102" start="198" weeks="11111111111111"/>
    <class days="0001000" id="1113" room="201" start="162" weeks="11111111111111"/>
    <class days="0000100" id="1114" room="1" start="198" weeks="11111111111111"/>
    <class days="0000100" id="1115" room="50" start="204" weeks="11111111111111"/>
    <class days="0100000" id="1116" room="59" start="108" weeks="11111111111111"/>
    <class days="0001000" id="1117" room="65" start="162" weeks="11111111111111"/>
    <class days="1000000" id="1118" room="59" start="210" weeks="11111111111111"/>
    <class days="1000000" id="1119" room="59" start="186" weeks="11111111111111"/>
    <class days="0010000" id="1120" room="60" start="108" weeks="11111111111111"/>
    <class days="0001000" id="1121" room="8" start="114" weeks="11111111111111"/>
    <class days="1000000" id="1122" room="115" start="156" weeks="11111111111111"/>
    <class days="0000100" id="1123" room="117" start="204" weeks="11111111111111"/>
    <class days="0001000" id="1124" room="111" start="174" weeks="11111111111111"/>
    <class days="0000100" id="1125" room="91" start="192" weeks="11111111111111"/>
    <class days="1000000" id="1126" room="136" start="192" weeks="11111111111111"/>
    <class days="1000000" id="1127" room="136" start="168" weeks="11111111111111"/>
    <class days="0100000" id="1128" room="179" start="186" weeks="11111111111111"/>
    <class days="0000100" id="1129" room="66" start="180" weeks="11111111111111"/>
    <class days="0000100" id="1130" room="66" start="192" weeks="11111111111111"/>
    <class days="1000000" id="1131" room="175" start="120" weeks="11111111111111"/>
    <class days="1000000" id="1132" room="53" start="120" weeks="11111111111111"/>
    <class days="0000100" id="1133" room="57" start="180" weeks="11111111111111"/>
    <class days="0000100" id="1134" room="214" start="204" weeks="11111111111111"/>
    <class days="1000000" id="1135" room="14" start="120" weeks="11111111111111"/>
    <class days="1000000" id="1136" room="67" start="168" weeks="11111111111111"/>
    <class days="0010000" id="1137" room="27" start="264" weeks="11111111111111"/>
    <class days="0010000" id="1138" room="59" start="108" weeks="11111111111111"/>
    <class days="0100000" id="1139" room="61" start="216" weeks="11111111111111"/>
    <class days="0100000" id="1140" room="61" start="192" weeks="11111111111111"/>
    <class days="0010000" id="1141" room="200" start="132" weeks="11111111111111"/>
    <class days="0010000" id="1142" room="15" start="198" weeks="11111111111111"/>
    <class days="1000000" id="1143" room="190" start="162" weeks="11111111111111"/>
    <class days="0010000" id="1144" room="190" start="168" weeks="11111111111111"/>
    <class days="1000000" id="1145" room="53" start="210" weeks="11111111111111"/>
    <class days="1000000" id="1146" room="53" start="186" weeks="11111111111111"/>
    <class days="0100000" id="1147" room="13" start="180" weeks="11111111111111"/>
    <class days="0001000" id="1148" room="201" start="204" weeks="11111111111111"/>
    <class days="0010000" id="1149" room="75" start="168" weeks="11111111111111"/>
    <class days="0010000" id="1150" room="7" start="120" weeks="11111111111111"/>
    <class days="0100000" id="1151" room="190" start="144" weeks="11111111111111"/>
    <class days="0100000" id="1152" room="190" start="120" weeks="11111111111111"/>
    <class days="0100000" id="1153" room="6" start="156" weeks="11111111111111"/>
    <class days="0100000" id="1154" room="6" start="132" weeks="11111111111111"/>
    <class days="0100000" id="1155" room="211" start="156" weeks="11111111111111"/>
    <class days="0010000" id="1156" room="54" start="126" weeks="11111111111111"/>
    <class days="0001000" id="1157" room="7" start="246" weeks="11111111111111"/>
    <class days="0100000" id="1158" room="31" start="180" weeks="11111111111111"/>
    <class days="0001000" id="1159" room="15" start="198" weeks="11111111111111"/>
    <class days="0100000" id="1160" room="49" start="204" weeks="11111111111111"/>
    <class days="0010000" id="1161" room="50" start="180" weeks="11111111111111"/>
    <class days="1000000" id="1162" room="214" start="198" weeks="11111111111111"/>
    <class days="0010000" id="1163" room="202" start="132" weeks="11111111111111"/>
    <class days="0001000" id="1164" room="211" start="186" weeks="11111111111111"/>
    <class days="0000100" id="1165" room="16" start="132" weeks="11111111111111"/>
    <class days="0001000" id="1166" room="21" start="120" weeks="11111111111111"/>
    <class days="1000000" id="1167" room="32" start="132" weeks="11111111111111"/>
    <class days="0001000" id="1168" room="94" start="192" weeks="11111111111111"/>
    <class days="1000000" id="1169" room="59" start="132" weeks="11111111111111"/>
    <class days="1000000" id="1170" room="38" start="132" weeks="11111111111111"/>
    <class days="0001000" id="1171" room="116" start="132" weeks="11111111111111"/>
    <class days="1000000" id="1172" room="60" start="180" weeks="11111111111111"/>
    <class days="1000000" id="1173" room="60" start="156" weeks="11111111111111"/>
    <class days="0001000" id="1174" room="92" start="192" weeks="11111111111111"/>
    <class days="0000100" id="1175" room="59" start="180" weeks="11111111111111"/>
    <class days="0100000" id="1176" room="154" start="108" weeks="11111111111111"/>
    <class days="0000100" id="1177" room="154" start="162" weeks="11111111111111"/>
    <class days="1000000" id="1178" room="38" start="108" weeks="11111111111111"/>
    <class days="1000000" id="1179" room="158" start="132" weeks="11111111111111"/>
    <class days="0001000" id="1180" room="157" start="168" weeks="11111111111111"/>
    <class days="0000100" id="1181" room="88" start="108" weeks="11111111111111"/>
    <class days="0100000" id="1182" room="89" start="204" weeks="11111111111111"/>
    <class days="1000000" id="1183" room="86" start="180" weeks="11111111111111"/>
    <class days="1000000" id="1184" room="86" start="156" weeks="11111111111111"/>
    <class days="1000000" id="1185" room="148" start="180" weeks="11111111111111"/>
    <class days="0010000" id="1186" room="41" start="108" weeks="11111111111111"/>
    <class days="0010000" id="1187" room="89" start="132" weeks="11111111111111"/>
    <class days="0010000" id="1188" room="154" start="156" weeks="11111111111111"/>
    <class days="0010000" id="1189" room="151" start="180" weeks="11111111111111"/>
    <class days="0100000" id="1190" room="43" start="156" weeks="11111111111111"/>
    <class days="0001000" id="1191" room="154" start="114" weeks="11111111111111"/>
    <class days="0001000" id="1192" room="154" start="186" weeks="11111111111111"/>
    <class days="0000100" id="1193" room="86" start="114" weeks="11111111111111"/>
    <class days="0100000" id="1194" room="38" start="204" weeks="11111111111111"/>
    <class days="0100000" id="1195" room="173" start="234" weeks="11111111111111"/>
    <class days="1000000" id="1196" room="172" start="264" weeks="11111111111111"/>
    <class days="0000100" id="1197" room="172" start="192" weeks="11111111111111"/>
    <class days="0000100" id="1198" room="88" start="180" weeks="11111111111111"/>
    <class days="0000100" id="1199" room="169" start="126" weeks="11111111111111"/>
    <class days="0100000" id="1200" room="148" start="132" weeks="11111111111111"/>
    <class days="0000100" id="1201" room="162" start="138" weeks="11111111111111"/>
    <class days="0100000" id="1202" room="43" start="144" weeks="11111111111111"/>
    <class days="0100000" id="1203" room="43" start="168" weeks="11111111111111"/>
    <class days="0010000" id="1204" room="152" start="180" weeks="11111111111111"/>
    <class days="1000000" id="1205" room="151" start="108" weeks="11111111111111"/>
    <class days="0001000" id="1206" room="86" start="144" weeks="11111111111111"/>
    <class days="1000000" id="1207" room="88" start="144" weeks="11111111111111"/>
    <class days="1000000" id="1208" room="214" start="108" weeks="11111111111111"/>
    <class days="0100000" id="1209" room="58" start="174" weeks="11111111111111"/>
    <class days="0010000" id="1210" room="29" start="180" weeks="11111111111111"/>
    <class days="0010000" id="1211" room="51" start="108" weeks="11111111111111"/>
    <class days="0100000" id="1212" room="66" start="132" weeks="11111111111111"/>
    <class days="0000100" id="1213" room="32" start="180" weeks="11111111111111"/>
    <class days="1000000" id="1214" room="214" start="132" weeks="11111111111111"/>
    <class days="0100000" id="1215" room="58" start="198" weeks="11111111111111"/>
    <class days="0010000" id="1216" room="29" start="204" weeks="11111111111111"/>
    <class days="0010000" id="1217" room="51" start="132" weeks="11111111111111"/>
    <class days="0100000" id="1218" room="66" start="108" weeks="11111111111111"/>
    <class days="0000100" id="1219" room="32" start="204" weeks="11111111111111"/>
    <class days="1000000" id="1220" room="21" start="132" weeks="11111111111111"/>
    <class days="0010000" id="1221" room="39" start="174" weeks="11111111111111"/>
    <class days="1000000" id="1222" room="21" start="156" weeks="11111111111111"/>
    <class days="0010000" id="1223" room="39" start="198" weeks="11111111111111"/>
    <class days="0001000" id="1224" room="136" start="132" weeks="11111111111111"/>
    <class days="0010000" id="1225" room="190" start="108" weeks="11111111111111"/>
    <class days="0100000" id="1226" room="190" start="198" weeks="11111111111111"/>
    <class days="0001000" id="1227" room="189" start="162" weeks="11111111111111"/>
    <class days="1000000" id="1228" room="29" start="132" weeks="11111111111111"/>
    <class days="0010000" id="1229" room="45" start="132" weeks="11111111111111"/>
    <class days="0100000" id="1230" room="29" start="126" weeks="11111111111111"/>
    <class days="0000100" id="1231" room="12" start="174" weeks="11111111111111"/>
    <class days="0010000" id="1232" room="190" start="198" weeks="11111111111111"/>
    <class days="1000000" id="1233" room="56" start="186" weeks="11111111111111"/>
    <class days="0000100" id="1234" room="21" start="108" weeks="11111111111111"/>
    <class days="0001000" id="1235" room="23" start="198" weeks="11111111111111"/>
    <class days="0000100" id="1236" room="136" start="156" weeks="11111111111111"/>
    <class days="1000000" id="1237" room="190" start="114" weeks="11111111111111"/>
    <class days="0000100" id="1238" room="20" start="132" weeks="11111111111111"/>
    <class days="0100000" id="1239" room="64" start="204" weeks="11111111111111"/>
    <class days="0100000" id="1240" room="190" start="108" weeks="11111111111111"/>
    <class days="0010000" id="1241" room="189" start="114" weeks="11111111111111"/>
    <class days="1000000" id="1242" room="190" start="204" weeks="11111111111111"/>
    <class days="0010000" id="1243" room="189" start="126" weeks="11111111111111"/>
    <class days="0000100" id="1244" room="25" start="138" weeks="11111111111111"/>
    <class days="0000100" id="1245" room="25" start="114" weeks="11111111111111"/>
    <class days="0010000" id="1246" room="57" start="198" weeks="11111111111111"/>
    <class days="0010000" id="1247" room="57" start="174" weeks="11111111111111"/>
    <class days="0001000" id="1248" room="115" start="108" weeks="11111111111111"/>
    <class days="0001000" id="1249" room="190" start="156" weeks="11111111111111"/>
    <class days="0001000" id="1250" room="190" start="132" weeks="11111111111111"/>
    <class days="0000100" id="1251" room="55" start="108" weeks="11111111111111"/>
    <class days="0001000" id="1252" room="190" start="108" weeks="11111111111111"/>
    <class days="0100000" id="1253" room="32" start="156" weeks="11111111111111"/>
    <class days="0001000" id="1254" room="20" start="216" weeks="11111111111111"/>
    <class days="0001000" id="1255" room="20" start="192" weeks="11111111111111"/>
    <class days="0100000" id="1256" room="57" start="108" weeks="11111111111111"/>
    <class days="1000000" id="1257" room="16" start="186" weeks="11111111111111"/>
    <class days="0001000" id="1258" room="190" start="198" weeks="11111111111111"/>
    <class days="0001000" id="1259" room="190" start="174" weeks="11111111111111"/>
    <class days="1000000" id="1260" room="16" start="162" weeks="11111111111111"/>
    <class days="1000000" id="1261" room="1" start="132" weeks="11111111111111"/>
    <class days="1000000" id="1262" room="114" start="108" weeks="11111111111111"/>
    <class days="0000100" id="1263" room="23" start="162" weeks="11111111111111"/>
    <class days="0000100" id="1264" room="57" start="132" weeks="11111111111111"/>
    <class days="0000100" id="1265" room="57" start="108" weeks="11111111111111"/>
    <class days="0010000" id="1266" room="190" start="156" weeks="11111111111111"/>
    <class days="0010000" id="1267" room="190" start="132" weeks="11111111111111"/>
    <class days="0100000" id="1268" room="30" start="216" weeks="11111111111111"/>
    <class days="0100000" id="1269" room="30" start="192" weeks="11111111111111"/>
    <class days="0001000" id="1270" room="136" start="108" weeks="11111111111111"/>
    <class days="0010000" id="1271" room="189" start="192" weeks="11111111111111"/>
    <class days="0100000" id="1272" room="26" start="108" weeks="11111111111111"/>
    <class days="0100000" id="1273" room="26" start="120" weeks="11111111111111"/>
    <class days="0100000" id="1274" room="30" start="156" weeks="11111111111111"/>
    <class days="0000100" id="1275" room="21" start="180" weeks="11111111111111"/>
    <class days="0000100" id="1276" room="189" start="120" weeks="11111111111111"/>
    <class days="0000100" id="1277" room="189" start="132" weeks="11111111111111"/>
    <class days="1000000" id="1278" room="52" start="108" weeks="11111111111111"/>
    <class days="0010000" id="1279" room="31" start="120" weeks="11111111111111"/>
    <class days="0010000" id="1280" room="19" start="156" weeks="11111111111111"/>
    <class days="0001000" id="1281" room="30" start="168" weeks="11111111111111"/>
    <class days="0001000" id="1282" room="30" start="144" weeks="11111111111111"/>
    <class days="0000100" id="1283" start="174" weeks="11111111111111"/>
    <class days="0001000" id="1284" room="68" start="204" weeks="11111111111111"/>
    <class days="1000000" id="1285" room="212" start="132" weeks="11111111111111"/>
    <class days="0000100" id="1286" room="46" start="108" weeks="11111111111111"/>
    <class days="0100000" id="1287" room="39" start="180" weeks="11111111111111"/>
    <class days="0000100" id="1288" room="65" start="108" weeks="11111111111111"/>
    <class days="0000100" id="1289" room="12" start="204" weeks="11111111111111"/>
    <class days="0001000" id="1290" room="99" start="204" weeks="11111111111111"/>
    <class days="0001000" id="1291" room="32" start="114" weeks="11111111111111"/>
    <class days="1000000" id="1292" room="159" start="180" weeks="11111111111111"/>
    <class days="1000000" id="1293" room="159" start="204" weeks="11111111111111"/>
    <class days="0000100" id="1294" room="159" start="156" weeks="11111111111111"/>
    <class days="0000100" id="1295" room="159" start="180" weeks="11111111111111"/>
    <class days="1000000" id="1296" room="156" start="180" weeks="11111111111111"/>
    <class days="0010000" id="1297" room="159" start="240" weeks="11111111111111"/>
    <class days="1000000" id="1298" room="156" start="204" weeks="11111111111111"/>
    <class days="0010000" id="1299" room="159" start="264" weeks="11111111111111"/>
    <class days="0000100" id="1300" room="170" start="192" weeks="11111111111111"/>
    <class days="0010000" id="1301" room="171" start="108" weeks="11111111111111"/>
    <class days="0001000" id="1302" room="41" start="156" weeks="11111111111111"/>
    <class days="0000100" id="1303" room="43" start="192" weeks="11111111111111"/>
    <class days="0100000" id="1304" room="152" start="192" weeks="11111111111111"/>
    <class days="0100000" id="1305" room="153" start="216" weeks="11111111111111"/>
    <class days="0010000" id="1306" room="43" start="168" weeks="11111111111111"/>
    <class days="0010000" id="1307" room="19" start="180" weeks="11111111111111"/>
    <class days="0100000" id="1308" room="70" start="192" weeks="11111111111111"/>
    <class days="1000000" id="1309" room="26" start="132" weeks="11111111111111"/>
    <class days="1000000" id="1310" room="10" start="174" weeks="11111111111111"/>
    <class days="0000100" id="1311" room="19" start="186" weeks="11111111111111"/>
    <class days="0010000" id="1312" room="1" start="156" weeks="11111111111111"/>
    <class days="0001000" id="1313" room="179" start="138" weeks="11111111111111"/>
    <class days="0001000" id="1314" room="176" start="114" weeks="11111111111111"/>
    <class days="0001000" id="1315" room="61" start="108" weeks="11111111111111"/>
    <class days="0000100" id="1316" room="30" start="162" weeks="11111111111111"/>
    <class days="0001000" id="1317" room="137" start="156" weeks="11111111111111"/>
    <class days="1000000" id="1318" room="201" start="156" weeks="11111111111111"/>
    <class days="0000100" id="1319" room="201" start="192" weeks="11111111111111"/>
    <class days="0010000" id="1320" room="213" start="108" weeks="11111111111111"/>
    <class days="0010000" id="1321" room="179" start="144" weeks="11111111111111"/>
    <class days="0000100" id="1322" room="176" start="126" weeks="11111111111111"/>
    <class days="0100000" id="1323" room="179" start="114" weeks="11111111111111"/>
    <class days="0010000" id="1324" room="179" start="168" weeks="11111111111111"/>
    <class days="1000000" id="1325" room="11" start="108" weeks="11111111111111"/>
    <class days="0000100" id="1326" room="32" start="156" weeks="11111111111111"/>
    <class days="0001000" id="1327" room="51" start="138" weeks="11111111111111"/>
    <class days="0100000" id="1328" room="21" start="108" weeks="11111111111111"/>
    <class days="0010000" id="1329" room="176" start="162" weeks="11111111111111"/>
    <class days="0010000" id="1330" room="176" start="108" weeks="11111111111111"/>
    <class days="0010000" id="1331" room="68" start="132" weeks="11111111111111"/>
    <class days="0000100" id="1332" room="5" start="180" weeks="11111111111111"/>
    <class days="0001000" id="1333" room="179" start="168" weeks="11111111111111"/>
    <class days="0001000" id="1334" room="179" start="180" weeks="11111111111111"/>
    <class days="1000000" id="1335" room="30" start="168" weeks="11111111111111"/>
    <class days="1000000" id="1336" room="30" start="144" weeks="11111111111111"/>
    <class days="0010000" id="1337" room="21" start="120" weeks="11111111111111"/>
    <class days="0001000" id="1338" room="212" start="162" weeks="11111111111111"/>
    <class days="0010000" id="1339" room="7" start="192" weeks="11111111111111"/>
    <class days="0100000" id="1340" room="16" start="168" weeks="11111111111111"/>
    <class days="0000100" id="1341" room="18" start="156" weeks="11111111111111"/>
    <class days="0100000" id="1342" room="7" start="144" weeks="11111111111111"/>
    <class days="0000100" id="1343" room="179" start="192" weeks="11111111111111"/>
    <class days="0100000" id="1344" room="176" start="120" weeks="11111111111111"/>
    <class days="1000000" id="1345" room="179" start="114" weeks="11111111111111"/>
    <class days="1000000" id="1346" room="179" start="126" weeks="11111111111111"/>
    <class days="0001000" id="1347" room="66" start="108" weeks="11111111111111"/>
    <class days="1000000" id="1348" room="15" start="198" weeks="11111111111111"/>
    <class days="0001000" id="1349" room="111" start="198" weeks="11111111111111"/>
    <class days="0000100" id="1350" room="35" start="156" weeks="11111111111111"/>
    <class days="0010000" id="1351" room="35" start="156" weeks="11111111111111"/>
    <class days="0000100" id="1352" room="35" start="108" weeks="11111111111111"/>
    <class days="0100000" id="1353" room="17" start="156" weeks="11111111111111"/>
    <class days="0001000" id="1354" room="64" start="156" weeks="11111111111111"/>
    <class days="0100000" id="1355" room="191" start="108" weeks="11111111111111"/>
    <class days="0010000" id="1356" room="191" start="108" weeks="11111111111111"/>
    <class days="0010000" id="1357" room="191" start="132" weeks="11111111111111"/>
    <class days="0100000" id="1358" room="114" start="204" weeks="11111111111111"/>
    <class days="0010000" id="1359" room="15" start="180" weeks="11111111111111"/>
    <class days="1000000" id="1360" room="35" start="156" weeks="11111111111111"/>
    <class days="1000000" id="1361" room="35" start="108" weeks="11111111111111"/>
    <class days="0000100" id="1362" room="23" start="204" weeks="11111111111111"/>
    <class days="1000000" id="1363" room="209" start="204" weeks="11111111111111"/>
    <class days="0000100" id="1364" room="111" start="204" weeks="11111111111111"/>
    <class days="0010000" id="1365" room="52" start="192" weeks="11111111111111"/>
    <class days="0100000" id="1366" room="48" start="156" weeks="11111111111111"/>
    <class days="0010000" id="1367" room="115" start="162" weeks="11111111111111"/>
    <class days="0010000" id="1368" room="59" start="132" weeks="11111111111111"/>
    <class days="0001000" id="1369" room="48" start="132" weeks="11111111111111"/>
    <class days="0010000" id="1370" room="48" start="108" weeks="11111111111111"/>
    <class days="1000000" id="1371" room="47" start="132" weeks="11111111111111"/>
    <class days="0100000" id="1372" room="47" start="132" weeks="11111111111111"/>
    <class days="1000000" id="1373" room="47" start="168" weeks="11111111111111"/>
    <class days="0010000" id="1374" room="47" start="168" weeks="11111111111111"/>
    <class days="0000100" id="1375" room="48" start="156" weeks="11111111111111"/>
    <class days="0100000" id="1376" room="48" start="108" weeks="11111111111111"/>
    <class days="0000100" id="1377" room="48" start="132" weeks="11111111111111"/>
    <class days="0100000" id="1378" room="212" start="204" weeks="11111111111111"/>
    <class days="0010000" id="1379" room="48" start="120" weeks="11111111111111"/>
    <class days="0000100" id="1380" room="18" start="120" weeks="11111111111111"/>
    <class days="1000000" id="1381" room="48" start="132" weeks="11111111111111"/>
    <class days="0001000" id="1382" room="48" start="156" weeks="11111111111111"/>
    <class days="0010000" id="1383" room="48" start="168" weeks="11111111111111"/>
    <class days="0001000" id="1384" room="48" start="108" weeks="11111111111111"/>
    <class days="0100000" id="1385" room="48" start="132" weeks="11111111111111"/>
    <class days="0010000" id="1386" room="48" start="204" weeks="11111111111111"/>
    <class days="1000000" id="1387" room="48" start="156" weeks="11111111111111"/>
    <class days="0000100" id="1388" room="48" start="108" weeks="11111111111111"/>
    <class days="0100000" id="1389" room="64" start="180" weeks="11111111111111"/>
    <class days="0100000" id="1390" room="35" start="156" weeks="11111111111111"/>
    <class days="1000000" id="1391" room="48" start="180" weeks="11111111111111"/>
    <class days="0010000" id="1392" room="47" start="120" weeks="11111111111111"/>
    <class days="0001000" id="1393" room="212" start="120" weeks="11111111111111"/>
    <class days="0100000" id="1394" room="63" start="108" weeks="11111111111111"/>
    <class days="0100000" id="1395" room="63" start="132" weeks="11111111111111"/>
    <class days="0000100" id="1396" room="46" start="156" weeks="11111111111111"/>
    <class days="0000100" id="1397" room="49" start="180" weeks="11111111111111"/>
    <class days="0100000" id="1398" room="213" start="180" weeks="11111111111111"/>
    <class days="0000100" id="1399" room="102" start="132" weeks="11111111111111"/>
    <class days="1000000" id="1400" room="50" start="108" weeks="11111111111111"/>
    <class days="0010000" id="1401" room="45" start="156" weeks="11111111111111"/>
    <class days="1000000" id="1402" room="61" start="180" weeks="11111111111111"/>
    <class days="1000000" id="1403" room="24" start="144" weeks="11111111111111"/>
    <class days="1000000" id="1404" room="65" start="192" weeks="11111111111111"/>
    <class days="1000000" id="1405" room="65" start="156" weeks="11111111111111"/>
    <class days="0000100" id="1406" room="61" start="108" weeks="11111111111111"/>
    <class days="0001000" id="1407" room="62" start="156" weeks="11111111111111"/>
    <class days="0000100" id="1408" room="65" start="156" weeks="11111111111111"/>
    <class days="0100000" id="1409" room="63" start="156" weeks="11111111111111"/>
    <class days="0010000" id="1410" room="15" start="156" weeks="11111111111111"/>
    <class days="0000100" id="1411" room="62" start="132" weeks="11111111111111"/>
    <class days="0001000" id="1412" room="45" start="180" weeks="11111111111111"/>
    <class days="0000100" id="1413" room="45" start="180" weeks="11111111111111"/>
    <class days="0100000" id="1414" room="210" start="180" weeks="11111111111111"/>
    <class days="0010000" id="1415" room="23" start="180" weeks="11111111111111"/>
    <class days="0001000" id="1416" room="150" start="144" weeks="11111111111111"/>
    <class days="0010000" id="1417" room="90" start="108" weeks="11111111111111"/>
    <class days="0010000" id="1418" room="90" start="192" weeks="11111111111111"/>
    <class days="1000000" id="1419" room="152" start="108" weeks="11111111111111"/>
    <class days="0000100" id="1420" room="152" start="108" weeks="11111111111111"/>
    <class days="0000100" id="1421" room="72" start="108" weeks="11111111111111"/>
    <class days="1000000" id="1422" room="85" start="108" weeks="11111111111111"/>
    <class days="1000000" id="1423" room="85" start="156" weeks="11111111111111"/>
    <class days="0100000" id="1424" room="85" start="156" weeks="11111111111111"/>
    <class days="0010000" id="1425" room="40" start="108" weeks="11111111111111"/>
    <class days="0100000" id="1426" room="114" start="180" weeks="11111111111111"/>
    <class days="0001000" id="1427" room="200" start="144" weeks="11111111111111"/>
    <class days="0001000" id="1428" room="172" start="168" weeks="11111111111111"/>
    <class days="0010000" id="1429" room="40" start="132" weeks="11111111111111"/>
    <class days="0010000" id="1430" room="72" start="216" weeks="11111111111111"/>
    <class days="1000000" id="1431" room="85" start="132" weeks="11111111111111"/>
    <class days="0000100" id="1432" room="172" start="132" weeks="11111111111111"/>
    <class days="0000100" id="1433" room="90" start="132" weeks="11111111111111"/>
    <class days="1000000" id="1434" room="152" start="132" weeks="11111111111111"/>
    <class days="1000000" id="1435" room="152" start="180" weeks="11111111111111"/>
    <class days="0100000" id="1436" room="72" start="180" weeks="11111111111111"/>
    <class days="0010000" id="1437" room="90" start="132" weeks="11111111111111"/>
    <class days="0001000" id="1438" room="50" start="108" weeks="11111111111111"/>
    <class days="0000100" id="1439" room="112" start="108" weeks="11111111111111"/>
    <class days="1000000" id="1440" room="18" start="180" weeks="11111111111111"/>
    <class days="0100000" id="1441" room="15" start="108" weeks="11111111111111"/>
    <class days="0100000" id="1442" room="12" start="132" weeks="11111111111111"/>
    <class days="0100000" id="1443" room="12" start="156" weeks="11111111111111"/>
    <class days="0100000" id="1444" room="111" start="180" weeks="11111111111111"/>
    <class days="0100000" id="1445" room="210" start="108" weeks="11111111111111"/>
    <class days="0100000" id="1446" room="17" start="132" weeks="11111111111111"/>
    <class days="0100000" id="1447" room="49" start="156" weeks="11111111111111"/>
    <class days="0100000" id="1448" room="45" start="180" weeks="11111111111111"/>
    <class days="0000100" id="1449" room="31" start="156" weeks="11111111111111"/>
    <class days="0000100" id="1450" room="24" start="180" weeks="11111111111111"/>
    <class days="0000100" id="1451" room="102" start="108" weeks="11111111111111"/>
    <class days="0000100" id="1452" room="111" start="132" weeks="11111111111111"/>
    <class days="0000100" id="1453" room="117" start="156" weeks="11111111111111"/>
    <class days="0000100" id="1454" room="111" start="180" weeks="11111111111111"/>
    <class days="0000100" id="1455" room="114" start="108" weeks="11111111111111"/>
    <class days="0000100" id="1456" room="61" start="132" weeks="11111111111111"/>
    <class days="0100000" id="1457" room="60" start="132" weeks="11111111111111"/>
    <class days="0100000" id="1458" room="70" start="156" weeks="11111111111111"/>
    <class days="0000100" id="1459" room="61" start="156" weeks="11111111111111"/>
    <class days="0000100" id="1460" room="3" start="108" weeks="11111111111111"/>
    <class days="1000000" id="1461" room="209" start="108" weeks="11111111111111"/>
    <class days="1000000" id="1462" room="19" start="132" weeks="11111111111111"/>
    <class days="1000000" id="1463" room="179" start="156" weeks="11111111111111"/>
    <class days="1000000" id="1464" room="114" start="180" weeks="11111111111111"/>
    <class days="1000000" id="1465" room="116" start="180" weeks="11111111111111"/>
    <class days="0010000" id="1466" room="114" start="156" weeks="11111111111111"/>
    <class days="0010000" id="1467" room="175" start="180" weeks="11111111111111"/>
    <class days="0010000" id="1468" room="200" start="108" weeks="11111111111111"/>
    <class days="0010000" id="1469" room="102" start="132" weeks="11111111111111"/>
    <class days="0010000" id="1470" room="60" start="132" weeks="11111111111111"/>
    <class days="1000000" id="1471" room="52" start="132" weeks="11111111111111"/>
    <class days="1000000" id="1472" room="116" start="156" weeks="11111111111111"/>
    <class days="1000000" id="1473" room="8" start="180" weeks="11111111111111"/>
    <class days="0010000" id="1474" room="8" start="180" weeks="11111111111111"/>
    <class days="0010000" id="1475" room="57" start="108" weeks="11111111111111"/>
    <class days="0010000" id="1476" room="49" start="132" weeks="11111111111111"/>
    <class days="1000000" id="1477" room="12" start="108" weeks="11111111111111"/>
    <class days="0010000" id="1478" room="111" start="156" weeks="11111111111111"/>
    <class days="1000000" id="1479" room="24" start="180" weeks="11111111111111"/>
    <class days="1000000" id="1480" room="12" start="192" weeks="11111111111111"/>
    <class days="0100000" id="1481" room="59" start="132" weeks="11111111111111"/>
    <class days="0001000" id="1482" room="23" start="132" weeks="11111111111111"/>
    <class days="0100000" id="1483" room="100" start="108" weeks="11111111111111"/>
    <class days="0100000" id="1484" start="108" weeks="11111111111111"/>
    <class days="0100000" id="1485" start="108" weeks="11111111111111"/>
    <class days="0100000" id="1486" room="97" start="132" weeks="11111111111111"/>
    <class days="0100000" id="1487" start="132" weeks="11111111111111"/>
    <class days="0100000" id="1488" start="132" weeks="11111111111111"/>
    <class days="0000100" id="1489" room="138" start="156" weeks="11111111111111"/>
    <class days="0000100" id="1490" start="156" weeks="11111111111111"/>
    <class days="0000100" id="1491" start="156" weeks="11111111111111"/>
    <class days="1000000" id="1492" start="108" weeks="11111111111111"/>
    <class days="1000000" id="1493" start="108" weeks="11111111111111"/>
    <class days="1000000" id="1494" start="108" weeks="11111111111111"/>
    <class days="1000000" id="1495" start="108" weeks="11111111111111"/>
    <class days="1000000" id="1496" start="156" weeks="11111111111111"/>
    <class days="1000000" id="1497" start="156" weeks="11111111111111"/>
    <class days="1000000" id="1498" start="156" weeks="11111111111111"/>
    <class days="1000000" id="1499" start="156" weeks="11111111111111"/>
    <class days="1000000" id="1500" start="132" weeks="11111111111111"/>
    <class days="1000000" id="1501" start="132" weeks="11111111111111"/>
    <class days="1000000" id="1502" start="132" weeks="11111111111111"/>
    <class days="1000000" id="1503" start="132" weeks="11111111111111"/>
    <class days="1000000" id="1504" start="180" weeks="11111111111111"/>
    <class days="1000000" id="1505" start="180" weeks="11111111111111"/>
    <class days="1000000" id="1506" start="180" weeks="11111111111111"/>
    <class days="1000000" id="1507" start="180" weeks="11111111111111"/>
    <class days="0001000" id="1508" start="156" weeks="11111111111111"/>
    <class days="0001000" id="1509" start="156" weeks="11111111111111"/>
    <class days="0001000" id="1510" start="156" weeks="11111111111111"/>
    <class days="0001000" id="1511" start="156" weeks="11111111111111"/>
    <class days="0001000" id="1512" start="108" weeks="11111111111111"/>
    <class days="0001000" id="1513" start="108" weeks="11111111111111"/>
    <class days="0001000" id="1514" start="108" weeks="11111111111111"/>
    <class days="0001000" id="1515" start="108" weeks="11111111111111"/>
    <class days="1000000" id="1516" room="138" start="108" weeks="11111111111111"/>
    <class days="1000000" id="1517" start="108" weeks="11111111111111"/>
    <class days="1000000" id="1518" start="108" weeks="11111111111111"/>
    <class days="1000000" id="1519" start="108" weeks="11111111111111"/>
    <class days="1000000" id="1520" room="100" start="156" weeks="11111111111111"/>
    <class days="1000000" id="1521" start="156" weeks="11111111111111"/>
    <class days="1000000" id="1522" start="156" weeks="11111111111111"/>
    <class days="1000000" id="1523" start="156" weeks="11111111111111"/>
    <class days="1000000" id="1524" room="97" start="132" weeks="11111111111111"/>
    <class days="1000000" id="1525" start="132" weeks="11111111111111"/>
    <class days="1000000" id="1526" start="132" weeks="11111111111111"/>
    <class days="1000000" id="1527" start="132" weeks="11111111111111"/>
    <class days="1000000" id="1528" room="97" start="180" weeks="11111111111111"/>
    <class days="1000000" id="1529" start="180" weeks="11111111111111"/>
    <class days="1000000" id="1530" start="180" weeks="11111111111111"/>
    <class days="1000000" id="1531" start="180" weeks="11111111111111"/>
    <class days="0001000" id="1532" room="97" start="156" weeks="11111111111111"/>
    <class days="0001000" id="1533" start="156" weeks="11111111111111"/>
    <class days="0001000" id="1534" start="156" weeks="11111111111111"/>
    <class days="0001000" id="1535" start="156" weeks="11111111111111"/>
    <class days="0001000" id="1536" room="135" start="108" weeks="11111111111111"/>
    <class days="0001000" id="1537" start="108" weeks="11111111111111"/>
    <class days="0001000" id="1538" start="108" weeks="11111111111111"/>
    <class days="0001000" id="1539" start="108" weeks="11111111111111"/>
    <class days="1000000" id="1540" start="108" weeks="11111111111111"/>
    <class days="1000000" id="1541" start="108" weeks="11111111111111"/>
    <class days="1000000" id="1542" start="108" weeks="11111111111111"/>
    <class days="1000000" id="1543" start="108" weeks="11111111111111"/>
    <class days="1000000" id="1544" start="156" weeks="11111111111111"/>
    <class days="1000000" id="1545" start="156" weeks="11111111111111"/>
    <class days="1000000" id="1546" start="156" weeks="11111111111111"/>
    <class days="1000000" id="1547" start="156" weeks="11111111111111"/>
    <class days="1000000" id="1548" start="132" weeks="11111111111111"/>
    <class days="1000000" id="1549" start="132" weeks="11111111111111"/>
    <class days="1000000" id="1550" start="132" weeks="11111111111111"/>
    <class days="1000000" id="1551" start="132" weeks="11111111111111"/>
    <class days="1000000" id="1552" start="180" weeks="11111111111111"/>
    <class days="1000000" id="1553" start="180" weeks="11111111111111"/>
    <class days="1000000" id="1554" start="180" weeks="11111111111111"/>
    <class days="1000000" id="1555" start="180" weeks="11111111111111"/>
    <class days="0001000" id="1556" start="156" weeks="11111111111111"/>
    <class days="0001000" id="1557" start="156" weeks="11111111111111"/>
    <class days="0001000" id="1558" start="156" weeks="11111111111111"/>
    <class days="0001000" id="1559" start="156" weeks="11111111111111"/>
    <class days="0001000" id="1560" start="108" weeks="11111111111111"/>
    <class days="0001000" id="1561" start="108" weeks="11111111111111"/>
    <class days="0001000" id="1562" start="108" weeks="11111111111111"/>
    <class days="0001000" id="1563" start="108" weeks="11111111111111"/>
    <class days="1000000" id="1564" start="108" weeks="11111111111111"/>
    <class days="1000000" id="1565" start="108" weeks="11111111111111"/>
    <class days="1000000" id="1566" start="108" weeks="11111111111111"/>
    <class days="1000000" id="1567" start="108" weeks="11111111111111"/>
    <class days="1000000" id="1568" start="156" weeks="11111111111111"/>
    <class days="1000000" id="1569" start="156" weeks="11111111111111"/>
    <class days="1000000" id="1570" start="156" weeks="11111111111111"/>
    <class days="1000000" id="1571" start="156" weeks="11111111111111"/>
    <class days="1000000" id="1572" start="132" weeks="11111111111111"/>
    <class days="1000000" id="1573" start="132" weeks="11111111111111"/>
    <class days="1000000" id="1574" start="132" weeks="11111111111111"/>
    <class days="1000000" id="1575" start="132" weeks="11111111111111"/>
    <class days="1000000" id="1576" start="180" weeks="11111111111111"/>
    <class days="1000000" id="1577" start="180" weeks="11111111111111"/>
    <class days="1000000" id="1578" start="180" weeks="11111111111111"/>
    <class days="1000000" id="1579" start="180" weeks="11111111111111"/>
    <class days="0001000" id="1580" start="156" weeks="11111111111111"/>
    <class days="0001000" id="1581" start="156" weeks="11111111111111"/>
    <class days="0001000" id="1582" start="156" weeks="11111111111111"/>
    <class days="0001000" id="1583" start="156" weeks="11111111111111"/>
    <class days="0001000" id="1584" start="108" weeks="11111111111111"/>
    <class days="0001000" id="1585" start="108" weeks="11111111111111"/>
    <class days="0001000" id="1586" start="108" weeks="11111111111111"/>
    <class days="0001000" id="1587" start="108" weeks="11111111111111"/>
    <class days="0100000" id="1588" room="36" start="180" weeks="11111111111111"/>
    <class days="1000000" id="1589" room="135" start="180" weeks="11111111111111"/>
    <class days="0010000" id="1590" room="34" start="162" weeks="11111111111111"/>
    <class days="0100000" id="1591" room="31" start="108" weeks="11111111111111"/>
    <class days="0010000" id="1592" room="101" start="114" weeks="11111111111111"/>
    <class days="0010000" id="1593" room="36" start="156" weeks="11111111111111"/>
    <class days="0100000" id="1594" room="100" start="156" weeks="11111111111111"/>
    <class days="0001000" id="1595" room="62" start="240" weeks="11111111111111"/>
    <class days="0000100" id="1596" room="113" start="168" weeks="11111111111111"/>
    <class days="0000100" id="1597" room="113" start="192" weeks="11111111111111"/>
    <class days="0001000" id="1598" room="97" start="120" weeks="11111111111111"/>
    <class days="0001000" id="1599" room="211" start="120" weeks="11111111111111"/>
    <class days="0000100" id="1600" room="96" start="192" weeks="11111111111111"/>
    <class days="0010000" id="1601" room="37" start="174" weeks="11111111111111"/>
    <class days="0100000" id="1602" room="34" start="108" weeks="11111111111111"/>
    <class days="0000100" id="1603" room="54" start="138" weeks="11111111111111"/>
    <class days="0001000" id="1604" room="115" start="204" weeks="11111111111111"/>
    <class days="0001000" id="1605" room="8" start="180" weeks="11111111111111"/>
    <class days="0000100" id="1606" room="56" start="156" weeks="11111111111111"/>
    <class days="0100000" id="1607" room="37" start="192" weeks="11111111111111"/>
    <class days="1000000" id="1608" room="134" start="174" weeks="11111111111111"/>
    <class days="0000100" id="1609" room="1" start="126" weeks="11111111111111"/>
    <class days="0000100" id="1610" room="70" start="120" weeks="11111111111111"/>
    <class days="0001000" id="1611" room="67" start="186" weeks="11111111111111"/>
    <class days="0010000" id="1612" room="182" start="108" weeks="11111111111111"/>
    <class days="0010000" id="1613" room="182" start="156" weeks="11111111111111"/>
    <class days="0100000" id="1614" room="138" start="132" weeks="11111111111111"/>
    <class days="0100000" id="1615" room="138" start="108" weeks="11111111111111"/>
    <class days="1000000" id="1616" start="198" weeks="11111111111111"/>
    <class days="1000000" id="1617" start="174" weeks="11111111111111"/>
    <class days="1000000" id="1618" room="99" start="198" weeks="11111111111111"/>
    <class days="1000000" id="1619" room="99" start="174" weeks="11111111111111"/>
    <class days="0100000" id="1620" room="53" start="192" weeks="11111111111111"/>
    <class days="0000100" id="1621" room="33" start="186" weeks="11111111111111"/>
    <class days="0010000" id="1622" room="97" start="108" weeks="11111111111111"/>
    <class days="0010000" id="1623" room="97" start="132" weeks="11111111111111"/>
    <class days="0010000" id="1624" room="134" start="108" weeks="11111111111111"/>
    <class days="0010000" id="1625" start="108" weeks="11111111111111"/>
    <class days="0010000" id="1626" room="134" start="132" weeks="11111111111111"/>
    <class days="0010000" id="1627" start="132" weeks="11111111111111"/>
    <class days="1000000" id="1628" room="113" start="114" weeks="11111111111111"/>
    <class days="0000100" id="1629" room="97" start="120" weeks="11111111111111"/>
    <class days="0001000" id="1630" room="100" start="204" weeks="11111111111111"/>
    <class days="0000100" id="1631" room="100" start="204" weeks="11111111111111"/>
    <class days="0100000" id="1632" room="24" start="108" weeks="11111111111111"/>
    <class days="1000000" id="1633" room="15" start="126" weeks="11111111111111"/>
    <class days="0000100" id="1634" room="114" start="162" weeks="11111111111111"/>
    <class days="0001000" id="1635" room="100" start="168" weeks="11111111111111"/>
    <class days="0010000" id="1636" room="135" start="114" weeks="11111111111111"/>
    <class days="1000000" id="1637" room="135" start="132" weeks="11111111111111"/>
    <class days="0001000" id="1638" room="113" start="204" weeks="11111111111111"/>
    <class days="1000000" id="1639" room="99" start="108" weeks="11111111111111"/>
    <class days="0001000" id="1640" room="99" start="180" weeks="11111111111111"/>
    <class days="0000100" id="1641" room="24" start="204" weeks="11111111111111"/>
    <class days="0100000" id="1642" room="113" start="186" weeks="11111111111111"/>
    <class days="0100000" id="1643" room="13" start="204" weeks="11111111111111"/>
    <class days="0010000" id="1644" room="14" start="120" weeks="11111111111111"/>
    <class days="0010000" id="1645" room="99" start="192" weeks="11111111111111"/>
    <class days="0001000" id="1646" room="99" start="120" weeks="11111111111111"/>
    <class days="0010000" id="1647" room="99" start="204" weeks="11111111111111"/>
    <class days="0001000" id="1648" room="99" start="132" weeks="11111111111111"/>
    <class days="1000000" id="1649" room="138" start="192" weeks="11111111111111"/>
    <class days="0100000" id="1650" room="46" start="132" weeks="11111111111111"/>
    <class days="1000000" id="1651" room="52" start="162" weeks="11111111111111"/>
    <class days="0000100" id="1652" room="29" start="198" weeks="11111111111111"/>
    <class days="0001000" id="1653" room="28" start="192" weeks="11111111111111"/>
    <class days="1000000" id="1654" room="5" start="108" weeks="11111111111111"/>
    <class days="0000100" id="1655" room="8" start="180" weeks="11111111111111"/>
    <class days="1000000" id="1656" room="2" start="246" weeks="11111111111111"/>
    <class days="0000100" id="1657" room="97" start="192" weeks="11111111111111"/>
    <class days="0010000" id="1658" room="55" start="234" weeks="11111111111111"/>
    <class days="0001000" id="1659" room="4" start="174" weeks="11111111111111"/>
    <class days="0000100" id="1660" room="68" start="114" weeks="11111111111111"/>
    <class days="0010000" id="1661" room="21" start="180" weeks="11111111111111"/>
    <class days="0100000" id="1662" room="52" start="234" weeks="11111111111111"/>
    <class days="0000100" id="1663" room="139" start="192" weeks="11111111111111"/>
    <class days="1000000" id="1664" room="27" start="168" weeks="11111111111111"/>
    <class days="0100000" id="1665" room="46" start="180" weeks="11111111111111"/>
    <class days="0001000" id="1666" room="64" start="180" weeks="11111111111111"/>
    <class days="0000100" id="1667" room="200" start="156" weeks="11111111111111"/>
    <class days="1000000" id="1668" room="31" start="108" weeks="11111111111111"/>
    <class days="1000000" id="1669" room="1" start="162" weeks="11111111111111"/>
    <class days="0100000" id="1670" room="136" start="144" weeks="11111111111111"/>
    <class days="0001000" id="1671" room="139" start="186" weeks="11111111111111"/>
    <class days="0100000" id="1672" room="65" start="156" weeks="11111111111111"/>
    <class days="0001000" id="1673" room="102" start="144" weeks="11111111111111"/>
    <class days="0010000" id="1674" room="214" start="186" weeks="11111111111111"/>
    <class days="0000100" id="1675" room="117" start="108" weeks="11111111111111"/>
    <class days="0001000" id="1676" room="98" start="180" weeks="11111111111111"/>
    <class days="0000100" id="1677" room="214" start="138" weeks="11111111111111"/>
    <class days="0000100" id="1678" room="176" start="186" weeks="11111111111111"/>
    <class days="0100000" id="1679" room="214" start="108" weeks="11111111111111"/>
    <class days="0100000" id="1680" room="10" start="180" weeks="11111111111111"/>
    <class days="0100000" id="1681" room="214" start="132" weeks="11111111111111"/>
    <class days="0100000" id="1682" room="10" start="204" weeks="11111111111111"/>
    <class days="1000000" id="1683" room="25" start="180" weeks="11111111111111"/>
    <class days="0000100" id="1684" room="53" start="114" weeks="11111111111111"/>
    <class days="0000100" id="1685" room="11" start="156" weeks="11111111111111"/>
    <class days="0010000" id="1686" room="26" start="126" weeks="11111111111111"/>
    <class days="0000100" id="1687" room="55" start="174" weeks="11111111111111"/>
    <class days="1000000" id="1688" room="2" start="132" weeks="11111111111111"/>
    <class days="0000100" id="1689" room="55" start="198" weeks="11111111111111"/>
    <class days="1000000" id="1690" room="2" start="108" weeks="11111111111111"/>
    <class days="0001000" id="1691" room="26" start="174" weeks="11111111111111"/>
    <class days="0000100" id="1692" room="8" start="144" weeks="11111111111111"/>
    <class days="0100000" id="1693" room="19" start="108" weeks="11111111111111"/>
    <class days="0100000" id="1694" room="200" start="204" weeks="11111111111111"/>
    <class days="0100000" id="1695" room="19" start="132" weeks="11111111111111"/>
    <class days="0100000" id="1696" room="200" start="180" weeks="11111111111111"/>
    <class days="1000000" id="1697" room="211" start="180" weeks="11111111111111"/>
    <class days="0010000" id="1698" room="96" start="180" weeks="11111111111111"/>
    <class days="1000000" id="1699" room="211" start="204" weeks="11111111111111"/>
    <class days="0010000" id="1700" room="96" start="156" weeks="11111111111111"/>
    <class days="0010000" id="1701" room="49" start="108" weeks="11111111111111"/>
    <class days="0100000" id="1702" room="3" start="174" weeks="11111111111111"/>
    <class days="0010000" id="1703" room="136" start="192" weeks="11111111111111"/>
    <class days="0100000" id="1704" room="16" start="204" weeks="11111111111111"/>
    <class days="1000000" id="1705" room="13" start="204" weeks="11111111111111"/>
    <class days="0010000" id="1706" room="210" start="168" weeks="11111111111111"/>
    <class days="0100000" id="1707" room="8" start="204" weeks="11111111111111"/>
    <class days="0001000" id="1708" room="18" start="114" weeks="11111111111111"/>
    <class days="0000100" id="1709" room="211" start="192" weeks="11111111111111"/>
    <class days="0001000" id="1710" room="14" start="192" weeks="11111111111111"/>
    <class days="1000000" id="1711" room="102" start="162" weeks="11111111111111"/>
    <class days="1000000" id="1712" room="7" start="198" weeks="11111111111111"/>
    <class days="0100000" id="1713" room="98" start="180" weeks="11111111111111"/>
    <class days="0010000" id="1714" room="30" start="156" weeks="11111111111111"/>
    <class days="0001000" id="1715" room="139" start="138" weeks="11111111111111"/>
    <class days="1000000" id="1716" room="24" start="108" weeks="11111111111111"/>
    <class days="0000100" id="1717" room="20" start="108" weeks="11111111111111"/>
    <class days="0010000" id="1718" room="98" start="204" weeks="11111111111111"/>
    <class days="0001000" id="1719" room="154" start="156" weeks="11111111111111"/>
    <class days="0100000" id="1720" room="172" start="132" weeks="11111111111111"/>
    <class days="0010000" id="1721" room="174" start="120" weeks="11111111111111"/>
    <class days="0000100" id="1722" room="155" start="204" weeks="11111111111111"/>
    <class days="0000100" id="1723" room="158" start="132" weeks="11111111111111"/>
    <class days="0010000" id="1724" room="157" start="162" weeks="11111111111111"/>
    <class days="0000100" id="1725" room="173" start="120" weeks="11111111111111"/>
    <class days="1000000" id="1726" room="162" start="192" weeks="11111111111111"/>
    <class days="0010100" id="1727" room="90" start="216" weeks="11111111111111"/>
    <class days="0010000" id="1728" room="155" start="156" weeks="11111111111111"/>
    <class days="0100000" id="1729" room="158" start="156" weeks="11111111111111"/>
    <class days="0001000" id="1730" room="174" start="114" weeks="11111111111111"/>
    <class days="0001000" id="1731" room="87" start="156" weeks="11111111111111"/>
    <class days="0100000" id="1732" room="44" start="204" weeks="11111111111111"/>
    <class days="1000000" id="1733" room="44" start="126" weeks="11111111111111"/>
    <class days="0100000" id="1734" room="155" start="168" weeks="11111111111111"/>
    <class days="1000000" id="1735" room="44" start="162" weeks="11111111111111"/>
    <class days="0010000" id="1736" room="148" start="108" weeks="11111111111111"/>
    <class days="0000100" id="1737" room="209" start="186" weeks="11111111111111"/>
    <class days="0100000" id="1738" room="45" start="204" weeks="11111111111111"/>
    <class days="1000000" id="1739" room="200" start="114" weeks="11111111111111"/>
    <class days="1000000" id="1740" room="62" start="186" weeks="11111111111111"/>
    <class days="0010000" id="1741" room="64" start="192" weeks="11111111111111"/>
    <class days="0010000" id="1742" room="210" start="192" weeks="11111111111111"/>
    <class days="1000000" id="1743" room="49" start="204" weeks="11111111111111"/>
    <class days="0010000" id="1744" room="117" start="216" weeks="11111111111111"/>
    <class days="1000000" id="1745" room="45" start="120" weeks="11111111111111"/>
    <class days="0100000" id="1746" room="102" start="174" weeks="11111111111111"/>
    <class days="0100000" id="1747" room="3" start="108" weeks="11111111111111"/>
    <class days="0100000" id="1748" room="3" start="198" weeks="11111111111111"/>
    <class days="0100000" id="1749" room="211" start="132" weeks="11111111111111"/>
    <class days="1000000" id="1750" room="45" start="156" weeks="11111111111111"/>
    <class days="0000100" id="1751" room="63" start="108" weeks="11111111111111"/>
    <class days="0000100" id="1752" room="64" start="192" weeks="11111111111111"/>
    <class days="0001000" id="1753" room="31" start="120" weeks="11111111111111"/>
    <class days="0001000" id="1754" room="7" start="162" weeks="11111111111111"/>
    <class days="0010000" id="1755" room="137" start="168" weeks="11111111111111"/>
    <class days="0010000" id="1756" room="67" start="132" weeks="11111111111111"/>
    <class days="0000100" id="1757" room="13" start="192" weeks="11111111111111"/>
    <class days="0000100" id="1758" room="70" start="156" weeks="11111111111111"/>
    <class days="0100000" id="1759" room="209" start="114" weeks="11111111111111"/>
    <class days="1000000" id="1760" room="13" start="162" weeks="11111111111111"/>
    <class days="1000000" id="1761" room="137" start="126" weeks="11111111111111"/>
    <class days="0001000" id="1762" room="60" start="180" weeks="11111111111111"/>
    <class days="1000000" id="1763" room="57" start="108" weeks="11111111111111"/>
    <class days="1000000" id="1764" room="31" start="168" weeks="11111111111111"/>
    <class days="0010000" id="1765" room="211" start="120" weeks="11111111111111"/>
    <class days="1000000" id="1766" room="112" start="174" weeks="11111111111111"/>
    <class days="1000000" id="1767" room="202" start="120" weeks="11111111111111"/>
    <class days="1000000" id="1768" room="51" start="180" weeks="11111111111111"/>
    <class days="0010000" id="1769" room="58" start="132" weeks="11111111111111"/>
    <class days="1000000" id="1770" room="67" start="192" weeks="11111111111111"/>
    <class days="0000100" id="1771" room="200" start="120" weeks="11111111111111"/>
    <class days="0001000" id="1772" room="98" start="156" weeks="11111111111111"/>
    <class days="0001000" id="1773" room="24" start="132" weeks="11111111111111"/>
    <class days="0010000" id="1774" room="62" start="186" weeks="11111111111111"/>
    <class days="0010000" id="1775" room="20" start="168" weeks="11111111111111"/>
    <class days="0010000" id="1776" room="17" start="198" weeks="11111111111111"/>
    <class days="0010000" id="1777" room="70" start="180" weeks="11111111111111"/>
    <class days="0100000" id="1778" room="27" start="156" weeks="11111111111111"/>
    <class days="0100000" id="1779" room="70" start="120" weeks="11111111111111"/>
    <class days="0010000" id="1780" room="18" start="108" weeks="11111111111111"/>
    <class days="1000000" id="1781" room="137" start="198" weeks="11111111111111"/>
    <class days="0010000" id="1782" room="201" start="132" weeks="11111111111111"/>
    <class days="0000100" id="1783" room="67" start="186" weeks="11111111111111"/>
    <class days="1000000" id="1784" room="111" start="156" weeks="11111111111111"/>
    <class days="0100000" id="1785" room="116" start="108" weeks="11111111111111"/>
    <class days="0100000" id="1786" room="116" start="132" weeks="11111111111111"/>
    <class days="0100000" id="1787" room="116" start="156" weeks="11111111111111"/>
    <class days="0100000" id="1788" room="116" start="180" weeks="11111111111111"/>
    <class days="0100000" id="1789" room="115" start="108" weeks="11111111111111"/>
    <class days="0100000" id="1790" room="115" start="132" weeks="11111111111111"/>
    <class days="0100000" id="1791" room="115" start="156" weeks="11111111111111"/>
    <class days="0100000" id="1792" room="115" start="180" weeks="11111111111111"/>
    <class days="0000100" id="1793" room="116" start="156" weeks="11111111111111"/>
    <class days="0000100" id="1794" room="116" start="180" weeks="11111111111111"/>
    <class days="0000100" id="1795" room="116" start="108" weeks="11111111111111"/>
    <class days="0000100" id="1796" room="116" start="132" weeks="11111111111111"/>
    <class days="0000100" id="1797" room="115" start="156" weeks="11111111111111"/>
    <class days="0000100" id="1798" room="115" start="180" weeks="11111111111111"/>
    <class days="0000100" id="1799" room="115" start="108" weeks="11111111111111"/>
    <class days="0000100" id="1800" room="115" start="132" weeks="11111111111111"/>
    <class days="0000100" id="1801" room="49" start="138" weeks="11111111111111"/>
    <class days="0010000" id="1802" room="65" start="162" weeks="11111111111111"/>
    <class days="0001000" id="1803" room="200" start="108" weeks="11111111111111"/>
    <class days="0000100" id="1804" room="26" start="174" weeks="11111111111111"/>
    <class days="1000000" id="1805" room="3" start="132" weeks="11111111111111"/>
    <class days="0100000" id="1806" room="32" start="120" weeks="11111111111111"/>
    <class days="0001000" id="1807" room="65" start="120" weeks="11111111111111"/>
    <class days="0001000" id="1808" room="175" start="162" weeks="11111111111111"/>
    <class days="0000100" id="1809" room="175" start="108" weeks="11111111111111"/>
    <class days="0001000" id="1810" room="31" start="108" weeks="11111111111111"/>
    <class days="1000000" id="1811" room="200" start="198" weeks="11111111111111"/>
    <class days="0010000" id="1812" room="4" start="108" weeks="11111111111111"/>
    <class days="0100000" id="1813" room="201" start="132" weeks="11111111111111"/>
    <class days="0001000" id="1814" room="20" start="150" weeks="11111111111111"/>
    <class days="0000100" id="1815" room="61" start="180" weeks="11111111111111"/>
    <class days="1000000" id="1816" room="202" start="168" weeks="11111111111111"/>
    <class days="0100000" id="1817" room="45" start="114" weeks="11111111111111"/>
    <class days="0100000" id="1818" room="60" start="186" weeks="11111111111111"/>
    <class days="0010000" id="1819" room="200" start="156" weeks="11111111111111"/>
    <class days="0000100" id="1820" room="14" start="114" weeks="11111111111111"/>
    <class days="1000000" id="1821" room="54" start="114" weeks="11111111111111"/>
    <class days="0010000" id="1822" room="53" start="132" weeks="11111111111111"/>
    <class days="0000100" id="1823" room="96" start="150" weeks="11111111111111"/>
    <class days="0010000" id="1824" room="46" start="180" weeks="11111111111111"/>
    <class days="0010000" id="1825" room="200" start="192" weeks="11111111111111"/>
    <class days="0100000" id="1826" room="137" start="120" weeks="11111111111111"/>
    <class days="1000000" id="1827" room="23" start="156" weeks="11111111111111"/>
    <class days="1000000" id="1828" room="112" start="192" weeks="11111111111111"/>
    <class days="0100000" id="1829" room="112" start="168" weeks="11111111111111"/>
    <class days="0010000" id="1830" room="66" start="180" weeks="11111111111111"/>
    <class days="0001000" id="1831" room="1" start="192" weeks="11111111111111"/>
    <class days="0001000" id="1832" room="115" start="132" weeks="11111111111111"/>
    <class days="0000100" id="1833" room="4" start="120" weeks="11111111111111"/>
    <class days="0000100" id="1834" room="45" start="204" weeks="11111111111111"/>
    <class days="0100000" id="1835" room="38" start="138" weeks="11111111111111"/>
    <class days="0100000" id="1836" room="38" start="162" weeks="11111111111111"/>
    <class days="0001000" id="1837" room="160" start="156" weeks="11111111111111"/>
    <class days="0001000" id="1838" room="160" start="180" weeks="11111111111111"/>
    <class days="0000100" id="1839" room="160" start="120" weeks="11111111111111"/>
    <class days="0010000" id="1840" room="198" start="108" weeks="11111111111111"/>
    <class days="0100000" id="1841" room="198" start="114" weeks="11111111111111"/>
    <class days="0010000" id="1842" room="198" start="132" weeks="11111111111111"/>
    <class days="1000000" id="1843" room="198" start="186" weeks="11111111111111"/>
    <class days="1000000" id="1844" room="198" start="198" weeks="11111111111111"/>
    <class days="1000000" id="1845" room="87" start="138" weeks="11111111111111"/>
    <class days="1000000" id="1846" room="87" start="126" weeks="11111111111111"/>
    <class days="0010000" id="1847" room="169" start="216" weeks="11111111111111"/>
    <class days="0010000" id="1848" room="169" start="192" weeks="11111111111111"/>
    <class days="0001000" id="1849" room="157" start="132" weeks="11111111111111"/>
    <class days="0000100" id="1850" room="87" start="162" weeks="11111111111111"/>
    <class days="0000100" id="1851" room="38" start="162" weeks="11111111111111"/>
    <class days="0000100" id="1852" room="41" start="174" weeks="11111111111111"/>
    <class days="0010000" id="1853" room="42" start="108" weeks="11111111111111"/>
    <class days="0010000" id="1854" room="43" start="108" weeks="11111111111111"/>
    <class days="0010000" id="1855" room="41" start="132" weeks="11111111111111"/>
    <class days="0000100" id="1856" room="38" start="186" weeks="11111111111111"/>
    <class days="0001000" id="1857" room="148" start="108" weeks="11111111111111"/>
    <class days="0100000" id="1858" room="41" start="108" weeks="11111111111111"/>
    <class days="0010000" id="1859" room="160" start="156" weeks="11111111111111"/>
    <class days="0010000" id="1860" room="160" start="180" weeks="11111111111111"/>
    <class days="0001000" id="1861" room="198" start="198" weeks="11111111111111"/>
    <class days="0001000" id="1862" room="198" start="174" weeks="11111111111111"/>
    <class days="0100000" id="1863" room="160" start="132" weeks="11111111111111"/>
    <class days="0100000" id="1864" room="160" start="108" weeks="11111111111111"/>
    <class days="1000000" id="1865" room="148" start="108" weeks="11111111111111"/>
    <class days="1000000" id="1866" room="148" start="132" weeks="11111111111111"/>
    <class days="0000100" id="1867" room="148" start="132" weeks="11111111111111"/>
    <class days="0001000" id="1868" room="38" start="132" weeks="11111111111111"/>
    <class days="0001000" id="1869" room="38" start="156" weeks="11111111111111"/>
    <class days="0000100" id="1870" room="42" start="192" weeks="11111111111111"/>
    <class days="0000100" id="1871" room="27" start="180" weeks="11111111111111"/>
    <class days="0000100" id="1872" room="27" start="156" weeks="11111111111111"/>
    <class days="0100000" id="1873" room="190" start="162" weeks="11111111111111"/>
    <class days="0100000" id="1874" room="190" start="174" weeks="11111111111111"/>
    <class days="0000100" id="1875" room="59" start="204" weeks="11111111111111"/>
    <class days="0010000" id="1876" room="20" start="138" weeks="11111111111111"/>
    <class days="0010000" id="1877" room="20" start="114" weeks="11111111111111"/>
    <class days="0000100" id="1878" room="50" start="132" weeks="11111111111111"/>
    <class days="0000100" id="1879" room="50" start="108" weeks="11111111111111"/>
    <class days="0001000" id="1880" room="25" start="180" weeks="11111111111111"/>
    <class days="0001000" id="1881" room="25" start="156" weeks="11111111111111"/>
    <class days="1000000" id="1882" room="115" start="180" weeks="11111111111111"/>
    <class days="0010000" id="1883" room="211" start="132" weeks="11111111111111"/>
    <class days="0010000" id="1884" room="211" start="144" weeks="11111111111111"/>
    <class days="0010000" id="1885" room="12" start="138" weeks="11111111111111"/>
    <class days="0010000" id="1886" room="12" start="150" weeks="11111111111111"/>
    <class days="0010000" id="1887" room="64" start="156" weeks="11111111111111"/>
    <class days="0010000" id="1888" room="64" start="132" weeks="11111111111111"/>
    <class days="0010000" id="1889" room="16" start="162" weeks="11111111111111"/>
    <class days="0000100" id="1890" room="190" start="108" weeks="11111111111111"/>
    <class days="0000100" id="1891" room="190" start="120" weeks="11111111111111"/>
    <class days="0001000" id="1892" room="13" start="150" weeks="11111111111111"/>
    <class days="0001000" id="1893" room="13" start="162" weeks="11111111111111"/>
    <class days="0100000" id="1894" room="19" start="186" weeks="11111111111111"/>
    <class days="0100000" id="1895" room="19" start="162" weeks="11111111111111"/>
    <class days="0000100" id="1896" room="2" start="192" weeks="11111111111111"/>
    <class days="0000100" id="1897" room="2" start="168" weeks="11111111111111"/>
    <class days="0010000" id="1898" room="68" start="108" weeks="11111111111111"/>
    <class days="0000100" id="1899" room="98" start="156" weeks="11111111111111"/>
    <class days="1000000" id="1900" room="3" start="168" weeks="11111111111111"/>
    <class days="0010000" id="1901" room="9" start="132" weeks="11111111111111"/>
    <class days="1000000" id="1902" room="209" start="132" weeks="11111111111111"/>
    <class days="0100000" id="1903" room="39" start="156" weeks="11111111111111"/>
    <class days="1000000" id="1904" room="54" start="204" weeks="11111111111111"/>
    <class days="0001000" id="1905" room="3" start="156" weeks="11111111111111"/>
    <class days="0000100" id="1906" room="7" start="108" weeks="11111111111111"/>
    <class days="0001000" id="1907" room="5" start="108" weeks="11111111111111"/>
    <class days="1000000" id="1908" room="58" start="162" weeks="11111111111111"/>
    <class days="0000100" id="1909" room="137" start="114" weeks="11111111111111"/>
    <class days="0001000" id="1910" room="96" start="162" weeks="11111111111111"/>
    <class days="0010000" id="1911" room="8" start="162" weeks="11111111111111"/>
    <class days="0010000" id="1912" room="2" start="132" weeks="11111111111111"/>
    <class days="1000000" id="1913" room="68" start="114" weeks="11111111111111"/>
    <class days="0000100" id="1914" room="10" start="192" weeks="11111111111111"/>
    <class days="0010000" id="1915" room="9" start="108" weeks="11111111111111"/>
    <class days="0000100" id="1916" room="24" start="156" weeks="11111111111111"/>
    <class days="0100000" id="1917" room="112" start="108" weeks="11111111111111"/>
    <class days="0001000" id="1918" room="19" start="126" weeks="11111111111111"/>
    <class days="0100000" id="1919" room="70" start="180" weeks="11111111111111"/>
    <class days="0000100" id="1920" room="52" start="126" weeks="11111111111111"/>
    <class days="0001000" id="1921" room="57" start="114" weeks="11111111111111"/>
    <class days="1000000" id="1922" room="3" start="192" weeks="11111111111111"/>
    <class days="1000000" id="1923" room="213" start="156" weeks="11111111111111"/>
    <class days="0001000" id="1924" room="70" start="162" weeks="11111111111111"/>
    <class days="0000100" id="1925" room="211" start="132" weeks="11111111111111"/>
    <class days="0010000" id="1926" room="20" start="192" weeks="11111111111111"/>
    <class days="0001000" id="1927" room="116" start="174" weeks="11111111111111"/>
    <class days="0100000" id="1928" room="2" start="132" weeks="11111111111111"/>
    <class days="0001000" id="1929" room="24" start="192" weeks="11111111111111"/>
    <class days="0010000" id="1930" room="11" start="108" weeks="11111111111111"/>
    <class days="0001000" id="1931" room="214" start="114" weeks="11111111111111"/>
    <class days="0100000" id="1932" room="56" start="204" weeks="11111111111111"/>
    <class days="0100000" id="1933" room="29" start="180" weeks="11111111111111"/>
    <class days="1000000" id="1934" room="102" start="204" weeks="11111111111111"/>
    <class days="1000000" id="1935" room="57" start="156" weeks="11111111111111"/>
    <class days="0100000" id="1936" room="45" start="156" weeks="11111111111111"/>
    <class days="0000100" id="1937" room="201" start="216" weeks="11111111111111"/>
    <class days="0100000" id="1938" room="98" start="108" weeks="11111111111111"/>
    <class days="0010000" id="1939" room="1" start="204" weeks="11111111111111"/>
    <class days="1000000" id="1940" room="102" start="108" weeks="11111111111111"/>
    <class days="0001000" id="1941" room="12" start="162" weeks="11111111111111"/>
    <class days="0010000" id="1942" room="3" start="120" weeks="11111111111111"/>
    <class days="0000100" id="1943" room="67" start="156" weeks="11111111111111"/>
    <class days="0000100" id="1944" room="112" start="198" weeks="11111111111111"/>
    <class days="0001000" id="1945" room="102" start="108" weeks="11111111111111"/>
    <class days="0000100" id="1946" room="49" start="114" weeks="11111111111111"/>
    <class days="0000100" id="1947" room="56" start="192" weeks="11111111111111"/>
    <class days="0100000" id="1948" room="52" start="120" weeks="11111111111111"/>
    <class days="0000100" id="1949" room="56" start="108" weeks="11111111111111"/>
    <class days="0100000" id="1950" room="24" start="204" weeks="11111111111111"/>
    <class days="0010000" id="1951" room="13" start="204" weeks="11111111111111"/>
    <class days="0001000" id="1952" room="56" start="204" weeks="11111111111111"/>
    <class days="0001000" id="1953" room="13" start="192" weeks="11111111111111"/>
    <class days="0010000" id="1954" room="25" start="108" weeks="11111111111111"/>
    <class days="0001000" id="1955" room="202" start="180" weeks="11111111111111"/>
    <class days="0100000" id="1956" room="58" start="132" weeks="11111111111111"/>
    <class days="0100000" id="1957" room="98" start="204" weeks="11111111111111"/>
    <class days="0001000" id="1958" room="209" start="108" weeks="11111111111111"/>
    <class days="0010000" id="1959" room="63" start="108" weeks="11111111111111"/>
    <class days="0010000" id="1960" room="136" start="162" weeks="11111111111111"/>
    <class days="1000000" id="1961" room="111" start="114" weeks="11111111111111"/>
    <class days="0001000" id="1962" room="114" start="192" weeks="11111111111111"/>
    <class days="0100000" id="1963" room="67" start="114" weeks="11111111111111"/>
    <class days="0000100" id="1964" room="4" start="162" weeks="11111111111111"/>
    <class days="0001000" id="1965" room="139" start="108" weeks="11111111111111"/>
    <class days="0000100" id="1966" room="26" start="132" weeks="11111111111111"/>
    <class days="0010000" id="1967" room="50" start="108" weeks="11111111111111"/>
    <class days="1000000" id="1968" room="179" start="198" weeks="11111111111111"/>
    <class days="0010000" id="1969" room="176" start="192" weeks="11111111111111"/>
    <class days="0100000" id="1970" room="24" start="156" weeks="11111111111111"/>
    <class days="1000000" id="1971" room="26" start="156" weeks="11111111111111"/>
    <class days="0010000" id="1972" room="98" start="162" weeks="11111111111111"/>
    <class days="0000100" id="1973" room="15" start="108" weeks="11111111111111"/>
    <class days="0100000" id="1974" room="19" start="198" weeks="11111111111111"/>
    <class days="0000100" id="1975" room="54" start="198" weeks="11111111111111"/>
    <class days="0001000" id="1976" room="1" start="168" weeks="11111111111111"/>
    <class days="0001000" id="1977" room="52" start="192" weeks="11111111111111"/>
    <class days="1000000" id="1978" room="63" start="186" weeks="11111111111111"/>
    <class days="1000000" id="1979" room="112" start="108" weeks="11111111111111"/>
    <class days="0010000" id="1980" start="108" weeks="11111111111111"/>
    <class days="0010000" id="1981" room="18" start="204" weeks="11111111111111"/>
    <class days="0010000" id="1982" room="5" start="162" weeks="11111111111111"/>
    <class days="0100000" id="1983" room="54" start="114" weeks="11111111111111"/>
    <class days="0000100" id="1984" room="210" start="156" weeks="11111111111111"/>
    <class days="0100000" id="1985" room="102" start="198" weeks="11111111111111"/>
    <class days="0100000" id="1986" room="8" start="174" weeks="11111111111111"/>
    <class days="1000000" id="1987" room="9" start="198" weeks="11111111111111"/>
    <class days="0010000" id="1988" room="46" start="156" weeks="11111111111111"/>
    <class days="1000000" id="1989" room="117" start="132" weeks="11111111111111"/>
    <class days="0010000" id="1990" room="212" start="126" weeks="11111111111111"/>
    <class days="1000000" id="1991" room="64" start="156" weeks="11111111111111"/>
    <class days="0000100" id="1992" room="24" start="120" weeks="11111111111111"/>
    <class days="0100000" id="1993" room="13" start="126" weeks="11111111111111"/>
    <class days="0100000" id="1994" room="55" start="198" weeks="11111111111111"/>
    <class days="0000100" id="1995" room="137" start="162" weeks="11111111111111"/>
    <class days="0000100" id="1996" room="14" start="204" weeks="11111111111111"/>
    <class days="0001000" id="1997" room="21" start="186" weeks="11111111111111"/>
    <class days="0010000" id="1998" room="26" start="204" weeks="11111111111111"/>
    <class days="0010000" id="1999" room="2" start="108" weeks="11111111111111"/>
    <class days="0100000" id="2000" room="11" start="198" weeks="11111111111111"/>
    <class days="1000000" id="2001" room="211" start="156" weeks="11111111111111"/>
    <class days="0001000" id="2002" room="202" start="132" weeks="11111111111111"/>
    <class days="0010000" id="2003" room="25" start="162" weeks="11111111111111"/>
    <class days="0000100" id="2004" room="6" start="186" weeks="11111111111111"/>
    <class days="0000100" id="2005" room="13" start="108" weeks="11111111111111"/>
    <class days="1000000" id="2006" room="98" start="192" weeks="11111111111111"/>
    <class days="0001000" id="2007" room="27" start="204" weeks="11111111111111"/>
    <class days="0100000" id="2008" room="10" start="156" weeks="11111111111111"/>
    <class days="0001000" id="2009" room="3" start="180" weeks="11111111111111"/>
    <class days="0100000" id="2010" room="16" start="120" weeks="11111111111111"/>
    <class days="0000100" id="2011" room="25" start="198" weeks="11111111111111"/>
    <class days="0001000" id="2012" room="9" start="174" weeks="11111111111111"/>
    <class days="0000100" id="2013" room="115" start="204" weeks="11111111111111"/>
    <class days="0000100" id="2014" room="213" start="168" weeks="11111111111111"/>
    <class days="0001000" id="2015" room="10" start="108" weeks="11111111111111"/>
    <class days="0010000" id="2016" room="13" start="132" weeks="11111111111111"/>
    <class days="1000000" id="2017" room="22" start="156" weeks="11111111111111"/>
    <class days="0100000" id="2018" room="22" start="156" weeks="11111111111111"/>
    <class days="0010000" id="2019" room="22" start="156" weeks="11111111111111"/>
    <class days="0001000" id="2020" room="22" start="156" weeks="11111111111111"/>
    <class days="0000100" id="2021" room="22" start="156" weeks="11111111111111"/>
    <class days="1000000" id="2022" room="22" start="108" weeks="11111111111111"/>
    <class days="0100000" id="2023" room="22" start="108" weeks="11111111111111"/>
    <class days="0010000" id="2024" room="22" start="108" weeks="11111111111111"/>
    <class days="0001000" id="2025" room="22" start="108" weeks="11111111111111"/>
    <class days="0000100" id="2026" room="22" start="108" weeks="11111111111111"/>
    <class days="0010000" id="2027" room="66" start="114" weeks="11111111111111"/>
    <class days="1000000" id="2028" room="66" start="180" weeks="11111111111111"/>
    <class days="0001000" id="2029" room="28" start="126" weeks="11111111111111"/>
    <class days="1000000" id="2030" room="55" start="168" weeks="11111111111111"/>
    <class days="0010000" id="2031" room="56" start="162" weeks="11111111111111"/>
    <class days="0100000" id="2032" room="55" start="126" weeks="11111111111111"/>
    <class days="0001000" id="2033" room="210" start="204" weeks="11111111111111"/>
    <class days="0000100" id="2034" room="55" start="132" weeks="11111111111111"/>
    <class days="0010000" id="2035" room="32" start="204" weeks="11111111111111"/>
    <class days="0001000" id="2036" room="2" start="192" weeks="11111111111111"/>
    <class days="0100000" id="2037" room="51" start="192" weeks="11111111111111"/>
    <class days="0010000" id="2038" room="24" start="192" weeks="11111111111111"/>
    <class days="0001000" id="2039" room="148" start="156" weeks="11111111111111"/>
    <class days="0010000" id="2040" room="199" start="126" weeks="11111111111111"/>
    <class days="1000000" id="2041" room="88" start="168" weeks="11111111111111"/>
    <class days="0100000" id="2042" room="173" start="138" weeks="11111111111111"/>
    <class days="1000000" id="2043" room="174" start="162" weeks="11111111111111"/>
    <class days="0000100" id="2044" room="154" start="180" weeks="11111111111111"/>
    <class days="0000100" id="2045" room="174" start="174" weeks="11111111111111"/>
    <class days="0000100" id="2046" room="89" start="168" weeks="11111111111111"/>
    <class days="0010000" id="2047" room="169" start="162" weeks="11111111111111"/>
    <class days="0010000" id="2048" room="151" start="210" weeks="11111111111111"/>
    <class days="0000100" id="2049" room="149" start="174" weeks="11111111111111"/>
    <class days="0001000" id="2050" room="149" start="132" weeks="11111111111111"/>
    <class days="0100000" id="2051" room="88" start="108" weeks="11111111111111"/>
    <class days="1000000" id="2052" room="153" start="216" weeks="11111111111111"/>
    <class days="0010000" id="2053" room="88" start="216" weeks="11111111111111"/>
    <class days="1000000" id="2054" room="199" start="132" weeks="11111111111111"/>
    <class days="1000000" id="2055" room="169" start="144" weeks="11111111111111"/>
    <class days="0000100" id="2056" room="89" start="132" weeks="11111111111111"/>
    <class days="0100000" id="2057" room="157" start="186" weeks="11111111111111"/>
    <class days="0100000" id="2058" room="88" start="120" weeks="11111111111111"/>
    <class days="0100000" id="2059" room="174" start="216" weeks="11111111111111"/>
    <class days="0010000" id="2060" room="88" start="174" weeks="11111111111111"/>
    <class days="0001000" id="2061" room="199" start="108" weeks="11111111111111"/>
    <class days="0001000" id="2062" room="199" start="156" weeks="11111111111111"/>
    <class days="0100000" id="2063" room="151" start="186" weeks="11111111111111"/>
    <class days="0001000" id="2064" room="149" start="108" weeks="11111111111111"/>
    <class days="0100000" id="2065" room="151" start="144" weeks="11111111111111"/>
    <class days="0100000" id="2066" room="174" start="156" weeks="11111111111111"/>
    <class days="0000100" id="2067" room="38" start="144" weeks="11111111111111"/>
    <class days="0010000" id="2068" room="173" start="138" weeks="11111111111111"/>
    <class days="0100000" id="2069" room="199" start="186" weeks="11111111111111"/>
    <class days="1000000" id="2070" room="173" start="192" weeks="11111111111111"/>
    <class days="1000000" id="2071" room="153" start="174" weeks="11111111111111"/>
    <class days="0001000" id="2072" room="88" start="186" weeks="11111111111111"/>
    <class days="0100000" id="2073" room="155" start="132" weeks="11111111111111"/>
    <class days="0001000" id="2074" room="169" start="162" weeks="11111111111111"/>
    <class days="0010000" id="2075" room="38" start="198" weeks="11111111111111"/>
    <class days="1000000" id="2076" room="157" start="108" weeks="11111111111111"/>
    <class days="0100000" id="2077" room="150" start="168" weeks="11111111111111"/>
    <class days="0010000" id="2078" room="88" start="204" weeks="11111111111111"/>
    <class days="0010000" id="2079" room="173" start="168" weeks="11111111111111"/>
    <class days="0010000" id="2080" room="153" start="132" weeks="11111111111111"/>
    <class days="1000000" id="2081" room="158" start="204" weeks="11111111111111"/>
    <class days="1000000" id="2082" room="157" start="162" weeks="11111111111111"/>
    <class days="1000000" id="2083" room="149" start="186" weeks="11111111111111"/>
    <class days="0100000" id="2084" room="148" start="192" weeks="11111111111111"/>
    <class days="0001000" id="2085" room="151" start="186" weeks="11111111111111"/>
    <class days="0100000" id="2086" room="199" start="114" weeks="11111111111111"/>
    <class days="1000000" id="2087" room="89" start="120" weeks="11111111111111"/>
    <class days="0010000" id="2088" room="149" start="156" weeks="11111111111111"/>
    <class days="0100000" id="2089" room="154" start="180" weeks="11111111111111"/>
    <class days="0010000" id="2090" room="148" start="198" weeks="11111111111111"/>
    <class days="1000000" id="2091" room="169" start="168" weeks="11111111111111"/>
    <class days="0001000" id="2092" room="89" start="204" weeks="11111111111111"/>
    <class days="0010000" id="2093" room="153" start="108" weeks="11111111111111"/>
    <class days="0000100" id="2094" room="199" start="108" weeks="11111111111111"/>
    <class days="0000100" id="2095" room="199" start="132" weeks="11111111111111"/>
    <class days="0000100" id="2096" room="199" start="144" weeks="11111111111111"/>
    <class days="0000100" id="2097" room="199" start="156" weeks="11111111111111"/>
    <class days="0000100" id="2098" room="199" start="180" weeks="11111111111111"/>
    <class days="0001000" id="2099" room="149" start="168" weeks="11111111111111"/>
    <class days="0001000" id="2100" room="169" start="138" weeks="11111111111111"/>
    <class days="1000000" id="2101" room="148" start="168" weeks="11111111111111"/>
    <class days="1000000" id="2102" room="162" start="156" weeks="11111111111111"/>
    <class days="1000000" id="2103" room="88" start="198" weeks="11111111111111"/>
    <class days="0001000" id="2104" room="87" start="108" weeks="11111111111111"/>
    <class days="0001000" id="2105" room="3" start="108" weeks="11111111111111"/>
    <class days="1000000" id="2106" room="9" start="156" weeks="11111111111111"/>
    <class days="0001000" id="2107" room="67" start="108" weeks="11111111111111"/>
    <class days="0000100" id="2108" room="213" start="108" weeks="11111111111111"/>
    <class days="0010000" id="2109" room="9" start="168" weeks="11111111111111"/>
    <class days="0010000" id="2110" room="1" start="120" weeks="11111111111111"/>
    <class days="0000100" id="2111" room="139" start="108" weeks="11111111111111"/>
    <class days="0100000" id="2112" room="55" start="168" weeks="11111111111111"/>
    <class days="0010000" id="2113" room="5" start="108" weeks="11111111111111"/>
    <class days="0010000" id="2114" room="55" start="174" weeks="11111111111111"/>
    <class days="0000100" id="2115" room="102" start="162" weeks="11111111111111"/>
    <class days="1000000" id="2116" room="32" start="174" weeks="11111111111111"/>
    <class days="0100000" id="2117" room="68" start="126" weeks="11111111111111"/>
    <class days="0010000" id="2118" room="19" start="114" weeks="11111111111111"/>
    <class days="0100000" id="2119" room="27" start="108" weeks="11111111111111"/>
    <class days="1000000" id="2120" room="27" start="108" weeks="11111111111111"/>
    <class days="0001000" id="2121" room="14" start="156" weeks="11111111111111"/>
    <class days="0100000" id="2122" room="51" start="168" weeks="11111111111111"/>
    <class days="0001000" id="2123" room="53" start="126" weeks="11111111111111"/>
    <class days="1000000" id="2124" room="210" start="108" weeks="11111111111111"/>
    <class days="0001000" id="2125" room="30" start="108" weeks="11111111111111"/>
    <class days="0100000" id="2126" room="56" start="180" weeks="11111111111111"/>
    <class days="0001000" id="2127" room="31" start="156" weeks="11111111111111"/>
    <class days="1000000" id="2128" room="65" start="114" weeks="11111111111111"/>
    <class days="1000000" id="2129" room="49" start="120" weeks="11111111111111"/>
    <class days="0000100" id="2130" room="64" start="156" weeks="11111111111111"/>
    <class days="0001000" id="2131" room="12" start="120" weeks="11111111111111"/>
    <class days="0001000" id="2132" room="63" start="162" weeks="11111111111111"/>
    <class days="0000100" id="2133" room="209" start="120" weeks="11111111111111"/>
    <class days="0100000" id="2134" room="54" start="192" weeks="11111111111111"/>
    <class days="0001000" id="2135" room="137" start="192" weeks="11111111111111"/>
    <class days="1000000" id="2136" room="6" start="162" weeks="11111111111111"/>
    <class days="0100000" id="2137" room="158" start="114" weeks="11111111111111"/>
    <class days="1000000" id="2138" room="105" start="174" weeks="11111111111111"/>
    <class days="1000000" id="2139" room="120" start="108" weeks="11111111111111"/>
    <class days="0000100" id="2140" room="13" start="156" weeks="11111111111111"/>
    <class days="0001000" id="2141" room="27" start="168" weeks="11111111111111"/>
    <class days="1000000" id="2142" room="213" start="192" weeks="11111111111111"/>
    <class days="0010000" id="2143" room="31" start="162" weeks="11111111111111"/>
    <class days="0010000" id="2144" room="214" start="108" weeks="11111111111111"/>
    <class days="1000000" id="2145" room="7" start="162" weeks="11111111111111"/>
    <class days="0000100" id="2146" room="112" start="156" weeks="11111111111111"/>
    <class days="1000000" id="2147" room="213" start="120" weeks="11111111111111"/>
    <class days="1000000" id="2148" room="68" start="180" weeks="11111111111111"/>
    <class days="0100000" id="2149" room="4" start="180" weeks="11111111111111"/>
    <class days="0000100" id="2150" room="51" start="108" weeks="11111111111111"/>
    <class days="0001000" id="2151" room="11" start="168" weeks="11111111111111"/>
    <class days="0010000" id="2152" room="152" start="192" weeks="11111111111111"/>
    <class days="1000000" id="2153" room="150" start="108" weeks="11111111111111"/>
    <class days="0001000" id="2154" room="150" start="204" weeks="11111111111111"/>
    <class days="1000000" id="2155" room="174" start="228" weeks="11111111111111"/>
    <class days="1000000" id="2156" room="152" start="228" weeks="11111111111111"/>
    <class days="0000100" id="2157" room="85" start="132" weeks="11111111111111"/>
    <class days="0100000" id="2158" room="40" start="192" weeks="11111111111111"/>
    <class days="0000100" id="2159" room="85" start="168" weeks="11111111111111"/>
    <class days="0000100" id="2160" room="172" start="108" weeks="11111111111111"/>
    <class days="0000100" id="2161" room="90" start="228" weeks="11111111111111"/>
    <class days="0100000" id="2162" room="40" start="216" weeks="11111111111111"/>
    <class days="0001000" id="2163" room="40" start="126" weeks="11111111111111"/>
    <class days="1000000" id="2164" room="40" start="192" weeks="11111111111111"/>
    <class days="0000100" id="2165" room="172" start="204" weeks="11111111111111"/>
    <class days="1000000" id="2166" room="85" start="228" weeks="11111111111111"/>
    <class days="1000000" id="2167" room="85" start="180" weeks="11111111111111"/>
    <class days="0001000" id="2168" room="172" start="228" weeks="11111111111111"/>
    <class days="0000100" id="2169" room="72" start="192" weeks="11111111111111"/>
    <class days="1000000" id="2170" room="72" start="192" weeks="11111111111111"/>
    <class days="0000100" id="2171" room="40" start="156" weeks="11111111111111"/>
    <class days="0010000" id="2172" room="172" start="216" weeks="11111111111111"/>
    <class days="0010000" id="2173" room="85" start="114" weeks="11111111111111"/>
    <class days="0010000" id="2174" room="38" start="156" weeks="11111111111111"/>
    <class days="0100000" id="2175" room="90" start="192" weeks="11111111111111"/>
    <class days="1000000" id="2176" room="41" start="132" weeks="11111111111111"/>
    <class days="0010000" id="2177" room="41" start="192" weeks="11111111111111"/>
    <class days="0100000" id="2178" room="90" start="228" weeks="11111111111111"/>
    <class days="0001000" id="2179" room="90" start="192" weeks="11111111111111"/>
    <class days="0001000" id="2180" room="158" start="108" weeks="11111111111111"/>
    <class days="0001000" id="2181" room="151" start="108" weeks="11111111111111"/>
    <class days="0000100" id="2182" room="40" start="228" weeks="11111111111111"/>
    <class days="0100000" id="2183" room="148" start="156" weeks="11111111111111"/>
    <class days="0000100" id="2184" room="38" start="108" weeks="11111111111111"/>
    <class days="0010000" id="2185" room="90" start="156" weeks="11111111111111"/>
    <class days="0100000" id="2186" room="162" start="156" weeks="11111111111111"/>
    <class days="0000100" id="2187" room="152" start="192" weeks="11111111111111"/>
    <class days="0100000" id="2188" room="72" start="114" weeks="11111111111111"/>
    <class days="0001000" id="2189" room="172" start="192" weeks="11111111111111"/>
    <class days="0010000" id="2190" room="87" start="156" weeks="11111111111111"/>
    <class days="1000000" id="2191" room="195" start="108" weeks="11111111111111"/>
    <class days="0010000" id="2192" room="195" start="192" weeks="11111111111111"/>
    <class days="0000100" id="2193" room="198" start="108" weeks="11111111111111"/>
    <class days="0000100" id="2194" room="198" start="132" weeks="11111111111111"/>
    <class days="0010000" id="2195" room="195" start="108" weeks="11111111111111"/>
    <class days="0010000" id="2196" room="195" start="132" weeks="11111111111111"/>
    <class days="1000000" id="2197" room="157" start="132" weeks="11111111111111"/>
    <class days="1000000" id="2198" room="170" start="156" weeks="11111111111111"/>
    <class days="1000000" id="2199" room="41" start="108" weeks="11111111111111"/>
    <class days="0001000" id="2200" room="196" start="108" weeks="11111111111111"/>
    <class days="1000000" id="2201" room="196" start="210" weeks="11111111111111"/>
    <class days="0100000" id="2202" room="84" start="156" weeks="11111111111111"/>
    <class days="0100000" id="2203" room="154" start="132" weeks="11111111111111"/>
    <class days="0100000" id="2204" room="84" start="204" weeks="11111111111111"/>
    <class days="1000000" id="2205" room="170" start="108" weeks="11111111111111"/>
    <class days="1000000" id="2206" room="196" start="186" weeks="11111111111111"/>
    <class days="0001000" id="2207" room="196" start="192" weeks="11111111111111"/>
    <class days="0010000" id="2208" room="198" start="156" weeks="11111111111111"/>
    <class days="0010000" id="2209" room="198" start="180" weeks="11111111111111"/>
    <class days="0100000" id="2210" room="41" start="162" weeks="11111111111111"/>
    <class days="0000100" id="2211" room="42" start="108" weeks="11111111111111"/>
    <class days="0000100" id="2212" room="195" start="156" weeks="11111111111111"/>
    <class days="0000100" id="2213" room="195" start="216" weeks="11111111111111"/>
    <class days="0000100" id="2214" room="198" start="180" weeks="11111111111111"/>
    <class days="0100000" id="2215" room="169" start="108" weeks="11111111111111"/>
    <class days="1000100" id="2216" room="86" start="132" weeks="11111111111111"/>
    <class days="0001000" id="2217" room="198" start="108" weeks="11111111111111"/>
    <class days="0001000" id="2218" room="198" start="132" weeks="11111111111111"/>
    <class days="1000000" id="2219" room="155" start="156" weeks="11111111111111"/>
    <class days="0001000" id="2220" room="162" start="108" weeks="11111111111111"/>
    <class days="1000000" id="2221" room="40" start="144" weeks="11111111111111"/>
    <class days="0010000" id="2222" room="155" start="108" weeks="11111111111111"/>
    <class days="0100000" id="2223" room="162" start="132" weeks="11111111111111"/>
    <class days="1000000" id="2224" room="90" start="108" weeks="11111111111111"/>
    <class days="1000000" id="2225" room="158" start="168" weeks="11111111111111"/>
    <class days="0010000" id="2226" room="162" start="180" weeks="11111111111111"/>
    <class days="0010000" id="2227" room="150" start="114" weeks="11111111111111"/>
    <class days="0100100" id="2228" room="85" start="108" weeks="11111111111111"/>
    <class days="0000100" id="2229" room="152" start="168" weeks="11111111111111"/>
    <class days="0100000" id="2230" room="40" start="114" weeks="11111111111111"/>
    <class days="0000100" id="2231" room="85" start="192" weeks="11111111111111"/>
    <class days="1000000" id="2232" room="40" start="168" weeks="11111111111111"/>
    <class days="1000000" id="2233" room="157" start="174" weeks="11111111111111"/>
    <class days="0100000" id="2234" room="87" start="180" weeks="11111111111111"/>
    <class days="0100000" id="2235" room="174" start="192" weeks="11111111111111"/>
    <class days="0001000" id="2236" room="87" start="120" weeks="11111111111111"/>
    <class days="0100000" id="2237" room="172" start="216" weeks="11111111111111"/>
    <class days="0001000" id="2238" room="155" start="180" weeks="11111111111111"/>
    <class days="0010000" id="2239" room="158" start="204" weeks="11111111111111"/>
    <class days="0000100" id="2240" room="72" start="132" weeks="11111111111111"/>
    <class days="0010000" id="2241" room="162" start="114" weeks="11111111111111"/>
    <class days="0001000" id="2242" room="90" start="114" weeks="11111111111111"/>
    <class days="0100000" id="2243" room="152" start="108" weeks="11111111111111"/>
    <class days="0000100" id="2244" room="150" start="204" weeks="11111111111111"/>
    <class days="1000000" id="2245" room="174" start="120" weeks="11111111111111"/>
    <class days="0010000" id="2246" room="158" start="120" weeks="11111111111111"/>
    <class days="0000100" id="2247" room="158" start="108" weeks="11111111111111"/>
    <class days="0000100" id="2248" room="155" start="132" weeks="11111111111111"/>
    <class days="0100000" id="2249" room="158" start="204" weeks="11111111111111"/>
    <class days="0100000" id="2250" room="85" start="132" weeks="11111111111111"/>
    <class days="0010000" id="2251" room="155" start="180" weeks="11111111111111"/>
    <class days="1000000" id="2252" room="152" start="156" weeks="11111111111111"/>
    <class days="0000100" id="2253" room="158" start="168" weeks="11111111111111"/>
    <class days="0010000" id="2254" room="150" start="198" weeks="11111111111111"/>
    <class days="0001000" id="2255" room="162" start="192" weeks="11111111111111"/>
    <class days="1000000" id="2256" room="162" start="126" weeks="11111111111111"/>
    <class days="0100000" id="2257" room="174" start="168" weeks="11111111111111"/>
    <class days="1000000" id="2258" room="155" start="192" weeks="11111111111111"/>
    <class days="0001000" id="2259" room="155" start="108" weeks="11111111111111"/>
    <class days="0010000" id="2260" room="174" start="180" weeks="11111111111111"/>
    <class days="0001000" id="2261" room="72" start="168" weeks="11111111111111"/>
    <class days="0000100" id="2262" room="155" start="174" weeks="11111111111111"/>
    <class days="0000100" id="2263" room="153" start="156" weeks="11111111111111"/>
    <class days="0001000" id="2264" room="174" start="180" weeks="11111111111111"/>
    <class days="0000100" id="2265" room="157" start="120" weeks="11111111111111"/>
    <class days="0100000" id="2266" room="88" start="162" weeks="11111111111111"/>
    <class days="0010000" id="2267" room="88" start="120" weeks="11111111111111"/>
    <class days="0100000" id="2268" room="90" start="156" weeks="11111111111111"/>
    <class days="0010000" id="2269" room="87" start="108" weeks="11111111111111"/>
    <class days="0000100" id="2270" room="174" start="192" weeks="11111111111111"/>
    <class days="1000000" id="2271" room="154" start="132" weeks="11111111111111"/>
    <class days="0010000" id="2272" room="87" start="192" weeks="11111111111111"/>
    <class days="0000100" id="2273" room="169" start="138" weeks="11111111111111"/>
    <class days="0010000" id="2274" room="148" start="216" weeks="11111111111111"/>
    <class days="0000100" id="2275" room="87" start="132" weeks="11111111111111"/>
    <class days="0100000" id="2276" room="169" start="174" weeks="11111111111111"/>
    <class days="0001000" id="2277" room="88" start="132" weeks="11111111111111"/>
    <class days="0001000" id="2278" room="162" start="162" weeks="11111111111111"/>
    <class days="0000100" id="2279" room="155" start="108" weeks="11111111111111"/>
    <class days="0100000" id="2280" room="174" start="108" weeks="11111111111111"/>
    <class days="0001000" id="2281" room="150" start="108" weeks="11111111111111"/>
    <class days="0001000" id="2282" room="148" start="216" weeks="11111111111111"/>
    <class days="0001000" id="2283" room="153" start="108" weeks="11111111111111"/>
    <class days="0010000" id="2284" room="172" start="108" weeks="11111111111111"/>
    <class days="0000100" id="2285" room="150" start="162" weeks="11111111111111"/>
    <class days="0100000" id="2286" room="72" start="228" weeks="11111111111111"/>
    <class days="0100000" id="2287" start="228" weeks="11111111111111"/>
    <class days="0010000" id="2288" room="85" start="180" weeks="11111111111111"/>
    <class days="0100000" id="2289" room="172" start="108" weeks="11111111111111"/>
    <class days="1000000" id="2290" room="38" start="174" weeks="11111111111111"/>
    <class days="0000100" id="2291" room="152" start="132" weeks="11111111111111"/>
    <class days="0010000" id="2292" room="157" start="198" weeks="11111111111111"/>
    <class days="1000000" id="2293" room="151" start="168" weeks="11111111111111"/>
    <class days="0001000" id="2294" room="89" start="156" weeks="11111111111111"/>
    <class days="0010000" id="2295" room="173" start="108" weeks="11111111111111"/>
    <class days="0100000" id="2296" room="153" start="168" weeks="11111111111111"/>
    <class days="0010000" id="2297" room="151" start="144" weeks="11111111111111"/>
    <class days="1000000" id="2298" room="89" start="204" weeks="11111111111111"/>
    <class days="0100000" id="2299" room="169" start="192" weeks="11111111111111"/>
    <class days="1000000" id="2300" room="72" start="156" weeks="11111111111111"/>
    <class days="0100000" id="2301" room="150" start="180" weeks="11111111111111"/>
    <class days="0001000" id="2302" start="192" weeks="11111111111111"/>
    <class days="0000100" id="2303" room="86" start="192" weeks="11111111111111"/>
    <class days="0100000" id="2304" room="72" start="156" weeks="11111111111111"/>
    <class days="0010000" id="2305" room="85" start="204" weeks="11111111111111"/>
    <class days="0100000" id="2306" room="88" start="192" weeks="11111111111111"/>
    <class days="0001000" id="2307" room="169" start="192" weeks="11111111111111"/>
    <class days="1000000" id="2308" room="90" start="180" weeks="11111111111111"/>
    <class days="0001000" id="2309" room="172" start="114" weeks="11111111111111"/>
    <class days="1000000" id="2310" room="169" start="192" weeks="11111111111111"/>
    <class days="0001000" id="2311" room="152" start="150" weeks="11111111111111"/>
    <class days="0010000" id="2312" room="72" start="156" weeks="11111111111111"/>
    <class days="0010000" id="2313" room="43" start="192" weeks="11111111111111"/>
    <class days="0010000" id="2314" room="169" start="108" weeks="11111111111111"/>
    <class days="1000000" id="2315" room="90" start="168" weeks="11111111111111"/>
    <class days="1000000" id="2316" room="86" start="216" weeks="11111111111111"/>
    <class days="0010000" id="2317" room="172" start="174" weeks="11111111111111"/>
    <class days="0010000" id="2318" room="89" start="228" weeks="11111111111111"/>
    <class days="0001000" id="2319" room="85" start="198" weeks="11111111111111"/>
    <class days="0001000" id="2320" room="151" start="228" weeks="11111111111111"/>
    <class days="0010000" id="2321" room="150" start="162" weeks="11111111111111"/>
    <class days="0000100" id="2322" room="150" start="108" weeks="11111111111111"/>
    <class days="0000100" id="2323" room="86" start="168" weeks="11111111111111"/>
    <class days="1000000" id="2324" room="56" start="162" weeks="11111111111111"/>
    <class days="0001000" id="2325" room="20" start="108" weeks="11111111111111"/>
    <class days="0001000" id="2326" room="70" start="192" weeks="11111111111111"/>
    <class days="0010000" id="2327" room="211" start="192" weeks="11111111111111"/>
    <class days="0010000" id="2328" room="211" start="168" weeks="11111111111111"/>
    <class days="0000100" id="2329" room="211" start="168" weeks="11111111111111"/>
    <class days="0100000" id="2330" room="201" start="108" weeks="11111111111111"/>
    <class days="0100000" id="2331" room="84" start="180" weeks="11111111111111"/>
    <class days="1000000" id="2332" room="87" start="192" weeks="11111111111111"/>
    <class days="1000000" id="2333" room="84" start="144" weeks="11111111111111"/>
    <class days="0010000" id="2334" room="84" start="228" weeks="11111111111111"/>
    <class days="1000000" id="2335" room="84" start="108" weeks="11111111111111"/>
    <class days="1000000" id="2336" room="84" start="168" weeks="11111111111111"/>
    <class days="0100000" id="2337" room="170" start="228" weeks="11111111111111"/>
    <class days="1000000" id="2338" room="84" start="132" weeks="11111111111111"/>
    <class days="1000000" id="2339" room="84" start="192" weeks="11111111111111"/>
    <class days="0100000" id="2340" room="170" start="252" weeks="11111111111111"/>
    <class days="0010000" id="2341" room="84" start="132" weeks="11111111111111"/>
    <class days="0100000" id="2342" room="84" start="108" weeks="11111111111111"/>
    <class days="0010000" id="2343" room="84" start="192" weeks="11111111111111"/>
    <class days="0010000" id="2344" room="84" start="156" weeks="11111111111111"/>
    <class days="0100000" id="2345" room="84" start="132" weeks="11111111111111"/>
    <class days="0010000" id="2346" room="84" start="216" weeks="11111111111111"/>
    <class days="0100000" id="2347" room="159" start="108" weeks="11111111111111"/>
    <class days="0001000" id="2348" room="159" start="156" weeks="11111111111111"/>
    <class days="1000000" id="2349" room="159" start="216" weeks="11111111111111"/>
    <class days="0100000" id="2350" room="159" start="132" weeks="11111111111111"/>
    <class days="0001000" id="2351" room="159" start="180" weeks="11111111111111"/>
    <class days="1000000" id="2352" room="159" start="240" weeks="11111111111111"/>
    <class days="0001000" id="2353" room="84" start="156" weeks="11111111111111"/>
    <class days="0001000" id="2354" room="84" start="108" weeks="11111111111111"/>
    <class days="0001000" id="2355" room="84" start="216" weeks="11111111111111"/>
    <class days="0001000" id="2356" room="84" start="180" weeks="11111111111111"/>
    <class days="0001000" id="2357" room="84" start="132" weeks="11111111111111"/>
    <class days="0001000" id="2358" room="84" start="240" weeks="11111111111111"/>
    <class days="1000000" id="2359" room="161" start="168" weeks="11111111111111"/>
    <class days="0010000" id="2360" room="161" start="144" weeks="11111111111111"/>
    <class days="0100000" id="2361" room="161" start="192" weeks="11111111111111"/>
    <class days="1000000" id="2362" room="161" start="180" weeks="11111111111111"/>
    <class days="0010000" id="2363" room="161" start="108" weeks="11111111111111"/>
    <class days="0100000" id="2364" room="161" start="204" weeks="11111111111111"/>
    <class days="0100000" id="2365" room="170" start="156" weeks="11111111111111"/>
    <class days="0001000" id="2366" room="170" start="192" weeks="11111111111111"/>
    <class days="0000100" id="2367" room="159" start="108" weeks="11111111111111"/>
    <class days="0001000" id="2368" room="87" start="240" weeks="11111111111111"/>
    <class days="0000100" id="2369" room="161" start="192" weeks="11111111111111"/>
    <class days="0001000" id="2370" room="87" start="192" weeks="11111111111111"/>
    <class days="0100000" id="2371" room="156" start="108" weeks="11111111111111"/>
    <class days="1000000" id="2372" room="159" start="108" weeks="11111111111111"/>
    <class days="0100000" id="2373" room="159" start="216" weeks="11111111111111"/>
    <class days="0100000" id="2374" room="156" start="132" weeks="11111111111111"/>
    <class days="1000000" id="2375" room="159" start="132" weeks="11111111111111"/>
    <class days="0100000" id="2376" room="159" start="240" weeks="11111111111111"/>
    <class days="0010000" id="2377" room="159" start="108" weeks="11111111111111"/>
    <class days="0001000" id="2378" room="156" start="156" weeks="11111111111111"/>
    <class days="1000000" id="2379" room="156" start="216" weeks="11111111111111"/>
    <class days="0010000" id="2380" room="159" start="132" weeks="11111111111111"/>
    <class days="0001000" id="2381" room="156" start="180" weeks="11111111111111"/>
    <class days="1000000" id="2382" room="156" start="240" weeks="11111111111111"/>
    <class days="1000000" id="2383" room="161" start="108" weeks="11111111111111"/>
    <class days="0001000" id="2384" room="161" start="108" weeks="11111111111111"/>
    <class days="0010000" id="2385" room="161" start="192" weeks="11111111111111"/>
    <class days="1000000" id="2386" room="161" start="132" weeks="11111111111111"/>
    <class days="0001000" id="2387" room="161" start="132" weeks="11111111111111"/>
    <class days="0010000" id="2388" room="161" start="216" weeks="11111111111111"/>
    <class days="0010000" id="2389" room="195" start="156" weeks="11111111111111"/>
    <class days="0100000" id="2390" room="195" start="156" weeks="11111111111111"/>
    <class days="1000000" id="2391" room="195" start="180" weeks="11111111111111"/>
    <class days="0010000" id="2392" room="195" start="180" weeks="11111111111111"/>
    <class days="0100000" id="2393" room="195" start="180" weeks="11111111111111"/>
    <class days="1000000" id="2394" room="195" start="204" weeks="11111111111111"/>
    <class days="0000100" id="2395" room="162" start="168" weeks="11111111111111"/>
    <class days="0000100" id="2396" room="162" start="192" weeks="11111111111111"/>
    <class days="0000100" id="2397" room="159" start="132" weeks="11111111111111"/>
    <class days="0100000" id="2398" room="89" start="216" weeks="11111111111111"/>
    <class days="0100000" id="2399" room="198" start="156" weeks="11111111111111"/>
    <class days="1000000" id="2400" room="198" start="156" weeks="11111111111111"/>
    <class days="0100000" id="2401" room="198" start="192" weeks="11111111111111"/>
    <class days="0100000" id="2402" room="198" start="168" weeks="11111111111111"/>
    <class days="1000000" id="2403" room="198" start="168" weeks="11111111111111"/>
    <class days="0100000" id="2404" room="198" start="204" weeks="11111111111111"/>
    <class days="0100000" id="2405" room="159" start="192" weeks="11111111111111"/>
    <class days="0000100" id="2406" room="159" start="216" weeks="11111111111111"/>
    <class days="0000100" id="2407" room="195" start="108" weeks="11111111111111"/>
    <class days="1000000" id="2408" room="155" start="132" weeks="11111111111111"/>
    <class days="0010000" id="2409" room="72" start="192" weeks="11111111111111"/>
    <class days="0010000" id="2410" room="72" start="132" weeks="11111111111111"/>
    <class days="1000000" id="2411" room="172" start="192" weeks="11111111111111"/>
    <class days="0000100" id="2412" room="90" start="108" weeks="11111111111111"/>
    <class days="0001000" id="2413" room="40" start="192" weeks="11111111111111"/>
    <class days="0001000" id="2414" room="152" start="114" weeks="11111111111111"/>
    <class days="1000000" id="2415" room="150" start="216" weeks="11111111111111"/>
    <class days="1000000" id="2416" room="172" start="132" weeks="11111111111111"/>
    <class days="1000000" id="2417" room="150" start="192" weeks="11111111111111"/>
    <class days="1000000" id="2418" room="152" start="204" weeks="11111111111111"/>
    <class days="0000100" id="2419" room="172" start="228" weeks="11111111111111"/>
    <class days="0010000" id="2420" room="40" start="192" weeks="11111111111111"/>
    <class days="0001000" id="2421" room="72" start="192" weeks="11111111111111"/>
    <class days="1000000" id="2422" room="172" start="108" weeks="11111111111111"/>
    <class days="1000000" id="2423" room="90" start="240" weeks="11111111111111"/>
    <class days="0000100" id="2424" room="158" start="192" weeks="11111111111111"/>
    <class days="1000000" id="2425" room="172" start="156" weeks="11111111111111"/>
    <class days="0100000" id="2426" room="85" start="204" weeks="11111111111111"/>
    <class days="0001000" id="2427" room="40" start="216" weeks="11111111111111"/>
    <class days="0100000" id="2428" room="152" start="216" weeks="11111111111111"/>
    <class days="0100000" id="2429" room="172" start="156" weeks="11111111111111"/>
    <class days="0100000" id="2430" room="152" start="132" weeks="11111111111111"/>
    <class days="1000000" id="2431" room="155" start="216" weeks="11111111111111"/>
    <class days="0100000" id="2432" room="172" start="192" weeks="11111111111111"/>
    <class days="0001000" id="2433" room="152" start="204" weeks="11111111111111"/>
    <class days="0100000" id="2434" room="148" start="204" weeks="11111111111111"/>
    <class days="0001000" id="2435" room="41" start="132" weeks="11111111111111"/>
    <class days="0000100" id="2436" room="41" start="108" weeks="11111111111111"/>
    <class days="0000100" id="2437" room="87" start="192" weeks="11111111111111"/>
    <class days="0100000" id="2438" room="151" start="156" weeks="11111111111111"/>
    <class days="0100000" id="2439" room="162" start="108" weeks="11111111111111"/>
    <class days="0010000" id="2440" room="154" start="132" weeks="11111111111111"/>
    <class days="0001000" id="2441" room="41" start="204" weeks="11111111111111"/>
    <class days="1000000" id="2442" room="43" start="168" weeks="11111111111111"/>
    <class days="0000100" id="2443" room="41" start="204" weeks="11111111111111"/>
    <class days="0010000" id="2444" room="153" start="198" weeks="11111111111111"/>
    <class days="0001000" id="2445" room="43" start="108" weeks="11111111111111"/>
    <class days="0000100" id="2446" room="153" start="120" weeks="11111111111111"/>
    <class days="0000100" id="2447" room="43" start="114" weeks="11111111111111"/>
    <class days="0000100" id="2448" room="43" start="162" weeks="11111111111111"/>
    <class days="1000000" id="2449" room="153" start="132" weeks="11111111111111"/>
    <class days="0100000" id="2450" room="149" start="108" weeks="11111111111111"/>
    <class days="0000100" id="2451" room="169" start="180" weeks="11111111111111"/>
    <class days="0001000" id="2452" room="89" start="114" weeks="11111111111111"/>
    <class days="0001000" id="2453" room="158" start="156" weeks="11111111111111"/>
    <class days="0000100" id="2454" room="88" start="132" weeks="11111111111111"/>
    <class days="1000000" id="2455" room="149" start="108" weeks="11111111111111"/>
    <class days="0010000" id="2456" room="154" start="108" weeks="11111111111111"/>
    <class days="0100000" id="2457" room="149" start="204" weeks="11111111111111"/>
    <class days="0010000" id="2458" room="173" start="192" weeks="11111111111111"/>
    <class days="0000100" id="2459" room="157" start="186" weeks="11111111111111"/>
    <class days="0010000" id="2460" room="42" start="144" weeks="11111111111111"/>
    <class days="0010000" id="2461" room="38" start="108" weeks="11111111111111"/>
    <class days="0100000" id="2462" room="151" start="108" weeks="11111111111111"/>
    <class days="1000000" id="2463" room="162" start="168" weeks="11111111111111"/>
    <class days="0000100" id="2464" room="87" start="108" weeks="11111111111111"/>
    <class days="0001000" id="2465" room="38" start="180" weeks="11111111111111"/>
    <class days="0100000" id="2466" room="173" start="168" weeks="11111111111111"/>
    <class days="1000000" id="2467" room="155" start="108" weeks="11111111111111"/>
    <class days="0001000" id="2468" room="153" start="156" weeks="11111111111111"/>
    <class days="0100000" id="2469" room="89" start="108" weeks="11111111111111"/>
    <class days="1000000" id="2470" room="43" start="132" weeks="11111111111111"/>
    <class days="0001000" id="2471" room="86" start="108" weeks="11111111111111"/>
    <class days="0001000" id="2472" room="43" start="180" weeks="11111111111111"/>
    <class days="0001000" id="2473" room="42" start="132" weeks="11111111111111"/>
    <class days="0100000" id="2474" room="43" start="186" weeks="11111111111111"/>
    <class days="1000000" id="2475" room="89" start="156" weeks="11111111111111"/>
    <class days="0100000" id="2476" room="86" start="120" weeks="11111111111111"/>
    <class days="0100000" id="2477" room="42" start="120" weeks="11111111111111"/>
    <class days="0001000" id="2478" room="42" start="156" weeks="11111111111111"/>
    <class days="0010000" id="2479" room="151" start="108" weeks="11111111111111"/>
    <class days="0010000" id="2480" room="115" start="192" weeks="11111111111111"/>
    <class days="0010000" id="2481" room="213" start="156" weeks="11111111111111"/>
    <class days="0100000" id="2482" room="1" start="192" weeks="11111111111111"/>
    <class days="0100000" id="2483" room="53" start="156" weeks="11111111111111"/>
    <class days="1000000" id="2484" room="70" start="156" weeks="11111111111111"/>
    <class days="0001000" id="2485" room="25" start="192" weeks="11111111111111"/>
    <class days="0001000" id="2486" room="16" start="120" weeks="11111111111111"/>
    <class days="0001000" id="2487" room="2" start="156" weeks="11111111111111"/>
    <class days="0001000" id="2488" room="53" start="156" weeks="11111111111111"/>
    <class days="0001000" id="2489" room="11" start="120" weeks="11111111111111"/>
    <class days="1000000" id="2490" room="114" start="204" weeks="11111111111111"/>
    <class days="0001000" id="2491" room="19" start="156" weeks="11111111111111"/>
    <class days="1000000" id="2492" room="4" start="186" weeks="11111111111111"/>
    <class days="0100000" id="2493" room="67" start="156" weeks="11111111111111"/>
    <class days="0100000" id="2494" room="10" start="120" weeks="11111111111111"/>
    <class days="0010000" id="2495" room="4" start="156" weeks="11111111111111"/>
    <class days="0000100" id="2496" room="52" start="174" weeks="11111111111111"/>
    <class days="0000100" id="2497" room="8" start="108" weeks="11111111111111"/>
    <class days="0001000" id="2498" room="213" start="108" weeks="11111111111111"/>
    <class days="0010000" id="2499" room="96" start="108" weeks="11111111111111"/>
    <class days="0010000" id="2500" room="96" start="132" weeks="11111111111111"/>
    <class days="1000000" id="2501" room="18" start="132" weeks="11111111111111"/>
    <class days="1000000" id="2502" room="18" start="108" weeks="11111111111111"/>
    <class days="0100000" id="2503" room="56" start="108" weeks="11111111111111"/>
    <class days="0100000" id="2504" room="56" start="132" weeks="11111111111111"/>
    <class days="0010000" id="2505" room="14" start="192" weeks="11111111111111"/>
    <class days="0001000" id="2506" room="46" start="156" weeks="11111111111111"/>
    <class days="0000100" id="2507" room="116" start="204" weeks="11111111111111"/>
    <class days="0000100" id="2508" room="116" start="228" weeks="11111111111111"/>
    <class days="0000100" id="2509" room="212" start="138" weeks="11111111111111"/>
    <class days="0100000" id="2510" room="99" start="108" weeks="11111111111111"/>
    <class days="0100000" id="2511" start="108" weeks="11111111111111"/>
    <class days="0100000" id="2512" start="108" weeks="11111111111111"/>
    <class days="0100000" id="2513" start="108" weeks="11111111111111"/>
    <class days="0100000" id="2514" room="99" start="132" weeks="11111111111111"/>
    <class days="0100000" id="2515" start="132" weeks="11111111111111"/>
    <class days="0100000" id="2516" start="132" weeks="11111111111111"/>
    <class days="0100000" id="2517" start="132" weeks="11111111111111"/>
    <class days="0000100" id="2518" room="99" start="108" weeks="11111111111111"/>
    <class days="0000100" id="2519" start="108" weeks="11111111111111"/>
    <class days="0000100" id="2520" start="108" weeks="11111111111111"/>
    <class days="0000100" id="2521" start="108" weeks="11111111111111"/>
    <class days="0100000" id="2522" start="108" weeks="11111111111111"/>
    <class days="0100000" id="2523" start="108" weeks="11111111111111"/>
    <class days="0100000" id="2524" start="108" weeks="11111111111111"/>
    <class days="0100000" id="2525" start="108" weeks="11111111111111"/>
    <class days="0100000" id="2526" start="132" weeks="11111111111111"/>
    <class days="0100000" id="2527" start="132" weeks="11111111111111"/>
    <class days="0100000" id="2528" start="132" weeks="11111111111111"/>
    <class days="0100000" id="2529" start="132" weeks="11111111111111"/>
    <class days="0000100" id="2530" start="108" weeks="11111111111111"/>
    <class days="0000100" id="2531" start="108" weeks="11111111111111"/>
    <class days="0000100" id="2532" start="108" weeks="11111111111111"/>
    <class days="0000100" id="2533" start="108" weeks="11111111111111"/>
    <class days="0100000" id="2534" room="113" start="108" weeks="11111111111111"/>
    <class days="0100000" id="2535" start="108" weeks="11111111111111"/>
    <class days="0100000" id="2536" start="108" weeks="11111111111111"/>
    <class days="0100000" id="2537" start="108" weeks="11111111111111"/>
    <class days="0100000" id="2538" room="113" start="132" weeks="11111111111111"/>
    <class days="0100000" id="2539" start="132" weeks="11111111111111"/>
    <class days="0100000" id="2540" start="132" weeks="11111111111111"/>
    <class days="0100000" id="2541" start="132" weeks="11111111111111"/>
    <class days="0000100" id="2542" room="113" start="108" weeks="11111111111111"/>
    <class days="0000100" id="2543" start="108" weeks="11111111111111"/>
    <class days="0000100" id="2544" start="108" weeks="11111111111111"/>
    <class days="0000100" id="2545" start="108" weeks="11111111111111"/>
    <class days="0100000" id="2546" start="108" weeks="11111111111111"/>
    <class days="0100000" id="2547" start="108" weeks="11111111111111"/>
    <class days="0100000" id="2548" start="108" weeks="11111111111111"/>
    <class days="0100000" id="2549" start="108" weeks="11111111111111"/>
    <class days="0100000" id="2550" start="132" weeks="11111111111111"/>
    <class days="0100000" id="2551" start="132" weeks="11111111111111"/>
    <class days="0100000" id="2552" start="132" weeks="11111111111111"/>
    <class days="0100000" id="2553" start="132" weeks="11111111111111"/>
    <class days="0000100" id="2554" start="108" weeks="11111111111111"/>
    <class days="0000100" id="2555" start="108" weeks="11111111111111"/>
    <class days="0000100" id="2556" start="108" weeks="11111111111111"/>
    <class days="0000100" id="2557" start="108" weeks="11111111111111"/>
    <class days="0100000" id="2558" room="101" start="108" weeks="11111111111111"/>
    <class days="0100000" id="2559" start="108" weeks="11111111111111"/>
    <class days="0100000" id="2560" start="108" weeks="11111111111111"/>
    <class days="0100000" id="2561" start="108" weeks="11111111111111"/>
    <class days="0100000" id="2562" room="101" start="132" weeks="11111111111111"/>
    <class days="0100000" id="2563" start="132" weeks="11111111111111"/>
    <class days="0100000" id="2564" start="132" weeks="11111111111111"/>
    <class days="0100000" id="2565" start="132" weeks="11111111111111"/>
    <class days="0000100" id="2566" room="101" start="108" weeks="11111111111111"/>
    <class days="0000100" id="2567" start="108" weeks="11111111111111"/>
    <class days="0000100" id="2568" start="108" weeks="11111111111111"/>
    <class days="0000100" id="2569" start="108" weeks="11111111111111"/>
    <class days="0100000" id="2570" start="108" weeks="11111111111111"/>
    <class days="0100000" id="2571" start="108" weeks="11111111111111"/>
    <class days="0100000" id="2572" start="108" weeks="11111111111111"/>
    <class days="0100000" id="2573" start="108" weeks="11111111111111"/>
    <class days="0100000" id="2574" start="132" weeks="11111111111111"/>
    <class days="0100000" id="2575" start="132" weeks="11111111111111"/>
    <class days="0100000" id="2576" start="132" weeks="11111111111111"/>
    <class days="0100000" id="2577" start="132" weeks="11111111111111"/>
    <class days="0000100" id="2578" start="108" weeks="11111111111111"/>
    <class days="0000100" id="2579" start="108" weeks="11111111111111"/>
    <class days="0000100" id="2580" start="108" weeks="11111111111111"/>
    <class days="0000100" id="2581" start="108" weeks="11111111111111"/>
    <class days="0100000" id="2582" room="135" start="108" weeks="11111111111111"/>
    <class days="0100000" id="2583" start="108" weeks="11111111111111"/>
    <class days="0100000" id="2584" room="135" start="132" weeks="11111111111111"/>
    <class days="0100000" id="2585" start="132" weeks="11111111111111"/>
    <class days="0000100" id="2586" room="100" start="108" weeks="11111111111111"/>
    <class days="0000100" id="2587" start="108" weeks="11111111111111"/>
    <class days="0010000" id="2588" room="100" start="156" weeks="11111111111111"/>
    <class days="0010000" id="2589" start="156" weeks="11111111111111"/>
    <class days="0010000" id="2590" start="156" weeks="11111111111111"/>
    <class days="0010000" id="2591" room="113" start="108" weeks="11111111111111"/>
    <class days="0001000" id="2592" room="101" start="108" weeks="11111111111111"/>
    <class days="1000000" id="2593" room="139" start="162" weeks="11111111111111"/>
    <class days="0100000" id="2594" room="18" start="180" weeks="11111111111111"/>
    <class days="0100000" id="2595" room="101" start="192" weeks="11111111111111"/>
    <class days="0001000" id="2596" room="58" start="192" weeks="11111111111111"/>
    <class days="0000100" id="2597" room="201" start="120" weeks="11111111111111"/>
    <class days="0001000" id="2598" room="66" start="162" weeks="11111111111111"/>
    <class days="1000000" id="2599" room="58" start="192" weeks="11111111111111"/>
    <class days="0001000" id="2600" room="39" start="192" weeks="11111111111111"/>
    <class days="1000000" id="2601" room="37" start="174" weeks="11111111111111"/>
    <class days="0001000" id="2602" room="56" start="162" weeks="11111111111111"/>
    <class days="0010000" id="2603" room="113" start="156" weeks="11111111111111"/>
    <class days="0010000" id="2604" start="156" weeks="11111111111111"/>
    <class days="0010000" id="2605" room="113" start="180" weeks="11111111111111"/>
    <class days="0010000" id="2606" start="180" weeks="11111111111111"/>
    <class days="0100000" id="2607" room="134" start="156" weeks="11111111111111"/>
    <class days="0100000" id="2608" room="99" start="156" weeks="11111111111111"/>
    <class days="0100000" id="2609" room="134" start="180" weeks="11111111111111"/>
    <class days="0100000" id="2610" room="99" start="180" weeks="11111111111111"/>
    <class days="1000000" id="2611" room="62" start="156" weeks="11111111111111"/>
    <class days="1000000" id="2612" room="182" start="156" weeks="11111111111111"/>
    <class days="1000000" id="2613" room="189" start="108" weeks="11111111111111"/>
    <class days="1000000" id="2614" room="182" start="180" weeks="11111111111111"/>
    <class days="1000000" id="2615" room="189" start="132" weeks="11111111111111"/>
    <class days="0001000" id="2616" room="113" start="108" weeks="11111111111111"/>
    <class days="0001000" id="2617" room="113" start="132" weeks="11111111111111"/>
    <class days="0001000" id="2618" room="113" start="156" weeks="11111111111111"/>
    <class days="0010000" id="2619" room="59" start="156" weeks="11111111111111"/>
    <class days="0010000" id="2620" room="114" start="108" weeks="11111111111111"/>
    <class days="0010000" id="2621" room="114" start="132" weeks="11111111111111"/>
    <class days="0100000" id="2622" room="101" start="156" weeks="11111111111111"/>
    <class days="1000000" id="2623" room="101" start="156" weeks="11111111111111"/>
    <class days="1000000" id="2624" room="101" start="180" weeks="11111111111111"/>
    <class days="1000000" id="2625" room="101" start="108" weeks="11111111111111"/>
    <class days="0010000" id="2626" room="112" start="156" weeks="11111111111111"/>
    <class days="1000000" id="2627" room="101" start="132" weeks="11111111111111"/>
    <class days="0010000" id="2628" room="112" start="180" weeks="11111111111111"/>
    <class days="0000100" id="2629" room="101" start="156" weeks="11111111111111"/>
    <class days="0000100" id="2630" start="156" weeks="11111111111111"/>
    <class days="0000100" id="2631" start="156" weeks="11111111111111"/>
    <class days="0000100" id="2632" room="101" start="180" weeks="11111111111111"/>
    <class days="0000100" id="2633" start="180" weeks="11111111111111"/>
    <class days="0000100" id="2634" start="180" weeks="11111111111111"/>
    <class days="1000000" id="2635" room="12" start="156" weeks="11111111111111"/>
    <class days="0010000" id="2636" room="54" start="156" weeks="11111111111111"/>
    <class days="0001000" id="2637" room="5" start="174" weeks="11111111111111"/>
    <class days="0100000" id="2638" room="51" start="120" weeks="11111111111111"/>
    <class days="1000000" id="2639" room="19" start="156" weeks="11111111111111"/>
    <class days="1000000" id="2640" room="25" start="114" weeks="11111111111111"/>
    <class days="0000100" id="2641" room="7" start="192" weeks="11111111111111"/>
</solution>
