fes;time;f
1;46;2147484203
4;62;2147484202
22;93;2147484199
28;93;2147484198
33;93;2147484196
37;109;2147484195
43;109;2147484194
47;109;2147484192
49;109;2147484191
50;109;2147484189
58;109;2147484187
70;125;2147484185
77;125;2147484181
89;140;2147484178
92;140;2147484176
98;140;2147484175
111;156;2147484174
129;171;2147484170
140;171;2147484169
143;171;2147484166
152;190;2147484164
162;190;2147484163
163;190;2147484162
167;190;2147484161
168;190;2147484160
169;190;2147484158
174;206;2147484157
176;206;2147484155
177;206;2147484154
183;206;2147484151
184;206;2147484148
186;206;2147484146
191;206;2147484144
194;206;2147484143
199;222;2147484141
216;222;2147484139
233;237;2147484138
234;237;2147484136
238;253;2147484135
242;253;2147484134
247;253;2147484132
250;253;2147484129
258;253;2147484126
259;253;2147484124
260;253;2147484123
262;253;2147484122
270;268;2147484121
288;284;2147484119
312;300;2147484117
316;300;2147484116
320;300;2147484115
321;300;2147484114
328;300;2147484112
344;315;2147484108
349;315;2147484107
360;331;2147484106
364;331;2147484105
368;331;2147484104
377;331;2147484101
399;347;2147484100
407;347;2147484099
408;347;2147484097
411;347;2147484096
416;362;2147484095
418;362;2147484094
425;362;2147484092
429;362;2147484091
431;362;2147484090
437;362;2147484088
440;362;2147484086
447;378;2147484085
448;378;2147484083
474;393;2147484082
477;393;2147484080
486;409;2147484079
490;409;2147484078
492;409;2147484075
499;409;2147484072
520;425;2147484071
534;440;2147484068
542;440;2147484066
547;440;2147484065
579;456;2147484064
587;472;2147484063
592;472;2147484062
593;472;2147484061
594;472;2147484060
601;472;2147484058
604;472;2147484057
608;472;2147484056
610;472;2147484055
615;487;2147484053
629;487;2147484051
642;503;2147484050
646;503;2147484049
648;503;2147484048
652;503;2147484047
673;518;2147484046
680;518;2147484045
690;534;2147484044
719;550;2147484043
721;550;2147484042
725;550;2147484040
742;565;2147484039
747;565;2147484038
748;565;2147484036
767;581;2147484035
775;581;2147484034
777;581;2147484033
794;597;2147484031
807;597;2147484030
809;597;2147484028
811;597;2147484027
820;612;2147484026
827;612;2147484025
847;628;2147484024
849;628;2147484023
853;628;2147484022
862;628;2147484021
867;628;2147484020
882;643;2147484019
886;643;2147484018
896;643;2147484017
921;659;2147484016
924;659;2147484015
946;675;2147484014
951;675;2147484011
953;675;2147484009
954;675;2147484008
960;690;2147484007
969;690;2147484005
977;690;2147484004
1024;722;2147484003
1026;722;2147484002
1044;737;2147484001
1055;737;2147484000
1056;737;2147483997
1057;737;2147483996
1064;753;2147483993
1087;753;2147483992
1088;753;2147483991
1089;753;2147483990
1095;768;2147483989
1096;768;2147483988
1105;768;2147483987
1117;784;2147483985
1120;784;2147483984
1127;784;2147483983
1128;784;2147483982
1136;800;2147483981
1144;800;2147483980
1151;800;2147483978
1153;800;2147483977
1158;800;2147483976
1179;815;2147483975
1180;815;2147483974
1181;815;2147483973
1190;831;2147483972
1234;846;2147483971
1236;846;2147483970
1267;878;2147483969
1273;878;2147483968
1288;893;2147483966
1297;893;2147483965
1326;909;2147483964
1350;925;2147483962
1361;925;2147483961
1367;925;2147483960
1368;940;2147483959
1379;940;2147483958
1384;940;2147483957
1386;940;2147483956
1410;956;2147483955
1463;987;2147483953
1469;987;2147483952
1495;1003;2147483951
1505;1003;2147483950
1517;1018;2147483949
1553;1034;2147483948
1564;1050;2147483947
1592;1065;2147483946
1598;1065;2147483945
1608;1065;2147483944
1646;1096;2147483943
1653;1096;2147483941
1682;1112;2147483940
1700;1128;2147483939
1723;1143;2147483938
1730;1143;2147483937
1740;1143;2147483936
1749;1159;2147483935
1751;1159;2147483934
1752;1159;2147483933
1759;1159;2147483932
1796;1175;2147483931
1801;1190;2147483930
1810;1190;2147483929
1815;1190;2147483928
1816;1190;2147483927
1830;1206;2147483926
1832;1206;2147483925
1833;1206;2147483924
1842;1206;2147483923
1850;1206;2147483922
1851;1206;2147483921
1884;1237;2147483920
1934;1253;2147483919
1937;1268;2147483918
1947;1268;2147483917
1962;1268;2147483916
1965;1284;2147483915
1979;1284;2147483914
1984;1284;2147483913
2005;1299;2147483912
2011;1299;2147483911
2017;1315;2147483910
2037;1315;2147483909
2040;1315;2147483908
2091;1346;2147483907
2112;1362;2147483905
2125;1378;2147483903
2129;1378;2147483902
2132;1378;2147483901
2195;1409;2147483900
2199;1409;2147483899
2216;1424;2147483898
2220;1424;2147483897
2224;1424;2147483896
2229;1440;2147483895
2231;1440;2147483894
2279;1456;2147483893
2287;1471;2147483892
2311;1471;2147483891
2336;1487;2147483890
2376;1518;2147483889
2410;1534;2147483888
2426;1549;2147483887
2450;1565;2147483886
2473;1581;2147483885
2483;1581;2147483884
2485;1581;2147483883
2521;1596;2147483882
2541;1612;2147483881
2543;1612;2147483880
2562;1628;2147483879
2579;1643;2147483878
2592;1643;2147483877
2612;1659;2147483876
2645;1674;2147483875
2692;1706;2147483874
2702;1706;2147483873
2709;1706;2147483871
2713;1706;2147483870
2728;1721;2147483869
2792;1753;2147483868
2804;1768;2147483867
2871;1799;2147483866
2891;1815;2147483865
2916;1831;2147483864
2986;1878;2147483862
2998;1878;2147483861
3002;1878;2147483860
3027;1893;2147483859
3052;1909;2147483858
3072;1924;2147483857
3078;1924;2147483856
3083;1924;2147483855
3166;1971;2147483854
3180;1987;2147483853
3183;1987;2147483852
3204;2002;2147483851
3208;2002;2147483850
3211;2002;2147483849
3253;2018;2147483848
3264;2034;2147483847
3295;2049;2147483846
3383;2096;2147483845
3403;2112;2147483844
3484;2159;2147483843
3570;2206;2147483842
3608;2237;2147483841
3630;2237;2147483840
3669;2268;2147483839
3794;2331;2147483838
3834;2362;2147483837
3867;2377;2147483835
3886;2393;2147483834
3896;2393;2147483833
3947;2424;2147483832
3990;2455;2147483831
4069;2487;2147483830
4081;2502;2147483829
4085;2502;2147483828
4103;2518;2147483827
4125;2518;2147483826
4147;2534;2147483825
4160;2549;2147483824
4204;2565;2147483822
4279;2612;2147483821
4331;2643;2147483820
4423;2690;2147483819
4467;2705;2147483817
4475;2721;2147483816
4476;2721;2147483815
4522;2752;2147483814
4545;2752;2147483813
4546;2768;2147483812
4743;2877;2147483811
4913;2955;2147483810
4919;2971;2147483809
5098;3065;2147483808
5116;3080;2147483807
5194;3127;2147483805
5209;3127;2147483804
5244;3158;2147483803
5254;3158;2147483802
5286;3174;2147483801
5294;3174;2147483800
5313;3190;2147483799
5356;3221;2147483798
5409;3252;2147483797
5671;3393;2147483796
5680;3408;2147483795
5683;3408;2147483794
5696;3408;2147483793
5816;3487;2147483792
5926;3549;2147483791
5982;3580;2147483790
6017;3596;2147483789
6138;3674;2147483788
6168;3690;2147483787
6183;3690;2147483786
6224;3721;2147483785
6568;3924;2147483784
6574;3924;2147483783
6678;3986;2147483782
6980;4174;2147483781
7017;4189;2147483780
7035;4205;2147483779
7042;4205;2147483778
7059;4221;2147483777
7078;4221;2147483776
7518;4471;2147483775
7573;4502;2147483774
7590;4517;2147483773
7843;4658;2147483772
7873;4674;2147483771
7900;4689;2147483770
7976;4736;2147483769
7991;4736;2147483768
8000;4752;2147483767
8010;4752;2147483766
8125;4814;2147483765
8183;4846;2147483764
8280;4908;2147483763
8288;4908;2147483762
8372;4955;2147483761
8444;5002;2147483760
8519;5033;2147483759
8535;5049;2147483758
8778;5174;2147483757
8923;5254;2147483756
8928;5254;2147483755
9293;5457;2147483754
9376;5504;2147483753
9576;5614;2147483752
9595;5629;2147483751
9674;5660;2147483750
10091;5895;2147483749
10299;6004;2147483748
10386;6067;2147483747
10618;6192;2147483746
10703;6238;2147483745
10798;6287;2147483744
10816;6303;2147483743
10986;6397;2147483742
10991;6397;2147483741
11015;6412;2147483740
11477;6662;2147483739
11488;6662;2147483738
11662;6756;2147483737
11998;6943;2147483736
12070;6990;2147483734
12129;7022;2147483733
12345;7131;2147483732
12394;7162;2147483731
12442;7193;2147483730
12455;7193;2147483729
12547;7256;2147483728
12693;7334;2147483727
13188;7600;2147483726
13315;7678;2147483724
13668;7865;2147483723
13793;7928;2147483722
13809;7943;2147483721
13852;7975;2147483720
14001;8053;2147483719
14326;8224;2147483718
14502;8318;2147483717
14680;8412;2147483716
14962;8568;2147483715
15159;8677;2147483714
15267;8740;2147483713
16034;9162;2147483712
16084;9193;2147483711
16119;9209;2147483710
16166;9240;2147483709
16558;9443;2147483707
16709;9521;2147483706
17135;9771;2147483705
17210;9802;2147483704
17404;9912;2147483703
17761;10115;2147483702
17824;10146;2147483701
18573;10539;2147483700
19260;10914;2147483699
19317;10960;2147483698
19450;11023;2147483697
19892;11273;2147483696
19929;11288;2147483695
20251;11460;2147483694
20343;11507;2147483693
20813;11773;2147483692
20842;11788;2147483691
21431;12118;2147483690
21585;12211;2147483689
22794;12870;2147483688
24266;13682;2147483687
24286;13682;2147483686
24486;13791;2147483685
24599;13854;2147483684
26257;14757;2147483683
27039;15197;2147483682
27431;15416;2147483681
27725;15557;2147483680
27954;15697;2147483679
28560;16025;2147483678
28676;16088;2147483677
29034;16275;2147483676
29780;16681;2147483675
32319;18072;2147483674
32593;18228;2147483673
32848;18353;2147483672
35093;19571;2147483671
35653;19884;2147483670
37843;21073;2147483669
40790;22682;2147483668
44483;24703;2147483667
46872;26018;2147483666
47534;26374;2147483665
49255;27295;2147483664
50134;27780;2147483663
55090;30466;2147483662
55954;30935;2147483661
59921;33091;2147483660
63438;35031;2147483659
64608;35674;2147483658
68997;38088;2147483657
70330;38807;2147483656
77440;42698;2147483655
80701;44448;2147483654
94964;52207;2147483653
101650;55828;2147483652
119175;65341;2147483651
129711;71108;2147483650
142498;78032;2147483649
158555;86701;67018
158601;86733;67015
158723;86811;67011
158731;86811;66970
158831;86873;66958
158869;86889;66952
158886;86905;66949
158896;86905;66946
158906;86920;66903
158934;86936;66891
158983;86951;66639
159042;86998;66335
159071;87014;66311
159098;87029;66307
159146;87061;66297
159192;87076;66286
159206;87092;66283
159234;87108;66253
159242;87108;66241
159270;87123;66229
159290;87139;66185
159419;87217;66182
159463;87233;66158
159467;87248;66154
159488;87248;66151
159515;87264;66049
159529;87279;66048
159533;87279;65796
159570;87295;65601
159728;87389;65587
159744;87404;65584
159758;87404;65459
159833;87451;65447
159845;87451;65383
159899;87483;65303
159962;87514;65291
160156;87623;65279
160182;87639;65275
160271;87686;65266
160322;87717;65206
160355;87732;65203
160392;87748;65179
160393;87748;65151
160448;87779;65148
160455;87795;65112
160476;87795;65100
160495;87811;64896
160623;87889;64857
160625;87889;64815
160663;87904;64811
160698;87920;64799
160719;87936;64759
160788;87967;64758
160858;88014;64719
160911;88045;64707
160928;88045;64695
160957;88061;64694
160987;88076;64630
161080;88123;64626
161115;88154;64602
161145;88170;64599
161154;88170;64596
161171;88170;64587
161192;88186;64584
161203;88201;64540
161235;88217;64528
161274;88232;64333
161319;88264;64330
161456;88342;64326
161459;88342;64287
161507;88357;64275
161527;88373;64236
161540;88389;64232
161548;88389;64152
161617;88420;64112
161669;88451;64109
161700;88467;64013
161764;88514;64012
161774;88514;64009
161919;88592;64008
161973;88623;63944
162026;88654;63908
162047;88654;63868
162114;88701;63856
162150;88717;63847
162158;88717;63846
162276;88779;63845
162319;88810;63841
162343;88810;63829
162419;88857;63816
162441;88873;63802
162501;88904;63772
162698;89013;63760
162701;89013;63757
162798;89054;63751
162852;89085;63748
162877;89101;63676
162881;89101;63580
162887;89101;63577
162912;89116;63565
162915;89116;63373
163004;89179;63226
163085;89210;63182
163094;89226;63102
163105;89226;62862
163128;89241;62861
163228;89288;62621
163431;89413;62597
163488;89444;62348
163493;89444;62308
163496;89444;62296
163505;89444;62292
163507;89444;62252
163531;89460;62194
163543;89476;62182
163560;89476;62178
163641;89522;62138
163789;89600;62099
163876;89647;62096
164004;89710;62087
164010;89725;62047
164099;89772;62035
164256;89850;62034
164276;89866;62033
164284;89866;61994
164297;89882;61900
164325;89897;61860
164364;89913;61761
164379;89929;61758
164388;89929;61563
164401;89929;61539
164481;89975;61538
164485;89975;61535
164512;89991;61496
164516;89991;61492
164553;90007;61482
164667;90069;61439
164676;90085;61403
164699;90100;61394
164908;90210;61388
164983;90257;61344
165025;90272;61300
165051;90288;61192
165083;90303;61151
165105;90319;60911
165238;90382;60901
165312;90428;60877
165382;90460;60874
165414;90491;60835
165476;90522;60831
165506;90538;60579
165635;90600;60543
165678;90632;60531
165750;90663;60490
165888;90741;60250
165901;90756;60247
165961;90788;60235
166010;90803;60205
166080;90850;59968
166136;90881;59848
166267;90944;59807
166279;90960;59804
166282;90960;59780
166291;90960;59687
166301;90975;59683
166328;90975;59633
166473;91069;59597
166505;91085;59553
166511;91085;59517
166532;91100;59373
166722;91209;59372
166761;91225;59323
167134;91428;59283
167179;91444;59246
167194;91459;59245
167268;91506;59221
167292;91522;59203
167308;91522;59191
167329;91538;59175
167330;91538;59151
167376;91569;59139
167390;91569;59115
167439;91600;59105
167515;91631;58865
167522;91631;58862
167621;91694;58782
167690;91725;58781
167754;91772;58771
167763;91772;58731
167823;91803;58695
167874;91834;58683
167895;91850;58647
167915;91850;58644
167991;91897;58404
168062;91928;58364
168176;91991;58352
168200;92006;58348
168224;92022;58318
168508;92178;58314
168576;92225;58311
168632;92241;58307
168642;92256;58064
168668;92272;58060
168808;92350;57996
168897;92397;57995
169013;92459;57955
169026;92459;57859
169135;92522;57775
169137;92522;57764
169229;92569;57641
169421;92678;57605
169671;92819;57593
169719;92850;57556
169754;92881;57544
169900;92959;57508
169914;92959;57507
169941;92975;57506
169953;92990;57462
170035;93037;57458
170062;93053;57455
170079;93053;57428
170448;93256;57404
170480;93287;57392
170585;93334;57320
170641;93365;57284
170689;93396;57092
170691;93396;56904
170721;93412;56903
170750;93428;56899
170993;93553;56881
171313;93725;56644
171362;93756;56620
171396;93771;56577
171453;93803;56454
171632;93912;56390
171644;93912;56326
171669;93928;56322
171674;93928;56286
171722;93959;56245
171725;93959;56242
171842;94021;56002
172030;94131;55826
172054;94146;55785
172161;94209;55781
172162;94209;55697
172419;94349;55553
172471;94381;55552
172537;94412;55548
172571;94428;55512
172731;94506;55472
172818;94568;55448
172840;94568;55436
172870;94584;55196
172873;94599;55119
172989;94662;55115
173015;94677;55111
173027;94677;55031
173355;94865;54836
173380;94881;54796
173409;94896;54739
173415;94896;54736
173423;94896;54732
173439;94912;54492
173594;94990;54456
173672;95037;54455
173690;95037;54452
173928;95177;54449
174029;95224;54409
174116;95272;54405
174288;95369;54387
174368;95416;54363
174402;95432;54362
174407;95432;54350
174471;95478;54299
174514;95494;54259
174673;95588;54048
174795;95650;54045
174890;95697;54021
174945;95728;53981
175089;95807;53980
175114;95822;53900
175124;95838;53899
175186;95869;53895
175200;95869;53892
175242;95900;53793
175592;96088;53769
175652;96119;53717
175818;96213;53681
175870;96244;53677
175994;96306;53617
176123;96385;53590
176163;96400;53587
176318;96494;53546
176342;96494;53522
176358;96509;53518
176634;96666;53422
176809;96759;53386
177219;96978;53382
177413;97087;53358
177451;97119;53121
177915;97369;52884
177965;97400;52844
178419;97650;52780
178481;97681;52708
178608;97744;52480
178744;97822;52400
179072;98009;52163
179095;98009;52083
179151;98040;52082
179183;98056;52038
179185;98056;52035
179213;98087;52011
179261;98103;51995
179388;98181;51899
179412;98181;51859
179472;98228;51819
179607;98290;51783
179805;98400;51777
179836;98415;51773
179952;98486;51733
180022;98532;51732
180161;98595;51728
180261;98657;51724
180290;98673;51685
180295;98673;51448
180299;98689;51404
180440;98767;51403
180608;98861;51382
180611;98861;51342
180651;98876;51262
180683;98892;51259
180710;98907;51016
180730;98923;51015
180887;99017;50971
181036;99095;50931
181039;99095;50831
181049;99110;50767
181126;99142;50751
181128;99142;50745
181146;99157;50744
181175;99173;50740
181182;99173;50668
181256;99220;50664
181290;99235;50661
181359;99267;50651
181453;99329;50648
181558;99376;50647
181591;99392;50644
181620;99407;50603
181680;99439;50602
181746;99470;50590
181762;99485;50587
181764;99485;50584
181983;99610;50575
182033;99642;50571
182239;99751;50471
182385;99829;50470
182642;99970;50467
182737;100017;50466
182782;100048;50442
182886;100110;50439
183153;100251;50415
183216;100282;50414
183306;100332;50411
183331;100348;50372
183504;100426;50371
183525;100442;50370
183597;100488;50369
183950;100679;50326
184720;101100;50314
184744;101116;50313
184766;101116;50303
184831;101163;50300
184901;101194;50260
185024;101257;50236
185113;101319;50210
185172;101350;50207
185291;101413;50164
185360;101444;50154
185441;101491;50090
185563;101553;50089
185610;101585;50083
185637;101600;50042
186105;101850;50033
186118;101866;49996
186167;101881;49900
186217;101913;49849
186634;102147;49803
186807;102241;49802
186953;102319;49738
187059;102383;49714
187067;102383;49710
187223;102461;49692
187562;102649;49689
187609;102680;49686
187906;102836;49638
188008;102883;49594
188629;103227;49558
188925;103398;49555
188985;103430;49315
189018;103445;49312
189331;103617;49272
189405;103648;49269
189468;103695;49228
189651;103789;49216
190045;104008;49207
190110;104039;49177
190277;104133;49173
190531;104273;49172
190989;104523;49100
191169;104632;49096
191189;104632;49072
191266;104679;49068
191400;104757;49067
191403;104757;48927
191448;104773;48923
191577;104851;48827
191791;104976;48826
191853;105007;48822
192139;105164;48782
192213;105195;48781
192554;105386;48717
192575;105401;48716
192780;105511;48676
192792;105526;48646
192831;105542;48645
193456;105886;48601
193850;106104;48457
193899;106136;48454
193966;106167;48453
194236;106307;48450
194464;106432;48258
194496;106448;48018
194538;106479;47874
194554;106479;47804
194577;106495;47780
194777;106604;47744
194993;106713;47732
195010;106740;47708
195233;106849;47519
195268;106880;47279
195504;107005;47208
195722;107130;47192
195728;107130;47168
196347;107474;47128
196748;107692;47092
196837;107739;47091
197098;107880;47067
197166;107911;47064
197242;107958;47055
197302;107989;47019
197329;108005;46827
197736;108239;46803
198004;108380;46772
198011;108380;46742
198109;108442;46739
198282;108536;46678
198711;108770;46639
199003;108927;46633
199067;108958;46513
199105;108989;46369
199640;109286;46365
200078;109520;46361
200138;109551;46321
200213;109598;46297
200777;109911;46289
200850;109942;46133
200954;110004;46129
201051;110051;46128
201313;110207;46109
201387;110239;45869
201585;110352;45805
201668;110398;45765
202392;110789;45762
202505;110851;45756
202873;111055;45513
203387;111336;45453
203588;111445;45450
203671;111492;45449
203781;111554;45448
204054;111695;45400
204088;111711;45399
204160;111757;45396
204176;111773;45383
204190;111773;45333
204328;111851;45330
204817;112117;45290
205409;112445;45170
205497;112492;45134
205661;112570;45038
205716;112601;45029
206084;112804;45017
206256;112898;44777
206280;112913;44737
206439;113007;44701
206441;113007;44477
207211;113413;44437
207818;113757;44387
207832;113773;44347
207931;113819;44346
207959;113835;44190
208143;113944;44150
208362;114069;44147
208388;114085;44131
208836;114319;44127
208935;114366;44124
208949;114382;44100
209161;114491;43956
209311;114581;43953
209511;114691;43952
209671;114769;43901
210129;115019;43900
210193;115066;43884
210885;115442;43883
211089;115552;43691
211543;115802;43647
211573;115817;43583
212443;116286;43543
212478;116302;43542
212679;116411;43302
212743;116442;43221
213248;116723;43144
213798;117020;42991
213930;117098;42967
214725;117536;42931
215116;117739;42894
215273;117833;42890
215487;117957;42638
215690;118067;42614
215738;118082;42374
215929;118192;42344
216160;118317;42304
216472;118473;42064
216527;118504;41964
217149;118848;41934
218333;119504;41933
218493;119582;41693
219097;119910;41689
219132;119926;41665
219171;119957;41585
219269;120004;41485
219502;120129;41484
219689;120238;41473
219831;120316;41252
219863;120332;41228
219896;120350;41188
220199;120524;40945
220979;120930;40921
221136;121023;40882
221437;121180;40852
222017;121492;40851
222063;121523;40611
222295;121648;40608
222322;121664;40604
222706;121883;40580
222754;121898;40340
223231;122164;40220
224599;122929;40210
225739;123554;40206
225775;123585;39966
226854;124163;39939
226963;124226;39699
227529;124538;39698
227995;124788;39688
228045;124819;39687
228104;124851;39677
228312;124960;39659
229033;125353;39419
229743;125775;39179
230644;126275;39035
230986;126462;38995
231111;126524;38803
231590;126790;38799
231820;126915;38775
231889;126946;38583
232122;127071;38571
232144;127087;38331
232418;127243;38270
232610;127337;38191
232971;127550;38190
233161;127644;38189
233430;127785;38159
233647;127910;38158
233715;127941;38157
234085;128144;37929
234253;128238;37925
234732;128503;37778
235670;129019;37734
235790;129081;37590
236555;129487;37551
237285;129878;37527
237356;129925;37487
237891;130222;37463
238109;130331;37424
238150;130364;37184
238386;130489;36944
238723;130677;36943
239397;131052;36703
239669;131192;36511
240909;131864;36505
240985;131911;36201
241055;131942;36170
241204;132020;36146
241609;132255;36143
241779;132333;36142
242667;132817;36130
242778;132880;36101
242795;132895;36058
242996;133005;36046
243251;133145;36036
243267;133145;36012
244731;133957;36008
244765;133973;35958
244834;134020;35763
245059;134145;35699
245370;134317;35629
245538;134395;35593
246163;134738;35590
246550;134942;35551
246884;135129;35311
246958;135176;35299
247673;135554;35252
247783;135617;35213
248305;135898;35173
248982;136273;35137
249529;136570;35136
249773;136694;35133
249806;136710;35132
249889;136757;35129
250345;137007;35068
251072;137407;35032
251346;137548;35014
251394;137579;34978
251940;137876;34942
251999;137907;34918
252131;137985;34917
253438;138699;34887
253460;138715;34863
254449;139246;34823
254645;139355;34819
258841;141640;34795
259187;141827;34603
259229;141858;34599
259949;142249;34519
260170;142358;34478
260288;142436;34475
260346;142467;34471
262204;143452;34468
262542;143639;34276
262664;143702;34275
262718;143733;34224
264021;144451;34212
264552;144748;34206
264615;144779;34166
265056;145029;33926
265744;145407;33850
265775;145423;33810
265793;145423;33786
266509;145829;33785
266598;145876;33781
272909;149289;33777
273559;149648;33742
275823;150884;33622
275831;150900;33601
275859;150916;33541
275995;150978;33505
278083;152103;33499
279471;152875;33247
279786;153031;33229
282835;154703;33225
283025;154812;33224
284195;155440;33200
285315;156049;33143
285365;156080;33134
285554;156174;33133
285641;156221;33092
285987;156408;33088
285990;156408;33023
287000;156971;32783
287526;157267;32663
288402;157736;32623
288577;157830;32593
290658;158986;32529
290961;159158;32289
294462;161065;32049
295089;161409;32031
296293;162049;31791
298189;163102;31790
300246;164226;31730
301564;164945;31729
302298;165335;31711
303205;165839;31708
305006;166823;31644
307687;168276;31404
308515;168729;31356
311843;170544;31332
313983;171716;31314
314792;172153;31296
316871;173287;31232
322740;176493;31192
324636;177508;31048
329989;180432;30976
332683;181896;30928
333306;182224;30888
335344;183333;30648
339542;185632;30636
343039;187522;30635
343811;187944;30596
345168;188680;30532
345763;189008;30531
350352;191495;30528
351025;191870;30527
351210;191979;30526
351311;192026;30486
355031;194088;30342
355541;194374;30341
356509;194889;30301
358440;195940;30265
358696;196080;30025
364206;199079;29881
367502;200885;29644
371078;202853;29568
371491;203087;29328
372686;203743;29327
375072;205102;29287
375369;205258;29284
376494;205871;29274
377519;206433;29226
380468;208027;28986
380645;208136;28906
380726;208183;28666
383590;209750;28594
391063;213862;28570
401530;219617;28558
401998;219867;28522
404734;221382;28518
407414;222850;28500
409223;223849;28356
410894;224761;28316
416228;227654;28276
419240;229316;28240
428536;234368;28000
434388;237573;27960
435935;238416;27921
436805;238916;27917
437319;239182;27914
437703;239400;27910
442540;242040;27892
446099;243977;27856
446276;244071;27683
447611;244805;27673
448874;245492;27637
456726;249794;27633
462231;252824;27513
462657;253058;27489
465992;254870;27479
473140;258747;27439
477955;261396;27399
484008;264702;27396
490997;268516;27252
492054;269094;27012
492559;269360;26975
496592;271569;26735
499801;273350;26543
505920;276710;26303
516378;282447;26279
516650;282603;26235
527563;288557;26195
532369;291184;26131
537101;293762;26091
540488;295639;26087
541807;296358;25847
543823;297460;25846
544631;297913;25807
552474;302203;25771
566310;309766;25515
570815;312232;25467
571109;312404;25347
582847;318806;25346
586499;320808;25106
605097;330908;25066
614485;336008;25065
630357;344598;24828
636974;348179;24792
639746;349678;24732
641885;350852;24693
671998;367302;24456
700806;383131;24332
727131;397513;24293
727208;397560;24283
730941;399590;24244
747561;408694;24204
763135;417186;24132
775189;423782;24093
805233;440162;24054
806060;440615;23814
812036;443863;23574
861759;471092;23446
864341;472500;23366
876523;479157;23330
896127;489892;23297
900598;492332;23261
909568;497271;23231
944298;516310;23227
951866;520440;23187
966234;528303;23147
976438;533857;23111
991459;542050;23084
7350458;3934712;23055
7558335;4048146;23052
7572756;4056050;22812
7731883;4143062;22811
7735820;4145206;22619
7871009;4218968;22575
7890104;4229405;22571
7914524;4242775;22471
7987520;4282630;22430
11159503;5982529;22243
11197289;6002985;22239
11201691;6005359;22200
11478266;6155722;22164
11489144;6161598;22124
16876356;9049176;22082
16882791;9052709;22042
16910758;9067994;22002
16911817;9068587;21962
16912560;9068993;21941
16921255;9073714;21905
16942719;9085322;21866
16951770;9090214;21626
16952274;9090480;21616
16957798;9093451;21592
16971691;9100936;21352
16996578;9114482;21351
25396947;13612264;21310
25438406;13634731;21307
25442922;13637158;21067
25455480;13643968;20827
25484708;13659781;20818
25732758;13795292;20779
25750535;13805109;20731
25894968;13883742;20491
26147531;14020813;20461
26238736;14070800;20460
26425791;14172912;20451
26535666;14232819;20448
26671047;14306930;20325
26719445;14333307;20295
27044772;14510888;20256
27084685;14532769;20016
28039136;15054539;19776
30078699;16168763;19728
#
# name: Hill Climbing RS
# algorithm_class: solver.HillClimbingWithRS
# instance: pu-llr-spr17
# seed: 9147854857528494794
# bestF: 19728
# DTF: 0
# cost: 19728
# startTime: 1769496685006
# totalTime: 43200006
# totalFEs: 80575119
# maxFEs: 9223372036854775807
# maxMilliSeconds: 43200000
# maxSeconds: 43200
#
<?xml version="1.0" encoding="UTF-8" standalone="no"?>
<solution author="ScholORs" cores="1" country="China and Malaysia" institution="Bejing/Hefei/Malaysia" name="pu-llr-spr17" runtime="43200" technique="hillclimbingwithrs">
    <class days="0010000" id="1" room="14" start="90" weeks="0000000011111110"/>
    <class days="0101000" id="2" room="72" start="144" weeks="1111111111111110"/>
    <class days="1010100" id="3" room="70" start="174" weeks="1111111111111110"/>
    <class days="1010100" id="4" room="44" start="126" weeks="1111111111111110"/>
    <class days="0010000" id="5" room="14" start="90" weeks="1111111100000000"/>
    <class days="0101000" id="6" room="75" start="126" weeks="1111111111111110"/>
    <class days="1010100" id="7" room="39" start="138" weeks="1111111111111110"/>
    <class days="1000000" id="8" room="49" start="186" weeks="1011111111111110"/>
    <class days="1010100" id="9" room="4" start="102" weeks="1111111111111110"/>
    <class days="1000000" id="10" room="44" start="150" weeks="1011111111111110"/>
    <class days="1010100" id="11" room="54" start="174" weeks="1111111111111110"/>
    <class days="0101000" id="12" room="39" start="162" weeks="1111111111111110"/>
    <class days="1010100" id="13" room="61" start="138" weeks="1111111111111110"/>
    <class days="1010100" id="14" room="38" start="114" weeks="1111111111111110"/>
    <class days="1010100" id="15" room="62" start="186" weeks="1111111111111110"/>
    <class days="1000000" id="16" room="11" start="186" weeks="1011111111111110"/>
    <class days="0100000" id="17" room="70" start="162" weeks="1111111111111110"/>
    <class days="1000000" id="18" room="39" start="102" weeks="1011111111111110"/>
    <class days="0100000" id="19" room="39" start="102" weeks="1111111111111110"/>
    <class days="1010100" id="20" room="39" start="126" weeks="1111111111111110"/>
    <class days="0010100" id="21" room="39" start="198" weeks="1111111111111110"/>
    <class days="0101000" id="22" room="49" start="126" weeks="1111111111111110"/>
    <class days="0100000" id="23" room="54" start="162" weeks="1111111111111110"/>
    <class days="0101000" id="24" room="20" start="126" weeks="1111111111111110"/>
    <class days="0100000" id="25" room="28" start="180" weeks="1111111111111110"/>
    <class days="0101000" id="26" room="54" start="108" weeks="1111111111111110"/>
    <class days="1010100" id="27" room="13" start="114" weeks="1111111111111110"/>
    <class days="0101000" id="28" room="20" start="180" weeks="1111111111111110"/>
    <class days="0101000" id="29" room="73" start="144" weeks="1111111111111110"/>
    <class days="0101000" id="30" room="57" start="180" weeks="1111111111111110"/>
    <class days="1010100" id="31" room="53" start="150" weeks="1111111111111110"/>
    <class days="1000000" id="32" room="46" start="138" weeks="1011111111111110"/>
    <class days="0101000" id="33" room="28" start="126" weeks="1111111111111110"/>
    <class days="1010100" id="34" room="19" start="174" weeks="1111111111111110"/>
    <class days="1010100" id="35" room="20" start="126" weeks="1111111111111110"/>
    <class days="0101000" id="36" room="74" start="144" weeks="1111111111111110"/>
    <class days="0101000" id="37" room="74" start="162" weeks="1111111111111110"/>
    <class days="0010000" id="38" room="25" start="216" weeks="1111111111111110"/>
    <class days="0101000" id="39" room="21" start="162" weeks="1111111111111110"/>
    <class days="0101000" id="40" room="21" start="144" weeks="1111111111111110"/>
    <class days="1010100" id="41" room="37" start="114" weeks="1111111111111110"/>
    <class days="0101000" id="42" room="17" start="180" weeks="1111111111111110"/>
    <class days="0101000" id="43" room="17" start="108" weeks="1111111111111110"/>
    <class days="1010100" id="44" room="34" start="150" weeks="1111111111111110"/>
    <class days="1010100" id="45" room="63" start="198" weeks="1111111111111110"/>
    <class days="1010100" id="46" room="17" start="162" weeks="1111111111111110"/>
    <class days="1010100" id="47" room="17" start="126" weeks="1111111111111110"/>
    <class days="0101000" id="48" room="17" start="126" weeks="1111111111111110"/>
    <class days="0101000" id="49" room="17" start="162" weeks="1111111111111110"/>
    <class days="1010100" id="50" room="17" start="138" weeks="1111111111111110"/>
    <class days="0101000" id="51" room="51" start="180" weeks="1111111111111110"/>
    <class days="0101000" id="52" room="24" start="180" weeks="1111111111111110"/>
    <class days="1010000" id="53" room="17" start="114" weeks="1111111111111110"/>
    <class days="1010100" id="54" room="17" start="174" weeks="1111111111111110"/>
    <class days="0100000" id="55" room="65" start="108" weeks="1111111111111110"/>
    <class days="0001000" id="56" room="52" start="126" weeks="1111111111111110"/>
    <class days="0001000" id="57" room="68" start="180" weeks="1111111111111110"/>
    <class days="1010000" id="58" room="17" start="150" weeks="1111111111111110"/>
    <class days="0101000" id="59" room="1" start="138" weeks="1111111111111110"/>
    <class days="0100000" id="60" room="43" start="102" weeks="1111110000000000"/>
    <class days="0100000" id="61" start="102" weeks="1111111111111110"/>
    <class days="1010100" id="62" room="43" start="150" weeks="1111111111111110"/>
    <class days="1010100" id="63" room="35" start="114" weeks="1111111111111110"/>
    <class days="1010100" id="64" room="43" start="114" weeks="1111111111111110"/>
    <class days="0100000" id="65" room="25" start="114" weeks="1111111111111110"/>
    <class days="0101000" id="66" room="43" start="114" weeks="1111111111111110"/>
    <class days="1010100" id="67" room="25" start="174" weeks="1111111111111110"/>
    <class days="0001000" id="68" room="37" start="180" weeks="1111111111111110"/>
    <class days="0101000" id="69" room="41" start="114" weeks="1111111111111110"/>
    <class days="1010000" id="70" room="1" start="102" weeks="1111111100000000"/>
    <class days="1010000" id="71" room="1" start="114" weeks="1111111100000000"/>
    <class days="1111000" id="72" room="67" start="174" weeks="1111111111111110"/>
    <class days="0100000" id="73" room="41" start="126" weeks="1111111111111110"/>
    <class days="1010100" id="74" room="41" start="126" weeks="1111111111111110"/>
    <class days="1010000" id="75" room="41" start="114" weeks="1111111111111110"/>
    <class days="1010000" id="76" room="48" start="138" weeks="1111111111111110"/>
    <class days="1010000" id="77" room="41" start="162" weeks="1111111111111110"/>
    <class days="1010100" id="78" room="67" start="150" weeks="1111111111111110"/>
    <class days="0001000" id="79" room="41" start="150" weeks="1111111111111110"/>
    <class days="1010000" id="80" room="24" start="114" weeks="1111111111111110"/>
    <class days="0101000" id="81" room="26" start="150" weeks="1111111111111110"/>
    <class days="1010000" id="82" room="66" start="150" weeks="1111111111111110"/>
    <class days="0101000" id="83" room="40" start="144" weeks="1111111111111110"/>
    <class days="0101000" id="84" room="18" start="108" weeks="1111111111111110"/>
    <class days="0101000" id="85" room="29" start="162" weeks="1111111111111110"/>
    <class days="0101000" id="86" room="68" start="108" weeks="1111111111111110"/>
    <class days="0101000" id="87" room="74" start="126" weeks="1111111111111110"/>
    <class days="1010000" id="88" room="63" start="150" weeks="1111111111111110"/>
    <class days="0100000" id="89" room="4" start="234" weeks="1111111110000000"/>
    <class days="1000000" id="90" start="234" weeks="1011111110000000"/>
    <class days="0001000" id="91" start="234" weeks="1111111110000000"/>
    <class days="0010000" id="92" start="234" weeks="1111111110000000"/>
    <class days="1000000" id="93" start="234" weeks="1011111110000000"/>
    <class days="0010000" id="94" start="234" weeks="1111111110000000"/>
    <class days="0100000" id="95" start="234" weeks="1111111110000000"/>
    <class days="0001000" id="96" start="234" weeks="1111111110000000"/>
    <class days="0100000" id="97" start="246" weeks="0000000001111110"/>
    <class days="1000000" id="98" start="246" weeks="0000000001111110"/>
    <class days="0001000" id="99" start="246" weeks="0000000001111110"/>
    <class days="0010000" id="100" start="246" weeks="0000000001111110"/>
    <class days="1000000" id="101" start="246" weeks="0000000001111110"/>
    <class days="0010000" id="102" start="246" weeks="0000000001111110"/>
    <class days="0100000" id="103" start="246" weeks="0000000001111110"/>
    <class days="0001000" id="104" start="246" weeks="0000000001111110"/>
    <class days="1010100" id="105" room="70" start="150" weeks="1111111111111110"/>
    <class days="0101000" id="106" room="5" start="114" weeks="1111111111111110"/>
    <class days="1000100" id="107" room="5" start="162" weeks="1111111111111110"/>
    <class days="0101000" id="108" room="5" start="174" weeks="1111111111111110"/>
    <class days="1010100" id="109" room="67" start="138" weeks="1111111111111110"/>
    <class days="1010100" id="110" room="5" start="126" weeks="1111111111111110"/>
    <class days="0101000" id="111" room="5" start="138" weeks="1111111111111110"/>
    <class days="0101000" id="112" room="8" start="108" weeks="1111111111111110"/>
    <class days="1010100" id="113" room="5" start="102" weeks="1111111111111110"/>
    <class days="0101000" id="114" room="74" start="108" weeks="1111111111111110"/>
    <class days="1010000" id="115" room="11" start="90" weeks="1111111111111110"/>
    <class days="0000100" id="116" room="11" start="90" weeks="1111111111111110"/>
    <class days="1010000" id="117" room="15" start="102" weeks="1111111111111110"/>
    <class days="1000000" id="118" room="44" start="198" weeks="1011111111111110"/>
    <class days="0010100" id="119" room="44" start="198" weeks="1111111111111110"/>
    <class days="1010000" id="120" room="15" start="126" weeks="1111111111111110"/>
    <class days="1000100" id="121" room="75" start="126" weeks="1111111111111110"/>
    <class days="0000100" id="122" room="50" start="138" weeks="1111111111111110"/>
    <class days="0001000" id="123" room="37" start="138" weeks="1111111111111110"/>
    <class days="0100000" id="124" room="37" start="138" weeks="1111111111111110"/>
    <class days="1010000" id="125" room="60" start="102" weeks="1111111111111110"/>
    <class days="1000100" id="126" room="54" start="138" weeks="1111111111111110"/>
    <class days="0010000" id="127" room="13" start="150" weeks="1111111111111110"/>
    <class days="0000100" id="128" room="13" start="150" weeks="1111111111111110"/>
    <class days="1010100" id="129" room="54" start="162" weeks="1111111111111110"/>
    <class days="0101000" id="130" room="15" start="180" weeks="1111111111111110"/>
    <class days="1010000" id="131" room="34" start="126" weeks="1111111111111110"/>
    <class days="0000100" id="132" room="8" start="150" weeks="1111111111111110"/>
    <class days="0000100" id="133" room="8" start="114" weeks="1111111111111110"/>
    <class days="0000100" id="134" room="8" start="198" weeks="1111111111111110"/>
    <class days="0000100" id="135" room="8" start="174" weeks="1111111111111110"/>
    <class days="0000100" id="136" room="8" start="90" weeks="1111111111111110"/>
    <class days="0000100" id="137" room="8" start="186" weeks="1111111111111110"/>
    <class days="0000100" id="138" room="34" start="126" weeks="1111111111111110"/>
    <class days="0101000" id="139" room="51" start="102" weeks="1111111111111110"/>
    <class days="0101000" id="140" start="150" weeks="1111111111111110"/>
    <class days="1010000" id="141" start="150" weeks="1111111111111110"/>
    <class days="0101000" id="142" start="102" weeks="1111111111111110"/>
    <class days="0101000" id="143" start="150" weeks="1111111111111110"/>
    <class days="1010100" id="144" room="51" start="186" weeks="1111111111111110"/>
    <class days="1010100" id="145" start="186" weeks="1111111111111110"/>
    <class days="1000000" id="146" room="43" start="222" weeks="1000000000000000"/>
    <class days="0101000" id="147" room="51" start="90" weeks="1111111111111110"/>
    <class days="0101000" id="148" room="51" start="114" weeks="1111111111111110"/>
    <class days="0101000" id="149" start="90" weeks="1111111111111110"/>
    <class days="0101000" id="150" start="114" weeks="1111111111111110"/>
    <class days="1000000" id="151" room="43" start="126" weeks="1011111111111110"/>
    <class days="1000000" id="152" room="43" start="138" weeks="1011111111111110"/>
    <class days="1000000" id="153" room="43" start="174" weeks="1011111111111110"/>
    <class days="0000100" id="154" room="43" start="126" weeks="1111111111111110"/>
    <class days="0000100" id="155" room="43" start="138" weeks="1111111111111110"/>
    <class days="0000100" id="156" room="43" start="174" weeks="1111111111111110"/>
    <class days="0000100" id="157" room="51" start="150" weeks="1111111111111110"/>
    <class days="1010100" id="158" room="51" start="162" weeks="1111111111111110"/>
    <class days="1010100" id="159" room="51" start="174" weeks="1111111111111110"/>
    <class days="1000000" id="160" room="51" start="150" weeks="1011111111111110"/>
    <class days="0101000" id="161" room="51" start="138" weeks="1111111111111110"/>
    <class days="0000100" id="162" room="71" start="150" weeks="1111111111111110"/>
    <class days="0000100" id="163" room="71" start="162" weeks="1111111111111110"/>
    <class days="0101000" id="164" room="51" start="162" weeks="1111111111111110"/>
    <class days="0101000" id="165" room="21" start="108" weeks="1111111111111110"/>
    <class days="0010000" id="166" room="41" start="210" weeks="1111111111111110"/>
    <class days="1010100" id="167" room="41" start="138" weeks="1111111111111110"/>
    <class days="0101000" id="168" room="71" start="162" weeks="1111111111111110"/>
    <class days="1010100" id="169" room="48" start="126" weeks="1111111111111110"/>
    <class days="0101000" id="170" room="9" start="162" weeks="1111111111111110"/>
    <class days="0101000" id="171" room="41" start="180" weeks="1111111111111110"/>
    <class days="1010100" id="172" room="21" start="174" weeks="1111111111111110"/>
    <class days="0101000" id="173" room="71" start="126" weeks="1111111111111110"/>
    <class days="1010100" id="174" room="9" start="138" weeks="1111111111111110"/>
    <class days="0010000" id="175" room="18" start="186" weeks="1111111111111110"/>
    <class days="0101000" id="176" room="18" start="144" weeks="1111111111111110"/>
    <class days="1010100" id="177" room="18" start="162" weeks="1111111111111110"/>
    <class days="1010000" id="178" room="22" start="114" weeks="1111111111111110"/>
    <class days="0010000" id="179" room="18" start="114" weeks="1111111111111110"/>
    <class days="0010000" id="180" room="18" start="126" weeks="1111111111111110"/>
    <class days="1000000" id="181" room="16" start="192" weeks="1011111111111110"/>
    <class days="1000000" id="182" room="14" start="90" weeks="1011111111111110"/>
    <class days="1000000" id="183" room="14" start="126" weeks="1011111111111110"/>
    <class days="0010000" id="184" room="14" start="114" weeks="1111111111111110"/>
    <class days="0001000" id="185" room="14" start="162" weeks="1111111111111110"/>
    <class days="1010000" id="186" room="14" start="138" weeks="1111111111111110"/>
    <class days="0000100" id="187" room="14" start="126" weeks="1111111111111110"/>
    <class days="0001000" id="188" room="14" start="90" weeks="1111111111111110"/>
    <class days="1010100" id="189" room="67" start="114" weeks="1111111111111110"/>
    <class days="1010100" id="190" room="6" start="138" weeks="1111111111111110"/>
    <class days="1010000" id="191" room="63" start="90" weeks="1111111111111110"/>
    <class days="0000100" id="192" room="63" start="90" weeks="1111111111111110"/>
    <class days="1010100" id="193" room="35" start="102" weeks="1111111111111110"/>
    <class days="0010000" id="194" room="6" start="186" weeks="1111111111111110"/>
    <class days="1010100" id="195" room="26" start="174" weeks="1111111111111110"/>
    <class days="1010100" id="196" room="29" start="102" weeks="1111111111111110"/>
    <class days="1010000" id="197" room="26" start="102" weeks="1111111111111110"/>
    <class days="0000100" id="198" room="26" start="102" weeks="1111111111111110"/>
    <class days="0000100" id="199" room="22" start="114" weeks="1111111111111110"/>
    <class days="1010000" id="200" room="26" start="114" weeks="1111111111111110"/>
    <class days="1000100" id="201" room="57" start="186" weeks="1111111111111110"/>
    <class days="0010000" id="202" room="1" start="186" weeks="1111111111111110"/>
    <class days="1010100" id="203" room="22" start="138" weeks="1111111111111110"/>
    <class days="0101000" id="204" room="11" start="144" weeks="1111111111111110"/>
    <class days="1010100" id="205" room="44" start="102" weeks="1111111111111110"/>
    <class days="1010000" id="206" room="11" start="102" weeks="1111111111111110"/>
    <class days="0000100" id="207" room="11" start="102" weeks="1111111111111110"/>
    <class days="0000100" id="208" room="11" start="186" weeks="1111111111111110"/>
    <class days="0101000" id="209" room="4" start="108" weeks="1111111111111110"/>
    <class days="1010100" id="210" room="11" start="114" weeks="1111111111111110"/>
    <class days="1010100" id="211" room="29" start="162" weeks="1111111111111110"/>
    <class days="1010100" id="212" room="6" start="150" weeks="1111111111111110"/>
    <class days="0101000" id="213" room="11" start="102" weeks="1111111111111110"/>
    <class days="0100000" id="214" room="11" start="186" weeks="1111111111111110"/>
    <class days="0100000" id="215" room="11" start="198" weeks="1111111111111110"/>
    <class days="0001000" id="216" room="11" start="186" weeks="1111111111111110"/>
    <class days="1010100" id="217" room="11" start="126" weeks="1111111111111110"/>
    <class days="1010000" id="218" room="44" start="162" weeks="1111111111111110"/>
    <class days="1010000" id="219" room="74" start="150" weeks="1111111111111110"/>
    <class days="0101000" id="220" room="29" start="186" weeks="1111111111111110"/>
    <class days="0010000" id="221" room="34" start="90" weeks="1111111111111110"/>
    <class days="0100000" id="222" room="34" start="90" weeks="1111111111111110"/>
    <class days="0010000" id="223" room="51" start="198" weeks="1111111111111110"/>
    <class days="1000000" id="224" room="51" start="198" weeks="1011111111111110"/>
    <class days="0100000" id="225" room="56" start="138" weeks="1111111111111110"/>
    <class days="0001000" id="226" room="56" start="138" weeks="1111111111111110"/>
    <class days="0101000" id="227" room="39" start="198" weeks="1111111111111110"/>
    <class days="1010000" id="228" room="54" start="126" weeks="1111111111111110"/>
    <class days="1010100" id="229" room="22" start="186" weeks="1111111111111110"/>
    <class days="1010100" id="230" room="22" start="174" weeks="1111111111111110"/>
    <class days="0100000" id="231" room="3" start="198" weeks="1111111111111110"/>
    <class days="1010100" id="232" room="3" start="126" weeks="1111111111111110"/>
    <class days="1010100" id="233" room="66" start="102" weeks="1111111111111110"/>
    <class days="0010000" id="234" room="66" start="186" weeks="1111111111111110"/>
    <class days="1010100" id="235" room="3" start="114" weeks="1111111111111110"/>
    <class days="1010100" id="236" room="51" start="138" weeks="1111111111111110"/>
    <class days="1010100" id="237" room="26" start="126" weeks="1111111111111110"/>
    <class days="1010100" id="238" room="3" start="150" weeks="1111111111111110"/>
    <class days="1010100" id="239" room="4" start="174" weeks="1111111111111110"/>
    <class days="1000000" id="240" room="66" start="198" weeks="1011111111111110"/>
    <class days="1010100" id="241" room="66" start="138" weeks="1111111111111110"/>
    <class days="0101000" id="242" room="66" start="180" weeks="1111111111111110"/>
    <class days="0101000" id="243" room="33" start="126" weeks="1111111111111110"/>
    <class days="0101000" id="244" room="33" start="162" weeks="1111111111111110"/>
    <class days="0101000" id="245" room="33" start="174" weeks="1111111111111110"/>
    <class days="0101000" id="246" room="33" start="138" weeks="1111111111111110"/>
    <class days="0101000" id="247" room="33" start="150" weeks="1111111111111110"/>
    <class days="1010000" id="248" room="33" start="126" weeks="1111111111111110"/>
    <class days="1010000" id="249" room="33" start="138" weeks="1111111111111110"/>
    <class days="1010000" id="250" room="33" start="174" weeks="1111111111111110"/>
    <class days="1010000" id="251" room="33" start="186" weeks="1111111111111110"/>
    <class days="0000100" id="252" room="33" start="126" weeks="1111111111111110"/>
    <class days="0000100" id="253" room="33" start="138" weeks="1111111111111110"/>
    <class days="0000100" id="254" room="33" start="174" weeks="1111111111111110"/>
    <class days="0000100" id="255" room="33" start="186" weeks="1111111111111110"/>
    <class days="1010100" id="256" room="55" start="102" weeks="1111111111111110"/>
    <class days="0000100" id="257" room="68" start="102" weeks="1111111111111110"/>
    <class days="1010100" id="258" room="55" start="126" weeks="1111111111111110"/>
    <class days="1010100" id="259" room="33" start="114" weeks="1111111111111110"/>
    <class days="0001000" id="260" room="22" start="102" weeks="1111111111111110"/>
    <class days="0001000" id="261" room="1" start="102" weeks="1111111111111110"/>
    <class days="0001000" id="262" room="1" start="126" weeks="1111111111111110"/>
    <class days="0001000" id="263" room="58" start="126" weeks="1111111111111110"/>
    <class days="1010100" id="264" room="33" start="102" weeks="1111111111111110"/>
    <class days="0100000" id="265" room="19" start="102" weeks="1111111111111110"/>
    <class days="0100000" id="266" room="40" start="126" weeks="1111111111111110"/>
    <class days="1010100" id="267" room="55" start="198" weeks="1111111111111110"/>
    <class days="1010100" id="268" room="33" start="162" weeks="1111111111111110"/>
    <class days="1010100" id="269" room="55" start="162" weeks="1111111111111110"/>
    <class days="1010100" id="270" room="58" start="114" weeks="1111111111111110"/>
    <class days="1010100" id="271" room="55" start="114" weeks="1111111111111110"/>
    <class days="1010100" id="272" room="34" start="114" weeks="1111111111111110"/>
    <class days="1010100" id="273" room="26" start="162" weeks="1111111111111110"/>
    <class days="1010100" id="274" room="74" start="162" weeks="1111111111111110"/>
    <class days="1101100" id="275" room="55" start="150" weeks="1111111111111110"/>
    <class days="1010100" id="276" room="1" start="138" weeks="1111111111111110"/>
    <class days="1010100" id="277" room="19" start="102" weeks="1111111111111110"/>
    <class days="0101000" id="278" room="53" start="126" weeks="1111111111111110"/>
    <class days="0101000" id="279" room="19" start="126" weeks="1111111111111110"/>
    <class days="0100000" id="280" room="40" start="186" weeks="1111111111111110"/>
    <class days="0100000" id="281" room="55" start="198" weeks="1111111111111110"/>
    <class days="0001000" id="282" room="55" start="198" weeks="1111111111111110"/>
    <class days="1010100" id="283" room="35" start="174" weeks="1111111111111110"/>
    <class days="1010100" id="284" room="15" start="150" weeks="1111111111111110"/>
    <class days="0101000" id="285" room="60" start="162" weeks="1111111111111110"/>
    <class days="1010100" id="286" room="46" start="126" weeks="1111111111111110"/>
    <class days="0101000" id="287" room="71" start="108" weeks="1111111111111110"/>
    <class days="0010100" id="288" room="55" start="174" weeks="1111111111111110"/>
    <class days="1000100" id="289" room="65" start="162" weeks="1111111111111110"/>
    <class days="1000100" id="290" room="65" start="150" weeks="1111111111111110"/>
    <class days="1000100" id="291" room="6" start="186" weeks="1111111111111110"/>
    <class days="1010000" id="292" room="35" start="162" weeks="1111111111111110"/>
    <class days="0101000" id="293" room="13" start="162" weeks="1111111111111110"/>
    <class days="0010100" id="294" room="74" start="186" weeks="1111111111111110"/>
    <class days="1010000" id="295" room="4" start="150" weeks="1111111111111110"/>
    <class days="0101000" id="296" room="19" start="180" weeks="1111111111111110"/>
    <class days="1010000" id="297" room="37" start="162" weeks="1111111111111110"/>
    <class days="0101000" id="298" room="58" start="144" weeks="1111111111111110"/>
    <class days="1010000" id="299" room="4" start="126" weeks="1111111111111110"/>
    <class days="0101000" id="300" room="75" start="180" weeks="1111111111111110"/>
    <class days="1000100" id="301" room="39" start="186" weeks="1111111100000000"/>
    <class days="1010000" id="302" room="39" start="186" weeks="0000000011111110"/>
    <class days="0101000" id="303" room="2" start="114" weeks="1111111111111110"/>
    <class days="0101000" id="304" room="6" start="144" weeks="1111111111111110"/>
    <class days="0101000" id="305" room="57" start="102" weeks="1111111111111110"/>
    <class days="1010000" id="306" room="29" start="138" weeks="1111111111111110"/>
    <class days="0101000" id="307" room="44" start="162" weeks="1111111111111110"/>
    <class days="0101000" id="308" room="35" start="126" weeks="1111111111111110"/>
    <class days="1010000" id="309" room="25" start="138" weeks="1111111111111110"/>
    <class days="0101000" id="310" room="34" start="108" weeks="1111111111111110"/>
    <class days="0100000" id="311" room="25" start="186" weeks="1111111111111110"/>
    <class days="0100000" id="312" room="16" start="114" weeks="1111100000000000"/>
    <class days="0001000" id="313" room="14" start="114" weeks="1111100000000000"/>
    <class days="0010000" id="314" room="14" start="126" weeks="1111111111111110"/>
    <class days="0000100" id="315" room="14" start="114" weeks="1111111111111110"/>
    <class days="0010000" id="316" room="16" start="174" weeks="1111111100000000"/>
    <class days="0101000" id="317" room="16" start="162" weeks="1111111111111110"/>
    <class days="0010000" id="318" room="14" start="162" weeks="1111111111111110"/>
    <class days="1000000" id="319" room="14" start="174" weeks="1011111111111110"/>
    <class days="1000000" id="320" room="14" start="162" weeks="1011111111111110"/>
    <class days="0001000" id="321" room="14" start="126" weeks="1111111111111110"/>
    <class days="1000000" id="322" room="16" start="126" weeks="1011111100000000"/>
    <class days="0000100" id="323" room="22" start="162" weeks="1111111111111110"/>
    <class days="1000000" id="324" room="58" start="150" weeks="1011111111111110"/>
    <class days="0101000" id="325" room="72" start="114" weeks="1111111111111110"/>
    <class days="0101000" id="326" room="63" start="186" weeks="1111111111111110"/>
    <class days="0101000" id="327" room="51" start="198" weeks="1111111111111110"/>
    <class days="0101000" id="328" room="63" start="102" weeks="1111111111111110"/>
    <class days="0101000" id="329" room="33" start="90" weeks="1111111111111110"/>
    <class days="0100000" id="330" room="72" start="162" weeks="1111111111111110"/>
    <class days="0010000" id="331" room="65" start="150" weeks="1111111111111110"/>
    <class days="1000000" id="332" room="1" start="126" weeks="1011111111111110"/>
    <class days="0101000" id="333" room="34" start="180" weeks="1111111111111110"/>
    <class days="0101000" id="334" room="62" start="162" weeks="1111111111111110"/>
    <class days="0010000" id="335" room="34" start="186" weeks="1111111111111110"/>
    <class days="1000000" id="336" room="34" start="186" weeks="1011111111111110"/>
    <class days="0101000" id="337" room="66" start="150" weeks="1111111111111110"/>
    <class days="0101000" id="338" room="67" start="102" weeks="1111111111111110"/>
    <class days="1010100" id="339" room="66" start="162" weeks="1111111111111110"/>
    <class days="1010100" id="340" room="35" start="186" weeks="1111111111111110"/>
    <class days="1010100" id="341" room="45" start="114" weeks="1111111111111110"/>
    <class days="1010100" id="342" room="55" start="138" weeks="1111111111111110"/>
    <class days="1010100" id="343" room="57" start="150" weeks="1111111111111110"/>
    <class days="1010100" id="344" room="24" start="174" weeks="1111111111111110"/>
    <class days="0101000" id="345" room="26" start="198" weeks="1111111111111110"/>
    <class days="0101000" id="346" room="26" start="162" weeks="1111111111111110"/>
    <class days="1010100" id="347" room="29" start="126" weeks="1111111111111110"/>
    <class days="0101000" id="348" room="55" start="108" weeks="1111111111111110"/>
    <class days="0101000" id="349" room="15" start="144" weeks="1111111111111110"/>
    <class days="0101000" id="350" room="72" start="180" weeks="1111111111111110"/>
    <class days="1010000" id="351" room="72" start="198" weeks="1111111111111110"/>
    <class days="1010100" id="352" room="24" start="162" weeks="1111111111111110"/>
    <class days="1000100" id="353" room="65" start="114" weeks="1111111100000000"/>
    <class days="0101000" id="354" room="28" start="162" weeks="1111111111111110"/>
    <class days="0101000" id="355" room="5" start="102" weeks="1111111111111110"/>
    <class days="0101000" id="356" room="17" start="144" weeks="1111111111111110"/>
    <class days="0101000" id="357" room="66" start="90" weeks="1111111111111110"/>
    <class days="0101000" id="358" room="52" start="144" weeks="1111111111111110"/>
    <class days="0101000" id="359" room="74" start="180" weeks="1111111111111110"/>
    <class days="0101000" id="360" room="29" start="108" weeks="1111111111111110"/>
    <class days="0101000" id="361" room="66" start="198" weeks="1111111111111110"/>
    <class days="1000100" id="362" room="37" start="138" weeks="1111111111111110"/>
    <class days="0010000" id="363" room="58" start="138" weeks="1111111111111110"/>
    <class days="0101000" id="364" room="7" start="108" weeks="1111111111111110"/>
    <class days="0101000" id="365" room="28" start="144" weeks="1111111111111110"/>
    <class days="0100000" id="366" room="68" start="198" weeks="1111111111111110"/>
    <class days="0101000" id="367" room="34" start="126" weeks="1111111111111110"/>
    <class days="0000100" id="368" room="42" start="102" weeks="1111111111111110"/>
    <class days="0000100" id="369" room="42" start="114" weeks="1111111111111110"/>
    <class days="1010100" id="370" room="51" start="102" weeks="1111111111111110"/>
    <class days="0101000" id="371" room="34" start="144" weeks="1111111111111110"/>
    <class days="1010000" id="372" room="53" start="126" weeks="1111111111111110"/>
    <class days="1010000" id="373" room="67" start="126" weeks="1111111111111110"/>
    <class days="1010000" id="374" room="11" start="174" weeks="1111111111111110"/>
    <class days="0101000" id="375" room="70" start="108" weeks="1111111111111110"/>
    <class days="0000100" id="376" room="42" start="162" weeks="1111111111111110"/>
    <class days="1010100" id="377" room="70" start="126" weeks="1111111111111110"/>
    <class days="0101000" id="378" room="11" start="126" weeks="1111111111111110"/>
    <class days="1010100" id="379" room="6" start="108" weeks="1111111111000000"/>
    <class days="0100000" id="380" room="42" start="126" weeks="1111111111111110"/>
    <class days="0101000" id="381" room="72" start="126" weeks="1111111111111110"/>
    <class days="0101000" id="382" room="58" start="108" weeks="1111111111111110"/>
    <class days="0101000" id="383" room="29" start="198" weeks="1111111111111110"/>
    <class days="0001000" id="384" room="6" start="186" weeks="1111111111111110"/>
    <class days="0001000" id="385" room="6" start="198" weeks="1111111111111110"/>
    <class days="0001000" id="386" room="44" start="126" weeks="1111111111111110"/>
    <class days="1010100" id="387" room="49" start="150" weeks="1111111111111110"/>
    <class days="1010100" id="388" room="4" start="162" weeks="1111111111111110"/>
    <class days="1010100" id="389" room="4" start="198" weeks="1111111111111110"/>
    <class days="1010100" id="390" room="74" start="126" weeks="1111111111111110"/>
    <class days="1010100" id="391" room="4" start="186" weeks="1111111111111110"/>
    <class days="1010100" id="392" room="29" start="174" weeks="1111111111111110"/>
    <class days="1010100" id="393" room="72" start="114" weeks="1111111111111110"/>
    <class days="0101000" id="394" room="55" start="162" weeks="1111111111111110"/>
    <class days="1010100" id="395" room="24" start="138" weeks="1111111111111110"/>
    <class days="1010100" id="396" room="63" start="186" weeks="1111111111111110"/>
    <class days="0101000" id="397" room="29" start="144" weeks="1111111111111110"/>
    <class days="0101000" id="398" room="75" start="198" weeks="1111111111111110"/>
    <class days="1010100" id="399" room="75" start="102" weeks="1111111111111110"/>
    <class days="1010100" id="400" room="62" start="198" weeks="1111111111111110"/>
    <class days="0010000" id="401" room="62" start="210" weeks="1000000010000000"/>
    <class days="0101000" id="402" room="57" start="198" weeks="1111111111111110"/>
    <class days="1010100" id="403" room="75" start="174" weeks="1111111111111110"/>
    <class days="1010100" id="404" room="28" start="174" weeks="1111111111111110"/>
    <class days="1010100" id="405" room="44" start="186" weeks="1111111111111110"/>
    <class days="1010100" id="406" room="11" start="150" weeks="1111111111111110"/>
    <class days="1010100" id="407" room="28" start="186" weeks="1111111111111110"/>
    <class days="1010100" id="408" room="72" start="102" weeks="1111111111111110"/>
    <class days="1010100" id="409" room="72" start="138" weeks="1111111111111110"/>
    <class days="0101000" id="410" room="49" start="180" weeks="1111111111111110"/>
    <class days="0101000" id="411" room="44" start="180" weeks="1111111111111110"/>
    <class days="1010100" id="412" room="75" start="162" weeks="1111111111111110"/>
    <class days="0101000" id="413" room="62" start="114" weeks="1111100000000000"/>
    <class days="0100000" id="414" room="62" start="114" weeks="0000011110000100"/>
    <class days="1010100" id="415" room="61" start="102" weeks="1111111111111110"/>
    <class days="1000000" id="416" room="44" start="138" weeks="1011111111111110"/>
    <class days="1000000" id="417" room="75" start="138" weeks="1011111111111110"/>
    <class days="0101000" id="418" room="29" start="126" weeks="1111111111111110"/>
    <class days="0101000" id="419" room="66" start="126" weeks="1111111111111110"/>
    <class days="1010100" id="420" room="44" start="114" weeks="1111111111111110"/>
    <class days="0001000" id="421" room="36" start="150" weeks="1111111111111110"/>
    <class days="0101000" id="422" room="54" start="198" weeks="1111111111111110"/>
    <class days="1010100" id="423" room="3" start="186" weeks="1111111111111110"/>
    <class days="1010100" id="424" room="75" start="186" weeks="1111111111111110"/>
    <class days="0101000" id="425" room="6" start="108" weeks="1111111111111110"/>
    <class days="0101000" id="426" room="75" start="162" weeks="1111111111111110"/>
    <class days="1010000" id="427" room="11" start="198" weeks="1111111111111110"/>
    <class days="1010100" id="428" room="37" start="174" weeks="1111111111111110"/>
    <class days="1010100" id="429" room="40" start="138" weeks="1111111111111110"/>
    <class days="0101000" id="430" room="3" start="126" weeks="1111111111111110"/>
    <class days="0101000" id="431" room="3" start="144" weeks="1111111111111110"/>
    <class days="1010100" id="432" room="20" start="174" weeks="1111111111111110"/>
    <class days="0001000" id="433" room="4" start="180" weeks="1111111111111110"/>
    <class days="0000100" id="434" room="75" start="138" weeks="1111111111111110"/>
    <class days="0101000" id="435" room="5" start="162" weeks="1111111111111110"/>
    <class days="1010000" id="436" room="58" start="102" weeks="1111111111111110"/>
    <class days="0101000" id="437" room="61" start="114" weeks="1111111111111110"/>
    <class days="0010100" id="438" room="52" start="150" weeks="1111111111111110"/>
    <class days="0101000" id="439" room="52" start="186" weeks="1111111111111110"/>
    <class days="1010000" id="440" room="39" start="162" weeks="1111111111111110"/>
    <class days="0010100" id="441" room="39" start="102" weeks="1111111111111110"/>
    <class days="1000100" id="442" room="49" start="114" weeks="1111111111111110"/>
    <class days="1010000" id="443" room="52" start="102" weeks="1111111111111110"/>
    <class days="0101000" id="444" room="1" start="162" weeks="1111111111111110"/>
    <class days="0100000" id="445" room="56" start="114" weeks="1111111111111110"/>
    <class days="0000100" id="446" room="20" start="186" weeks="1111111111111110"/>
    <class days="0101000" id="447" room="51" start="126" weeks="1111111111111110"/>
    <class days="0101000" id="448" room="62" start="144" weeks="1111111111111110"/>
    <class days="0101000" id="449" room="62" start="126" weeks="1111111111111110"/>
    <class days="0101000" id="450" room="34" start="162" weeks="1111111111111110"/>
    <class days="1010100" id="451" room="62" start="102" weeks="1111111111111110"/>
    <class days="1010100" id="452" room="62" start="162" weeks="1111111111111110"/>
    <class days="1010100" id="453" room="30" start="90" weeks="1111111111111110"/>
    <class days="1010100" id="454" room="30" start="102" weeks="1111111111111110"/>
    <class days="1000000" id="455" room="65" start="126" weeks="1011111111111110"/>
    <class days="1000000" id="456" room="65" start="138" weeks="1011111111111110"/>
    <class days="0100000" id="457" room="65" start="126" weeks="0111111111111110"/>
    <class days="0101000" id="458" room="58" start="186" weeks="1111111111111110"/>
    <class days="0101000" id="459" room="65" start="162" weeks="1111111111111110"/>
    <class days="1010000" id="460" room="22" start="150" weeks="1111111111111110"/>
    <class days="1010000" id="461" room="22" start="162" weeks="1111111111111110"/>
    <class days="0010000" id="462" start="102" weeks="1111111111111110"/>
    <class days="0010000" id="463" start="102" weeks="1111111111111110"/>
    <class days="0010000" id="464" room="13" start="102" weeks="1111111111111110"/>
    <class days="0100000" id="465" room="73" start="198" weeks="1111111111111110"/>
    <class days="0000100" id="466" room="22" start="198" weeks="1111111111111110"/>
    <class days="0000100" id="467" start="198" weeks="1111111111111110"/>
    <class days="0000100" id="468" start="198" weeks="1111111111111110"/>
    <class days="1000000" id="469" room="22" start="102" weeks="1011111111111110"/>
    <class days="1000000" id="470" start="102" weeks="1011111111111110"/>
    <class days="1000000" id="471" start="102" weeks="1011111111111110"/>
    <class days="1010000" id="472" room="8" start="126" weeks="1111111111111110"/>
    <class days="1010100" id="473" room="15" start="186" weeks="1111111111111110"/>
    <class days="0101000" id="474" room="52" start="198" weeks="1111111111111110"/>
    <class days="0001000" id="475" room="39" start="186" weeks="1111111111111110"/>
    <class days="0001000" id="476" room="39" start="180" weeks="1111111111111110"/>
    <class days="0101000" id="477" room="37" start="162" weeks="1111111111111110"/>
    <class days="0100000" id="478" room="37" start="222" weeks="1111111111111110"/>
    <class days="0100000" id="479" room="39" start="186" weeks="1111111111111110"/>
    <class days="1000000" id="480" room="50" start="138" weeks="1011111111111110"/>
    <class days="1000000" id="481" room="50" start="162" weeks="1011111111111110"/>
    <class days="1000000" id="482" room="50" start="186" weeks="1011111111111110"/>
    <class days="0010000" id="483" room="64" start="138" weeks="1111111111111110"/>
    <class days="0010000" id="484" room="64" start="162" weeks="1111111111111110"/>
    <class days="0010000" id="485" room="64" start="186" weeks="1111111111111110"/>
    <class days="0100000" id="486" room="50" start="114" weeks="1111111111111110"/>
    <class days="0100000" id="487" room="50" start="138" weeks="1111111111111110"/>
    <class days="0100000" id="488" room="50" start="90" weeks="1111111111111110"/>
    <class days="0100000" id="489" room="50" start="186" weeks="1111111111111110"/>
    <class days="0100000" id="490" room="50" start="162" weeks="1111111111111110"/>
    <class days="0001000" id="491" room="64" start="114" weeks="1111111111111110"/>
    <class days="0001000" id="492" room="64" start="138" weeks="1111111111111110"/>
    <class days="0001000" id="493" room="64" start="90" weeks="1111111111111110"/>
    <class days="0001000" id="494" room="64" start="186" weeks="1111111111111110"/>
    <class days="0001000" id="495" room="64" start="162" weeks="1111111111111110"/>
    <class days="0001000" id="496" room="50" start="114" weeks="1111111111111110"/>
    <class days="0001000" id="497" room="50" start="186" weeks="1111111111111110"/>
    <class days="0001000" id="498" room="50" start="138" weeks="1111111111111110"/>
    <class days="0001000" id="499" room="50" start="162" weeks="1111111111111110"/>
    <class days="0001000" id="500" room="50" start="90" weeks="1111111111111110"/>
    <class days="0100000" id="501" room="64" start="114" weeks="1111111111111110"/>
    <class days="0100000" id="502" room="64" start="186" weeks="1111111111111110"/>
    <class days="0100000" id="503" room="64" start="138" weeks="1111111111111110"/>
    <class days="0100000" id="504" room="64" start="162" weeks="1111111111111110"/>
    <class days="0100000" id="505" room="64" start="90" weeks="1111111111111110"/>
    <class days="0010000" id="506" room="50" start="90" weeks="1111111111111110"/>
    <class days="0010000" id="507" room="50" start="162" weeks="1111111111111110"/>
    <class days="0010000" id="508" room="50" start="114" weeks="1111111111111110"/>
    <class days="0010000" id="509" room="50" start="138" weeks="1111111111111110"/>
    <class days="0000100" id="510" room="64" start="90" weeks="1111111111111110"/>
    <class days="0000100" id="511" room="64" start="162" weeks="1111111111111110"/>
    <class days="0000100" id="512" room="64" start="114" weeks="1111111111111110"/>
    <class days="0000100" id="513" room="64" start="138" weeks="1111111111111110"/>
    <class days="0000100" id="514" room="50" start="90" weeks="1111111111111110"/>
    <class days="0000100" id="515" room="50" start="114" weeks="1111111111111110"/>
    <class days="0010000" id="516" room="64" start="90" weeks="1111111111111110"/>
    <class days="0010000" id="517" room="64" start="114" weeks="1111111111111110"/>
    <class days="1010100" id="518" room="31" start="138" weeks="1111111111111110"/>
    <class days="1010100" id="519" room="31" start="114" weeks="1111111111111110"/>
    <class days="1010100" id="520" room="31" start="186" weeks="1111111111111110"/>
    <class days="1010100" id="521" room="31" start="162" weeks="1111111111111110"/>
    <class days="0100000" id="522" room="39" start="216" weeks="1111111111111110"/>
    <class days="1111000" id="523" room="50" start="228" weeks="1111111111111110"/>
    <class days="0101000" id="524" room="53" start="150" weeks="1111111111111110"/>
    <class days="0001000" id="525" room="35" start="108" weeks="1111111111111110"/>
    <class days="0001000" id="526" room="21" start="180" weeks="1111111111111110"/>
    <class days="0001000" id="527" room="21" start="198" weeks="1111111111111110"/>
    <class days="0001000" id="528" room="65" start="144" weeks="1111111111111110"/>
    <class days="0101000" id="529" room="68" start="162" weeks="1111111111111110"/>
    <class days="0101000" id="530" room="8" start="180" weeks="1111111111111110"/>
    <class days="0101000" id="531" room="67" start="114" weeks="1111111111111110"/>
    <class days="0101000" id="532" room="48" start="126" weeks="1111111111111110"/>
    <class days="0101000" id="533" room="24" start="108" weeks="1111111111111110"/>
    <class days="0101000" id="534" room="52" start="108" weeks="1111111111111110"/>
    <class days="1000000" id="535" room="20" start="210" weeks="1011111111111110"/>
    <class days="1000000" id="536" room="33" start="198" weeks="1011111111111110"/>
    <class days="1010000" id="537" start="186" weeks="0111111111111110"/>
    <class days="1010100" id="538" room="62" start="174" weeks="1111111111111110"/>
    <class days="1000000" id="539" room="50" start="126" weeks="1011111111111110"/>
    <class days="0101000" id="540" room="48" start="108" weeks="1111111111111110"/>
    <class days="1010100" id="541" room="40" start="102" weeks="1111111111111110"/>
    <class days="0101000" id="542" room="41" start="162" weeks="1111111111111110"/>
    <class days="0101000" id="543" room="7" start="162" weeks="1111111111111110"/>
    <class days="1010100" id="544" room="53" start="114" weeks="1111100000000000"/>
    <class days="0101000" id="545" room="53" start="90" weeks="1111100000000000"/>
    <class days="0010000" id="546" room="53" start="174" weeks="1111111100000000"/>
    <class days="0010000" id="547" room="53" start="162" weeks="1111111111111110"/>
    <class days="1000100" id="548" room="53" start="162" weeks="1111111111111110"/>
    <class days="1010100" id="549" room="53" start="138" weeks="1111111111111110"/>
    <class days="1010100" id="550" room="53" start="102" weeks="1111111111111110"/>
    <class days="0001000" id="551" room="53" start="186" weeks="1111111111111110"/>
    <class days="1010000" id="552" room="53" start="198" weeks="1111111100000000"/>
    <class days="0101000" id="553" room="53" start="108" weeks="1111111111111110"/>
    <class days="0101000" id="554" room="46" start="144" weeks="1111111111111110"/>
    <class days="0001000" id="555" room="60" start="228" weeks="1111111111111110"/>
    <class days="0000100" id="556" room="60" start="228" weeks="1111111111111110"/>
    <class days="0100000" id="557" room="18" start="162" weeks="1111111111111110"/>
    <class days="0101000" id="558" room="45" start="198" weeks="1111111111111110"/>
    <class days="1010000" id="559" room="73" start="186" weeks="1111111111111110"/>
    <class days="0101000" id="560" room="22" start="126" weeks="1111111111111110"/>
    <class days="0101000" id="561" room="22" start="144" weeks="1111111111111110"/>
    <class days="0010000" id="562" room="65" start="186" weeks="1111111111111110"/>
    <class days="1010100" id="563" room="43" start="186" weeks="1111111111111110"/>
    <class days="0101000" id="564" room="43" start="198" weeks="1111111111111110"/>
    <class days="1010100" id="565" room="51" start="126" weeks="1111111111111110"/>
    <class days="0101000" id="566" room="5" start="198" weeks="1111111111111110"/>
    <class days="1010100" id="567" room="5" start="150" weeks="1111111111111110"/>
    <class days="0101000" id="568" room="72" start="90" weeks="1111111111111110"/>
    <class days="0101000" id="569" room="37" start="108" weeks="1111111111111110"/>
    <class days="0101000" id="570" room="28" start="108" weeks="1111111111111110"/>
    <class days="1010100" id="571" room="15" start="138" weeks="1111111111111110"/>
    <class days="1010100" id="572" room="70" start="114" weeks="1111111111111110"/>
    <class days="0101000" id="573" room="70" start="126" weeks="1111111111111110"/>
    <class days="1010000" id="574" room="40" start="126" weeks="1111111111111110"/>
    <class days="0101000" id="575" room="46" start="108" weeks="1111111111111110"/>
    <class days="1010100" id="576" room="18" start="138" weeks="1111111111111110"/>
    <class days="0101000" id="577" room="70" start="144" weeks="1111111111111110"/>
    <class days="1010100" id="578" room="71" start="102" weeks="1111111111111110"/>
    <class days="0101000" id="579" room="44" start="144" weeks="1111111111111110"/>
    <class days="0101000" id="580" room="60" start="108" weeks="1111111111111110"/>
    <class days="0101000" id="581" room="75" start="108" weeks="1111111111111110"/>
    <class days="0101000" id="582" room="18" start="126" weeks="1111111111111110"/>
    <class days="0100000" id="583" room="13" start="150" weeks="1111111111111110"/>
    <class days="0001000" id="584" room="13" start="150" weeks="1111111111111110"/>
    <class days="1010000" id="585" room="28" start="162" weeks="1111111111111110"/>
    <class days="1000000" id="586" room="9" start="126" weeks="1011111111111110"/>
    <class days="0101000" id="587" room="38" start="114" weeks="1111111111111110"/>
    <class days="1010100" id="588" room="4" start="138" weeks="1111111111111110"/>
    <class days="0101000" id="589" room="19" start="162" weeks="1111111111111110"/>
    <class days="1010000" id="590" room="17" start="102" weeks="1111111111111110"/>
    <class days="0000100" id="591" room="7" start="114" weeks="1111111111111110"/>
    <class days="1010000" id="592" room="7" start="114" weeks="1111111111111110"/>
    <class days="1010000" id="593" room="7" start="162" weeks="1111111111111110"/>
    <class days="0001000" id="594" room="7" start="186" weeks="1111111111111110"/>
    <class days="0001000" id="595" room="7" start="198" weeks="1111111111111110"/>
    <class days="0001000" id="596" room="7" start="180" weeks="1111111111111110"/>
    <class days="1000000" id="597" room="66" start="186" weeks="1000100010001000"/>
    <class days="0101000" id="598" room="56" start="162" weeks="1111111111111110"/>
    <class days="0100000" id="599" room="6" start="198" weeks="1111111111111110"/>
    <class days="0100000" id="600" room="6" start="210" weeks="1111111111111110"/>
    <class days="1010000" id="601" room="19" start="138" weeks="1111111111111110"/>
    <class days="0101000" id="602" room="25" start="126" weeks="1111111111111110"/>
    <class days="0100000" id="603" room="25" start="162" weeks="1111111100000000"/>
    <class days="0101000" id="604" room="53" start="162" weeks="1111111111111110"/>
    <class days="0000100" id="605" room="68" start="186" weeks="1111111111111110"/>
    <class days="1010000" id="606" room="68" start="186" weeks="1111111111111110"/>
    <class days="0001000" id="607" room="15" start="162" weeks="1111111111111110"/>
    <class days="1010100" id="608" room="66" start="114" weeks="1111111111111110"/>
    <class days="1010100" id="609" room="35" start="126" weeks="1111111111111110"/>
    <class days="1010000" id="610" room="57" start="198" weeks="1111111111111110"/>
    <class days="0000100" id="611" room="57" start="198" weeks="1111111111111110"/>
    <class days="1010100" id="612" room="56" start="186" weeks="1111111111111110"/>
    <class days="1010100" id="613" room="26" start="138" weeks="1111111111111110"/>
    <class days="1010100" id="614" room="24" start="186" weeks="1111111111111110"/>
    <class days="1010100" id="615" room="24" start="150" weeks="1111111111111110"/>
    <class days="1010100" id="616" room="66" start="126" weeks="1111111111111110"/>
    <class days="0101000" id="617" room="66" start="162" weeks="1111111111111110"/>
    <class days="0101000" id="618" room="55" start="126" weeks="1111111111111110"/>
    <class days="0101000" id="619" room="24" start="144" weeks="1111111111111110"/>
    <class days="1010100" id="620" room="29" start="114" weeks="1111111111111110"/>
    <class days="1010000" id="621" room="26" start="150" weeks="1111111111111110"/>
    <class days="0000100" id="622" room="26" start="150" weeks="1111111111111110"/>
    <class days="1010000" id="623" room="1" start="174" weeks="1111111111111110"/>
    <class days="0000100" id="624" room="1" start="174" weeks="1111111111111110"/>
    <class days="0101000" id="625" room="4" start="144" weeks="1111111111111110"/>
    <class days="1010100" id="626" room="45" start="126" weeks="1111111111111110"/>
    <class days="0101000" id="627" room="45" start="108" weeks="1111111111111110"/>
    <class days="1010100" id="628" room="45" start="102" weeks="1111111111111110"/>
    <class days="0100000" id="629" room="15" start="198" weeks="1111111111111110"/>
    <class days="0101000" id="630" room="75" start="144" weeks="1111111111111110"/>
    <class days="1000000" id="631" room="13" start="192" weeks="1011111111111110"/>
    <class days="0010100" id="632" room="68" start="162" weeks="1111111111111110"/>
    <class days="0010000" id="633" room="60" start="174" weeks="1111111111111110"/>
    <class days="0010000" id="634" room="60" start="198" weeks="1111111111111110"/>
    <class days="0010000" id="635" room="60" start="126" weeks="1111111111111110"/>
    <class days="0010000" id="636" room="60" start="150" weeks="1111111111111110"/>
    <class days="0010000" id="637" room="60" start="210" weeks="1111111111111110"/>
    <class days="0101000" id="638" room="25" start="144" weeks="1111111111111110"/>
    <class days="1010100" id="639" room="7" start="126" weeks="1111111111111110"/>
    <class days="0100000" id="640" room="7" start="138" weeks="1111111111111110"/>
    <class days="0100000" id="641" room="60" start="180" weeks="1111111111111110"/>
    <class days="1010100" id="642" room="13" start="162" weeks="1111111111111110"/>
    <class days="1010100" id="643" room="13" start="138" weeks="1111111111111110"/>
    <class days="1000000" id="644" room="58" start="138" weeks="1011111111111110"/>
    <class days="1000000" id="645" room="58" start="126" weeks="1011111111111110"/>
    <class days="1010100" id="646" room="24" start="102" weeks="1111111111111110"/>
    <class days="0010100" id="647" room="21" start="138" weeks="1111111111111110"/>
    <class days="0010100" id="648" room="21" start="150" weeks="1111111111111110"/>
    <class days="1010000" id="649" room="8" start="138" weeks="1111111111111110"/>
    <class days="1010000" id="650" room="68" start="114" weeks="1111111111111110"/>
    <class days="1010100" id="651" room="24" start="126" weeks="1111111111111110"/>
    <class days="1010100" id="652" room="34" start="102" weeks="1111111111111110"/>
    <class days="0100000" id="653" room="22" start="162" weeks="1111111111111110"/>
    <class days="0100000" id="654" room="22" start="180" weeks="1111111111111110"/>
    <class days="1010100" id="655" room="62" start="90" weeks="1111111111111110"/>
    <class days="1010100" id="656" room="62" start="138" weeks="1111111111111110"/>
    <class days="1010100" id="657" room="34" start="138" weeks="1111111111111110"/>
    <class days="1010100" id="658" room="56" start="198" weeks="1111111111111110"/>
    <class days="1010100" id="659" room="62" start="150" weeks="1111111111111110"/>
    <class days="1010100" id="660" room="34" start="174" weeks="1111111111111110"/>
    <class days="1010100" id="661" room="34" start="162" weeks="1111111111111110"/>
    <class days="1010100" id="662" room="25" start="162" weeks="1111111111111110"/>
    <class days="1010100" id="663" room="72" start="150" weeks="1111111111111110"/>
    <class days="1010100" id="664" room="25" start="114" weeks="1111111111111110"/>
    <class days="1010100" id="665" room="72" start="186" weeks="1111111111111110"/>
    <class days="1010100" id="666" room="25" start="102" weeks="1111111111111110"/>
    <class days="1010100" id="667" room="72" start="174" weeks="1111111111111110"/>
    <class days="1010100" id="668" room="72" start="126" weeks="1111111111111110"/>
    <class days="0101000" id="669" room="55" start="180" weeks="1111111111111110"/>
    <class days="0000100" id="670" room="29" start="150" weeks="1111111111111110"/>
    <class days="0100000" id="671" room="24" start="198" weeks="1111111111111110"/>
    <class days="1010000" id="672" room="62" start="126" weeks="1111111111111110"/>
    <class days="0000100" id="673" room="58" start="150" weeks="1111111111111110"/>
    <class days="0000100" id="674" room="62" start="126" weeks="1111111111111110"/>
    <class days="1010100" id="675" room="35" start="138" weeks="1111111111111110"/>
    <class days="1010100" id="676" room="66" start="174" weeks="1111111111111110"/>
    <class days="1010100" id="677" room="45" start="186" weeks="1111111111111110"/>
    <class days="0101000" id="678" room="13" start="192" weeks="1111111111111110"/>
    <class days="1010100" id="679" room="61" start="90" weeks="1111111111111110"/>
    <class days="1010100" id="680" room="61" start="126" weeks="1111111111111110"/>
    <class days="1010100" id="681" room="61" start="150" weeks="1111111111111110"/>
    <class days="1010100" id="682" room="61" start="174" weeks="1111111111111110"/>
    <class days="1010100" id="683" room="61" start="198" weeks="1111111111111110"/>
    <class days="0101000" id="684" room="56" start="102" weeks="1111111111111110"/>
    <class days="0101000" id="685" room="57" start="126" weeks="1111111111111110"/>
    <class days="1010100" id="686" room="61" start="114" weeks="1111111111111110"/>
    <class days="1010100" id="687" room="61" start="162" weeks="1111111111111110"/>
    <class days="1010100" id="688" room="61" start="186" weeks="1111111111111110"/>
    <class days="1010100" id="689" room="57" start="102" weeks="1111111111111110"/>
    <class days="1010100" id="690" room="57" start="126" weeks="1111111111111110"/>
    <class days="1010100" id="691" room="57" start="138" weeks="1111111111111110"/>
    <class days="1010100" id="692" room="57" start="174" weeks="1111111111111110"/>
    <class days="0001000" id="693" room="61" start="150" weeks="1111111111111110"/>
    <class days="0100000" id="694" room="61" start="216" weeks="1111111111111110"/>
    <class days="1010100" id="695" room="2" start="102" weeks="1111111111111110"/>
    <class days="1010100" id="696" room="2" start="126" weeks="1111111111111110"/>
    <class days="1010100" id="697" room="2" start="186" weeks="1111111111111110"/>
    <class days="1010100" id="698" room="38" start="126" weeks="1111111111111110"/>
    <class days="1010100" id="699" room="38" start="150" weeks="1111111111111110"/>
    <class days="1010100" id="700" room="38" start="186" weeks="1111111111111110"/>
    <class days="1010100" id="701" room="2" start="114" weeks="1111111111111110"/>
    <class days="1010100" id="702" room="2" start="150" weeks="1111111111111110"/>
    <class days="0100000" id="703" room="61" start="174" weeks="1111111111111110"/>
    <class days="1010100" id="704" room="49" start="102" weeks="1111111111111110"/>
    <class days="1010100" id="705" room="49" start="138" weeks="1111111111111110"/>
    <class days="1010100" id="706" room="49" start="162" weeks="1111111111111110"/>
    <class days="1010100" id="707" room="2" start="138" weeks="1111111111111110"/>
    <class days="1010100" id="708" room="2" start="162" weeks="1111111111111110"/>
    <class days="1010100" id="709" room="2" start="174" weeks="1111111111111110"/>
    <class days="0101000" id="710" room="61" start="102" weeks="1111111111111110"/>
    <class days="0001000" id="711" room="57" start="114" weeks="1010101010101010"/>
    <class days="0101000" id="712" room="61" start="138" weeks="1111111111111110"/>
    <class days="0001000" id="713" room="54" start="150" weeks="1010101010101010"/>
    <class days="0101000" id="714" room="61" start="126" weeks="1111111111111110"/>
    <class days="0000100" id="715" room="11" start="174" weeks="0101010101010100"/>
    <class days="0101000" id="716" room="61" start="162" weeks="1111111111111110"/>
    <class days="0000100" id="717" room="40" start="186" weeks="0101010101010100"/>
    <class days="0101000" id="718" room="61" start="186" weeks="1111111111111110"/>
    <class days="0000100" id="719" room="15" start="102" weeks="0101010101010100"/>
    <class days="0100000" id="720" room="61" start="150" weeks="1111111111111110"/>
    <class days="1010100" id="721" room="15" start="114" weeks="1111111111111110"/>
    <class days="1010100" id="722" room="57" start="162" weeks="1111111111111110"/>
    <class days="0101000" id="723" room="57" start="162" weeks="1111111111111110"/>
    <class days="0101000" id="724" room="38" start="150" weeks="1111111111111110"/>
    <class days="1000100" id="725" room="58" start="162" weeks="1111111111111110"/>
    <class days="0010100" id="726" room="58" start="126" weeks="1111111111111110"/>
    <class days="0101000" id="727" room="4" start="162" weeks="1111111111111110"/>
    <class days="0101000" id="728" room="11" start="114" weeks="1111111111111110"/>
    <class days="1010100" id="729" room="54" start="186" weeks="1111111111111110"/>
    <class days="1010100" id="730" room="54" start="150" weeks="1111111111111110"/>
    <class days="1010100" id="731" room="3" start="138" weeks="1111111111111110"/>
    <class days="1010100" id="732" room="46" start="102" weeks="1111111111111110"/>
    <class days="1010100" id="733" room="11" start="138" weeks="1111111111111110"/>
    <class days="1010000" id="734" room="4" start="114" weeks="1111111111111110"/>
    <class days="0101000" id="735" room="25" start="102" weeks="1111111111111110"/>
    <class days="0101000" id="736" room="1" start="150" weeks="1111111111111110"/>
    <class days="0101000" id="737" room="58" start="162" weeks="1111111111111110"/>
    <class days="0101000" id="738" room="44" start="108" weeks="1111111111111110"/>
    <class days="1010100" id="739" room="70" start="102" weeks="1111111111111110"/>
    <class days="1010000" id="740" room="72" start="162" weeks="1111111111111110"/>
    <class days="1000100" id="741" room="52" start="138" weeks="1111111111111110"/>
    <class days="0101000" id="742" room="62" start="198" weeks="1111111111111110"/>
    <class days="0101000" id="743" room="62" start="90" weeks="1111111111111110"/>
    <class days="0101000" id="744" room="66" start="108" weeks="1111111111111110"/>
    <class days="0101000" id="745" room="33" start="198" weeks="1111111111111110"/>
    <class days="0101000" id="746" room="33" start="108" weeks="1111111111111110"/>
    <class days="0100000" id="747" room="8" start="126" weeks="1111111111111110"/>
    <class days="0100000" id="748" room="8" start="144" weeks="1111111111111110"/>
    <class days="0001000" id="749" room="8" start="144" weeks="1111111111111110"/>
    <class days="0001000" id="750" room="8" start="126" weeks="1111111111111110"/>
    <class days="1010100" id="751" room="30" start="162" weeks="1111111111111110"/>
    <class days="1010100" id="752" room="30" start="174" weeks="1111111111111110"/>
    <class days="0101000" id="753" room="30" start="162" weeks="1111111111111110"/>
    <class days="0101000" id="754" room="30" start="180" weeks="1111111111111110"/>
    <class days="1010100" id="755" room="30" start="138" weeks="1111111111111110"/>
    <class days="0101000" id="756" room="30" start="90" weeks="1111111111111110"/>
    <class days="0101000" id="757" room="30" start="108" weeks="1111111111111110"/>
    <class days="0101000" id="758" room="30" start="126" weeks="1111111111111110"/>
    <class days="0101000" id="759" room="30" start="144" weeks="1111111111111110"/>
    <class days="0101000" id="760" room="67" start="126" weeks="1111111111111110"/>
    <class days="0101000" id="761" room="67" start="144" weeks="1111111111111110"/>
    <class days="1010000" id="762" room="57" start="114" weeks="1111111111111110"/>
    <class days="1010000" id="763" room="29" start="150" weeks="1111111111111110"/>
    <class days="0101000" id="764" room="38" start="162" weeks="1111111111111110"/>
    <class days="1010100" id="765" room="28" start="126" weeks="1111111111111110"/>
    <class days="1010100" id="766" room="11" start="162" weeks="1111111111111110"/>
    <class days="1010100" id="767" room="3" start="102" weeks="1111111111111110"/>
    <class days="1010000" id="768" room="20" start="138" weeks="1111111111111110"/>
    <class days="1010100" id="769" room="28" start="114" weeks="1111111111111110"/>
    <class days="0010000" id="770" room="29" start="186" weeks="1111111111111110"/>
    <class days="1000100" id="771" room="29" start="186" weeks="1111111111111110"/>
    <class days="0101000" id="772" room="35" start="144" weeks="1111111111111110"/>
    <class days="0101000" id="773" room="35" start="162" weeks="1111111111111110"/>
    <class days="0100000" id="774" room="57" start="72" weeks="1111111111111110"/>
    <class days="1010100" id="775" room="20" start="114" weeks="1111111111111110"/>
    <class days="1010100" id="776" room="24" start="90" weeks="1111111111111110"/>
    <class days="0010000" id="777" room="57" start="186" weeks="1111111111111110"/>
    <class days="0010000" id="778" room="13" start="186" weeks="1111111111111110"/>
    <class days="0100000" id="779" room="36" start="126" weeks="1111111111111110"/>
    <class days="0100000" id="780" room="52" start="162" weeks="1111111111111110"/>
    <class days="0001000" id="781" room="52" start="162" weeks="1111111111111110"/>
    <class days="0101000" id="782" room="26" start="180" weeks="1111111111111110"/>
    <class days="0010000" id="783" room="58" start="162" weeks="1111111111111110"/>
    <class days="0010000" id="784" room="58" start="186" weeks="1111111111111110"/>
    <class days="1010000" id="785" room="52" start="114" weeks="1111111111111110"/>
    <class days="0101000" id="786" room="42" start="162" weeks="1111111111111110"/>
    <class days="0100000" id="787" room="39" start="138" weeks="0101010100000000"/>
    <class days="0101000" id="788" room="39" start="114" weeks="1111111111111110"/>
    <class days="0101000" id="789" room="45" start="90" weeks="1111111111111110"/>
    <class days="0100000" id="790" room="39" start="138" weeks="1010101000000000"/>
    <class days="1000000" id="791" room="21" start="150" weeks="1011111111111110"/>
    <class days="0101000" id="792" start="126" weeks="1111111111111110"/>
    <class days="0101000" id="793" start="198" weeks="1111111111111110"/>
    <class days="0101000" id="794" room="8" start="198" weeks="1111111111111110"/>
    <class days="0101000" id="795" room="68" start="126" weeks="1111111111111110"/>
    <class days="1000000" id="796" room="68" start="138" weeks="1011111111111110"/>
    <class days="0010000" id="797" room="68" start="138" weeks="1111111111111110"/>
    <class days="1000000" id="798" room="21" start="216" weeks="1011111111111000"/>
    <class days="1000000" id="799" room="21" start="240" weeks="1011111111111000"/>
    <class days="1000000" id="800" room="65" start="192" weeks="1011111111111000"/>
    <class days="0010000" id="801" start="222" weeks="1000100100100000"/>
    <class days="0010000" id="802" room="21" start="216" weeks="1000100010100100"/>
    <class days="0001000" id="803" room="63" start="198" weeks="1000000000000000"/>
    <class days="0001000" id="804" room="63" start="198" weeks="0000000000001000"/>
    <class days="0101000" id="805" room="3" start="114" weeks="1111111111111110"/>
    <class days="0010000" id="806" room="9" start="114" weeks="1111111111111110"/>
    <class days="0100000" id="807" room="42" start="150" weeks="1111111111111110"/>
    <class days="0001000" id="808" room="42" start="150" weeks="1111111111111110"/>
    <class days="0100000" id="809" room="1" start="102" weeks="1111111111111110"/>
    <class days="0101000" id="810" room="4" start="126" weeks="1111111111111110"/>
    <class days="1000000" id="811" room="25" start="186" weeks="1011111111111110"/>
    <class days="0101000" id="812" room="2" start="162" weeks="1111111111111110"/>
    <class days="1010100" id="813" room="40" start="150" weeks="1111111111111110"/>
    <class days="1010000" id="814" room="70" start="162" weeks="1111111111111110"/>
    <class days="1000000" id="815" room="37" start="126" weeks="1011111111111110"/>
    <class days="1010100" id="816" room="74" start="102" weeks="1111111111111110"/>
    <class days="1000000" id="817" room="38" start="174" weeks="1011111111111110"/>
    <class days="0000100" id="818" room="48" start="162" weeks="1111111111111110"/>
    <class days="1010000" id="819" room="19" start="126" weeks="1111111111111110"/>
    <class days="0000100" id="820" room="25" start="126" weeks="1111111111111110"/>
    <class days="0000100" id="821" room="25" start="138" weeks="1111111111111110"/>
    <class days="1010100" id="822" room="30" start="114" weeks="1111111111111110"/>
    <class days="1010100" id="823" room="30" start="126" weeks="1111111111111110"/>
    <class days="1010100" id="824" room="30" start="150" weeks="1111111111111110"/>
    <class days="1010100" id="825" room="30" start="186" weeks="1111111111111110"/>
    <class days="1010100" id="826" room="30" start="198" weeks="1111111111111110"/>
    <class days="1000100" id="827" room="26" start="186" weeks="1111111111111110"/>
    <class days="0101000" id="828" room="36" start="162" weeks="1111111111111110"/>
    <class days="1010100" id="829" room="65" start="174" weeks="1111111111111110"/>
    <class days="1010100" id="830" room="71" start="138" weeks="1111111111111110"/>
    <class days="0101000" id="831" room="24" start="162" weeks="1111111111111110"/>
    <class days="1010100" id="832" room="7" start="150" weeks="1111111111111110"/>
    <class days="0001000" id="833" room="13" start="126" weeks="1111111111111110"/>
    <class days="0001000" id="834" start="126" weeks="1111111111111110"/>
    <class days="0000100" id="835" room="13" start="174" weeks="1111111111111110"/>
    <class days="0100000" id="836" room="13" start="126" weeks="0001111111111110"/>
    <class days="1010000" id="837" room="13" start="174" weeks="1111111111111110"/>
    <class days="0000100" id="838" room="56" start="174" weeks="1111111111111110"/>
    <class days="0001000" id="839" room="45" start="126" weeks="1111111111111110"/>
    <class days="1010100" id="840" room="36" start="138" weeks="1111111111111110"/>
    <class days="1010100" id="841" room="36" start="162" weeks="1111111111111110"/>
    <class days="0101000" id="842" room="36" start="138" weeks="1111111111111110"/>
    <class days="0101000" id="843" room="51" start="150" weeks="1111111111111110"/>
    <class days="1101100" id="844" room="36" start="102" weeks="0001111111111110"/>
    <class days="1010100" id="845" room="36" start="126" weeks="0001111111111110"/>
    <class days="0010000" id="846" room="36" start="102" weeks="0001111111111110"/>
    <class days="0001000" id="847" room="36" start="126" weeks="0001111111111110"/>
    <class days="0100000" id="848" room="36" start="174" weeks="0100000000000000"/>
    <class days="1101100" id="849" room="36" start="174" weeks="0001111111111110"/>
    <class days="0101000" id="850" room="67" start="162" weeks="0000000011111110"/>
    <class days="0101000" id="851" room="57" start="138" weeks="0001111111111110"/>
    <class days="1000100" id="852" room="36" start="198" weeks="0001111111111110"/>
    <class days="0010000" id="853" room="36" start="204" weeks="1011111111111110"/>
    <class days="0101000" id="854" room="36" start="198" weeks="1011111111111110"/>
    <class days="0101000" id="855" room="63" start="150" weeks="1111111111111110"/>
    <class days="0101000" id="856" room="63" start="162" weeks="1111111111111110"/>
    <class days="0101000" id="857" room="63" start="138" weeks="1111111111111110"/>
    <class days="0101000" id="858" room="63" start="114" weeks="1111111111111110"/>
    <class days="0101000" id="859" room="63" start="126" weeks="1111111111111110"/>
    <class days="0101000" id="860" room="63" start="174" weeks="1111111111111110"/>
    <class days="0010100" id="861" room="63" start="174" weeks="1111111111111110"/>
    <class days="1010100" id="862" room="63" start="102" weeks="1111111111111110"/>
    <class days="1000000" id="863" room="63" start="174" weeks="1011111111111110"/>
    <class days="1010000" id="864" room="63" start="114" weeks="1111111111111110"/>
    <class days="0000100" id="865" room="63" start="114" weeks="1111111111111110"/>
    <class days="0010100" id="866" room="1" start="150" weeks="1111111111111110"/>
    <class days="1010000" id="867" room="56" start="150" weeks="1111111111111110"/>
    <class days="0000100" id="868" room="56" start="150" weeks="1111111111111110"/>
    <class days="1010000" id="869" room="63" start="126" weeks="1111111111111110"/>
    <class days="1010000" id="870" room="63" start="138" weeks="1111111111111110"/>
    <class days="0000100" id="871" room="63" start="126" weeks="1111111111111110"/>
    <class days="0000100" id="872" room="63" start="138" weeks="1111111111111110"/>
    <class days="1010000" id="873" room="56" start="102" weeks="1111111111111110"/>
    <class days="1010000" id="874" room="56" start="114" weeks="1111111111111110"/>
    <class days="0000100" id="875" room="56" start="102" weeks="1111111111111110"/>
    <class days="0000100" id="876" room="56" start="114" weeks="1111111111111110"/>
    <class days="1010000" id="877" room="63" start="162" weeks="1111111111111110"/>
    <class days="0101000" id="878" room="56" start="126" weeks="1111111111111110"/>
    <class days="1010000" id="879" room="56" start="138" weeks="1111111111111110"/>
    <class days="1010000" id="880" room="56" start="126" weeks="1111111111111110"/>
    <class days="1010000" id="881" room="56" start="174" weeks="1111111111111110"/>
    <class days="1010000" id="882" room="56" start="162" weeks="1111111111111110"/>
    <class days="1010100" id="883" room="70" start="186" weeks="1111111111111110"/>
    <class days="0101000" id="884" room="70" start="180" weeks="1111111111111110"/>
    <class days="0101000" id="885" room="19" start="144" weeks="1111111111111110"/>
    <class days="1010100" id="886" room="45" start="174" weeks="1111111111111110"/>
    <class days="0101000" id="887" room="26" start="126" weeks="1111111111111110"/>
    <class days="1010100" id="888" room="74" start="114" weeks="1111111111111110"/>
    <class days="0101000" id="889" room="49" start="144" weeks="1111111111111110"/>
    <class days="1010100" id="890" room="20" start="162" weeks="1111111111111110"/>
    <class days="0101000" id="891" room="45" start="144" weeks="1111111111111110"/>
    <class days="1010100" id="892" room="45" start="150" weeks="1111111111111110"/>
    <class days="1010100" id="893" room="38" start="138" weeks="1111111111111110"/>
    <class days="0101000" id="894" room="45" start="162" weeks="1111111111111110"/>
    <class days="0101000" id="895" room="9" start="144" weeks="1111111111111110"/>
    <class days="1010100" id="896" room="73" start="162" weeks="1111111111111110"/>
    <class days="1010100" id="897" room="35" start="150" weeks="1111111111111110"/>
    <class days="1010100" id="898" room="45" start="138" weeks="1111111111111110"/>
    <class days="1010100" id="899" room="28" start="138" weeks="1111111111111110"/>
    <class days="1010100" id="900" room="68" start="126" weeks="1111111111111110"/>
    <class days="1010100" id="901" room="62" start="114" weeks="1111111111111110"/>
    <class days="0101000" id="902" room="62" start="180" weeks="1111111111111110"/>
    <class days="0000100" id="903" room="21" start="102" weeks="1111111111111110"/>
    <class days="0100000" id="904" room="5" start="90" weeks="1111111111111110"/>
    <class days="0001000" id="905" room="5" start="126" weeks="1111111111111110"/>
    <class days="0100000" id="906" room="5" start="126" weeks="1111111111111110"/>
    <class days="0010000" id="907" room="5" start="162" weeks="1111111111111110"/>
    <class days="0010000" id="908" room="21" start="186" weeks="1111111111111110"/>
    <class days="0000100" id="909" room="21" start="162" weeks="1111111111111110"/>
    <class days="0010000" id="910" room="21" start="102" weeks="1111111111111110"/>
    <class days="0000100" id="911" room="21" start="126" weeks="1111111111111110"/>
    <class days="0100000" id="912" room="21" start="186" weeks="1111111111111110"/>
    <class days="0000100" id="913" room="21" start="186" weeks="1111111111111110"/>
    <class days="0010000" id="914" room="21" start="114" weeks="1111111111111110"/>
    <class days="0101000" id="915" room="56" start="180" weeks="1111111111111110"/>
    <class days="1010000" id="916" room="74" start="138" weeks="1111111111111110"/>
    <class days="0101000" id="917" room="43" start="144" weeks="1111111111111110"/>
    <class days="0101000" id="918" room="35" start="180" weeks="1111111111111110"/>
    <class days="0101000" id="919" room="26" start="108" weeks="1111111111111110"/>
    <class days="0101000" id="920" room="2" start="144" weeks="1111111111111110"/>
    <class days="0101000" id="921" room="45" start="180" weeks="1111111111111110"/>
    <class days="0101000" id="922" room="2" start="126" weeks="1111111111111110"/>
    <class days="0101000" id="923" room="8" start="162" weeks="1111111111111110"/>
    <class days="1010100" id="924" room="67" start="102" weeks="1111111111111110"/>
    <class days="0101000" id="925" room="43" start="126" weeks="1111111111111110"/>
    <class days="1010100" id="926" room="40" start="162" weeks="1111111111111110"/>
    <class days="0000100" id="927" room="74" start="138" weeks="1111111111111110"/>
    <class days="1010100" id="928" room="7" start="138" weeks="1111111111111110"/>
    <class days="1010100" id="929" room="7" start="174" weeks="1111111111111110"/>
    <class days="1010100" id="930" room="9" start="162" weeks="1111111111111110"/>
    <class days="0101000" id="931" room="21" start="126" weeks="1111111111111110"/>
    <class days="1010000" id="932" room="48" start="198" weeks="1111111111111110"/>
    <class days="1010000" id="933" room="21" start="126" weeks="1111111111111110"/>
    <class days="1010000" id="934" room="21" start="162" weeks="1111111111111110"/>
    <class days="1010100" id="935" room="5" start="114" weeks="1111111111111110"/>
    <class days="1010100" id="936" room="48" start="102" weeks="1111111111111110"/>
    <class days="1010100" id="937" room="71" start="174" weeks="1111111111111110"/>
    <class days="0000100" id="938" room="52" start="162" weeks="1111111111111110"/>
    <class days="1010100" id="939" room="17" start="186" weeks="1111111111111110"/>
    <class days="1010100" id="940" room="51" start="114" weeks="1111111111111110"/>
    <class days="1010100" id="941" room="33" start="150" weeks="1111111111111110"/>
    <class days="1010100" id="942" room="51" start="90" weeks="1111111111111110"/>
    <class days="0101000" id="943" room="9" start="108" weeks="1111111111111110"/>
    <class days="0101000" id="944" room="38" start="126" weeks="1111111111111110"/>
    <class days="0101000" id="945" room="20" start="144" weeks="1111111111111110"/>
    <class days="1010100" id="946" room="3" start="162" weeks="1111111111111110"/>
    <class days="0101000" id="947" room="54" start="126" weeks="1111111111111110"/>
    <class days="0001000" id="948" room="65" start="108" weeks="1111111111111110"/>
    <class days="0101000" id="949" room="43" start="186" weeks="1111111111111110"/>
    <class days="0101000" id="950" room="43" start="174" weeks="1111111111111110"/>
    <class days="0100000" id="951" room="60" start="138" weeks="1111111111111110"/>
    <class days="0000100" id="952" room="15" start="126" weeks="1111111111111110"/>
    <class days="0001000" id="953" room="25" start="198" weeks="1111111111111110"/>
    <class days="0010000" id="954" room="1" start="198" weeks="1111111111111110"/>
    <class days="0001000" id="955" room="54" start="216" weeks="1111111111111110"/>
    <class days="0100000" id="956" room="35" start="108" weeks="1111111111111110"/>
    <class days="0001000" id="957" room="22" start="114" weeks="1111111111111110"/>
    <class days="0001000" id="958" room="65" start="126" weeks="1111111111111110"/>
    <class days="1000000" id="959" room="8" start="168" weeks="1011111111111110"/>
    <class days="0010000" id="960" room="8" start="180" weeks="1111111111111110"/>
    <class days="0010000" id="961" room="8" start="156" weeks="1111111111111110"/>
    <class days="0100000" id="962" room="14" start="180" weeks="1111111111111110"/>
    <class days="0100000" id="963" room="24" start="126" weeks="1111111111111110"/>
    <class days="0010000" id="964" room="65" start="126" weeks="1111111111111110"/>
    <class days="0010000" id="965" room="65" start="138" weeks="1111111111111110"/>
    <class days="1000000" id="966" room="8" start="102" weeks="1011111111111110"/>
    <class days="1000000" id="967" room="8" start="114" weeks="1011111111111110"/>
    <class days="0100000" id="968" room="14" start="114" weeks="1111111111111110"/>
    <class days="0001000" id="969" room="16" start="114" weeks="1111111111111110"/>
    <class days="0000100" id="970" room="14" start="162" weeks="1111111111111110"/>
    <class days="1000000" id="971" room="14" start="114" weeks="1011111100000000"/>
    <class days="0000100" id="972" room="16" start="126" weeks="1111111111111110"/>
    <class days="0010000" id="973" room="16" start="126" weeks="0000000011111100"/>
    <class days="0000100" id="974" room="16" start="90" weeks="0000000011111110"/>
    <class days="0100000" id="975" room="14" start="90" weeks="0000000011111110"/>
    <class days="0010000" id="976" room="16" start="126" weeks="1111111100000000"/>
    <class days="1010000" id="977" room="16" start="138" weeks="1111111111111110"/>
    <class days="0010000" id="978" room="16" start="150" weeks="0000000011111110"/>
    <class days="0100000" id="979" room="16" start="138" weeks="1111111100000000"/>
    <class days="0000100" id="980" room="16" start="138" weeks="1111111100000000"/>
    <class days="0000100" id="981" room="16" start="102" weeks="0000000011111110"/>
    <class days="1000000" id="982" room="16" start="114" weeks="1011100000000000"/>
    <class days="0010100" id="983" room="16" start="114" weeks="1111100000000000"/>
    <class days="0100000" id="984" room="16" start="138" weeks="0000000011111110"/>
    <class days="0001000" id="985" room="16" start="102" weeks="0000000011111110"/>
    <class days="1000000" id="986" room="16" start="114" weeks="0000000011111110"/>
    <class days="1000000" id="987" room="16" start="102" weeks="1011111111111110"/>
    <class days="0100000" id="988" room="16" start="102" weeks="1111111111111110"/>
    <class days="0010000" id="989" room="16" start="150" weeks="1111111000000000"/>
    <class days="0100000" id="990" room="16" start="114" weeks="0000000111111110"/>
    <class days="0001000" id="991" room="14" start="114" weeks="0000000111111110"/>
    <class days="0000100" id="992" room="14" start="96" weeks="1111111111111110"/>
    <class days="1111100" id="993" room="14" start="150" weeks="1111111111111110"/>
    <class days="0101000" id="994" room="16" start="150" weeks="1111111111111110"/>
    <class days="1000000" id="995" room="16" start="150" weeks="1011111111111110"/>
    <class days="0100000" id="996" room="14" start="162" weeks="1111111111111110"/>
    <class days="0010000" id="997" room="16" start="96" weeks="1111111111111110"/>
    <class days="0010000" id="998" room="14" start="192" weeks="1111111111111110"/>
    <class days="0100000" id="999" room="45" start="126" weeks="1111111111111110"/>
    <class days="0101000" id="1000" room="68" start="144" weeks="1111111111111110"/>
    <class days="1000000" id="1001" room="52" start="162" weeks="1011111111111110"/>
</solution>
