fes;time;f
1;141;4850
20;1094;4848
35;1906;4846
44;2391;4844
50;2705;4843
59;3189;4841
60;3236;4840
62;3345;4837
64;3455;4836
74;3970;4832
75;4017;4830
81;4345;4826
85;4564;4824
87;4673;4822
97;5195;4821
99;5304;4820
104;5554;4818
108;5757;4817
114;6070;4816
115;6117;4815
120;6382;4813
129;6851;4812
136;7210;4811
142;7525;4810
145;7681;4808
156;8259;4803
158;8368;4802
160;8462;4800
163;8634;4798
164;8681;4796
165;8728;4795
167;8837;4794
168;8884;4792
169;8931;4791
183;9681;4790
189;10009;4788
192;10165;4787
197;10430;4786
198;10477;4784
204;10805;4783
213;11274;4781
229;12117;4780
240;12699;4775
243;12871;4774
252;13339;4773
263;13917;4772
266;14089;4771
290;15375;4769
301;15953;4768
302;16000;4767
312;16531;4763
315;16687;4762
330;17487;4758
348;18440;4757
349;18487;4756
353;18690;4754
356;18846;4753
362;19174;4750
363;19221;4749
374;19799;4748
376;19908;4747
395;20908;4745
428;22645;4743
430;22754;4741
432;22848;4740
446;23582;4739
456;24098;4738
463;24473;4736
465;24582;4734
469;24801;4733
484;25613;4732
487;25769;4730
491;25972;4729
496;26254;4727
504;26675;4726
505;26738;4725
508;26894;4724
518;27428;4719
522;27631;4717
525;27803;4713
526;27849;4711
531;28099;4709
556;29443;4707
566;29974;4705
571;30240;4703
575;30448;4701
577;30542;4700
584;30917;4696
600;31745;4695
611;32323;4691
627;33153;4690
630;33310;4689
635;33560;4687
636;33622;4686
638;33731;4684
667;35257;4682
675;35679;4681
676;35726;4680
682;36038;4679
688;36351;4678
700;36991;4677
705;37257;4675
707;37366;4673
708;37413;4671
717;37900;4670
727;38431;4669
735;38853;4668
748;39540;4665
754;39837;4664
755;39884;4662
757;40009;4661
764;40368;4660
769;40634;4659
770;40696;4658
774;40899;4657
784;41441;4656
798;42160;4655
800;42269;4654
810;42788;4653
812;42897;4652
815;43053;4650
819;43272;4649
823;43475;4648
828;43741;4644
837;44225;4643
853;45069;4642
859;45381;4640
860;45444;4638
870;45965;4636
874;46184;4635
875;46246;4633
876;46293;4632
878;46402;4631
883;46668;4630
901;47624;4629
941;49735;4626
963;50907;4624
972;51391;4621
995;52627;4619
996;52674;4616
1003;53049;4615
1009;53361;4613
1026;54267;4612
1031;54533;4609
1034;54689;4607
1037;54845;4603
1038;54892;4601
1043;55158;4599
1053;55689;4598
1059;56029;4597
1065;56357;4594
1074;56842;4593
1077;56982;4591
1086;57451;4588
1090;57657;4587
1092;57782;4584
1103;58360;4581
1114;58938;4576
1124;59469;4575
1125;59532;4572
1129;59750;4571
1131;59844;4569
1143;60485;4568
1145;60594;4564
1146;60641;4562
1153;61000;4560
1157;61203;4559
1167;61734;4557
1176;62219;4555
1177;62266;4554
1198;63392;4552
1201;63548;4551
1206;63814;4550
1214;64240;4549
1225;64834;4548
1226;64896;4545
1237;65458;4543
1243;65802;4542
1246;65958;4541
1251;66224;4540
1276;67569;4538
1281;67835;4536
1286;68101;4535
1288;68210;4534
1291;68366;4533
1300;68850;4532
1311;69428;4531
1313;69538;4530
1314;69585;4526
1329;70397;4523
1330;70444;4520
1336;70772;4517
1342;71084;4516
1345;71256;4515
1347;71350;4514
1364;72240;4512
1378;72993;4508
1387;73462;4507
1398;74040;4506
1415;74962;4505
1424;75430;4504
1431;75821;4503
1434;75977;4500
1443;76461;4496
1456;77133;4493
1464;77572;4491
1470;77885;4489
1473;78050;4488
1483;78581;4487
1505;79753;4481
1528;80987;4480
1529;81034;4479
1534;81299;4478
1537;81456;4477
1538;81518;4476
1540;81612;4475
1542;81721;4473
1558;82584;4471
1562;82787;4470
1588;84161;4469
1592;84380;4468
1601;84864;4467
1609;85286;4466
1618;85770;4465
1620;85880;4464
1625;86145;4463
1631;86458;4462
1657;87849;4461
1668;88427;4458
1669;88490;4456
1688;89474;4455
1689;89521;4453
1698;89990;4452
1714;90849;4451
1715;90896;4450
1718;91067;4449
1721;91224;4447
1734;91911;4443
1737;92067;4441
1742;92333;4439
1764;93492;4438
1779;94289;4437
1802;95492;4436
1803;95554;4435
1809;95867;4434
1818;96341;4432
1824;96669;4431
1833;97153;4429
1855;98311;4426
1865;98842;4425
1867;98952;4424
1876;99436;4421
1879;99592;4420
1892;100279;4419
1908;101123;4418
1925;102013;4417
1933;102435;4416
1949;103266;4415
1952;103423;4414
1954;103532;4412
1968;104282;4411
1972;104485;4408
1977;104750;4405
1999;105969;4404
2020;107119;4403
2025;107384;4400
2037;108012;4396
2054;108918;4395
2065;109496;4394
2067;109605;4393
2068;109652;4392
2073;109933;4388
2078;110183;4386
2079;110230;4384
2082;110402;4381
2092;110933;4379
2095;111089;4378
2100;111339;4377
2105;111605;4375
2108;111761;4374
2117;112245;4373
2122;112495;4372
2133;113061;4371
2134;113107;4370
2140;113436;4369
2161;114555;4368
2167;114868;4366
2187;115930;4364
2188;115977;4363
2199;116555;4361
2207;116992;4359
2210;117149;4356
2211;117195;4355
2225;117933;4354
2228;118089;4353
2229;118152;4352
2237;118573;4351
2240;118730;4350
2246;119042;4348
2251;119308;4346
2257;119620;4342
2262;119901;4341
2264;120026;4340
2267;120182;4339
2269;120292;4338
2276;120667;4337
2281;120917;4336
2296;121698;4335
2298;121807;4332
2299;121854;4330
2305;122182;4329
2310;122448;4327
2313;122607;4324
2314;122654;4323
2320;122966;4322
2331;123549;4321
2338;123893;4320
2348;124424;4318
2358;124971;4315
2366;125377;4314
2372;125705;4312
2376;125908;4309
2380;126127;4308
2389;126595;4306
2390;126642;4304
2405;127448;4303
2406;127495;4302
2409;127655;4301
2430;128733;4298
2434;128951;4297
2440;129257;4295
2449;129725;4294
2457;130147;4293
2469;130772;4292
2474;131022;4291
2485;131600;4290
2492;131944;4289
2494;132053;4287
2502;132459;4286
2510;132883;4284
2514;133086;4283
2515;133149;4282
2522;133523;4280
2524;133633;4279
2552;135101;4277
2554;135211;4274
2556;135320;4271
2557;135367;4270
2560;135539;4269
2567;135898;4268
2590;137132;4267
2592;137241;4265
2594;137351;4264
2609;138135;4261
2618;138619;4260
2637;139619;4259
2669;141321;4258
2670;141384;4257
2682;142005;4256
2683;142052;4255
2690;142427;4252
2711;143523;4251
2717;143835;4250
2718;143882;4249
2720;143992;4248
2735;144788;4247
2737;144898;4246
2746;145366;4243
2748;145476;4241
2761;146132;4240
2764;146288;4237
2766;146397;4235
2785;147413;4234
2792;147791;4233
2796;148010;4232
2814;148963;4231
2824;149494;4230
2830;149791;4229
2839;150244;4228
2844;150525;4227
2849;150790;4226
2850;150837;4225
2851;150900;4224
2852;150947;4222
2877;152259;4221
2878;152321;4220
2880;152431;4219
2894;153179;4216
2914;154241;4215
2915;154303;4213
2918;154444;4212
2925;154819;4209
2939;155569;4208
2942;155725;4206
2945;155865;4203
2951;156194;4202
2953;156303;4200
2964;156881;4197
2968;157100;4196
2980;157745;4195
2982;157854;4193
2985;158010;4191
2990;158276;4189
2999;158744;4188
3000;158807;4187
3001;158854;4186
3006;159113;4185
3009;159269;4180
3018;159738;4179
3020;159832;4178
3031;160425;4175
3032;160472;4169
3044;161097;4167
3047;161253;4166
3050;161409;4165
3054;161613;4163
3057;161784;4161
3065;162206;4160
3068;162362;4159
3077;162819;4157
3079;162928;4155
3080;162991;4154
3118;165037;4152
3119;165084;4151
3132;165771;4150
3134;165881;4147
3151;166833;4146
3171;167899;4145
3189;168836;4143
3194;169117;4142
3205;169695;4141
3217;170336;4139
3220;170492;4138
3236;171377;4137
3246;171908;4136
3248;172018;4135
3257;172486;4134
3271;173223;4133
3318;175707;4132
3338;176770;4129
3339;176816;4128
3342;176988;4127
3343;177035;4126
3350;177410;4123
3365;178193;4121
3366;178255;4120
3374;178677;4119
3401;180133;4117
3405;180336;4116
3407;180446;4115
3409;180555;4113
3412;180711;4112
3443;182352;4111
3445;182445;4110
3447;182555;4108
3450;182713;4106
3451;182776;4103
3463;183400;4102
3464;183447;4100
3465;183510;4099
3470;183760;4097
3476;184088;4096
3484;184510;4095
3498;185259;4094
3502;185478;4092
3503;185525;4090
3508;185791;4089
3513;186054;4086
3519;186351;4085
3524;186617;4084
3527;186789;4083
3542;187554;4081
3543;187601;4080
3546;187759;4077
3557;188337;4076
3563;188665;4075
3569;188978;4073
3571;189071;4072
3575;189290;4071
3582;189665;4070
3593;190243;4069
3594;190290;4067
3606;190930;4066
3610;191133;4065
3621;191727;4064
3626;191993;4063
3635;192477;4059
3640;192744;4055
3644;192947;4054
3649;193213;4053
3657;193635;4051
3658;193682;4050
3691;195416;4049
3694;195587;4047
3711;196478;4046
3718;196853;4045
3749;198520;4044
3763;199270;4043
3770;199660;4041
3773;199817;4038
3781;200254;4037
3782;200316;4035
3783;200363;4034
3794;200957;4032
3798;201160;4031
3824;202519;4030
3827;202693;4028
3832;202949;4027
3838;203261;4025
3867;204823;4024
3878;205401;4022
3884;205714;4020
3888;205932;4019
3891;206089;4015
3902;206682;4010
3903;206729;4007
3909;207042;4005
3915;207370;4004
3928;208059;4003
3930;208153;4001
3941;208746;3999
3946;209012;3998
3956;209527;3997
3957;209590;3995
3960;209730;3993
3967;210121;3992
3970;210293;3988
3971;210340;3986
3972;210387;3985
3982;210902;3984
3987;211183;3983
3992;211449;3982
4000;211871;3981
4017;212779;3980
4023;213108;3977
4030;213467;3976
4044;214217;3975
4050;214529;3974
4052;214638;3972
4053;214701;3971
4059;215012;3969
4062;215168;3967
4068;215481;3966
4079;216059;3964
4086;216434;3962
4109;217652;3961
4113;217857;3960
4133;218920;3958
4150;219810;3957
4157;220201;3954
4160;220357;3953
4161;220419;3951
4175;221169;3947
4188;221841;3946
4200;222481;3941
4207;222843;3940
4269;226153;3939
4292;227434;3938
4313;228562;3937
4323;229077;3935
4325;229186;3934
4341;230030;3933
4355;230764;3932
4362;231139;3931
4380;232108;3930
4400;233157;3928
4417;234047;3927
4441;235313;3926
4444;235469;3925
4446;235563;3922
4453;235922;3921
4458;236203;3920
4492;237988;3919
4493;238050;3916
4503;238566;3914
4504;238628;3913
4521;239534;3911
4523;239644;3909
4533;240175;3908
4538;240440;3907
4559;241565;3906
4582;242775;3905
4590;243196;3904
4593;243368;3901
4596;243525;3900
4606;244056;3896
4619;244743;3895
4633;245508;3893
4634;245555;3891
4637;245712;3889
4640;245868;3887
4642;245977;3886
4647;246258;3885
4657;246789;3882
4672;247586;3881
4707;249448;3880
4713;249760;3879
4740;251198;3878
4742;251291;3872
4744;251401;3871
4748;251619;3870
4751;251776;3869
4758;252151;3868
4759;252197;3867
4782;253434;3866
4784;253543;3865
4793;254012;3864
4797;254230;3861
4798;254277;3860
4808;254793;3859
4824;255654;3858
4843;256669;3857
4861;257622;3855
4862;257669;3853
4872;258202;3851
4883;258780;3847
4888;259062;3846
4901;259733;3845
4915;260499;3843
4930;261280;3840
4942;261905;3839
4950;262327;3838
4962;262969;3835
4968;263281;3834
4986;264234;3833
4989;264390;3831
4990;264453;3830
4995;264718;3829
5004;265187;3828
5015;265781;3827
5024;266251;3826
5028;266454;3825
5034;266782;3824
5053;267769;3823
5068;268566;3822
5077;269035;3821
5079;269144;3819
5084;269394;3817
5088;269613;3816
5093;269878;3815
5094;269925;3814
5108;270675;3813
5125;271565;3811
5135;272081;3810
5145;272612;3809
5153;273036;3808
5170;273958;3807
5172;274067;3806
5173;274114;3805
5175;274224;3803
5200;275551;3802
5203;275708;3801
5215;276348;3800
5234;277348;3799
5247;278037;3798
5248;278100;3796
5254;278412;3795
5289;280247;3794
5313;281528;3793
5317;281731;3791
5330;282418;3789
5342;283062;3787
5352;283593;3786
5360;284015;3785
5368;284437;3784
5370;284546;3783
5390;285593;3782
5419;287118;3780
5438;288118;3776
5440;288227;3775
5447;288586;3774
5456;289071;3770
5458;289164;3769
5475;290071;3768
5482;290430;3767
5485;290586;3766
5490;290852;3764
5506;291680;3763
5522;292523;3762
5525;292679;3761
5527;292776;3760
5536;293260;3759
5539;293432;3758
5548;293916;3757
5553;294182;3755
5560;294541;3754
5561;294604;3753
5570;295088;3752
5571;295135;3751
5584;295822;3750
5589;296103;3748
5598;296588;3747
5601;296744;3746
5613;297369;3745
5643;298965;3744
5645;299075;3742
5649;299278;3741
5676;300744;3738
5678;300853;3737
5691;301540;3736
5695;301759;3735
5710;302540;3734
5728;303511;3733
5733;303776;3732
5736;303933;3731
5756;304979;3729
5761;305245;3727
5762;305307;3726
5766;305526;3725
5770;305729;3724
5784;306479;3723
5786;306588;3721
5811;307919;3720
5812;307981;3719
5818;308294;3716
5834;309144;3715
5836;309269;3713
5843;309644;3711
5859;310503;3709
5884;311831;3708
5909;313164;3706
5914;313430;3705
5920;313758;3704
5924;313961;3702
5925;314008;3701
5930;314273;3700
5938;314695;3698
5956;315633;3697
5969;316335;3696
5989;317413;3695
6019;319010;3694
6031;319634;3693
6035;319838;3691
6064;321368;3690
6081;322259;3688
6085;322478;3687
6110;323806;3686
6113;323962;3685
6118;324244;3683
6146;325712;3682
6149;325868;3680
6159;326399;3679
6165;326727;3677
6166;326790;3676
6170;326977;3675
6217;329465;3674
6218;329527;3673
6223;329793;3672
6228;330058;3670
6230;330152;3668
6234;330355;3667
6243;330824;3666
6248;331089;3665
6251;331261;3664
6257;331574;3663
6259;331683;3662
6265;332017;3661
6276;332595;3660
6300;333847;3659
6319;334847;3658
6331;335472;3657
6343;336128;3656
6357;336846;3655
6366;337314;3654
6383;338192;3652
6389;338520;3650
6420;340129;3649
6430;340660;3648
6432;340769;3646
6434;340863;3645
6436;340972;3644
6441;341238;3642
6450;341722;3641
6460;342253;3640
6463;342409;3639
6481;343375;3638
6494;344062;3637
6521;345499;3636
6527;345812;3635
6529;345921;3632
6535;346249;3631
6538;346405;3630
6550;347061;3629
6553;347218;3627
6554;347265;3626
6562;347686;3624
6568;348016;3623
6573;348329;3621
6577;348532;3619
6581;348751;3618
6582;348813;3617
6585;348969;3616
6600;349766;3615
6616;350594;3613
6617;350641;3611
6631;351375;3609
6642;351969;3608
6648;352281;3606
6657;352734;3605
6658;352797;3603
6668;353315;3602
6670;353409;3601
6683;354096;3600
6703;355174;3599
6713;355705;3598
6728;356511;3597
6733;356793;3595
6747;357511;3593
6755;357933;3592
6766;358527;3591
6770;358745;3590
6779;359214;3587
6781;359323;3586
6785;359526;3584
6799;360261;3583
6819;361323;3578
6820;361370;3576
6824;361588;3575
6834;362119;3573
6846;362744;3572
6848;362856;3571
6854;363200;3570
6884;364774;3569
6894;365305;3568
6904;365820;3566
6915;366414;3564
6919;366648;3563
6943;367901;3561
6957;368651;3560
6959;368761;3559
6973;369495;3558
6999;370870;3557
7035;372774;3555
7040;373043;3554
7050;373574;3553
7061;374152;3552
7069;374589;3551
7076;374964;3550
7079;375120;3549
7099;376151;3548
7107;376573;3547
7112;376839;3545
7126;377575;3543
7128;377700;3542
7132;377890;3540
7133;377952;3536
7138;378202;3535
7139;378265;3532
7147;378687;3531
7149;378796;3530
7166;379702;3528
7168;379811;3526
7173;380061;3525
7180;380436;3524
7190;380983;3522
7210;382045;3521
7211;382092;3519
7228;383001;3518
7249;384079;3517
7265;384938;3516
7278;385626;3513
7303;386953;3511
7310;387313;3509
7339;388830;3508
7344;389095;3507
7346;389220;3505
7361;390048;3503
7368;390439;3501
7373;390704;3500
7377;390908;3499
7385;391361;3497
7444;394613;3496
7465;395737;3494
7474;396206;3493
7489;397018;3492
7490;397081;3491
7493;397237;3490
7496;397393;3488
7507;397974;3487
7509;398068;3486
7514;398333;3484
7517;398511;3481
7527;399045;3479
7529;399155;3478
7561;400842;3477
7575;401560;3476
7597;402732;3475
7606;403204;3474
7610;403423;3473
7617;403798;3472
7632;404610;3471
7644;405235;3470
7673;406750;3469
7681;407172;3467
7700;408190;3465
7711;408782;3464
7727;409641;3463
7730;409797;3462
7734;410016;3460
7735;410079;3459
7741;410391;3458
7748;410766;3455
7752;410969;3454
7758;411281;3453
7763;411547;3451
7770;411922;3450
7772;412016;3449
7776;412234;3448
7784;412663;3444
7787;412819;3443
7810;414008;3442
7811;414071;3441
7828;414961;3440
7836;415383;3439
7838;415492;3437
7845;415867;3436
7856;416430;3435
7861;416695;3434
7865;416914;3433
7867;417023;3432
7870;417179;3431
7873;417336;3430
7936;420710;3427
7937;420757;3426
7949;421413;3424
7957;421850;3423
7962;422117;3421
7970;422539;3420
7990;423573;3419
7993;423745;3417
7995;423854;3414
7999;424057;3412
8024;425354;3411
8048;426604;3410
8057;427072;3409
8064;427447;3408
8073;427919;3406
8088;428720;3404
8095;429079;3403
8106;429673;3402
8126;430719;3401
8128;430829;3400
8135;431204;3399
8140;431469;3397
8178;433486;3396
8191;434185;3395
8194;434342;3394
8195;434404;3393
8207;435029;3392
8219;435654;3391
8233;436404;3390
8237;436607;3389
8238;436669;3384
8257;437685;3383
8262;437953;3380
8272;438484;3379
8278;438812;3378
8298;439874;3377
8306;440305;3376
8318;440929;3375
8346;442427;3373
8353;442802;3372
8364;443383;3370
8370;443695;3369
8372;443805;3368
8374;443914;3367
8409;445805;3366
8411;445915;3365
8414;446071;3364
8426;446696;3363
8434;447133;3362
8437;447289;3361
8444;447649;3360
8461;448557;3359
8464;448713;3358
8468;448931;3357
8471;449088;3355
8480;449588;3354
8484;449791;3353
8493;450275;3352
8502;450759;3351
8509;451150;3350
8514;451415;3349
8518;451634;3347
8543;452964;3346
8546;453120;3345
8560;453870;3344
8561;453917;3341
8569;454355;3340
8577;454776;3339
8598;455886;3338
8600;455995;3337
8608;456417;3336
8610;456510;3335
8622;457151;3334
8635;457854;3333
8638;458013;3331
8643;458278;3330
8653;458809;3328
8654;458872;3327
8696;461075;3326
8698;461196;3325
8711;461868;3324
8718;462243;3323
8724;462555;3322
8734;463089;3321
8743;463573;3319
8761;464526;3318
8771;465057;3317
8782;465682;3316
8808;467057;3313
8821;467747;3311
8826;468015;3310
8834;468436;3309
8855;469561;3307
8859;469780;3306
8862;469936;3305
8890;471420;3304
8896;471748;3302
8906;472279;3301
8916;472810;3300
8921;473079;3299
8923;473188;3298
8924;473235;3297
8932;473657;3296
8934;473766;3295
8967;475531;3294
8983;476406;3292
8988;476672;3291
9017;478221;3290
9039;479393;3289
9048;479877;3288
9066;480810;3287
9070;481013;3286
9076;481341;3285
9088;481981;3284
9097;482450;3283
9108;483028;3281
9109;483090;3280
9127;484028;3279
9134;484403;3278
9152;485387;3277
9159;485762;3276
9170;486324;3275
9184;487058;3274
9195;487652;3273
9222;489077;3270
9227;489351;3268
9233;489664;3267
9234;489711;3266
9274;491835;3265
9287;492522;3264
9343;495494;3263
9352;495962;3262
9362;496509;3261
9388;497868;3260
9393;498137;3259
9413;499199;3257
9429;500058;3256
9438;500542;3254
9443;500808;3253
9446;500964;3251
9454;501386;3250
9466;502047;3249
9467;502094;3247
9474;502469;3246
9483;502922;3245
9506;504111;3244
9508;504220;3243
9529;505329;3241
9536;505704;3240
9540;505923;3239
9581;508094;3238
9586;508375;3237
9592;508695;3236
9600;509101;3235
9622;510241;3234
9626;510460;3233
9631;510726;3231
9633;510835;3230
9657;512100;3229
9675;513040;3228
9682;513415;3227
9691;513899;3225
9711;514946;3224
9728;515836;3223
9739;516398;3222
9814;520401;3221
9837;521603;3219
9856;522616;3218
9875;523602;3217
9888;524305;3216
9900;524946;3215
9905;525196;3214
9908;525368;3211
9911;525524;3210
9919;525961;3209
9943;527242;3208
9945;527351;3207
9957;527976;3206
9968;528556;3205
9970;528666;3204
9976;528994;3203
10013;530978;3202
10015;531072;3201
10020;531338;3200
10077;534355;3199
10090;535042;3198
10098;535464;3197
10121;536682;3196
10127;537010;3195
10174;539481;3194
10176;539590;3193
10212;541480;3192
10226;542230;3190
10230;542433;3189
10234;542652;3188
10241;543027;3187
10280;545105;3186
10289;545589;3185
10303;546339;3184
10351;548904;3183
10358;549294;3182
10364;549607;3181
10373;550091;3180
10376;550247;3178
10381;550528;3177
10382;550575;3176
10421;552699;3175
10427;553012;3174
10441;553764;3173
10442;553826;3172
10464;554982;3171
10467;555138;3170
10486;556138;3169
10504;557107;3167
10512;557544;3166
10527;558327;3165
10562;560170;3164
10568;560483;3163
10605;562451;3162
10635;564032;3161
10655;565110;3160
10668;565798;3159
10688;566876;3157
10693;567141;3154
10700;567522;3153
10708;567944;3152
10772;571337;3151
10810;573324;3150
10850;575448;3149
10856;575776;3148
10866;576292;3147
10871;576571;3146
10879;576993;3145
10880;577040;3144
10911;578668;3143
10923;579277;3141
10959;581198;3140
10975;582042;3139
10982;582401;3138
10988;582729;3137
10989;582776;3134
10998;583279;3132
11008;583795;3131
11009;583857;3130
11015;584170;3128
11024;584638;3127
11028;584857;3126
11032;585060;3124
11041;585544;3122
11081;587653;3121
11086;587919;3117
11092;588234;3116
11099;588593;3115
11116;589503;3114
11125;589987;3113
11139;590737;3111
11147;591159;3110
11157;591690;3109
11166;592158;3104
11167;592221;3103
11195;593692;3102
11197;593785;3101
11221;595066;3099
11246;596410;3096
11247;596457;3093
11262;597285;3092
11263;597332;3091
11268;597598;3089
11295;599023;3088
11298;599194;3087
11321;600428;3086
11323;600522;3085
11328;600772;3084
11347;601787;3083
11353;602100;3081
11364;602694;3080
11369;602943;3079
11379;603477;3078
11382;603633;3077
11386;603851;3076
11388;603961;3075
11420;605662;3074
11459;607709;3073
11465;608037;3071
11498;609789;3070
11500;609898;3069
11519;610898;3067
11540;612023;3064
11557;612913;3063
11566;613431;3062
11584;614400;3061
11589;614665;3060
11611;615821;3059
11638;617243;3058
11641;617415;3056
11651;617915;3055
11653;618024;3052
11654;618089;3050
11711;621079;3049
11726;621875;3048
11732;622172;3047
11750;623110;3045
11751;623156;3044
11760;623625;3043
11770;624141;3042
11808;626124;3041
11826;627093;3040
11829;627249;3039
11833;627452;3038
11842;627952;3036
11844;628046;3034
11854;628580;3033
11859;628846;3032
11864;629096;3031
11880;629926;3030
11884;630145;3029
11885;630207;3027
11892;630582;3026
11922;632176;3024
11942;633241;3022
11962;634304;3021
11976;635038;3019
11981;635303;3018
11997;636163;3017
12018;637240;3016
12019;637287;3015
12063;639602;3014
12064;639649;3012
12076;640305;3011
12102;641648;3010
12128;643007;3008
12139;643585;3007
12140;643648;3006
12147;644007;3004
12183;645913;3003
12185;646007;3002
12193;646428;3001
12210;647335;3000
12236;648728;2999
12238;648837;2997
12272;650633;2995
12285;651304;2994
12297;651960;2992
12317;653007;2990
12331;653759;2988
12337;654071;2986
12345;654477;2985
12354;654962;2984
12363;655446;2983
12372;655914;2982
12375;656071;2981
12378;656243;2980
12381;656399;2979
12390;656867;2978
12400;657414;2977
12458;660493;2976
12461;660649;2975
12469;661055;2974
12471;661165;2973
12474;661321;2970
12484;661868;2968
12497;662555;2967
12505;662961;2965
12506;663024;2964
12515;663480;2963
12526;664074;2962
12538;664683;2960
12576;666698;2959
12583;667073;2958
12601;668026;2956
12613;668654;2955
12626;669341;2954
12632;669654;2953
12644;670294;2952
12655;670877;2949
12674;671893;2948
12701;673318;2947
12705;673536;2946
12718;674239;2945
12722;674442;2944
12733;675020;2942
12743;675551;2941
12748;675817;2939
12802;678668;2938
12834;680371;2937
12858;681636;2936
12860;681745;2935
12861;681808;2933
12865;682011;2932
12877;682636;2930
12878;682683;2929
12888;683232;2927
12891;683388;2926
12905;684123;2924
12912;684482;2922
12928;685327;2921
12946;686264;2919
12961;687061;2918
12970;687545;2917
12994;688782;2916
13004;689329;2915
13008;689532;2914
13038;691125;2913
13048;691656;2910
13056;692081;2908
13067;692675;2907
13069;692769;2906
13075;693097;2904
13095;694174;2903
13115;695237;2902
13119;695455;2901
13146;696877;2900
13177;698505;2899
13197;699567;2898
13201;699786;2897
13224;700989;2896
13231;701364;2895
13232;701410;2894
13237;701676;2893
13248;702270;2890
13256;702676;2889
13266;703210;2888
13281;703994;2887
13288;704353;2884
13290;704463;2883
13294;704666;2882
13302;705087;2881
13308;705400;2880
13314;705728;2879
13343;707274;2878
13373;708855;2877
13381;709292;2876
13411;710886;2875
13437;712276;2874
13439;712370;2873
13446;712729;2872
13459;713420;2871
13479;714482;2870
13503;715756;2868
13510;716131;2867
13528;717084;2864
13552;718353;2863
13555;718556;2862
13559;718774;2861
13566;719149;2860
13589;720368;2858
13591;720477;2854
13601;721008;2852
13608;721383;2851
13627;722383;2850
13642;723201;2849
13662;724247;2848
13682;725310;2846
13728;727731;2845
13757;729264;2844
13761;729483;2843
13762;729530;2842
13815;732373;2841
13820;732623;2839
13823;732779;2838
13829;733107;2837
13853;734390;2836
13856;734546;2835
13885;736077;2834
13887;736186;2832
13891;736405;2830
13911;737467;2829
13912;737530;2828
13932;738607;2827
13938;738935;2826
13941;739091;2825
13960;740091;2824
13966;740419;2823
13968;740528;2822
13976;740934;2821
13979;741106;2820
14002;742309;2819
14030;743796;2818
14031;743843;2817
14041;744358;2816
14054;745061;2815
14074;746108;2814
14118;748419;2813
14133;749216;2811
14156;750434;2810
14189;752184;2809
14212;753406;2808
14213;753452;2807
14220;753827;2806
14227;754187;2805
14238;754765;2804
14240;754874;2803
14246;755202;2802
14267;756311;2801
14302;758163;2799
14306;758384;2798
14308;758478;2797
14311;758650;2796
14316;758915;2795
14321;759165;2794
14322;759212;2793
14356;761024;2791
14397;763180;2790
14409;763807;2789
14423;764557;2787
14444;765666;2785
14506;769011;2782
14517;769605;2781
14560;771870;2780
14561;771917;2778
14566;772182;2776
14599;773950;2775
14605;774263;2774
14661;777233;2773
14704;779500;2772
14741;781469;2770
14742;781515;2768
14743;781578;2766
14772;783093;2765
14773;783140;2764
14795;784299;2763
14860;787766;2762
14888;789252;2761
14908;790330;2760
14924;791174;2759
14951;792595;2758
14967;793442;2754
14981;794192;2753
15002;795285;2752
15015;795941;2751
15038;797181;2750
15100;800452;2749
15105;800717;2748
15108;800874;2747
15120;801514;2746
15147;802904;2745
15172;804235;2744
15190;805181;2743
15191;805228;2742
15203;805884;2741
15204;805931;2740
15229;807259;2739
15235;807587;2738
15236;807633;2736
15247;808196;2735
15270;809418;2732
15276;809746;2731
15282;810065;2730
15322;812143;2729
15343;813268;2728
15410;816819;2727
15411;816866;2726
15468;819869;2725
15510;822087;2724
15511;822149;2722
15531;823196;2721
15533;823309;2720
15556;824527;2719
15574;825496;2718
15582;825918;2717
15591;826402;2716
15604;827095;2715
15664;830254;2714
15669;830520;2713
15671;830629;2711
15672;830692;2708
15689;831598;2706
15735;833991;2705
15822;838633;2704
15831;839102;2703
15836;839368;2702
15838;839477;2700
15842;839696;2698
15864;840836;2696
15884;841898;2695
15886;842008;2694
15889;842164;2693
15891;842289;2692
15899;842711;2689
15925;844120;2688
15927;844229;2686
15936;844698;2685
15944;845104;2684
15968;846379;2683
15978;846911;2681
16017;848960;2680
16055;850991;2679
16057;851100;2677
16075;852053;2676
16080;852318;2675
16093;853006;2673
16151;856079;2672
16215;859472;2671
16222;859846;2670
16250;861330;2669
16277;862781;2668
16293;863628;2667
16301;864065;2666
16309;864487;2665
16390;868738;2664
16424;870557;2663
16435;871135;2662
16439;871353;2661
16465;872712;2660
16509;875011;2659
16517;875449;2658
16542;876792;2657
16544;876902;2655
16552;877308;2653
16580;878764;2652
16582;878873;2651
16595;879545;2650
16643;882091;2649
16676;883817;2648
16680;884035;2645
16720;886160;2644
16724;886379;2643
16760;888269;2642
16794;890052;2641
16840;892474;2640
16886;894890;2638
16893;895281;2637
16974;899564;2636
16976;899658;2635
17025;902224;2634
17037;902864;2633
17046;903333;2631
17048;903444;2630
17060;904085;2629
17067;904459;2628
17091;905740;2626
17096;906006;2625
17110;906725;2624
17123;907396;2623
17153;908960;2622
17160;909319;2621
17172;909976;2620
17194;911147;2619
17211;912084;2617
17215;912288;2616
17241;913665;2615
17258;914571;2614
17352;919533;2612
17390;921526;2611
17414;922791;2610
17418;923010;2609
17432;923732;2608
17443;924310;2607
17465;925481;2606
17471;925794;2605
17499;927267;2604
17505;927595;2603
17527;928770;2602
17568;930895;2601
17571;931051;2600
17578;931410;2599
17593;932191;2598
17595;932301;2597
17601;932629;2596
17621;933693;2595
17622;933756;2594
17626;933974;2592
17636;934506;2591
17669;936231;2590
17674;936481;2589
17677;936637;2588
17705;938121;2587
17714;938609;2586
17720;938921;2585
17778;941983;2584
17782;942186;2583
17783;942249;2581
17813;943829;2580
17815;943939;2579
17816;944001;2578
17865;946548;2576
17868;946704;2575
17892;947954;2574
17935;950190;2573
17951;951034;2572
17969;951987;2571
18008;954053;2570
18014;954365;2569
18015;954427;2568
18024;954880;2567
18030;955193;2566
18032;955302;2565
18103;959055;2562
18115;959679;2561
18140;961003;2560
18145;961269;2559
18153;961690;2558
18195;963912;2556
18201;964224;2555
18203;964334;2554
18223;965443;2553
18226;965614;2552
18246;966661;2551
18253;967020;2550
18283;968617;2549
18336;971445;2548
18340;971664;2547
18364;972960;2546
18367;973117;2545
18372;973382;2543
18390;974338;2542
18393;974494;2541
18428;976368;2540
18442;977107;2539
18459;978013;2538
18476;978891;2537
18527;981562;2535
18543;982390;2534
18570;983812;2533
18587;984686;2532
18588;984749;2531
18590;984843;2530
18598;985264;2528
18608;985780;2527
18627;986764;2526
18686;989850;2525
18695;990319;2524
18714;991319;2523
18777;994633;2522
18783;994945;2521
18795;995570;2520
18809;996335;2519
18819;996867;2518
18840;997960;2517
18847;998335;2516
18878;999930;2514
18893;1000727;2513
18902;1001200;2512
18914;1001809;2511
18951;1003779;2510
18993;1005998;2509
19014;1007138;2508
19015;1007185;2507
19024;1007654;2506
19057;1009408;2505
19074;1010298;2504
19108;1012094;2503
19172;1015472;2502
19195;1016690;2501
19210;1017487;2500
19211;1017534;2499
19238;1018927;2498
19276;1020927;2497
19279;1021097;2496
19283;1021300;2495
19284;1021363;2494
19359;1025303;2493
19434;1029255;2492
19587;1037316;2491
19592;1037597;2490
19598;1037910;2489
19650;1040661;2488
19654;1040864;2487
19695;1043036;2486
19706;1043617;2485
19713;1043997;2484
19749;1045888;2483
19775;1047262;2482
19779;1047465;2481
19789;1047996;2480
19816;1049415;2479
19818;1049508;2478
19866;1052055;2477
19909;1054322;2476
19922;1054993;2475
19929;1055353;2474
19936;1055712;2473
19939;1055884;2472
19964;1057196;2470
19985;1058305;2469
20005;1059355;2468
20041;1061261;2467
20051;1061797;2466
20053;1061890;2464
20077;1063171;2463
20147;1066904;2462
20163;1067732;2461
20177;1068450;2460
20181;1068672;2459
20221;1070781;2458
20260;1072837;2457
20290;1074417;2456
20307;1075307;2455
20427;1081665;2454
20461;1083446;2453
20468;1083821;2452
20506;1085821;2451
20538;1087555;2450
20578;1089666;2449
20579;1089729;2448
20595;1090572;2447
20608;1091244;2446
20668;1094476;2444
20685;1095367;2441
20693;1095789;2438
20701;1096195;2437
20719;1097163;2436
20792;1101001;2435
20909;1107186;2434
20928;1108202;2433
20940;1108844;2432
20949;1109313;2431
20985;1111203;2430
20996;1111797;2429
20999;1111937;2428
21023;1113203;2427
21031;1113625;2425
21053;1114812;2424
21089;1116702;2423
21098;1117186;2421
21116;1118124;2420
21155;1120204;2419
21188;1121954;2418
21217;1123500;2417
21226;1123975;2416
21291;1127381;2415
21354;1130727;2414
21416;1134009;2413
21417;1134056;2412
21423;1134384;2411
21441;1135337;2409
21489;1137850;2408
21506;1138758;2405
21550;1141101;2404
21581;1142726;2403
21604;1143931;2402
21611;1144291;2401
21619;1144712;2400
21621;1144822;2399
21667;1147259;2398
21681;1148010;2397
21703;1149168;2396
21741;1151168;2395
21756;1151949;2394
21775;1152964;2392
21776;1153011;2391
21783;1153386;2390
21785;1153495;2389
21805;1154552;2388
21813;1154974;2387
21877;1158364;2386
21920;1160616;2385
21928;1161038;2383
21935;1161413;2382
21939;1161616;2380
21952;1162321;2379
21989;1164292;2378
21991;1164401;2377
22017;1165760;2376
22050;1167526;2374
22061;1168104;2373
22066;1168369;2372
22168;1173711;2371
22210;1175929;2370
22228;1176898;2369
22231;1177060;2368
22285;1179937;2367
22286;1179999;2366
22426;1187344;2364
22428;1187437;2363
22430;1187547;2362
22432;1187656;2361
22491;1190768;2360
22567;1194738;2359
22570;1194894;2358
22576;1195191;2357
22588;1195831;2356
22591;1195988;2354
22598;1196363;2353
22643;1198755;2352
22654;1199348;2351
22691;1201301;2350
22709;1202268;2349
22741;1203958;2348
22759;1204896;2347
22793;1206677;2345
22811;1207630;2344
22814;1207770;2343
22823;1208239;2342
22885;1211569;2341
22897;1212224;2339
22912;1213005;2337
22924;1213646;2336
22971;1216176;2335
22998;1217614;2334
23004;1217942;2333
23049;1220288;2332
23052;1220444;2331
23063;1221022;2330
23181;1227265;2329
23255;1231172;2328
23275;1232211;2325
23277;1232320;2324
23279;1232414;2323
23373;1237400;2322
23450;1241464;2321
23451;1241526;2320
23460;1241987;2319
23474;1242721;2318
23506;1244394;2317
23522;1245238;2316
23574;1247981;2315
23586;1248605;2313
23589;1248765;2312
23606;1249655;2311
23658;1252436;2310
23681;1253639;2308
23758;1257747;2307
23782;1259036;2306
23795;1259692;2305
23796;1259739;2304
23818;1260880;2303
23821;1261036;2302
23833;1261661;2301
23865;1263348;2300
23964;1268599;2299
23996;1270290;2298
24002;1270618;2297
24054;1273351;2296
24067;1274042;2295
24082;1274823;2294
24088;1275135;2293
24103;1275932;2292
24123;1277010;2291
24133;1277526;2290
24141;1277947;2289
24169;1279433;2288
24173;1279652;2287
24181;1280089;2286
24224;1282354;2285
24260;1284248;2284
24279;1285263;2283
24282;1285419;2282
24293;1285997;2280
24296;1286138;2279
24377;1290453;2278
24462;1294928;2277
24515;1297693;2276
24516;1297740;2275
24527;1298318;2274
24536;1298805;2273
24565;1300352;2272
24567;1300461;2271
24621;1303320;2270
24663;1305570;2269
24670;1305914;2268
24686;1306757;2267
24721;1308569;2265
24732;1309166;2264
24752;1310229;2263
24768;1311041;2262
24777;1311510;2261
24792;1312306;2260
24805;1312994;2259
24811;1313306;2258
24819;1313728;2257
24843;1314980;2256
24850;1315347;2254
24915;1318784;2253
24952;1320724;2252
24983;1322368;2251
24984;1322431;2250
24990;1322743;2249
25053;1326063;2248
25072;1327079;2247
25083;1327657;2246
25087;1327860;2245
25099;1328485;2244
25133;1330300;2243
25181;1332888;2242
25230;1335452;2241
25258;1336936;2240
25264;1337249;2239
25281;1338139;2238
25286;1338404;2236
25306;1339470;2235
25353;1341970;2234
25383;1343547;2233
25470;1348131;2232
25491;1349240;2231
25547;1352208;2230
25560;1352865;2228
25597;1354835;2227
25655;1357901;2226
25658;1358057;2225
25687;1359575;2224
25701;1360309;2223
25724;1361527;2222
25832;1367279;2221
25834;1367388;2220
25876;1369593;2218
25879;1369750;2216
25881;1369861;2215
25927;1372282;2214
25958;1373910;2212
25997;1376003;2210
26014;1376894;2209
26029;1377675;2208
26057;1379160;2207
26091;1380937;2206
26110;1381937;2205
26122;1382578;2204
26181;1385688;2203
26212;1387313;2201
26223;1387891;2200
26256;1389609;2199
26266;1390125;2198
26276;1390656;2197
26305;1392191;2196
26507;1402757;2195
26518;1403335;2194
26567;1405873;2193
26641;1409766;2192
26678;1411703;2191
26791;1417655;2190
26849;1420719;2189
26856;1421094;2188
26863;1421458;2187
26864;1421505;2185
26886;1422661;2184
26951;1426064;2183
26975;1427345;2182
26988;1428047;2181
27009;1429175;2179
27034;1430503;2178
27040;1430831;2177
27055;1431611;2176
27086;1433236;2175
27112;1434581;2173
27115;1434753;2172
27140;1436065;2171
27190;1438718;2169
27202;1439347;2168
27208;1439659;2166
27303;1444702;2165
27357;1447577;2164
27365;1447999;2163
27384;1448986;2162
27385;1449033;2161
27497;1455001;2160
27499;1455111;2159
27529;1456673;2158
27537;1457095;2157
27559;1458282;2156
27587;1459763;2155
27658;1463497;2154
27675;1464374;2153
27705;1465967;2152
27742;1467910;2150
27770;1469360;2149
27774;1469579;2148
27810;1471469;2147
27815;1471734;2146
27851;1473625;2145
27994;1481239;2144
28026;1482942;2143
28085;1486041;2142
28093;1486447;2141
28110;1487322;2140
28130;1488368;2139
28157;1489777;2137
28159;1489871;2136
28167;1490293;2135
28240;1494122;2134
28307;1497657;2133
28332;1499003;2132
28353;1500112;2130
28401;1502658;2129
28467;1506148;2128
28480;1506820;2127
28513;1508570;2126
28521;1508991;2125
28598;1513108;2123
28613;1513889;2122
28622;1514360;2121
28652;1515938;2120
28666;1516688;2117
28689;1517875;2116
28729;1519941;2115
28731;1520050;2114
28749;1520988;2111
28794;1523346;2110
28900;1528934;2109
28970;1532639;2108
28990;1533702;2107
29000;1534235;2106
29028;1535704;2105
29050;1536877;2104
29099;1539458;2102
29164;1542895;2101
29186;1544020;2100
29191;1544288;2099
29205;1545023;2098
29224;1546038;2097
29235;1546632;2096
29248;1547319;2095
29274;1548725;2094
29318;1551055;2093
29320;1551148;2092
29368;1553694;2091
29383;1554494;2090
29389;1554806;2089
29447;1557868;2088
29506;1560988;2087
29513;1561363;2086
29552;1563406;2085
29603;1566096;2084
29631;1567565;2083
29676;1569927;2082
29715;1571989;2081
29761;1574398;2080
29857;1579492;2079
29903;1581942;2078
29938;1583770;2077
29965;1585210;2076
30038;1589053;2075
30094;1592070;2074
30095;1592117;2073
30113;1593085;2072
30187;1597009;2071
30258;1600777;2070
30310;1603539;2068
30312;1603648;2066
30327;1604431;2065
30384;1607430;2064
30435;1610151;2063
30516;1614415;2062
30531;1615211;2061
30603;1618961;2060
30605;1619070;2059
30613;1619495;2058
30640;1620932;2057
30662;1622103;2056
30686;1623393;2055
30699;1624096;2054
30758;1627223;2053
30829;1631000;2052
30837;1631422;2050
30845;1631844;2049
30879;1633640;2048
30911;1635330;2047
30912;1635377;2046
30931;1636392;2045
31068;1643661;2044
31095;1645102;2043
31106;1645664;2041
31108;1645773;2040
31230;1652247;2039
31239;1652732;2038
31241;1652826;2037
31265;1654106;2036
31325;1657265;2035
31373;1659785;2034
31394;1660894;2033
31613;1672576;2031
31650;1674546;2029
31678;1676030;2028
31704;1677404;2027
31739;1679248;2026
31777;1681247;2025
31829;1684002;2024
31851;1685177;2022
31857;1685505;2021
31872;1686286;2020
31882;1686833;2019
31885;1686989;2018
31907;1688145;2017
31932;1689475;2015
31969;1691412;2013
31973;1691631;2012
31979;1691943;2011
32003;1693223;2010
32033;1694788;2009
32067;1696647;2008
32077;1697179;2007
32137;1700352;2006
32163;1701727;2005
32169;1702055;2004
32179;1702571;2003
32187;1702992;2002
32236;1705574;2001
32238;1705668;1999
32303;1709073;1998
32399;1714139;1997
32445;1716544;1996
32581;1723740;1995
32629;1726305;1994
32712;1730744;1993
32782;1734452;1992
32877;1739468;1991
32984;1745077;1990
33025;1747264;1989
33137;1753266;1988
33166;1754799;1987
33178;1755440;1986
33196;1756361;1985
33247;1759064;1984
33259;1759709;1983
33267;1760131;1982
33274;1760506;1981
33373;1765742;1980
33403;1767336;1979
33442;1769417;1978
33470;1770895;1977
33482;1771551;1976
33507;1772847;1975
33518;1773441;1972
33555;1775380;1971
33605;1778001;1970
33637;1779675;1969
33639;1779785;1968
33673;1781597;1967
33683;1782128;1966
33727;1784459;1964
33791;1787849;1963
33896;1793366;1962
33942;1795820;1961
33948;1796133;1960
34031;1800507;1959
34051;1801554;1958
34126;1805509;1957
34162;1807384;1956
34165;1807555;1955
34297;1814558;1952
34319;1815714;1951
34321;1815824;1950
34330;1816308;1949
34379;1818933;1948
34387;1819342;1947
34422;1821185;1946
34439;1822091;1945
34589;1830006;1944
34603;1830756;1943
34610;1831140;1942
34769;1839535;1941
34784;1840331;1939
34798;1841050;1938
34802;1841253;1937
34822;1842315;1936
34925;1847749;1934
34932;1848124;1933
34969;1850017;1932
34980;1850595;1931
35029;1853152;1930
35032;1853324;1929
35053;1854419;1928
35067;1855185;1927
35160;1860123;1925
35170;1860654;1924
35208;1862685;1923
35234;1864076;1922
35245;1864673;1921
35280;1866532;1920
35401;1872941;1919
35428;1874350;1918
35439;1874928;1917
35448;1875412;1915
35475;1876818;1914
35551;1880818;1913
35561;1881334;1912
35572;1881912;1911
35620;1884461;1910
35628;1884883;1909
35635;1885242;1908
35728;1890175;1907
35757;1891706;1906
35774;1892596;1905
35790;1893440;1904
35802;1894080;1903
35803;1894127;1902
35810;1894521;1901
35863;1897315;1900
35887;1898596;1898
35906;1899583;1896
35945;1901630;1895
35978;1903395;1894
35979;1903442;1893
36052;1907286;1892
36062;1907802;1891
36065;1907958;1890
36066;1908020;1888
36074;1908442;1887
36084;1908973;1886
36110;1910334;1885
36182;1914133;1884
36206;1915414;1883
36299;1920321;1882
36393;1925315;1881
36422;1926830;1879
36496;1930787;1877
36508;1931443;1876
36512;1931646;1875
36597;1936179;1874
36620;1937406;1873
36858;1950114;1872
36865;1950458;1871
36870;1950724;1870
36948;1954849;1869
36982;1956630;1868
36986;1956833;1867
37034;1959391;1865
37035;1959441;1864
37070;1961284;1863
37159;1965989;1862
37273;1972053;1861
37329;1975013;1860
37339;1975544;1859
37399;1978716;1858
37420;1979827;1857
37512;1984678;1856
37588;1988701;1855
37604;1989548;1854
37619;1990344;1853
37623;1990547;1852
37728;1996115;1851
37757;1997631;1850
37767;1998146;1849
37775;1998568;1848
37778;1998724;1847
37825;2001258;1846
37836;2001851;1845
37893;2004853;1844
37901;2005276;1843
37907;2005589;1842
37919;2006214;1841
37945;2007588;1840
37966;2008666;1839
37974;2009088;1838
37989;2009872;1837
38115;2016513;1836
38189;2020390;1835
38191;2020484;1834
38208;2021359;1833
38281;2025210;1832
38303;2026351;1831
38315;2026976;1829
38324;2027460;1828
38375;2030149;1827
38456;2034415;1826
38463;2034791;1825
38479;2035635;1824
38569;2040393;1823
38571;2040486;1822
38598;2041908;1821
38784;2051685;1820
38883;2056890;1819
39019;2064063;1818
39039;2065159;1817
39139;2070408;1816
39210;2074210;1815
39287;2078275;1814
39310;2079509;1813
39471;2087979;1812
39534;2091294;1811
39540;2091622;1810
39696;2099872;1809
39733;2101809;1808
39745;2102449;1806
39765;2103496;1805
39766;2103543;1804
39782;2104396;1803
39821;2106462;1802
39835;2107212;1801
39840;2107477;1800
39894;2110323;1799
39933;2112401;1797
39993;2115550;1796
40074;2119880;1795
40136;2123176;1794
40216;2127385;1793
40374;2135768;1792
40376;2135862;1791
40497;2142269;1790
40556;2145359;1788
40572;2146187;1787
40639;2149717;1786
40700;2152897;1785
40816;2158946;1784
40821;2159196;1783
40883;2162479;1782
40914;2164104;1781
40930;2164945;1780
40973;2167195;1779
41002;2168710;1778
41009;2169069;1777
41028;2170087;1776
41059;2171742;1775
41131;2175566;1774
41146;2176347;1773
41173;2177753;1772
41193;2178815;1771
41237;2181146;1770
41246;2181630;1769
41295;2184270;1768
41375;2188558;1767
41415;2190655;1766
41458;2192931;1765
41574;2199058;1764
41621;2201529;1763
41622;2201576;1762
41625;2201732;1761
41636;2202312;1760
41683;2204799;1759
41711;2206267;1758
41759;2208782;1757
41775;2209626;1756
41853;2213737;1755
41882;2215243;1754
41922;2217352;1753
41992;2221042;1752
42052;2224213;1751
42055;2224369;1749
42105;2227030;1748
42164;2230173;1747
42224;2233360;1746
42294;2237081;1745
42329;2238924;1744
42336;2239314;1743
42402;2242799;1742
42403;2242861;1741
42477;2246758;1740
42490;2247461;1739
42505;2248257;1738
42530;2249585;1737
42531;2249648;1736
42533;2249760;1735
42589;2252697;1734
42593;2252916;1732
42646;2255715;1731
42652;2256027;1730
42695;2258315;1728
42726;2259953;1727
42875;2267767;1726
42876;2267830;1725
42964;2272424;1724
43029;2275835;1723
43042;2276491;1721
43077;2278365;1720
43116;2280414;1719
43127;2281007;1716
43219;2285877;1715
43256;2287861;1714
43284;2289361;1713
43285;2289408;1712
43309;2290707;1711
43331;2291879;1710
43430;2297080;1709
43435;2297330;1708
43444;2297783;1707
43474;2299377;1706
43484;2299911;1705
43726;2312950;1704
43760;2314747;1703
43767;2315125;1702
43793;2316469;1701
43796;2316625;1700
43844;2319140;1699
43864;2320221;1698
43921;2323184;1697
43956;2325015;1696
43994;2326999;1695
44009;2327796;1694
44070;2331047;1693
44112;2333263;1692
44119;2333607;1691
44130;2334185;1689
44183;2336968;1688
44215;2338655;1687
44350;2345818;1686
44359;2346287;1685
44405;2348713;1684
44414;2349166;1683
44442;2350623;1682
44486;2352982;1681
44541;2355881;1680
44566;2357193;1679
44577;2357771;1678
44683;2363367;1677
44722;2365416;1675
44961;2378020;1674
45100;2385289;1673
45107;2385649;1672
45110;2385805;1671
45144;2387586;1670
45162;2388539;1669
45164;2388648;1668
45318;2396749;1667
45341;2397936;1666
45435;2402893;1665
45511;2406861;1664
45548;2408829;1663
45572;2410112;1662
45658;2414619;1661
45719;2417825;1660
45745;2419199;1659
45842;2424317;1658
45879;2426224;1657
45897;2427162;1656
45909;2427787;1655
45973;2431179;1653
46001;2432679;1652
46145;2440307;1651
46210;2443759;1650
46218;2444181;1649
46222;2444400;1647
46333;2450268;1645
46354;2451393;1644
46407;2454158;1642
46460;2456975;1641
46469;2457459;1640
46510;2459615;1639
46571;2462821;1638
46619;2465369;1637
46748;2472161;1636
46764;2473005;1634
46823;2476070;1633
46859;2477991;1632
46921;2481243;1631
46978;2484274;1630
47044;2487732;1629
47129;2492257;1628
47229;2497539;1627
47423;2507689;1625
47444;2508798;1623
47530;2513291;1621
47656;2519878;1620
47716;2523066;1619
47749;2524800;1618
47755;2525131;1617
47864;2530863;1616
47977;2536821;1615
47984;2537196;1614
48015;2538821;1613
48071;2541755;1612
48075;2541958;1611
48113;2543958;1610
48181;2547553;1608
48185;2547771;1607
48278;2552695;1606
48280;2552788;1605
48285;2553054;1604
48319;2554850;1603
48370;2557571;1602
48446;2561572;1601
48474;2563031;1600
48608;2570163;1599
48619;2570725;1598
48792;2579884;1597
48806;2580621;1596
48902;2585701;1595
48920;2586623;1594
48961;2588779;1592
49004;2591056;1591
49065;2594259;1590
49067;2594368;1589
49188;2600716;1585
49283;2605692;1584
49438;2613771;1582
49495;2616779;1581
49649;2624842;1580
49743;2629796;1579
49846;2635222;1578
49937;2640033;1577
49941;2640239;1576
49983;2642460;1575
50017;2644241;1574
50084;2647795;1573
50166;2652157;1572
50185;2653149;1571
50519;2670714;1570
50550;2672350;1569
50566;2673193;1567
50630;2676570;1566
50673;2678819;1565
50729;2681806;1564
50747;2682760;1563
50824;2686809;1562
50857;2688558;1561
50928;2692326;1560
50936;2692764;1559
50945;2693232;1558
51008;2696544;1557
51099;2701296;1556
51120;2702405;1555
51253;2709441;1554
51310;2712443;1553
51337;2713896;1552
51384;2716383;1551
51411;2717804;1550
51421;2718335;1549
51469;2720882;1548
51559;2725617;1547
51655;2730637;1546
51692;2732605;1545
51707;2733386;1542
51726;2734386;1541
51812;2738922;1540
52035;2750704;1539
52088;2753502;1538
52134;2755926;1537
52274;2763286;1536
52278;2763504;1535
52295;2764395;1534
52336;2766558;1533
52354;2767495;1532
52357;2767652;1531
52380;2768854;1530
52424;2771169;1529
52442;2772091;1528
52468;2773481;1527
52474;2773794;1524
52481;2774153;1523
52490;2774637;1522
52503;2775312;1520
52568;2778733;1519
52597;2780297;1518
52612;2781094;1517
52742;2787963;1516
52862;2794282;1515
52886;2795582;1514
52931;2797957;1513
52947;2798785;1512
53061;2804856;1511
53118;2807802;1510
53201;2812156;1509
53246;2814515;1508
53259;2815202;1507
53264;2815452;1506
53370;2820978;1505
53376;2821290;1503
53382;2821603;1502
53396;2822337;1501
53403;2822712;1500
53532;2829462;1499
53676;2837091;1498
53820;2844689;1497
53859;2846722;1495
53931;2850521;1494
53954;2851739;1493
54072;2857950;1492
54235;2866586;1491
54281;2869054;1490
54309;2870526;1486
54323;2871260;1485
54336;2871947;1484
54455;2878357;1483
54505;2880983;1482
54515;2881514;1480
54529;2882248;1479
54595;2885704;1478
54620;2887031;1477
54713;2892011;1476
54808;2897012;1475
54894;2901550;1474
54934;2903643;1473
55006;2907472;1472
55022;2908300;1471
55027;2908566;1470
55029;2908675;1469
55085;2911590;1468
55309;2923441;1467
55645;2941141;1466
55666;2942250;1465
55795;2949080;1464
55973;2958480;1463
56071;2963607;1462
56096;2964919;1461
56193;2970055;1460
56301;2975762;1459
56323;2976934;1458
56369;2979389;1457
56387;2980342;1456
56435;2982860;1455
56458;2984094;1454
56479;2985188;1453
56483;2985407;1452
56516;2987189;1451
56613;2992345;1450
56679;2995829;1449
56745;2999344;1448
56754;2999828;1447
56797;3002096;1446
56842;3004455;1445
57034;3014578;1444
57196;3023152;1443
57335;3030508;1440
57388;3033353;1439
57452;3036735;1438
57474;3037891;1437
57574;3043173;1436
57905;3060772;1434
57928;3061991;1433
58105;3071346;1432
58163;3074413;1431
58167;3074632;1429
58245;3078773;1428
58540;3094384;1427
58581;3096550;1426
58607;3097941;1425
58708;3103286;1424
58831;3109780;1423
58890;3112924;1422
58919;3114440;1421
58964;3116817;1420
59131;3125582;1419
59183;3128332;1418
59256;3132162;1417
59278;3133328;1416
59400;3139814;1415
59425;3141128;1414
59445;3142183;1413
59448;3142324;1412
59542;3147279;1411
59772;3159518;1410
59803;3161160;1409
59839;3163050;1408
59944;3168719;1407
59993;3171292;1406
60052;3174401;1405
60053;3174447;1404
60399;3192812;1403
60405;3193140;1402
60519;3199126;1401
60562;3201407;1400
60730;3210329;1398
60760;3211941;1397
60774;3212659;1396
60966;3222737;1395
61046;3226973;1393
61168;3233460;1392
61273;3239075;1391
61447;3248283;1390
61640;3258425;1389
61682;3260659;1388
61916;3273031;1387
61922;3273359;1386
61944;3274515;1385
62046;3279922;1384
62049;3280078;1383
62137;3284712;1382
62210;3288586;1381
62283;3292533;1380
62305;3293689;1379
62316;3294267;1378
62355;3296301;1377
62441;3300800;1374
62497;3303741;1373
62540;3306040;1372
62549;3306508;1371
62595;3308912;1370
62953;3327794;1369
62993;3329934;1368
63397;3351239;1367
63569;3360314;1366
63581;3360942;1365
63680;3366147;1364
63889;3377179;1363
63985;3382274;1362
64000;3383040;1360
64133;3390036;1359
64292;3398395;1358
64331;3400457;1357
64490;3408835;1356
64540;3411506;1355
64567;3412943;1353
64573;3413271;1352
64694;3419692;1351
64815;3426039;1350
64827;3426679;1349
64842;3427460;1348
64866;3428721;1347
64914;3431275;1346
65007;3436184;1345
65049;3438449;1344
65166;3444572;1342
65256;3449318;1341
65585;3466687;1340
65800;3478095;1339
65807;3478470;1338
65875;3482041;1337
66075;3492584;1336
66083;3493022;1335
66085;3493115;1334
66427;3511206;1333
66431;3511425;1332
66533;3516833;1331
66537;3517051;1330
66549;3517693;1329
66558;3518177;1328
66707;3526084;1327
66910;3536858;1326
66922;3537482;1325
66979;3540491;1324
67065;3545007;1323
67099;3546807;1322
67718;3579354;1321
67726;3579776;1320
67858;3586749;1319
67908;3589451;1318
68071;3598019;1317
68127;3600988;1316
68142;3601802;1315
68242;3607051;1314
68355;3613048;1313
68455;3618337;1312
68522;3621917;1311
68622;3627189;1310
68837;3638504;1309
68969;3645446;1308
69032;3648776;1307
69036;3648979;1306
69061;3650291;1305
69092;3651951;1304
69317;3663854;1303
69428;3669762;1302
69505;3673840;1301
69779;3688311;1300
69832;3691123;1299
69984;3699174;1298
70000;3700018;1297
70321;3716962;1296
70325;3717181;1295
70365;3719259;1294
70385;3720321;1293
70488;3725751;1292
70499;3726346;1290
70554;3729236;1289
70580;3730611;1288
70595;3731395;1287
70958;3750532;1286
71015;3753535;1285
71032;3754425;1284
71050;3755378;1283
71182;3762353;1282
71193;3762962;1281
71287;3767933;1280
71423;3775173;1279
71532;3781001;1278
71576;3783395;1277
71661;3787920;1276
71733;3791702;1275
72056;3808797;1274
72074;3809750;1273
72098;3811000;1272
72472;3830798;1271
72475;3830954;1270
72536;3834206;1269
72624;3838818;1268
72727;3844243;1267
72814;3848823;1266
72818;3849026;1265
72868;3851684;1264
72947;3855843;1262
73162;3867188;1261
73420;3880809;1260
73511;3885643;1259
73748;3898153;1258
73782;3899965;1257
73813;3901609;1256
73874;3904889;1255
73954;3909143;1254
74161;3920067;1253
74395;3932453;1252
74400;3932718;1251
74469;3936357;1250
74510;3938516;1249
74520;3939062;1248
74666;3946759;1247
74847;3956295;1246
74900;3959079;1245
74914;3959813;1243
74935;3960921;1242
75211;3975531;1240
75354;3983004;1239
75373;3984003;1238
75396;3985206;1237
75421;3986521;1236
75424;3986677;1235
75452;3988146;1234
75501;3990755;1233
75507;3991065;1232
75663;3999233;1231
75744;4003466;1230
75812;4007065;1229
76016;4017881;1228
76082;4021365;1227
76232;4029246;1226
76240;4029668;1225
76371;4036608;1224
76626;4050086;1223
76679;4052869;1222
76814;4060007;1221
77163;4078428;1220
77195;4080116;1219
77201;4080444;1218
77211;4080975;1217
77221;4081490;1216
77306;4085945;1215
77313;4086289;1214
77559;4099289;1213
77563;4099508;1212
77724;4108010;1211
77799;4111925;1210
78078;4126644;1209
78152;4130552;1208
78164;4131193;1207
78208;4133524;1206
78353;4141162;1205
78424;4144904;1204
78523;4150171;1203
78602;4154344;1202
78751;4162189;1201
78840;4166909;1200
78895;4169834;1199
79013;4176063;1198
79027;4176784;1197
79038;4177362;1196
79070;4179084;1195
79234;4187745;1194
79381;4195465;1193
79392;4196058;1192
79530;4203296;1191
79630;4208550;1190
79649;4209534;1189
79699;4212161;1188
79769;4215879;1187
80272;4242512;1186
80275;4242668;1185
80721;4266182;1184
81021;4282097;1183
81198;4291467;1182
81238;4293578;1181
81270;4295265;1180
81489;4306909;1179
81559;4310596;1178
81737;4320065;1177
81823;4324578;1176
81835;4325218;1175
81956;4331578;1174
82103;4339347;1173
82161;4342443;1172
82387;4354352;1171
82577;4364402;1170
82650;4368326;1169
83161;4395410;1168
83169;4395832;1167
83291;4402312;1166
83296;4402578;1165
83422;4409204;1164
83584;4417739;1163
83958;4437517;1162
84509;4466616;1161
84545;4468556;1160
84801;4482111;1159
84884;4486491;1158
84900;4487353;1157
84909;4487806;1156
85135;4499810;1155
85175;4501941;1154
85268;4506850;1153
85433;4515648;1152
85618;4525529;1151
85781;4534109;1150
85863;4538470;1149
86254;4559063;1148
86408;4567232;1147
86435;4568653;1146
87184;4608278;1145
87190;4608575;1144
87213;4609778;1143
87252;4611824;1142
87480;4623844;1141
87619;4631202;1140
87761;4638758;1139
87832;4642479;1138
88043;4653554;1136
88106;4656881;1135
88165;4660018;1134
88188;4661237;1133
88626;4684514;1132
88707;4688826;1131
89208;4715299;1130
89217;4715767;1129
89536;4732635;1128
89592;4735570;1127
89962;4755007;1126
90046;4759446;1125
90176;4766369;1124
90247;4770152;1123
90385;4777403;1122
90475;4782151;1121
90634;4790501;1120
90694;4793691;1119
90739;4796082;1118
91050;4812411;1117
91132;4816677;1116
91167;4818524;1115
91223;4821476;1114
91491;4835601;1113
91619;4842317;1112
91926;4858575;1111
92195;4872777;1110
92384;4882700;1109
92410;4884085;1108
92833;4906385;1107
92962;4913230;1106
93094;4920137;1104
93131;4922059;1103
93368;4934555;1102
93383;4935336;1101
93644;4949138;1100
93663;4950138;1099
93838;4959343;1098
93961;4965828;1097
94296;4983389;1096
94307;4983983;1095
94355;4986529;1094
94716;5005547;1093
95001;5020425;1092
95090;5025098;1091
95164;5028913;1090
95234;5032615;1089
95311;5036700;1088
95739;5059220;1087
95902;5067788;1086
95952;5070429;1085
95995;5072712;1084
96257;5086501;1083
96324;5089962;1082
96515;5100068;1081
96675;5108553;1079
97172;5134771;1077
97579;5156205;1076
97772;5166355;1075
97875;5171791;1074
98060;5181515;1072
98298;5194203;1071
98362;5197564;1070
98384;5198707;1069
98780;5219663;1068
98796;5220506;1067
99127;5237877;1066
99269;5245378;1065
99454;5255174;1064
99616;5263678;1063
99625;5264147;1062
100054;5286851;1061
100230;5296105;1060
100478;5309231;1059
100826;5327493;1058
101054;5339565;1057
101382;5356883;1056
101811;5379580;1055
102375;5409220;1054
102447;5413047;1053
102454;5413425;1052
103341;5460015;1051
103475;5467086;1050
103541;5470578;1048
103712;5479644;1047
103880;5488563;1046
104040;5497073;1045
104235;5507382;1044
104654;5529698;1043
105069;5551617;1042
105190;5558027;1041
105203;5558717;1040
105430;5570656;1039
105496;5574132;1038
105533;5576131;1037
105539;5576444;1036
105769;5588617;1035
105897;5595393;1034
105978;5599723;1033
106065;5604272;1032
106074;5604741;1031
106096;5605897;1030
106109;5606569;1029
106127;5607522;1028
106176;5610102;1027
106317;5617556;1026
106996;5653595;1025
107028;5655283;1024
107032;5655501;1023
107374;5673565;1022
107442;5677178;1021
107857;5699156;1020
108397;5727609;1019
108401;5727812;1018
108707;5744068;1017
108712;5744334;1016
108979;5758397;1015
109076;5763545;1014
109598;5791138;1013
109599;5791185;1012
109615;5792028;1011
109704;5796749;1010
109908;5807512;1009
110066;5815843;1008
110079;5816530;1007
110511;5839286;1006
110689;5848601;1005
110799;5854399;1004
110846;5856867;1003
110904;5859899;1002
111073;5868933;1001
111239;5877653;1000
111418;5887109;999
111479;5890345;998
111644;5899050;997
111810;5907769;996
111989;5917208;995
112007;5918161;994
112069;5921461;993
112129;5924619;992
112336;5935593;991
112390;5938452;990
112471;5942682;989
113125;5977345;988
113157;5979036;987
113208;5981724;986
113860;6016264;985
113954;6021233;984
113959;6021499;983
113975;6022358;982
114002;6023798;981
114046;6026141;980
114233;6036027;979
114276;6038293;978
114320;6040592;977
114497;6049958;976
114804;6066172;975
114859;6069034;974
114864;6069299;973
115038;6078557;972
115131;6083496;971
115242;6089360;970
115296;6092172;969
115346;6094808;968
115868;6122315;967
116578;6160062;966
116764;6169846;965
116790;6171259;964
116965;6180500;963
117101;6187722;962
117849;6227261;961
117939;6232075;960
118022;6236497;959
118076;6239313;958
118326;6252460;957
118862;6280704;956
118931;6284294;955
119120;6294254;954
119202;6298550;953
119410;6309575;952
119549;6316941;951
119733;6326640;950
120038;6342713;949
120209;6351794;948
120221;6352419;947
120555;6370052;946
120782;6382102;945
121005;6393856;944
121068;6397185;943
121392;6414332;942
121433;6416503;941
121946;6443646;940
121973;6445102;939
122058;6449592;938
122110;6452341;937
122686;6482702;936
122723;6484639;935
123044;6501636;934
123701;6536156;933
123922;6547815;932
124015;6552786;931
124097;6557146;930
124691;6588535;929
124701;6589051;928
124755;6591922;927
125114;6610965;926
125555;6634142;925
125909;6652846;924
125971;6656113;923
125980;6656582;922
126232;6669926;921
126277;6672331;920
126371;6677318;919
126903;6705430;918
127151;6718510;917
127279;6725303;916
127772;6751478;915
127804;6753166;914
127932;6759920;913
128169;6772431;912
128553;6792688;911
128753;6803296;910
128794;6805470;909
129409;6837883;908
130060;6872327;907
130132;6876141;906
130264;6883136;905
130613;6901514;904
130766;6909551;903
130800;6911348;902
131185;6931684;901
131852;6966839;900
132006;6974924;899
132216;6985992;898
132511;7001524;897
132642;7008388;896
132712;7012063;895
132772;7015283;894
132827;7018204;893
132891;7021593;892
132938;7024062;891
133042;7029501;890
133128;7034060;889
133169;7036234;888
133233;7039624;887
133235;7039721;886
133878;7073667;885
134264;7094067;884
134720;7118032;883
135404;7153994;882
135454;7156652;881
135626;7165753;880
135630;7165972;879
135720;7170751;878
136080;7189689;877
136980;7237328;876
137153;7246409;875
137759;7278476;874
138820;7334541;873
138831;7335122;872
138997;7343930;871
139328;7361399;870
139829;7387781;869
140593;7428023;868
140661;7431636;867
140995;7449334;866
141159;7458087;865
141761;7489974;864
142424;7524929;863
142722;7540659;862
142936;7551928;861
143691;7591861;860
143915;7603693;859
144278;7622928;858
144321;7625242;857
144428;7630883;856
144704;7645517;855
145464;7685782;854
145748;7700881;853
145802;7703709;852
146197;7724608;851
146495;7740346;850
146693;7750869;849
147063;7770478;848
147173;7776338;847
147304;7783229;846
147535;7795427;845
147613;7799535;844
147820;7810456;843
147866;7812894;842
147933;7816396;841
148480;7845242;840
148590;7851047;839
148617;7852469;838
148765;7860297;837
148954;7870284;836
149030;7874291;835
150353;7944091;834
150700;7962442;833
150827;7969146;832
151804;8020708;831
152409;8052627;830
153136;8091413;829
153163;8092819;828
154345;8155069;827
154362;8155976;826
154696;8173645;825
155074;8193661;824
155571;8219848;823
156242;8255262;822
156490;8268362;821
157002;8295389;820
157082;8299594;819
157794;8337092;818
158011;8348533;817
158056;8350940;816
158247;8361050;815
158426;8370472;814
158947;8398005;813
159297;8416525;812
159364;8420138;811
160542;8482283;810
160640;8487398;809
161672;8541794;807
162046;8561507;806
162850;8603944;805
163855;8657390;804
164280;8679875;803
164592;8696303;802
165267;8732115;801
165457;8742124;800
167026;8825140;799
168094;8881788;798
168507;8903744;797
169104;8935278;796
169470;8954569;795
169482;8955194;794
169520;8957209;793
170205;8993257;792
170286;8997587;791
171148;9043091;790
172438;9111293;789
172629;9121390;788
173019;9142077;787
173175;9150262;786
174150;9201688;785
174253;9207142;784
174579;9224421;783
175108;9252476;782
175191;9256852;781
175358;9265721;780
175431;9269565;779
175882;9293345;778
175942;9296531;777
176189;9309612;776
176341;9317677;775
176964;9350638;774
177659;9387368;773
177715;9390305;772
178245;9418284;771
178832;9449188;770
179971;9509397;769
180306;9527050;768
180447;9534546;767
180464;9535468;766
180699;9547931;765
180814;9554003;764
181017;9564820;763
181535;9592140;762
181560;9593453;761
181625;9596878;760
182112;9622531;759
182564;9646447;758
182654;9651152;757
183280;9684246;756
183648;9703725;755
184230;9734519;754
185567;9805038;753
185980;9826842;752
186889;9874928;751
187956;9931316;750
188367;9952993;749
188405;9955008;748
188665;9968784;747
188705;9970877;746
188848;9978425;745
189040;9988761;744
189914;10034964;743
190354;10058159;742
190614;10071925;741
190699;10076449;740
190943;10089220;739
191182;10101758;738
191347;10110465;737
192348;10163791;736
192766;10186644;735
192931;10195614;734
193145;10207147;733
193246;10212580;732
193312;10216120;731
193500;10226044;730
194099;10257701;729
194104;10257966;728
194173;10261618;727
194408;10274156;726
194541;10281172;725
195257;10318990;724
195471;10330261;723
196619;10390670;722
197397;10431743;721
197951;10460973;720
197958;10461332;719
198114;10469584;718
198417;10485464;717
199006;10516541;716
199588;10546988;715
199616;10548459;714
200423;10590843;713
200447;10592077;712
200588;10599511;711
201283;10636028;710
203264;10740473;709
203912;10774711;708
204313;10795861;707
205069;10835983;706
205687;10868546;705
207067;10941392;704
207298;10953675;703
208353;11009254;702
208784;11031912;701
208925;11039367;700
209015;11044166;699
209247;11056471;698
209836;11087612;697
209995;11096041;696
210682;11132522;695
212317;11218933;694
212427;11224710;693
213261;11268879;692
214283;11323039;691
214552;11337276;690
214598;11339700;689
215091;11365783;688
215352;11379553;687
215524;11388650;686
216005;11414003;685
216266;11427749;684
216428;11436335;683
216500;11440139;682
216711;11451231;681
217119;11472785;680
217575;11496959;679
218278;11534088;678
218393;11540182;677
218504;11546059;676
218591;11550645;675
219056;11575068;673
219062;11575381;672
219165;11580798;671
220441;11648143;670
220733;11663601;669
221668;11712708;668
221676;11713130;667
221751;11717104;666
222173;11739550;665
223039;11785356;664
223222;11795006;663
223504;11809838;662
223641;11817050;661
223772;11823976;660
223788;11824807;659
223810;11825963;658
223917;11831614;657
224169;11844905;656
224365;11855266;655
224884;11882811;654
225055;11891855;653
225202;11899609;652
225466;11913804;651
226481;11967468;650
226690;11978503;649
226955;11992463;648
227812;12037577;647
228885;12094103;646
229305;12116161;645
229740;12138993;644
229839;12144206;643
230163;12161150;642
230332;12170000;641
231759;12245163;640
232083;12262296;639
233190;12320663;638
233429;12333348;637
233903;12358361;636
234403;12384715;635
234717;12401230;633
234915;12411689;632
235055;12419035;631
235600;12447729;629
236492;12494649;628
236748;12508093;627
237327;12538534;626
237580;12551800;625
238574;12604065;624
239444;12649976;623
239835;12670684;622
240200;12689840;621
241793;12773666;620
242770;12825148;619
243196;12847690;618
244612;12922507;617
244864;12935728;616
245707;12980189;615
246343;13013761;614
246700;13032602;613
248431;13123944;612
248539;13129640;611
248760;13141320;610
249765;13194540;609
249777;13195165;608
250258;13220545;607
251447;13283333;606
251988;13311834;605
252521;13340043;604
252527;13340355;603
253434;13388342;602
253563;13395156;601
254313;13434828;600
254366;13437612;599
254762;13458604;598
255544;13499907;597
256343;13542104;596
256743;13563211;595
257077;13580948;594
257311;13593371;593
257563;13606681;592
258107;13635480;591
258286;13644945;590
258560;13659375;589
260296;13751250;588
261217;13799953;587
261644;13822570;586
261669;13823961;585
262541;13870294;584
265742;14039815;583
265916;14048973;582
265958;14051191;581
266430;14076261;580
267044;14108844;579
268124;14165880;578
268164;14168022;577
268770;14200098;576
268965;14210385;575
269463;14236642;574
269997;14264940;573
270225;14277020;572
271177;14327274;571
271800;14360222;570
272358;14389703;569
#
# name: Hill Climbing RS
# algorithm_class: solver.HillClimbingWithRS
# instance: pu-proj-fal19
# seed: -2341627623178943206
# bestF: 2147484217
# DTF: 569
# cost: 458575
# startTime: 1767551020001
# totalTime: 14400008
# totalFEs: 272553
# maxFEs: 9223372036854775807
# maxMilliSeconds: 14400000
# maxSeconds: 14400
#
<?xml version="1.0" encoding="UTF-8" standalone="no"?>
<solution author="Team Abdipoor" cores="1" country="China and Malaysia" institution="Bejing/Hefei/Malaysia" name="pu-proj-fal19" runtime="14400" technique="hillclimbingwithrs">
    <class days="0100000" id="1" room="240" start="114" weeks="01111111100000000"/>
    <class days="0001000" id="2" room="240" start="102" weeks="01111111100000000"/>
    <class days="0101000" id="3" room="645" start="198" weeks="01111111111111110"/>
    <class days="1010100" id="4" room="137" start="150" weeks="01111111111111110"/>
    <class days="1010100" id="5" room="696" start="186" weeks="01111111111111110"/>
    <class days="0001000" id="6" room="338" start="114" weeks="01111111111111110"/>
    <class days="0010000" id="7" start="186" weeks="01111111111111110"/>
    <class days="0010000" id="8" start="162" weeks="01111111111111110"/>
    <class days="0010000" id="9" start="162" weeks="01111111111111110"/>
    <class days="1000000" id="10" start="138" weeks="01101111111111110"/>
    <class days="0010000" id="11" start="162" weeks="01111111111111110"/>
    <class days="0001000" id="12" start="138" weeks="01111111111111110"/>
    <class days="1000000" id="13" start="114" weeks="01101111111111110"/>
    <class days="0000100" id="14" room="571" start="138" weeks="01111111111111110"/>
    <class days="0101000" id="15" room="378" start="90" weeks="01111111111111110"/>
    <class days="0100000" id="16" room="154" start="138" weeks="00000000011111110"/>
    <class days="0001000" id="17" room="364" start="90" weeks="00000000011111110"/>
    <class days="0010000" id="18" room="379" start="174" weeks="00000000011111110"/>
    <class days="1010100" id="19" room="471" start="90" weeks="01111111111111110"/>
    <class days="1010100" id="20" room="266" start="102" weeks="01111111111111110"/>
    <class days="1010100" id="21" room="645" start="186" weeks="01111111111111110"/>
    <class days="0010000" id="22" start="90" weeks="01111111111111110"/>
    <class days="0100000" id="23" start="114" weeks="01111111111111110"/>
    <class days="0010000" id="24" start="162" weeks="01111111111111110"/>
    <class days="0100000" id="25" start="186" weeks="01111111111111110"/>
    <class days="0001000" id="26" start="162" weeks="01111111111111110"/>
    <class days="0001000" id="27" start="162" weeks="01111111111111110"/>
    <class days="0001000" id="28" start="114" weeks="01111111111111110"/>
    <class days="0010000" id="29" start="138" weeks="01111111111111110"/>
    <class days="0001000" id="30" start="114" weeks="01111111111111110"/>
    <class days="0010000" id="31" start="90" weeks="01111111111111110"/>
    <class days="0100000" id="32" start="90" weeks="01111111111111110"/>
    <class days="0000100" id="33" start="114" weeks="01111111111111110"/>
    <class days="0001000" id="34" start="90" weeks="01111111111111110"/>
    <class days="0010000" id="35" start="186" weeks="01111111111111110"/>
    <class days="0100000" id="36" start="138" weeks="01111111111111110"/>
    <class days="0010000" id="37" start="114" weeks="01111111111111110"/>
    <class days="0010000" id="38" start="186" weeks="01111111111111110"/>
    <class days="0100000" id="39" start="114" weeks="01111111111111110"/>
    <class days="0001000" id="40" room="407" start="186" weeks="01111111111111110"/>
    <class days="1010100" id="41" room="120" start="102" weeks="01111111111111110"/>
    <class days="0001000" id="42" room="359" start="186" weeks="01111111111111110"/>
    <class days="0001000" id="43" start="114" weeks="01111111111111110"/>
    <class days="0010000" id="44" start="114" weeks="01111111111111110"/>
    <class days="0010000" id="45" start="114" weeks="01111111111111110"/>
    <class days="0100000" id="46" start="90" weeks="01111111111111110"/>
    <class days="0010000" id="47" start="114" weeks="01111111111111110"/>
    <class days="0001000" id="48" start="138" weeks="01111111111111110"/>
    <class days="0010000" id="49" room="237" start="162" weeks="01111111111111110"/>
    <class days="0101000" id="50" room="662" start="144" weeks="01111111111111110"/>
    <class days="0101000" id="51" room="437" start="126" weeks="01111111111111110"/>
    <class days="1010100" id="52" room="436" start="198" weeks="01111111111111110"/>
    <class days="0101000" id="53" room="233" start="162" weeks="01111111111111110"/>
    <class days="1010100" id="54" room="237" start="114" weeks="01111111111111110"/>
    <class days="0100000" id="55" start="90" weeks="01111111111111110"/>
    <class days="0100000" id="56" start="90" weeks="01111111111111110"/>
    <class days="0000100" id="57" start="138" weeks="01111111111111110"/>
    <class days="1000000" id="58" room="638" start="162" weeks="01101111111111110"/>
    <class days="1010100" id="59" room="197" start="198" weeks="01111111111111110"/>
    <class days="0100000" id="60" start="186" weeks="01111111111111110"/>
    <class days="0100000" id="61" start="186" weeks="01111111111111110"/>
    <class days="0100000" id="62" start="186" weeks="01111111111111110"/>
    <class days="0001000" id="63" start="90" weeks="01111111111111110"/>
    <class days="0100000" id="64" start="138" weeks="01111111111111110"/>
    <class days="0100000" id="65" start="138" weeks="01111111111111110"/>
    <class days="0100000" id="66" start="114" weeks="01111111111111110"/>
    <class days="0100000" id="67" start="90" weeks="01111111111111110"/>
    <class days="0001000" id="68" start="162" weeks="01111111111111110"/>
    <class days="0100000" id="69" start="138" weeks="01111111111111110"/>
    <class days="0001000" id="70" start="90" weeks="01111111111111110"/>
    <class days="0100000" id="71" start="186" weeks="01111111111111110"/>
    <class days="0000100" id="72" room="106" start="198" weeks="01111111111111110"/>
    <class days="0001000" id="73" room="137" start="162" weeks="01111111111111110"/>
    <class days="1010100" id="74" room="172" start="162" weeks="01111111111111110"/>
    <class days="0001000" id="75" room="11" start="126" weeks="01111111111111110"/>
    <class days="1010100" id="76" room="11" start="90" weeks="01111111111111110"/>
    <class days="0010000" id="77" room="19" start="126" weeks="01111111111111110"/>
    <class days="0101000" id="78" room="197" start="180" weeks="01111111111111110"/>
    <class days="1010100" id="79" room="638" start="150" weeks="01111111111111110"/>
    <class days="0101000" id="80" room="505" start="180" weeks="01111111111111110"/>
    <class days="0101000" id="81" room="662" start="126" weeks="01111111111111110"/>
    <class days="0001000" id="82" room="71" start="162" weeks="01111111111111110"/>
    <class days="0101000" id="83" room="638" start="126" weeks="01111111111111110"/>
    <class days="0100000" id="84" room="638" start="144" weeks="01111111111111110"/>
    <class days="1010000" id="85" room="548" start="132" weeks="01111111111111110"/>
    <class days="0000100" id="86" room="548" start="144" weeks="01111111111111110"/>
    <class days="1010100" id="87" room="279" start="90" weeks="01111111111111110"/>
    <class days="1010100" id="88" room="283" start="102" weeks="01111111111111110"/>
    <class days="0101000" id="89" room="279" start="108" weeks="01111111111111110"/>
    <class days="1010000" id="90" room="662" start="198" weeks="01111111111111110"/>
    <class days="0101000" id="91" room="638" start="180" weeks="01111111111111110"/>
    <class days="0101000" id="92" room="279" start="126" weeks="01111111111111110"/>
    <class days="1010100" id="93" room="106" start="114" weeks="01111111111111110"/>
    <class days="0101000" id="94" room="284" start="162" weeks="01111111111111110"/>
    <class days="1010100" id="95" room="279" start="162" weeks="01111111111111110"/>
    <class days="0101000" id="96" room="283" start="108" weeks="01111111111111110"/>
    <class days="0101000" id="97" room="696" start="144" weeks="01111111111111110"/>
    <class days="0101000" id="98" room="279" start="180" weeks="01111111111111110"/>
    <class days="0101000" id="99" room="279" start="162" weeks="01111111111111110"/>
    <class days="1010100" id="100" room="279" start="102" weeks="01111111111111110"/>
    <class days="0101000" id="101" room="662" start="180" weeks="01111111111111110"/>
    <class days="0101000" id="102" room="662" start="90" weeks="01111111111111110"/>
    <class days="0101000" id="103" room="19" start="126" weeks="01111111111111110"/>
    <class days="1010100" id="104" room="638" start="126" weeks="01111111111111110"/>
    <class days="1010100" id="105" room="638" start="114" weeks="01111111111111110"/>
    <class days="0101000" id="106" room="638" start="108" weeks="01111111111111110"/>
    <class days="0100000" id="107" room="735" start="180" weeks="01111111111111110"/>
    <class days="0101000" id="108" room="638" start="198" weeks="01111111111111110"/>
    <class days="1010100" id="109" room="730" start="126" weeks="01111111111111110"/>
    <class days="1010100" id="110" room="212" start="174" weeks="01111111111111110"/>
    <class days="0101000" id="111" room="119" start="126" weeks="01111111111111110"/>
    <class days="0101000" id="112" room="119" start="180" weeks="01111111111111110"/>
    <class days="0101000" id="113" room="119" start="162" weeks="01111111111111110"/>
    <class days="0101000" id="114" room="119" start="210" weeks="01111111111111110"/>
    <class days="1010100" id="115" room="310" start="114" weeks="01111111111111110"/>
    <class days="1000000" id="116" room="310" start="162" weeks="01101111111111110"/>
    <class days="1000000" id="117" room="310" start="186" weeks="01101111111111110"/>
    <class days="1010000" id="118" room="92" start="186" weeks="01111111111111110"/>
    <class days="0001000" id="119" room="432" start="186" weeks="01111111111111110"/>
    <class days="0000100" id="120" room="120" start="126" weeks="01111111111111110"/>
    <class days="0001000" id="121" room="661" start="126" weeks="01111111111111110"/>
    <class days="0101000" id="122" room="460" start="108" weeks="01111111111111110"/>
    <class days="1010000" id="123" room="469" start="174" weeks="01111111111111110"/>
    <class days="0001000" id="124" room="760" start="138" weeks="01111111111111110"/>
    <class days="0001000" id="125" room="760" start="186" weeks="01111111111111110"/>
    <class days="1010100" id="126" room="298" start="198" weeks="01111111111111110"/>
    <class days="1010100" id="127" room="469" start="114" weeks="01111111111111110"/>
    <class days="0100000" id="128" start="138" weeks="01111111111111110"/>
    <class days="0010000" id="129" room="760" start="126" weeks="01111111111111110"/>
    <class days="1010100" id="130" room="587" start="186" weeks="01111111111111110"/>
    <class days="0101000" id="131" room="750" start="90" weeks="01111111111111110"/>
    <class days="0000100" id="132" room="760" start="162" weeks="01111111111111110"/>
    <class days="0000100" id="133" room="760" start="114" weeks="01111111111111110"/>
    <class days="1010000" id="134" room="750" start="102" weeks="01111111111111110"/>
    <class days="0000100" id="135" room="750" start="102" weeks="01111111111111110"/>
    <class days="1010000" id="136" room="19" start="186" weeks="01111111111111110"/>
    <class days="1000000" id="137" room="207" start="138" weeks="01101111111111110"/>
    <class days="0001000" id="138" room="207" start="138" weeks="01111111111111110"/>
    <class days="1000000" id="139" room="616" start="114" weeks="01101111111111110"/>
    <class days="1000000" id="140" start="114" weeks="01101111111111110"/>
    <class days="0010100" id="141" room="460" start="186" weeks="01111111111111110"/>
    <class days="1010100" id="142" room="611" start="138" weeks="01111111111111110"/>
    <class days="0000100" id="143" room="190" start="138" weeks="01111111111111110"/>
    <class days="1010000" id="144" room="469" start="162" weeks="01111111111111110"/>
    <class days="0100000" id="145" room="760" start="186" weeks="01111111111111110"/>
    <class days="1010000" id="146" start="174" weeks="01111111111111110"/>
    <class days="1010000" id="147" start="90" weeks="01111111111111110"/>
    <class days="1010100" id="148" room="190" start="162" weeks="01111111111111110"/>
    <class days="1010000" id="149" room="750" start="114" weeks="01111111111111110"/>
    <class days="1000000" id="150" room="763" start="162" weeks="01101111111111110"/>
    <class days="0101000" id="151" room="469" start="180" weeks="01111111111111110"/>
    <class days="0101000" id="152" room="190" start="126" weeks="01111111111111110"/>
    <class days="0000100" id="153" room="469" start="186" weeks="01111111111111110"/>
    <class days="0010000" id="154" room="224" start="186" weeks="00000000011111110"/>
    <class days="1000000" id="155" room="15" start="138" weeks="01101111111111110"/>
    <class days="1000000" id="156" room="15" start="102" weeks="01101111111111110"/>
    <class days="1000000" id="157" room="446" start="138" weeks="01101111111111110"/>
    <class days="0010000" id="158" room="345" start="138" weeks="01111111111111110"/>
    <class days="0010000" id="159" room="345" start="102" weeks="01111111111111110"/>
    <class days="0000100" id="160" room="264" start="138" weeks="01111111111111110"/>
    <class days="0010000" id="161" room="446" start="138" weeks="01111111111111110"/>
    <class days="0010000" id="162" room="446" start="102" weeks="01111111111111110"/>
    <class days="1000000" id="163" room="345" start="90" weeks="01101111111111110"/>
    <class days="1000000" id="164" room="345" start="178" weeks="01101111111111110"/>
    <class days="0100000" id="165" room="15" start="138" weeks="01111111111111110"/>
    <class days="0100000" id="166" room="15" start="102" weeks="01111111111111110"/>
    <class days="0100000" id="167" room="446" start="138" weeks="01111111111111110"/>
    <class days="0000100" id="168" room="345" start="162" weeks="01111111111111110"/>
    <class days="0001000" id="169" room="345" start="162" weeks="01111111111111110"/>
    <class days="0001000" id="170" room="264" start="162" weeks="01111111111111110"/>
    <class days="0001000" id="171" room="446" start="138" weeks="01111111111111110"/>
    <class days="0001000" id="172" room="15" start="138" weeks="01111111111111110"/>
    <class days="0010000" id="173" room="721" start="138" weeks="01111111111111110"/>
    <class days="0100000" id="174" room="345" start="138" weeks="01111111111111110"/>
    <class days="1000000" id="175" room="165" start="138" weeks="01101111111111110"/>
    <class days="0010000" id="176" room="311" start="90" weeks="01111111111111110"/>
    <class days="0101000" id="177" room="713" start="102" weeks="01111111111111110"/>
    <class days="0101000" id="178" room="713" start="174" weeks="01111111111111110"/>
    <class days="0101000" id="179" room="713" start="138" weeks="01111111111111110"/>
    <class days="0101000" id="180" room="8" start="174" weeks="01111111111111110"/>
    <class days="1010100" id="181" room="8" start="114" weeks="01111111111111110"/>
    <class days="1010100" id="182" room="713" start="114" weeks="01111111111111110"/>
    <class days="1010100" id="183" room="713" start="138" weeks="01111111111111110"/>
    <class days="1010100" id="184" room="8" start="138" weeks="01111111111111110"/>
    <class days="1010100" id="185" room="8" start="162" weeks="01111111111111110"/>
    <class days="1010100" id="186" room="713" start="162" weeks="01111111111111110"/>
    <class days="1010100" id="187" room="8" start="186" weeks="01111111111111110"/>
    <class days="1010100" id="188" room="713" start="186" weeks="01111111111111110"/>
    <class days="0101000" id="189" room="8" start="138" weeks="01111111111111110"/>
    <class days="1010000" id="190" room="644" start="138" weeks="01111111111111110"/>
    <class days="0101000" id="191" room="644" start="138" weeks="01111111111111110"/>
    <class days="1010000" id="192" room="644" start="174" weeks="01111111111111110"/>
    <class days="0101000" id="193" room="644" start="174" weeks="01111111111111110"/>
    <class days="1010000" id="194" room="18" start="138" weeks="01111111111111110"/>
    <class days="0101000" id="195" room="407" start="162" weeks="01111111111111110"/>
    <class days="1010000" id="196" room="387" start="138" weeks="01111111111111110"/>
    <class days="1010000" id="197" room="387" start="174" weeks="01111111111111110"/>
    <class days="1000000" id="198" room="607" start="138" weeks="01101111111111110"/>
    <class days="1000000" id="199" room="607" start="102" weeks="01101111111111110"/>
    <class days="0100000" id="200" room="607" start="138" weeks="01111111111111110"/>
    <class days="0100000" id="201" room="607" start="174" weeks="01111111111111110"/>
    <class days="1000000" id="202" room="607" start="150" weeks="01101111111111110"/>
    <class days="1000000" id="203" room="607" start="114" weeks="01101111111111110"/>
    <class days="0100000" id="204" room="607" start="150" weeks="01111111111111110"/>
    <class days="0100000" id="205" room="607" start="186" weeks="01111111111111110"/>
    <class days="0010000" id="206" room="607" start="138" weeks="01111111111111110"/>
    <class days="0010000" id="207" room="607" start="102" weeks="01111111111111110"/>
    <class days="0001000" id="208" room="607" start="138" weeks="01111111111111110"/>
    <class days="0001000" id="209" room="607" start="174" weeks="01111111111111110"/>
    <class days="0101000" id="210" room="30" start="174" weeks="01111111111111110"/>
    <class days="1010000" id="211" room="718" start="102" weeks="01111111111111110"/>
    <class days="1010000" id="212" room="718" start="138" weeks="01111111111111110"/>
    <class days="0101000" id="213" room="711" start="102" weeks="01111111111111110"/>
    <class days="0100000" id="214" room="734" start="138" weeks="01111111111111110"/>
    <class days="0100000" id="215" room="165" start="174" weeks="01111111111111110"/>
    <class days="0001000" id="216" room="572" start="174" weeks="01111111111111110"/>
    <class days="0001000" id="217" room="591" start="138" weeks="01111111111111110"/>
    <class days="0001000" id="218" room="591" start="174" weeks="01111111111111110"/>
    <class days="0000100" id="219" room="591" start="174" weeks="01111111111111110"/>
    <class days="1010000" id="220" room="591" start="138" weeks="01111111111111110"/>
    <class days="1010100" id="221" room="505" start="114" weeks="01111111111111110"/>
    <class days="0101000" id="222" room="455" start="180" weeks="01111111111111110"/>
    <class days="1010000" id="223" room="455" start="198" weeks="01111111111111110"/>
    <class days="1010000" id="224" room="660" start="174" weeks="01111111111111110"/>
    <class days="1010000" id="225" room="660" start="138" weeks="01111111111111110"/>
    <class days="1010000" id="226" room="671" start="138" weeks="01111111111111110"/>
    <class days="0101000" id="227" room="179" start="174" weeks="01111111111111110"/>
    <class days="0101000" id="228" room="671" start="126" weeks="01111111111111110"/>
    <class days="0100000" id="229" room="660" start="138" weeks="01111111111111110"/>
    <class days="0100000" id="230" room="660" start="174" weeks="01111111111111110"/>
    <class days="0100000" id="231" room="660" start="150" weeks="01111111111111110"/>
    <class days="0100000" id="232" room="660" start="186" weeks="01111111111111110"/>
    <class days="0001000" id="233" room="660" start="138" weeks="01111111111111110"/>
    <class days="0001000" id="234" room="660" start="174" weeks="01111111111111110"/>
    <class days="1010000" id="235" room="248" start="102" weeks="01111111111111110"/>
    <class days="1010000" id="236" room="248" start="138" weeks="01111111111111110"/>
    <class days="0101000" id="237" room="248" start="102" weeks="01111111111111110"/>
    <class days="1000000" id="238" room="527" start="174" weeks="01101111111111110"/>
    <class days="1000000" id="239" room="527" start="138" weeks="01101111111111110"/>
    <class days="1000000" id="240" room="527" start="186" weeks="01101111111111110"/>
    <class days="1000000" id="241" room="527" start="150" weeks="01101111111111110"/>
    <class days="0010000" id="242" room="527" start="174" weeks="01111111111111110"/>
    <class days="0010000" id="243" room="527" start="138" weeks="01111111111111110"/>
    <class days="0101000" id="244" room="527" start="180" weeks="01111111111111110"/>
    <class days="0101000" id="245" room="314" start="108" weeks="01111111111111110"/>
    <class days="0101000" id="246" room="240" start="180" weeks="01111111111111110"/>
    <class days="1010000" id="247" room="747" start="138" weeks="01111111111111110"/>
    <class days="1010000" id="248" room="747" start="174" weeks="01111111111111110"/>
    <class days="0101000" id="249" room="18" start="102" weeks="01111111111111110"/>
    <class days="0100000" id="250" room="30" start="138" weeks="01111111111111110"/>
    <class days="0100000" id="251" room="30" start="150" weeks="01111111111111110"/>
    <class days="0001000" id="252" room="30" start="138" weeks="01111111111111110"/>
    <class days="0010000" id="253" room="572" start="102" weeks="01111111111111110"/>
    <class days="0010000" id="254" room="572" start="114" weeks="01111111111111110"/>
    <class days="0000100" id="255" room="572" start="102" weeks="01111111111111110"/>
    <class days="0101000" id="256" room="165" start="138" weeks="01111111111111110"/>
    <class days="1010000" id="257" room="718" start="174" weeks="01111111111111110"/>
    <class days="0101000" id="258" room="718" start="138" weeks="01111111111111110"/>
    <class days="1010000" id="259" room="671" start="174" weeks="01111111111111110"/>
    <class days="1010000" id="260" room="454" start="102" weeks="01111111111111110"/>
    <class days="1010000" id="261" room="455" start="102" weeks="01111111111111110"/>
    <class days="1010000" id="262" room="455" start="138" weeks="01111111111111110"/>
    <class days="0010000" id="263" room="580" start="174" weeks="01111111111111110"/>
    <class days="1000000" id="264" room="591" start="174" weeks="01101111111111110"/>
    <class days="0101000" id="265" room="248" start="216" weeks="01111111111111110"/>
    <class days="0101000" id="266" room="750" start="180" weeks="01111111111111110"/>
    <class days="0101000" id="267" room="750" start="144" weeks="01111111111111110"/>
    <class days="1010100" id="268" room="750" start="138" weeks="01111111111111110"/>
    <class days="1000000" id="269" room="580" start="102" weeks="01101111111111110"/>
    <class days="0010000" id="270" room="671" start="102" weeks="01111111111111110"/>
    <class days="0101000" id="271" room="18" start="138" weeks="01111111111111110"/>
    <class days="0101000" id="272" room="734" start="198" weeks="01111111111111110"/>
    <class days="0101000" id="273" room="368" start="222" weeks="01111111111111110"/>
    <class days="0100000" id="274" room="527" start="216" weeks="01111111111111110"/>
    <class days="1000000" id="275" room="702" start="138" weeks="01101111111111110"/>
    <class days="1000000" id="276" room="702" start="150" weeks="01101111111111110"/>
    <class days="0010000" id="277" room="702" start="138" weeks="01111111111111110"/>
    <class days="0101000" id="278" room="702" start="174" weeks="01111111111111110"/>
    <class days="0100000" id="279" room="750" start="126" weeks="01111111111111110"/>
    <class days="1000000" id="280" room="513" start="114" weeks="01101111111111110"/>
    <class days="0100000" id="281" room="513" start="138" weeks="01111111111111110"/>
    <class days="0010000" id="282" room="513" start="102" weeks="01111111111111110"/>
    <class days="0010000" id="283" room="513" start="174" weeks="01111111111111110"/>
    <class days="0101000" id="284" room="718" start="102" weeks="01111111111111110"/>
    <class days="0101000" id="285" room="455" start="138" weeks="01111111111111110"/>
    <class days="0000100" id="286" room="527" start="138" weeks="01111111111111110"/>
    <class days="1010000" id="287" room="747" start="216" weeks="01111111111111110"/>
    <class days="0100000" id="288" room="591" start="102" weeks="01111111111111110"/>
    <class days="0001000" id="289" room="591" start="102" weeks="01111111111111110"/>
    <class days="0100000" id="290" room="591" start="114" weeks="01111111111111110"/>
    <class days="1000000" id="291" room="614" start="102" weeks="01101111111111110"/>
    <class days="1000000" id="292" room="614" start="114" weeks="01101111111111110"/>
    <class days="0010000" id="293" room="591" start="102" weeks="01111111111111110"/>
    <class days="0010000" id="294" room="591" start="216" weeks="01111111111111110"/>
    <class days="0100000" id="295" room="446" start="210" weeks="01111111111111110"/>
    <class days="0010000" id="296" room="8" start="210" weeks="01111111111111110"/>
    <class days="0001000" id="297" room="104" start="228" weeks="01111111111111110"/>
    <class days="1000000" id="298" room="454" start="174" weeks="01101111111111110"/>
    <class days="1000000" id="299" room="454" start="186" weeks="01101111111111110"/>
    <class days="0010000" id="300" room="454" start="174" weeks="01111111111111110"/>
    <class days="0000100" id="301" room="718" start="174" weeks="01111111111111110"/>
    <class days="0010000" id="302" room="527" start="228" weeks="01111111111111110"/>
    <class days="0100000" id="303" room="30" start="216" weeks="01111111111111110"/>
    <class days="0000100" id="304" room="258" start="126" weeks="01111111111111110"/>
    <class days="0010000" id="305" room="258" start="90" weeks="01111111111111110"/>
    <class days="0001000" id="306" room="258" start="198" weeks="01111111111111110"/>
    <class days="1000000" id="307" room="97" start="90" weeks="01101111111111110"/>
    <class days="1000000" id="308" room="480" start="216" weeks="01101111111111110"/>
    <class days="0100000" id="309" room="258" start="144" weeks="01111111111111110"/>
    <class days="0100000" id="310" room="258" start="108" weeks="01111111111111110"/>
    <class days="0101000" id="311" room="258" start="126" weeks="01111111111111110"/>
    <class days="0101000" id="312" room="258" start="162" weeks="01111111111111110"/>
    <class days="0101000" id="313" room="422" start="126" weeks="01111111111111110"/>
    <class days="0101000" id="314" room="422" start="162" weeks="01111111111111110"/>
    <class days="0000100" id="315" room="207" start="90" weeks="01111111111111110"/>
    <class days="0001000" id="316" room="207" start="186" weeks="01111111111111110"/>
    <class days="0010000" id="317" room="207" start="138" weeks="01111111111111110"/>
    <class days="0101000" id="318" room="324" start="198" weeks="01111111111111110"/>
    <class days="1010100" id="319" room="324" start="162" weeks="01111111111111110"/>
    <class days="0101000" id="320" room="641" start="180" weeks="01111111111111110"/>
    <class days="0101000" id="321" room="194" start="162" weeks="01111111111111110"/>
    <class days="1010100" id="322" room="667" start="102" weeks="01111111111111110"/>
    <class days="0101000" id="323" room="172" start="198" weeks="01111111111111110"/>
    <class days="1000000" id="324" room="458" start="126" weeks="01101111100000000"/>
    <class days="0010000" id="325" start="126" weeks="01111111100000000"/>
    <class days="1000000" id="326" room="246" start="90" weeks="01101111111111110"/>
    <class days="0010000" id="327" room="458" start="174" weeks="01111111111111110"/>
    <class days="0010000" id="328" start="186" weeks="01111111111111110"/>
    <class days="0100000" id="329" room="120" start="144" weeks="01111111111111110"/>
    <class days="0100000" id="330" room="120" start="162" weeks="01111111111111110"/>
    <class days="1000100" id="331" room="458" start="174" weeks="01111111111111110"/>
    <class days="0000100" id="332" room="345" start="102" weeks="01111111111111110"/>
    <class days="0010000" id="333" room="345" start="174" weeks="01111111111111110"/>
    <class days="0101000" id="334" room="667" start="90" weeks="01111111111111110"/>
    <class days="0101000" id="335" room="123" start="108" weeks="01111111111111110"/>
    <class days="1010100" id="336" room="324" start="102" weeks="01111111111111110"/>
    <class days="0101000" id="337" room="571" start="126" weeks="01111111111111110"/>
    <class days="0101000" id="338" room="41" start="90" weeks="01111111111111110"/>
    <class days="1010000" id="339" room="154" start="114" weeks="01111111111111110"/>
    <class days="0001000" id="340" room="721" start="138" weeks="01111111111111110"/>
    <class days="0000100" id="341" room="541" start="150" weeks="01111111111111110"/>
    <class days="0001000" id="342" room="486" start="90" weeks="01111111111111110"/>
    <class days="1010100" id="343" room="324" start="102" weeks="01111111111111110"/>
    <class days="0010100" id="344" room="602" start="198" weeks="01111111111111110"/>
    <class days="0101000" id="345" room="558" start="90" weeks="01111111111111110"/>
    <class days="1010100" id="346" room="120" start="174" weeks="01111111111111110"/>
    <class days="0001000" id="347" room="458" start="90" weeks="01111111111111110"/>
    <class days="0001000" id="348" room="246" start="162" weeks="01111111111111110"/>
    <class days="0001000" id="349" room="246" start="186" weeks="01111111111111110"/>
    <class days="1010100" id="350" room="324" start="126" weeks="01111111111111110"/>
    <class days="0101000" id="351" room="363" start="180" weeks="01111111111111110"/>
    <class days="0100000" id="352" room="363" start="108" weeks="01111111111111110"/>
    <class days="0001000" id="353" room="368" start="108" weeks="01111111111111110"/>
    <class days="1010000" id="354" room="246" start="150" weeks="01111111111111110"/>
    <class days="1010000" id="355" room="246" start="114" weeks="01111111111111110"/>
    <class days="0100000" id="356" room="697" start="90" weeks="01111111111111110"/>
    <class days="0010000" id="357" room="458" start="198" weeks="01111111111111110"/>
    <class days="0000100" id="358" room="458" start="186" weeks="01111111111111110"/>
    <class days="1010100" id="359" room="458" start="150" weeks="01111111111111110"/>
    <class days="1000000" id="360" start="138" weeks="01101111111111110"/>
    <class days="0101000" id="361" room="458" start="126" weeks="01111111111111110"/>
    <class days="1010100" id="362" room="246" start="126" weeks="01111111111111110"/>
    <class days="0101000" id="363" room="458" start="162" weeks="01111111111111110"/>
    <class days="0101000" id="364" room="246" start="126" weeks="01111111111111110"/>
    <class days="0101000" id="365" room="246" start="108" weeks="01111111111111110"/>
    <class days="0000100" id="366" room="246" start="114" weeks="01111111111111110"/>
    <class days="1010100" id="367" room="246" start="138" weeks="01111111111111110"/>
    <class days="0000100" id="368" room="246" start="186" weeks="01111111111111110"/>
    <class days="0101000" id="369" room="246" start="144" weeks="01111111111111110"/>
    <class days="0101000" id="370" room="458" start="144" weeks="01111111111111110"/>
    <class days="0101000" id="371" room="246" start="162" weeks="01111111111111110"/>
    <class days="0010000" id="372" room="246" start="174" weeks="01111111111111110"/>
    <class days="1010000" id="373" room="246" start="150" weeks="01111111111111110"/>
    <class days="1000000" id="374" room="555" start="186" weeks="01101111100000000"/>
    <class days="0010000" id="375" room="237" start="138" weeks="01111111100000000"/>
    <class days="1000000" id="376" room="378" start="102" weeks="01101111100000000"/>
    <class days="0010000" id="377" room="676" start="138" weeks="01111111111111110"/>
    <class days="1000000" id="378" room="552" start="150" weeks="01101111111111110"/>
    <class days="0010000" id="379" room="218" start="162" weeks="01111111100000000"/>
    <class days="0010000" id="380" room="194" start="126" weeks="01111111100000000"/>
    <class days="1000000" id="381" room="213" start="198" weeks="01101111100000000"/>
    <class days="1000000" id="382" room="641" start="174" weeks="01101111100000000"/>
    <class days="0010000" id="383" room="372" start="126" weeks="01111111100000000"/>
    <class days="0010000" id="384" room="552" start="186" weeks="01111111100000000"/>
    <class days="0001000" id="385" room="731" start="126" weeks="01111111100000000"/>
    <class days="0100000" id="386" room="502" start="90" weeks="01111111100000000"/>
    <class days="0000100" id="387" room="308" start="138" weeks="01111111100000000"/>
    <class days="1000000" id="388" room="552" start="138" weeks="01101111100000000"/>
    <class days="0010000" id="389" room="218" start="102" weeks="01111111100000000"/>
    <class days="0001000" id="390" room="676" start="162" weeks="01111111100000000"/>
    <class days="1000000" id="391" room="558" start="138" weeks="01101111100000000"/>
    <class days="0101000" id="392" room="364" start="126" weeks="01111111111111110"/>
    <class days="0010000" id="393" room="552" start="138" weeks="01111111111111110"/>
    <class days="0000100" id="394" room="676" start="162" weeks="01111111111111110"/>
    <class days="0010000" id="395" room="552" start="114" weeks="01111111111111110"/>
    <class days="0000100" id="396" room="552" start="114" weeks="01111111111111110"/>
    <class days="0010000" id="397" room="676" start="162" weeks="01111111111111110"/>
    <class days="0000100" id="398" room="552" start="138" weeks="01111111111111110"/>
    <class days="0000100" id="399" start="198" weeks="01111111111111110"/>
    <class days="0000100" id="400" room="10" start="198" weeks="01111111111111110"/>
    <class days="0001000" id="401" room="676" start="186" weeks="01111111111111110"/>
    <class days="0101000" id="402" room="120" start="90" weeks="01111111111111110"/>
    <class days="0100000" id="403" room="504" start="114" weeks="01111111111111110"/>
    <class days="0100000" id="404" room="504" start="186" weeks="01111111111111110"/>
    <class days="0100000" id="405" room="504" start="138" weeks="01111111111111110"/>
    <class days="0100000" id="406" room="504" start="162" weeks="01111111111111110"/>
    <class days="1010100" id="407" room="441" start="114" weeks="01111111111111110"/>
    <class days="0100000" id="408" room="301" start="186" weeks="01111111111111110"/>
    <class days="0010000" id="409" room="301" start="90" weeks="01111111111111110"/>
    <class days="0001000" id="410" room="301" start="90" weeks="01111111111111110"/>
    <class days="0100000" id="411" room="744" start="138" weeks="01111111111111110"/>
    <class days="1000000" id="412" room="353" start="126" weeks="01101111111111110"/>
    <class days="0000100" id="413" room="301" start="114" weeks="01111111111111110"/>
    <class days="0000100" id="414" start="150" weeks="01111111111111110"/>
    <class days="0000100" id="415" start="126" weeks="01111111111111110"/>
    <class days="0000100" id="416" start="186" weeks="01111111111111110"/>
    <class days="0000100" id="417" start="174" weeks="01111111111111110"/>
    <class days="0000100" id="418" start="162" weeks="01111111111111110"/>
    <class days="0000100" id="419" start="126" weeks="01111111111111110"/>
    <class days="0000100" id="420" start="186" weeks="01111111111111110"/>
    <class days="0000100" id="421" start="150" weeks="01111111111111110"/>
    <class days="0000100" id="422" start="138" weeks="01111111111111110"/>
    <class days="0000100" id="423" start="174" weeks="01111111111111110"/>
    <class days="0000100" id="424" start="162" weeks="01111111111111110"/>
    <class days="0000100" id="425" start="138" weeks="01111111111111110"/>
    <class days="0000100" id="426" start="126" weeks="01111111111111110"/>
    <class days="0000100" id="427" start="138" weeks="01111111111111110"/>
    <class days="0000100" id="428" start="114" weeks="01111111111111110"/>
    <class days="0000100" id="429" start="198" weeks="01111111111111110"/>
    <class days="0000100" id="430" start="162" weeks="01111111111111110"/>
    <class days="0000100" id="431" start="174" weeks="01111111111111110"/>
    <class days="0000100" id="432" start="114" weeks="01111111111111110"/>
    <class days="0000100" id="433" start="198" weeks="01111111111111110"/>
    <class days="0000100" id="434" start="138" weeks="01111111111111110"/>
    <class days="0000100" id="435" start="150" weeks="01111111111111110"/>
    <class days="0000100" id="436" start="162" weeks="01111111111111110"/>
    <class days="0000100" id="437" start="174" weeks="01111111111111110"/>
    <class days="0000100" id="438" start="150" weeks="01111111111111110"/>
    <class days="1010100" id="439" room="347" start="174" weeks="01111111111111110"/>
    <class days="1000000" id="440" room="504" start="126" weeks="01101111111111110"/>
    <class days="0010000" id="441" room="504" start="174" weeks="01111111111111110"/>
    <class days="0000100" id="442" room="504" start="178" weeks="01111111111111110"/>
    <class days="0001000" id="443" room="504" start="174" weeks="01111111111111110"/>
    <class days="0010000" id="444" room="504" start="126" weeks="01111111111111110"/>
    <class days="0001000" id="445" room="504" start="102" weeks="01111111111111110"/>
    <class days="0000100" id="446" room="504" start="126" weeks="01111111111111110"/>
    <class days="1000000" id="447" room="504" start="174" weeks="01101111111111110"/>
    <class days="1010000" id="448" room="301" start="114" weeks="01111111111111110"/>
    <class days="0001000" id="449" room="650" start="126" weeks="01111111111111110"/>
    <class days="0010000" id="450" room="650" start="174" weeks="01111111111111110"/>
    <class days="1010100" id="451" room="716" start="162" weeks="01111111111111110"/>
    <class days="1010100" id="452" room="218" start="126" weeks="01111111111111110"/>
    <class days="0100000" id="453" room="650" start="102" weeks="01111111111111110"/>
    <class days="0001000" id="454" room="650" start="178" weeks="01111111111111110"/>
    <class days="0000100" id="455" room="716" start="126" weeks="01111111111111110"/>
    <class days="1000000" id="456" room="100" start="216" weeks="01101111111111110"/>
    <class days="0101000" id="457" room="301" start="114" weeks="01111111111111110"/>
    <class days="0001000" id="458" room="301" start="174" weeks="01111111111111110"/>
    <class days="0101000" id="459" room="218" start="108" weeks="01111111111111110"/>
    <class days="1000000" id="460" room="218" start="186" weeks="01101111111111110"/>
    <class days="0101000" id="461" room="460" start="90" weeks="01111111111111110"/>
    <class days="0010000" id="462" room="218" start="178" weeks="01111111111111110"/>
    <class days="0001000" id="463" room="501" start="102" weeks="01111111111111110"/>
    <class days="1000100" id="464" room="759" start="162" weeks="01111111111000000"/>
    <class days="0101000" id="465" room="759" start="180" weeks="01111111111000000"/>
    <class days="1010100" id="466" room="521" start="162" weeks="00000000000111110"/>
    <class days="0010100" id="467" room="107" start="126" weeks="01111111111111110"/>
    <class days="0010000" id="468" room="107" start="162" weeks="01111111111111110"/>
    <class days="0101000" id="469" room="441" start="108" weeks="01111111111111110"/>
    <class days="0010100" id="470" room="218" start="114" weeks="01111111111111110"/>
    <class days="1000000" id="471" room="218" start="102" weeks="01101111111111110"/>
    <class days="1010000" id="472" room="485" start="126" weeks="01111111111111110"/>
    <class days="0010000" id="473" room="301" start="174" weeks="01111111111111110"/>
    <class days="1000000" id="474" room="301" start="138" weeks="01101111111111110"/>
    <class days="0100000" id="475" room="301" start="162" weeks="01111111111111110"/>
    <class days="1000000" id="476" room="218" start="162" weeks="01101111111111110"/>
    <class days="0010000" id="477" start="162" weeks="01111111111111110"/>
    <class days="0100000" id="478" room="107" start="162" weeks="01111111111111110"/>
    <class days="0100000" id="479" room="218" start="174" weeks="01111111111111110"/>
    <class days="0101000" id="480" room="521" start="180" weeks="01111111111111110"/>
    <class days="0101000" id="481" room="441" start="126" weeks="01111111111111110"/>
    <class days="0101000" id="482" room="404" start="222" weeks="01111111111111110"/>
    <class days="1010100" id="483" room="185" start="186" weeks="01111111111111110"/>
    <class days="1010100" id="484" room="185" start="126" weeks="01111111111111110"/>
    <class days="1010100" id="485" room="119" start="162" weeks="01111111111111110"/>
    <class days="0101000" id="486" room="212" start="108" weeks="01111111111111110"/>
    <class days="0101000" id="487" room="656" start="198" weeks="01111111111111110"/>
    <class days="0100000" id="488" room="185" start="162" weeks="01111111111111110"/>
    <class days="0001000" id="489" room="185" start="162" weeks="01111111111111110"/>
    <class days="0101000" id="490" room="373" start="114" weeks="01111111111111110"/>
    <class days="0000100" id="491" room="720" start="90" weeks="01111111111111110"/>
    <class days="0000100" id="492" room="720" start="114" weeks="01111111111111110"/>
    <class days="0000100" id="493" room="720" start="138" weeks="01111111111111110"/>
    <class days="0000100" id="494" room="720" start="162" weeks="01111111111111110"/>
    <class days="0000100" id="495" room="720" start="186" weeks="01111111111111110"/>
    <class days="1010100" id="496" room="436" start="174" weeks="01111111111111110"/>
    <class days="1010100" id="497" room="616" start="186" weeks="01111111111111110"/>
    <class days="1101100" id="498" room="237" start="102" weeks="01111111111111110"/>
    <class days="0100000" id="499" room="731" start="114" weeks="01111111111111110"/>
    <class days="0010000" id="500" start="162" weeks="01111111111111110"/>
    <class days="0100000" id="501" start="162" weeks="01111111111111110"/>
    <class days="0100000" id="502" room="102" start="210" weeks="01111111111111110"/>
    <class days="0100000" id="503" room="218" start="138" weeks="01111111111111110"/>
    <class days="0001000" id="504" room="720" start="162" weeks="01111111111111110"/>
    <class days="0001000" id="505" room="720" start="186" weeks="01111111111111110"/>
    <class days="1010000" id="506" room="731" start="138" weeks="01111111111111110"/>
    <class days="1010000" id="507" room="720" start="186" weeks="01111111111111110"/>
    <class days="1010000" id="508" room="720" start="162" weeks="01111111111111110"/>
    <class days="1010100" id="509" room="731" start="126" weeks="01111111111111110"/>
    <class days="0001000" id="510" room="218" start="162" weeks="01111111111111110"/>
    <class days="0001000" id="511" room="218" start="186" weeks="01111111111111110"/>
    <class days="1010000" id="512" room="731" start="150" weeks="01111111111111110"/>
    <class days="1000000" id="513" room="264" start="186" weeks="01101111111111110"/>
    <class days="0010000" id="514" room="264" start="186" weeks="01111111111111110"/>
    <class days="0000100" id="515" room="264" start="90" weeks="01111111111111110"/>
    <class days="1010000" id="516" room="298" start="114" weeks="01111111111111110"/>
    <class days="0000100" id="517" room="102" start="138" weeks="01111111111111110"/>
    <class days="0000100" id="518" room="102" start="162" weeks="01111111111111110"/>
    <class days="0000100" id="519" room="102" start="186" weeks="01111111111111110"/>
    <class days="1010100" id="520" room="98" start="186" weeks="01111111111111110"/>
    <class days="0101000" id="521" room="98" start="138" weeks="01111111111111110"/>
    <class days="0100000" id="522" room="98" start="150" weeks="01111111111111110"/>
    <class days="0101000" id="523" room="102" start="114" weeks="01111111111111110"/>
    <class days="0100000" id="524" room="102" start="138" weeks="01111111111111110"/>
    <class days="0101000" id="525" room="98" start="102" weeks="01111111111111110"/>
    <class days="0001000" id="526" room="98" start="162" weeks="01111111111111110"/>
    <class days="0101000" id="527" room="102" start="126" weeks="01111111111111110"/>
    <class days="0001000" id="528" room="102" start="138" weeks="01111111111111110"/>
    <class days="0101000" id="529" room="731" start="174" weeks="01111111111111110"/>
    <class days="0100000" id="530" room="98" start="186" weeks="01111111111111110"/>
    <class days="0001000" id="531" room="98" start="186" weeks="01111111111111110"/>
    <class days="1010100" id="532" room="107" start="186" weeks="01111111111111110"/>
    <class days="1010000" id="533" room="102" start="198" weeks="01111111111111110"/>
    <class days="0100000" id="534" room="317" start="162" weeks="01111111111111110"/>
    <class days="0100000" id="535" room="317" start="174" weeks="01111111111111110"/>
    <class days="0001000" id="536" room="102" start="102" weeks="01111111111111110"/>
    <class days="0101000" id="537" room="34" start="90" weeks="01111111111111110"/>
    <class days="1010100" id="538" room="102" start="126" weeks="01111111111111110"/>
    <class days="0001000" id="539" room="731" start="150" weeks="01111111111111110"/>
    <class days="1010000" id="540" room="661" start="162" weeks="01111111111111110"/>
    <class days="0010000" id="541" room="229" start="114" weeks="01111111111111110"/>
    <class days="0000100" id="542" room="674" start="90" weeks="01111111111111110"/>
    <class days="0010000" id="543" room="229" start="138" weeks="01111111111111110"/>
    <class days="0010000" id="544" room="674" start="150" weeks="01111111111111110"/>
    <class days="0010000" id="545" room="597" start="174" weeks="01111111111111110"/>
    <class days="0010000" id="546" room="597" start="186" weeks="01111111111111110"/>
    <class days="0000100" id="547" room="229" start="114" weeks="01111111111111110"/>
    <class days="0000100" id="548" room="674" start="126" weeks="01111111111111110"/>
    <class days="0000100" id="549" room="229" start="138" weeks="01111111111111110"/>
    <class days="0101000" id="550" room="77" start="108" weeks="01111111111111110"/>
    <class days="1010000" id="551" room="347" start="150" weeks="01111111111111110"/>
    <class days="0001000" id="552" room="389" start="198" weeks="01111111111111110"/>
    <class days="0000100" id="553" room="389" start="102" weeks="01111111111111110"/>
    <class days="0000100" id="554" room="389" start="114" weeks="01111111111111110"/>
    <class days="0000100" id="555" room="389" start="126" weeks="01111111111111110"/>
    <class days="0000100" id="556" room="389" start="174" weeks="01111111111111110"/>
    <class days="0000100" id="557" room="389" start="186" weeks="01111111111111110"/>
    <class days="1010000" id="558" room="407" start="114" weeks="01111111111111110"/>
    <class days="0010000" id="559" room="597" start="198" weeks="01111111111111110"/>
    <class days="0000100" id="560" room="597" start="102" weeks="01111111111111110"/>
    <class days="0000100" id="561" room="674" start="114" weeks="01111111111111110"/>
    <class days="0000100" id="562" room="229" start="126" weeks="01111111111111110"/>
    <class days="0000100" id="563" room="674" start="138" weeks="01111111111111110"/>
    <class days="0000100" id="564" room="597" start="150" weeks="01111111111111110"/>
    <class days="0000100" id="565" room="389" start="162" weeks="01111111111111110"/>
    <class days="0000100" id="566" room="597" start="174" weeks="01111111111111110"/>
    <class days="0010000" id="567" room="674" start="126" weeks="01111111111111110"/>
    <class days="0101000" id="568" room="661" start="90" weeks="01111111111111110"/>
    <class days="0101000" id="569" room="587" start="90" weeks="01111111111111110"/>
    <class days="1010000" id="570" room="77" start="198" weeks="01111111111111110"/>
    <class days="1010000" id="571" room="229" start="198" weeks="01111111111111110"/>
    <class days="0101000" id="572" room="597" start="198" weeks="01111111111111110"/>
    <class days="0101000" id="573" room="77" start="144" weeks="01111111111111110"/>
    <class days="1010000" id="574" room="229" start="174" weeks="01111111111111110"/>
    <class days="0101000" id="575" room="389" start="144" weeks="01111111111111110"/>
    <class days="1010100" id="576" room="471" start="186" weeks="01111111111111110"/>
    <class days="0010000" id="577" room="597" start="222" weeks="01111111111111110"/>
    <class days="1010100" id="578" room="597" start="90" weeks="01111111111111110"/>
    <class days="0101000" id="579" room="77" start="162" weeks="01111111111111110"/>
    <class days="0101000" id="580" room="674" start="108" weeks="01111111111111110"/>
    <class days="1000000" id="581" room="389" start="138" weeks="01101111111111110"/>
    <class days="0101000" id="582" room="674" start="198" weeks="01111111111111110"/>
    <class days="0101000" id="583" room="389" start="180" weeks="01111111111111110"/>
    <class days="0010000" id="584" room="389" start="198" weeks="01111111111111110"/>
    <class days="0101000" id="585" room="389" start="108" weeks="01111111111111110"/>
    <class days="0010000" id="586" room="389" start="126" weeks="01111111111111110"/>
    <class days="1000000" id="587" room="389" start="198" weeks="01101111111111110"/>
    <class days="1010000" id="588" room="230" start="90" weeks="01111111111111110"/>
    <class days="1000100" id="589" room="315" start="174" weeks="01111111111111110"/>
    <class days="0101000" id="590" room="261" start="198" weeks="01111111111111110"/>
    <class days="0100000" id="591" room="447" start="90" weeks="01111111111111110"/>
    <class days="0000100" id="592" room="553" start="102" weeks="01111111111111110"/>
    <class days="1000000" id="593" room="305" start="186" weeks="01101111111111110"/>
    <class days="0001000" id="594" room="550" start="90" weeks="01111111111111110"/>
    <class days="1000000" id="595" room="230" start="114" weeks="01101111111111110"/>
    <class days="0100000" id="596" room="414" start="138" weeks="01111111111111110"/>
    <class days="0001000" id="597" room="751" start="114" weeks="01111111111111110"/>
    <class days="0001000" id="598" room="414" start="162" weeks="01111111111111110"/>
    <class days="0100000" id="599" room="48" start="114" weeks="01111111111111110"/>
    <class days="1000100" id="600" room="375" start="198" weeks="01111111111111110"/>
    <class days="0001000" id="601" room="272" start="162" weeks="01111111111111110"/>
    <class days="0101000" id="602" room="447" start="144" weeks="01111111111111110"/>
    <class days="1010100" id="603" room="751" start="185" weeks="01111111111111110"/>
    <class days="0101000" id="604" room="501" start="126" weeks="01111111111111110"/>
    <class days="0101000" id="605" room="596" start="162" weeks="01111111111111110"/>
    <class days="0101000" id="606" room="596" start="180" weeks="01111111111111110"/>
    <class days="1010100" id="607" room="722" start="162" weeks="01111111111111110"/>
    <class days="1010100" id="608" room="722" start="114" weeks="01111111111111110"/>
    <class days="1010100" id="609" room="722" start="126" weeks="01111111111111110"/>
    <class days="1010100" id="610" room="722" start="138" weeks="01111111111111110"/>
    <class days="0101000" id="611" room="722" start="198" weeks="01111111111111110"/>
    <class days="0101000" id="612" room="683" start="108" weeks="01111111111111110"/>
    <class days="0101000" id="613" room="683" start="126" weeks="01111111111111110"/>
    <class days="0101000" id="614" room="683" start="162" weeks="01111111111111110"/>
    <class days="1010100" id="615" room="683" start="126" weeks="01111111111111110"/>
    <class days="0101000" id="616" room="596" start="108" weeks="01111111111111110"/>
    <class days="0101000" id="617" room="596" start="126" weeks="01111111111111110"/>
    <class days="1010000" id="618" room="460" start="174" weeks="01111111111111110"/>
    <class days="0001000" id="619" room="664" start="114" weeks="01111111111111110"/>
    <class days="0001000" id="620" room="664" start="138" weeks="01111111111111110"/>
    <class days="0001000" id="621" room="664" start="162" weeks="01111111111111110"/>
    <class days="0010000" id="622" room="664" start="114" weeks="01111111111111110"/>
    <class days="1010000" id="623" room="750" start="150" weeks="01111111111111110"/>
    <class days="0010000" id="624" room="664" start="174" weeks="01111111111111110"/>
    <class days="1010000" id="625" room="469" start="138" weeks="01111111111111110"/>
    <class days="0100000" id="626" room="763" start="162" weeks="01111111111111110"/>
    <class days="0100000" id="627" room="763" start="114" weeks="01111111111111110"/>
    <class days="0100000" id="628" room="469" start="138" weeks="01111111111111110"/>
    <class days="1010000" id="629" room="469" start="102" weeks="01111111111111110"/>
    <class days="0001000" id="630" room="760" start="162" weeks="01111111111111110"/>
    <class days="0001000" id="631" room="760" start="114" weeks="01111111111111110"/>
    <class days="1010000" id="632" room="469" start="126" weeks="01111111111111110"/>
    <class days="0100000" id="633" room="760" start="162" weeks="01111111111111110"/>
    <class days="0100000" id="634" room="760" start="114" weeks="01111111111111110"/>
    <class days="0001000" id="635" room="750" start="126" weeks="01111111111111110"/>
    <class days="0101000" id="636" room="469" start="150" weeks="01111111111111110"/>
    <class days="1010100" id="637" room="469" start="150" weeks="01111111111111110"/>
    <class days="0101000" id="638" room="469" start="114" weeks="01111111111111110"/>
    <class days="0000100" id="639" room="594" start="90" weeks="01111111111111110"/>
    <class days="0101000" id="640" room="469" start="162" weeks="01111111111111110"/>
    <class days="0010000" id="641" room="763" start="162" weeks="01111111111111110"/>
    <class days="1000100" id="642" room="571" start="90" weeks="01111111111111110"/>
    <class days="0000100" id="643" room="558" start="192" weeks="01111111111111110"/>
    <class days="1000000" id="644" start="222" weeks="01101111111111110"/>
    <class days="0010000" id="645" start="204" weeks="01111111111111110"/>
    <class days="0000100" id="646" start="246" weeks="01111111111111110"/>
    <class days="0100000" id="647" start="198" weeks="01111111111111110"/>
    <class days="0000100" id="648" start="198" weeks="01111111111111110"/>
    <class days="0100000" id="649" start="228" weeks="01111111111111110"/>
    <class days="1000000" id="650" start="216" weeks="01101111111111110"/>
    <class days="0010000" id="651" start="222" weeks="01111111111111110"/>
    <class days="1000000" id="652" start="246" weeks="01101111111111110"/>
    <class days="1010100" id="653" room="703" start="138" weeks="01111111111111110"/>
    <class days="0101000" id="654" room="350" start="108" weeks="01111111111111110"/>
    <class days="0111000" id="655" room="445" start="234" weeks="01111111111111110"/>
    <class days="0111000" id="656" room="311" start="234" weeks="01111111111111110"/>
    <class days="1111000" id="657" room="667" start="228" weeks="01111111111111110"/>
    <class days="0010000" id="658" room="378" start="174" weeks="01111111111111110"/>
    <class days="1010100" id="659" room="645" start="150" weeks="01111111111111110"/>
    <class days="0101000" id="660" room="700" start="108" weeks="01111111111111110"/>
    <class days="1010100" id="661" room="700" start="90" weeks="01111111111111110"/>
    <class days="1010100" id="662" room="602" start="138" weeks="01111111111111110"/>
    <class days="1010100" id="663" room="700" start="174" weeks="01111111111111110"/>
    <class days="0101000" id="664" room="533" start="150" weeks="01111111111111110"/>
    <class days="0100000" id="665" room="138" start="162" weeks="01111111111111110"/>
    <class days="0001000" id="666" room="138" start="162" weeks="01111111111111110"/>
    <class days="0000100" id="667" room="138" start="114" weeks="01111111111111110"/>
    <class days="1000100" id="668" room="71" start="138" weeks="01111111111111110"/>
    <class days="1010100" id="669" start="90" weeks="01111111111111110"/>
    <class days="1010100" id="670" start="114" weeks="01111111111111110"/>
    <class days="1010100" id="671" start="138" weeks="01111111111111110"/>
    <class days="1010100" id="672" start="162" weeks="01111111111111110"/>
    <class days="1010100" id="673" start="186" weeks="01111111111111110"/>
    <class days="0101010" id="674" start="90" weeks="01111111111111110"/>
    <class days="0101010" id="675" start="114" weeks="01111111111111110"/>
    <class days="0101010" id="676" start="138" weeks="01111111111111110"/>
    <class days="0101010" id="677" start="162" weeks="01111111111111110"/>
    <class days="0101010" id="678" start="186" weeks="01111111111111110"/>
    <class days="1010100" id="679" room="700" start="126" weeks="01111111111111110"/>
    <class days="1010100" id="680" room="700" start="114" weeks="01111111111111110"/>
    <class days="0101000" id="681" room="700" start="198" weeks="01111111111111110"/>
    <class days="0101000" id="682" room="700" start="126" weeks="01111111111111110"/>
    <class days="0101000" id="683" room="39" start="150" weeks="01111111111111110"/>
    <class days="0010000" id="684" room="533" start="90" weeks="01111111111111110"/>
    <class days="0010000" id="685" room="533" start="162" weeks="01111111111111110"/>
    <class days="1010000" id="686" room="39" start="138" weeks="01111111111111110"/>
    <class days="1000000" id="687" room="737" start="102" weeks="01101111111111110"/>
    <class days="0010000" id="688" room="737" start="162" weeks="01111111111111110"/>
    <class days="0000100" id="689" room="737" start="162" weeks="01111111111111110"/>
    <class days="1010000" id="690" room="700" start="162" weeks="01111111111111110"/>
    <class days="1000000" id="691" start="138" weeks="01101111111111110"/>
    <class days="0010000" id="692" start="138" weeks="01111111111111110"/>
    <class days="1000100" id="693" start="90" weeks="00000000011111110"/>
    <class days="1000100" id="694" start="114" weeks="00000000011111110"/>
    <class days="1000100" id="695" start="138" weeks="00000000011111110"/>
    <class days="1000100" id="696" start="162" weeks="00000000011111110"/>
    <class days="1000100" id="697" start="186" weeks="00000000011111110"/>
    <class days="0101000" id="698" start="90" weeks="00000000011111110"/>
    <class days="0101000" id="699" start="114" weeks="00000000011111110"/>
    <class days="0101000" id="700" start="138" weeks="00000000011111110"/>
    <class days="0101000" id="701" start="162" weeks="00000000011111110"/>
    <class days="0101000" id="702" start="186" weeks="00000000011111110"/>
    <class days="0101000" id="703" start="210" weeks="00000000011111110"/>
    <class days="0010010" id="704" start="90" weeks="00000000011111110"/>
    <class days="0010010" id="705" start="114" weeks="00000000011111110"/>
    <class days="0010010" id="706" start="138" weeks="00000000011111110"/>
    <class days="0010010" id="707" start="162" weeks="00000000011111110"/>
    <class days="0010010" id="708" start="186" weeks="00000000011111110"/>
    <class days="1000100" id="709" start="90" weeks="01111111100000000"/>
    <class days="1000100" id="710" start="114" weeks="01111111100000000"/>
    <class days="1000100" id="711" start="138" weeks="01111111100000000"/>
    <class days="1000100" id="712" start="162" weeks="01111111100000000"/>
    <class days="1000100" id="713" start="186" weeks="01111111100000000"/>
    <class days="0101000" id="714" start="90" weeks="01111111100000000"/>
    <class days="0101000" id="715" start="114" weeks="01111111100000000"/>
    <class days="0101000" id="716" start="138" weeks="01111111100000000"/>
    <class days="0101000" id="717" start="162" weeks="01111111100000000"/>
    <class days="0101000" id="718" start="186" weeks="01111111100000000"/>
    <class days="0101000" id="719" start="210" weeks="01111111100000000"/>
    <class days="0010010" id="720" start="90" weeks="01111111100000000"/>
    <class days="0010010" id="721" start="114" weeks="01111111100000000"/>
    <class days="0010010" id="722" start="138" weeks="01111111100000000"/>
    <class days="0010010" id="723" start="162" weeks="01111111100000000"/>
    <class days="0010010" id="724" start="186" weeks="01111111100000000"/>
    <class days="0010100" id="725" room="700" start="102" weeks="01111111111111110"/>
    <class days="0010000" id="726" start="114" weeks="01111111111111110"/>
    <class days="0000100" id="727" start="114" weeks="01111111111111110"/>
    <class days="1010100" id="728" room="39" start="102" weeks="01111111111111110"/>
    <class days="1010100" id="729" start="90" weeks="01111111111111110"/>
    <class days="1010100" id="730" start="114" weeks="01111111111111110"/>
    <class days="1010100" id="731" start="138" weeks="01111111111111110"/>
    <class days="1010100" id="732" start="162" weeks="01111111111111110"/>
    <class days="1010100" id="733" start="186" weeks="01111111111111110"/>
    <class days="0101010" id="734" start="90" weeks="01111111111111110"/>
    <class days="0101010" id="735" start="114" weeks="01111111111111110"/>
    <class days="0101010" id="736" start="138" weeks="01111111111111110"/>
    <class days="0101010" id="737" start="162" weeks="01111111111111110"/>
    <class days="0101010" id="738" start="186" weeks="01111111111111110"/>
    <class days="1010100" id="739" start="90" weeks="01111111111111110"/>
    <class days="1010100" id="740" start="114" weeks="01111111111111110"/>
    <class days="1010100" id="741" start="138" weeks="01111111111111110"/>
    <class days="1010100" id="742" start="162" weeks="01111111111111110"/>
    <class days="1010100" id="743" start="186" weeks="01111111111111110"/>
    <class days="0101010" id="744" start="90" weeks="01111111111111110"/>
    <class days="0101010" id="745" start="114" weeks="01111111111111110"/>
    <class days="0101010" id="746" start="138" weeks="01111111111111110"/>
    <class days="0101010" id="747" start="162" weeks="01111111111111110"/>
    <class days="0101010" id="748" start="186" weeks="01111111111111110"/>
    <class days="0101000" id="749" room="39" start="162" weeks="01111111111111110"/>
    <class days="1010100" id="750" room="522" start="114" weeks="01111111111111110"/>
    <class days="1000100" id="751" start="90" weeks="01111111111111110"/>
    <class days="1000100" id="752" start="114" weeks="01111111111111110"/>
    <class days="1000100" id="753" start="138" weeks="01111111111111110"/>
    <class days="1000100" id="754" start="162" weeks="01111111111111110"/>
    <class days="1000100" id="755" start="186" weeks="01111111111111110"/>
    <class days="0101000" id="756" start="90" weeks="01111111111111110"/>
    <class days="0101000" id="757" start="114" weeks="01111111111111110"/>
    <class days="0101000" id="758" start="138" weeks="01111111111111110"/>
    <class days="0101000" id="759" start="162" weeks="01111111111111110"/>
    <class days="0101000" id="760" start="186" weeks="01111111111111110"/>
    <class days="0010010" id="761" start="90" weeks="01111111111111110"/>
    <class days="0010010" id="762" start="114" weeks="01111111111111110"/>
    <class days="0010010" id="763" start="138" weeks="01111111111111110"/>
    <class days="0010010" id="764" start="162" weeks="01111111111111110"/>
    <class days="0010010" id="765" start="186" weeks="01111111111111110"/>
    <class days="0001000" id="766" room="522" start="90" weeks="01111111111111110"/>
    <class days="1000000" id="767" room="700" start="186" weeks="01101111111111110"/>
    <class days="0010100" id="768" room="700" start="186" weeks="01111111111111110"/>
    <class days="0001000" id="769" room="226" start="126" weeks="01111111111111110"/>
    <class days="0000100" id="770" room="226" start="102" weeks="01111111111111110"/>
    <class days="0101000" id="771" room="700" start="90" weeks="01111111111111110"/>
    <class days="0100000" id="772" room="409" start="102" weeks="01111111111111110"/>
    <class days="0100000" id="773" room="409" start="162" weeks="01111111111111110"/>
    <class days="0001000" id="774" room="409" start="102" weeks="01111111111111110"/>
    <class days="0001000" id="775" room="409" start="162" weeks="01111111111111110"/>
    <class days="1000000" id="776" room="409" start="102" weeks="01101111111111110"/>
    <class days="0000100" id="777" room="522" start="162" weeks="01111111111111110"/>
    <class days="0100000" id="778" room="90" start="102" weeks="01111111111111110"/>
    <class days="0010000" id="779" room="90" start="102" weeks="01111111111111110"/>
    <class days="0000100" id="780" room="90" start="102" weeks="01111111111111110"/>
    <class days="0100000" id="781" start="96" weeks="01111111111111110"/>
    <class days="0010000" id="782" start="96" weeks="01111111111111110"/>
    <class days="0000100" id="783" start="96" weeks="01111111111111110"/>
    <class days="0100000" id="784" start="138" weeks="01111111111111110"/>
    <class days="0010000" id="785" start="138" weeks="01111111111111110"/>
    <class days="0000100" id="786" start="138" weeks="01111111111111110"/>
    <class days="1000100" id="787" room="522" start="90" weeks="01111111111111110"/>
    <class days="0100000" id="788" room="56" start="102" weeks="01111111111111110"/>
    <class days="0001000" id="789" room="56" start="102" weeks="01111111111111110"/>
    <class days="0100000" id="790" room="522" start="90" weeks="01111111111111110"/>
    <class days="0000100" id="791" room="39" start="138" weeks="01111111111111110"/>
    <class days="1010000" id="792" room="39" start="150" weeks="01111111111111110"/>
    <class days="1000000" id="793" room="66" start="162" weeks="01101111111111110"/>
    <class days="0010000" id="794" room="66" start="102" weeks="01111111111111110"/>
    <class days="0010000" id="795" room="66" start="162" weeks="01111111111111110"/>
    <class days="0101000" id="796" room="39" start="186" weeks="01111111111111110"/>
    <class days="1000000" id="797" room="292" start="102" weeks="01101111111111110"/>
    <class days="0100000" id="798" room="292" start="102" weeks="01111111111111110"/>
    <class days="0000100" id="799" room="292" start="102" weeks="01111111111111110"/>
    <class days="0010100" id="800" room="522" start="126" weeks="01111111111111110"/>
    <class days="0010000" id="801" room="138" start="138" weeks="01111111111111110"/>
    <class days="0000100" id="802" room="138" start="138" weeks="01111111111111110"/>
    <class days="1010100" id="803" room="39" start="186" weeks="01111111111111110"/>
    <class days="1010100" id="804" room="522" start="186" weeks="01111111111111110"/>
    <class days="1000100" id="805" start="90" weeks="01111111111111110"/>
    <class days="1000100" id="806" start="114" weeks="01111111111111110"/>
    <class days="1000100" id="807" start="138" weeks="01111111111111110"/>
    <class days="1000100" id="808" start="162" weeks="01111111111111110"/>
    <class days="1000100" id="809" start="186" weeks="01111111111111110"/>
    <class days="0101000" id="810" start="90" weeks="01111111111111110"/>
    <class days="0101000" id="811" start="114" weeks="01111111111111110"/>
    <class days="0101000" id="812" start="138" weeks="01111111111111110"/>
    <class days="0101000" id="813" start="162" weeks="01111111111111110"/>
    <class days="0101000" id="814" start="186" weeks="01111111111111110"/>
    <class days="0010010" id="815" start="90" weeks="01111111111111110"/>
    <class days="0010010" id="816" start="114" weeks="01111111111111110"/>
    <class days="0010010" id="817" start="138" weeks="01111111111111110"/>
    <class days="0010010" id="818" start="162" weeks="01111111111111110"/>
    <class days="0010010" id="819" start="186" weeks="01111111111111110"/>
    <class days="0010000" id="820" room="700" start="138" weeks="01111111111111110"/>
    <class days="0101000" id="821" room="700" start="150" weeks="01111111111111110"/>
    <class days="1000000" id="822" room="522" start="150" weeks="01101111111111110"/>
    <class days="0010100" id="823" room="522" start="150" weeks="01111111111111110"/>
    <class days="1000000" id="824" room="522" start="138" weeks="01101111111111110"/>
    <class days="0010100" id="825" room="522" start="138" weeks="01111111111111110"/>
    <class days="0010000" id="826" room="610" start="102" weeks="01111111111111110"/>
    <class days="0000100" id="827" room="610" start="102" weeks="01111111111111110"/>
    <class days="0000100" id="828" room="610" start="162" weeks="01111111111111110"/>
    <class days="0100000" id="829" room="522" start="138" weeks="01111111111111110"/>
    <class days="0100000" id="830" room="610" start="90" weeks="01111111111111110"/>
    <class days="0001000" id="831" room="610" start="90" weeks="01111111111111110"/>
    <class days="0001000" id="832" room="522" start="138" weeks="01111111111111110"/>
    <class days="0010000" id="833" room="39" start="90" weeks="01111111111111110"/>
    <class days="0101000" id="834" start="174" weeks="01111111111111110"/>
    <class days="0101000" id="835" start="114" weeks="01111111111111110"/>
    <class days="0101000" id="836" room="700" start="198" weeks="01111111111111110"/>
    <class days="1000000" id="837" room="99" start="102" weeks="01101111111111110"/>
    <class days="1000000" id="838" room="99" start="174" weeks="01101111111111110"/>
    <class days="0000100" id="839" room="99" start="102" weeks="01111111111111110"/>
    <class days="1010000" id="840" room="533" start="150" weeks="01111111111111110"/>
    <class days="0001000" id="841" room="533" start="162" weeks="01111111111111110"/>
    <class days="1000100" id="842" room="181" start="90" weeks="01111111111111110"/>
    <class days="1000100" id="843" start="114" weeks="01111111111111110"/>
    <class days="1000100" id="844" start="138" weeks="01111111111111110"/>
    <class days="1000100" id="845" start="162" weeks="01111111111111110"/>
    <class days="1000100" id="846" start="186" weeks="01111111111111110"/>
    <class days="0101000" id="847" start="90" weeks="01111111111111110"/>
    <class days="0101000" id="848" start="114" weeks="01111111111111110"/>
    <class days="0101000" id="849" start="138" weeks="01111111111111110"/>
    <class days="0101000" id="850" start="162" weeks="01111111111111110"/>
    <class days="0101000" id="851" start="186" weeks="01111111111111110"/>
    <class days="1010000" id="852" room="181" start="210" weeks="01111111111111110"/>
    <class days="0101000" id="853" room="181" start="222" weeks="01111111111111110"/>
    <class days="1000100" id="854" start="90" weeks="01111111111111110"/>
    <class days="1000100" id="855" start="114" weeks="01111111111111110"/>
    <class days="1000100" id="856" start="138" weeks="01111111111111110"/>
    <class days="1000100" id="857" start="162" weeks="01111111111111110"/>
    <class days="1000100" id="858" start="186" weeks="01111111111111110"/>
    <class days="0101000" id="859" start="90" weeks="01111111111111110"/>
    <class days="0101000" id="860" start="114" weeks="01111111111111110"/>
    <class days="0101000" id="861" start="138" weeks="01111111111111110"/>
    <class days="0101000" id="862" start="162" weeks="01111111111111110"/>
    <class days="0101000" id="863" start="186" weeks="01111111111111110"/>
    <class days="0101000" id="864" room="39" start="102" weeks="01111111111111110"/>
    <class days="0000100" id="865" room="409" start="102" weeks="01111111111111110"/>
    <class days="0001000" id="866" start="162" weeks="01111111111111110"/>
    <class days="0100000" id="867" room="39" start="204" weeks="01111111111111110"/>
    <class days="0101000" id="868" room="522" start="126" weeks="01111111111111110"/>
    <class days="0001000" id="869" room="138" start="138" weeks="01111111111111110"/>
    <class days="1010100" id="870" room="39" start="174" weeks="01111111111111110"/>
    <class days="0010000" id="871" room="522" start="162" weeks="01111111111111110"/>
    <class days="0101000" id="872" room="533" start="108" weeks="01111111111111110"/>
    <class days="1010000" id="873" room="700" start="198" weeks="01111111111111110"/>
    <class days="1000000" id="874" room="226" start="114" weeks="01101111111111110"/>
    <class days="0100000" id="875" room="226" start="186" weeks="01111111111111110"/>
    <class days="0010000" id="876" room="226" start="162" weeks="01111111111111110"/>
    <class days="0000100" id="877" room="226" start="162" weeks="01111111111111110"/>
    <class days="1010100" id="878" room="39" start="162" weeks="01111111111111110"/>
    <class days="1000000" id="879" room="533" start="114" weeks="01101111111111110"/>
    <class days="0001000" id="880" room="90" start="102" weeks="01111111111111110"/>
    <class days="0001000" id="881" room="90" start="162" weeks="01111111111111110"/>
    <class days="0001000" id="882" start="96" weeks="01111111111111110"/>
    <class days="0010000" id="883" start="138" weeks="01111111111111110"/>
    <class days="0001000" id="884" start="144" weeks="01111111111111110"/>
    <class days="0100000" id="885" start="90" weeks="01111111111111110"/>
    <class days="1010100" id="886" room="39" start="114" weeks="01111111111111110"/>
    <class days="0101000" id="887" room="522" start="162" weeks="01111111111111110"/>
    <class days="0100000" id="888" room="99" start="102" weeks="01111111111111110"/>
    <class days="0001000" id="889" room="99" start="102" weeks="01111111111111110"/>
    <class days="0100000" id="890" room="533" start="174" weeks="01111111111111110"/>
    <class days="0100000" id="891" room="533" start="186" weeks="01111111111111110"/>
    <class days="1000000" id="892" room="700" start="138" weeks="01101111111111110"/>
    <class days="1010100" id="893" room="39" start="198" weeks="01111111111111110"/>
    <class days="1010100" id="894" room="39" start="102" weeks="01111111111111110"/>
    <class days="0001000" id="895" start="162" weeks="01111111111111100"/>
    <class days="0001000" id="896" start="138" weeks="01111111111111100"/>
    <class days="0001000" id="897" start="114" weeks="01111111111111100"/>
    <class days="1000000" id="898" start="186" weeks="01101111111111100"/>
    <class days="0100000" id="899" start="138" weeks="01111111111111100"/>
    <class days="1000000" id="900" start="114" weeks="01101111111111100"/>
    <class days="0100000" id="901" start="162" weeks="01111111111111100"/>
    <class days="0100000" id="902" start="114" weeks="01111111111111100"/>
    <class days="1000000" id="903" start="114" weeks="01101111111111100"/>
    <class days="1000000" id="904" start="186" weeks="01101111111111100"/>
    <class days="1000000" id="905" start="138" weeks="01101111111111100"/>
    <class days="0100000" id="906" start="138" weeks="01111111111111100"/>
    <class days="1000000" id="907" start="114" weeks="01101111111111100"/>
    <class days="0010000" id="908" room="470" start="102" weeks="01111111111111110"/>
    <class days="1000000" id="909" room="700" start="102" weeks="01101111111111110"/>
    <class days="0101000" id="910" room="522" start="150" weeks="01111111111111110"/>
    <class days="1000000" id="911" room="533" start="162" weeks="01101111111111110"/>
    <class days="0000100" id="912" room="533" start="162" weeks="01111111111111110"/>
    <class days="0101000" id="913" room="533" start="126" weeks="01111111111111110"/>
    <class days="1010100" id="914" room="522" start="102" weeks="01111111111111110"/>
    <class days="0101000" id="915" room="39" start="126" weeks="01111111111111110"/>
    <class days="0101000" id="916" room="522" start="198" weeks="01111111111111110"/>
    <class days="0100000" id="917" room="700" start="216" weeks="01111111111111110"/>
    <class days="1000000" id="918" room="522" start="216" weeks="01101111111111110"/>
    <class days="0101000" id="919" room="522" start="180" weeks="01111111111111110"/>
    <class days="1010000" id="920" room="522" start="198" weeks="01111111111111110"/>
    <class days="0010000" id="921" room="522" start="216" weeks="01111111111111110"/>
    <class days="0001000" id="922" room="39" start="216" weeks="01111111111111110"/>
    <class days="0101000" id="923" room="700" start="180" weeks="01111111111111110"/>
    <class days="1111100" id="924" start="174" weeks="01111111111111110"/>
    <class days="0000010" id="925" start="90" weeks="01111111111111110"/>
    <class days="1111100" id="926" room="188" start="186" weeks="01111111111111110"/>
    <class days="0000010" id="927" start="90" weeks="01111111111111110"/>
    <class days="1010100" id="928" start="186" weeks="01111111111111110"/>
    <class days="1010000" id="929" start="216" weeks="01111111111111110"/>
    <class days="0101000" id="930" room="581" start="150" weeks="01111111111111110"/>
    <class days="1001000" id="931" room="581" start="216" weeks="01111111111111110"/>
    <class days="1010100" id="932" room="581" start="114" weeks="01111111111111110"/>
    <class days="1010100" id="933" room="581" start="162" weeks="01111111111111110"/>
    <class days="1010100" id="934" room="581" start="126" weeks="01111111111111110"/>
    <class days="0101000" id="935" room="188" start="162" weeks="01111111111111110"/>
    <class days="0101000" id="936" start="186" weeks="01111111111111110"/>
    <class days="1010000" id="937" start="186" weeks="01111111111111110"/>
    <class days="1010100" id="938" room="188" start="162" weeks="01111111111111110"/>
    <class days="0101000" id="939" room="317" start="186" weeks="01111111111111110"/>
    <class days="1000100" id="940" room="298" start="138" weeks="01111111111111110"/>
    <class days="0100000" id="941" room="195" start="174" weeks="01111111111111110"/>
    <class days="0100000" id="942" room="195" start="126" weeks="01111111111111110"/>
    <class days="1010100" id="943" room="373" start="138" weeks="01111111111111110"/>
    <class days="0100000" id="944" room="632" start="138" weeks="01111111111111110"/>
    <class days="0001000" id="945" room="632" start="138" weeks="01111111111111110"/>
    <class days="0100000" id="946" room="632" start="174" weeks="01111111111111110"/>
    <class days="0100000" id="947" room="632" start="102" weeks="01111111111111110"/>
    <class days="0001000" id="948" room="632" start="174" weeks="01111111111111110"/>
    <class days="0001000" id="949" room="195" start="114" weeks="01111111111111110"/>
    <class days="0001000" id="950" room="195" start="174" weeks="01111111111111110"/>
    <class days="0001000" id="951" room="92" start="162" weeks="01111111111111110"/>
    <class days="0101000" id="952" room="92" start="144" weeks="01111111111111110"/>
    <class days="1000000" id="953" room="441" start="138" weeks="01101111111111110"/>
    <class days="0100000" id="954" room="441" start="198" weeks="01111111111111110"/>
    <class days="0001000" id="955" room="107" start="126" weeks="01111111111111110"/>
    <class days="0010000" id="956" room="441" start="186" weeks="01111111111111110"/>
    <class days="0000100" id="957" room="218" start="186" weeks="01111111111111110"/>
    <class days="1010100" id="958" room="407" start="162" weeks="01111111111111110"/>
    <class days="0100000" id="959" room="107" start="108" weeks="01111111111111110"/>
    <class days="1010100" id="960" room="92" start="126" weeks="01111111111111110"/>
    <class days="0010000" id="961" room="441" start="162" weeks="01111111111111110"/>
    <class days="0010000" id="962" room="441" start="174" weeks="01111111111111110"/>
    <class days="0010000" id="963" room="366" start="174" weeks="01111111111111110"/>
    <class days="0100000" id="964" room="366" start="126" weeks="01111111111111110"/>
    <class days="0100000" id="965" room="366" start="90" weeks="01111111111111110"/>
    <class days="1000100" id="966" room="266" start="138" weeks="01111111111111110"/>
    <class days="0001000" id="967" room="366" start="102" weeks="01111111111111110"/>
    <class days="0010100" id="968" room="558" start="150" weeks="01111111111111110"/>
    <class days="1000000" id="969" room="602" start="102" weeks="01101111111111110"/>
    <class days="1000100" id="970" room="366" start="180" weeks="01111111111111110"/>
    <class days="0101000" id="971" room="366" start="162" weeks="01111111111111110"/>
    <class days="0010100" id="972" room="366" start="102" weeks="01111111111111110"/>
    <class days="1010000" id="973" room="540" start="174" weeks="01111111111111110"/>
    <class days="0010000" id="974" room="145" start="186" weeks="01111111111111110"/>
    <class days="0010000" id="975" room="615" start="186" weeks="01111111111111110"/>
    <class days="1000000" id="976" room="145" start="162" weeks="01101111111111110"/>
    <class days="1000000" id="977" room="615" start="162" weeks="01101111111111110"/>
    <class days="1000000" id="978" room="145" start="186" weeks="01101111111111110"/>
    <class days="1000000" id="979" room="615" start="186" weeks="01101111111111110"/>
    <class days="0101000" id="980" room="494" start="162" weeks="01111111111111110"/>
    <class days="1000000" id="981" room="313" start="210" weeks="01101111111111110"/>
    <class days="0100000" id="982" room="124" start="162" weeks="01111111111111110"/>
    <class days="0100000" id="983" room="124" start="186" weeks="01111111111111110"/>
    <class days="0001000" id="984" room="124" start="162" weeks="01111111111111110"/>
    <class days="0001000" id="985" room="124" start="186" weeks="01111111111111110"/>
    <class days="1010100" id="986" room="540" start="102" weeks="01111111111111110"/>
    <class days="1010100" id="987" room="494" start="162" weeks="01111111111111110"/>
    <class days="0001000" id="988" room="540" start="114" weeks="01111111111111110"/>
    <class days="0010000" id="989" room="494" start="138" weeks="01111111111111110"/>
    <class days="1010100" id="990" room="494" start="90" weeks="01111111111111110"/>
    <class days="0100000" id="991" room="494" start="186" weeks="01111111111111110"/>
    <class days="1010000" id="992" room="372" start="102" weeks="01111111111111110"/>
    <class days="0000100" id="993" room="452" start="90" weeks="01111111111111110"/>
    <class days="0010000" id="994" room="452" start="90" weeks="01111111111111110"/>
    <class days="0101000" id="995" room="452" start="162" weeks="01111111111111110"/>
    <class days="0101000" id="996" room="494" start="108" weeks="01111111111111110"/>
    <class days="1000100" id="997" room="314" start="174" weeks="01111111111111110"/>
    <class days="0010000" id="998" room="124" start="162" weeks="01111111111111110"/>
    <class days="1000000" id="999" room="124" start="90" weeks="01101111111111110"/>
    <class days="0010000" id="1000" room="124" start="186" weeks="01111111111111110"/>
    <class days="1000100" id="1001" room="540" start="114" weeks="01111111111111110"/>
    <class days="0010100" id="1002" room="540" start="90" weeks="01111111111111110"/>
    <class days="0000100" id="1003" room="540" start="162" weeks="01111111111111110"/>
    <class days="1000000" id="1004" room="540" start="138" weeks="01101111111111110"/>
    <class days="0100000" id="1005" room="314" start="138" weeks="01111111111111110"/>
    <class days="0001000" id="1006" room="314" start="138" weeks="01111111111111110"/>
    <class days="0100000" id="1007" room="452" start="150" weeks="01111111111111110"/>
    <class days="0000100" id="1008" room="540" start="126" weeks="01111111111111110"/>
    <class days="0010000" id="1009" room="452" start="198" weeks="01111111111111110"/>
    <class days="0001000" id="1010" room="540" start="138" weeks="01111111111111110"/>
    <class days="0101000" id="1011" room="324" start="162" weeks="01111111111111110"/>
    <class days="1000000" id="1012" room="124" start="114" weeks="01101111111111110"/>
    <class days="0000100" id="1013" room="124" start="138" weeks="01111111111111110"/>
    <class days="1000000" id="1014" room="124" start="162" weeks="01101111111111110"/>
    <class days="1000000" id="1015" room="124" start="138" weeks="01101111111111110"/>
    <class days="0101000" id="1016" room="667" start="150" weeks="01111111111111110"/>
    <class days="0010000" id="1017" room="402" start="114" weeks="01111111111111110"/>
    <class days="0010000" id="1018" room="402" start="186" weeks="01111111111111110"/>
    <class days="0010000" id="1019" room="402" start="162" weeks="01111111111111110"/>
    <class days="0000100" id="1020" room="353" start="102" weeks="01111111111111110"/>
    <class days="0001000" id="1021" room="473" start="114" weeks="01111111111111110"/>
    <class days="0001000" id="1022" room="473" start="162" weeks="01111111111111110"/>
    <class days="0001000" id="1023" room="473" start="138" weeks="01111111111111110"/>
    <class days="0001000" id="1024" room="473" start="102" weeks="01111111111111110"/>
    <class days="0100000" id="1025" room="353" start="102" weeks="01111111111111110"/>
    <class days="1000000" id="1026" room="452" start="138" weeks="01101111111111110"/>
    <class days="0000100" id="1027" room="452" start="138" weeks="01111111111111110"/>
    <class days="1010100" id="1028" room="363" start="102" weeks="01111111111111110"/>
    <class days="0100000" id="1029" room="540" start="216" weeks="01111111111111110"/>
    <class days="1010100" id="1030" room="587" start="126" weeks="01111111111111110"/>
    <class days="0101000" id="1031" room="92" start="198" weeks="01111111111111110"/>
    <class days="0000100" id="1032" room="255" start="186" weeks="01111111111111110"/>
    <class days="0100000" id="1033" room="366" start="228" weeks="01111111111111110"/>
    <class days="0100000" id="1034" room="540" start="102" weeks="01111111111111110"/>
    <class days="0010000" id="1035" room="124" start="216" weeks="01111111111111110"/>
    <class days="0001000" id="1036" room="366" start="228" weeks="01111111111111110"/>
    <class days="1000000" id="1037" room="452" start="174" weeks="01101111111111110"/>
    <class days="0101000" id="1038" room="555" start="90" weeks="01111111111111110"/>
    <class days="1010000" id="1039" room="571" start="138" weeks="01111111111111110"/>
    <class days="1010000" id="1040" room="641" start="90" weeks="01111111111111110"/>
    <class days="0010100" id="1041" room="197" start="162" weeks="01111111111111110"/>
    <class days="0100000" id="1042" room="432" start="198" weeks="01111111111111110"/>
    <class days="0010000" id="1043" room="757" start="186" weeks="01111111111111110"/>
    <class days="0010000" id="1044" room="757" start="102" weeks="01111111111111110"/>
    <class days="0000100" id="1045" room="432" start="102" weeks="01111111111111110"/>
    <class days="0000100" id="1046" room="757" start="186" weeks="01111111111111110"/>
    <class days="0010000" id="1047" room="432" start="90" weeks="01111111111111110"/>
    <class days="1000000" id="1048" room="432" start="162" weeks="01101111111111110"/>
    <class days="0010000" id="1049" room="757" start="162" weeks="01111111111111110"/>
    <class days="0010000" id="1050" room="757" start="174" weeks="01111111111111110"/>
    <class days="0000100" id="1051" room="432" start="90" weeks="01111111111111110"/>
    <class days="1000000" id="1052" room="757" start="138" weeks="01101111111111110"/>
    <class days="1000000" id="1053" room="757" start="102" weeks="01101111111111110"/>
    <class days="0100000" id="1054" room="757" start="114" weeks="01111111111111110"/>
    <class days="0100000" id="1055" room="757" start="126" weeks="01111111111111110"/>
    <class days="0001000" id="1056" room="432" start="90" weeks="01111111111111110"/>
    <class days="0010000" id="1057" room="432" start="150" weeks="01111111111111110"/>
    <class days="0100000" id="1058" room="432" start="186" weeks="01111111111111110"/>
    <class days="0100000" id="1059" room="757" start="174" weeks="01111111111111110"/>
    <class days="1000000" id="1060" room="432" start="186" weeks="01101111111111110"/>
    <class days="0100000" id="1061" room="757" start="90" weeks="01111111111111110"/>
    <class days="0010000" id="1062" start="126" weeks="01111111111111110"/>
    <class days="1000000" id="1063" room="757" start="174" weeks="01101111111111110"/>
    <class days="1000000" id="1064" room="757" start="150" weeks="01101111111111110"/>
    <class days="0100000" id="1065" room="432" start="90" weeks="01111111111111110"/>
    <class days="1000000" id="1066" room="432" start="138" weeks="01101111111111110"/>
    <class days="0010000" id="1067" room="432" start="138" weeks="01111111111111110"/>
    <class days="0000100" id="1068" room="432" start="150" weeks="01111111111111110"/>
    <class days="0100000" id="1069" room="432" start="162" weeks="01111111111111110"/>
    <class days="1000000" id="1070" room="757" start="90" weeks="01101111111111110"/>
    <class days="0001000" id="1071" room="432" start="114" weeks="01111111111111110"/>
    <class days="0100000" id="1072" room="757" start="138" weeks="01111111111111110"/>
    <class days="0100000" id="1073" room="757" start="162" weeks="01111111111111110"/>
    <class days="0010000" id="1074" room="757" start="138" weeks="01111111111111110"/>
    <class days="0000100" id="1075" room="757" start="198" weeks="01111111111111110"/>
    <class days="0000100" id="1076" room="757" start="162" weeks="01111111111111110"/>
    <class days="0100000" id="1077" room="757" start="102" weeks="01111111111111110"/>
    <class days="0001000" id="1078" room="433" start="90" weeks="01111111111111110"/>
    <class days="0000100" id="1079" room="354" start="138" weeks="01111111111111110"/>
    <class days="0010000" id="1080" room="354" start="186" weeks="01111111111111110"/>
    <class days="0100000" id="1081" room="354" start="162" weeks="01111111111111110"/>
    <class days="0000100" id="1082" room="433" start="186" weeks="01111111111111110"/>
    <class days="0010000" id="1083" room="354" start="138" weeks="01111111111111110"/>
    <class days="0100000" id="1084" room="433" start="90" weeks="01111111111111110"/>
    <class days="0000100" id="1085" room="354" start="216" weeks="01111111111111110"/>
    <class days="0010000" id="1086" room="354" start="90" weeks="01111111111111110"/>
    <class days="0001000" id="1087" room="433" start="186" weeks="01111111111111110"/>
    <class days="0001000" id="1088" room="354" start="138" weeks="01111111111111110"/>
    <class days="0000100" id="1089" room="433" start="114" weeks="01111111111111110"/>
    <class days="0001000" id="1090" room="433" start="222" weeks="01111111111111110"/>
    <class days="0100000" id="1091" room="354" start="222" weeks="01111111111111110"/>
    <class days="0100000" id="1092" room="354" start="114" weeks="01111111111111110"/>
    <class days="0001000" id="1093" room="354" start="90" weeks="01111111111111110"/>
    <class days="0010000" id="1094" room="354" start="162" weeks="01111111111111110"/>
    <class days="0001000" id="1095" room="433" start="138" weeks="01111111111111110"/>
    <class days="0010000" id="1096" room="433" start="222" weeks="01111111111111110"/>
    <class days="0010000" id="1097" room="433" start="90" weeks="01111111111111110"/>
    <class days="0010000" id="1098" room="433" start="186" weeks="01111111111111110"/>
    <class days="0010000" id="1099" room="354" start="114" weeks="01111111111111110"/>
    <class days="0000100" id="1100" start="138" weeks="01111111111111110"/>
    <class days="0001000" id="1101" room="354" start="222" weeks="01111111111111110"/>
    <class days="0001000" id="1102" room="354" start="114" weeks="01111111111111110"/>
    <class days="0010000" id="1103" room="433" start="162" weeks="01111111111111110"/>
    <class days="0100000" id="1104" start="138" weeks="01111111111111110"/>
    <class days="0100000" id="1105" room="354" start="186" weeks="01111111111111110"/>
    <class days="0100000" id="1106" room="433" start="138" weeks="01111111111111110"/>
    <class days="0000100" id="1107" room="354" start="162" weeks="01111111111111110"/>
    <class days="0000100" id="1108" room="433" start="162" weeks="01111111111111110"/>
    <class days="0100000" id="1109" room="433" start="162" weeks="01111111111111110"/>
    <class days="0100000" id="1110" room="433" start="114" weeks="01111111111111110"/>
    <class days="0000100" id="1111" room="354" start="114" weeks="01111111111111110"/>
    <class days="0000100" id="1112" room="433" start="90" weeks="01111111111111110"/>
    <class days="0000100" id="1113" room="354" start="90" weeks="01111111111111110"/>
    <class days="0100000" id="1114" room="433" start="138" weeks="01111111111111110"/>
    <class days="0010000" id="1115" room="433" start="138" weeks="01111111111111110"/>
    <class days="0000100" id="1116" room="354" start="186" weeks="01111111111111110"/>
    <class days="0001000" id="1117" room="433" start="114" weeks="01111111111111110"/>
    <class days="0001000" id="1118" room="433" start="162" weeks="01111111111111110"/>
    <class days="0000100" id="1119" room="433" start="216" weeks="01111111111111110"/>
    <class days="0100000" id="1120" room="433" start="216" weeks="01111111111111110"/>
    <class days="0001000" id="1121" room="354" start="162" weeks="01111111111111110"/>
    <class days="0100000" id="1122" room="433" start="186" weeks="01111111111111110"/>
    <class days="0001000" id="1123" room="354" start="186" weeks="01111111111111110"/>
    <class days="0010000" id="1124" room="354" start="216" weeks="01111111111111110"/>
    <class days="0100000" id="1125" room="354" start="90" weeks="01111111111111110"/>
    <class days="1010000" id="1126" start="138" weeks="01111111111111110"/>
    <class days="1010000" id="1127" start="138" weeks="01111111111111110"/>
    <class days="0001000" id="1128" start="174" weeks="01111111111111110"/>
    <class days="0010000" id="1129" room="432" start="126" weeks="01111111111111110"/>
    <class days="0000100" id="1130" room="433" start="138" weeks="01111111111111110"/>
    <class days="0100000" id="1131" room="354" start="138" weeks="01111111111111110"/>
    <class days="0010100" id="1132" room="172" start="174" weeks="01111111111111110"/>
    <class days="1010000" id="1133" room="602" start="150" weeks="01111111111111110"/>
    <class days="0101000" id="1134" room="172" start="150" weeks="01111111111111110"/>
    <class days="0010100" id="1135" room="299" start="90" weeks="01111111111111110"/>
    <class days="0000100" id="1136" room="432" start="186" weeks="01111111111111110"/>
    <class days="1000000" id="1137" room="432" start="126" weeks="01101111111111110"/>
    <class days="0100000" id="1138" room="432" start="138" weeks="01111111111111110"/>
    <class days="0100000" id="1139" room="432" start="174" weeks="01111111111111110"/>
    <class days="1000000" id="1140" room="354" start="90" weeks="01101111111111110"/>
    <class days="1000000" id="1141" room="433" start="162" weeks="01101111111111110"/>
    <class days="1000000" id="1142" room="433" start="114" weeks="01101111111111110"/>
    <class days="0010000" id="1143" room="433" start="114" weeks="01111111111111110"/>
    <class days="1010000" id="1144" room="408" start="150" weeks="01111111111111110"/>
    <class days="0001000" id="1145" room="328" start="174" weeks="01111111111111110"/>
    <class days="0001000" id="1146" room="328" start="174" weeks="01111111111111110"/>
    <class days="0001000" id="1147" room="328" start="126" weeks="01111111111111110"/>
    <class days="0000100" id="1148" room="328" start="114" weeks="01111111111111110"/>
    <class days="0001000" id="1149" room="328" start="162" weeks="01111111111111110"/>
    <class days="0001000" id="1150" room="328" start="150" weeks="01111111111111110"/>
    <class days="0000100" id="1151" room="328" start="138" weeks="01111111111111110"/>
    <class days="0001000" id="1152" room="328" start="114" weeks="01111111111111110"/>
    <class days="0010000" id="1153" room="757" start="114" weeks="01111111111111110"/>
    <class days="0001000" id="1154" room="757" start="90" weeks="01111111111111110"/>
    <class days="0001000" id="1155" room="757" start="114" weeks="01111111111111110"/>
    <class days="0001000" id="1156" room="757" start="162" weeks="01111111111111110"/>
    <class days="0001000" id="1157" room="757" start="186" weeks="01111111111111110"/>
    <class days="0000100" id="1158" room="757" start="90" weeks="01111111111111110"/>
    <class days="0000100" id="1159" room="757" start="114" weeks="01111111111111110"/>
    <class days="0000100" id="1160" room="757" start="138" weeks="01111111111111110"/>
    <class days="0100000" id="1161" room="502" start="150" weeks="01111111111111110"/>
    <class days="1000000" id="1162" room="661" start="198" weeks="01101111111111110"/>
    <class days="0101000" id="1163" start="90" weeks="01111111111111110"/>
    <class days="1010000" id="1164" start="162" weeks="01111111111111110"/>
    <class days="1010000" id="1165" start="114" weeks="01111111111111110"/>
    <class days="0010100" id="1166" start="150" weeks="01111111111111110"/>
    <class days="0010000" id="1167" room="571" start="216" weeks="00100000000000000"/>
    <class days="0001000" id="1168" room="194" start="240" weeks="00010000000000000"/>
    <class days="0100000" id="1169" room="252" start="126" weeks="01111111111111110"/>
    <class days="0000100" id="1170" room="705" start="90" weeks="01111111111111110"/>
    <class days="1000000" id="1171" room="705" start="162" weeks="01101111111111110"/>
    <class days="0010000" id="1172" room="705" start="198" weeks="01111111111111110"/>
    <class days="0100000" id="1173" room="705" start="102" weeks="01111111111111110"/>
    <class days="0010000" id="1174" room="705" start="114" weeks="01111111111111110"/>
    <class days="0000100" id="1175" room="705" start="126" weeks="01111111111111110"/>
    <class days="1000000" id="1176" room="252" start="174" weeks="01101111111111110"/>
    <class days="0100000" id="1177" room="705" start="174" weeks="01111111111111110"/>
    <class days="0000100" id="1178" room="705" start="174" weeks="01111111111111110"/>
    <class days="1000000" id="1179" room="252" start="126" weeks="01101111111111110"/>
    <class days="0001000" id="1180" room="705" start="90" weeks="01111111111111110"/>
    <class days="1010000" id="1181" room="555" start="138" weeks="01111111111111110"/>
    <class days="0000100" id="1182" room="57" start="162" weeks="01111111111111110"/>
    <class days="0100000" id="1183" room="57" start="186" weeks="01111111111111110"/>
    <class days="0001000" id="1184" room="57" start="138" weeks="01111111111111110"/>
    <class days="0100000" id="1185" room="57" start="138" weeks="01111111111111110"/>
    <class days="0010000" id="1186" room="57" start="162" weeks="01111111111111110"/>
    <class days="0000100" id="1187" room="57" start="102" weeks="01111111111111110"/>
    <class days="0001000" id="1188" room="57" start="186" weeks="01111111111111110"/>
    <class days="0010000" id="1189" room="57" start="102" weeks="01111111111111110"/>
    <class days="1000000" id="1190" room="373" start="198" weeks="01101111111111110"/>
    <class days="1000000" id="1191" room="605" start="162" weeks="01101111111111110"/>
    <class days="0001000" id="1192" room="502" start="102" weeks="01111111111111110"/>
    <class days="1010000" id="1193" room="571" start="114" weeks="01111111111111110"/>
    <class days="0101000" id="1194" room="194" start="90" weeks="01111111111111110"/>
    <class days="1010000" id="1195" start="114" weeks="01111111111111110"/>
    <class days="1000100" id="1196" start="138" weeks="01111111111111110"/>
    <class days="0001000" id="1197" room="468" start="198" weeks="01111111111111110"/>
    <class days="0000100" id="1198" room="468" start="102" weeks="01111111111111110"/>
    <class days="0100000" id="1199" room="41" start="138" weeks="01111111111111110"/>
    <class days="0000100" id="1200" room="197" start="174" weeks="01111111111111110"/>
    <class days="0001000" id="1201" room="353" start="114" weeks="01111111111111110"/>
    <class days="0000100" id="1202" room="250" start="138" weeks="01111111111111110"/>
    <class days="0010000" id="1203" room="250" start="114" weeks="01111111111111110"/>
    <class days="0000100" id="1204" room="417" start="216" weeks="01111111111111110"/>
    <class days="0010000" id="1205" room="250" start="216" weeks="01111111111111110"/>
    <class days="0001000" id="1206" room="417" start="162" weeks="01111111111111110"/>
    <class days="0100000" id="1207" room="250" start="114" weeks="01111111111111110"/>
    <class days="0000100" id="1208" room="250" start="216" weeks="01111111111111110"/>
    <class days="0100000" id="1209" room="417" start="138" weeks="01111111111111110"/>
    <class days="0010000" id="1210" room="417" start="216" weeks="01111111111111110"/>
    <class days="0001000" id="1211" room="250" start="90" weeks="01111111111111110"/>
    <class days="0100000" id="1212" room="250" start="186" weeks="01111111111111110"/>
    <class days="0100000" id="1213" room="417" start="90" weeks="01111111111111110"/>
    <class days="0010000" id="1214" room="417" start="186" weeks="01111111111111110"/>
    <class days="0000100" id="1215" room="417" start="90" weeks="01111111111111110"/>
    <class days="0001000" id="1216" room="250" start="162" weeks="01111111111111110"/>
    <class days="0100000" id="1217" room="250" start="216" weeks="01111111111111110"/>
    <class days="0100000" id="1218" room="417" start="114" weeks="01111111111111110"/>
    <class days="0000100" id="1219" room="417" start="186" weeks="01111111111111110"/>
    <class days="0000100" id="1220" room="250" start="114" weeks="01111111111111110"/>
    <class days="0001000" id="1221" room="250" start="186" weeks="01111111111111110"/>
    <class days="0001000" id="1222" room="250" start="216" weeks="01111111111111110"/>
    <class days="0000100" id="1223" room="250" start="186" weeks="01111111111111110"/>
    <class days="0100000" id="1224" room="417" start="210" weeks="01111111111111110"/>
    <class days="0100000" id="1225" room="417" start="162" weeks="01111111111111110"/>
    <class days="0100000" id="1226" room="250" start="162" weeks="01111111111111110"/>
    <class days="0100000" id="1227" room="417" start="186" weeks="01111111111111110"/>
    <class days="0010000" id="1228" room="417" start="90" weeks="01111111111111110"/>
    <class days="0001000" id="1229" room="417" start="90" weeks="01111111111111110"/>
    <class days="0010000" id="1230" room="250" start="138" weeks="01111111111111110"/>
    <class days="0000100" id="1231" room="250" start="90" weeks="01111111111111110"/>
    <class days="0010000" id="1232" room="417" start="138" weeks="01111111111111110"/>
    <class days="0000100" id="1233" room="417" start="138" weeks="01111111111111110"/>
    <class days="0100000" id="1234" room="250" start="138" weeks="01111111111111110"/>
    <class days="0001000" id="1235" room="417" start="186" weeks="01111111111111110"/>
    <class days="0000100" id="1236" room="417" start="162" weeks="01111111111111110"/>
    <class days="0000100" id="1237" room="417" start="114" weeks="01111111111111110"/>
    <class days="1010000" id="1238" start="114" weeks="01111111111111110"/>
    <class days="0001000" id="1239" start="114" weeks="01111111111111110"/>
    <class days="0001000" id="1240" room="250" start="138" weeks="01111111111111110"/>
    <class days="0001000" id="1241" room="417" start="138" weeks="01111111111111110"/>
    <class days="0000100" id="1242" room="408" start="126" weeks="01111111111111110"/>
    <class days="1010000" id="1243" room="14" start="114" weeks="01111111111111110"/>
    <class days="1010000" id="1244" room="14" start="138" weeks="01111111111111110"/>
    <class days="1010000" id="1245" room="14" start="162" weeks="01111111111111110"/>
    <class days="0101000" id="1246" room="14" start="90" weeks="01111111111111110"/>
    <class days="0101000" id="1247" room="14" start="114" weeks="01111111111111110"/>
    <class days="0101000" id="1248" room="14" start="138" weeks="01111111111111110"/>
    <class days="0101000" id="1249" room="14" start="162" weeks="01111111111111110"/>
    <class days="0101000" id="1250" room="14" start="186" weeks="01111111111111110"/>
    <class days="1010100" id="1251" room="378" start="162" weeks="01111111111111110"/>
    <class days="0100000" id="1252" room="20" start="114" weeks="01111111111111110"/>
    <class days="0100000" id="1253" room="20" start="138" weeks="01111111111111110"/>
    <class days="0100000" id="1254" room="20" start="186" weeks="01111111111111110"/>
    <class days="0010000" id="1255" room="20" start="90" weeks="01111111111111110"/>
    <class days="0010000" id="1256" room="20" start="138" weeks="01111111111111110"/>
    <class days="0010000" id="1257" room="20" start="114" weeks="01111111111111110"/>
    <class days="0010000" id="1258" room="20" start="138" weeks="01111111111111110"/>
    <class days="0010000" id="1259" room="20" start="186" weeks="01111111111111110"/>
    <class days="0001000" id="1260" room="20" start="90" weeks="01111111111111110"/>
    <class days="0001000" id="1261" room="20" start="114" weeks="01111111111111110"/>
    <class days="0001000" id="1262" room="20" start="138" weeks="01111111111111110"/>
    <class days="0001000" id="1263" room="20" start="186" weeks="01111111111111110"/>
    <class days="0000100" id="1264" room="20" start="90" weeks="01111111111111110"/>
    <class days="0101000" id="1265" room="571" start="90" weeks="01111111111111110"/>
    <class days="1010100" id="1266" room="194" start="114" weeks="01111111111111110"/>
    <class days="0100000" id="1267" room="398" start="102" weeks="01111111111111110"/>
    <class days="0100000" id="1268" room="206" start="96" weeks="01111111111111110"/>
    <class days="0000100" id="1269" room="398" start="180" weeks="01111111111111110"/>
    <class days="0010000" id="1270" room="398" start="168" weeks="01111111111111110"/>
    <class days="0000100" id="1271" room="206" start="132" weeks="01111111111111110"/>
    <class days="0100000" id="1272" room="398" start="186" weeks="01111111111111110"/>
    <class days="0001000" id="1273" room="206" start="108" weeks="01111111111111110"/>
    <class days="1000000" id="1274" room="206" start="120" weeks="01101111111111110"/>
    <class days="0010000" id="1275" room="206" start="156" weeks="01111111111111110"/>
    <class days="0010000" id="1276" room="206" start="120" weeks="01111111111111110"/>
    <class days="0100000" id="1277" room="206" start="138" weeks="01111111111111110"/>
    <class days="0010000" id="1278" room="398" start="120" weeks="01111111111111110"/>
    <class days="0010000" id="1279" room="206" start="192" weeks="01111111111111110"/>
    <class days="0000100" id="1280" room="206" start="90" weeks="01111111111111110"/>
    <class days="0001000" id="1281" room="206" start="192" weeks="01111111111111110"/>
    <class days="0000100" id="1282" room="398" start="126" weeks="01111111111111110"/>
    <class days="1000000" id="1283" room="206" start="156" weeks="01101111111111110"/>
    <class days="1000000" id="1284" room="398" start="162" weeks="01101111111111110"/>
    <class days="1000000" id="1285" room="571" start="102" weeks="01101111111111110"/>
    <class days="1000000" id="1286" room="252" start="210" weeks="01101111111111110"/>
    <class days="1010000" id="1287" room="555" start="90" weeks="01111111111111110"/>
    <class days="0100000" id="1288" room="75" start="138" weeks="01111111111111110"/>
    <class days="0010000" id="1289" room="75" start="114" weeks="01111111111111110"/>
    <class days="0001000" id="1290" room="75" start="114" weeks="01111111111111110"/>
    <class days="0000100" id="1291" room="75" start="90" weeks="01111111111111110"/>
    <class days="0100000" id="1292" room="75" start="186" weeks="01111111111111110"/>
    <class days="0010000" id="1293" room="75" start="138" weeks="01111111111111110"/>
    <class days="0010000" id="1294" room="75" start="90" weeks="01111111111111110"/>
    <class days="0001000" id="1295" room="75" start="186" weeks="01111111111111110"/>
    <class days="0001000" id="1296" room="75" start="90" weeks="01111111111111110"/>
    <class days="0001000" id="1297" room="75" start="138" weeks="01111111111111110"/>
    <class days="0000100" id="1298" room="75" start="114" weeks="01111111111111110"/>
    <class days="0010000" id="1299" room="75" start="162" weeks="01111111111111110"/>
    <class days="0000100" id="1300" room="75" start="162" weeks="01111111111111110"/>
    <class days="0100000" id="1301" room="75" start="90" weeks="01111111111111110"/>
    <class days="0000100" id="1302" room="75" start="138" weeks="01111111111111110"/>
    <class days="0100000" id="1303" room="75" start="114" weeks="01111111111111110"/>
    <class days="0010000" id="1304" room="75" start="186" weeks="01111111111111110"/>
    <class days="1010100" id="1305" room="460" start="198" weeks="01111111111111110"/>
    <class days="0101000" id="1306" room="252" start="138" weeks="01111111111111110"/>
    <class days="0000100" id="1307" room="529" start="114" weeks="01111111111111110"/>
    <class days="0000100" id="1308" room="529" start="162" weeks="01111111111111110"/>
    <class days="0010000" id="1309" room="705" start="186" weeks="01111111111000000"/>
    <class days="1010100" id="1310" room="567" start="126" weeks="01111111111111110"/>
    <class days="1010100" id="1311" room="703" start="126" weeks="01111111111111110"/>
    <class days="0010100" id="1312" room="61" start="102" weeks="01111111111111110"/>
    <class days="0010100" id="1313" room="61" start="180" weeks="01111111111111110"/>
    <class days="0101000" id="1314" room="61" start="162" weeks="01111111111111110"/>
    <class days="0101000" id="1315" room="61" start="114" weeks="01111111111111110"/>
    <class days="0100000" id="1316" room="252" start="150" weeks="01111111111111110"/>
    <class days="1000000" id="1317" room="252" start="102" weeks="00000011111000000"/>
    <class days="1010000" id="1318" room="322" start="162" weeks="00000011111000000"/>
    <class days="1010000" id="1319" room="31" start="162" weeks="01111100000000000"/>
    <class days="0000100" id="1320" room="31" start="162" weeks="01111100000000000"/>
    <class days="1010000" id="1321" room="529" start="162" weeks="00000011111000000"/>
    <class days="1010000" id="1322" room="529" start="162" weeks="01111100000000000"/>
    <class days="1010000" id="1323" room="529" start="162" weeks="00000000000111110"/>
    <class days="0101000" id="1324" room="709" start="162" weeks="01111111111111110"/>
    <class days="1010100" id="1325" start="198" weeks="01111111111111110"/>
    <class days="0101000" id="1326" room="501" start="180" weeks="01111111111111110"/>
    <class days="0101000" id="1327" room="705" start="126" weeks="01111111111111110"/>
    <class days="0101000" id="1328" room="31" start="162" weeks="00000000000111110"/>
    <class days="0101000" id="1329" room="529" start="126" weeks="01111111111111110"/>
    <class days="0101000" id="1330" room="298" start="108" weeks="01111111111111110"/>
    <class days="0101000" id="1331" room="252" start="180" weeks="01111111111111110"/>
    <class days="1010100" id="1332" room="705" start="138" weeks="01111111111111110"/>
    <class days="0101000" id="1333" room="121" start="90" weeks="01111111111111110"/>
    <class days="0000100" id="1334" room="605" start="114" weeks="01111111111111110"/>
    <class days="0000100" id="1335" room="605" start="162" weeks="01111111111111110"/>
    <class days="1010100" id="1336" room="71" start="198" weeks="01111111111111110"/>
    <class days="0000100" id="1337" room="322" start="132" weeks="01111111111111110"/>
    <class days="1010100" id="1338" room="252" start="114" weeks="01111111111111110"/>
    <class days="1010100" id="1339" room="139" start="162" weeks="01111111111111110"/>
    <class days="0001000" id="1340" room="252" start="198" weeks="01111111111111110"/>
    <class days="0001000" id="1341" room="82" start="90" weeks="01111111111111110"/>
    <class days="0101000" id="1342" room="82" start="198" weeks="01111111111111110"/>
    <class days="1000000" id="1343" room="162" start="186" weeks="01101111111111110"/>
    <class days="0010000" id="1344" room="705" start="150" weeks="01111111111111110"/>
    <class days="1000000" id="1345" room="328" start="138" weeks="01101111111111110"/>
    <class days="1010000" id="1346" room="432" start="198" weeks="01111111111111110"/>
    <class days="0001000" id="1347" room="252" start="102" weeks="01111111111111110"/>
    <class days="1000000" id="1348" room="167" start="186" weeks="01101111111111110"/>
    <class days="0010000" id="1349" room="616" start="228" weeks="01111111111111110"/>
    <class days="0101000" id="1350" room="240" start="162" weeks="01111111111111110"/>
    <class days="0010000" id="1351" room="568" start="186" weeks="01111111111111110"/>
    <class days="0000100" id="1352" room="568" start="192" weeks="01111111111111110"/>
    <class days="0010000" id="1353" room="568" start="150" weeks="01111111111111110"/>
    <class days="0100000" id="1354" room="568" start="168" weeks="01111111111111110"/>
    <class days="0001000" id="1355" room="568" start="120" weeks="01111111111111110"/>
    <class days="1000000" id="1356" room="233" start="138" weeks="01101111111111110"/>
    <class days="0101000" id="1357" room="744" start="90" weeks="01111111111111110"/>
    <class days="0101000" id="1358" room="471" start="180" weeks="01111111111111110"/>
    <class days="0001000" id="1359" room="266" start="144" weeks="01111111111111110"/>
    <class days="0010000" id="1360" start="102" weeks="01111111111111110"/>
    <class days="0010000" id="1361" start="150" weeks="01111111111111110"/>
    <class days="1000000" id="1362" start="102" weeks="01101111111111110"/>
    <class days="0000100" id="1363" start="150" weeks="01111111111111110"/>
    <class days="0000100" id="1364" room="190" start="186" weeks="01111111111111110"/>
    <class days="0010100" id="1365" start="102" weeks="01111111111111110"/>
    <class days="0101000" id="1366" start="162" weeks="01111111111111110"/>
    <class days="0101000" id="1367" start="162" weeks="01111111111111110"/>
    <class days="1000000" id="1368" room="233" start="162" weeks="01101111111111110"/>
    <class days="1000000" id="1369" room="190" start="186" weeks="01101111111111110"/>
    <class days="0101000" id="1370" room="190" start="180" weeks="01111111111111110"/>
    <class days="0101000" id="1371" room="190" start="144" weeks="01111111111111110"/>
    <class days="0101000" id="1372" room="190" start="198" weeks="01111111111111110"/>
    <class days="0101000" id="1373" room="190" start="108" weeks="01111111111111110"/>
    <class days="0010000" id="1374" room="190" start="186" weeks="01111111111111110"/>
    <class days="0101000" id="1375" room="111" start="144" weeks="01111111111111110"/>
    <class days="1010100" id="1376" room="190" start="174" weeks="01111111111111110"/>
    <class days="0101000" id="1377" room="190" start="162" weeks="01111111111111110"/>
    <class days="0101000" id="1378" room="419" start="108" weeks="01111111110011110"/>
    <class days="0101000" id="1379" room="155" start="108" weeks="01111111111111110"/>
    <class days="1010000" id="1380" room="155" start="102" weeks="01111111111111110"/>
    <class days="0001000" id="1381" room="139" start="162" weeks="01111111111111110"/>
    <class days="0000100" id="1382" start="162" weeks="01111111111111110"/>
    <class days="1010100" id="1383" room="190" start="102" weeks="01111111111111110"/>
    <class days="0000100" id="1384" room="324" start="174" weeks="01111111111111110"/>
    <class days="0100000" id="1385" room="298" start="198" weeks="01111111111111110"/>
    <class days="0001000" id="1386" room="624" start="180" weeks="01111111111111110"/>
    <class days="0100000" id="1387" room="408" start="144" weeks="01111111111111110"/>
    <class days="0010000" id="1388" room="727" start="102" weeks="01111111111111110"/>
    <class days="0001000" id="1389" room="663" start="96" weeks="01111111111111110"/>
    <class days="0001000" id="1390" room="639" start="108" weeks="01111111111111110"/>
    <class days="0100000" id="1391" room="566" start="114" weeks="01111111111111110"/>
    <class days="0010000" id="1392" room="663" start="126" weeks="01111111111111110"/>
    <class days="0000100" id="1393" room="663" start="90" weeks="01111111111111110"/>
    <class days="0000100" id="1394" room="727" start="90" weeks="01111111111111110"/>
    <class days="0001000" id="1395" room="727" start="90" weeks="01111111111111110"/>
    <class days="0100000" id="1396" room="397" start="138" weeks="01111111111111110"/>
    <class days="0000100" id="1397" room="397" start="138" weeks="01111111111111110"/>
    <class days="1011100" id="1398" room="663" start="138" weeks="01111111111111110"/>
    <class days="1010000" id="1399" room="120" start="126" weeks="01111111111111110"/>
    <class days="1010000" id="1400" room="566" start="186" weeks="01111111111111110"/>
    <class days="0000100" id="1401" room="566" start="102" weeks="01111111111111110"/>
    <class days="0000100" id="1402" room="663" start="150" weeks="01111111100000000"/>
    <class days="0000100" id="1403" room="566" start="162" weeks="01111111100000000"/>
    <class days="0101000" id="1404" room="505" start="150" weeks="00000111111111110"/>
    <class days="0000100" id="1405" room="667" start="138" weeks="00000111111111110"/>
    <class days="1000000" id="1406" room="406" start="162" weeks="01101100000000000"/>
    <class days="0010100" id="1407" room="501" start="162" weeks="01111100000000000"/>
    <class days="0001000" id="1408" room="703" start="114" weeks="01111100000000000"/>
    <class days="0010100" id="1409" room="745" start="114" weeks="01111111111111110"/>
    <class days="0000100" id="1410" room="143" start="138" weeks="01111111111111110"/>
    <class days="0100000" id="1411" room="205" start="90" weeks="01111111111111110"/>
    <class days="0100000" id="1412" room="406" start="150" weeks="01111111111111110"/>
    <class days="1010100" id="1413" room="298" start="186" weeks="01111111111111110"/>
    <class days="0010100" id="1414" room="378" start="102" weeks="01111111111111110"/>
    <class days="0000100" id="1415" room="364" start="150" weeks="01111111111111110"/>
    <class days="0000100" id="1416" room="373" start="90" weeks="01111111111111110"/>
    <class days="0010000" id="1417" room="133" start="114" weeks="01111111111111110"/>
    <class days="0010000" id="1418" room="133" start="138" weeks="01111111111111110"/>
    <class days="0010000" id="1419" room="133" start="162" weeks="01111111111111110"/>
    <class days="0010000" id="1420" room="133" start="186" weeks="01111111111111110"/>
    <class days="0001000" id="1421" room="133" start="114" weeks="01111111111111110"/>
    <class days="0001000" id="1422" room="133" start="138" weeks="01111111111111110"/>
    <class days="0001000" id="1423" room="133" start="162" weeks="01111111111111110"/>
    <class days="0001000" id="1424" room="133" start="90" weeks="01111111111111110"/>
    <class days="0000100" id="1425" room="133" start="114" weeks="01111111111111110"/>
    <class days="0000100" id="1426" room="133" start="138" weeks="01111111111111110"/>
    <class days="0000100" id="1427" room="133" start="162" weeks="01111111111111110"/>
    <class days="1000000" id="1428" room="133" start="138" weeks="01101111111111110"/>
    <class days="0101000" id="1429" room="218" start="126" weeks="01111111111111110"/>
    <class days="0001000" id="1430" room="401" start="162" weeks="01111111111111110"/>
    <class days="0001000" id="1431" room="401" start="186" weeks="01111111111111110"/>
    <class days="0010100" id="1432" room="661" start="198" weeks="01111111111111110"/>
    <class days="1000000" id="1433" room="401" start="138" weeks="01101111111111110"/>
    <class days="1000000" id="1434" room="401" start="162" weeks="01101111111111110"/>
    <class days="1000000" id="1435" room="401" start="186" weeks="01101111111111110"/>
    <class days="0010100" id="1436" room="401" start="126" weeks="01111111111111110"/>
    <class days="0000100" id="1437" room="401" start="138" weeks="01111111111111110"/>
    <class days="0001000" id="1438" room="401" start="114" weeks="01111111111111110"/>
    <class days="0100000" id="1439" room="401" start="102" weeks="01111111111111110"/>
    <class days="1000000" id="1440" room="171" start="150" weeks="01101111111111110"/>
    <class days="1010100" id="1441" room="482" start="126" weeks="01111111111111110"/>
    <class days="1010100" id="1442" room="482" start="162" weeks="01111111111111110"/>
    <class days="0101000" id="1443" room="441" start="90" weeks="01111111111111110"/>
    <class days="1000000" id="1444" room="482" start="186" weeks="01101111111111110"/>
    <class days="0100000" id="1445" room="218" start="90" weeks="01111111111111110"/>
    <class days="0101000" id="1446" room="482" start="162" weeks="01111111111111110"/>
    <class days="0101000" id="1447" room="482" start="108" weeks="01111111111111110"/>
    <class days="1010100" id="1448" room="468" start="90" weeks="01111111111111110"/>
    <class days="0001000" id="1449" room="634" start="102" weeks="01111111111111110"/>
    <class days="0100000" id="1450" room="634" start="102" weeks="01111111111111110"/>
    <class days="1000000" id="1451" room="634" start="174" weeks="01101111111111110"/>
    <class days="0001000" id="1452" room="634" start="138" weeks="01111111111111110"/>
    <class days="0100000" id="1453" room="634" start="138" weeks="01111111111111110"/>
    <class days="0010000" id="1454" room="634" start="102" weeks="01111111111111110"/>
    <class days="0100000" id="1455" room="634" start="174" weeks="01111111111111110"/>
    <class days="0001000" id="1456" room="634" start="174" weeks="01111111111111110"/>
    <class days="0000100" id="1457" room="634" start="102" weeks="01111111111111110"/>
    <class days="0101000" id="1458" room="197" start="90" weeks="01111111111111110"/>
    <class days="0100000" id="1459" room="178" start="114" weeks="01111111111111110"/>
    <class days="0100000" id="1460" room="178" start="138" weeks="01111111111111110"/>
    <class days="1000000" id="1461" room="178" start="186" weeks="01101111111111110"/>
    <class days="1000000" id="1462" room="178" start="162" weeks="01101111111111110"/>
    <class days="0100000" id="1463" room="616" start="198" weeks="01111111111111110"/>
    <class days="1010100" id="1464" room="587" start="150" weeks="01111111111111110"/>
    <class days="0010000" id="1465" room="209" start="162" weeks="01111111111111110"/>
    <class days="0001000" id="1466" room="767" start="90" weeks="01111111111111110"/>
    <class days="0001000" id="1467" room="209" start="174" weeks="01111111111111110"/>
    <class days="0000100" id="1468" room="209" start="162" weeks="01111111111111110"/>
    <class days="0100000" id="1469" room="407" start="126" weeks="01111111111111110"/>
    <class days="0010000" id="1470" room="94" start="174" weeks="01111111111111110"/>
    <class days="0001000" id="1471" room="767" start="90" weeks="01111111111111110"/>
    <class days="0100000" id="1472" room="209" start="162" weeks="01111111111111110"/>
    <class days="1000000" id="1473" room="767" start="198" weeks="01101111111111110"/>
    <class days="0001000" id="1474" room="94" start="198" weeks="01111111111111110"/>
    <class days="1010100" id="1475" room="106" start="162" weeks="01111111111111110"/>
    <class days="1010100" id="1476" room="645" start="138" weeks="01111111111111110"/>
    <class days="1010100" id="1477" room="407" start="126" weeks="01111111111111110"/>
    <class days="1010100" id="1478" room="767" start="90" weeks="01111111111111110"/>
    <class days="0001000" id="1479" room="209" start="162" weeks="01111111111111110"/>
    <class days="0100000" id="1480" room="209" start="186" weeks="01111111100000000"/>
    <class days="0101000" id="1481" room="94" start="162" weeks="01111111111111110"/>
    <class days="1010000" id="1482" room="408" start="162" weeks="01111111111111110"/>
    <class days="0001000" id="1483" room="178" start="186" weeks="01111111111111110"/>
    <class days="0010000" id="1484" room="178" start="114" weeks="01111111111111110"/>
    <class days="0001000" id="1485" room="178" start="114" weeks="01111111111111110"/>
    <class days="0001000" id="1486" room="178" start="162" weeks="01111111111111110"/>
    <class days="0000100" id="1487" room="178" start="114" weeks="01111111111111110"/>
    <class days="0000100" id="1488" room="178" start="90" weeks="01111111111111110"/>
    <class days="0000100" id="1489" room="408" start="162" weeks="01111111111111110"/>
    <class days="1010000" id="1490" room="237" start="198" weeks="01111111111111110"/>
    <class days="0001000" id="1491" room="317" start="150" weeks="01111111111111110"/>
    <class days="0000100" id="1492" room="372" start="162" weeks="01111111111111110"/>
    <class days="0010000" id="1493" room="749" start="102" weeks="01111111111111110"/>
    <class days="0100000" id="1494" room="749" start="102" weeks="01111111111111110"/>
    <class days="0000100" id="1495" room="44" start="102" weeks="01111111111111110"/>
    <class days="0001000" id="1496" room="404" start="174" weeks="01111111111111110"/>
    <class days="0100000" id="1497" room="178" start="174" weeks="01111111111111110"/>
    <class days="0001000" id="1498" room="404" start="102" weeks="01111111111111110"/>
    <class days="0100000" id="1499" room="749" start="138" weeks="01111111111111110"/>
    <class days="0001000" id="1500" room="508" start="180" weeks="01111111111111110"/>
    <class days="1010100" id="1501" room="154" start="174" weeks="01111111111111110"/>
    <class days="1010100" id="1502" room="407" start="174" weeks="01111111111111110"/>
    <class days="0101000" id="1503" room="587" start="198" weeks="01111111111111110"/>
    <class days="0100000" id="1504" room="44" start="114" weeks="01111111111111110"/>
    <class days="0010000" id="1505" room="44" start="162" weeks="01111111111111110"/>
    <class days="0001000" id="1506" room="44" start="162" weeks="01111111111111110"/>
    <class days="0100000" id="1507" room="44" start="162" weeks="01111111111111110"/>
    <class days="0010000" id="1508" room="587" start="198" weeks="01111111111111110"/>
    <class days="0100000" id="1509" room="10" start="102" weeks="01111111111111110"/>
    <class days="1000000" id="1510" room="634" start="114" weeks="01101111111111110"/>
    <class days="0001000" id="1511" room="767" start="126" weeks="01111111111111110"/>
    <class days="0101000" id="1512" room="744" start="108" weeks="01111111111111110"/>
    <class days="1010000" id="1513" room="634" start="150" weeks="01111111111111110"/>
    <class days="0000100" id="1514" room="554" start="180" weeks="01111111111111110"/>
    <class days="0101000" id="1515" room="94" start="144" weeks="01111111100000000"/>
    <class days="0101000" id="1516" room="697" start="126" weeks="00000000011111110"/>
    <class days="1010100" id="1517" room="23" start="90" weeks="01111111111111110"/>
    <class days="1010100" id="1518" room="767" start="138" weeks="01111111111111110"/>
    <class days="1010000" id="1519" room="209" start="114" weeks="01111111111111110"/>
    <class days="0001000" id="1520" room="209" start="102" weeks="01111111111111110"/>
    <class days="0101000" id="1521" room="120" start="138" weeks="01111111111111110"/>
    <class days="0001000" id="1522" room="373" start="162" weeks="01111111111111110"/>
    <class days="0000100" id="1523" room="501" start="198" weeks="01111111111111110"/>
    <class days="1010100" id="1524" room="436" start="150" weeks="01111111111111110"/>
    <class days="1000000" id="1525" room="209" start="174" weeks="01101111111111110"/>
    <class days="0100000" id="1526" room="767" start="102" weeks="01111111111111110"/>
    <class days="0101000" id="1527" room="94" start="108" weeks="01111111111111110"/>
    <class days="0101000" id="1528" room="419" start="198" weeks="01111111111111110"/>
    <class days="1000100" id="1529" room="129" start="90" weeks="01111111111111110"/>
    <class days="0101000" id="1530" room="382" start="90" weeks="01111111111111110"/>
    <class days="0010100" id="1531" room="312" start="114" weeks="01111111111111110"/>
    <class days="0101000" id="1532" room="587" start="126" weeks="01111111111111110"/>
    <class days="1010100" id="1533" room="94" start="126" weeks="01111111111111110"/>
    <class days="1010000" id="1534" room="94" start="150" weeks="01111111111111110"/>
    <class days="1000000" id="1535" room="94" start="162" weeks="01101111111111110"/>
    <class days="1010100" id="1536" room="634" start="138" weeks="01111111111111110"/>
    <class days="0101000" id="1537" room="94" start="126" weeks="01111111111111110"/>
    <class days="1010100" id="1538" room="634" start="162" weeks="01111111111111110"/>
    <class days="0010100" id="1539" room="634" start="174" weeks="01111111111111110"/>
    <class days="0001000" id="1540" room="721" start="186" weeks="01111111111111110"/>
    <class days="1010100" id="1541" room="209" start="150" weeks="01111111111111110"/>
    <class days="1010100" id="1542" room="209" start="102" weeks="01111111111111110"/>
    <class days="0101000" id="1543" room="209" start="144" weeks="01111111111111110"/>
    <class days="0101000" id="1544" room="767" start="144" weeks="01111111111111110"/>
    <class days="0101000" id="1545" room="619" start="198" weeks="01111111111111110"/>
    <class days="1010100" id="1546" room="767" start="102" weeks="01111111111111110"/>
    <class days="0010100" id="1547" room="767" start="174" weeks="01111111111111110"/>
    <class days="0001000" id="1548" room="209" start="174" weeks="01111111111111110"/>
    <class days="1010100" id="1549" room="767" start="162" weeks="01111111111111110"/>
    <class days="1010100" id="1550" room="284" start="138" weeks="01111111111111110"/>
    <class days="1010100" id="1551" room="767" start="186" weeks="01111111111111110"/>
    <class days="0000100" id="1552" room="209" start="90" weeks="01111111111111110"/>
    <class days="1010100" id="1553" room="767" start="114" weeks="01111111111111110"/>
    <class days="1010100" id="1554" room="94" start="198" weeks="01111111111111110"/>
    <class days="0101000" id="1555" room="284" start="198" weeks="01111111111111110"/>
    <class days="1010000" id="1556" room="767" start="210" weeks="01111111111111110"/>
    <class days="1010100" id="1557" room="94" start="102" weeks="01111111111111110"/>
    <class days="0101000" id="1558" room="209" start="126" weeks="01111111111111110"/>
    <class days="1010100" id="1559" room="94" start="114" weeks="01111111111111110"/>
    <class days="0100000" id="1560" room="767" start="90" weeks="01111111111111110"/>
    <class days="1010100" id="1561" room="94" start="138" weeks="01111111111111110"/>
    <class days="1010100" id="1562" room="209" start="126" weeks="01111111111111110"/>
    <class days="0101000" id="1563" room="767" start="180" weeks="01111111111111110"/>
    <class days="0100000" id="1564" room="209" start="90" weeks="01111111111111110"/>
    <class days="0101000" id="1565" room="94" start="90" weeks="01111111111111110"/>
    <class days="0000100" id="1566" room="634" start="186" weeks="01111111111111110"/>
    <class days="0010000" id="1567" room="634" start="186" weeks="01111111111111110"/>
    <class days="0100000" id="1568" room="667" start="174" weeks="01111111111111110"/>
    <class days="0100000" id="1569" room="744" start="174" weeks="01111111111111110"/>
    <class days="0000100" id="1570" room="94" start="150" weeks="01111111111111110"/>
    <class days="0100000" id="1571" room="745" start="114" weeks="01111111111111110"/>
    <class days="0000100" id="1572" room="197" start="234" weeks="01111111111111110"/>
    <class days="1010100" id="1573" room="744" start="114" weeks="01111111111111110"/>
    <class days="1010000" id="1574" room="352" start="180" weeks="01111111111111110"/>
    <class days="0000100" id="1575" room="44" start="138" weeks="01111111111111110"/>
    <class days="1010100" id="1576" room="767" start="126" weeks="01111111111111110"/>
    <class days="0000100" id="1577" room="94" start="162" weeks="01111111111111110"/>
    <class days="1000000" id="1578" room="730" start="162" weeks="01101111111111110"/>
    <class days="0001000" id="1579" room="730" start="102" weeks="01111111111111110"/>
    <class days="0101000" id="1580" room="651" start="180" weeks="01111111111111110"/>
    <class days="1010000" id="1581" room="91" start="162" weeks="01111111111111110"/>
    <class days="0101000" id="1582" room="91" start="162" weeks="01111111111111110"/>
    <class days="0101000" id="1583" room="103" start="162" weeks="01111111111111110"/>
    <class days="1000100" id="1584" room="419" start="198" weeks="01111111111111110"/>
    <class days="0010000" id="1585" room="49" start="114" weeks="01111111111111110"/>
    <class days="0000100" id="1586" room="49" start="90" weeks="01111111111111110"/>
    <class days="0010000" id="1587" room="49" start="90" weeks="01111111111111110"/>
    <class days="0001000" id="1588" room="49" start="90" weeks="01111111111111110"/>
    <class days="0001000" id="1589" room="49" start="114" weeks="01111111111111110"/>
    <class days="1010000" id="1590" room="91" start="114" weeks="01111111111111110"/>
    <class days="1010000" id="1591" room="91" start="126" weeks="01111111111111110"/>
    <class days="0010100" id="1592" room="137" start="126" weeks="01111111111111110"/>
    <class days="0000100" id="1593" room="91" start="90" weeks="01111111111111110"/>
    <class days="0000100" id="1594" room="561" start="90" weeks="01111111111111110"/>
    <class days="0000100" id="1595" room="103" start="90" weeks="01111111111111110"/>
    <class days="0000100" id="1596" room="388" start="90" weeks="01111111111111110"/>
    <class days="1010000" id="1597" room="91" start="174" weeks="01111111111111110"/>
    <class days="0101000" id="1598" room="91" start="174" weeks="01111111111111110"/>
    <class days="0101000" id="1599" room="103" start="174" weeks="01111111111111110"/>
    <class days="1010000" id="1600" room="91" start="186" weeks="01111111111111110"/>
    <class days="0101000" id="1601" room="91" start="186" weeks="01111111111111110"/>
    <class days="0101000" id="1602" room="103" start="186" weeks="01111111111111110"/>
    <class days="0010100" id="1603" room="745" start="90" weeks="01111111111111110"/>
    <class days="0000100" id="1604" room="670" start="186" weeks="01111111111111110"/>
    <class days="1000000" id="1605" room="561" start="90" weeks="01101111111111110"/>
    <class days="0010000" id="1606" room="670" start="162" weeks="01111111111111110"/>
    <class days="0000100" id="1607" room="91" start="138" weeks="01111111111111110"/>
    <class days="0100000" id="1608" room="468" start="186" weeks="01111111111111110"/>
    <class days="0010000" id="1609" room="388" start="114" weeks="01111111111111110"/>
    <class days="1000000" id="1610" room="388" start="114" weeks="01101111111111110"/>
    <class days="1000000" id="1611" room="388" start="180" weeks="01101111111111110"/>
    <class days="1000000" id="1612" room="540" start="186" weeks="01101111111111110"/>
    <class days="1000000" id="1613" room="388" start="138" weeks="01101111111111110"/>
    <class days="0000100" id="1614" room="388" start="138" weeks="01111111111111110"/>
    <class days="0010000" id="1615" room="388" start="138" weeks="01111111111111110"/>
    <class days="0100000" id="1616" room="436" start="126" weeks="01111111111111110"/>
    <class days="0010000" id="1617" room="571" start="102" weeks="01111111111111110"/>
    <class days="1000000" id="1618" room="290" start="162" weeks="01101111111111110"/>
    <class days="0000100" id="1619" room="290" start="162" weeks="01111111111111110"/>
    <class days="0001000" id="1620" room="290" start="90" weeks="01111111111111110"/>
    <class days="0000100" id="1621" room="290" start="114" weeks="01111111111111110"/>
    <class days="1000000" id="1622" room="290" start="114" weeks="01101111111111110"/>
    <class days="0100000" id="1623" room="290" start="114" weeks="01111111111111110"/>
    <class days="0100000" id="1624" room="435" start="186" weeks="01111111111111110"/>
    <class days="0010000" id="1625" room="290" start="162" weeks="01111111111111110"/>
    <class days="0001000" id="1626" room="290" start="186" weeks="01111111111111110"/>
    <class days="0000100" id="1627" room="290" start="90" weeks="01111111111111110"/>
    <class days="0001000" id="1628" room="290" start="162" weeks="01111111111111110"/>
    <class days="0001000" id="1629" room="435" start="114" weeks="01111111111111110"/>
    <class days="0010000" id="1630" room="290" start="138" weeks="01111111111111110"/>
    <class days="0100000" id="1631" room="435" start="114" weeks="01111111111111110"/>
    <class days="0100000" id="1632" room="290" start="186" weeks="01111111111111110"/>
    <class days="0010000" id="1633" room="435" start="162" weeks="01111111111111110"/>
    <class days="0100000" id="1634" room="290" start="162" weeks="01111111111111110"/>
    <class days="0000100" id="1635" room="435" start="186" weeks="01111111111111110"/>
    <class days="0001000" id="1636" room="290" start="138" weeks="01111111111111110"/>
    <class days="0100000" id="1637" room="435" start="138" weeks="01111111111111110"/>
    <class days="1000000" id="1638" room="571" start="102" weeks="01101111111111110"/>
    <class days="0010000" id="1639" room="237" start="102" weeks="01111111111111110"/>
    <class days="1000000" id="1640" room="49" start="162" weeks="01101111111111110"/>
    <class days="0000100" id="1641" room="49" start="186" weeks="01111111111111110"/>
    <class days="0100000" id="1642" room="49" start="186" weeks="01111111111111110"/>
    <class days="0000100" id="1643" room="49" start="138" weeks="01111111111111110"/>
    <class days="1000000" id="1644" room="49" start="90" weeks="01101111111111110"/>
    <class days="1000000" id="1645" room="49" start="138" weeks="01101111111111110"/>
    <class days="1000000" id="1646" room="49" start="114" weeks="01101111111111110"/>
    <class days="0100000" id="1647" room="49" start="162" weeks="01111111111111110"/>
    <class days="1000000" id="1648" room="49" start="186" weeks="01101111111111110"/>
    <class days="0001000" id="1649" room="49" start="162" weeks="01111111111111110"/>
    <class days="0010000" id="1650" room="49" start="162" weeks="01111111111111110"/>
    <class days="0010000" id="1651" room="237" start="186" weeks="01111111111111110"/>
    <class days="0101000" id="1652" room="408" start="186" weeks="01111111111111110"/>
    <class days="0000100" id="1653" room="561" start="138" weeks="01111111111111110"/>
    <class days="0100000" id="1654" room="561" start="138" weeks="01111111111111110"/>
    <class days="0100000" id="1655" room="561" start="114" weeks="01111111111111110"/>
    <class days="1000000" id="1656" room="561" start="186" weeks="01101111111111110"/>
    <class days="0001000" id="1657" room="561" start="138" weeks="01111111111111110"/>
    <class days="0010000" id="1658" room="561" start="114" weeks="01111111111111110"/>
    <class days="0010000" id="1659" room="561" start="90" weeks="01111111111111110"/>
    <class days="0010000" id="1660" room="561" start="138" weeks="01111111111111110"/>
    <class days="1010000" id="1661" room="103" start="162" weeks="01111111111111110"/>
    <class days="1010000" id="1662" room="103" start="186" weeks="01111111111111110"/>
    <class days="1010000" id="1663" room="103" start="174" weeks="01111111111111110"/>
    <class days="1010000" id="1664" room="103" start="198" weeks="01111111111111110"/>
    <class days="0101000" id="1665" room="567" start="114" weeks="01111111111111110"/>
    <class days="0000100" id="1666" room="540" start="138" weeks="01111111111111110"/>
    <class days="0010000" id="1667" room="494" start="186" weeks="01111111111111110"/>
    <class days="0001000" id="1668" room="494" start="186" weeks="01111111111111110"/>
    <class days="1010000" id="1669" room="103" start="90" weeks="01111111111111110"/>
    <class days="1010000" id="1670" room="388" start="102" weeks="01111111111111110"/>
    <class days="1010000" id="1671" room="303" start="198" weeks="01111111111111110"/>
    <class days="1010000" id="1672" room="154" start="162" weeks="01111111111111110"/>
    <class days="1010000" id="1673" room="368" start="90" weeks="01111111111111110"/>
    <class days="0100000" id="1674" room="103" start="114" weeks="01111111111111110"/>
    <class days="0100000" id="1675" room="103" start="90" weeks="01111111111111110"/>
    <class days="1010000" id="1676" room="103" start="138" weeks="01111111111111110"/>
    <class days="1010000" id="1677" room="103" start="150" weeks="01111111111111110"/>
    <class days="1000100" id="1678" room="309" start="138" weeks="01111111111111110"/>
    <class days="1010100" id="1679" room="233" start="114" weeks="01111111111111110"/>
    <class days="0101000" id="1680" room="561" start="162" weeks="01111111111111110"/>
    <class days="0101000" id="1681" room="561" start="174" weeks="01111111111111110"/>
    <class days="1010000" id="1682" room="91" start="138" weeks="01111111111111110"/>
    <class days="0101000" id="1683" room="91" start="138" weeks="01111111111111110"/>
    <class days="1010000" id="1684" room="91" start="150" weeks="01111111111111110"/>
    <class days="0101000" id="1685" room="91" start="150" weeks="01111111111111110"/>
    <class days="0101000" id="1686" room="91" start="126" weeks="01111111111111110"/>
    <class days="0000100" id="1687" room="561" start="162" weeks="01111111111111110"/>
    <class days="0000100" id="1688" room="561" start="114" weeks="01111111111111110"/>
    <class days="0101000" id="1689" room="298" start="150" weeks="01111111111111110"/>
    <class days="1000000" id="1690" room="561" start="114" weeks="01101111111111110"/>
    <class days="0001000" id="1691" room="561" start="114" weeks="01111111111111110"/>
    <class days="1000000" id="1692" room="561" start="138" weeks="01101111111111110"/>
    <class days="1000000" id="1693" room="103" start="114" weeks="01101111111111110"/>
    <class days="0010000" id="1694" room="103" start="114" weeks="01111111111111110"/>
    <class days="0101000" id="1695" room="494" start="90" weeks="01111111111111110"/>
    <class days="1010000" id="1696" room="91" start="90" weeks="01111111111111110"/>
    <class days="1010000" id="1697" room="91" start="102" weeks="01111111111111110"/>
    <class days="1010100" id="1698" room="372" start="198" weeks="01111111111111110"/>
    <class days="0100000" id="1699" room="91" start="90" weeks="01111111111111110"/>
    <class days="0001000" id="1700" room="91" start="90" weeks="01111111111111110"/>
    <class days="0101000" id="1701" room="561" start="186" weeks="01111111111111110"/>
    <class days="0101000" id="1702" room="561" start="198" weeks="01111111111111110"/>
    <class days="1010100" id="1703" room="314" start="114" weeks="01111111111111110"/>
    <class days="0100000" id="1704" room="103" start="126" weeks="01111111111111110"/>
    <class days="0100000" id="1705" room="103" start="138" weeks="01111111111111110"/>
    <class days="0000100" id="1706" room="103" start="144" weeks="01111111111111110"/>
    <class days="0001000" id="1707" room="103" start="126" weeks="01111111111111110"/>
    <class days="0100000" id="1708" room="388" start="186" weeks="01111111111111110"/>
    <class days="1000000" id="1709" room="91" start="198" weeks="01101111111111110"/>
    <class days="0000100" id="1710" room="103" start="162" weeks="01111111111111110"/>
    <class days="0001000" id="1711" room="103" start="90" weeks="01111111111111110"/>
    <class days="0010000" id="1712" room="388" start="178" weeks="01111111111111110"/>
    <class days="0000100" id="1713" room="91" start="162" weeks="01111111111111110"/>
    <class days="0100000" id="1714" room="555" start="102" weeks="01111111111111110"/>
    <class days="0010000" id="1715" room="460" start="162" weeks="01111111111111110"/>
    <class days="1010100" id="1716" room="373" start="126" weeks="01111111111111110"/>
    <class days="0000100" id="1717" room="495" start="90" weeks="01111111111111110"/>
    <class days="0100000" id="1718" room="495" start="162" weeks="01111111111111110"/>
    <class days="0100000" id="1719" room="260" start="90" weeks="01111111111111110"/>
    <class days="0000100" id="1720" room="495" start="174" weeks="01111111111111110"/>
    <class days="1010100" id="1721" room="317" start="198" weeks="01111111111111110"/>
    <class days="1000000" id="1722" room="260" start="162" weeks="01101111111111110"/>
    <class days="0010000" id="1723" room="260" start="114" weeks="01111111111111110"/>
    <class days="1010100" id="1724" room="373" start="114" weeks="01111111111111110"/>
    <class days="0010000" id="1725" room="493" start="186" weeks="01111111111111110"/>
    <class days="0001000" id="1726" room="493" start="114" weeks="01111111111111110"/>
    <class days="0001000" id="1727" room="493" start="138" weeks="01111111111111110"/>
    <class days="0001000" id="1728" room="493" start="162" weeks="01111111111111110"/>
    <class days="1010100" id="1729" room="731" start="90" weeks="01111111111111110"/>
    <class days="1000000" id="1730" room="493" start="186" weeks="01101111111111110"/>
    <class days="0100000" id="1731" room="493" start="138" weeks="01111111111111110"/>
    <class days="0010000" id="1732" room="680" start="186" weeks="01111111111111110"/>
    <class days="1010100" id="1733" room="303" start="102" weeks="01111111111111110"/>
    <class days="0001000" id="1734" room="260" start="114" weeks="01111010111011010"/>
    <class days="0001000" id="1735" room="407" start="126" weeks="01111010111011010"/>
    <class days="0001000" id="1736" room="495" start="162" weeks="01111010111011010"/>
    <class days="0001000" id="1737" room="680" start="114" weeks="00000101000100100"/>
    <class days="0001000" id="1738" room="680" start="138" weeks="00000101000100100"/>
    <class days="0001000" id="1739" room="680" start="162" weeks="00000101000100100"/>
    <class days="1010100" id="1740" room="266" start="150" weeks="01111111111111110"/>
    <class days="0010000" id="1741" room="249" start="174" weeks="01110101011101110"/>
    <class days="0000100" id="1742" room="739" start="132" weeks="01110101011101110"/>
    <class days="0000100" id="1743" room="635" start="186" weeks="01110101011101110"/>
    <class days="0001000" id="1744" room="744" start="156" weeks="01110101101110110"/>
    <class days="1000000" id="1745" room="624" start="126" weeks="01100101101110110"/>
    <class days="0100000" id="1746" room="680" start="114" weeks="00001010100010000"/>
    <class days="0100000" id="1747" room="680" start="138" weeks="00001010100010000"/>
    <class days="0100000" id="1748" room="680" start="162" weeks="00001010100010000"/>
    <class days="0001000" id="1749" room="680" start="114" weeks="00001010010001000"/>
    <class days="0001000" id="1750" room="680" start="138" weeks="00001010010001000"/>
    <class days="1010100" id="1751" room="347" start="102" weeks="01111111111111110"/>
    <class days="1000000" id="1752" room="382" start="168" weeks="01101111101010110"/>
    <class days="1000000" id="1753" room="437" start="120" weeks="01101111101010110"/>
    <class days="0000100" id="1754" room="750" start="168" weeks="01101111101010110"/>
    <class days="0100000" id="1755" room="438" start="90" weeks="01101111101010110"/>
    <class days="0100000" id="1756" room="680" start="114" weeks="00010000010101000"/>
    <class days="0100000" id="1757" room="680" start="138" weeks="00010000010101000"/>
    <class days="0100000" id="1758" room="680" start="162" weeks="00010000010101000"/>
    <class days="0100000" id="1759" room="680" start="186" weeks="00010000010101000"/>
    <class days="1000000" id="1760" room="237" start="138" weeks="01101111111111110"/>
    <class days="0010000" id="1761" start="162" weeks="01111111111111110"/>
    <class days="1010100" id="1762" room="661" start="186" weeks="01111111111111110"/>
    <class days="1000000" id="1763" room="380" start="198" weeks="01101111111111110"/>
    <class days="1010000" id="1764" room="367" start="102" weeks="01111111111111110"/>
    <class days="1010000" id="1765" room="367" start="138" weeks="01111111111111110"/>
    <class days="0101000" id="1766" room="367" start="138" weeks="01111111111111110"/>
    <class days="1000000" id="1767" room="260" start="186" weeks="01101111111111110"/>
    <class days="0000100" id="1768" room="260" start="150" weeks="01111111111111110"/>
    <class days="0010000" id="1769" room="495" start="90" weeks="01111111111111110"/>
    <class days="1010100" id="1770" room="260" start="102" weeks="01111111111111110"/>
    <class days="0000100" id="1771" room="493" start="186" weeks="01111111111111110"/>
    <class days="0101000" id="1772" room="408" start="108" weeks="01111111111111110"/>
    <class days="1000000" id="1773" room="493" start="114" weeks="01101111111111110"/>
    <class days="1000000" id="1774" room="493" start="138" weeks="01101111111111110"/>
    <class days="0100000" id="1775" room="493" start="162" weeks="01111111111111110"/>
    <class days="0010000" id="1776" room="493" start="114" weeks="01111111111111110"/>
    <class days="0010000" id="1777" room="493" start="138" weeks="01111111111111110"/>
    <class days="0001000" id="1778" room="493" start="186" weeks="01111111111111110"/>
    <class days="0010000" id="1779" room="260" start="162" weeks="01111111111111110"/>
    <class days="1010100" id="1780" room="495" start="126" weeks="01111111111111110"/>
    <class days="0101000" id="1781" room="558" start="126" weeks="01111111111111110"/>
    <class days="1010100" id="1782" room="651" start="186" weeks="01111111111111110"/>
    <class days="1010100" id="1783" room="495" start="150" weeks="01111111111111110"/>
    <class days="0101000" id="1784" room="495" start="108" weeks="01111111111111110"/>
    <class days="0101000" id="1785" room="495" start="90" weeks="01111111111111110"/>
    <class days="0101000" id="1786" room="716" start="108" weeks="01111111111111110"/>
    <class days="0101000" id="1787" room="495" start="126" weeks="01111111111111110"/>
    <class days="0101000" id="1788" room="260" start="198" weeks="01111111111111110"/>
    <class days="0101000" id="1789" room="495" start="198" weeks="01111111111111110"/>
    <class days="1010100" id="1790" room="495" start="102" weeks="01111111111111110"/>
    <class days="1010100" id="1791" room="495" start="114" weeks="01111111111111110"/>
    <class days="1010100" id="1792" room="495" start="162" weeks="01111111111111110"/>
    <class days="1010100" id="1793" room="495" start="198" weeks="01111111111111110"/>
    <class days="0101000" id="1794" room="495" start="180" weeks="01111111111111110"/>
    <class days="0101000" id="1795" room="352" start="180" weeks="01111111111111110"/>
    <class days="0101000" id="1796" room="41" start="180" weeks="01111111111111110"/>
    <class days="1000000" id="1797" room="495" start="126" weeks="01101111111111110"/>
    <class days="1010100" id="1798" room="495" start="186" weeks="01111111111111110"/>
    <class days="1000000" id="1799" room="495" start="210" weeks="01101111111111110"/>
    <class days="1000100" id="1800" room="641" start="90" weeks="01111111111111110"/>
    <class days="1000100" id="1801" room="194" start="102" weeks="01111111111111110"/>
    <class days="0101000" id="1802" room="194" start="138" weeks="01111111111111110"/>
    <class days="1000000" id="1803" room="369" start="90" weeks="01101111111111110"/>
    <class days="1000000" id="1804" room="228" start="178" weeks="01101111111111110"/>
    <class days="1000000" id="1805" room="679" start="178" weeks="01101111111111110"/>
    <class days="1000000" id="1806" room="393" start="138" weeks="01101111111111110"/>
    <class days="1000000" id="1807" room="577" start="178" weeks="01101111111111110"/>
    <class days="1000000" id="1808" room="332" start="178" weeks="01101111111111110"/>
    <class days="1000000" id="1809" room="228" start="90" weeks="01101111111111110"/>
    <class days="1000000" id="1810" room="369" start="178" weeks="01101111111111110"/>
    <class days="1000000" id="1811" room="393" start="90" weeks="01101111111111110"/>
    <class days="1000000" id="1812" room="706" start="138" weeks="01101111111111110"/>
    <class days="1000000" id="1813" room="343" start="178" weeks="01101111111111110"/>
    <class days="1000000" id="1814" room="163" start="178" weeks="01101111111111110"/>
    <class days="1000000" id="1815" room="679" start="138" weeks="01101111111111110"/>
    <class days="1000000" id="1816" room="393" start="138" weeks="01101111111111110"/>
    <class days="1000000" id="1817" room="163" start="90" weeks="01101111111111110"/>
    <class days="1000000" id="1818" room="679" start="138" weeks="01101111111111110"/>
    <class days="1000000" id="1819" room="332" start="138" weeks="01101111111111110"/>
    <class days="1000000" id="1820" room="706" start="178" weeks="01101111111111110"/>
    <class days="1000000" id="1821" room="679" start="90" weeks="01101111111111110"/>
    <class days="1000000" id="1822" room="706" start="90" weeks="01101111111111110"/>
    <class days="1000000" id="1823" room="343" start="138" weeks="01101111111111110"/>
    <class days="1000000" id="1824" room="228" start="138" weeks="01101111111111110"/>
    <class days="1000000" id="1825" room="582" start="90" weeks="01101111111111110"/>
    <class days="1000000" id="1826" room="769" start="178" weeks="01101111111111110"/>
    <class days="1000000" id="1827" room="393" start="178" weeks="01101111111111110"/>
    <class days="1000000" id="1828" room="88" start="90" weeks="01101111111111110"/>
    <class days="1000000" id="1829" room="769" start="138" weeks="01101111111111110"/>
    <class days="1000000" id="1830" room="158" start="178" weeks="01101111111111110"/>
    <class days="1000000" id="1831" room="343" start="90" weeks="01101111111111110"/>
    <class days="1000000" id="1832" room="163" start="138" weeks="01101111111111110"/>
    <class days="1000000" id="1833" room="577" start="90" weeks="01101111111111110"/>
    <class days="1000000" id="1834" room="158" start="138" weeks="01101111111111110"/>
    <class days="1000000" id="1835" room="158" start="90" weeks="01101111111111110"/>
    <class days="1000000" id="1836" room="88" start="138" weeks="01101111111111110"/>
    <class days="1000000" id="1837" room="577" start="138" weeks="01101111111111110"/>
    <class days="1000000" id="1838" room="582" start="138" weeks="01101111111111110"/>
    <class days="1000000" id="1839" room="369" start="138" weeks="01101111111111110"/>
    <class days="0100000" id="1840" room="228" start="90" weeks="01111111111111110"/>
    <class days="0100000" id="1841" room="577" start="90" weeks="01111111111111110"/>
    <class days="0100000" id="1842" room="163" start="90" weeks="01111111111111110"/>
    <class days="0100000" id="1843" room="332" start="90" weeks="01111111111111110"/>
    <class days="0100000" id="1844" room="158" start="90" weeks="01111111111111110"/>
    <class days="0100000" id="1845" room="369" start="90" weeks="01111111111111110"/>
    <class days="0100000" id="1846" room="343" start="90" weeks="01111111111111110"/>
    <class days="0100000" id="1847" room="369" start="90" weeks="01111111111111110"/>
    <class days="0100000" id="1848" room="679" start="90" weeks="01111111111111110"/>
    <class days="0000100" id="1849" room="668" start="114" weeks="01111111111111110"/>
    <class days="0000100" id="1850" room="668" start="174" weeks="01111111111111110"/>
    <class days="0000100" id="1851" room="743" start="150" weeks="01111111111111110"/>
    <class days="0000100" id="1852" room="668" start="198" weeks="01111111111111110"/>
    <class days="0000100" id="1853" room="684" start="90" weeks="01111111111111110"/>
    <class days="0000100" id="1854" room="668" start="90" weeks="01111111111111110"/>
    <class days="0000100" id="1855" room="668" start="150" weeks="01111111111111110"/>
    <class days="0000100" id="1856" room="604" start="162" weeks="01111111111111110"/>
    <class days="0000100" id="1857" room="328" start="126" weeks="01111111111111110"/>
    <class days="0000100" id="1858" room="604" start="102" weeks="01111111111111110"/>
    <class days="0000100" id="1859" room="328" start="186" weeks="01111111111111110"/>
    <class days="0000100" id="1860" room="604" start="114" weeks="01111111111111110"/>
    <class days="0000100" id="1861" room="684" start="198" weeks="01111111111111110"/>
    <class days="0000100" id="1862" room="684" start="138" weeks="01111111111111110"/>
    <class days="0000100" id="1863" room="684" start="186" weeks="01111111111111110"/>
    <class days="0000100" id="1864" room="684" start="114" weeks="01111111111111110"/>
    <class days="0000100" id="1865" room="743" start="138" weeks="01111111111111110"/>
    <class days="0000100" id="1866" room="328" start="198" weeks="01111111111111110"/>
    <class days="0000100" id="1867" room="684" start="174" weeks="01111111111111110"/>
    <class days="0000100" id="1868" room="604" start="90" weeks="01111111111111110"/>
    <class days="0000100" id="1869" room="604" start="90" weeks="01111111111111110"/>
    <class days="0000100" id="1870" room="743" start="114" weeks="01111111111111110"/>
    <class days="0000100" id="1871" room="668" start="138" weeks="01111111111111110"/>
    <class days="0000100" id="1872" room="604" start="198" weeks="01111111111111110"/>
    <class days="0000100" id="1873" room="604" start="138" weeks="01111111111111110"/>
    <class days="0000100" id="1874" room="668" start="102" weeks="01111111111111110"/>
    <class days="0000100" id="1875" room="328" start="90" weeks="01111111111111110"/>
    <class days="0000100" id="1876" room="328" start="162" weeks="01111111111111110"/>
    <class days="0000100" id="1877" room="668" start="186" weeks="01111111111111110"/>
    <class days="0000100" id="1878" room="328" start="174" weeks="01111111111111110"/>
    <class days="0000100" id="1879" room="743" start="90" weeks="01111111111111110"/>
    <class days="0000100" id="1880" room="743" start="174" weeks="01111111111111110"/>
    <class days="0000100" id="1881" room="684" start="162" weeks="01111111111111110"/>
    <class days="0000100" id="1882" room="668" start="162" weeks="01111111111111110"/>
    <class days="0000100" id="1883" room="668" start="126" weeks="01111111111111110"/>
    <class days="0000100" id="1884" room="328" start="102" weeks="01111111111111110"/>
    <class days="0000100" id="1885" room="743" start="102" weeks="01111111111111110"/>
    <class days="1000000" id="1886" room="684" start="90" weeks="01101111111111110"/>
    <class days="1000000" id="1887" room="743" start="90" weeks="01101111111111110"/>
    <class days="1000000" id="1888" room="604" start="102" weeks="01101111111111110"/>
    <class days="1000000" id="1889" room="328" start="114" weeks="01101111111111110"/>
    <class days="1000000" id="1890" room="668" start="126" weeks="01101111111111110"/>
    <class days="1000000" id="1891" room="743" start="186" weeks="01101111111111110"/>
    <class days="1000000" id="1892" room="668" start="186" weeks="01101111111111110"/>
    <class days="1000000" id="1893" room="684" start="186" weeks="01101111111111110"/>
    <class days="1000000" id="1894" room="328" start="186" weeks="01101111111111110"/>
    <class days="0010100" id="1895" room="555" start="102" weeks="01111111111111110"/>
    <class days="0101000" id="1896" room="555" start="162" weeks="01111111111111110"/>
    <class days="0100000" id="1897" room="582" start="90" weeks="01111111111111110"/>
    <class days="0100000" id="1898" room="393" start="90" weeks="01111111111111110"/>
    <class days="0100000" id="1899" room="706" start="90" weeks="01111111111111110"/>
    <class days="0100000" id="1900" room="769" start="90" weeks="01111111111111110"/>
    <class days="0100000" id="1901" room="582" start="138" weeks="01111111111111110"/>
    <class days="0100000" id="1902" room="706" start="90" weeks="01111111111111110"/>
    <class days="0100000" id="1903" room="88" start="90" weeks="01111111111111110"/>
    <class days="0100000" id="1904" room="88" start="138" weeks="01111111111111110"/>
    <class days="0100000" id="1905" room="769" start="138" weeks="01111111111111110"/>
    <class days="0100000" id="1906" room="228" start="178" weeks="01111111111111110"/>
    <class days="0100000" id="1907" room="706" start="178" weeks="01111111111111110"/>
    <class days="0100000" id="1908" room="577" start="138" weeks="01111111111111110"/>
    <class days="0100000" id="1909" room="393" start="138" weeks="01111111111111110"/>
    <class days="0100000" id="1910" room="577" start="178" weeks="01111111111111110"/>
    <class days="0100000" id="1911" room="343" start="138" weeks="01111111111111110"/>
    <class days="0100000" id="1912" room="582" start="178" weeks="01111111111111110"/>
    <class days="0100000" id="1913" room="769" start="178" weeks="01111111111111110"/>
    <class days="0100000" id="1914" room="343" start="178" weeks="01111111111111110"/>
    <class days="0100000" id="1915" room="393" start="178" weeks="01111111111111110"/>
    <class days="0100000" id="1916" room="706" start="138" weeks="01111111111111110"/>
    <class days="0000100" id="1917" room="88" start="138" weeks="01111111111111110"/>
    <class days="0000100" id="1918" room="769" start="90" weeks="01111111111111110"/>
    <class days="0000100" id="1919" room="88" start="90" weeks="01111111111111110"/>
    <class days="0000100" id="1920" room="577" start="138" weeks="01111111111111110"/>
    <class days="0000100" id="1921" room="343" start="138" weeks="01111111111111110"/>
    <class days="0000100" id="1922" room="343" start="90" weeks="01111111111111110"/>
    <class days="0000100" id="1923" room="393" start="90" weeks="01111111111111110"/>
    <class days="0000100" id="1924" room="577" start="138" weeks="01111111111111110"/>
    <class days="0000100" id="1925" room="582" start="90" weeks="01111111111111110"/>
    <class days="0000100" id="1926" room="577" start="90" weeks="01111111111111110"/>
    <class days="0000100" id="1927" room="582" start="90" weeks="01111111111111110"/>
    <class days="0000100" id="1928" room="228" start="90" weeks="01111111111111110"/>
    <class days="0000100" id="1929" room="393" start="138" weeks="01111111111111110"/>
    <class days="0000100" id="1930" room="769" start="138" weeks="01111111111111110"/>
    <class days="0000100" id="1931" room="228" start="138" weeks="01111111111111110"/>
    <class days="0000100" id="1932" room="582" start="138" weeks="01111111111111110"/>
    <class days="0000010" id="1933" room="343" start="102" weeks="01111111111111110"/>
    <class days="0000001" id="1934" room="228" start="102" weeks="01111111111111100"/>
    <class days="0000001" id="1935" room="577" start="102" weeks="01111111111111100"/>
    <class days="0000010" id="1936" room="769" start="102" weeks="01111111111111110"/>
    <class days="0001000" id="1937" room="743" start="150" weeks="01111111111111110"/>
    <class days="0010000" id="1938" room="684" start="162" weeks="01111111111111110"/>
    <class days="1000000" id="1939" room="668" start="90" weeks="01101111111111110"/>
    <class days="0000100" id="1940" room="684" start="150" weeks="01111111111111110"/>
    <class days="0001000" id="1941" room="743" start="198" weeks="01111111111111110"/>
    <class days="0001000" id="1942" room="743" start="162" weeks="01111111111111110"/>
    <class days="0100000" id="1943" room="684" start="162" weeks="01111111111111110"/>
    <class days="0001000" id="1944" room="743" start="102" weeks="01111111111111110"/>
    <class days="0000100" id="1945" room="684" start="102" weeks="01111111111111110"/>
    <class days="1000000" id="1946" room="743" start="150" weeks="01101111111111110"/>
    <class days="0010000" id="1947" room="743" start="174" weeks="01111111111111110"/>
    <class days="0000100" id="1948" room="328" start="150" weeks="01111111111111110"/>
    <class days="1000000" id="1949" room="604" start="90" weeks="01101111111111110"/>
    <class days="0001000" id="1950" room="684" start="126" weeks="01111111111111110"/>
    <class days="1000000" id="1951" room="604" start="138" weeks="01101111111111110"/>
    <class days="0000100" id="1952" room="743" start="198" weeks="01111111111111110"/>
    <class days="0010000" id="1953" room="743" start="186" weeks="01111111111111110"/>
    <class days="0001000" id="1954" room="328" start="90" weeks="01111111111111110"/>
    <class days="0100000" id="1955" room="743" start="90" weeks="01111111111111110"/>
    <class days="0010000" id="1956" room="684" start="186" weeks="01111111111111110"/>
    <class days="0010000" id="1957" room="684" start="174" weeks="01111111111111110"/>
    <class days="0010000" id="1958" room="328" start="114" weeks="01111111111111110"/>
    <class days="1000000" id="1959" room="743" start="102" weeks="01101111111111110"/>
    <class days="0001000" id="1960" room="684" start="90" weeks="01111111111111110"/>
    <class days="1000000" id="1961" room="684" start="150" weeks="01101111111111110"/>
    <class days="1000000" id="1962" room="743" start="138" weeks="01101111111111110"/>
    <class days="1000000" id="1963" room="328" start="162" weeks="01101111111111110"/>
    <class days="0001000" id="1964" room="743" start="174" weeks="01111111111111110"/>
    <class days="0000100" id="1965" room="743" start="186" weeks="01111111111111110"/>
    <class days="1000000" id="1966" room="328" start="150" weeks="01101111111111110"/>
    <class days="1000000" id="1967" room="668" start="138" weeks="01101111111111110"/>
    <class days="0100000" id="1968" room="743" start="126" weeks="01111111111111110"/>
    <class days="0001000" id="1969" room="328" start="102" weeks="01111111111111110"/>
    <class days="0001000" id="1970" room="668" start="186" weeks="01111111111111110"/>
    <class days="1000000" id="1971" room="668" start="114" weeks="01101111111111110"/>
    <class days="0001000" id="1972" room="328" start="138" weeks="01111111111111110"/>
    <class days="1000000" id="1973" room="668" start="102" weeks="01101111111111110"/>
    <class days="0001000" id="1974" room="684" start="114" weeks="01111111111111110"/>
    <class days="0001000" id="1975" room="668" start="162" weeks="01111111111111110"/>
    <class days="1000000" id="1976" room="668" start="162" weeks="01101111111111110"/>
    <class days="0010100" id="1977" room="555" start="186" weeks="01111111111111110"/>
    <class days="0101000" id="1978" room="555" start="150" weeks="01111111111111110"/>
    <class days="0001000" id="1979" room="332" start="138" weeks="01111111111111110"/>
    <class days="0001000" id="1980" room="577" start="178" weeks="01111111111111110"/>
    <class days="0001000" id="1981" room="228" start="90" weeks="01111111111111110"/>
    <class days="0001000" id="1982" room="706" start="90" weeks="01111111111111110"/>
    <class days="0001000" id="1983" room="163" start="90" weeks="01111111111111110"/>
    <class days="0001000" id="1984" room="88" start="90" weeks="01111111111111110"/>
    <class days="0001000" id="1985" room="343" start="90" weeks="01111111111111110"/>
    <class days="0001000" id="1986" room="228" start="178" weeks="01111111111111110"/>
    <class days="0001000" id="1987" room="577" start="90" weeks="01111111111111110"/>
    <class days="0001000" id="1988" room="163" start="138" weeks="01111111111111110"/>
    <class days="0001000" id="1989" room="582" start="138" weeks="01111111111111110"/>
    <class days="0001000" id="1990" room="679" start="138" weeks="01111111111111110"/>
    <class days="0001000" id="1991" room="332" start="90" weeks="01111111111111110"/>
    <class days="0001000" id="1992" room="369" start="138" weeks="01111111111111110"/>
    <class days="0001000" id="1993" room="393" start="138" weeks="01111111111111110"/>
    <class days="0001000" id="1994" room="769" start="90" weeks="01111111111111110"/>
    <class days="0000100" id="1995" room="228" start="178" weeks="01111111111111110"/>
    <class days="0000100" id="1996" room="88" start="178" weeks="01111111111111110"/>
    <class days="0000100" id="1997" room="769" start="178" weeks="01111111111111110"/>
    <class days="0000100" id="1998" room="343" start="178" weeks="01111111111111110"/>
    <class days="0000100" id="1999" room="582" start="178" weeks="01111111111111110"/>
    <class days="0000100" id="2000" room="393" start="178" weeks="01111111111111110"/>
    <class days="0000100" id="2001" room="577" start="178" weeks="01111111111111110"/>
    <class days="0000100" id="2002" room="228" start="178" weeks="01111111111111110"/>
    <class days="0000010" id="2003" room="393" start="102" weeks="01111111111111110"/>
    <class days="0000010" id="2004" room="163" start="102" weeks="01111111111111110"/>
    <class days="0010000" id="2005" room="706" start="180" weeks="01111111111111110"/>
    <class days="1000000" id="2006" room="582" start="178" weeks="01101111111111110"/>
    <class days="0001000" id="2007" room="679" start="174" weeks="01111111111111110"/>
    <class days="0100000" id="2008" room="228" start="126" weeks="01111111111111110"/>
    <class days="0001000" id="2009" room="332" start="180" weeks="01111111111111110"/>
    <class days="0001000" id="2010" room="393" start="102" weeks="01111111111111110"/>
    <class days="0000001" id="2011" room="706" start="102" weeks="01111111111111100"/>
    <class days="0000001" id="2012" room="582" start="102" weeks="01111111111111100"/>
    <class days="0001000" id="2013" room="577" start="126" weeks="01111111111111110"/>
    <class days="0010000" id="2014" room="743" start="138" weeks="01111111111111110"/>
    <class days="0010000" id="2015" room="743" start="102" weeks="01111111111111110"/>
    <class days="0010000" id="2016" room="668" start="138" weeks="01111111111111110"/>
    <class days="0010000" id="2017" room="604" start="102" weeks="01111111111111110"/>
    <class days="0010000" id="2018" room="743" start="114" weeks="01111111111111110"/>
    <class days="0010000" id="2019" room="684" start="138" weeks="01111111111111110"/>
    <class days="0010000" id="2020" room="668" start="126" weeks="01111111111111110"/>
    <class days="0010000" id="2021" room="604" start="114" weeks="01111111111111110"/>
    <class days="0010000" id="2022" room="684" start="114" weeks="01111111111111110"/>
    <class days="0010000" id="2023" room="684" start="102" weeks="01111111111111110"/>
    <class days="0010000" id="2024" room="604" start="138" weeks="01111111111111110"/>
    <class days="0010000" id="2025" room="328" start="126" weeks="01111111111111110"/>
    <class days="0010000" id="2026" room="668" start="102" weeks="01111111111111110"/>
    <class days="0010000" id="2027" room="743" start="114" weeks="01111111111111110"/>
    <class days="0010000" id="2028" room="328" start="102" weeks="01111111111111110"/>
    <class days="0010000" id="2029" room="668" start="114" weeks="01111111111111110"/>
    <class days="0001000" id="2030" room="743" start="90" weeks="01111111111111110"/>
    <class days="0001000" id="2031" room="328" start="198" weeks="01111111111111110"/>
    <class days="0001000" id="2032" room="668" start="90" weeks="01111111111111110"/>
    <class days="0001000" id="2033" room="604" start="198" weeks="01111111111111110"/>
    <class days="0001000" id="2034" room="604" start="162" weeks="01111111111111110"/>
    <class days="0001000" id="2035" room="684" start="150" weeks="01111111111111110"/>
    <class days="0001000" id="2036" room="743" start="126" weeks="01111111111111110"/>
    <class days="0001000" id="2037" room="328" start="186" weeks="01111111111111110"/>
    <class days="0001000" id="2038" room="743" start="186" weeks="01111111111111110"/>
    <class days="0010000" id="2039" room="328" start="138" weeks="01111111111111110"/>
    <class days="1000000" id="2040" room="684" start="162" weeks="01101111111111110"/>
    <class days="0001000" id="2041" room="743" start="138" weeks="01111111111111110"/>
    <class days="0100000" id="2042" room="328" start="102" weeks="01111111111111110"/>
    <class days="0100000" id="2043" room="684" start="102" weeks="01111111111111110"/>
    <class days="0001000" id="2044" room="668" start="114" weeks="01111111111111110"/>
    <class days="0001000" id="2045" room="668" start="198" weeks="01111111111111110"/>
    <class days="1000000" id="2046" room="328" start="102" weeks="01101111111111110"/>
    <class days="0010000" id="2047" room="668" start="174" weeks="01111111111111110"/>
    <class days="1000000" id="2048" room="604" start="198" weeks="01101111111111110"/>
    <class days="0101000" id="2049" room="555" start="174" weeks="01111111111111110"/>
    <class days="0101000" id="2050" room="555" start="126" weeks="01111111111111110"/>
    <class days="0100000" id="2051" room="332" start="138" weeks="01111111111111110"/>
    <class days="0100000" id="2052" room="163" start="138" weeks="01111111111111110"/>
    <class days="0100000" id="2053" room="679" start="178" weeks="01111111111111110"/>
    <class days="0100000" id="2054" room="369" start="138" weeks="01111111111111110"/>
    <class days="0100000" id="2055" room="163" start="178" weeks="01111111111111110"/>
    <class days="0100000" id="2056" room="332" start="178" weeks="01111111111111110"/>
    <class days="0100000" id="2057" room="158" start="178" weeks="01111111111111110"/>
    <class days="0100000" id="2058" room="332" start="138" weeks="01111111111111110"/>
    <class days="0100000" id="2059" room="158" start="138" weeks="01111111111111110"/>
    <class days="0100000" id="2060" room="369" start="178" weeks="01111111111111110"/>
    <class days="0010000" id="2061" room="393" start="90" weeks="01111111111111110"/>
    <class days="0010000" id="2062" room="706" start="90" weeks="01111111111111110"/>
    <class days="0010000" id="2063" room="769" start="90" weeks="01111111111111110"/>
    <class days="0010000" id="2064" room="582" start="90" weeks="01111111111111110"/>
    <class days="0010000" id="2065" room="706" start="138" weeks="01111111111111110"/>
    <class days="0010000" id="2066" room="582" start="138" weeks="01111111111111110"/>
    <class days="0010000" id="2067" room="769" start="138" weeks="01111111111111110"/>
    <class days="0010000" id="2068" room="369" start="138" weeks="01111111111111110"/>
    <class days="0010000" id="2069" room="369" start="178" weeks="01111111111111110"/>
    <class days="0010000" id="2070" room="163" start="178" weeks="01111111111111110"/>
    <class days="0010000" id="2071" room="332" start="178" weeks="01111111111111110"/>
    <class days="0001000" id="2072" room="769" start="178" weeks="01111111111111110"/>
    <class days="0000100" id="2073" room="369" start="90" weeks="01111111111111110"/>
    <class days="0000100" id="2074" room="332" start="90" weeks="01111111111111110"/>
    <class days="0000100" id="2075" room="369" start="138" weeks="01111111111111110"/>
    <class days="0000100" id="2076" room="679" start="90" weeks="01111111111111110"/>
    <class days="0000100" id="2077" room="158" start="90" weeks="01111111111111110"/>
    <class days="0000100" id="2078" room="163" start="90" weeks="01111111111111110"/>
    <class days="0000100" id="2079" room="679" start="138" weeks="01111111111111110"/>
    <class days="0000100" id="2080" room="158" start="138" weeks="01111111111111110"/>
    <class days="0000100" id="2081" room="369" start="178" weeks="01111111111111110"/>
    <class days="0000100" id="2082" room="679" start="178" weeks="01111111111111110"/>
    <class days="0000100" id="2083" room="332" start="178" weeks="01111111111111110"/>
    <class days="0000100" id="2084" room="332" start="138" weeks="01111111111111110"/>
    <class days="0000100" id="2085" room="163" start="138" weeks="01111111111111110"/>
    <class days="0000100" id="2086" room="158" start="178" weeks="01111111111111110"/>
    <class days="0000100" id="2087" room="163" start="178" weeks="01111111111111110"/>
    <class days="0000010" id="2088" room="228" start="102" weeks="01111111111111110"/>
    <class days="0000010" id="2089" room="582" start="102" weeks="01111111111111110"/>
    <class days="0000010" id="2090" room="577" start="102" weeks="01111111111111110"/>
    <class days="1000000" id="2091" room="668" start="198" weeks="01101111111111110"/>
    <class days="1000000" id="2092" room="684" start="198" weeks="01101111111111110"/>
    <class days="1000000" id="2093" room="328" start="126" weeks="01101111111111110"/>
    <class days="1000000" id="2094" room="328" start="174" weeks="01101111111111110"/>
    <class days="1000000" id="2095" room="328" start="198" weeks="01101111111111110"/>
    <class days="1000000" id="2096" room="743" start="174" weeks="01101111111111110"/>
    <class days="1000000" id="2097" room="684" start="174" weeks="01101111111111110"/>
    <class days="1000000" id="2098" room="328" start="126" weeks="01101111111111110"/>
    <class days="1000000" id="2099" room="743" start="198" weeks="01101111111111110"/>
    <class days="1000000" id="2100" room="668" start="174" weeks="01101111111111110"/>
    <class days="0100000" id="2101" room="743" start="198" weeks="01111111111111110"/>
    <class days="0100000" id="2102" room="743" start="174" weeks="01111111111111110"/>
    <class days="0100000" id="2103" room="328" start="174" weeks="01111111111111110"/>
    <class days="0100000" id="2104" room="684" start="150" weeks="01111111111111110"/>
    <class days="0100000" id="2105" room="743" start="150" weeks="01111111111111110"/>
    <class days="0100000" id="2106" room="668" start="198" weeks="01111111111111110"/>
    <class days="0100000" id="2107" room="604" start="198" weeks="01111111111111110"/>
    <class days="0100000" id="2108" room="743" start="162" weeks="01111111111111110"/>
    <class days="0100000" id="2109" room="668" start="174" weeks="01111111111111110"/>
    <class days="0100000" id="2110" room="668" start="162" weeks="01111111111111110"/>
    <class days="0100000" id="2111" room="604" start="162" weeks="01111111111111110"/>
    <class days="0100000" id="2112" room="328" start="198" weeks="01111111111111110"/>
    <class days="0010000" id="2113" room="604" start="162" weeks="01111111111111110"/>
    <class days="0010000" id="2114" room="668" start="90" weeks="01111111111111110"/>
    <class days="0010000" id="2115" room="743" start="198" weeks="01111111111111110"/>
    <class days="0010000" id="2116" room="328" start="198" weeks="01111111111111110"/>
    <class days="0010000" id="2117" room="328" start="162" weeks="01111111111111110"/>
    <class days="0010000" id="2118" room="668" start="150" weeks="01111111111111110"/>
    <class days="0010000" id="2119" room="604" start="198" weeks="01111111111111110"/>
    <class days="0010000" id="2120" room="684" start="150" weeks="01111111111111110"/>
    <class days="0010000" id="2121" room="328" start="90" weeks="01111111111111110"/>
    <class days="0010000" id="2122" room="684" start="198" weeks="01111111111111110"/>
    <class days="0010000" id="2123" room="684" start="90" weeks="01111111111111110"/>
    <class days="0010000" id="2124" room="604" start="162" weeks="01111111111111110"/>
    <class days="0010000" id="2125" room="743" start="90" weeks="01111111111111110"/>
    <class days="0010000" id="2126" room="604" start="90" weeks="01111111111111110"/>
    <class days="0010000" id="2127" room="743" start="150" weeks="01111111111111110"/>
    <class days="0010000" id="2128" room="743" start="198" weeks="01111111111111110"/>
    <class days="0010000" id="2129" room="668" start="198" weeks="01111111111111110"/>
    <class days="0010000" id="2130" room="328" start="150" weeks="01111111111111110"/>
    <class days="0010100" id="2131" room="378" start="198" weeks="01111111111111110"/>
    <class days="1010000" id="2132" room="106" start="102" weeks="01111111111111110"/>
    <class days="0010000" id="2133" room="577" start="138" weeks="01111111111111110"/>
    <class days="0010000" id="2134" room="332" start="138" weeks="01111111111111110"/>
    <class days="0010000" id="2135" room="343" start="138" weeks="01111111111111110"/>
    <class days="0010000" id="2136" room="343" start="90" weeks="01111111111111110"/>
    <class days="0010000" id="2137" room="158" start="90" weeks="01111111111111110"/>
    <class days="0010000" id="2138" room="369" start="90" weeks="01111111111111110"/>
    <class days="0010000" id="2139" room="679" start="90" weeks="01111111111111110"/>
    <class days="0010000" id="2140" room="88" start="138" weeks="01111111111111110"/>
    <class days="0010000" id="2141" room="163" start="138" weeks="01111111111111110"/>
    <class days="0010000" id="2142" room="577" start="90" weeks="01111111111111110"/>
    <class days="0010000" id="2143" room="228" start="90" weeks="01111111111111110"/>
    <class days="0010000" id="2144" room="88" start="138" weeks="01111111111111110"/>
    <class days="0010000" id="2145" room="163" start="90" weeks="01111111111111110"/>
    <class days="0010000" id="2146" room="158" start="138" weeks="01111111111111110"/>
    <class days="0010000" id="2147" room="88" start="90" weeks="01111111111111110"/>
    <class days="0010000" id="2148" room="228" start="138" weeks="01111111111111110"/>
    <class days="0010000" id="2149" room="679" start="138" weeks="01111111111111110"/>
    <class days="0010000" id="2150" room="332" start="90" weeks="01111111111111110"/>
    <class days="0100000" id="2151" room="668" start="186" weeks="01111111111111110"/>
    <class days="0100000" id="2152" room="743" start="186" weeks="01111111111111110"/>
    <class days="0100000" id="2153" room="328" start="90" weeks="01111111111111110"/>
    <class days="0100000" id="2154" room="668" start="90" weeks="01111111111111110"/>
    <class days="0100000" id="2155" room="684" start="114" weeks="01111111111111110"/>
    <class days="0100000" id="2156" room="743" start="114" weeks="01111111111111110"/>
    <class days="0100000" id="2157" room="604" start="90" weeks="01111111111111110"/>
    <class days="0100000" id="2158" room="684" start="90" weeks="01111111111111110"/>
    <class days="0100000" id="2159" room="328" start="114" weeks="01111111111111110"/>
    <class days="0100000" id="2160" room="328" start="186" weeks="01111111111111110"/>
    <class days="0100000" id="2161" room="604" start="126" weeks="01111111111111110"/>
    <class days="0100000" id="2162" room="743" start="186" weeks="01111111111111110"/>
    <class days="0100000" id="2163" room="684" start="138" weeks="01111111111111110"/>
    <class days="0100000" id="2164" room="668" start="114" weeks="01111111111111110"/>
    <class days="0100000" id="2165" room="684" start="126" weeks="01111111111111110"/>
    <class days="0100000" id="2166" room="743" start="102" weeks="01111111111111110"/>
    <class days="0100000" id="2167" room="743" start="138" weeks="01111111111111110"/>
    <class days="0100000" id="2168" room="668" start="102" weeks="01111111111111110"/>
    <class days="1010100" id="2169" room="602" start="90" weeks="01111111111111110"/>
    <class days="0100000" id="2170" room="328" start="126" weeks="01111111111111110"/>
    <class days="0100000" id="2171" room="328" start="150" weeks="01111111111111110"/>
    <class days="0100000" id="2172" room="328" start="162" weeks="01111111111111110"/>
    <class days="0100000" id="2173" room="328" start="138" weeks="01111111111111110"/>
    <class days="0001000" id="2174" room="679" start="90" weeks="01111111111111110"/>
    <class days="0010000" id="2175" room="679" start="178" weeks="01111111111111110"/>
    <class days="0010000" id="2176" room="158" start="178" weeks="01111111111111110"/>
    <class days="0001000" id="2177" room="158" start="90" weeks="01111111111111110"/>
    <class days="1010100" id="2178" room="641" start="150" weeks="01111111111111110"/>
    <class days="1010100" id="2179" room="41" start="102" weeks="01111111111111110"/>
    <class days="0100000" id="2180" room="240" start="90" weeks="01111111111111110"/>
    <class days="0100000" id="2181" room="360" start="114" weeks="01111111111111110"/>
    <class days="0100000" id="2182" room="303" start="174" weeks="01111111111111110"/>
    <class days="0100000" id="2183" room="233" start="150" weeks="01111111111111110"/>
    <class days="0100000" id="2184" room="360" start="90" weeks="01111111111111110"/>
    <class days="0100000" id="2185" room="240" start="102" weeks="01111111111111110"/>
    <class days="0100000" id="2186" room="368" start="90" weeks="01111111111111110"/>
    <class days="0001000" id="2187" room="228" start="138" weeks="01111111111111110"/>
    <class days="0010000" id="2188" room="228" start="174" weeks="01111111111111110"/>
    <class days="1000000" id="2189" room="769" start="102" weeks="01101111111111110"/>
    <class days="0010000" id="2190" room="769" start="174" weeks="01111111111111110"/>
    <class days="0000100" id="2191" room="706" start="102" weeks="01111111111111110"/>
    <class days="0001000" id="2192" room="343" start="180" weeks="01111111111111110"/>
    <class days="1000000" id="2193" room="88" start="174" weeks="01101111111111110"/>
    <class days="0001000" id="2194" room="769" start="138" weeks="01111111111111110"/>
    <class days="0001000" id="2195" room="706" start="138" weeks="01111111111111110"/>
    <class days="0001000" id="2196" room="582" start="102" weeks="01111111111111110"/>
    <class days="0000100" id="2197" room="706" start="138" weeks="01111111111111110"/>
    <class days="0000100" id="2198" room="706" start="174" weeks="01111111111111110"/>
    <class days="0001000" id="2199" room="88" start="138" weeks="01111111111111110"/>
    <class days="0010000" id="2200" room="582" start="180" weeks="01111111111111110"/>
    <class days="0010000" id="2201" room="88" start="174" weeks="01111111111111110"/>
    <class days="0010000" id="2202" room="393" start="178" weeks="01111111111111110"/>
    <class days="0001000" id="2203" room="706" start="102" weeks="01111111111111110"/>
    <class days="0010000" id="2204" room="343" start="174" weeks="01111111111111110"/>
    <class days="0010000" id="2205" room="577" start="180" weeks="01111111111111110"/>
    <class days="0001000" id="2206" room="769" start="174" weeks="01111111111111110"/>
    <class days="0100000" id="2207" room="88" start="178" weeks="01111111111111110"/>
    <class days="0001000" id="2208" room="393" start="178" weeks="01111111111111110"/>
    <class days="0001000" id="2209" room="706" start="178" weeks="01111111111111110"/>
    <class days="0010000" id="2210" room="393" start="126" weeks="01111111111111110"/>
    <class days="0001000" id="2211" room="88" start="180" weeks="01111111111111110"/>
    <class days="0001000" id="2212" room="582" start="178" weeks="01111111111111110"/>
    <class days="1010000" id="2213" room="258" start="198" weeks="01111111111111110"/>
    <class days="0001000" id="2214" room="438" start="126" weeks="01111111111111110"/>
    <class days="0010000" id="2215" room="328" start="174" weeks="01111111111111110"/>
    <class days="0010000" id="2216" room="328" start="186" weeks="01111111111111110"/>
    <class days="0001000" id="2217" room="158" start="138" weeks="01111111111111110"/>
    <class days="0001000" id="2218" room="158" start="178" weeks="01111111111111110"/>
    <class days="0001000" id="2219" room="23" start="114" weeks="01111111111111110"/>
    <class days="0100000" id="2220" room="106" start="114" weeks="01111111111111110"/>
    <class days="0010000" id="2221" room="668" start="186" weeks="01111111111111110"/>
    <class days="0010000" id="2222" room="748" start="174" weeks="01111111111111110"/>
    <class days="1000000" id="2223" room="332" start="90" weeks="01101111111111110"/>
    <class days="1000000" id="2224" room="332" start="90" weeks="01101111111111110"/>
    <class days="1010100" id="2225" room="571" start="150" weeks="01111111111111110"/>
    <class days="0100000" id="2226" room="709" start="90" weeks="01111111111111110"/>
    <class days="0001000" id="2227" room="616" start="198" weeks="01111111111111110"/>
    <class days="0100000" id="2228" room="436" start="174" weeks="01111111111111110"/>
    <class days="0000100" id="2229" room="436" start="126" weeks="01111111111111110"/>
    <class days="0010000" id="2230" room="381" start="138" weeks="01111111111111110"/>
    <class days="0010000" id="2231" room="381" start="178" weeks="01111111111111110"/>
    <class days="0010000" id="2232" room="630" start="138" weeks="01111111111111110"/>
    <class days="0010000" id="2233" room="630" start="178" weeks="01111111111111110"/>
    <class days="0001000" id="2234" room="395" start="90" weeks="01111111111111110"/>
    <class days="0001000" id="2235" room="630" start="178" weeks="01111111111111110"/>
    <class days="0001000" id="2236" room="630" start="90" weeks="01111111111111110"/>
    <class days="0001000" id="2237" room="381" start="90" weeks="01111111111111110"/>
    <class days="0001000" id="2238" room="381" start="178" weeks="01111111111111110"/>
    <class days="0001000" id="2239" room="395" start="178" weeks="01111111111111110"/>
    <class days="0000100" id="2240" room="630" start="138" weeks="01111111111111110"/>
    <class days="0000100" id="2241" room="395" start="178" weeks="01111111111111110"/>
    <class days="0000100" id="2242" room="630" start="178" weeks="01111111111111110"/>
    <class days="0000100" id="2243" room="395" start="138" weeks="01111111111111110"/>
    <class days="1010100" id="2244" room="194" start="186" weeks="01111111111111110"/>
    <class days="0001000" id="2245" room="380" start="90" weeks="01111111111111110"/>
    <class days="0001000" id="2246" room="240" start="126" weeks="01111111111111110"/>
    <class days="0000100" id="2247" room="661" start="162" weeks="01111111111111110"/>
    <class days="0000100" id="2248" room="501" start="174" weeks="01111111111111110"/>
    <class days="1000000" id="2249" room="381" start="138" weeks="01101111111111110"/>
    <class days="1000000" id="2250" room="381" start="178" weeks="01101111111111110"/>
    <class days="1000000" id="2251" room="395" start="178" weeks="01101111111111110"/>
    <class days="1000000" id="2252" room="395" start="138" weeks="01101111111111110"/>
    <class days="1000000" id="2253" room="630" start="178" weeks="01101111111111110"/>
    <class days="0100000" id="2254" room="381" start="90" weeks="01111111111111110"/>
    <class days="0100000" id="2255" room="381" start="178" weeks="01111111111111110"/>
    <class days="0100000" id="2256" room="630" start="138" weeks="01111111111111110"/>
    <class days="0100000" id="2257" room="630" start="178" weeks="01111111111111110"/>
    <class days="0100000" id="2258" room="395" start="178" weeks="01111111111111110"/>
    <class days="0100000" id="2259" room="395" start="90" weeks="01111111111111110"/>
    <class days="0100000" id="2260" room="395" start="138" weeks="01111111111111110"/>
    <class days="0100000" id="2261" room="630" start="90" weeks="01111111111111110"/>
    <class days="0100000" id="2262" room="381" start="126" weeks="01111111111111110"/>
    <class days="1000000" id="2263" room="630" start="126" weeks="01101111111111110"/>
    <class days="0001000" id="2264" room="395" start="126" weeks="01111111111111110"/>
    <class days="0010000" id="2265" room="395" start="138" weeks="01111111111111110"/>
    <class days="1010100" id="2266" room="194" start="162" weeks="01111111111111110"/>
    <class days="0100000" id="2267" room="555" start="186" weeks="01111111111111110"/>
    <class days="0000100" id="2268" room="266" start="186" weeks="01111111111111110"/>
    <class days="1000000" id="2269" room="616" start="102" weeks="01101111111111110"/>
    <class days="0010000" id="2270" room="630" start="90" weeks="01111111111111110"/>
    <class days="0010000" id="2271" room="395" start="90" weeks="01111111111111110"/>
    <class days="1010100" id="2272" room="641" start="198" weeks="01111111111111110"/>
    <class days="1000000" id="2273" room="467" start="90" weeks="01101111111111110"/>
    <class days="0001000" id="2274" room="467" start="138" weeks="01111111111111110"/>
    <class days="0010000" id="2275" room="467" start="90" weeks="01111111111111110"/>
    <class days="0000100" id="2276" room="467" start="178" weeks="01111111111111110"/>
    <class days="0100000" id="2277" room="467" start="178" weeks="01111111111111110"/>
    <class days="0001000" id="2278" room="467" start="178" weeks="01111111111111110"/>
    <class days="0000100" id="2279" room="467" start="90" weeks="01111111111111110"/>
    <class days="0001000" id="2280" room="467" start="90" weeks="01111111111111110"/>
    <class days="0101000" id="2281" room="148" start="90" weeks="01111111111111110"/>
    <class days="0010100" id="2282" room="148" start="90" weeks="01111111111111110"/>
    <class days="0101000" id="2283" room="148" start="178" weeks="01111111111111110"/>
    <class days="0101000" id="2284" room="148" start="138" weeks="01111111111111110"/>
    <class days="1010100" id="2285" room="378" start="186" weeks="01111111111111110"/>
    <class days="1000100" id="2286" room="148" start="178" weeks="01111111111111110"/>
    <class days="0000100" id="2287" room="667" start="126" weeks="01111111111111110"/>
    <class days="1010100" id="2288" start="90" weeks="01111111111111110"/>
    <class days="0001000" id="2289" room="426" start="102" weeks="01111111111111110"/>
    <class days="0000100" id="2290" room="426" start="174" weeks="01111111111111110"/>
    <class days="0001000" id="2291" room="426" start="174" weeks="01111111111111110"/>
    <class days="0100000" id="2292" room="426" start="102" weeks="01111111111111110"/>
    <class days="0100000" id="2293" room="426" start="174" weeks="01111111111111110"/>
    <class days="1010100" id="2294" room="364" start="90" weeks="01111111111111110"/>
    <class days="0010000" id="2295" room="426" start="174" weeks="01111111111111110"/>
    <class days="1010100" id="2296" room="471" start="198" weeks="01111111111111110"/>
    <class days="1010100" id="2297" room="41" start="114" weeks="01111111111111110"/>
    <class days="1010100" id="2298" room="347" start="138" weeks="01111111111111110"/>
    <class days="0100000" id="2299" room="219" start="102" weeks="01011001010011000"/>
    <class days="0001000" id="2300" room="219" start="174" weeks="01011001100110000"/>
    <class days="0010000" id="2301" room="219" start="174" weeks="01011001010011000"/>
    <class days="0000100" id="2302" room="219" start="102" weeks="01011001010011000"/>
    <class days="0000100" id="2303" room="219" start="174" weeks="01011001010011000"/>
    <class days="0001000" id="2304" room="219" start="102" weeks="01011001100110000"/>
    <class days="0000100" id="2305" room="219" start="102" weeks="00100110001100110"/>
    <class days="0001000" id="2306" room="219" start="102" weeks="00100110011000110"/>
    <class days="0001000" id="2307" room="219" start="174" weeks="00100110011000110"/>
    <class days="0100000" id="2308" room="219" start="102" weeks="00100110001100110"/>
    <class days="0000100" id="2309" room="219" start="174" weeks="00100110001100110"/>
    <class days="0010000" id="2310" room="219" start="174" weeks="00100110001100110"/>
    <class days="1010100" id="2311" room="604" start="126" weeks="01111111111111110"/>
    <class days="0000100" id="2312" room="418" start="162" weeks="01111111111111110"/>
    <class days="0010000" id="2313" room="418" start="162" weeks="01111111111111110"/>
    <class days="0001000" id="2314" room="418" start="162" weeks="01111111111111110"/>
    <class days="0101000" id="2315" room="684" start="198" weeks="01111111111111110"/>
    <class days="0001000" id="2316" room="302" start="90" weeks="01111111111111110"/>
    <class days="1010100" id="2317" room="460" start="90" weeks="01111111111111110"/>
    <class days="1010100" id="2318" room="743" start="162" weeks="01111111111111110"/>
    <class days="0100000" id="2319" room="266" start="126" weeks="00000000011111110"/>
    <class days="0101000" id="2320" room="709" start="144" weeks="01111111111111110"/>
    <class days="0101000" id="2321" room="709" start="198" weeks="01111111111111110"/>
    <class days="0101000" id="2322" room="684" start="162" weeks="01111111111111110"/>
    <class days="1010100" id="2323" room="743" start="126" weeks="01111111111111110"/>
    <class days="1010100" id="2324" room="604" start="186" weeks="01111111111111110"/>
    <class days="1010100" id="2325" room="604" start="174" weeks="01111111111111110"/>
    <class days="1010100" id="2326" room="604" start="186" weeks="01111111111111110"/>
    <class days="1010100" id="2327" room="437" start="150" weeks="01111111111111110"/>
    <class days="0101000" id="2328" room="604" start="180" weeks="01111111111111110"/>
    <class days="0101000" id="2329" room="684" start="180" weeks="01111111111111110"/>
    <class days="0101000" id="2330" room="604" start="144" weeks="01111111111111110"/>
    <class days="0010000" id="2331" room="164" start="198" weeks="01111111111111110"/>
    <class days="0100000" id="2332" room="313" start="216" weeks="01111111100000000"/>
    <class days="1000000" id="2333" room="157" start="186" weeks="01101111111111110"/>
    <class days="0010000" id="2334" room="164" start="150" weeks="01111111111111110"/>
    <class days="0100000" id="2335" room="164" start="150" weeks="01111111111111110"/>
    <class days="1000000" id="2336" room="436" start="162" weeks="01101111111111110"/>
    <class days="1000000" id="2337" room="703" start="162" weeks="01101111111111110"/>
    <class days="1010100" id="2338" room="604" start="150" weeks="01111111111111110"/>
    <class days="0101000" id="2339" room="668" start="144" weeks="01111111111111110"/>
    <class days="0101000" id="2340" room="668" start="126" weeks="01111111111111110"/>
    <class days="0101000" id="2341" room="604" start="108" weeks="01111111111111110"/>
    <class days="1010100" id="2342" room="684" start="126" weeks="01111111111111110"/>
    <class days="0001000" id="2343" room="468" start="186" weeks="01111111111111110"/>
    <class days="1010000" id="2344" room="305" start="198" weeks="01111111111111110"/>
    <class days="1010000" id="2345" room="305" start="90" weeks="01111111111111110"/>
    <class days="1010100" id="2346" room="524" start="102" weeks="01111111111111110"/>
    <class days="1010100" id="2347" room="272" start="138" weeks="01111111111111110"/>
    <class days="1010100" id="2348" room="375" start="90" weeks="01111111111111110"/>
    <class days="0101000" id="2349" room="230" start="186" weeks="01111111111111110"/>
    <class days="0101000" id="2350" room="524" start="138" weeks="01111111111111110"/>
    <class days="1010100" id="2351" room="272" start="186" weeks="01111111111111110"/>
    <class days="1010100" id="2352" room="414" start="198" weeks="01111111111111110"/>
    <class days="0101000" id="2353" room="596" start="90" weeks="01111111111111110"/>
    <class days="1010100" id="2354" room="553" start="174" weeks="01111111111111110"/>
    <class days="0010000" id="2355" room="48" start="198" weeks="01111111111111110"/>
    <class days="1010100" id="2356" room="270" start="162" weeks="01111111111111110"/>
    <class days="0101000" id="2357" room="270" start="162" weeks="01111111111111110"/>
    <class days="1010100" id="2358" room="596" start="162" weeks="01111111111111110"/>
    <class days="1010100" id="2359" room="447" start="174" weeks="01111111111111110"/>
    <class days="0101000" id="2360" room="33" start="162" weeks="01111111111111110"/>
    <class days="0101000" id="2361" room="324" start="144" weeks="01111111111111110"/>
    <class days="0101000" id="2362" room="641" start="126" weeks="01111111111111110"/>
    <class days="1010100" id="2363" room="77" start="90" weeks="00000000000000111"/>
    <class days="1010000" id="2364" room="380" start="96" weeks="00000000000000110"/>
    <class days="0101000" id="2365" room="468" start="96" weeks="00000000000000001"/>
    <class days="1010100" id="2366" room="411" start="114" weeks="00000000000000111"/>
    <class days="0101000" id="2367" room="373" start="126" weeks="01111111111111110"/>
    <class days="0100000" id="2368" room="540" start="174" weeks="01111100000000000"/>
    <class days="0100000" id="2369" room="540" start="174" weeks="00000011111000000"/>
    <class days="0001000" id="2370" room="540" start="162" weeks="00000000000111110"/>
    <class days="1010000" id="2371" room="313" start="90" weeks="01111111111111110"/>
    <class days="0101000" id="2372" room="402" start="90" weeks="01111111111111110"/>
    <class days="0101000" id="2373" room="402" start="114" weeks="01111111111111110"/>
    <class days="0101000" id="2374" room="402" start="138" weeks="01111111111111110"/>
    <class days="1000100" id="2375" room="402" start="138" weeks="01111111111111110"/>
    <class days="1010000" id="2376" room="574" start="174" weeks="01111111111111110"/>
    <class days="0010100" id="2377" room="124" start="90" weeks="01111111111111110"/>
    <class days="0101000" id="2378" room="124" start="114" weeks="01111111111111110"/>
    <class days="0101000" id="2379" room="310" start="126" weeks="01111111111111110"/>
    <class days="1000000" id="2380" room="366" start="90" weeks="01101111111111110"/>
    <class days="1000000" id="2381" room="366" start="126" weeks="01101111111111110"/>
    <class days="0010000" id="2382" room="145" start="90" weeks="01111111111111110"/>
    <class days="0010000" id="2383" room="145" start="126" weeks="01111111111111110"/>
    <class days="0101000" id="2384" room="471" start="186" weeks="01111111111111110"/>
    <class days="0010000" id="2385" room="723" start="114" weeks="01111111111111110"/>
    <class days="0010000" id="2386" room="723" start="138" weeks="01111111111111110"/>
    <class days="0001000" id="2387" room="723" start="138" weeks="01111111111111110"/>
    <class days="0000100" id="2388" room="723" start="186" weeks="01111111111111110"/>
    <class days="0000100" id="2389" room="723" start="138" weeks="01111111111111110"/>
    <class days="0010000" id="2390" room="723" start="90" weeks="01111111111111110"/>
    <class days="0101000" id="2391" room="308" start="126" weeks="01111111111111110"/>
    <class days="0010000" id="2392" room="4" start="114" weeks="01111111111111110"/>
    <class days="0010000" id="2393" room="4" start="138" weeks="01111111111111110"/>
    <class days="0100000" id="2394" room="4" start="90" weeks="01111111111111110"/>
    <class days="0000100" id="2395" room="4" start="114" weeks="01111111111111110"/>
    <class days="1010000" id="2396" room="635" start="90" weeks="01111111111111110"/>
    <class days="1000000" id="2397" room="280" start="114" weeks="01101111111111110"/>
    <class days="1000000" id="2398" room="280" start="138" weeks="01101111111111110"/>
    <class days="0101000" id="2399" room="360" start="126" weeks="01111111111111110"/>
    <class days="0101000" id="2400" room="408" start="150" weeks="01111111111111110"/>
    <class days="0101000" id="2401" room="468" start="162" weeks="01111111111111110"/>
    <class days="0000100" id="2402" room="517" start="90" weeks="01111111111111110"/>
    <class days="1000000" id="2403" room="517" start="90" weeks="01101111111111110"/>
    <class days="0000100" id="2404" room="517" start="138" weeks="01111111111111110"/>
    <class days="1000000" id="2405" room="517" start="138" weeks="01101111111111110"/>
    <class days="0100000" id="2406" room="517" start="162" weeks="01111111111111110"/>
    <class days="1000000" id="2407" room="517" start="186" weeks="01101111111111110"/>
    <class days="0001000" id="2408" room="517" start="162" weeks="01111111111111110"/>
    <class days="0010000" id="2409" room="517" start="90" weeks="01111111111111110"/>
    <class days="0100000" id="2410" room="344" start="186" weeks="01111111111111110"/>
    <class days="0100000" id="2411" room="344" start="90" weeks="01111111111111110"/>
    <class days="0100000" id="2412" room="344" start="114" weeks="01111111111111110"/>
    <class days="0010000" id="2413" room="486" start="90" weeks="01111111111111110"/>
    <class days="1010000" id="2414" room="730" start="90" weeks="01111111111111110"/>
    <class days="0001000" id="2415" room="239" start="162" weeks="01111111111111110"/>
    <class days="0100000" id="2416" room="239" start="162" weeks="01111111111111110"/>
    <class days="0101000" id="2417" room="233" start="186" weeks="01111111111111110"/>
    <class days="0000100" id="2418" room="496" start="90" weeks="01111111111111110"/>
    <class days="0100000" id="2419" room="496" start="90" weeks="01111111111111110"/>
    <class days="0100000" id="2420" room="496" start="138" weeks="01111111111111110"/>
    <class days="0000100" id="2421" room="496" start="186" weeks="01111111111111110"/>
    <class days="0000100" id="2422" room="738" start="114" weeks="01111111111111110"/>
    <class days="0000100" id="2423" room="388" start="114" weeks="01111111111111110"/>
    <class days="0001000" id="2424" room="496" start="138" weeks="01111111111111110"/>
    <class days="1010000" id="2425" room="468" start="186" weeks="01111111111111110"/>
    <class days="0000100" id="2426" room="435" start="138" weeks="01111111111111110"/>
    <class days="1000000" id="2427" room="435" start="114" weeks="01101111111111110"/>
    <class days="0100000" id="2428" room="435" start="90" weeks="01111111111111110"/>
    <class days="1000000" id="2429" room="435" start="138" weeks="01101111111111110"/>
    <class days="1000000" id="2430" room="435" start="90" weeks="01101111111111110"/>
    <class days="0000100" id="2431" room="435" start="162" weeks="01111111111111110"/>
    <class days="1010000" id="2432" room="360" start="90" weeks="01111111111111110"/>
    <class days="0010000" id="2433" room="84" start="138" weeks="01111111111111110"/>
    <class days="0001000" id="2434" room="84" start="138" weeks="01111111111111110"/>
    <class days="0000100" id="2435" room="84" start="162" weeks="01111111111111110"/>
    <class days="0000100" id="2436" room="84" start="90" weeks="01111111111111110"/>
    <class days="0001000" id="2437" room="84" start="162" weeks="01111111111111110"/>
    <class days="0000100" id="2438" room="84" start="114" weeks="01111111111111110"/>
    <class days="0101000" id="2439" room="667" start="114" weeks="01111111111111110"/>
    <class days="0000100" id="2440" room="723" start="162" weeks="01111111111111110"/>
    <class days="0001000" id="2441" room="723" start="186" weeks="01111111111111110"/>
    <class days="1000000" id="2442" room="723" start="162" weeks="01101111111111110"/>
    <class days="0010000" id="2443" room="723" start="186" weeks="01111111111111110"/>
    <class days="0101000" id="2444" room="233" start="90" weeks="01111111111111110"/>
    <class days="0010100" id="2445" room="540" start="198" weeks="01111111111111110"/>
    <class days="0000100" id="2446" room="388" start="114" weeks="01111111111111110"/>
    <class days="0100000" id="2447" room="388" start="114" weeks="01111111111111110"/>
    <class days="0101000" id="2448" room="233" start="126" weeks="01111111111111110"/>
    <class days="1000100" id="2449" room="667" start="162" weeks="01111111111111110"/>
    <class days="0000100" id="2450" room="494" start="138" weeks="01111111111111110"/>
    <class days="0000100" id="2451" room="388" start="186" weeks="01111111111111110"/>
    <class days="0001000" id="2452" room="388" start="162" weeks="01111111111111110"/>
    <class days="0010000" id="2453" room="738" start="90" weeks="01111111111111110"/>
    <class days="0001000" id="2454" room="388" start="114" weeks="01111111111111110"/>
    <class days="0000100" id="2455" room="494" start="114" weeks="01111111111111110"/>
    <class days="0000100" id="2456" room="388" start="138" weeks="01111111111111110"/>
    <class days="0000100" id="2457" room="494" start="186" weeks="01111111111111110"/>
    <class days="0100000" id="2458" room="388" start="90" weeks="01111111111111110"/>
    <class days="0000100" id="2459" room="738" start="186" weeks="01111111111111110"/>
    <class days="1010000" id="2460" room="501" start="138" weeks="01111111111111110"/>
    <class days="0010000" id="2461" room="344" start="90" weeks="01111111111111110"/>
    <class days="0001000" id="2462" room="344" start="138" weeks="01111111111111110"/>
    <class days="0001000" id="2463" room="4" start="90" weeks="01111111111111110"/>
    <class days="1010000" id="2464" room="505" start="174" weeks="01111111111111110"/>
    <class days="0100000" id="2465" room="85" start="138" weeks="01111111111111110"/>
    <class days="0100000" id="2466" room="85" start="114" weeks="01111111111111110"/>
    <class days="0100000" id="2467" room="85" start="90" weeks="01111111111111110"/>
    <class days="0101000" id="2468" room="266" start="114" weeks="01111111100000000"/>
    <class days="1010000" id="2469" room="252" start="162" weeks="01111111111111110"/>
    <class days="0001000" id="2470" room="515" start="162" weeks="01111111111111110"/>
    <class days="0010000" id="2471" room="515" start="90" weeks="01111111111111110"/>
    <class days="0100000" id="2472" room="515" start="162" weeks="01111111111111110"/>
    <class days="1010000" id="2473" room="738" start="198" weeks="01111111111111110"/>
    <class days="0010000" id="2474" room="515" start="138" weeks="01111111111111110"/>
    <class days="0101000" id="2475" room="738" start="162" weeks="01111111111111110"/>
    <class days="0010000" id="2476" room="515" start="186" weeks="01111111111111110"/>
    <class days="1010000" id="2477" room="501" start="126" weeks="01111111111111110"/>
    <class days="0000100" id="2478" room="131" start="114" weeks="01111111111111110"/>
    <class days="0000100" id="2479" room="131" start="162" weeks="01111111111111110"/>
    <class days="0000100" id="2480" room="131" start="138" weeks="01111111111111110"/>
    <class days="0101000" id="2481" room="407" start="90" weeks="01111111111111110"/>
    <class days="1010000" id="2482" room="154" start="102" weeks="01111111111111110"/>
    <class days="0000100" id="2483" room="4" start="162" weeks="01111111111111110"/>
    <class days="0001000" id="2484" room="4" start="90" weeks="01111111111111110"/>
    <class days="0100000" id="2485" room="594" start="162" weeks="01111111111111110"/>
    <class days="0101000" id="2486" room="19" start="162" weeks="01111111111111110"/>
    <class days="0001000" id="2487" room="725" start="108" weeks="01000010000010010"/>
    <class days="0101000" id="2488" room="11" start="198" weeks="01111111111111110"/>
    <class days="1010000" id="2489" room="84" start="102" weeks="01111111111111110"/>
    <class days="0001000" id="2490" room="85" start="90" weeks="01111111111111110"/>
    <class days="0010000" id="2491" room="85" start="186" weeks="01111111111111110"/>
    <class days="0001000" id="2492" room="85" start="138" weeks="01111111111111110"/>
    <class days="0001000" id="2493" room="85" start="162" weeks="01111111111111110"/>
    <class days="0000100" id="2494" room="85" start="138" weeks="01111111111111110"/>
    <class days="1010000" id="2495" room="540" start="138" weeks="01111111111111110"/>
    <class days="0000100" id="2496" room="85" start="186" weeks="01111111111111110"/>
    <class days="0000100" id="2497" room="85" start="114" weeks="01111111111111110"/>
    <class days="0000100" id="2498" room="85" start="90" weeks="01111111111111110"/>
    <class days="0101000" id="2499" room="388" start="144" weeks="01111111111111110"/>
    <class days="0101000" id="2500" room="85" start="186" weeks="01111111111111110"/>
    <class days="0010000" id="2501" room="85" start="114" weeks="01111111111111110"/>
    <class days="0010000" id="2502" room="85" start="138" weeks="01111111111111110"/>
    <class days="0010000" id="2503" room="85" start="162" weeks="01111111111111110"/>
    <class days="0101000" id="2504" room="308" start="144" weeks="01111111111111110"/>
    <class days="0000100" id="2505" room="379" start="174" weeks="01111111111111110"/>
    <class days="0000100" id="2506" room="92" start="102" weeks="01111111111111110"/>
    <class days="1010000" id="2507" room="388" start="162" weeks="01111111111111110"/>
    <class days="0010000" id="2508" room="725" start="186" weeks="01111111111111110"/>
    <class days="1010000" id="2509" room="738" start="114" weeks="01111111111111110"/>
    <class days="1000000" id="2510" room="435" start="162" weeks="01101111111111110"/>
    <class days="0101000" id="2511" room="738" start="180" weeks="01111111111111110"/>
    <class days="0101000" id="2512" room="738" start="126" weeks="01111111111111110"/>
    <class days="0101000" id="2513" room="645" start="180" weeks="01111111111111110"/>
    <class days="0010000" id="2514" room="388" start="216" weeks="01111111111111110"/>
    <class days="1000000" id="2515" room="738" start="162" weeks="01101111111111110"/>
    <class days="0010000" id="2516" room="738" start="162" weeks="01111111111111110"/>
    <class days="0100000" id="2517" room="528" start="186" weeks="01111111111111110"/>
    <class days="0100000" id="2518" room="738" start="216" weeks="01111111111111110"/>
    <class days="0101000" id="2519" room="738" start="90" weeks="01111111111111110"/>
    <class days="0010000" id="2520" room="738" start="216" weeks="01111111111111110"/>
    <class days="0001000" id="2521" room="388" start="186" weeks="01111111111111110"/>
    <class days="0000100" id="2522" room="126" start="162" weeks="01111111111111110"/>
    <class days="0001000" id="2523" room="738" start="228" weeks="01111111111111110"/>
    <class days="0101000" id="2524" room="738" start="144" weeks="01111111111111110"/>
    <class days="0101000" id="2525" room="738" start="198" weeks="01111111111111110"/>
    <class days="0101000" id="2526" room="528" start="144" weeks="01111111111111110"/>
    <class days="1000100" id="2527" room="10" start="174" weeks="01111111111111110"/>
    <class days="1000100" id="2528" room="137" start="102" weeks="01111111111111110"/>
    <class days="0001000" id="2529" room="286" start="162" weeks="01111111111111110"/>
    <class days="0001000" id="2530" room="286" start="186" weeks="01111111111111110"/>
    <class days="0000100" id="2531" room="335" start="114" weeks="01111111111111110"/>
    <class days="0000100" id="2532" room="288" start="126" weeks="01111111111111110"/>
    <class days="0000100" id="2533" room="101" start="162" weeks="01111111111111110"/>
    <class days="0000100" id="2534" room="335" start="174" weeks="01111111111111110"/>
    <class days="1000000" id="2535" room="43" start="114" weeks="01101111111111110"/>
    <class days="1000000" id="2536" room="288" start="138" weeks="01101111111111110"/>
    <class days="1000000" id="2537" room="231" start="90" weeks="01101111111111110"/>
    <class days="1000000" id="2538" room="421" start="102" weeks="01101111111111110"/>
    <class days="1000000" id="2539" room="176" start="150" weeks="01101111111111110"/>
    <class days="1000000" id="2540" room="443" start="198" weeks="01101111111111110"/>
    <class days="1000000" id="2541" room="176" start="198" weeks="01101111111111110"/>
    <class days="1000000" id="2542" room="288" start="174" weeks="01101111111111110"/>
    <class days="1000000" id="2543" room="443" start="126" weeks="01101111111111110"/>
    <class days="1000000" id="2544" room="43" start="126" weeks="01101111111111110"/>
    <class days="0100000" id="2545" room="67" start="198" weeks="01111111111111110"/>
    <class days="0100000" id="2546" room="288" start="174" weeks="01111111111111110"/>
    <class days="0100000" id="2547" room="421" start="162" weeks="01111111111111110"/>
    <class days="0100000" id="2548" room="443" start="138" weeks="01111111111111110"/>
    <class days="0100000" id="2549" room="286" start="150" weeks="01111111111111110"/>
    <class days="0100000" id="2550" room="101" start="126" weeks="01111111111111110"/>
    <class days="0100000" id="2551" room="277" start="198" weeks="01111111111111110"/>
    <class days="0100000" id="2552" room="286" start="174" weeks="01111111111111110"/>
    <class days="0100000" id="2553" room="101" start="186" weeks="01111111111111110"/>
    <class days="0100000" id="2554" room="101" start="138" weeks="01111111111111110"/>
    <class days="0001000" id="2555" room="43" start="126" weeks="01111111111111110"/>
    <class days="0001000" id="2556" room="288" start="198" weeks="01111111111111110"/>
    <class days="0001000" id="2557" room="538" start="174" weeks="01111111111111110"/>
    <class days="0001000" id="2558" room="538" start="186" weeks="01111111111111110"/>
    <class days="0001000" id="2559" room="176" start="150" weeks="01111111111111110"/>
    <class days="0001000" id="2560" room="443" start="150" weeks="01111111111111110"/>
    <class days="0001000" id="2561" room="421" start="198" weeks="01111111111111110"/>
    <class days="0001000" id="2562" room="288" start="174" weeks="01111111111111110"/>
    <class days="0001000" id="2563" room="101" start="150" weeks="01111111111111110"/>
    <class days="0001000" id="2564" room="43" start="186" weeks="01111111111111110"/>
    <class days="1000000" id="2565" room="176" start="114" weeks="01101111111111110"/>
    <class days="1000000" id="2566" room="335" start="126" weeks="01101111111111110"/>
    <class days="1000000" id="2567" room="43" start="90" weeks="01101111111111110"/>
    <class days="1000000" id="2568" room="335" start="90" weeks="01101111111111110"/>
    <class days="1000000" id="2569" room="231" start="198" weeks="01101111111111110"/>
    <class days="1000000" id="2570" room="176" start="198" weeks="01101111111111110"/>
    <class days="1000000" id="2571" room="231" start="114" weeks="01101111111111110"/>
    <class days="1000000" id="2572" room="101" start="102" weeks="01101111111111110"/>
    <class days="1000000" id="2573" room="231" start="186" weeks="01101111111111110"/>
    <class days="1000000" id="2574" room="176" start="186" weeks="01101111111111110"/>
    <class days="1000000" id="2575" room="286" start="126" weeks="01101111111111110"/>
    <class days="1000000" id="2576" room="101" start="162" weeks="01101111111111110"/>
    <class days="1000000" id="2577" room="288" start="114" weeks="01101111111111110"/>
    <class days="0010000" id="2578" room="277" start="114" weeks="01111111111111110"/>
    <class days="0010000" id="2579" room="67" start="198" weeks="01111111111111110"/>
    <class days="0010000" id="2580" room="420" start="126" weeks="01111111111111110"/>
    <class days="0010000" id="2581" room="101" start="102" weeks="01111111111111110"/>
    <class days="0010000" id="2582" room="335" start="150" weeks="01111111111111110"/>
    <class days="0010000" id="2583" room="176" start="114" weeks="01111111111111110"/>
    <class days="0010000" id="2584" room="335" start="102" weeks="01111111111111110"/>
    <class days="0010000" id="2585" room="443" start="102" weeks="01111111111111110"/>
    <class days="0010000" id="2586" room="335" start="186" weeks="01111111111111110"/>
    <class days="0010000" id="2587" room="43" start="198" weeks="01111111111111110"/>
    <class days="0010000" id="2588" room="443" start="162" weeks="01111111111111110"/>
    <class days="0010000" id="2589" room="176" start="162" weeks="01111111111111110"/>
    <class days="0010000" id="2590" room="43" start="114" weeks="01111111111111110"/>
    <class days="0001000" id="2591" room="443" start="114" weeks="01111111111111110"/>
    <class days="0001000" id="2592" room="443" start="102" weeks="01111111111111110"/>
    <class days="0001000" id="2593" room="286" start="198" weeks="01111111111111110"/>
    <class days="0001000" id="2594" room="420" start="198" weeks="01111111111111110"/>
    <class days="0001000" id="2595" room="421" start="102" weeks="01111111111111110"/>
    <class days="0001000" id="2596" room="420" start="150" weeks="01111111111111110"/>
    <class days="0001000" id="2597" room="421" start="162" weeks="01111111111111110"/>
    <class days="0001000" id="2598" room="443" start="198" weeks="01111111111111110"/>
    <class days="0001000" id="2599" room="101" start="186" weeks="01111111111111110"/>
    <class days="0001000" id="2600" room="538" start="138" weeks="01111111111111110"/>
    <class days="0001000" id="2601" room="335" start="90" weeks="01111111111111110"/>
    <class days="0001000" id="2602" room="43" start="138" weeks="01111111111111110"/>
    <class days="0001000" id="2603" room="421" start="114" weeks="01111111111111110"/>
    <class days="1000000" id="2604" room="286" start="186" weeks="01101111111111110"/>
    <class days="1000000" id="2605" room="286" start="102" weeks="01101111111111110"/>
    <class days="1000000" id="2606" room="231" start="162" weeks="01101111111111110"/>
    <class days="1000000" id="2607" room="277" start="114" weeks="01101111111111110"/>
    <class days="1000000" id="2608" room="335" start="150" weeks="01101111111111110"/>
    <class days="1000000" id="2609" room="176" start="174" weeks="01101111111111110"/>
    <class days="1000000" id="2610" room="421" start="174" weeks="01101111111111110"/>
    <class days="1000000" id="2611" room="288" start="90" weeks="01101111111111110"/>
    <class days="1000000" id="2612" room="43" start="198" weeks="01101111111111110"/>
    <class days="1000000" id="2613" room="420" start="186" weeks="01101111111111110"/>
    <class days="1000000" id="2614" room="231" start="174" weeks="01101111111111110"/>
    <class days="0010000" id="2615" room="176" start="126" weeks="01111111111111110"/>
    <class days="0010000" id="2616" room="43" start="102" weeks="01111111111111110"/>
    <class days="0010000" id="2617" room="176" start="150" weeks="01111111111111110"/>
    <class days="0010000" id="2618" room="421" start="174" weeks="01111111111111110"/>
    <class days="0010000" id="2619" room="420" start="174" weeks="01111111111111110"/>
    <class days="0010000" id="2620" room="288" start="114" weeks="01111111111111110"/>
    <class days="0010000" id="2621" room="176" start="198" weeks="01111111111111110"/>
    <class days="0010000" id="2622" room="286" start="186" weeks="01111111111111110"/>
    <class days="0010000" id="2623" room="101" start="90" weeks="01111111111111110"/>
    <class days="0010000" id="2624" room="67" start="126" weeks="01111111111111110"/>
    <class days="0010000" id="2625" room="176" start="186" weeks="01111111111111110"/>
    <class days="0000100" id="2626" room="288" start="162" weeks="01111111111111110"/>
    <class days="0000100" id="2627" room="335" start="102" weeks="01111111111111110"/>
    <class days="0000100" id="2628" room="43" start="162" weeks="01111111111111110"/>
    <class days="0000100" id="2629" room="443" start="126" weeks="01111111111111110"/>
    <class days="0000100" id="2630" room="67" start="126" weeks="01111111111111110"/>
    <class days="0000100" id="2631" room="286" start="114" weeks="01111111111111110"/>
    <class days="0000100" id="2632" room="277" start="174" weeks="01111111111111110"/>
    <class days="0000100" id="2633" room="335" start="150" weeks="01111111111111110"/>
    <class days="0000100" id="2634" room="277" start="198" weeks="01111111111111110"/>
    <class days="0000100" id="2635" room="443" start="198" weeks="01111111111111110"/>
    <class days="0000100" id="2636" room="538" start="90" weeks="01111111111111110"/>
    <class days="0100000" id="2637" room="176" start="198" weeks="01111111111111110"/>
    <class days="0100000" id="2638" room="176" start="138" weeks="01111111111111110"/>
    <class days="0100000" id="2639" room="176" start="90" weeks="01111111111111110"/>
    <class days="0100000" id="2640" room="176" start="186" weeks="01111111111111110"/>
    <class days="0100000" id="2641" room="176" start="162" weeks="01111111111111110"/>
    <class days="0001000" id="2642" room="176" start="174" weeks="01111111111111110"/>
    <class days="0001000" id="2643" room="176" start="198" weeks="01111111111111110"/>
    <class days="0001000" id="2644" room="176" start="90" weeks="01111111111111110"/>
    <class days="0001000" id="2645" room="176" start="186" weeks="01111111111111110"/>
    <class days="0001000" id="2646" room="176" start="138" weeks="01111111111111110"/>
    <class days="0000100" id="2647" room="43" start="102" weeks="01111111111111110"/>
    <class days="0000100" id="2648" room="43" start="114" weeks="01111111111111110"/>
    <class days="0000100" id="2649" room="43" start="90" weeks="01111111111111110"/>
    <class days="0000100" id="2650" room="43" start="186" weeks="01111111111111110"/>
    <class days="0000100" id="2651" room="43" start="138" weeks="01111111111111110"/>
    <class days="0100000" id="2652" room="538" start="102" weeks="01111111111111110"/>
    <class days="0100000" id="2653" room="538" start="114" weeks="01111111111111110"/>
    <class days="0100000" id="2654" room="538" start="174" weeks="01111111111111110"/>
    <class days="0100000" id="2655" room="538" start="186" weeks="01111111111111110"/>
    <class days="0001000" id="2656" room="538" start="162" weeks="01111111111111110"/>
    <class days="0001000" id="2657" room="538" start="114" weeks="01111111111111110"/>
    <class days="0001000" id="2658" room="538" start="126" weeks="01111111111111110"/>
    <class days="0001000" id="2659" room="538" start="90" weeks="01111111111111110"/>
    <class days="0000100" id="2660" room="288" start="198" weeks="01111111111111110"/>
    <class days="0000100" id="2661" room="288" start="114" weeks="01111111111111110"/>
    <class days="0000100" id="2662" room="288" start="90" weeks="01111111111111110"/>
    <class days="0000100" id="2663" room="288" start="150" weeks="01111111111111110"/>
    <class days="0100000" id="2664" room="231" start="174" weeks="01111111111111110"/>
    <class days="0100000" id="2665" room="231" start="162" weeks="01111111111111110"/>
    <class days="0100000" id="2666" room="231" start="114" weeks="01111111111111110"/>
    <class days="0100000" id="2667" room="231" start="186" weeks="01111111111111110"/>
    <class days="0100000" id="2668" room="231" start="90" weeks="01111111111111110"/>
    <class days="0100000" id="2669" room="231" start="126" weeks="01111111111111110"/>
    <class days="0100000" id="2670" room="231" start="150" weeks="01111111111111110"/>
    <class days="0100000" id="2671" room="231" start="102" weeks="01111111111111110"/>
    <class days="0100000" id="2672" room="231" start="198" weeks="01111111111111110"/>
    <class days="0100000" id="2673" room="231" start="138" weeks="01111111111111110"/>
    <class days="0010000" id="2674" room="231" start="150" weeks="01111111111111110"/>
    <class days="0010000" id="2675" room="231" start="162" weeks="01111111111111110"/>
    <class days="0010000" id="2676" room="231" start="138" weeks="01111111111111110"/>
    <class days="0010000" id="2677" room="231" start="90" weeks="01111111111111110"/>
    <class days="0010000" id="2678" room="231" start="186" weeks="01111111111111110"/>
    <class days="0010000" id="2679" room="231" start="126" weeks="01111111111111110"/>
    <class days="0010000" id="2680" room="231" start="174" weeks="01111111111111110"/>
    <class days="0010000" id="2681" room="231" start="102" weeks="01111111111111110"/>
    <class days="0010000" id="2682" room="231" start="198" weeks="01111111111111110"/>
    <class days="0010000" id="2683" room="231" start="150" weeks="01111111111111110"/>
    <class days="0000100" id="2684" room="231" start="138" weeks="01111111111111110"/>
    <class days="0000100" id="2685" room="231" start="162" weeks="01111111111111110"/>
    <class days="0000100" id="2686" room="231" start="126" weeks="01111111111111110"/>
    <class days="0000100" id="2687" room="231" start="90" weeks="01111111111111110"/>
    <class days="0000100" id="2688" room="231" start="174" weeks="01111111111111110"/>
    <class days="0000100" id="2689" room="231" start="186" weeks="01111111111111110"/>
    <class days="0000100" id="2690" room="231" start="150" weeks="01111111111111110"/>
    <class days="0000100" id="2691" room="231" start="102" weeks="01111111111111110"/>
    <class days="0000100" id="2692" room="231" start="198" weeks="01111111111111110"/>
    <class days="0000100" id="2693" room="231" start="114" weeks="01111111111111110"/>
    <class days="1000000" id="2694" room="43" start="186" weeks="01101111111111110"/>
    <class days="1000000" id="2695" room="176" start="162" weeks="01101111111111110"/>
    <class days="1000000" id="2696" room="288" start="198" weeks="01101111111111110"/>
    <class days="1000000" id="2697" room="231" start="102" weeks="01101111111111110"/>
    <class days="1000000" id="2698" room="101" start="90" weeks="01101111111111110"/>
    <class days="1000000" id="2699" room="288" start="102" weeks="01101111111111110"/>
    <class days="1000000" id="2700" room="67" start="174" weeks="01101111111111110"/>
    <class days="1000000" id="2701" room="335" start="114" weeks="01101111111111110"/>
    <class days="1000000" id="2702" room="67" start="138" weeks="01101111111111110"/>
    <class days="1000000" id="2703" room="335" start="186" weeks="01101111111111110"/>
    <class days="1000000" id="2704" room="286" start="114" weeks="01101111111111110"/>
    <class days="1000000" id="2705" room="43" start="150" weeks="01101111111111110"/>
    <class days="1000000" id="2706" room="443" start="162" weeks="01101111111111110"/>
    <class days="1000000" id="2707" room="67" start="126" weeks="01101111111111110"/>
    <class days="1000000" id="2708" room="286" start="90" weeks="01101111111111110"/>
    <class days="1000000" id="2709" room="335" start="138" weeks="01101111111111110"/>
    <class days="1000000" id="2710" room="231" start="150" weeks="01101111111111110"/>
    <class days="1000000" id="2711" room="538" start="90" weeks="01101111111111110"/>
    <class days="1000000" id="2712" room="67" start="90" weeks="01101111111111110"/>
    <class days="1000000" id="2713" room="420" start="174" weeks="01101111111111110"/>
    <class days="1000000" id="2714" room="231" start="126" weeks="01101111111111110"/>
    <class days="1000000" id="2715" room="443" start="114" weeks="01101111111111110"/>
    <class days="1000000" id="2716" room="231" start="138" weeks="01101111111111110"/>
    <class days="1000000" id="2717" room="277" start="198" weeks="01101111111111110"/>
    <class days="0100000" id="2718" room="43" start="198" weeks="01111111111111110"/>
    <class days="0100000" id="2719" room="443" start="198" weeks="01111111111111110"/>
    <class days="0100000" id="2720" room="277" start="126" weeks="01111111111111110"/>
    <class days="0100000" id="2721" room="288" start="102" weeks="01111111111111110"/>
    <class days="0100000" id="2722" room="538" start="90" weeks="01111111111111110"/>
    <class days="0100000" id="2723" room="176" start="114" weeks="01111111111111110"/>
    <class days="0100000" id="2724" room="421" start="150" weeks="01111111111111110"/>
    <class days="0100000" id="2725" room="443" start="102" weeks="01111111111111110"/>
    <class days="0100000" id="2726" room="421" start="90" weeks="01111111111111110"/>
    <class days="0100000" id="2727" room="43" start="126" weeks="01111111111111110"/>
    <class days="0100000" id="2728" room="335" start="198" weeks="01111111111111110"/>
    <class days="0100000" id="2729" room="67" start="162" weeks="01111111111111110"/>
    <class days="0100000" id="2730" room="420" start="90" weeks="01111111111111110"/>
    <class days="0100000" id="2731" room="421" start="102" weeks="01111111111111110"/>
    <class days="0100000" id="2732" room="443" start="150" weeks="01111111111111110"/>
    <class days="0100000" id="2733" room="288" start="198" weeks="01111111111111110"/>
    <class days="0100000" id="2734" room="420" start="186" weeks="01111111111111110"/>
    <class days="0100000" id="2735" room="420" start="150" weeks="01111111111111110"/>
    <class days="0100000" id="2736" room="538" start="126" weeks="01111111111111110"/>
    <class days="0100000" id="2737" room="43" start="186" weeks="01111111111111110"/>
    <class days="0100000" id="2738" room="176" start="126" weeks="01111111111111110"/>
    <class days="0100000" id="2739" room="335" start="90" weeks="01111111111111110"/>
    <class days="0100000" id="2740" room="67" start="90" weeks="01111111111111110"/>
    <class days="0100000" id="2741" room="288" start="114" weeks="01111111111111110"/>
    <class days="0001000" id="2742" room="420" start="186" weeks="01111111111111110"/>
    <class days="0001000" id="2743" room="288" start="126" weeks="01111111111111110"/>
    <class days="0001000" id="2744" room="538" start="150" weeks="01111111111111110"/>
    <class days="0001000" id="2745" room="277" start="90" weeks="01111111111111110"/>
    <class days="0001000" id="2746" room="420" start="102" weeks="01111111111111110"/>
    <class days="0001000" id="2747" room="443" start="138" weeks="01111111111111110"/>
    <class days="0001000" id="2748" room="43" start="150" weeks="01111111111111110"/>
    <class days="0001000" id="2749" room="231" start="186" weeks="01111111111111110"/>
    <class days="0001000" id="2750" room="277" start="126" weeks="01111111111111110"/>
    <class days="0001000" id="2751" room="231" start="102" weeks="01111111111111110"/>
    <class days="0001000" id="2752" room="286" start="90" weeks="01111111111111110"/>
    <class days="0001000" id="2753" room="231" start="198" weeks="01111111111111110"/>
    <class days="0001000" id="2754" room="67" start="162" weeks="01111111111111110"/>
    <class days="0001000" id="2755" room="231" start="150" weeks="01111111111111110"/>
    <class days="0001000" id="2756" room="231" start="138" weeks="01111111111111110"/>
    <class days="0001000" id="2757" room="101" start="198" weeks="01111111111111110"/>
    <class days="0001000" id="2758" room="288" start="162" weeks="01111111111111110"/>
    <class days="0001000" id="2759" room="67" start="90" weeks="01111111111111110"/>
    <class days="0001000" id="2760" room="288" start="102" weeks="01111111111111110"/>
    <class days="0001000" id="2761" room="443" start="126" weeks="01111111111111110"/>
    <class days="0001000" id="2762" room="277" start="198" weeks="01111111111111110"/>
    <class days="0001000" id="2763" room="101" start="138" weeks="01111111111111110"/>
    <class days="0001000" id="2764" room="421" start="150" weeks="01111111111111110"/>
    <class days="0001000" id="2765" room="176" start="126" weeks="01111111111111110"/>
    <class days="0100000" id="2766" room="443" start="126" weeks="01111111111111110"/>
    <class days="0001000" id="2767" room="231" start="126" weeks="01111111111111110"/>
    <class days="0000100" id="2768" room="43" start="126" weeks="01111111111111110"/>
    <class days="0100000" id="2769" room="43" start="150" weeks="01111111111111110"/>
    <class days="0010000" id="2770" room="43" start="150" weeks="01111111111111110"/>
    <class days="0000100" id="2771" room="176" start="150" weeks="01111111111111110"/>
    <class days="1010100" id="2772" room="538" start="114" weeks="01111111111111110"/>
    <class days="1010100" id="2773" room="538" start="186" weeks="01111111111111110"/>
    <class days="1010100" id="2774" room="538" start="162" weeks="01111111111111110"/>
    <class days="1010100" id="2775" room="538" start="138" weeks="01111111111111110"/>
    <class days="1000000" id="2776" room="335" start="102" weeks="01101111111111110"/>
    <class days="1000000" id="2777" room="420" start="114" weeks="01101111111111110"/>
    <class days="1000000" id="2778" room="277" start="162" weeks="01101111111111110"/>
    <class days="1000000" id="2779" room="538" start="174" weeks="01101111111111110"/>
    <class days="1000000" id="2780" room="288" start="126" weeks="01101111111111110"/>
    <class days="1000000" id="2781" room="288" start="150" weeks="01101111111111110"/>
    <class days="1000000" id="2782" room="288" start="162" weeks="01101111111111110"/>
    <class days="1000000" id="2783" room="443" start="150" weeks="01101111111111110"/>
    <class days="1000000" id="2784" room="101" start="138" weeks="01101111111111110"/>
    <class days="1000000" id="2785" room="176" start="126" weeks="01101111111111110"/>
    <class days="0010000" id="2786" room="286" start="102" weeks="01111111111111110"/>
    <class days="0010000" id="2787" room="443" start="114" weeks="01111111111111110"/>
    <class days="0010000" id="2788" room="43" start="162" weeks="01111111111111110"/>
    <class days="0010000" id="2789" room="176" start="174" weeks="01111111111111110"/>
    <class days="0010000" id="2790" room="286" start="126" weeks="01111111111111110"/>
    <class days="0010000" id="2791" room="443" start="150" weeks="01111111111111110"/>
    <class days="0010000" id="2792" room="277" start="162" weeks="01111111111111110"/>
    <class days="0010000" id="2793" room="286" start="150" weeks="01111111111111110"/>
    <class days="0010000" id="2794" room="288" start="138" weeks="01111111111111110"/>
    <class days="0010000" id="2795" room="43" start="126" weeks="01111111111111110"/>
    <class days="0000100" id="2796" room="443" start="102" weeks="01111111111111110"/>
    <class days="0000100" id="2797" room="420" start="114" weeks="01111111111111110"/>
    <class days="0000100" id="2798" room="176" start="162" weeks="01111111111111110"/>
    <class days="0000100" id="2799" room="538" start="174" weeks="01111111111111110"/>
    <class days="0000100" id="2800" room="286" start="126" weeks="01111111111111110"/>
    <class days="0000100" id="2801" room="43" start="150" weeks="01111111111111110"/>
    <class days="0000100" id="2802" room="335" start="162" weeks="01111111111111110"/>
    <class days="0000100" id="2803" room="420" start="150" weeks="01111111111111110"/>
    <class days="0000100" id="2804" room="101" start="138" weeks="01111111111111110"/>
    <class days="0000100" id="2805" room="420" start="126" weeks="01111111111111110"/>
    <class days="0100000" id="2806" room="67" start="174" weeks="01111111111111110"/>
    <class days="0100000" id="2807" room="176" start="174" weeks="01111111111111110"/>
    <class days="0001000" id="2808" room="231" start="174" weeks="01111111111111110"/>
    <class days="0001000" id="2809" room="286" start="174" weeks="01111111111111110"/>
    <class days="0000100" id="2810" room="420" start="174" weeks="01111111111111110"/>
    <class days="0000100" id="2811" room="288" start="174" weeks="01111111111111110"/>
    <class days="1010100" id="2812" room="67" start="114" weeks="01111111111111110"/>
    <class days="0010000" id="2813" room="335" start="210" weeks="01111111111111110"/>
    <class days="0001000" id="2814" room="231" start="210" weeks="01111111111111110"/>
    <class days="0001000" id="2815" room="43" start="222" weeks="01111111111111110"/>
    <class days="1010000" id="2816" room="372" start="162" weeks="01111111111111110"/>
    <class days="0010000" id="2817" room="554" start="186" weeks="01111111111111110"/>
    <class days="1000000" id="2818" room="554" start="150" weeks="01101111111111110"/>
    <class days="0010000" id="2819" room="554" start="102" weeks="01111111111111110"/>
    <class days="1000000" id="2820" room="554" start="186" weeks="01101111111111110"/>
    <class days="1000000" id="2821" room="554" start="198" weeks="01101111111111110"/>
    <class days="1010100" id="2822" room="277" start="102" weeks="01111111111111110"/>
    <class days="1010100" id="2823" room="277" start="126" weeks="01111111111111110"/>
    <class days="0101000" id="2824" room="277" start="162" weeks="01111111111111110"/>
    <class days="0101000" id="2825" room="277" start="180" weeks="01111111111111110"/>
    <class days="0101000" id="2826" room="277" start="108" weeks="01111111111111110"/>
    <class days="1010100" id="2827" room="277" start="150" weeks="01111111111111110"/>
    <class days="1010100" id="2828" room="421" start="198" weeks="01111111111111110"/>
    <class days="1010100" id="2829" room="43" start="174" weeks="01111111111111110"/>
    <class days="1010100" id="2830" room="176" start="90" weeks="01111111111111110"/>
    <class days="1010100" id="2831" room="176" start="102" weeks="01111111111111110"/>
    <class days="1010100" id="2832" room="277" start="138" weeks="01111111111111110"/>
    <class days="1010100" id="2833" room="286" start="162" weeks="01111111111111110"/>
    <class days="1010100" id="2834" room="420" start="198" weeks="01111111111111110"/>
    <class days="1010100" id="2835" room="43" start="174" weeks="01111111111111110"/>
    <class days="1010100" id="2836" room="538" start="102" weeks="01111111111111110"/>
    <class days="1010100" id="2837" room="538" start="126" weeks="01111111111111110"/>
    <class days="1010100" id="2838" room="443" start="90" weeks="01111111111111110"/>
    <class days="1010100" id="2839" room="421" start="90" weeks="01111111111111110"/>
    <class days="1010100" id="2840" room="421" start="150" weeks="01111111111111110"/>
    <class days="1010100" id="2841" room="421" start="186" weeks="01111111111111110"/>
    <class days="1010100" id="2842" room="421" start="114" weeks="01111111111111110"/>
    <class days="1010100" id="2843" room="421" start="138" weeks="01111111111111110"/>
    <class days="1010100" id="2844" room="421" start="150" weeks="01111111111111110"/>
    <class days="1010100" id="2845" room="421" start="162" weeks="01111111111111110"/>
    <class days="1010100" id="2846" room="421" start="126" weeks="01111111111111110"/>
    <class days="1010100" id="2847" room="67" start="162" weeks="01111111111111110"/>
    <class days="0101000" id="2848" room="335" start="144" weeks="01111111111111110"/>
    <class days="0101000" id="2849" room="43" start="162" weeks="01111111111111110"/>
    <class days="0101000" id="2850" start="126" weeks="01111111111111110"/>
    <class days="0101000" id="2851" room="67" start="126" weeks="01111111111111110"/>
    <class days="1010000" id="2852" room="217" start="138" weeks="01111111111111110"/>
    <class days="1010000" id="2853" room="217" start="114" weeks="01111111111111110"/>
    <class days="1010000" id="2854" room="217" start="126" weeks="01111111111111110"/>
    <class days="1010000" id="2855" room="217" start="150" weeks="01111111111111110"/>
    <class days="1010000" id="2856" room="745" start="198" weeks="01111111111111110"/>
    <class days="0101000" id="2857" room="347" start="162" weeks="01111111111111110"/>
    <class days="1010100" id="2858" room="217" start="186" weeks="01111111111111110"/>
    <class days="1010100" id="2859" room="217" start="102" weeks="01111111111111110"/>
    <class days="0101000" id="2860" room="400" start="162" weeks="01111111111111110"/>
    <class days="1010000" id="2861" room="400" start="138" weeks="01111111111111110"/>
    <class days="1010000" id="2862" room="400" start="150" weeks="01111111111111110"/>
    <class days="0101000" id="2863" room="400" start="174" weeks="01111111111111110"/>
    <class days="1010100" id="2864" room="443" start="138" weeks="01111111111111110"/>
    <class days="1010100" id="2865" room="443" start="138" weeks="01111111111111110"/>
    <class days="0101000" id="2866" room="716" start="138" weeks="01111111111111110"/>
    <class days="0000100" id="2867" room="721" start="186" weeks="01111111111111110"/>
    <class days="0010000" id="2868" room="721" start="126" weeks="01111111111111110"/>
    <class days="1000000" id="2869" room="721" start="198" weeks="01101111111111110"/>
    <class days="0000100" id="2870" room="721" start="162" weeks="01111111111111110"/>
    <class days="0101000" id="2871" room="217" start="108" weeks="01111111111111110"/>
    <class days="0101000" id="2872" room="217" start="126" weeks="01111111111111110"/>
    <class days="0101000" id="2873" room="420" start="126" weeks="01111111111111110"/>
    <class days="1010100" id="2874" room="101" start="114" weeks="01111111111111110"/>
    <class days="1010100" id="2875" room="101" start="150" weeks="01111111111111110"/>
    <class days="1010100" id="2876" room="101" start="126" weeks="01111111111111110"/>
    <class days="1010100" id="2877" room="101" start="150" weeks="01111111111111110"/>
    <class days="1010100" id="2878" room="538" start="198" weeks="01111111111111110"/>
    <class days="1010100" id="2879" room="277" start="186" weeks="01111111111111110"/>
    <class days="0101000" id="2880" room="641" start="108" weeks="01111111111111110"/>
    <class days="1010100" id="2881" room="67" start="186" weeks="01111111111111110"/>
    <class days="0101000" id="2882" room="43" start="108" weeks="01111111111111110"/>
    <class days="0101000" id="2883" room="286" start="108" weeks="01111111111111110"/>
    <class days="1010100" id="2884" room="288" start="186" weeks="01111111111111110"/>
    <class days="1010100" id="2885" room="101" start="186" weeks="01111111111111110"/>
    <class days="1010100" id="2886" room="286" start="138" weeks="01111111111111110"/>
    <class days="1010100" id="2887" room="286" start="174" weeks="01111111111111110"/>
    <class days="1010100" id="2888" room="286" start="174" weeks="01111111111111110"/>
    <class days="1010100" id="2889" room="286" start="198" weeks="01111111111111110"/>
    <class days="1010100" id="2890" room="176" start="138" weeks="01111111111111110"/>
    <class days="0101000" id="2891" room="288" start="144" weeks="01111111111111110"/>
    <class days="0101000" id="2892" room="443" start="162" weeks="01111111111111110"/>
    <class days="0010000" id="2893" room="421" start="210" weeks="01111111111111110"/>
    <class days="0101000" id="2894" room="101" start="162" weeks="01111111111111110"/>
    <class days="0101000" id="2895" room="443" start="180" weeks="01111111111111110"/>
    <class days="1000000" id="2896" room="419" start="186" weeks="01101111111111110"/>
    <class days="0101000" id="2897" room="38" start="138" weeks="01111111111111110"/>
    <class days="1010000" id="2898" room="38" start="138" weeks="01111111111111110"/>
    <class days="1010000" id="2899" room="38" start="90" weeks="01111111111111110"/>
    <class days="0010100" id="2900" room="38" start="162" weeks="01111111111111110"/>
    <class days="0101000" id="2901" room="38" start="114" weeks="01111111111111110"/>
    <class days="0101000" id="2902" room="38" start="162" weeks="01111111111111110"/>
    <class days="0101000" id="2903" room="38" start="186" weeks="01111111111111110"/>
    <class days="0101000" id="2904" room="38" start="216" weeks="01111111111111110"/>
    <class days="0101000" id="2905" room="335" start="108" weeks="01111111111111110"/>
    <class days="0101000" id="2906" room="421" start="126" weeks="01111111111111110"/>
    <class days="0101000" id="2907" room="421" start="180" weeks="01111111111111110"/>
    <class days="0101000" id="2908" room="335" start="126" weeks="01111111111111110"/>
    <class days="0101000" id="2909" room="67" start="108" weeks="01111111111111110"/>
    <class days="1010100" id="2910" room="538" start="150" weeks="01111111111111110"/>
    <class days="0101000" id="2911" room="400" start="186" weeks="01111111111111110"/>
    <class days="0101000" id="2912" room="400" start="198" weeks="01111111111111110"/>
    <class days="1010100" id="2913" room="101" start="174" weeks="01111111111111110"/>
    <class days="0101000" id="2914" room="67" start="180" weeks="01111111111111110"/>
    <class days="1010100" id="2915" room="277" start="90" weeks="01111111111111110"/>
    <class days="0101000" id="2916" room="277" start="144" weeks="01111111111111110"/>
    <class days="0101000" id="2917" room="67" start="144" weeks="01111111111111110"/>
    <class days="1010000" id="2918" room="101" start="198" weeks="01111111111111110"/>
    <class days="1010100" id="2919" room="67" start="150" weeks="01111111111111110"/>
    <class days="0101000" id="2920" room="335" start="180" weeks="01111111111111110"/>
    <class days="1010000" id="2921" room="335" start="162" weeks="01111111111111110"/>
    <class days="1010000" id="2922" room="400" start="198" weeks="01111111111111110"/>
    <class days="1010000" id="2923" room="400" start="114" weeks="01111111111111110"/>
    <class days="0101000" id="2924" room="400" start="114" weeks="01111111111111110"/>
    <class days="1010000" id="2925" room="400" start="126" weeks="01111111111111110"/>
    <class days="0101000" id="2926" room="400" start="126" weeks="01111111111111110"/>
    <class days="1010000" id="2927" room="400" start="162" weeks="01111111111111110"/>
    <class days="1010000" id="2928" room="400" start="174" weeks="01111111111111110"/>
    <class days="1000000" id="2929" room="400" start="216" weeks="01101111111111110"/>
    <class days="1010000" id="2930" room="420" start="138" weeks="01111111111111110"/>
    <class days="1010000" id="2931" room="420" start="150" weeks="01111111111111110"/>
    <class days="0101000" id="2932" room="420" start="162" weeks="01111111111111110"/>
    <class days="0101000" id="2933" room="286" start="126" weeks="01111111111111110"/>
    <class days="1000000" id="2934" room="420" start="216" weeks="01101111111111110"/>
    <class days="0101000" id="2935" room="217" start="198" weeks="01111111111111110"/>
    <class days="0101000" id="2936" room="101" start="108" weeks="01111111111111110"/>
    <class days="0010000" id="2937" room="443" start="216" weeks="01111111111111110"/>
    <class days="0001000" id="2938" room="335" start="216" weeks="01111111111111110"/>
    <class days="0101000" id="2939" room="217" start="180" weeks="01111111111111110"/>
    <class days="0100000" id="2940" room="335" start="216" weeks="01111111111111110"/>
    <class days="0101000" id="2941" room="217" start="144" weeks="01111111111111110"/>
    <class days="0101000" id="2942" room="335" start="162" weeks="01111111111111110"/>
    <class days="1010100" id="2943" room="443" start="174" weeks="01111111111111110"/>
    <class days="0010000" id="2944" room="727" start="162" weeks="01111111111111110"/>
    <class days="0000100" id="2945" room="215" start="102" weeks="01111111111111110"/>
    <class days="0001000" id="2946" room="727" start="102" weeks="01111111111111110"/>
    <class days="0001000" id="2947" room="727" start="126" weeks="01111111111111110"/>
    <class days="1000000" id="2948" room="727" start="198" weeks="01101111111111110"/>
    <class days="0100000" id="2949" room="727" start="120" weeks="01111111111111110"/>
    <class days="0001000" id="2950" room="197" start="114" weeks="01111111111111110"/>
    <class days="0101000" id="2951" room="501" start="198" weeks="01111111111111110"/>
    <class days="0010000" id="2952" room="639" start="186" weeks="01111111111111110"/>
    <class days="0100000" id="2953" room="639" start="114" weeks="01111111111111110"/>
    <class days="1000000" id="2954" room="501" start="150" weeks="01101111111111110"/>
    <class days="1000000" id="2955" room="501" start="174" weeks="01101111111111110"/>
    <class days="0001000" id="2956" room="639" start="150" weeks="01111111111111110"/>
    <class days="0000100" id="2957" room="501" start="138" weeks="01111111111111110"/>
    <class days="0100000" id="2958" room="501" start="96" weeks="01111111111111110"/>
    <class days="1000000" id="2959" room="639" start="90" weeks="01101111111111110"/>
    <class days="0000100" id="2960" room="639" start="162" weeks="01111111111111110"/>
    <class days="0100000" id="2961" room="501" start="156" weeks="01111111111111110"/>
    <class days="1000000" id="2962" room="501" start="162" weeks="01101111111111110"/>
    <class days="1000000" id="2963" room="639" start="186" weeks="01101111111111110"/>
    <class days="0010000" id="2964" room="639" start="90" weeks="01111111111111110"/>
    <class days="0010000" id="2965" room="460" start="138" weeks="01111111100000000"/>
    <class days="0001000" id="2966" room="502" start="180" weeks="00000000011111110"/>
    <class days="0100000" id="2967" room="373" start="174" weeks="01111111111111110"/>
    <class days="0010000" id="2968" room="42" start="162" weeks="01111111111111110"/>
    <class days="0000100" id="2969" room="42" start="186" weeks="01111111111111110"/>
    <class days="0000100" id="2970" room="42" start="138" weeks="01111111111111110"/>
    <class days="0010000" id="2971" room="42" start="90" weeks="01111111111111110"/>
    <class days="0000100" id="2972" room="42" start="162" weeks="01111111111111110"/>
    <class days="0010000" id="2973" room="42" start="186" weeks="01111111111111110"/>
    <class days="0010000" id="2974" room="435" start="186" weeks="01111111111111110"/>
    <class days="0101000" id="2975" room="373" start="186" weeks="01111111111111110"/>
    <class days="0010000" id="2976" room="392" start="114" weeks="01111111111111110"/>
    <class days="0100000" id="2977" room="392" start="162" weeks="01111111111111110"/>
    <class days="0000100" id="2978" room="392" start="90" weeks="01111111111111110"/>
    <class days="1010000" id="2979" room="373" start="150" weeks="01111111111111110"/>
    <class days="0101000" id="2980" room="373" start="198" weeks="01111111111111110"/>
    <class days="1010000" id="2981" room="373" start="186" weeks="01111111111111110"/>
    <class days="0101000" id="2982" start="186" weeks="01111111111111110"/>
    <class days="1000000" id="2983" room="392" start="162" weeks="01101111111111110"/>
    <class days="0000100" id="2984" room="392" start="162" weeks="01111111111111110"/>
    <class days="0100000" id="2985" room="392" start="186" weeks="01111111111111110"/>
    <class days="0001000" id="2986" room="392" start="138" weeks="01111111111111110"/>
    <class days="0000100" id="2987" room="392" start="138" weeks="01111111111111110"/>
    <class days="0100000" id="2988" room="392" start="114" weeks="01111111111111110"/>
    <class days="1000000" id="2989" room="392" start="186" weeks="01101111111111110"/>
    <class days="0001000" id="2990" room="392" start="162" weeks="01111111111111110"/>
    <class days="0000100" id="2991" room="392" start="186" weeks="01111111111111110"/>
    <class days="0010000" id="2992" room="392" start="162" weeks="01111111111111110"/>
    <class days="0010000" id="2993" room="392" start="90" weeks="01111111111111110"/>
    <class days="0001000" id="2994" room="392" start="186" weeks="01111111111111110"/>
    <class days="1000000" id="2995" room="392" start="138" weeks="01101111111111110"/>
    <class days="0010000" id="2996" room="392" start="138" weeks="01111111111111110"/>
    <class days="0001000" id="2997" room="392" start="114" weeks="01111111111111110"/>
    <class days="0001000" id="2998" room="392" start="90" weeks="01111111111111110"/>
    <class days="1000000" id="2999" room="392" start="90" weeks="01101111111111110"/>
    <class days="0100000" id="3000" room="392" start="138" weeks="01111111111111110"/>
    <class days="0000100" id="3001" room="392" start="114" weeks="01111111111111110"/>
    <class days="1000000" id="3002" room="373" start="102" weeks="01101111111111110"/>
    <class days="1000000" id="3003" room="373" start="138" weeks="01101111111111110"/>
    <class days="0100000" id="3004" room="379" start="126" weeks="01111111111111110"/>
    <class days="0010000" id="3005" room="364" start="186" weeks="01111111111111110"/>
    <class days="0010000" id="3006" room="240" start="186" weeks="01111111111111110"/>
    <class days="0100000" id="3007" room="92" start="126" weeks="01111111111111110"/>
    <class days="0010000" id="3008" room="368" start="102" weeks="01111111111111110"/>
    <class days="0010000" id="3009" room="4" start="186" weeks="01111111111111110"/>
    <class days="0001000" id="3010" room="723" start="90" weeks="01111111111111110"/>
    <class days="0100000" id="3011" room="721" start="138" weeks="01111111111111110"/>
    <class days="0001000" id="3012" room="42" start="114" weeks="01111111111111110"/>
    <class days="0010000" id="3013" room="536" start="162" weeks="01111111111111110"/>
    <class days="0001000" id="3014" room="723" start="162" weeks="01111111111111110"/>
    <class days="0000100" id="3015" room="536" start="114" weeks="01111111111111110"/>
    <class days="0010000" id="3016" room="42" start="138" weeks="01111111111111110"/>
    <class days="0000100" id="3017" room="723" start="114" weeks="01111111111111110"/>
    <class days="0010000" id="3018" room="517" start="186" weeks="01111111111111110"/>
    <class days="1010100" id="3019" room="237" start="90" weeks="01111111111111110"/>
    <class days="0000100" id="3020" room="307" start="186" weeks="01111111111111110"/>
    <class days="0000100" id="3021" room="648" start="138" weeks="01111111111111110"/>
    <class days="0001000" id="3022" room="358" start="162" weeks="01111111111111110"/>
    <class days="0000100" id="3023" room="72" start="162" weeks="01111111111111110"/>
    <class days="0001000" id="3024" room="523" start="114" weeks="01111111111111110"/>
    <class days="0010000" id="3025" room="523" start="114" weeks="01111111111111110"/>
    <class days="0001000" id="3026" room="648" start="138" weeks="01111111111111110"/>
    <class days="0001000" id="3027" room="358" start="186" weeks="01111111111111110"/>
    <class days="0100000" id="3028" room="307" start="186" weeks="01111111111111110"/>
    <class days="0001000" id="3029" room="523" start="186" weeks="01111111111111110"/>
    <class days="0001000" id="3030" room="144" start="138" weeks="01111111111111110"/>
    <class days="0100000" id="3031" room="144" start="186" weeks="01111111111111110"/>
    <class days="0100000" id="3032" room="72" start="114" weeks="01111111111111110"/>
    <class days="0010000" id="3033" room="307" start="114" weeks="01111111111111110"/>
    <class days="0001000" id="3034" room="72" start="114" weeks="01111111111111110"/>
    <class days="0010000" id="3035" room="648" start="138" weeks="01111111111111110"/>
    <class days="0010000" id="3036" room="72" start="186" weeks="01111111111111110"/>
    <class days="0000100" id="3037" room="523" start="114" weeks="01111111111111110"/>
    <class days="0001000" id="3038" room="648" start="114" weeks="01111111111111110"/>
    <class days="0000100" id="3039" room="523" start="186" weeks="01111111111111110"/>
    <class days="0001000" id="3040" room="307" start="114" weeks="01111111111111110"/>
    <class days="0001000" id="3041" room="523" start="162" weeks="01111111111111110"/>
    <class days="1010100" id="3042" room="378" start="114" weeks="01111111111111110"/>
    <class days="0010000" id="3043" room="523" start="162" weeks="01111111111111110"/>
    <class days="0010000" id="3044" room="358" start="186" weeks="01111111111111110"/>
    <class days="0000100" id="3045" room="523" start="162" weeks="01111111111111110"/>
    <class days="0010000" id="3046" room="358" start="138" weeks="01111111111111110"/>
    <class days="0100000" id="3047" room="307" start="114" weeks="01111111111111110"/>
    <class days="0010000" id="3048" room="648" start="186" weeks="01111111111111110"/>
    <class days="0000100" id="3049" room="72" start="138" weeks="01111111111111110"/>
    <class days="0001000" id="3050" room="648" start="186" weeks="01111111111111110"/>
    <class days="0000100" id="3051" room="144" start="138" weeks="01111111111111110"/>
    <class days="0010000" id="3052" room="144" start="138" weeks="01111111111111110"/>
    <class days="0001000" id="3053" room="144" start="114" weeks="01111111111111110"/>
    <class days="0010000" id="3054" room="144" start="186" weeks="01111111111111110"/>
    <class days="0101000" id="3055" room="378" start="180" weeks="01111111111111110"/>
    <class days="0101000" id="3056" room="492" start="126" weeks="01111111111111110"/>
    <class days="1010000" id="3057" room="492" start="174" weeks="01111111111111110"/>
    <class days="1000100" id="3058" room="492" start="138" weeks="01111111111111110"/>
    <class days="0101000" id="3059" room="456" start="114" weeks="01111111111111110"/>
    <class days="0010100" id="3060" room="492" start="162" weeks="01111111111111110"/>
    <class days="1010000" id="3061" room="492" start="102" weeks="01111111111111110"/>
    <class days="1000100" id="3062" room="456" start="114" weeks="01111111111111110"/>
    <class days="0000100" id="3063" room="399" start="174" weeks="01111111111111110"/>
    <class days="0010000" id="3064" room="399" start="102" weeks="01111111111111110"/>
    <class days="0100000" id="3065" room="399" start="138" weeks="01111111111111110"/>
    <class days="0001000" id="3066" room="399" start="114" weeks="01111111111111110"/>
    <class days="0010000" id="3067" room="399" start="174" weeks="01111111111111110"/>
    <class days="0000100" id="3068" room="399" start="150" weeks="01111111111111110"/>
    <class days="0010000" id="3069" room="399" start="138" weeks="01111111111111110"/>
    <class days="0001000" id="3070" room="399" start="126" weeks="01111111111111110"/>
    <class days="0000100" id="3071" room="399" start="186" weeks="01111111111111110"/>
    <class days="0010000" id="3072" room="399" start="186" weeks="01111111111111110"/>
    <class days="0000100" id="3073" room="378" start="174" weeks="00101010101010100"/>
    <class days="0000100" id="3074" room="648" start="114" weeks="01010101010101010"/>
    <class days="0010000" id="3075" room="648" start="114" weeks="01010101010101010"/>
    <class days="0001000" id="3076" room="72" start="174" weeks="01010101010101010"/>
    <class days="0010000" id="3077" room="307" start="150" weeks="01010101010101010"/>
    <class days="0001000" id="3078" room="307" start="174" weeks="01010101010101010"/>
    <class days="0000100" id="3079" room="307" start="138" weeks="01010101010101010"/>
    <class days="0010000" id="3080" room="144" start="102" weeks="01010101010101010"/>
    <class days="0001000" id="3081" room="307" start="138" weeks="01010101010101010"/>
    <class days="0001000" id="3082" room="648" start="102" weeks="01010101010101010"/>
    <class days="0000100" id="3083" room="307" start="126" weeks="01010101010101010"/>
    <class days="0010000" id="3084" room="307" start="102" weeks="01010101010101010"/>
    <class days="0001000" id="3085" room="307" start="150" weeks="01010101010101010"/>
    <class days="0000100" id="3086" room="347" start="90" weeks="01010101010101010"/>
    <class days="0000100" id="3087" room="648" start="114" weeks="00101010101010100"/>
    <class days="0010000" id="3088" room="648" start="114" weeks="00101010101010100"/>
    <class days="0001000" id="3089" room="72" start="174" weeks="00101010101010100"/>
    <class days="0010000" id="3090" room="307" start="150" weeks="00101010101010100"/>
    <class days="0001000" id="3091" room="307" start="150" weeks="00101010101010100"/>
    <class days="0000100" id="3092" room="307" start="138" weeks="00101010101010100"/>
    <class days="0000100" id="3093" room="144" start="102" weeks="00101010101010100"/>
    <class days="0001000" id="3094" room="307" start="138" weeks="00101010101010100"/>
    <class days="0001000" id="3095" room="648" start="162" weeks="00101010101010100"/>
    <class days="0000100" id="3096" room="307" start="126" weeks="00101010101010100"/>
    <class days="0010000" id="3097" room="307" start="102" weeks="00101010101010100"/>
    <class days="0001000" id="3098" room="307" start="162" weeks="00101010101010100"/>
    <class days="0000100" id="3099" room="373" start="150" weeks="01111111111111110"/>
    <class days="0000100" id="3100" room="373" start="162" weeks="01111111111111110"/>
    <class days="0000100" id="3101" room="373" start="186" weeks="01111111111111110"/>
    <class days="1000000" id="3102" room="79" start="186" weeks="01101111111111110"/>
    <class days="0001000" id="3103" room="79" start="90" weeks="01111111111111110"/>
    <class days="1000000" id="3104" room="79" start="114" weeks="01101111111111110"/>
    <class days="0001000" id="3105" room="79" start="162" weeks="01111111111111110"/>
    <class days="0100000" id="3106" room="79" start="114" weeks="01111111111111110"/>
    <class days="0010000" id="3107" room="79" start="138" weeks="01111111111111110"/>
    <class days="0010000" id="3108" room="79" start="90" weeks="01111111111111110"/>
    <class days="1000000" id="3109" room="290" start="186" weeks="01101111111111110"/>
    <class days="0100000" id="3110" room="79" start="162" weeks="01111111111111110"/>
    <class days="1000000" id="3111" room="79" start="138" weeks="01101111111111110"/>
    <class days="0100000" id="3112" room="79" start="90" weeks="01111111111111110"/>
    <class days="0000100" id="3113" room="79" start="114" weeks="01111111111111110"/>
    <class days="0001000" id="3114" room="79" start="138" weeks="01111111111111110"/>
    <class days="0100000" id="3115" room="79" start="186" weeks="01111111111111110"/>
    <class days="0001000" id="3116" room="79" start="186" weeks="01111111111111110"/>
    <class days="0100000" id="3117" room="435" start="162" weeks="01111111111111110"/>
    <class days="0001000" id="3118" room="541" start="162" weeks="01111111111111110"/>
    <class days="0001000" id="3119" room="79" start="114" weeks="01111111111111110"/>
    <class days="0000100" id="3120" room="79" start="138" weeks="01111111111111110"/>
    <class days="0100000" id="3121" room="79" start="138" weeks="01111111111111110"/>
    <class days="1000000" id="3122" room="79" start="162" weeks="01101111111111110"/>
    <class days="0000100" id="3123" room="79" start="90" weeks="01111111111111110"/>
    <class days="1000000" id="3124" room="79" start="90" weeks="01101111111111110"/>
    <class days="1000000" id="3125" room="435" start="186" weeks="01101111111111110"/>
    <class days="0101000" id="3126" room="137" start="174" weeks="01111111111111110"/>
    <class days="1010000" id="3127" room="353" start="186" weeks="01111111111111110"/>
    <class days="0010000" id="3128" room="307" start="186" weeks="01111111111111110"/>
    <class days="0010000" id="3129" room="144" start="114" weeks="01111111111111110"/>
    <class days="0000100" id="3130" room="358" start="114" weeks="01111111111111110"/>
    <class days="0000100" id="3131" room="523" start="138" weeks="01111111111111110"/>
    <class days="0000100" id="3132" room="144" start="186" weeks="01111111111111110"/>
    <class days="0010000" id="3133" room="307" start="162" weeks="01111111111111110"/>
    <class days="0100000" id="3134" room="144" start="162" weeks="01111111111111110"/>
    <class days="0100000" id="3135" room="523" start="162" weeks="01111111111111110"/>
    <class days="0001000" id="3136" room="523" start="138" weeks="01111111111111110"/>
    <class days="0100000" id="3137" room="72" start="162" weeks="01111111111111110"/>
    <class days="0100000" id="3138" room="648" start="138" weeks="01111111111111110"/>
    <class days="0010100" id="3139" room="456" start="198" weeks="01111111111111110"/>
    <class days="1000000" id="3140" room="72" start="162" weeks="01101111111111110"/>
    <class days="0010000" id="3141" room="523" start="138" weeks="01111111111111110"/>
    <class days="1000000" id="3142" room="358" start="186" weeks="01101111111111110"/>
    <class days="1010100" id="3143" room="661" start="174" weeks="01111111111111110"/>
    <class days="1010100" id="3144" room="471" start="162" weeks="01111111111111110"/>
    <class days="0100000" id="3145" room="665" start="186" weeks="01111111111111110"/>
    <class days="0010000" id="3146" room="665" start="186" weeks="01111111111111110"/>
    <class days="0000100" id="3147" room="665" start="138" weeks="01111111111111110"/>
    <class days="0000100" id="3148" room="665" start="186" weeks="01111111111111110"/>
    <class days="0010000" id="3149" room="665" start="114" weeks="01111111111111110"/>
    <class days="0001000" id="3150" room="665" start="162" weeks="01111111111111110"/>
    <class days="0001000" id="3151" room="665" start="186" weeks="01111111111111110"/>
    <class days="0001000" id="3152" room="665" start="138" weeks="01111111111111110"/>
    <class days="0100000" id="3153" room="665" start="138" weeks="01111111111111110"/>
    <class days="0010000" id="3154" room="665" start="138" weeks="01111111111111110"/>
    <class days="0001000" id="3155" room="665" start="114" weeks="01111111111111110"/>
    <class days="0100000" id="3156" room="665" start="162" weeks="01111111111111110"/>
    <class days="0000100" id="3157" room="665" start="114" weeks="01111111111111110"/>
    <class days="1010100" id="3158" room="197" start="90" weeks="01111111111111110"/>
    <class days="1010100" id="3159" room="468" start="162" weeks="01111111111111110"/>
    <class days="0100000" id="3160" room="523" start="138" weeks="01111111111111110"/>
    <class days="0000100" id="3161" room="144" start="162" weeks="01111111111111110"/>
    <class days="0001000" id="3162" room="144" start="162" weeks="01111111111111110"/>
    <class days="1000000" id="3163" room="648" start="114" weeks="01101111111111110"/>
    <class days="1000000" id="3164" room="523" start="114" weeks="01101111111111110"/>
    <class days="1000000" id="3165" room="307" start="114" weeks="01101111111111110"/>
    <class days="1000000" id="3166" room="523" start="138" weeks="01101111111111110"/>
    <class days="0000100" id="3167" room="144" start="114" weeks="01111111111111110"/>
    <class days="0000100" id="3168" room="648" start="186" weeks="01111111111111110"/>
    <class days="0000100" id="3169" room="72" start="186" weeks="01111111111111110"/>
    <class days="0100000" id="3170" room="144" start="138" weeks="01111111111111110"/>
    <class days="0001000" id="3171" room="72" start="186" weeks="01111111111111110"/>
    <class days="0100000" id="3172" room="523" start="114" weeks="01111111111111110"/>
    <class days="1000000" id="3173" room="72" start="138" weeks="01101111111111110"/>
    <class days="1010100" id="3174" room="197" start="102" weeks="01111111111111110"/>
    <class days="1010100" id="3175" room="41" start="162" weeks="01111111111111110"/>
    <class days="0010000" id="3176" room="72" start="138" weeks="01111111111111110"/>
    <class days="0100000" id="3177" room="358" start="186" weeks="01111111111111110"/>
    <class days="0010000" id="3178" room="648" start="162" weeks="01111111111111110"/>
    <class days="0000100" id="3179" room="648" start="162" weeks="01111111111111110"/>
    <class days="0000100" id="3180" room="72" start="114" weeks="01111111111111110"/>
    <class days="0100000" id="3181" room="72" start="186" weeks="01111111111111110"/>
    <class days="0001000" id="3182" room="307" start="186" weeks="01111111111111110"/>
    <class days="0100000" id="3183" room="144" start="114" weeks="01111111111111110"/>
    <class days="0100000" id="3184" room="72" start="138" weeks="01111111111111110"/>
    <class days="0100000" id="3185" room="307" start="162" weeks="01111111111111110"/>
    <class days="0001000" id="3186" room="144" start="186" weeks="01111111111111110"/>
    <class days="0010000" id="3187" room="358" start="114" weeks="01111111111111110"/>
    <class days="0000100" id="3188" room="616" start="102" weeks="01111111111111110"/>
    <class days="0000100" id="3189" room="745" start="102" weeks="01111111111111110"/>
    <class days="0101000" id="3190" room="194" start="180" weeks="01111111111111110"/>
    <class days="1010100" id="3191" room="266" start="126" weeks="01111111111111110"/>
    <class days="1010100" id="3192" room="587" start="90" weeks="01111111111111110"/>
    <class days="0101000" id="3193" room="399" start="144" weeks="01111111111111110"/>
    <class days="1010100" id="3194" room="324" start="150" weeks="01111111111111110"/>
    <class days="1000000" id="3195" room="648" start="186" weeks="01101111111111110"/>
    <class days="1000000" id="3196" room="523" start="162" weeks="01101111111111110"/>
    <class days="0010000" id="3197" room="523" start="186" weeks="01111111111111110"/>
    <class days="1000000" id="3198" room="144" start="186" weeks="01101111111111110"/>
    <class days="0100000" id="3199" room="307" start="90" weeks="01111111111111110"/>
    <class days="0100000" id="3200" room="648" start="114" weeks="01111111111111110"/>
    <class days="1000000" id="3201" room="523" start="186" weeks="01101111111111110"/>
    <class days="0001000" id="3202" room="523" start="138" weeks="01111111111111110"/>
    <class days="0101000" id="3203" room="587" start="162" weeks="01111111111111110"/>
    <class days="1010000" id="3204" room="645" start="198" weeks="01111111111111110"/>
    <class days="0000100" id="3205" room="358" start="138" weeks="01111111111111110"/>
    <class days="0010000" id="3206" room="358" start="90" weeks="01111111111111110"/>
    <class days="0000100" id="3207" room="358" start="186" weeks="01111111111111110"/>
    <class days="0000100" id="3208" room="358" start="90" weeks="01111111111111110"/>
    <class days="0001000" id="3209" room="358" start="90" weeks="01111111111111110"/>
    <class days="0001000" id="3210" room="358" start="138" weeks="01111111111111110"/>
    <class days="0100000" id="3211" room="358" start="162" weeks="01111111111111110"/>
    <class days="0100000" id="3212" room="358" start="90" weeks="01111111111111110"/>
    <class days="1000000" id="3213" room="358" start="162" weeks="01101111111111110"/>
    <class days="0100000" id="3214" room="358" start="138" weeks="01111111111111110"/>
    <class days="0101000" id="3215" room="505" start="162" weeks="01111111111111110"/>
    <class days="0101000" id="3216" room="194" start="108" weeks="01111111111111110"/>
    <class days="0101000" id="3217" room="408" start="126" weeks="01111111111111110"/>
    <class days="0000100" id="3218" room="399" start="90" weeks="01111111111111110"/>
    <class days="1000000" id="3219" room="399" start="90" weeks="01101111111111110"/>
    <class days="1000000" id="3220" room="399" start="138" weeks="01101111111111110"/>
    <class days="1000000" id="3221" room="378" start="234" weeks="01101111111100000"/>
    <class days="0001000" id="3222" room="307" start="216" weeks="01111111111100000"/>
    <class days="1000000" id="3223" room="399" start="174" weeks="01101111111111110"/>
    <class days="1000000" id="3224" room="399" start="186" weeks="01101111111111110"/>
    <class days="0000100" id="3225" room="128" start="114" weeks="01111111111111110"/>
    <class days="0001000" id="3226" room="128" start="114" weeks="01111111111111110"/>
    <class days="0001000" id="3227" room="745" start="162" weeks="01111111111111110"/>
    <class days="1000000" id="3228" room="456" start="186" weeks="01101111111111110"/>
    <class days="1000000" id="3229" room="492" start="186" weeks="01101111111111110"/>
    <class days="1000000" id="3230" room="456" start="162" weeks="01101111111111110"/>
    <class days="0010100" id="3231" room="716" start="150" weeks="01111111100000000"/>
    <class days="0000100" id="3232" room="399" start="138" weeks="01111111111111110"/>
    <class days="0101000" id="3233" room="468" start="126" weeks="01111111100000000"/>
    <class days="1010100" id="3234" room="492" start="126" weeks="01111111111111110"/>
    <class days="0100000" id="3235" room="681" start="162" weeks="01111111111111110"/>
    <class days="0010000" id="3236" room="79" start="186" weeks="01111111111111110"/>
    <class days="0101000" id="3237" room="353" start="144" weeks="01111111111111110"/>
    <class days="0101000" id="3238" room="436" start="198" weeks="01111111111111110"/>
    <class days="0010000" id="3239" room="72" start="114" weeks="01111111111111110"/>
    <class days="1000000" id="3240" room="72" start="114" weeks="01101111111111110"/>
    <class days="1000000" id="3241" room="648" start="138" weeks="01101111111111110"/>
    <class days="0001000" id="3242" room="523" start="90" weeks="01111111111111110"/>
    <class days="1000000" id="3243" room="307" start="186" weeks="01101111111111110"/>
    <class days="1010100" id="3244" room="456" start="138" weeks="01111111111111110"/>
    <class days="1010100" id="3245" room="399" start="126" weeks="01111111111111110"/>
    <class days="1010100" id="3246" room="744" start="174" weeks="01111111111111110"/>
    <class days="0101000" id="3247" room="492" start="108" weeks="01111111111111110"/>
    <class days="1010100" id="3248" room="492" start="150" weeks="01111111111111110"/>
    <class days="1010100" id="3249" room="492" start="90" weeks="01111111111111110"/>
    <class days="1010100" id="3250" room="616" start="174" weeks="01111111111111110"/>
    <class days="1010100" id="3251" room="492" start="114" weeks="01111111111111110"/>
    <class days="0010000" id="3252" room="358" start="162" weeks="01111111111111110"/>
    <class days="0000100" id="3253" room="358" start="162" weeks="01111111111111110"/>
    <class days="0101000" id="3254" room="399" start="90" weeks="01111111111111110"/>
    <class days="0101000" id="3255" room="283" start="162" weeks="01111111111111110"/>
    <class days="1010100" id="3256" room="456" start="150" weeks="01111111111111110"/>
    <class days="0101000" id="3257" room="279" start="198" weeks="01111111111111110"/>
    <class days="1000000" id="3258" room="144" start="162" weeks="01101111111111110"/>
    <class days="0010000" id="3259" room="144" start="162" weeks="01111111111111110"/>
    <class days="0101000" id="3260" room="279" start="90" weeks="01111111111111110"/>
    <class days="0101000" id="3261" room="492" start="144" weeks="01111111111111110"/>
    <class days="1010100" id="3262" room="399" start="162" weeks="01111111111111110"/>
    <class days="0101000" id="3263" room="283" start="198" weeks="01111111111111110"/>
    <class days="1010100" id="3264" room="137" start="114" weeks="01111111111111110"/>
    <class days="1010100" id="3265" room="399" start="114" weeks="01111111111111110"/>
    <class days="0101000" id="3266" room="456" start="144" weeks="01111111111111110"/>
    <class days="0101000" id="3267" room="492" start="198" weeks="01111111111111110"/>
    <class days="1010100" id="3268" room="456" start="102" weeks="01111111111111110"/>
    <class days="0101000" id="3269" room="492" start="180" weeks="01111111111111110"/>
    <class days="1010100" id="3270" room="456" start="126" weeks="01111111111111110"/>
    <class days="0101000" id="3271" room="399" start="198" weeks="01111111111111110"/>
    <class days="0101000" id="3272" room="492" start="162" weeks="01111111111111110"/>
    <class days="0101000" id="3273" room="399" start="180" weeks="01111111111111110"/>
    <class days="0101000" id="3274" room="456" start="198" weeks="01111111111111110"/>
    <class days="0101000" id="3275" room="456" start="126" weeks="01111111111111110"/>
    <class days="0101000" id="3276" room="456" start="180" weeks="01111111111111110"/>
    <class days="0010100" id="3277" room="502" start="138" weeks="00000000011111110"/>
    <class days="0010000" id="3278" room="126" start="198" weeks="01111111111111110"/>
    <class days="0010100" id="3279" room="744" start="126" weeks="01111111100000000"/>
    <class days="1010100" id="3280" room="399" start="198" weeks="01111111111111110"/>
    <class days="0010100" id="3281" room="213" start="234" weeks="01111111111111110"/>
    <class days="0100000" id="3282" room="407" start="114" weeks="01111111100000000"/>
    <class days="0000100" id="3283" room="430" start="150" weeks="01111111100000000"/>
    <class days="0000100" id="3284" room="689" start="126" weeks="01111111100000000"/>
    <class days="1000000" id="3285" room="505" start="198" weeks="01101111100000000"/>
    <class days="1010100" id="3286" room="641" start="138" weeks="01111111111111110"/>
    <class days="1000000" id="3287" room="186" start="114" weeks="01101111111111110"/>
    <class days="0010000" id="3288" room="186" start="114" weeks="01111111111111110"/>
    <class days="0100000" id="3289" room="543" start="162" weeks="01111111111111110"/>
    <class days="0010100" id="3290" room="364" start="102" weeks="01111111100000000"/>
    <class days="0101000" id="3291" room="703" start="144" weeks="01111111111111110"/>
    <class days="0101000" id="3292" room="106" start="90" weeks="01111111111111110"/>
    <class days="0000100" id="3293" room="570" start="150" weeks="01000000000000000"/>
    <class days="1000000" id="3294" room="570" start="210" weeks="01000000000000000"/>
    <class days="1000000" id="3295" room="136" start="210" weeks="01000000000000000"/>
    <class days="0000100" id="3296" room="543" start="186" weeks="01000000000000000"/>
    <class days="0101000" id="3297" room="408" start="198" weeks="01111111111111110"/>
    <class days="0101000" id="3298" start="126" weeks="01111111111111110"/>
    <class days="0000100" id="3299" room="430" start="102" weeks="01111111111111110"/>
    <class days="0000100" id="3300" room="430" start="114" weeks="01111111111111110"/>
    <class days="0000100" id="3301" room="430" start="126" weeks="01111111111111110"/>
    <class days="0000100" id="3302" room="430" start="138" weeks="01111111111111110"/>
    <class days="0000100" id="3303" room="430" start="162" weeks="01111111111111110"/>
    <class days="0000100" id="3304" room="430" start="174" weeks="01111111111111110"/>
    <class days="0101000" id="3305" room="298" start="90" weeks="01111111111111110"/>
    <class days="0101000" id="3306" room="616" start="162" weeks="01111111111111110"/>
    <class days="0101000" id="3307" room="468" start="108" weeks="01111111111111110"/>
    <class days="0101000" id="3308" room="731" start="198" weeks="01111111111111110"/>
    <class days="0101000" id="3309" room="543" start="90" weeks="01111111111111110"/>
    <class days="0010000" id="3310" room="430" start="150" weeks="01111111111111110"/>
    <class days="1010100" id="3311" room="689" start="150" weeks="01111111111111110"/>
    <class days="0101000" id="3312" room="313" start="108" weeks="01111111111111110"/>
    <class days="0101000" id="3313" room="689" start="144" weeks="01111111111111110"/>
    <class days="0101000" id="3314" room="233" start="198" weeks="01111111111111110"/>
    <class days="1010100" id="3315" room="689" start="102" weeks="01111111111111110"/>
    <class days="0001000" id="3316" room="430" start="198" weeks="01000000000000000"/>
    <class days="0000100" id="3317" room="430" start="186" weeks="01000000000000000"/>
    <class days="1010000" id="3318" room="543" start="162" weeks="01111111111111110"/>
    <class days="0101000" id="3319" room="689" start="144" weeks="01111111111111110"/>
    <class days="1010100" id="3320" room="543" start="150" weeks="01111111111111110"/>
    <class days="0010000" id="3321" room="430" start="102" weeks="01111111111111110"/>
    <class days="0100000" id="3322" room="430" start="198" weeks="01111111111111110"/>
    <class days="0100000" id="3323" room="430" start="162" weeks="01111111111111110"/>
    <class days="0001000" id="3324" room="689" start="198" weeks="01111111111111110"/>
    <class days="1000000" id="3325" room="666" start="150" weeks="01101111111111110"/>
    <class days="0010100" id="3326" room="666" start="150" weeks="01111111111111110"/>
    <class days="0100000" id="3327" room="666" start="108" weeks="01111111111111110"/>
    <class days="0001000" id="3328" room="666" start="108" weeks="01111111111111110"/>
    <class days="0100000" id="3329" room="478" start="144" weeks="01111111111111110"/>
    <class days="0001000" id="3330" room="478" start="144" weeks="01111111111111110"/>
    <class days="1000000" id="3331" room="478" start="150" weeks="01101111111111110"/>
    <class days="0010100" id="3332" room="478" start="150" weeks="01111111111111110"/>
    <class days="1000000" id="3333" room="478" start="174" weeks="01101111111111110"/>
    <class days="0010100" id="3334" room="478" start="174" weeks="01111111111111110"/>
    <class days="0100000" id="3335" room="478" start="108" weeks="01111111111111110"/>
    <class days="0001000" id="3336" room="478" start="108" weeks="01111111111111110"/>
    <class days="0101000" id="3337" room="478" start="126" weeks="01111111111111110"/>
    <class days="0101000" id="3338" room="666" start="162" weeks="01111111111111110"/>
    <class days="1000000" id="3339" room="666" start="162" weeks="01101111111111110"/>
    <class days="0010100" id="3340" room="666" start="162" weeks="01111111111111110"/>
    <class days="0100000" id="3341" room="478" start="162" weeks="01111111111111110"/>
    <class days="0001000" id="3342" room="478" start="162" weeks="01111111111111110"/>
    <class days="1000000" id="3343" room="478" start="126" weeks="01101111111111110"/>
    <class days="0010100" id="3344" room="478" start="126" weeks="01111111111111110"/>
    <class days="1000000" id="3345" room="666" start="138" weeks="01101111111111110"/>
    <class days="0010100" id="3346" room="666" start="138" weeks="01111111111111110"/>
    <class days="0101000" id="3347" room="666" start="126" weeks="01111111111111110"/>
    <class days="0100000" id="3348" room="666" start="144" weeks="01111111111111110"/>
    <class days="0001000" id="3349" room="666" start="144" weeks="01111111111111110"/>
    <class days="0000100" id="3350" room="539" start="186" weeks="01111111111111110"/>
    <class days="0101000" id="3351" room="555" start="198" weeks="01111111111111110"/>
    <class days="0000100" id="3352" room="567" start="102" weeks="01111111111111110"/>
    <class days="0100000" id="3353" room="324" start="174" weeks="01111111111111110"/>
    <class days="1010000" id="3354" room="535" start="114" weeks="01111111111111110"/>
    <class days="1010000" id="3355" room="535" start="138" weeks="01111111111111110"/>
    <class days="1010000" id="3356" room="535" start="162" weeks="01111111111111110"/>
    <class days="0101000" id="3357" room="535" start="114" weeks="01111111111111110"/>
    <class days="1010100" id="3358" room="555" start="126" weeks="01111111111111110"/>
    <class days="0101000" id="3359" room="641" start="90" weeks="01111111111111110"/>
    <class days="1010000" id="3360" room="468" start="174" weeks="01111111111111110"/>
    <class days="0100000" id="3361" room="653" start="102" weeks="01111111111111110"/>
    <class days="0100000" id="3362" room="653" start="174" weeks="01111111111111110"/>
    <class days="0010000" id="3363" room="653" start="102" weeks="01111111111111110"/>
    <class days="0010000" id="3364" room="653" start="138" weeks="01111111111111110"/>
    <class days="0001000" id="3365" room="653" start="102" weeks="01111111111111110"/>
    <class days="0001000" id="3366" room="653" start="138" weeks="01111111111111110"/>
    <class days="0000100" id="3367" room="653" start="102" weeks="01111111111111110"/>
    <class days="0000100" id="3368" room="653" start="138" weeks="01111111111111110"/>
    <class days="1000000" id="3369" room="653" start="138" weeks="01101111111111110"/>
    <class days="1010000" id="3370" room="324" start="114" weeks="01111111111111110"/>
    <class days="0010000" id="3371" room="691" start="126" weeks="01111111111111110"/>
    <class days="0000100" id="3372" room="691" start="138" weeks="01111111111111110"/>
    <class days="0000100" id="3373" room="691" start="174" weeks="01111111111111110"/>
    <class days="0100000" id="3374" room="691" start="90" weeks="01111111111111110"/>
    <class days="0000100" id="3375" room="691" start="102" weeks="01111111111111110"/>
    <class days="0101000" id="3376" room="471" start="198" weeks="01111111111111110"/>
    <class days="1010100" id="3377" room="419" start="150" weeks="01111111111111110"/>
    <class days="0010100" id="3378" room="696" start="174" weeks="01111111111111110"/>
    <class days="1000000" id="3379" room="691" start="90" weeks="01101111111111110"/>
    <class days="0010000" id="3380" room="691" start="186" weeks="01111111111111110"/>
    <class days="0001000" id="3381" room="437" start="114" weeks="01111111111111110"/>
    <class days="1010100" id="3382" room="647" start="114" weeks="01111111111111110"/>
    <class days="0010000" id="3383" room="647" start="162" weeks="01111111111111110"/>
    <class days="0010000" id="3384" room="647" start="138" weeks="01111111111111110"/>
    <class days="0101000" id="3385" room="498" start="108" weeks="01111111111111110"/>
    <class days="1000000" id="3386" room="498" start="162" weeks="01101111111111110"/>
    <class days="0010000" id="3387" room="498" start="162" weeks="01111111111111110"/>
    <class days="0101000" id="3388" room="471" start="144" weeks="01111111111111110"/>
    <class days="0100000" id="3389" room="368" start="102" weeks="01111111111111110"/>
    <class days="0100000" id="3390" room="535" start="138" weeks="01111111111111110"/>
    <class days="0000100" id="3391" room="535" start="162" weeks="01111111111111110"/>
    <class days="0001000" id="3392" room="535" start="174" weeks="01111111111111110"/>
    <class days="0101000" id="3393" room="691" start="126" weeks="01111111111111110"/>
    <class days="0010100" id="3394" room="498" start="150" weeks="01111111111111110"/>
    <class days="0000100" id="3395" room="498" start="162" weeks="01111111111111110"/>
    <class days="0101000" id="3396" room="154" start="108" weeks="01111111111111110"/>
    <class days="0101000" id="3397" room="352" start="90" weeks="01111111111111110"/>
    <class days="1010000" id="3398" room="197" start="180" weeks="01111111111111110"/>
    <class days="0101000" id="3399" room="647" start="126" weeks="01111111111111110"/>
    <class days="0101000" id="3400" room="647" start="162" weeks="01111111111111110"/>
    <class days="0101000" id="3401" room="647" start="144" weeks="01111111111111110"/>
    <class days="0010000" id="3402" room="647" start="174" weeks="01111111111111110"/>
    <class days="1000000" id="3403" room="742" start="174" weeks="01101111111111110"/>
    <class days="0101000" id="3404" room="691" start="162" weeks="01111111111111110"/>
    <class days="1000000" id="3405" room="691" start="162" weeks="01101111111111110"/>
    <class days="1000000" id="3406" room="647" start="138" weeks="01101111111111110"/>
    <class days="1010000" id="3407" room="719" start="198" weeks="01111111111111110"/>
    <class days="1010100" id="3408" room="719" start="126" weeks="01111111111111110"/>
    <class days="1010000" id="3409" room="647" start="126" weeks="01111111111111110"/>
    <class days="0000100" id="3410" room="647" start="126" weeks="01111111111111110"/>
    <class days="1000000" id="3411" room="719" start="102" weeks="01101111111111110"/>
    <class days="0101000" id="3412" room="719" start="102" weeks="01111111111111110"/>
    <class days="0101000" id="3413" room="460" start="144" weeks="01111111111111110"/>
    <class days="1010100" id="3414" room="719" start="138" weeks="01111111111111110"/>
    <class days="1010100" id="3415" room="498" start="138" weeks="01111111111111110"/>
    <class days="0000100" id="3416" room="647" start="90" weeks="01111111111111110"/>
    <class days="0101000" id="3417" room="498" start="162" weeks="01111111111111110"/>
    <class days="0000100" id="3418" room="719" start="90" weeks="01111111111111110"/>
    <class days="0101000" id="3419" room="691" start="144" weeks="01111111111111110"/>
    <class days="0010000" id="3420" room="121" start="174" weeks="01111111111111110"/>
    <class days="0010000" id="3421" room="745" start="138" weeks="01111111111111110"/>
    <class days="0000100" id="3422" room="571" start="174" weeks="01111111111111110"/>
    <class days="1000000" id="3423" room="460" start="162" weeks="01101111111111110"/>
    <class days="1010100" id="3424" room="651" start="198" weeks="01111111111111110"/>
    <class days="1010100" id="3425" room="696" start="150" weeks="01111111111111110"/>
    <class days="1010100" id="3426" room="565" start="150" weeks="01111111111111110"/>
    <class days="1010100" id="3427" room="419" start="174" weeks="01111111111111110"/>
    <class days="1010100" id="3428" room="408" start="174" weeks="01111111111111110"/>
    <class days="1010100" id="3429" room="471" start="150" weeks="01111111111111110"/>
    <class days="1010100" id="3430" room="407" start="186" weeks="01111111111111110"/>
    <class days="1010100" id="3431" room="120" start="138" weeks="01111111111111110"/>
    <class days="1010100" id="3432" room="468" start="198" weeks="01111111111111110"/>
    <class days="1010100" id="3433" room="460" start="126" weeks="01111111111111110"/>
    <class days="0100000" id="3434" room="177" start="174" weeks="01111111111111110"/>
    <class days="0001000" id="3435" room="177" start="174" weeks="01111111111111110"/>
    <class days="0010000" id="3436" room="177" start="174" weeks="01111111111111110"/>
    <class days="0010000" id="3437" room="177" start="138" weeks="01111111111111110"/>
    <class days="0000100" id="3438" room="16" start="102" weeks="01111111111111110"/>
    <class days="0001000" id="3439" room="16" start="174" weeks="01111111111111110"/>
    <class days="0010000" id="3440" room="16" start="174" weeks="01111111111111110"/>
    <class days="0001000" id="3441" room="177" start="138" weeks="01111111111111110"/>
    <class days="0100000" id="3442" room="16" start="174" weeks="01111111111111110"/>
    <class days="0000100" id="3443" room="177" start="102" weeks="01111111111111110"/>
    <class days="0100000" id="3444" room="177" start="90" weeks="01111111111111110"/>
    <class days="0001000" id="3445" room="177" start="90" weeks="01111111111111110"/>
    <class days="0000100" id="3446" room="177" start="138" weeks="01111111111111110"/>
    <class days="0100000" id="3447" room="177" start="138" weeks="01111111111111110"/>
    <class days="0100000" id="3448" room="16" start="138" weeks="01111111111111110"/>
    <class days="0001000" id="3449" room="16" start="138" weeks="01111111111111110"/>
    <class days="0010000" id="3450" room="177" start="102" weeks="01111111111111110"/>
    <class days="0000100" id="3451" room="177" start="174" weeks="01111111111111110"/>
    <class days="0000100" id="3452" room="16" start="174" weeks="01111111111111110"/>
    <class days="0000100" id="3453" room="13" start="138" weeks="01111111111111110"/>
    <class days="0000100" id="3454" room="13" start="102" weeks="01111111111111110"/>
    <class days="0100000" id="3455" room="13" start="138" weeks="01111111111111110"/>
    <class days="0010000" id="3456" room="13" start="102" weeks="01111111111111110"/>
    <class days="0001000" id="3457" room="13" start="138" weeks="01111111111111110"/>
    <class days="0001000" id="3458" room="13" start="174" weeks="01111111111111110"/>
    <class days="0010000" id="3459" room="13" start="174" weeks="01111111111111110"/>
    <class days="0100000" id="3460" room="13" start="174" weeks="01111111111111110"/>
    <class days="0001000" id="3461" room="13" start="102" weeks="01111111111111110"/>
    <class days="0100000" id="3462" room="13" start="102" weeks="01111111111111110"/>
    <class days="1010100" id="3463" room="41" start="174" weeks="01111111111111110"/>
    <class days="1010100" id="3464" room="587" start="174" weeks="01111111111111110"/>
    <class days="0101000" id="3465" room="645" start="126" weeks="01111111111111110"/>
    <class days="0101000" id="3466" room="41" start="162" weeks="01111111111111110"/>
    <class days="1010100" id="3467" room="194" start="198" weeks="01111111111111110"/>
    <class days="0100000" id="3468" room="184" start="138" weeks="01111111111111110"/>
    <class days="0001000" id="3469" room="184" start="174" weeks="01111111111111110"/>
    <class days="0001000" id="3470" room="184" start="90" weeks="01111111111111110"/>
    <class days="0000100" id="3471" room="184" start="90" weeks="01111111111111110"/>
    <class days="0000100" id="3472" room="184" start="138" weeks="01111111111111110"/>
    <class days="0100000" id="3473" room="184" start="90" weeks="01111111111111110"/>
    <class days="0010000" id="3474" room="184" start="138" weeks="01111111111111110"/>
    <class days="0100000" id="3475" room="184" start="174" weeks="01111111111111110"/>
    <class days="0001000" id="3476" room="184" start="138" weeks="01111111111111110"/>
    <class days="0010000" id="3477" room="184" start="90" weeks="01111111111111110"/>
    <class days="1000000" id="3478" room="555" start="246" weeks="01101111111111110"/>
    <class days="1000000" id="3479" room="87" start="186" weeks="01101111111111110"/>
    <class days="0100000" id="3480" room="620" start="138" weeks="01111111111111110"/>
    <class days="0100000" id="3481" start="138" weeks="01111111111111110"/>
    <class days="1000000" id="3482" room="646" start="174" weeks="01101111111111110"/>
    <class days="0010000" id="3483" room="431" start="102" weeks="01111111111111110"/>
    <class days="0001000" id="3484" room="627" start="186" weeks="01111111111111110"/>
    <class days="1000000" id="3485" room="263" start="198" weeks="01101111111111110"/>
    <class days="0010000" id="3486" room="13" start="162" weeks="01111111111111110"/>
    <class days="0000100" id="3487" room="620" start="240" weeks="01111111111111110"/>
    <class days="0001000" id="3488" room="509" start="252" weeks="01111111111111110"/>
    <class days="1000000" id="3489" room="156" start="162" weeks="01101111111111110"/>
    <class days="0001000" id="3490" room="620" start="174" weeks="01111111111111110"/>
    <class days="0000100" id="3491" room="628" start="174" weeks="01111111111111110"/>
    <class days="0001000" id="3492" room="625" start="228" weeks="01111111111111110"/>
    <class days="0010000" id="3493" room="235" start="126" weeks="01111111111111110"/>
    <class days="0000100" id="3494" room="626" start="126" weeks="01111111111111110"/>
    <class days="0010000" id="3495" room="273" start="102" weeks="01111111111111110"/>
    <class days="0100000" id="3496" room="622" start="210" weeks="01111111111111110"/>
    <class days="0000100" id="3497" room="263" start="90" weeks="01111111111111110"/>
    <class days="0001000" id="3498" room="500" start="186" weeks="01111111111111110"/>
    <class days="1000000" id="3499" room="80" start="90" weeks="01101111111111110"/>
    <class days="1000000" id="3500" room="16" start="222" weeks="01101111111111110"/>
    <class days="1000000" id="3501" room="93" start="156" weeks="01101111111111110"/>
    <class days="0100000" id="3502" room="191" start="126" weeks="01111111111111110"/>
    <class days="1010100" id="3503" room="744" start="198" weeks="01111111111111110"/>
    <class days="0010000" id="3504" room="16" start="138" weeks="01111111111111110"/>
    <class days="0010000" id="3505" room="423" start="90" weeks="01111111111111110"/>
    <class days="0001000" id="3506" room="423" start="178" weeks="01111111111111110"/>
    <class days="1000000" id="3507" room="565" start="174" weeks="01101111111111110"/>
    <class days="0101000" id="3508" room="419" start="126" weeks="01111111111111110"/>
    <class days="1010100" id="3509" room="745" start="186" weeks="01111111111111110"/>
    <class days="1010100" id="3510" room="436" start="114" weeks="01111111111111110"/>
    <class days="1010100" id="3511" room="567" start="174" weeks="01111111111111110"/>
    <class days="0101000" id="3512" room="602" start="126" weeks="01111111111111110"/>
    <class days="0101000" id="3513" room="123" start="162" weeks="01111111111111110"/>
    <class days="0101000" id="3514" room="501" start="144" weeks="01111111111111110"/>
    <class days="0000100" id="3515" room="235" start="138" weeks="01111111111111110"/>
    <class days="0100000" id="3516" room="235" start="90" weeks="01111111111111110"/>
    <class days="0010000" id="3517" room="235" start="138" weeks="01111111111111110"/>
    <class days="0001000" id="3518" room="235" start="174" weeks="01111111111111110"/>
    <class days="0010000" id="3519" room="518" start="126" weeks="01111111111111110"/>
    <class days="0000100" id="3520" room="235" start="90" weeks="01111111111111110"/>
    <class days="0010000" id="3521" room="235" start="90" weeks="01111111111111110"/>
    <class days="1010100" id="3522" room="661" start="126" weeks="01111111111111110"/>
    <class days="1010100" id="3523" room="437" start="198" weeks="01111111111111110"/>
    <class days="1010100" id="3524" room="616" start="126" weeks="01111111111111110"/>
    <class days="1010100" id="3525" room="645" start="162" weeks="01111111111111110"/>
    <class days="0001000" id="3526" room="254" start="162" weeks="01111111111111110"/>
    <class days="0010000" id="3527" room="254" start="162" weeks="01111111111111110"/>
    <class days="1000000" id="3528" room="254" start="138" weeks="01101111111111110"/>
    <class days="0100000" id="3529" room="254" start="90" weeks="01111111111111110"/>
    <class days="1000000" id="3530" room="254" start="178" weeks="01101111111111110"/>
    <class days="0010000" id="3531" room="254" start="126" weeks="01111111111111110"/>
    <class days="0010000" id="3532" room="744" start="102" weeks="01111111111111110"/>
    <class days="0100000" id="3533" room="173" start="138" weeks="01111111111111110"/>
    <class days="0010000" id="3534" room="173" start="174" weeks="01111111111111110"/>
    <class days="0100000" id="3535" room="173" start="174" weeks="01111111111111110"/>
    <class days="0010000" id="3536" room="173" start="138" weeks="01111111111111110"/>
    <class days="0001000" id="3537" room="173" start="174" weeks="01111111111111110"/>
    <class days="1010100" id="3538" room="194" start="150" weeks="01111111111111110"/>
    <class days="0100000" id="3539" room="507" start="174" weeks="01111111111111110"/>
    <class days="0100000" id="3540" room="507" start="102" weeks="01111111111111110"/>
    <class days="0000100" id="3541" room="507" start="174" weeks="01111111111111110"/>
    <class days="0010000" id="3542" room="507" start="102" weeks="01111111111111110"/>
    <class days="0001000" id="3543" room="323" start="138" weeks="01111111111111110"/>
    <class days="0001000" id="3544" room="323" start="102" weeks="01111111111111110"/>
    <class days="0001000" id="3545" room="507" start="174" weeks="01111111111111110"/>
    <class days="0000100" id="3546" room="507" start="102" weeks="01111111111111110"/>
    <class days="0000100" id="3547" room="323" start="174" weeks="01111111111111110"/>
    <class days="0100000" id="3548" room="323" start="174" weeks="01111111111111110"/>
    <class days="0000100" id="3549" room="142" start="114" weeks="01111111111111110"/>
    <class days="0001000" id="3550" room="142" start="90" weeks="01111111111111110"/>
    <class days="0000100" id="3551" room="142" start="138" weeks="01111111111111110"/>
    <class days="0100000" id="3552" room="142" start="114" weeks="01111111111111110"/>
    <class days="0000100" id="3553" room="142" start="162" weeks="01111111111111110"/>
    <class days="0010000" id="3554" room="142" start="138" weeks="01111111111111110"/>
    <class days="0010000" id="3555" room="137" start="114" weeks="01111111111111110"/>
    <class days="0101000" id="3556" room="645" start="90" weeks="01111111111111110"/>
    <class days="1010100" id="3557" room="744" start="150" weeks="01111111111111110"/>
    <class days="1010100" id="3558" room="645" start="174" weeks="01111111111111110"/>
    <class days="1010100" id="3559" room="429" start="186" weeks="01111111111111110"/>
    <class days="0000100" id="3560" room="641" start="126" weeks="01111111111111110"/>
    <class days="0101000" id="3561" room="429" start="108" weeks="01111111111111110"/>
    <class days="0101000" id="3562" room="565" start="198" weeks="01111111111111110"/>
    <class days="0100000" id="3563" room="93" start="162" weeks="01111111111111110"/>
    <class days="1010100" id="3564" room="558" start="114" weeks="01111111111111110"/>
    <class days="1010100" id="3565" room="353" start="114" weeks="01111111111111110"/>
    <class days="1000000" id="3566" room="431" start="174" weeks="01101111111111110"/>
    <class days="0010000" id="3567" room="431" start="138" weeks="01111111111111110"/>
    <class days="0000100" id="3568" room="431" start="174" weeks="01111111111111110"/>
    <class days="0100000" id="3569" room="431" start="138" weeks="01111111111111110"/>
    <class days="0100000" id="3570" room="431" start="174" weeks="01111111111111110"/>
    <class days="0001000" id="3571" room="431" start="126" weeks="01111111111111110"/>
    <class days="1010100" id="3572" room="429" start="114" weeks="01111111111111110"/>
    <class days="0000100" id="3573" room="273" start="174" weeks="01111111111111110"/>
    <class days="0100000" id="3574" room="273" start="138" weeks="01111111111111110"/>
    <class days="0001000" id="3575" room="273" start="174" weeks="01111111111111110"/>
    <class days="0100000" id="3576" room="273" start="174" weeks="01111111111111110"/>
    <class days="1010100" id="3577" room="429" start="102" weeks="01111111111111110"/>
    <class days="0001000" id="3578" room="235" start="90" weeks="01111111111111110"/>
    <class days="0100000" id="3579" room="235" start="174" weeks="01111111111111110"/>
    <class days="0101000" id="3580" room="423" start="162" weeks="01111111111111110"/>
    <class days="0101000" id="3581" room="502" start="162" weeks="01111111111111110"/>
    <class days="1010100" id="3582" room="106" start="126" weeks="01111111111111110"/>
    <class days="1010000" id="3583" room="616" start="138" weeks="01111111111111110"/>
    <class days="0010000" id="3584" room="465" start="114" weeks="01111111111111110"/>
    <class days="0010000" id="3585" room="16" start="114" weeks="01111111111111110"/>
    <class days="1010100" id="3586" room="106" start="138" weeks="01111111100000000"/>
    <class days="1000000" id="3587" room="347" start="90" weeks="00000000011111110"/>
    <class days="0010100" id="3588" room="569" start="162" weeks="01111111111111110"/>
    <class days="0101000" id="3589" room="569" start="138" weeks="01111111111111110"/>
    <class days="0101000" id="3590" room="569" start="174" weeks="01111111111111110"/>
    <class days="0010100" id="3591" room="569" start="102" weeks="01111111111111110"/>
    <class days="0101000" id="3592" room="569" start="102" weeks="01111111111111110"/>
    <class days="0101000" id="3593" room="565" start="180" weeks="01111111111111110"/>
    <class days="1010100" id="3594" room="423" start="174" weeks="01111111111111110"/>
    <class days="1010100" id="3595" room="279" start="138" weeks="01111111111111110"/>
    <class days="0001000" id="3596" room="87" start="180" weeks="01111111111111110"/>
    <class days="0100000" id="3597" room="87" start="180" weeks="01111111111111110"/>
    <class days="0101000" id="3598" room="565" start="90" weeks="01111111111111110"/>
    <class days="1010100" id="3599" room="283" start="138" weeks="01111111111111110"/>
    <class days="1010100" id="3600" room="284" start="126" weeks="01111111111111110"/>
    <class days="1010100" id="3601" room="284" start="102" weeks="01111111111111110"/>
    <class days="1000000" id="3602" room="423" start="162" weeks="01101111111111110"/>
    <class days="1010100" id="3603" room="429" start="126" weeks="01111111111111110"/>
    <class days="0010100" id="3604" room="429" start="204" weeks="01111111111111110"/>
    <class days="1010100" id="3605" room="266" start="174" weeks="01111111111111110"/>
    <class days="1010100" id="3606" room="565" start="138" weeks="01111111111111110"/>
    <class days="1010100" id="3607" room="429" start="162" weeks="01111111111111110"/>
    <class days="1010100" id="3608" room="423" start="186" weeks="01111111111111110"/>
    <class days="0101000" id="3609" room="565" start="198" weeks="01111111111111110"/>
    <class days="0101000" id="3610" room="716" start="162" weeks="01111111111111110"/>
    <class days="0101000" id="3611" room="284" start="90" weeks="01111111111111110"/>
    <class days="0101000" id="3612" room="730" start="180" weeks="01111111111111110"/>
    <class days="0101000" id="3613" room="11" start="180" weeks="01111111111111110"/>
    <class days="0101000" id="3614" room="745" start="144" weeks="01111111111111110"/>
    <class days="1010100" id="3615" room="565" start="114" weeks="01111111111111110"/>
    <class days="0101000" id="3616" room="284" start="180" weeks="01111111111111110"/>
    <class days="1010100" id="3617" room="709" start="162" weeks="01111111111111110"/>
    <class days="1010100" id="3618" room="429" start="138" weeks="01111111111111110"/>
    <class days="0101000" id="3619" room="565" start="144" weeks="01111111111111110"/>
    <class days="0101000" id="3620" room="423" start="108" weeks="01111111111111110"/>
    <class days="1010100" id="3621" room="419" start="114" weeks="01111111111111110"/>
    <class days="1010100" id="3622" room="429" start="90" weeks="01111111111111110"/>
    <class days="0101000" id="3623" room="616" start="180" weeks="01111111111111110"/>
    <class days="0101000" id="3624" room="429" start="198" weeks="01111111111111110"/>
    <class days="0100000" id="3625" room="502" start="180" weeks="01111111111111110"/>
    <class days="1000000" id="3626" room="279" start="174" weeks="01101100000000000"/>
    <class days="0101000" id="3627" room="284" start="144" weeks="00000000000111110"/>
    <class days="1010100" id="3628" room="284" start="114" weeks="01111100000000000"/>
    <class days="1000000" id="3629" room="284" start="174" weeks="00000011111000000"/>
    <class days="1010100" id="3630" room="279" start="114" weeks="00000011111000000"/>
    <class days="1010100" id="3631" room="284" start="114" weeks="00000011111000000"/>
    <class days="1010100" id="3632" room="429" start="150" weeks="01111111111111110"/>
    <class days="0101000" id="3633" room="429" start="126" weeks="01111111111111110"/>
    <class days="0101000" id="3634" room="429" start="144" weeks="01111111111111110"/>
    <class days="1010100" id="3635" room="429" start="174" weeks="01111111111111110"/>
    <class days="0001000" id="3636" room="197" start="138" weeks="01111111111111110"/>
    <class days="1010000" id="3637" room="619" start="174" weeks="01111111111111110"/>
    <class days="0100000" id="3638" room="714" start="162" weeks="01111111111111110"/>
    <class days="1010000" id="3639" room="468" start="102" weeks="01111111111111110"/>
    <class days="1000000" id="3640" room="247" start="186" weeks="01101111111111110"/>
    <class days="0010000" id="3641" room="247" start="138" weeks="01111111111111110"/>
    <class days="0000100" id="3642" room="247" start="186" weeks="01111111111111110"/>
    <class days="0010000" id="3643" room="247" start="138" weeks="01111111111111110"/>
    <class days="1010000" id="3644" room="373" start="162" weeks="01111111111111110"/>
    <class days="1000000" id="3645" room="714" start="174" weeks="01101111111111110"/>
    <class days="1000000" id="3646" room="714" start="126" weeks="01101111111111110"/>
    <class days="0001000" id="3647" room="714" start="126" weeks="01111111111111110"/>
    <class days="1000000" id="3648" room="714" start="90" weeks="01101111111111110"/>
    <class days="0001000" id="3649" room="714" start="90" weeks="01111111111111110"/>
    <class days="0001000" id="3650" room="714" start="174" weeks="01111111111111110"/>
    <class days="0101000" id="3651" room="92" start="174" weeks="01111111111111110"/>
    <class days="0000100" id="3652" room="210" start="90" weeks="01111111111111110"/>
    <class days="0001000" id="3653" room="210" start="102" weeks="01111111111111110"/>
    <class days="0100000" id="3654" room="210" start="90" weeks="01111111111111110"/>
    <class days="0001000" id="3655" room="210" start="138" weeks="01111111111111110"/>
    <class days="0101000" id="3656" room="92" start="114" weeks="01111111111111110"/>
    <class days="0000100" id="3657" room="247" start="126" weeks="01111111111111110"/>
    <class days="0100000" id="3658" room="247" start="138" weeks="01111111111111110"/>
    <class days="0001000" id="3659" room="247" start="138" weeks="01111111111111110"/>
    <class days="0010000" id="3660" room="247" start="102" weeks="01111111111111110"/>
    <class days="1000100" id="3661" room="619" start="126" weeks="01111111111111110"/>
    <class days="0001000" id="3662" room="183" start="114" weeks="01111111111111110"/>
    <class days="0100000" id="3663" room="183" start="162" weeks="01111111111111110"/>
    <class days="1010000" id="3664" room="619" start="90" weeks="01111111111111110"/>
    <class days="0010000" id="3665" room="210" start="162" weeks="01111111111111110"/>
    <class days="0010000" id="3666" room="210" start="114" weeks="01111111111111110"/>
    <class days="1010000" id="3667" room="619" start="114" weeks="01111111111111110"/>
    <class days="0001000" id="3668" room="210" start="178" weeks="01111111111111110"/>
    <class days="1000000" id="3669" room="210" start="138" weeks="01101111111111110"/>
    <class days="1010000" id="3670" room="619" start="162" weeks="01111111111111110"/>
    <class days="0100000" id="3671" room="247" start="180" weeks="01111111111111110"/>
    <class days="0100000" id="3672" room="247" start="102" weeks="01111111111111110"/>
    <class days="0101000" id="3673" room="619" start="138" weeks="01111111111111110"/>
    <class days="0001000" id="3674" room="183" start="162" weeks="01111111111111110"/>
    <class days="1000000" id="3675" room="183" start="138" weeks="01101111111111110"/>
    <class days="0101000" id="3676" room="313" start="198" weeks="01111111111111110"/>
    <class days="1000000" id="3677" room="247" start="162" weeks="01101111111111110"/>
    <class days="1000000" id="3678" room="247" start="114" weeks="01101111111111110"/>
    <class days="1000000" id="3679" room="247" start="138" weeks="01101111111111110"/>
    <class days="1000000" id="3680" room="247" start="90" weeks="01101111111111110"/>
    <class days="0001000" id="3681" room="247" start="90" weeks="01111111111111110"/>
    <class days="0000100" id="3682" room="619" start="162" weeks="01111111111111110"/>
    <class days="0010000" id="3683" room="247" start="186" weeks="01111111111111110"/>
    <class days="1010000" id="3684" room="619" start="138" weeks="01111111111111110"/>
    <class days="0100000" id="3685" room="247" start="114" weeks="01111111111111110"/>
    <class days="0001000" id="3686" room="247" start="114" weeks="01111111111111110"/>
    <class days="0001000" id="3687" room="247" start="186" weeks="01111111111111110"/>
    <class days="0101000" id="3688" room="619" start="150" weeks="01111111111111110"/>
    <class days="0010000" id="3689" room="247" start="162" weeks="01111111111111110"/>
    <class days="1000000" id="3690" room="247" start="114" weeks="01101111111111110"/>
    <class days="0101000" id="3691" room="619" start="90" weeks="01111111111111110"/>
    <class days="0010000" id="3692" room="210" start="138" weeks="01111111111111110"/>
    <class days="0100000" id="3693" room="210" start="138" weeks="01111111111111110"/>
    <class days="1000100" id="3694" room="619" start="150" weeks="01111111111111110"/>
    <class days="0010000" id="3695" room="530" start="138" weeks="01111111111111110"/>
    <class days="1000100" id="3696" room="619" start="186" weeks="01111111111111110"/>
    <class days="0001000" id="3697" room="50" start="114" weeks="01111111111111110"/>
    <class days="0100000" id="3698" room="50" start="138" weeks="01111111111111110"/>
    <class days="0100000" id="3699" room="50" start="114" weeks="01111111111111110"/>
    <class days="1000000" id="3700" room="50" start="114" weeks="01101111111111110"/>
    <class days="0101000" id="3701" room="372" start="180" weeks="01111111111111110"/>
    <class days="1010000" id="3702" room="373" start="90" weeks="01111111111111110"/>
    <class days="0100000" id="3703" start="90" weeks="01111111111111110"/>
    <class days="0010000" id="3704" start="186" weeks="01111111111111110"/>
    <class days="0010000" id="3705" start="180" weeks="01111111111111110"/>
    <class days="0001000" id="3706" room="619" start="114" weeks="01111111111111110"/>
    <class days="0100000" id="3707" room="210" start="162" weeks="01111111111111110"/>
    <class days="1010000" id="3708" room="494" start="126" weeks="01111111111111110"/>
    <class days="1000000" id="3709" room="494" start="138" weeks="01101111111111110"/>
    <class days="0000100" id="3710" room="709" start="102" weeks="01111111111111110"/>
    <class days="0101000" id="3711" room="555" start="114" weeks="01111111111111110"/>
    <class days="0100000" id="3712" room="745" start="102" weeks="01111111111111110"/>
    <class days="0000100" id="3713" room="330" start="102" weeks="01111111111111110"/>
    <class days="0000100" id="3714" room="12" start="114" weeks="01111111111111110"/>
    <class days="0000100" id="3715" room="463" start="174" weeks="01111111111111110"/>
    <class days="0001000" id="3716" room="197" start="162" weeks="01111111111111110"/>
    <class days="1000000" id="3717" room="667" start="126" weeks="01101111111111110"/>
    <class days="0101000" id="3718" room="474" start="90" weeks="01111111111111110"/>
    <class days="0101000" id="3719" room="571" start="198" weeks="01111111111111110"/>
    <class days="0101000" id="3720" room="641" start="180" weeks="01111111111111110"/>
    <class days="0101000" id="3721" room="571" start="108" weeks="01111111111111110"/>
    <class days="0101000" id="3722" room="716" start="198" weeks="01111111111111110"/>
    <class days="1010000" id="3723" room="448" start="198" weeks="01111111111111110"/>
    <class days="0101000" id="3724" room="641" start="198" weeks="01111111111111110"/>
    <class days="0101000" id="3725" room="641" start="162" weeks="01111111111111110"/>
    <class days="0101000" id="3726" room="237" start="144" weeks="01111111111111110"/>
    <class days="0101000" id="3727" room="407" start="198" weeks="01111111111111110"/>
    <class days="1010100" id="3728" room="221" start="114" weeks="01111111111111110"/>
    <class days="0101000" id="3729" room="123" start="180" weeks="01111111111111110"/>
    <class days="0101000" id="3730" room="502" start="126" weeks="01111111111111110"/>
    <class days="0101000" id="3731" room="23" start="162" weeks="01111111111111110"/>
    <class days="1010100" id="3732" room="438" start="138" weeks="01111111111111110"/>
    <class days="0101000" id="3733" room="745" start="198" weeks="01111111111111110"/>
    <class days="1010100" id="3734" room="448" start="150" weeks="01111111111111110"/>
    <class days="0101000" id="3735" room="17" start="126" weeks="01111111111111110"/>
    <class days="0101000" id="3736" room="221" start="108" weeks="01111111111111110"/>
    <class days="0101000" id="3737" room="12" start="126" weeks="01111111111111110"/>
    <class days="1010100" id="3738" room="613" start="162" weeks="01111111111111110"/>
    <class days="1010100" id="3739" room="613" start="150" weeks="01111111111111110"/>
    <class days="0101000" id="3740" room="221" start="198" weeks="01111111111111110"/>
    <class days="1010100" id="3741" room="120" start="114" weeks="01111111111111110"/>
    <class days="0101000" id="3742" room="12" start="180" weeks="01111111111111110"/>
    <class days="0101000" id="3743" room="12" start="144" weeks="01111111111111110"/>
    <class days="0101000" id="3744" room="613" start="162" weeks="01111111111111110"/>
    <class days="0101000" id="3745" room="613" start="180" weeks="01111111111111110"/>
    <class days="0101000" id="3746" room="474" start="198" weeks="01111111111111110"/>
    <class days="1010100" id="3747" room="448" start="174" weeks="01111111111111110"/>
    <class days="1010100" id="3748" room="448" start="186" weeks="01111111111111110"/>
    <class days="0101000" id="3749" room="448" start="198" weeks="01111111111111110"/>
    <class days="1010100" id="3750" room="598" start="162" weeks="01111111111111110"/>
    <class days="1010000" id="3751" room="149" start="96" weeks="00000000011111110"/>
    <class days="1010000" id="3752" room="149" start="118" weeks="00000000011111110"/>
    <class days="1010000" id="3753" room="149" start="158" weeks="00000000011111110"/>
    <class days="1010000" id="3754" room="330" start="96" weeks="00000000011111110"/>
    <class days="1010000" id="3755" room="330" start="118" weeks="00000000011111110"/>
    <class days="1010000" id="3756" room="17" start="158" weeks="00000000011111110"/>
    <class days="1000000" id="3757" room="149" start="162" weeks="01101100000000000"/>
    <class days="0101000" id="3758" room="612" start="198" weeks="01111111000000000"/>
    <class days="0101000" id="3759" start="198" weeks="01111111000000000"/>
    <class days="0101000" id="3760" room="612" start="198" weeks="00000000011111110"/>
    <class days="0101000" id="3761" start="198" weeks="00000000011111110"/>
    <class days="0101000" id="3762" room="612" start="158" weeks="00000000011111110"/>
    <class days="0101000" id="3763" room="598" start="138" weeks="01111111111111110"/>
    <class days="1010000" id="3764" room="612" start="118" weeks="01111111000000000"/>
    <class days="1010000" id="3765" room="598" start="96" weeks="01111111000000000"/>
    <class days="0101000" id="3766" start="138" weeks="01111111111111110"/>
    <class days="0101000" id="3767" room="612" start="158" weeks="01111111100000000"/>
    <class days="1010000" id="3768" room="481" start="178" weeks="01111111000000000"/>
    <class days="0101000" id="3769" room="612" start="178" weeks="00000000011111110"/>
    <class days="0101000" id="3770" room="463" start="96" weeks="01111111000000000"/>
    <class days="0101000" id="3771" room="598" start="96" weeks="01111111111111110"/>
    <class days="0000100" id="3772" room="598" start="138" weeks="01111111111111110"/>
    <class days="0101000" id="3773" room="598" start="158" weeks="01111111000000000"/>
    <class days="0101000" id="3774" room="598" start="178" weeks="01111111000000000"/>
    <class days="1010000" id="3775" room="330" start="178" weeks="01111111000000000"/>
    <class days="1010000" id="3776" room="598" start="178" weeks="00000000011111110"/>
    <class days="0101000" id="3777" room="598" start="158" weeks="00000000011111110"/>
    <class days="1010000" id="3778" room="312" start="138" weeks="00000000011111110"/>
    <class days="0101000" id="3779" room="463" start="158" weeks="00000000011111110"/>
    <class days="0101000" id="3780" room="149" start="178" weeks="00000000011111110"/>
    <class days="0101000" id="3781" room="481" start="96" weeks="01111111000000000"/>
    <class days="0000010" id="3782" start="156" weeks="01010000000000000"/>
    <class days="0010000" id="3783" room="512" start="90" weeks="01111111111111110"/>
    <class days="0001000" id="3784" room="512" start="90" weeks="01111111111111110"/>
    <class days="0100000" id="3785" start="102" weeks="00000011111111110"/>
    <class days="1000000" id="3786" start="102" weeks="00000011111111110"/>
    <class days="0010000" id="3787" start="102" weeks="00000011111111110"/>
    <class days="0001000" id="3788" start="102" weeks="00000011111111110"/>
    <class days="0100000" id="3789" start="108" weeks="00000011111111110"/>
    <class days="1000000" id="3790" start="108" weeks="00000011111111110"/>
    <class days="0010000" id="3791" start="108" weeks="00000011111111110"/>
    <class days="0001000" id="3792" start="108" weeks="00000011111111110"/>
    <class days="0100000" id="3793" room="60" start="138" weeks="01111111111111110"/>
    <class days="0010000" id="3794" room="512" start="114" weeks="01111111111111110"/>
    <class days="0000100" id="3795" room="134" start="114" weeks="01111111111111110"/>
    <class days="0001000" id="3796" room="60" start="162" weeks="01111111111111110"/>
    <class days="0001000" id="3797" room="512" start="186" weeks="01111111111111110"/>
    <class days="0100000" id="3798" start="132" weeks="00000011111111110"/>
    <class days="1000000" id="3799" start="132" weeks="00000011111111110"/>
    <class days="0010000" id="3800" start="132" weeks="00000011111111110"/>
    <class days="0001000" id="3801" start="132" weeks="00000011111111110"/>
    <class days="0100000" id="3802" room="60" start="114" weeks="01111111111111110"/>
    <class days="1000000" id="3803" room="512" start="114" weeks="01101111111111110"/>
    <class days="1000000" id="3804" room="233" start="102" weeks="01101111111111110"/>
    <class days="1000000" id="3805" room="380" start="162" weeks="01101111111111110"/>
    <class days="0010000" id="3806" room="344" start="138" weeks="01111111111111110"/>
    <class days="0001000" id="3807" room="344" start="90" weeks="01111111111111110"/>
    <class days="0001000" id="3808" room="344" start="114" weeks="01111111111111110"/>
    <class days="0010000" id="3809" room="344" start="114" weeks="01111111111111110"/>
    <class days="0010000" id="3810" room="4" start="162" weeks="01111111111111110"/>
    <class days="0010000" id="3811" room="4" start="90" weeks="01111111111111110"/>
    <class days="0100000" id="3812" room="4" start="138" weeks="01111111111111110"/>
    <class days="0100000" id="3813" room="4" start="162" weeks="01111111111111110"/>
    <class days="1000000" id="3814" room="60" start="114" weeks="01101111111111110"/>
    <class days="0001000" id="3815" room="60" start="114" weeks="01111111111111110"/>
    <class days="0001000" id="3816" room="60" start="138" weeks="01111111111111110"/>
    <class days="0000100" id="3817" room="60" start="90" weeks="01111111111111110"/>
    <class days="0100000" id="3818" room="60" start="186" weeks="01111111111111110"/>
    <class days="0100000" id="3819" room="60" start="162" weeks="01111111111111110"/>
    <class days="0000100" id="3820" room="134" start="114" weeks="01111111111111110"/>
    <class days="1010000" id="3821" room="60" start="162" weeks="01111110000000000"/>
    <class days="0101000" id="3822" room="134" start="162" weeks="01111111111111110"/>
    <class days="0101000" id="3823" room="134" start="144" weeks="01111111111111110"/>
    <class days="0101000" id="3824" room="134" start="90" weeks="01111111111111110"/>
    <class days="0101000" id="3825" room="134" start="126" weeks="01111111111111110"/>
    <class days="1010100" id="3826" room="134" start="150" weeks="01111111111111110"/>
    <class days="1010100" id="3827" room="134" start="162" weeks="01111111111111110"/>
    <class days="0101000" id="3828" room="134" start="108" weeks="01111111111111110"/>
    <class days="1000000" id="3829" room="134" start="114" weeks="01101111111111110"/>
    <class days="0000100" id="3830" room="726" start="102" weeks="01110000000000000"/>
    <class days="0000100" id="3831" start="102" weeks="00001111111111110"/>
    <class days="0000100" id="3832" start="90" weeks="00001111111111110"/>
    <class days="0000100" id="3833" start="126" weeks="00001111111111110"/>
    <class days="0000100" id="3834" room="60" start="162" weeks="01111111111111110"/>
    <class days="0001000" id="3835" room="134" start="180" weeks="01110000000000000"/>
    <class days="0100000" id="3836" start="114" weeks="00001111111111110"/>
    <class days="0100000" id="3837" start="102" weeks="00001111111111110"/>
    <class days="0100000" id="3838" start="138" weeks="00001111111111110"/>
    <class days="0001000" id="3839" room="60" start="186" weeks="01111111111111110"/>
    <class days="1000000" id="3840" room="726" start="174" weeks="01100000000000000"/>
    <class days="0001000" id="3841" start="114" weeks="00001111111111110"/>
    <class days="0001000" id="3842" start="102" weeks="00001111111111110"/>
    <class days="0001000" id="3843" start="138" weeks="00001111111111110"/>
    <class days="0101000" id="3844" room="512" start="144" weeks="01111111111111110"/>
    <class days="1000000" id="3845" room="60" start="90" weeks="01101111111111110"/>
    <class days="0010000" id="3846" room="60" start="102" weeks="01110000000000000"/>
    <class days="0010000" id="3847" start="102" weeks="00001111111111110"/>
    <class days="0010000" id="3848" start="90" weeks="00001111111111110"/>
    <class days="0010000" id="3849" start="126" weeks="00001111111111110"/>
    <class days="0100000" id="3850" room="512" start="162" weeks="01111111111111110"/>
    <class days="0000100" id="3851" room="512" start="156" weeks="01110000000000000"/>
    <class days="0001000" id="3852" start="114" weeks="00001111111111110"/>
    <class days="0001000" id="3853" start="102" weeks="00001111111111110"/>
    <class days="0001000" id="3854" start="138" weeks="00001111111111110"/>
    <class days="0001000" id="3855" room="512" start="162" weeks="01111111111111110"/>
    <class days="0000100" id="3856" room="512" start="180" weeks="01110000000000000"/>
    <class days="0100000" id="3857" start="114" weeks="00001111111111110"/>
    <class days="0100000" id="3858" start="102" weeks="00001111111111110"/>
    <class days="0100000" id="3859" start="138" weeks="00001111111111110"/>
    <class days="1000100" id="3860" room="60" start="198" weeks="01111111111111110"/>
    <class days="0100000" id="3861" room="512" start="108" weeks="01100000000000000"/>
    <class days="0001000" id="3862" room="255" start="132" weeks="01100000000000000"/>
    <class days="0101000" id="3863" start="102" weeks="00011111111111110"/>
    <class days="1010000" id="3864" start="174" weeks="00011111111111110"/>
    <class days="0101000" id="3865" start="108" weeks="00011111111111110"/>
    <class days="0101000" id="3866" start="108" weeks="00011111111111110"/>
    <class days="0101000" id="3867" start="132" weeks="00011111111111110"/>
    <class days="0101000" id="3868" start="132" weeks="00011111111111110"/>
    <class days="1010000" id="3869" room="60" start="138" weeks="01111111111111110"/>
    <class days="1000000" id="3870" room="726" start="90" weeks="01100000000000000"/>
    <class days="0000100" id="3871" room="60" start="156" weeks="01100000000000000"/>
    <class days="0101000" id="3872" start="150" weeks="00011111111111110"/>
    <class days="0101000" id="3873" start="156" weeks="00011111111111110"/>
    <class days="0101000" id="3874" start="180" weeks="00011111111111110"/>
    <class days="1010000" id="3875" room="134" start="138" weeks="01111111111111110"/>
    <class days="0101000" id="3876" room="60" start="90" weeks="01100000000000000"/>
    <class days="1010000" id="3877" start="102" weeks="00011111111111110"/>
    <class days="1010000" id="3878" start="108" weeks="00011111111111110"/>
    <class days="1010000" id="3879" start="132" weeks="00011111111111110"/>
    <class days="0101000" id="3880" room="726" start="126" weeks="01111111100000000"/>
    <class days="0101000" id="3881" start="126" weeks="00000000011111110"/>
    <class days="0010100" id="3882" start="156" weeks="01111111111111110"/>
    <class days="1000100" id="3883" room="134" start="180" weeks="01111111100000000"/>
    <class days="0010100" id="3884" room="512" start="180" weeks="00000000011111110"/>
    <class days="0010100" id="3885" room="512" start="198" weeks="00000000011111110"/>
    <class days="0010100" id="3886" room="134" start="96" weeks="00000000011111110"/>
    <class days="1010000" id="3887" room="255" start="102" weeks="01111111100000000"/>
    <class days="1010000" id="3888" start="102" weeks="00000000011111110"/>
    <class days="1010000" id="3889" room="255" start="114" weeks="01111111100000000"/>
    <class days="1010000" id="3890" start="114" weeks="00000000011111110"/>
    <class days="1010000" id="3891" start="198" weeks="01111111111111110"/>
    <class days="0101000" id="3892" room="594" start="198" weeks="01111111111111110"/>
    <class days="0000100" id="3893" start="156" weeks="01111111111111110"/>
    <class days="0000100" id="3894" start="144" weeks="01111111111111110"/>
    <class days="0000100" id="3895" start="180" weeks="01111111111111110"/>
    <class days="1000100" id="3896" room="721" start="114" weeks="01111111111111110"/>
    <class days="0000100" id="3897" start="156" weeks="01111111111111110"/>
    <class days="0000100" id="3898" start="144" weeks="01111111111111110"/>
    <class days="0000100" id="3899" start="180" weeks="01111111111111110"/>
    <class days="0101000" id="3900" room="746" start="186" weeks="01111111111111110"/>
    <class days="0100000" id="3901" room="746" start="204" weeks="01111111111111110"/>
    <class days="1000000" id="3902" room="512" start="180" weeks="01101111111111110"/>
    <class days="0101000" id="3903" room="60" start="90" weeks="01111111111111110"/>
    <class days="1010000" id="3904" room="746" start="186" weeks="01111111111111110"/>
    <class days="1010000" id="3905" room="746" start="198" weeks="01111111111111110"/>
    <class days="0101000" id="3906" room="746" start="144" weeks="01111111111111110"/>
    <class days="0101000" id="3907" room="746" start="108" weeks="01111110000000000"/>
    <class days="1010000" id="3908" room="134" start="90" weeks="01111110000000000"/>
    <class days="1010000" id="3909" room="726" start="162" weeks="01111111111111110"/>
    <class days="0001000" id="3910" room="512" start="114" weeks="01111111111111110"/>
    <class days="1000100" id="3911" room="512" start="90" weeks="01111111111111110"/>
    <class days="0000100" id="3912" room="60" start="126" weeks="01111111111111110"/>
    <class days="0100000" id="3913" room="746" start="216" weeks="00000001111111110"/>
    <class days="0010000" id="3914" room="134" start="114" weeks="01111110000000000"/>
    <class days="0001000" id="3915" room="60" start="198" weeks="01111111111111110"/>
    <class days="0100000" id="3916" room="318" start="162" weeks="01111111111111110"/>
    <class days="0100000" id="3917" room="134" start="198" weeks="01111111111111110"/>
    <class days="0010000" id="3918" room="60" start="216" weeks="01111111111111110"/>
    <class days="0001000" id="3919" room="255" start="228" weeks="01111111111111110"/>
    <class days="0001000" id="3920" room="318" start="174" weeks="01111111111111110"/>
    <class days="0100000" id="3921" room="60" start="210" weeks="01111111111111110"/>
    <class days="0010000" id="3922" room="512" start="210" weeks="01111111111111110"/>
    <class days="0001000" id="3923" room="726" start="210" weeks="01111111111111110"/>
    <class days="0000010" id="3924" room="598" start="162" weeks="10000000000000000"/>
    <class days="0000010" id="3925" room="598" start="156" weeks="00000000000000100"/>
    <class days="0010000" id="3926" room="134" start="210" weeks="01111111111111110"/>
    <class days="1000000" id="3927" room="746" start="216" weeks="01101111111111110"/>
    <class days="1000000" id="3928" room="512" start="138" weeks="01101111111111110"/>
    <class days="0001000" id="3929" room="134" start="210" weeks="01111111111111110"/>
    <class days="0100000" id="3930" room="512" start="210" weeks="01111111111111110"/>
    <class days="0100000" id="3931" room="512" start="198" weeks="01010101010101010"/>
    <class days="1000000" id="3932" room="60" start="210" weeks="01101111111111110"/>
    <class days="0000100" id="3933" room="60" start="144" weeks="01111111111111110"/>
    <class days="0001000" id="3934" room="318" start="150" weeks="01111111111111110"/>
    <class days="1000000" id="3935" room="512" start="222" weeks="01101111111111110"/>
    <class days="0010100" id="3936" room="353" start="126" weeks="01111111111111110"/>
    <class days="0101000" id="3937" room="562" start="90" weeks="01111111111111110"/>
    <class days="1010000" id="3938" room="257" start="90" weeks="01111111111111110"/>
    <class days="0101000" id="3939" room="695" start="198" weeks="01111111111111110"/>
    <class days="0010100" id="3940" room="339" start="150" weeks="01111111111111110"/>
    <class days="0101000" id="3941" room="172" start="114" weeks="01111111111111110"/>
    <class days="1010000" id="3942" room="449" start="138" weeks="01111111111111110"/>
    <class days="0010100" id="3943" room="733" start="186" weeks="01111111111111110"/>
    <class days="1010000" id="3944" room="339" start="90" weeks="01111111111111110"/>
    <class days="1000100" id="3945" room="695" start="198" weeks="01111111111111110"/>
    <class days="1000100" id="3946" room="738" start="150" weeks="01111111111111110"/>
    <class days="0010100" id="3947" room="335" start="198" weeks="01111111111111110"/>
    <class days="1010000" id="3948" room="257" start="114" weeks="01111111111111110"/>
    <class days="0010100" id="3949" room="339" start="138" weeks="01111111111111110"/>
    <class days="1000100" id="3950" room="339" start="198" weeks="01111111111111110"/>
    <class days="0101000" id="3951" room="348" start="186" weeks="01111111111111110"/>
    <class days="0101000" id="3952" room="302" start="102" weeks="01111111111111110"/>
    <class days="1010000" id="3953" room="340" start="102" weeks="01111111111111110"/>
    <class days="1000100" id="3954" room="361" start="198" weeks="01111111111111110"/>
    <class days="1000100" id="3955" room="302" start="186" weeks="01111111111111110"/>
    <class days="0010100" id="3956" room="564" start="114" weeks="01111111111111110"/>
    <class days="0010100" id="3957" room="449" start="102" weeks="01111111111111110"/>
    <class days="1000100" id="3958" room="172" start="198" weeks="01111111111111110"/>
    <class days="0010100" id="3959" room="335" start="126" weeks="01111111111111110"/>
    <class days="0010100" id="3960" room="337" start="138" weeks="01111111111111110"/>
    <class days="0010100" id="3961" room="340" start="174" weeks="01111111111111110"/>
    <class days="0010100" id="3962" room="377" start="186" weeks="01111111111111110"/>
    <class days="1000100" id="3963" room="339" start="162" weeks="01111111111111110"/>
    <class days="1000100" id="3964" room="63" start="114" weeks="01111111111111110"/>
    <class days="1000100" id="3965" room="172" start="150" weeks="01111111111111110"/>
    <class days="0010100" id="3966" room="733" start="90" weeks="01111111111111110"/>
    <class days="1000100" id="3967" room="285" start="186" weeks="01111111111111110"/>
    <class days="0010100" id="3968" room="337" start="150" weeks="01111111111111110"/>
    <class days="0010100" id="3969" room="69" start="90" weeks="01111111111111110"/>
    <class days="0101000" id="3970" room="257" start="162" weeks="01111111111111110"/>
    <class days="1010000" id="3971" room="544" start="114" weeks="01111111111111110"/>
    <class days="0010100" id="3972" room="342" start="102" weeks="01111111111111110"/>
    <class days="1000100" id="3973" room="257" start="174" weeks="01111111111111110"/>
    <class days="1010000" id="3974" room="340" start="90" weeks="01111111111111110"/>
    <class days="0010100" id="3975" room="544" start="102" weeks="01111111111111110"/>
    <class days="0010100" id="3976" room="738" start="138" weeks="01111111111111110"/>
    <class days="1000100" id="3977" room="420" start="90" weeks="01111111111111110"/>
    <class days="0101000" id="3978" room="198" start="102" weeks="01111111111111110"/>
    <class days="0101000" id="3979" room="379" start="90" weeks="01111111111111110"/>
    <class days="0101000" id="3980" room="379" start="162" weeks="01111111111111110"/>
    <class days="0101000" id="3981" room="308" start="198" weeks="01111111111111110"/>
    <class days="0101000" id="3982" room="731" start="162" weeks="01111111111111110"/>
    <class days="1010000" id="3983" room="373" start="90" weeks="01111111111111110"/>
    <class days="0001000" id="3984" start="102" weeks="01111111111111110"/>
    <class days="0001000" id="3985" start="102" weeks="01111111111111110"/>
    <class days="0001000" id="3986" start="102" weeks="01111111111111110"/>
    <class days="0100000" id="3987" start="102" weeks="01111111111111110"/>
    <class days="0001000" id="3988" start="108" weeks="01111111111111110"/>
    <class days="0001000" id="3989" start="108" weeks="01111111111111110"/>
    <class days="0001000" id="3990" start="108" weeks="01111111111111110"/>
    <class days="0100000" id="3991" start="108" weeks="01111111111111110"/>
    <class days="0100000" id="3992" start="132" weeks="01111111111111110"/>
    <class days="0010000" id="3993" start="132" weeks="01111111111111110"/>
    <class days="1000000" id="3994" start="132" weeks="01101111111111110"/>
    <class days="1000000" id="3995" start="132" weeks="01101111111111110"/>
    <class days="1000100" id="3996" room="574" start="114" weeks="01111111111111110"/>
    <class days="0010000" id="3997" room="758" start="96" weeks="01111111111111110"/>
    <class days="0010000" id="3998" room="758" start="102" weeks="01111111111111110"/>
    <class days="0100000" id="3999" room="265" start="204" weeks="01111111111111110"/>
    <class days="0100000" id="4000" room="758" start="168" weeks="01111111111111110"/>
    <class days="0001000" id="4001" room="265" start="132" weeks="01111111111111110"/>
    <class days="0100000" id="4002" room="257" start="186" weeks="01111111111111110"/>
    <class days="0101000" id="4003" room="69" start="144" weeks="01111111111111110"/>
    <class days="0101000" id="4004" room="346" start="90" weeks="01111111111111110"/>
    <class days="0101000" id="4005" room="71" start="108" weeks="01111111111111110"/>
    <class days="0101000" id="4006" room="52" start="108" weeks="01111111111111110"/>
    <class days="0101000" id="4007" room="348" start="126" weeks="01111111111111110"/>
    <class days="0101000" id="4008" room="616" start="90" weeks="01111111111111110"/>
    <class days="0101000" id="4009" room="438" start="180" weeks="01111111111111110"/>
    <class days="0101000" id="4010" room="565" start="108" weeks="01111111111111110"/>
    <class days="0101000" id="4011" room="106" start="144" weeks="01111111111111110"/>
    <class days="0101000" id="4012" room="315" start="198" weeks="01111111111111110"/>
    <class days="0101000" id="4013" room="9" start="90" weeks="01111111111111110"/>
    <class days="0101000" id="4014" room="112" start="180" weeks="01111111111111110"/>
    <class days="0101000" id="4015" room="748" start="108" weeks="01111111111111110"/>
    <class days="0010000" id="4016" room="629" start="210" weeks="01111111111111110"/>
    <class days="0001000" id="4017" room="629" start="210" weeks="01111111111111110"/>
    <class days="0101000" id="4018" room="257" start="126" weeks="01111111111111110"/>
    <class days="0101000" id="4019" room="257" start="144" weeks="01111111111111110"/>
    <class days="0101000" id="4020" room="198" start="126" weeks="01111111111111110"/>
    <class days="0101000" id="4021" room="198" start="144" weeks="01111111111111110"/>
    <class days="0010000" id="4022" room="574" start="102" weeks="01111111111111110"/>
    <class days="0010000" id="4023" start="102" weeks="01111111111111110"/>
    <class days="0010000" id="4024" start="102" weeks="01111111111111110"/>
    <class days="1010000" id="4025" room="346" start="90" weeks="01111111111111110"/>
    <class days="0010000" id="4026" room="758" start="114" weeks="01111111111111110"/>
    <class days="0010000" id="4027" room="758" start="126" weeks="01111111111111110"/>
    <class days="0101000" id="4028" room="213" start="180" weeks="01111111111111110"/>
    <class days="0100000" id="4029" room="308" start="108" weeks="01111111111111110"/>
    <class days="0000100" id="4030" room="198" start="234" weeks="01111111111111110"/>
    <class days="0001000" id="4031" room="257" start="180" weeks="01111111111111110"/>
    <class days="0001000" id="4032" room="198" start="198" weeks="01111111111111110"/>
    <class days="0010000" id="4033" room="360" start="150" weeks="01111111111111110"/>
    <class days="0001000" id="4034" start="138" weeks="01111111111111110"/>
    <class days="0100000" id="4035" start="102" weeks="01111111111111110"/>
    <class days="0001000" id="4036" room="198" start="90" weeks="01111111111111110"/>
    <class days="1000000" id="4037" room="198" start="174" weeks="01101111111111110"/>
    <class days="0000100" id="4038" start="90" weeks="01111111111111110"/>
    <class days="0000100" id="4039" start="180" weeks="01111111111111110"/>
    <class days="0000100" id="4040" start="96" weeks="01111111111111110"/>
    <class days="0101000" id="4041" room="198" start="162" weeks="01111111111111110"/>
    <class days="0101000" id="4042" room="489" start="102" weeks="01111111100000000"/>
    <class days="0101000" id="4043" room="489" start="114" weeks="01111111100000000"/>
    <class days="0101000" id="4044" room="489" start="126" weeks="01111111100000000"/>
    <class days="0101000" id="4045" room="489" start="138" weeks="01111111100000000"/>
    <class days="0101000" id="4046" room="489" start="150" weeks="01111111100000000"/>
    <class days="0100000" id="4047" room="629" start="114" weeks="01111111111111110"/>
    <class days="0001000" id="4048" room="257" start="210" weeks="01111111111111110"/>
    <class days="1000000" id="4049" room="257" start="198" weeks="01101111111111110"/>
    <class days="0010000" id="4050" room="629" start="162" weeks="01111111111111110"/>
    <class days="0010000" id="4051" room="198" start="210" weeks="01111111111111110"/>
    <class days="0100000" id="4052" room="330" start="216" weeks="01111111111111110"/>
    <class days="0010000" id="4053" room="598" start="252" weeks="01111111111111110"/>
    <class days="0000100" id="4054" room="257" start="252" weeks="01111111111111110"/>
    <class days="0100000" id="4055" room="602" start="198" weeks="01111111111111110"/>
    <class days="0100000" id="4056" room="629" start="198" weeks="01111111111111110"/>
    <class days="0100000" id="4057" room="198" start="198" weeks="01111111111111110"/>
    <class days="0010000" id="4058" room="257" start="162" weeks="01111111111111110"/>
    <class days="1000000" id="4059" room="629" start="210" weeks="01101111111111110"/>
    <class days="0001000" id="4060" room="294" start="174" weeks="01111111111111110"/>
    <class days="0001000" id="4061" room="629" start="162" weeks="01111111111111110"/>
    <class days="0010000" id="4062" room="489" start="162" weeks="01111111111111110"/>
    <class days="1000000" id="4063" room="294" start="144" weeks="01101111111111110"/>
    <class days="0010000" id="4064" room="294" start="126" weeks="01111111111111110"/>
    <class days="0010000" id="4065" room="257" start="210" weeks="01111111111111110"/>
    <class days="0100000" id="4066" room="294" start="210" weeks="01111111111111110"/>
    <class days="0100000" id="4067" room="294" start="222" weeks="01111111111111110"/>
    <class days="0000100" id="4068" room="629" start="186" weeks="01111111111111110"/>
    <class days="0100000" id="4069" room="161" start="210" weeks="01111111111111110"/>
    <class days="1000100" id="4070" room="629" start="138" weeks="01111111111111110"/>
    <class days="0100000" id="4071" room="198" start="234" weeks="01111111111111110"/>
    <class days="0010000" id="4072" room="198" start="234" weeks="01111111111111110"/>
    <class days="0000100" id="4073" room="489" start="178" weeks="01111111111111110"/>
    <class days="0000100" id="4074" room="198" start="192" weeks="01111111111111110"/>
    <class days="1000000" id="4075" room="645" start="126" weeks="01101111111111110"/>
    <class days="1000000" id="4076" start="162" weeks="01101111111111110"/>
    <class days="1000000" id="4077" start="114" weeks="01101111111111110"/>
    <class days="0000010" id="4078" room="629" start="108" weeks="10000000000000000"/>
    <class days="0000010" id="4079" room="629" start="108" weeks="00000000100000000"/>
    <class days="0000010" id="4080" room="330" start="108" weeks="10000000000000000"/>
    <class days="0000010" id="4081" room="149" start="108" weeks="10000000000000000"/>
    <class days="0000010" id="4082" room="149" start="108" weeks="00000000100000000"/>
    <class days="0000010" id="4083" room="330" start="108" weeks="00000000100000000"/>
    <class days="0000001" id="4084" room="598" start="150" weeks="00000000100000000"/>
    <class days="0000010" id="4085" room="330" start="150" weeks="00000000100000000"/>
    <class days="0000010" id="4086" room="149" start="90" weeks="00000000000000010"/>
    <class days="0000010" id="4087" room="598" start="90" weeks="00000000000000010"/>
    <class days="0000010" id="4088" room="257" start="144" weeks="00000000100000000"/>
    <class days="0000010" id="4089" room="257" start="96" weeks="00000000000000010"/>
    <class days="0000010" id="4090" room="149" start="144" weeks="10000000000000000"/>
    <class days="0000010" id="4091" room="598" start="102" weeks="00000000000000100"/>
    <class days="0000010" id="4092" room="489" start="156" weeks="10000000000000000"/>
    <class days="0000010" id="4093" room="489" start="156" weeks="00000000000000100"/>
    <class days="0000010" id="4094" room="257" start="144" weeks="10000000000000000"/>
    <class days="0000010" id="4095" room="257" start="108" weeks="00000000000000100"/>
    <class days="0000010" id="4096" room="330" start="162" weeks="10000000000000000"/>
    <class days="0000010" id="4097" start="90" weeks="00000000000000100"/>
    <class days="0000010" id="4098" room="489" start="108" weeks="10000000000000000"/>
    <class days="0000010" id="4099" room="489" start="108" weeks="00000000000000100"/>
    <class days="0000010" id="4100" room="598" start="90" weeks="10000000000000000"/>
    <class days="0000010" id="4101" room="330" start="102" weeks="00000000000000100"/>
    <class days="1010100" id="4102" room="240" start="114" weeks="01111111111111110"/>
    <class days="0001000" id="4103" room="352" start="138" weeks="01111111111111110"/>
    <class days="1010100" id="4104" room="372" start="186" weeks="01111111111111110"/>
    <class days="1010100" id="4105" room="380" start="138" weeks="01111111111111110"/>
    <class days="1010000" id="4106" room="635" start="186" weeks="01111111111111110"/>
    <class days="0100000" id="4107" room="508" start="162" weeks="01111111111111110"/>
    <class days="0100000" id="4108" room="508" start="186" weeks="01111111111111110"/>
    <class days="1010100" id="4109" room="474" start="126" weeks="01111111111111110"/>
    <class days="0100000" id="4110" room="372" start="90" weeks="01111111111111110"/>
    <class days="1010100" id="4111" room="260" start="138" weeks="01111111111111110"/>
    <class days="0101000" id="4112" room="260" start="144" weeks="00000011111000000"/>
    <class days="0101000" id="4113" room="260" start="144" weeks="01111100000000000"/>
    <class days="0101000" id="4114" room="260" start="144" weeks="00000000000111110"/>
    <class days="1000000" id="4115" room="260" start="174" weeks="00000111011100000"/>
    <class days="0100000" id="4116" room="741" start="102" weeks="01111111111111110"/>
    <class days="0001000" id="4117" room="216" start="126" weeks="01111111111111110"/>
    <class days="0100000" id="4118" room="216" start="126" weeks="01111111111111110"/>
    <class days="1000000" id="4119" room="216" start="126" weeks="01101111111111110"/>
    <class days="0100000" id="4120" room="560" start="102" weeks="01111111111111110"/>
    <class days="0101000" id="4121" room="560" start="114" weeks="01111111111111110"/>
    <class days="0001000" id="4122" room="560" start="174" weeks="01111111111111110"/>
    <class days="0000100" id="4123" room="216" start="126" weeks="01111111111111110"/>
    <class days="0100000" id="4124" room="560" start="198" weeks="01111111111111110"/>
    <class days="0000100" id="4125" room="716" start="102" weeks="01111111111111110"/>
    <class days="0000100" id="4126" room="560" start="162" weeks="01111111111111110"/>
    <class days="0100000" id="4127" room="560" start="162" weeks="01111111111111110"/>
    <class days="0000100" id="4128" room="624" start="108" weeks="01111111111111110"/>
    <class days="0000100" id="4129" room="703" start="114" weeks="01111111111111110"/>
    <class days="1010000" id="4130" room="564" start="198" weeks="01111111111111110"/>
    <class days="1010000" id="4131" room="564" start="90" weeks="01111111111111110"/>
    <class days="1010000" id="4132" room="564" start="174" weeks="01111111111111110"/>
    <class days="1010000" id="4133" room="564" start="102" weeks="01111111111111110"/>
    <class days="1010000" id="4134" room="564" start="102" weeks="01111111111111110"/>
    <class days="1010000" id="4135" room="564" start="150" weeks="01111111111111110"/>
    <class days="0000100" id="4136" room="583" start="198" weeks="01111111111111110"/>
    <class days="0000100" id="4137" room="583" start="90" weeks="01111111111111110"/>
    <class days="0000100" id="4138" room="583" start="114" weeks="01111111111111110"/>
    <class days="0000100" id="4139" room="583" start="102" weeks="01111111111111110"/>
    <class days="0000100" id="4140" room="583" start="126" weeks="01111111111111110"/>
    <class days="0000100" id="4141" room="583" start="150" weeks="01111111111111110"/>
    <class days="0100000" id="4142" room="728" start="90" weeks="01111111111111110"/>
    <class days="0100000" id="4143" start="198" weeks="01111111111111110"/>
    <class days="0001000" id="4144" start="126" weeks="01111111111111110"/>
    <class days="0001000" id="4145" start="90" weeks="01111111111111110"/>
    <class days="0100000" id="4146" start="150" weeks="01111111111111110"/>
    <class days="0100000" id="4147" start="174" weeks="01111111111111110"/>
    <class days="0001000" id="4148" start="102" weeks="01111111111111110"/>
    <class days="0100000" id="4149" start="102" weeks="01111111111111110"/>
    <class days="0100000" id="4150" start="102" weeks="01111111111111110"/>
    <class days="0001000" id="4151" start="102" weeks="01111111111111110"/>
    <class days="0001000" id="4152" start="198" weeks="01111111111111110"/>
    <class days="0001000" id="4153" start="150" weeks="01111111111111110"/>
    <class days="1010000" id="4154" room="63" start="102" weeks="01111111111111110"/>
    <class days="1010000" id="4155" room="63" start="90" weeks="01111111111111110"/>
    <class days="1010000" id="4156" room="63" start="150" weeks="01111111111111110"/>
    <class days="1010000" id="4157" room="63" start="186" weeks="01111111111111110"/>
    <class days="0000100" id="4158" room="497" start="114" weeks="01111111111111110"/>
    <class days="0000100" id="4159" room="497" start="90" weeks="01111111111111110"/>
    <class days="0000100" id="4160" room="497" start="150" weeks="01111111111111110"/>
    <class days="0000100" id="4161" room="497" start="186" weeks="01111111111111110"/>
    <class days="0100000" id="4162" start="90" weeks="01111111111111110"/>
    <class days="0001000" id="4163" start="198" weeks="01111111111111110"/>
    <class days="0001000" id="4164" start="90" weeks="01111111111111110"/>
    <class days="0100000" id="4165" start="90" weeks="01111111111111110"/>
    <class days="0100000" id="4166" start="150" weeks="01111111111111110"/>
    <class days="0100000" id="4167" start="150" weeks="01111111111111110"/>
    <class days="0100000" id="4168" start="186" weeks="01111111111111110"/>
    <class days="0100000" id="4169" start="186" weeks="01111111111111110"/>
    <class days="1010000" id="4170" room="490" start="162" weeks="01111111111111110"/>
    <class days="1010000" id="4171" room="490" start="102" weeks="01111111111111110"/>
    <class days="1010000" id="4172" room="490" start="174" weeks="01111111111111110"/>
    <class days="1010000" id="4173" room="490" start="186" weeks="01111111111111110"/>
    <class days="1010000" id="4174" room="490" start="198" weeks="01111111111111110"/>
    <class days="0000100" id="4175" room="300" start="162" weeks="01111111111111110"/>
    <class days="0000100" id="4176" room="300" start="102" weeks="01111111111111110"/>
    <class days="0000100" id="4177" room="300" start="126" weeks="01111111111111110"/>
    <class days="0000100" id="4178" room="300" start="186" weeks="01111111111111110"/>
    <class days="0000100" id="4179" room="300" start="90" weeks="01111111111111110"/>
    <class days="0100000" id="4180" start="162" weeks="01111111111111110"/>
    <class days="0100000" id="4181" start="162" weeks="01111111111111110"/>
    <class days="0100000" id="4182" start="102" weeks="01111111111111110"/>
    <class days="0001000" id="4183" start="162" weeks="01111111111111110"/>
    <class days="0001000" id="4184" start="114" weeks="01111111111111110"/>
    <class days="0001000" id="4185" start="114" weeks="01111111111111110"/>
    <class days="0001000" id="4186" start="186" weeks="01111111111111110"/>
    <class days="0001000" id="4187" start="186" weeks="01111111111111110"/>
    <class days="0001000" id="4188" start="126" weeks="01111111111111110"/>
    <class days="0100000" id="4189" start="174" weeks="01111111111111110"/>
    <class days="0101000" id="4190" room="564" start="138" weeks="01111111111111110"/>
    <class days="1000000" id="4191" room="583" start="138" weeks="01101111111111110"/>
    <class days="0000100" id="4192" start="138" weeks="01111111111111110"/>
    <class days="0010000" id="4193" start="138" weeks="01111111111111110"/>
    <class days="0101000" id="4194" room="63" start="162" weeks="01111111111111110"/>
    <class days="0101000" id="4195" room="63" start="150" weeks="01111111111111110"/>
    <class days="0101000" id="4196" room="63" start="198" weeks="01111111111111110"/>
    <class days="0101000" id="4197" room="63" start="90" weeks="01111111111111110"/>
    <class days="0101000" id="4198" room="63" start="186" weeks="01111111111111110"/>
    <class days="0101000" id="4199" room="63" start="198" weeks="01111111111111110"/>
    <class days="1000000" id="4200" room="497" start="186" weeks="01101111111111110"/>
    <class days="1000000" id="4201" room="497" start="162" weeks="01101111111111110"/>
    <class days="1000000" id="4202" room="497" start="126" weeks="01101111111111110"/>
    <class days="1000000" id="4203" room="497" start="138" weeks="01101111111111110"/>
    <class days="1000000" id="4204" room="497" start="174" weeks="01101111111111110"/>
    <class days="1000000" id="4205" room="497" start="90" weeks="01101111111111110"/>
    <class days="0000100" id="4206" room="728" start="186" weeks="01111111111111110"/>
    <class days="0000100" id="4207" start="126" weeks="01111111111111110"/>
    <class days="0000100" id="4208" start="126" weeks="01111111111111110"/>
    <class days="0010000" id="4209" start="114" weeks="01111111111111110"/>
    <class days="0010000" id="4210" start="174" weeks="01111111111111110"/>
    <class days="0000100" id="4211" start="162" weeks="01111111111111110"/>
    <class days="0000100" id="4212" start="150" weeks="01111111111111110"/>
    <class days="0000100" id="4213" start="114" weeks="01111111111111110"/>
    <class days="0000100" id="4214" start="114" weeks="01111111111111110"/>
    <class days="0000100" id="4215" start="186" weeks="01111111111111110"/>
    <class days="0000100" id="4216" start="102" weeks="01111111111111110"/>
    <class days="0010000" id="4217" start="198" weeks="01111111111111110"/>
    <class days="0101000" id="4218" room="490" start="102" weeks="01111111111111110"/>
    <class days="1000000" id="4219" room="300" start="90" weeks="01101111111111110"/>
    <class days="0010000" id="4220" start="162" weeks="01111111111111110"/>
    <class days="0010000" id="4221" start="138" weeks="01111111111111110"/>
    <class days="0010100" id="4222" room="285" start="102" weeks="01111111111111110"/>
    <class days="0010100" id="4223" room="285" start="174" weeks="01111111111111110"/>
    <class days="0010100" id="4224" room="285" start="90" weeks="01111111111111110"/>
    <class days="0010100" id="4225" room="285" start="198" weeks="01111111111111110"/>
    <class days="0100000" id="4226" room="583" start="138" weeks="01111111111111110"/>
    <class days="0100000" id="4227" room="583" start="126" weeks="01111111111111110"/>
    <class days="0100000" id="4228" room="583" start="90" weeks="01111111111111110"/>
    <class days="0100000" id="4229" room="583" start="198" weeks="01111111111111110"/>
    <class days="0001000" id="4230" room="728" start="114" weeks="01111111111111110"/>
    <class days="0001000" id="4231" start="114" weeks="01111111111111110"/>
    <class days="1000000" id="4232" start="90" weeks="01101111111111110"/>
    <class days="1000000" id="4233" start="198" weeks="01101111111111110"/>
    <class days="0001000" id="4234" start="90" weeks="01111111111111110"/>
    <class days="0001000" id="4235" start="90" weeks="01111111111111110"/>
    <class days="1000000" id="4236" start="150" weeks="01101111111111110"/>
    <class days="1000000" id="4237" start="198" weeks="01101111111111110"/>
    <class days="0010100" id="4238" room="337" start="186" weeks="01111111111111110"/>
    <class days="0010100" id="4239" room="337" start="162" weeks="01111111111111110"/>
    <class days="0010100" id="4240" room="337" start="102" weeks="01111111111111110"/>
    <class days="0010100" id="4241" room="337" start="198" weeks="01111111111111110"/>
    <class days="0100000" id="4242" room="497" start="138" weeks="01111111111111110"/>
    <class days="0100000" id="4243" room="497" start="90" weeks="01111111111111110"/>
    <class days="0100000" id="4244" room="497" start="138" weeks="01111111111111110"/>
    <class days="0100000" id="4245" room="497" start="198" weeks="01111111111111110"/>
    <class days="0001000" id="4246" start="198" weeks="01111111111111110"/>
    <class days="1000000" id="4247" start="126" weeks="01101111111111110"/>
    <class days="0001000" id="4248" start="198" weeks="01111111111111110"/>
    <class days="0001000" id="4249" start="150" weeks="01111111111111110"/>
    <class days="0001000" id="4250" start="90" weeks="01111111111111110"/>
    <class days="1000000" id="4251" start="198" weeks="01101111111111110"/>
    <class days="1000000" id="4252" start="198" weeks="01101111111111110"/>
    <class days="0001000" id="4253" start="198" weeks="01111111111111110"/>
    <class days="0010100" id="4254" room="490" start="114" weeks="01111111111111110"/>
    <class days="0010100" id="4255" room="490" start="90" weeks="01111111111111110"/>
    <class days="0010100" id="4256" room="490" start="150" weeks="01111111111111110"/>
    <class days="0100000" id="4257" room="300" start="90" weeks="01111111111111110"/>
    <class days="0100000" id="4258" room="300" start="198" weeks="01111111111111110"/>
    <class days="0100000" id="4259" room="300" start="126" weeks="01111111111111110"/>
    <class days="1000000" id="4260" start="174" weeks="01101111111111110"/>
    <class days="0001000" id="4261" start="114" weeks="01111111111111110"/>
    <class days="1000000" id="4262" start="90" weeks="01101111111111110"/>
    <class days="0001000" id="4263" start="186" weeks="01111111111111110"/>
    <class days="0001000" id="4264" start="126" weeks="01111111111111110"/>
    <class days="1000000" id="4265" start="174" weeks="01101111111111110"/>
    <class days="1001000" id="4266" room="285" start="150" weeks="01111111111111110"/>
    <class days="1001000" id="4267" room="285" start="102" weeks="01111111111111110"/>
    <class days="1001000" id="4268" room="285" start="198" weeks="01111111111111110"/>
    <class days="1001000" id="4269" room="285" start="174" weeks="01111111111111110"/>
    <class days="0010000" id="4270" room="583" start="150" weeks="01111111111111110"/>
    <class days="0010000" id="4271" room="583" start="102" weeks="01111111111111110"/>
    <class days="0010000" id="4272" room="583" start="114" weeks="01111111111111110"/>
    <class days="0010000" id="4273" room="583" start="174" weeks="01111111111111110"/>
    <class days="0100000" id="4274" start="150" weeks="01111111111111110"/>
    <class days="0000100" id="4275" start="150" weeks="01111111111111110"/>
    <class days="0000100" id="4276" start="102" weeks="01111111111111110"/>
    <class days="0100000" id="4277" start="102" weeks="01111111111111110"/>
    <class days="0100000" id="4278" start="150" weeks="01111111111111110"/>
    <class days="0100000" id="4279" start="90" weeks="01111111111111110"/>
    <class days="0100000" id="4280" start="174" weeks="01111111111111110"/>
    <class days="0000100" id="4281" start="174" weeks="01111111111111110"/>
    <class days="1001000" id="4282" room="337" start="90" weeks="01111111111111110"/>
    <class days="1001000" id="4283" room="337" start="198" weeks="01111111111111110"/>
    <class days="1001000" id="4284" room="337" start="186" weeks="01111111111111110"/>
    <class days="1001000" id="4285" room="337" start="114" weeks="01111111111111110"/>
    <class days="0010000" id="4286" room="497" start="138" weeks="01111111111111110"/>
    <class days="0010000" id="4287" room="497" start="174" weeks="01111111111111110"/>
    <class days="0010000" id="4288" room="497" start="186" weeks="01111111111111110"/>
    <class days="0010000" id="4289" room="497" start="114" weeks="01111111111111110"/>
    <class days="0000100" id="4290" start="150" weeks="01111111111111110"/>
    <class days="0000100" id="4291" start="150" weeks="01111111111111110"/>
    <class days="0100000" id="4292" start="198" weeks="01111111111111110"/>
    <class days="0100000" id="4293" start="150" weeks="01111111111111110"/>
    <class days="0000100" id="4294" start="138" weeks="01111111111111110"/>
    <class days="0000100" id="4295" start="186" weeks="01111111111111110"/>
    <class days="0000100" id="4296" start="114" weeks="01111111111111110"/>
    <class days="0100000" id="4297" start="198" weeks="01111111111111110"/>
    <class days="1001000" id="4298" room="449" start="186" weeks="01111111111111110"/>
    <class days="0010000" id="4299" room="300" start="186" weeks="01111111111111110"/>
    <class days="0100000" id="4300" start="186" weeks="01111111111111110"/>
    <class days="0000100" id="4301" start="186" weeks="01111111111111110"/>
    <class days="0100000" id="4302" room="285" start="150" weeks="01111111111111110"/>
    <class days="0100000" id="4303" room="285" start="174" weeks="01111111111111110"/>
    <class days="0100000" id="4304" room="285" start="126" weeks="01111111111111110"/>
    <class days="0100000" id="4305" room="285" start="126" weeks="01111111111111110"/>
    <class days="0000100" id="4306" room="564" start="150" weeks="01111111111111110"/>
    <class days="0000100" id="4307" room="564" start="174" weeks="01111111111111110"/>
    <class days="0000100" id="4308" room="564" start="126" weeks="01111111111111110"/>
    <class days="0000100" id="4309" room="564" start="162" weeks="01111111111111110"/>
    <class days="0001000" id="4310" room="583" start="150" weeks="01111111111111110"/>
    <class days="0001000" id="4311" room="583" start="162" weeks="01111111111111110"/>
    <class days="0001000" id="4312" room="583" start="126" weeks="01111111111111110"/>
    <class days="0001000" id="4313" room="583" start="174" weeks="01111111111111110"/>
    <class days="1000000" id="4314" start="150" weeks="01101111111111110"/>
    <class days="0010000" id="4315" start="150" weeks="01111111111111110"/>
    <class days="1000000" id="4316" start="162" weeks="01101111111111110"/>
    <class days="0010000" id="4317" start="162" weeks="01111111111111110"/>
    <class days="1000000" id="4318" start="126" weeks="01101111111111110"/>
    <class days="0010000" id="4319" start="126" weeks="01111111111111110"/>
    <class days="1000000" id="4320" start="150" weeks="01101111111111110"/>
    <class days="0010000" id="4321" start="150" weeks="01111111111111110"/>
    <class days="0100000" id="4322" room="337" start="162" weeks="01111111111111110"/>
    <class days="0100000" id="4323" room="337" start="174" weeks="01111111111111110"/>
    <class days="0100000" id="4324" room="337" start="186" weeks="01111111111111110"/>
    <class days="0000100" id="4325" room="63" start="162" weeks="01111111111111110"/>
    <class days="0000100" id="4326" room="63" start="174" weeks="01111111111111110"/>
    <class days="0000100" id="4327" room="63" start="186" weeks="01111111111111110"/>
    <class days="0001000" id="4328" room="497" start="162" weeks="01111111111111110"/>
    <class days="0001000" id="4329" room="497" start="174" weeks="01111111111111110"/>
    <class days="0001000" id="4330" room="497" start="186" weeks="01111111111111110"/>
    <class days="1000000" id="4331" room="428" start="162" weeks="01101111111111110"/>
    <class days="0010000" id="4332" start="162" weeks="01111111111111110"/>
    <class days="1000000" id="4333" start="174" weeks="01101111111111110"/>
    <class days="0010000" id="4334" start="174" weeks="01111111111111110"/>
    <class days="1000000" id="4335" start="186" weeks="01101111111111110"/>
    <class days="0010000" id="4336" start="162" weeks="01111111111111110"/>
    <class days="0010100" id="4337" room="428" start="126" weeks="01111111111111110"/>
    <class days="0101000" id="4338" room="428" start="126" weeks="01111111111111110"/>
    <class days="0101000" id="4339" room="40" start="102" weeks="01111111111111110"/>
    <class days="0101000" id="4340" room="576" start="174" weeks="01111111111111110"/>
    <class days="1000100" id="4341" room="449" start="90" weeks="01111111111111110"/>
    <class days="1010000" id="4342" room="583" start="90" weeks="01111111111111110"/>
    <class days="0101000" id="4343" room="212" start="198" weeks="01111111111111110"/>
    <class days="0010100" id="4344" room="726" start="90" weeks="01111111111111110"/>
    <class days="0010100" id="4345" room="300" start="114" weeks="01111111111111110"/>
    <class days="0101000" id="4346" room="564" start="90" weeks="01111111111111110"/>
    <class days="0010100" id="4347" room="728" start="162" weeks="01111111111111110"/>
    <class days="0010100" id="4348" room="728" start="102" weeks="01111111111111110"/>
    <class days="1000100" id="4349" room="212" start="198" weeks="01111111111111110"/>
    <class days="0101000" id="4350" room="728" start="198" weeks="01111111111111110"/>
    <class days="0101000" id="4351" room="578" start="186" weeks="01111111111111110"/>
    <class days="0010100" id="4352" room="300" start="174" weeks="01111111111111110"/>
    <class days="1010000" id="4353" room="486" start="198" weeks="01111111111111110"/>
    <class days="0010100" id="4354" room="578" start="150" weeks="01111111111111110"/>
    <class days="0010100" id="4355" room="242" start="150" weeks="01111111111111110"/>
    <class days="0010100" id="4356" room="576" start="114" weeks="01111111111111110"/>
    <class days="0101000" id="4357" room="728" start="138" weeks="01111111111111110"/>
    <class days="0101000" id="4358" room="578" start="114" weeks="01111111111111110"/>
    <class days="0010100" id="4359" room="337" start="90" weeks="01111111111111110"/>
    <class days="0101000" id="4360" room="488" start="102" weeks="01111111111111110"/>
    <class days="1010000" id="4361" room="439" start="186" weeks="01111111111111110"/>
    <class days="1000100" id="4362" room="576" start="126" weeks="01111111111111110"/>
    <class days="1010000" id="4363" room="497" start="198" weeks="01111111111111110"/>
    <class days="0101000" id="4364" room="497" start="150" weeks="01111111111111110"/>
    <class days="0010100" id="4365" room="728" start="114" weeks="01111111111111110"/>
    <class days="0101000" id="4366" room="578" start="162" weeks="01111111111111110"/>
    <class days="0010100" id="4367" room="578" start="138" weeks="01111111111111110"/>
    <class days="1000100" id="4368" room="180" start="198" weeks="01111111111111110"/>
    <class days="0101000" id="4369" room="488" start="138" weeks="01111111111111110"/>
    <class days="1000100" id="4370" room="593" start="198" weeks="01111111111111110"/>
    <class days="0010100" id="4371" room="34" start="138" weeks="01111111111111110"/>
    <class days="1000100" id="4372" room="242" start="102" weeks="01111111111111110"/>
    <class days="1010000" id="4373" room="576" start="186" weeks="01111111111111110"/>
    <class days="1000100" id="4374" room="285" start="162" weeks="01111111111111110"/>
    <class days="0010100" id="4375" room="562" start="114" weeks="01111111111111110"/>
    <class days="1000100" id="4376" room="212" start="162" weeks="01111111111111110"/>
    <class days="0100000" id="4377" room="264" start="126" weeks="01111111111111110"/>
    <class days="1000000" id="4378" room="34" start="102" weeks="01101111111111110"/>
    <class days="0000100" id="4379" room="578" start="162" weeks="01111111111111110"/>
    <class days="0010000" id="4380" room="583" start="198" weeks="01111111111111110"/>
    <class days="0001000" id="4381" room="449" start="90" weeks="01111111111111110"/>
    <class days="0000100" id="4382" room="34" start="114" weeks="01111111111111110"/>
    <class days="0000100" id="4383" room="428" start="138" weeks="01111111111111110"/>
    <class days="0001000" id="4384" room="497" start="138" weeks="01111111111111110"/>
    <class days="1000000" id="4385" room="490" start="150" weeks="01101111111111110"/>
    <class days="0010000" id="4386" room="212" start="198" weeks="01111111111111110"/>
    <class days="1000000" id="4387" room="578" start="150" weeks="01101111111111110"/>
    <class days="0100000" id="4388" room="576" start="126" weeks="01111111111111110"/>
    <class days="0100000" id="4389" room="203" start="150" weeks="01111111111111110"/>
    <class days="0000100" id="4390" room="346" start="90" weeks="01111111111111110"/>
    <class days="1000000" id="4391" room="212" start="126" weeks="01101111111111110"/>
    <class days="0100000" id="4392" room="583" start="126" weeks="01111111111111110"/>
    <class days="0100000" id="4393" room="428" start="198" weeks="01111111111111110"/>
    <class days="0100000" id="4394" room="264" start="150" weeks="01111111111111110"/>
    <class days="0100000" id="4395" room="1" start="114" weeks="01111111111111110"/>
    <class days="1000000" id="4396" room="564" start="114" weeks="01101111111111110"/>
    <class days="0010000" id="4397" room="428" start="174" weeks="01111111111111110"/>
    <class days="0000100" id="4398" room="63" start="90" weeks="01111111111111110"/>
    <class days="0100000" id="4399" room="576" start="198" weeks="01111111111111110"/>
    <class days="0000100" id="4400" room="490" start="162" weeks="01111111111111110"/>
    <class days="0001000" id="4401" room="583" start="186" weeks="01111111111111110"/>
    <class days="0100000" id="4402" room="212" start="150" weeks="01111111111111110"/>
    <class days="0100000" id="4403" room="578" start="198" weeks="01111111111111110"/>
    <class days="0000100" id="4404" room="428" start="90" weeks="01111111111111110"/>
    <class days="0100000" id="4405" room="1" start="162" weeks="01111111111111110"/>
    <class days="0010000" id="4406" room="578" start="198" weeks="01111111111111110"/>
    <class days="0100000" id="4407" room="5" start="138" weeks="01111111111111110"/>
    <class days="0100000" id="4408" room="449" start="114" weeks="01111111111111110"/>
    <class days="0000100" id="4409" room="63" start="102" weeks="01111111111111110"/>
    <class days="0100000" id="4410" room="285" start="198" weeks="01111111111111110"/>
    <class days="0001000" id="4411" room="428" start="162" weeks="01111111111111110"/>
    <class days="0100000" id="4412" room="63" start="174" weeks="01111111111111110"/>
    <class days="0000100" id="4413" room="490" start="102" weeks="01111111111111110"/>
    <class days="0100000" id="4414" room="242" start="138" weeks="01111111111111110"/>
    <class days="0001000" id="4415" room="576" start="126" weeks="01111111111111110"/>
    <class days="0010000" id="4416" room="564" start="126" weeks="01111111111111110"/>
    <class days="1000000" id="4417" room="337" start="102" weeks="01101111111111110"/>
    <class days="0001000" id="4418" room="449" start="126" weeks="01111111111111110"/>
    <class days="0010000" id="4419" room="728" start="138" weeks="01111111111111110"/>
    <class days="0010000" id="4420" room="444" start="174" weeks="01111111111111110"/>
    <class days="0010000" id="4421" room="285" start="126" weeks="01111111111111110"/>
    <class days="1000000" id="4422" room="583" start="198" weeks="01101111111111110"/>
    <class days="0000100" id="4423" room="1" start="162" weeks="01111111111111110"/>
    <class days="1000000" id="4424" room="337" start="162" weeks="01101111111111110"/>
    <class days="0010000" id="4425" room="583" start="162" weeks="01111111111111110"/>
    <class days="0100000" id="4426" room="728" start="174" weeks="01111111111111110"/>
    <class days="0001000" id="4427" room="488" start="90" weeks="01111111111111110"/>
    <class days="0001000" id="4428" room="444" start="198" weeks="01111111111111110"/>
    <class days="1000000" id="4429" room="242" start="198" weeks="01101111111111110"/>
    <class days="0010000" id="4430" room="728" start="174" weeks="01111111111111110"/>
    <class days="1000000" id="4431" room="497" start="150" weeks="01101111111111110"/>
    <class days="0100000" id="4432" room="242" start="126" weeks="01111111111111110"/>
    <class days="0001000" id="4433" room="346" start="198" weeks="01111111111111110"/>
    <class days="0001000" id="4434" room="223" start="186" weeks="01111111111111110"/>
    <class days="0000100" id="4435" room="203" start="174" weeks="01111111111111110"/>
    <class days="1000000" id="4436" room="486" start="102" weeks="01101111111111110"/>
    <class days="0001000" id="4437" room="576" start="162" weeks="01111111111111110"/>
    <class days="0100000" id="4438" room="300" start="150" weeks="01111111111111110"/>
    <class days="1000000" id="4439" room="726" start="114" weeks="01101111111111110"/>
    <class days="1000000" id="4440" room="449" start="102" weeks="01101111111111110"/>
    <class days="0010000" id="4441" room="40" start="102" weeks="01111111111111110"/>
    <class days="0010000" id="4442" room="242" start="90" weeks="01111111111111110"/>
    <class days="0010000" id="4443" room="520" start="186" weeks="01111111111111110"/>
    <class days="0010000" id="4444" room="578" start="186" weeks="01111111111111110"/>
    <class days="0010000" id="4445" room="264" start="90" weeks="01111111111111110"/>
    <class days="0010000" id="4446" room="337" start="174" weeks="01111111111111110"/>
    <class days="1000000" id="4447" room="444" start="114" weeks="01101111111111110"/>
    <class days="1000000" id="4448" room="223" start="198" weeks="01101111111111110"/>
    <class days="1000000" id="4449" room="728" start="102" weeks="01101111111111110"/>
    <class days="0000100" id="4450" room="490" start="126" weeks="01111111111111110"/>
    <class days="0001000" id="4451" room="578" start="174" weeks="01111111111111110"/>
    <class days="0001000" id="4452" room="449" start="198" weeks="01111111111111110"/>
    <class days="0001000" id="4453" room="242" start="138" weeks="01111111111111110"/>
    <class days="1000000" id="4454" room="578" start="90" weeks="01101111111111110"/>
    <class days="0100000" id="4455" room="242" start="174" weeks="01111111111111110"/>
    <class days="0100000" id="4456" room="576" start="90" weeks="01111111111111110"/>
    <class days="1000000" id="4457" room="264" start="174" weeks="01101111111111110"/>
    <class days="1000000" id="4458" room="449" start="198" weeks="01101111111111110"/>
    <class days="1000000" id="4459" room="180" start="186" weeks="01101111111111110"/>
    <class days="1000000" id="4460" room="488" start="198" weeks="01101111111111110"/>
    <class days="1000000" id="4461" room="203" start="90" weeks="01101111111111110"/>
    <class days="1000000" id="4462" room="285" start="126" weeks="01101111111111110"/>
    <class days="0010000" id="4463" room="203" start="138" weeks="01111111111111110"/>
    <class days="1000000" id="4464" room="562" start="174" weeks="01101111111111110"/>
    <class days="0100000" id="4465" room="728" start="186" weeks="01111111111111110"/>
    <class days="0000100" id="4466" room="578" start="90" weeks="01111111111111110"/>
    <class days="0001000" id="4467" room="242" start="90" weeks="01111111111111110"/>
    <class days="0010000" id="4468" room="576" start="198" weeks="01111111111111110"/>
    <class days="0001000" id="4469" room="223" start="198" weeks="01111111111111110"/>
    <class days="0000100" id="4470" room="285" start="126" weeks="01111111111111110"/>
    <class days="1000000" id="4471" room="264" start="114" weeks="01101111111111110"/>
    <class days="0010000" id="4472" room="5" start="162" weeks="01111111111111110"/>
    <class days="1000000" id="4473" room="5" start="126" weeks="01101111111111110"/>
    <class days="0001000" id="4474" room="223" start="150" weeks="01111111111111110"/>
    <class days="0000100" id="4475" room="40" start="162" weeks="01111111111111110"/>
    <class days="0000100" id="4476" room="578" start="186" weeks="01111111111111110"/>
    <class days="1000000" id="4477" room="576" start="138" weeks="01101111111111110"/>
    <class days="0001000" id="4478" room="578" start="138" weeks="01111111111111110"/>
    <class days="0001000" id="4479" room="264" start="102" weeks="01111111111111110"/>
    <class days="0001000" id="4480" room="212" start="162" weeks="01111111111111110"/>
    <class days="1000000" id="4481" room="490" start="138" weeks="01101111111111110"/>
    <class days="0010000" id="4482" room="337" start="126" weeks="01111111111111110"/>
    <class days="0001000" id="4483" room="203" start="198" weeks="01111111111111110"/>
    <class days="0001000" id="4484" room="488" start="150" weeks="01111111111111110"/>
    <class days="0100000" id="4485" room="488" start="198" weeks="01111111111111110"/>
    <class days="1000000" id="4486" room="300" start="126" weeks="01101111111111110"/>
    <class days="0010000" id="4487" room="578" start="102" weeks="01111111111111110"/>
    <class days="0010000" id="4488" room="578" start="114" weeks="01111111111111110"/>
    <class days="0001000" id="4489" room="564" start="150" weeks="01111111111111110"/>
    <class days="0100000" id="4490" room="728" start="102" weeks="01111111111111110"/>
    <class days="0001000" id="4491" room="576" start="150" weeks="01111111111111110"/>
    <class days="0010000" id="4492" room="63" start="174" weeks="01111111111111110"/>
    <class days="0100000" id="4493" room="576" start="138" weeks="01111111111111110"/>
    <class days="1000000" id="4494" room="285" start="114" weeks="01101111111111110"/>
    <class days="0001000" id="4495" room="212" start="174" weeks="01111111111111110"/>
    <class days="0100000" id="4496" room="490" start="198" weeks="01111111111111110"/>
    <class days="0100000" id="4497" room="564" start="126" weeks="01111111111111110"/>
    <class days="0001000" id="4498" room="564" start="126" weeks="01111111111111110"/>
    <class days="1000000" id="4499" room="583" start="126" weeks="01101111111111110"/>
    <class days="0010000" id="4500" start="126" weeks="01111111111111110"/>
    <class days="0000100" id="4501" start="126" weeks="01111111111111110"/>
    <class days="0010000" id="4502" room="285" start="150" weeks="01111111111111110"/>
    <class days="0000100" id="4503" room="285" start="150" weeks="01111111111111110"/>
    <class days="0100000" id="4504" room="583" start="150" weeks="01111111111111110"/>
    <class days="1000000" id="4505" start="150" weeks="01101111111111110"/>
    <class days="0001000" id="4506" start="150" weeks="01111111111111110"/>
    <class days="1010100" id="4507" room="488" start="126" weeks="01111111111111110"/>
    <class days="1010100" id="4508" room="488" start="162" weeks="01111111111111110"/>
    <class days="1010100" id="4509" room="488" start="150" weeks="01111111111111110"/>
    <class days="1010100" id="4510" room="488" start="138" weeks="01111111111111110"/>
    <class days="1010100" id="4511" room="488" start="102" weeks="01111111111111110"/>
    <class days="1010100" id="4512" room="488" start="114" weeks="01111111111111110"/>
    <class days="1010100" id="4513" room="488" start="174" weeks="01111111111111110"/>
    <class days="0100000" id="4514" room="488" start="114" weeks="01111111111111110"/>
    <class days="0001000" id="4515" start="174" weeks="01111111111111110"/>
    <class days="0100000" id="4516" start="162" weeks="01111111111111110"/>
    <class days="0001000" id="4517" start="162" weeks="01111111111111110"/>
    <class days="0100000" id="4518" start="150" weeks="01111111111111110"/>
    <class days="0001000" id="4519" start="150" weeks="01111111111111110"/>
    <class days="0100000" id="4520" start="138" weeks="01111111111111110"/>
    <class days="0001000" id="4521" start="138" weeks="01111111111111110"/>
    <class days="0100000" id="4522" start="102" weeks="01111111111111110"/>
    <class days="0001000" id="4523" start="102" weeks="01111111111111110"/>
    <class days="0100000" id="4524" start="114" weeks="01111111111111110"/>
    <class days="0001000" id="4525" start="114" weeks="01111111111111110"/>
    <class days="0100000" id="4526" start="162" weeks="01111111111111110"/>
    <class days="0001000" id="4527" start="174" weeks="01111111111111110"/>
    <class days="0001000" id="4528" start="138" weeks="01111111111111110"/>
    <class days="0100000" id="4529" start="102" weeks="01111111111111110"/>
    <class days="0001000" id="4530" start="162" weeks="01111111111111110"/>
    <class days="0100000" id="4531" start="162" weeks="01111111111111110"/>
    <class days="0001000" id="4532" start="150" weeks="01111111111111110"/>
    <class days="0100000" id="4533" start="150" weeks="01111111111111110"/>
    <class days="0001000" id="4534" start="138" weeks="01111111111111110"/>
    <class days="0100000" id="4535" start="138" weeks="01111111111111110"/>
    <class days="0001000" id="4536" start="102" weeks="01111111111111110"/>
    <class days="0100000" id="4537" start="102" weeks="01111111111111110"/>
    <class days="0001000" id="4538" start="114" weeks="01111111111111110"/>
    <class days="0100000" id="4539" start="114" weeks="01111111111111110"/>
    <class days="0001000" id="4540" start="126" weeks="01111111111111110"/>
    <class days="0100000" id="4541" start="174" weeks="01111111111111110"/>
    <class days="1010100" id="4542" room="203" start="186" weeks="01111111111111110"/>
    <class days="1010100" id="4543" room="203" start="150" weeks="01111111111111110"/>
    <class days="1010100" id="4544" room="203" start="186" weeks="01111111111111110"/>
    <class days="0100000" id="4545" room="203" start="186" weeks="01111111111111110"/>
    <class days="0001000" id="4546" start="186" weeks="01111111111111110"/>
    <class days="0100000" id="4547" start="150" weeks="01111111111111110"/>
    <class days="0001000" id="4548" start="150" weeks="01111111111111110"/>
    <class days="0100000" id="4549" start="186" weeks="01111111111111110"/>
    <class days="0001000" id="4550" start="186" weeks="01111111111111110"/>
    <class days="0001000" id="4551" start="186" weeks="01111111111111110"/>
    <class days="0100000" id="4552" start="186" weeks="01111111111111110"/>
    <class days="0001000" id="4553" start="150" weeks="01111111111111110"/>
    <class days="0100000" id="4554" start="150" weeks="01111111111111110"/>
    <class days="0001000" id="4555" start="186" weeks="01111111111111110"/>
    <class days="0100000" id="4556" start="186" weeks="01111111111111110"/>
    <class days="1010100" id="4557" room="5" start="114" weeks="01111111111111110"/>
    <class days="1010100" id="4558" room="5" start="90" weeks="01111111111111110"/>
    <class days="1010100" id="4559" room="5" start="102" weeks="01111111111111110"/>
    <class days="1010100" id="4560" room="5" start="138" weeks="01111111111111110"/>
    <class days="0100000" id="4561" room="5" start="114" weeks="01111111111111110"/>
    <class days="0001000" id="4562" start="114" weeks="01111111111111110"/>
    <class days="0100000" id="4563" start="90" weeks="01111111111111110"/>
    <class days="0001000" id="4564" start="90" weeks="01111111111111110"/>
    <class days="0100000" id="4565" start="126" weeks="01111111111111110"/>
    <class days="0001000" id="4566" start="102" weeks="01111111111111110"/>
    <class days="0100000" id="4567" start="114" weeks="01111111111111110"/>
    <class days="0001000" id="4568" start="138" weeks="01111111111111110"/>
    <class days="0001000" id="4569" start="114" weeks="01111111111111110"/>
    <class days="0100000" id="4570" start="114" weeks="01111111111111110"/>
    <class days="0001000" id="4571" start="90" weeks="01111111111111110"/>
    <class days="0100000" id="4572" start="90" weeks="01111111111111110"/>
    <class days="0001000" id="4573" start="126" weeks="01111111111111110"/>
    <class days="0100000" id="4574" start="102" weeks="01111111111111110"/>
    <class days="0001000" id="4575" start="126" weeks="01111111111111110"/>
    <class days="0100000" id="4576" start="138" weeks="01111111111111110"/>
    <class days="1010100" id="4577" room="34" start="162" weeks="01111111111111110"/>
    <class days="1010100" id="4578" room="34" start="198" weeks="01111111111111110"/>
    <class days="1010100" id="4579" room="34" start="150" weeks="01111111111111110"/>
    <class days="1010100" id="4580" room="34" start="150" weeks="01111111111111110"/>
    <class days="1010100" id="4581" room="34" start="174" weeks="01111111111111110"/>
    <class days="0100000" id="4582" room="34" start="162" weeks="01111111111111110"/>
    <class days="0001000" id="4583" start="162" weeks="01111111111111110"/>
    <class days="0100000" id="4584" start="198" weeks="01111111111111110"/>
    <class days="0001000" id="4585" start="198" weeks="01111111111111110"/>
    <class days="0100000" id="4586" start="150" weeks="01111111111111110"/>
    <class days="0001000" id="4587" start="150" weeks="01111111111111110"/>
    <class days="0100000" id="4588" start="150" weeks="01111111111111110"/>
    <class days="0001000" id="4589" start="150" weeks="01111111111111110"/>
    <class days="0100000" id="4590" start="174" weeks="01111111111111110"/>
    <class days="0001000" id="4591" start="150" weeks="01111111111111110"/>
    <class days="0001000" id="4592" start="162" weeks="01111111111111110"/>
    <class days="0100000" id="4593" start="162" weeks="01111111111111110"/>
    <class days="0001000" id="4594" start="198" weeks="01111111111111110"/>
    <class days="0100000" id="4595" start="198" weeks="01111111111111110"/>
    <class days="0001000" id="4596" start="150" weeks="01111111111111110"/>
    <class days="0100000" id="4597" start="150" weeks="01111111111111110"/>
    <class days="0001000" id="4598" start="150" weeks="01111111111111110"/>
    <class days="0100000" id="4599" start="150" weeks="01111111111111110"/>
    <class days="0001000" id="4600" start="174" weeks="01111111111111110"/>
    <class days="0100000" id="4601" start="150" weeks="01111111111111110"/>
    <class days="1010100" id="4602" room="488" start="90" weeks="01111111111111110"/>
    <class days="0001000" id="4603" room="488" start="114" weeks="01111111111111110"/>
    <class days="1000000" id="4604" start="198" weeks="01101111111111110"/>
    <class days="0010000" id="4605" start="126" weeks="01111111111111110"/>
    <class days="1000000" id="4606" start="174" weeks="01101111111111110"/>
    <class days="0101000" id="4607" room="564" start="186" weeks="01111111111111110"/>
    <class days="0101000" id="4608" room="1" start="198" weeks="01111111111111110"/>
    <class days="0101000" id="4609" room="285" start="186" weeks="01111111111111110"/>
    <class days="0001000" id="4610" room="439" start="198" weeks="01111111111111110"/>
    <class days="0001000" id="4611" room="576" start="138" weeks="01111111111111110"/>
    <class days="0000100" id="4612" room="346" start="186" weeks="01111111111111110"/>
    <class days="1000000" id="4613" room="728" start="186" weeks="01101111111111110"/>
    <class days="0001000" id="4614" room="1" start="114" weeks="01111111111111110"/>
    <class days="0100000" id="4615" room="449" start="90" weeks="01111111111111110"/>
    <class days="0010000" id="4616" room="578" start="126" weeks="01111111111111110"/>
    <class days="0000100" id="4617" room="439" start="198" weeks="01111111111111110"/>
    <class days="0100000" id="4618" room="728" start="150" weeks="01111111111111110"/>
    <class days="0101000" id="4619" room="63" start="102" weeks="01111111111111110"/>
    <class days="0101000" id="4620" room="63" start="114" weeks="01111111111111110"/>
    <class days="1000000" id="4621" room="497" start="102" weeks="01101111111111110"/>
    <class days="1000000" id="4622" room="497" start="114" weeks="01101111111111110"/>
    <class days="0010000" id="4623" start="102" weeks="01111111111111110"/>
    <class days="0000100" id="4624" start="102" weeks="01111111111111110"/>
    <class days="0010000" id="4625" start="114" weeks="01111111111111110"/>
    <class days="0000100" id="4626" start="114" weeks="01111111111111110"/>
    <class days="1001000" id="4627" room="285" start="138" weeks="01111111111111110"/>
    <class days="0010000" id="4628" room="583" start="138" weeks="01111111111111110"/>
    <class days="0100000" id="4629" room="428" start="138" weeks="01111111111111110"/>
    <class days="0000100" id="4630" start="138" weeks="01111111111111110"/>
    <class days="1001000" id="4631" room="337" start="150" weeks="01111111111111110"/>
    <class days="0010000" id="4632" room="497" start="150" weeks="01111111111111110"/>
    <class days="0100000" id="4633" start="150" weeks="01111111111111110"/>
    <class days="0000100" id="4634" start="150" weeks="01111111111111110"/>
    <class days="1010000" id="4635" room="337" start="114" weeks="01111111111111110"/>
    <class days="1000100" id="4636" room="337" start="174" weeks="01111111111111110"/>
    <class days="0010100" id="4637" room="564" start="138" weeks="01111111111111110"/>
    <class days="1010000" id="4638" room="203" start="174" weeks="01111111111111110"/>
    <class days="1010000" id="4639" room="346" start="102" weeks="01111111111111110"/>
    <class days="0101000" id="4640" room="439" start="90" weeks="01111111111111110"/>
    <class days="1000100" id="4641" room="40" start="102" weeks="01111111111111110"/>
    <class days="0001000" id="4642" room="488" start="186" weeks="01111111111111110"/>
    <class days="0000100" id="4643" room="486" start="90" weeks="01111111111111110"/>
    <class days="0000100" id="4644" room="497" start="126" weeks="01111111111111110"/>
    <class days="0010000" id="4645" room="300" start="126" weeks="01111111111111110"/>
    <class days="0100000" id="4646" room="488" start="174" weeks="01111111111111110"/>
    <class days="0000100" id="4647" room="583" start="174" weeks="01111111111111110"/>
    <class days="0010000" id="4648" room="583" start="126" weeks="01111111111111110"/>
    <class days="0001000" id="4649" room="490" start="180" weeks="01111111111111110"/>
    <class days="0100000" id="4650" room="63" start="126" weeks="01111111111111110"/>
    <class days="0100000" id="4651" room="212" start="162" weeks="01111111111111110"/>
    <class days="0001000" id="4652" room="203" start="144" weeks="01111111111111110"/>
    <class days="0001000" id="4653" room="212" start="126" weeks="01111111111111110"/>
    <class days="0001000" id="4654" room="346" start="180" weeks="01111111111111110"/>
    <class days="0100000" id="4655" room="490" start="180" weeks="01111111111111110"/>
    <class days="0100000" id="4656" room="497" start="180" weeks="01111111111111110"/>
    <class days="0001000" id="4657" room="300" start="126" weeks="01111111111111110"/>
    <class days="0001000" id="4658" room="300" start="198" weeks="01111111111111110"/>
    <class days="0100000" id="4659" room="583" start="180" weeks="01111111111111110"/>
    <class days="0100000" id="4660" room="497" start="162" weeks="01111111111111110"/>
    <class days="0001000" id="4661" room="488" start="162" weeks="01111111111111110"/>
    <class days="0001000" id="4662" room="593" start="144" weeks="01111111111111110"/>
    <class days="0010100" id="4663" room="285" start="138" weeks="01111111111111110"/>
    <class days="1010000" id="4664" room="63" start="162" weeks="01111111111111110"/>
    <class days="1000000" id="4665" room="300" start="138" weeks="01101111111111110"/>
    <class days="0001000" id="4666" room="264" start="198" weeks="01111111111111110"/>
    <class days="0100000" id="4667" room="285" start="108" weeks="01111111111111110"/>
    <class days="0100000" id="4668" room="337" start="144" weeks="01111111111111110"/>
    <class days="0001000" id="4669" room="337" start="162" weeks="01111111111111110"/>
    <class days="0001000" id="4670" room="583" start="108" weeks="01111111111111110"/>
    <class days="0001000" id="4671" room="300" start="144" weeks="01111111111111110"/>
    <class days="0100000" id="4672" room="583" start="162" weeks="01111111111111110"/>
    <class days="0101000" id="4673" room="180" start="108" weeks="01111111111111110"/>
    <class days="0101000" id="4674" room="180" start="126" weeks="01111111111111110"/>
    <class days="0101000" id="4675" room="180" start="144" weeks="01111111111111110"/>
    <class days="0101000" id="4676" room="180" start="162" weeks="01111111111111110"/>
    <class days="0101000" id="4677" room="180" start="180" weeks="01111111111111110"/>
    <class days="1010100" id="4678" room="180" start="90" weeks="01111111111111110"/>
    <class days="1010100" id="4679" room="180" start="102" weeks="01111111111111110"/>
    <class days="1010100" id="4680" room="180" start="114" weeks="01111111111111110"/>
    <class days="1010100" id="4681" room="180" start="126" weeks="01111111111111110"/>
    <class days="1010100" id="4682" room="180" start="138" weeks="01111111111111110"/>
    <class days="1010100" id="4683" room="180" start="150" weeks="01111111111111110"/>
    <class days="1010100" id="4684" room="180" start="162" weeks="01111111111111110"/>
    <class days="1010100" id="4685" room="180" start="174" weeks="01111111111111110"/>
    <class days="0101000" id="4686" room="180" start="90" weeks="01111111111111110"/>
    <class days="0101000" id="4687" room="180" start="198" weeks="01111111111111110"/>
    <class days="1010100" id="4688" room="203" start="114" weeks="01111111111111110"/>
    <class days="0101000" id="4689" room="490" start="144" weeks="01111111111111110"/>
    <class days="0101000" id="4690" room="1" start="180" weeks="01111111111111110"/>
    <class days="0010000" id="4691" room="285" start="216" weeks="01111111111111110"/>
    <class days="1010100" id="4692" room="439" start="102" weeks="01111111111111110"/>
    <class days="1010100" id="4693" room="439" start="114" weeks="01111111111111110"/>
    <class days="1010100" id="4694" room="439" start="126" weeks="01111111111111110"/>
    <class days="1010100" id="4695" room="439" start="138" weeks="01111111111111110"/>
    <class days="1010100" id="4696" room="439" start="150" weeks="01111111111111110"/>
    <class days="1010100" id="4697" room="439" start="162" weeks="01111111111111110"/>
    <class days="1010100" id="4698" room="439" start="174" weeks="01111111111111110"/>
    <class days="0101000" id="4699" room="439" start="108" weeks="01111111111111110"/>
    <class days="0101000" id="4700" room="439" start="126" weeks="01111111111111110"/>
    <class days="0101000" id="4701" room="439" start="144" weeks="01111111111111110"/>
    <class days="0101000" id="4702" room="439" start="162" weeks="01111111111111110"/>
    <class days="0101000" id="4703" room="439" start="180" weeks="01111111111111110"/>
    <class days="0101000" id="4704" room="490" start="126" weeks="01111111111111110"/>
    <class days="0101000" id="4705" room="490" start="162" weeks="01111111111111110"/>
    <class days="1010100" id="4706" room="346" start="162" weeks="01111111111111110"/>
    <class days="0101000" id="4707" room="346" start="144" weeks="01111111111111110"/>
    <class days="0101000" id="4708" room="486" start="108" weeks="01111111111111110"/>
    <class days="1010100" id="4709" room="361" start="126" weeks="01111111111111110"/>
    <class days="1010100" id="4710" room="361" start="102" weeks="01111111111111110"/>
    <class days="1010100" id="4711" room="361" start="186" weeks="01111111111111110"/>
    <class days="1010100" id="4712" room="361" start="162" weeks="01111111111111110"/>
    <class days="1010100" id="4713" room="361" start="150" weeks="01111111111111110"/>
    <class days="1010100" id="4714" room="361" start="114" weeks="01111111111111110"/>
    <class days="1010100" id="4715" room="361" start="90" weeks="01111111111111110"/>
    <class days="0101000" id="4716" room="419" start="144" weeks="01111111111111110"/>
    <class days="1010100" id="4717" room="562" start="138" weeks="01111111111111110"/>
    <class days="1010100" id="4718" room="562" start="150" weeks="01111111111111110"/>
    <class days="0101000" id="4719" room="5" start="198" weeks="01111111111111110"/>
    <class days="1010100" id="4720" room="346" start="126" weeks="01111111111111110"/>
    <class days="0101000" id="4721" room="564" start="198" weeks="01111111111111110"/>
    <class days="0101000" id="4722" room="5" start="180" weeks="01111111111111110"/>
    <class days="1010100" id="4723" room="562" start="162" weeks="01111111111111110"/>
    <class days="0101000" id="4724" room="562" start="144" weeks="01111111111111110"/>
    <class days="0101000" id="4725" room="726" start="180" weeks="01111111111111110"/>
    <class days="0101000" id="4726" room="203" start="90" weeks="01111111111111110"/>
    <class days="0101000" id="4727" room="449" start="162" weeks="01111111111111110"/>
    <class days="1010100" id="4728" room="212" start="138" weeks="01111111111111110"/>
    <class days="0101000" id="4729" room="346" start="108" weeks="01111111111111110"/>
    <class days="1010100" id="4730" room="726" start="150" weeks="01111111111111110"/>
    <class days="1010100" id="4731" room="726" start="126" weeks="01111111111111110"/>
    <class days="0010000" id="4732" room="505" start="222" weeks="01111111111111110"/>
    <class days="1010000" id="4733" room="63" start="126" weeks="01111111111111110"/>
    <class days="1010000" id="4734" room="564" start="162" weeks="01111111111111110"/>
    <class days="1010100" id="4735" room="346" start="174" weeks="01111111111111110"/>
    <class days="0101000" id="4736" room="520" start="162" weeks="01111111111111110"/>
    <class days="1010100" id="4737" room="486" start="126" weeks="01111111111111110"/>
    <class days="0101000" id="4738" room="520" start="144" weeks="01111111111111110"/>
    <class days="1010000" id="4739" room="346" start="198" weeks="01111111111111110"/>
    <class days="0101000" id="4740" room="486" start="162" weeks="01111111111111110"/>
    <class days="0101000" id="4741" room="562" start="198" weeks="01111111111111110"/>
    <class days="0101000" id="4742" room="5" start="162" weeks="01111111111111110"/>
    <class days="0101000" id="4743" room="346" start="162" weeks="01111111111111110"/>
    <class days="1010100" id="4744" room="361" start="174" weeks="01111111111111110"/>
    <class days="0101000" id="4745" room="346" start="126" weeks="01111111111111110"/>
    <class days="0000100" id="4746" room="180" start="234" weeks="01111111111111110"/>
    <class days="0101000" id="4747" room="726" start="108" weeks="01111111111111110"/>
    <class days="0101000" id="4748" room="726" start="162" weeks="01111111111111110"/>
    <class days="0101000" id="4749" room="564" start="162" weeks="01111111111111110"/>
    <class days="0001000" id="4750" room="661" start="234" weeks="01111111111111110"/>
    <class days="1000000" id="4751" room="486" start="138" weeks="01101111111111110"/>
    <class days="0010000" id="4752" room="486" start="138" weeks="01111111111111110"/>
    <class days="0101000" id="4753" room="562" start="108" weeks="01111111111111110"/>
    <class days="0101000" id="4754" room="562" start="162" weeks="01111111111111110"/>
    <class days="1010100" id="4755" room="346" start="150" weeks="01111111111111110"/>
    <class days="0100000" id="4756" room="337" start="198" weeks="01111111111111110"/>
    <class days="1010100" id="4757" room="726" start="174" weeks="01111111111111110"/>
    <class days="0101000" id="4758" room="449" start="144" weeks="01111111111111110"/>
    <class days="0101000" id="4759" room="726" start="144" weeks="01111111111111110"/>
    <class days="0101000" id="4760" room="361" start="180" weeks="01111111111111110"/>
    <class days="0101000" id="4761" room="361" start="144" weeks="01111111111111110"/>
    <class days="1010100" id="4762" room="361" start="138" weeks="01111111111111110"/>
    <class days="1010100" id="4763" room="486" start="114" weeks="01111111111111110"/>
    <class days="1010100" id="4764" room="486" start="174" weeks="01111111111111110"/>
    <class days="1010100" id="4765" room="520" start="162" weeks="01111111111111110"/>
    <class days="1010100" id="4766" room="520" start="150" weeks="01111111111111110"/>
    <class days="1010100" id="4767" room="520" start="126" weeks="01111111111111110"/>
    <class days="1010100" id="4768" room="486" start="150" weeks="01111111111111110"/>
    <class days="1010100" id="4769" room="520" start="102" weeks="01111111111111110"/>
    <class days="0101000" id="4770" room="593" start="126" weeks="01111111111111110"/>
    <class days="0101000" id="4771" room="593" start="90" weeks="01111111111111110"/>
    <class days="1010100" id="4772" room="300" start="198" weeks="01111111111111110"/>
    <class days="0101000" id="4773" room="520" start="126" weeks="01111111111111110"/>
    <class days="0101000" id="4774" room="520" start="108" weeks="01111111111111110"/>
    <class days="1010100" id="4775" room="593" start="186" weeks="01111111111111110"/>
    <class days="1010100" id="4776" room="593" start="174" weeks="01111111111111110"/>
    <class days="0101000" id="4777" room="520" start="198" weeks="01111111111111110"/>
    <class days="1010100" id="4778" room="520" start="114" weeks="01111111111111110"/>
    <class days="1010100" id="4779" room="520" start="138" weeks="01111111111111110"/>
    <class days="1010100" id="4780" room="486" start="162" weeks="01111111111111110"/>
    <class days="0101000" id="4781" room="593" start="108" weeks="01111111111111110"/>
    <class days="1010100" id="4782" room="520" start="90" weeks="01111111111111110"/>
    <class days="0101000" id="4783" room="300" start="180" weeks="01111111111111110"/>
    <class days="0101000" id="4784" room="300" start="162" weeks="01111111111111110"/>
    <class days="1010100" id="4785" room="520" start="174" weeks="01111111111111110"/>
    <class days="0101000" id="4786" room="593" start="198" weeks="01111111111111110"/>
    <class days="1010100" id="4787" room="593" start="102" weeks="01111111111111110"/>
    <class days="1010100" id="4788" room="593" start="90" weeks="01111111111111110"/>
    <class days="1010100" id="4789" room="593" start="126" weeks="01111111111111110"/>
    <class days="0101000" id="4790" room="593" start="180" weeks="01111111111111110"/>
    <class days="1010100" id="4791" room="593" start="114" weeks="01111111111111110"/>
    <class days="0101000" id="4792" room="593" start="162" weeks="01111111111111110"/>
    <class days="1010100" id="4793" room="593" start="162" weeks="01111111111111110"/>
    <class days="0101000" id="4794" room="34" start="108" weeks="01111111111111110"/>
    <class days="0101000" id="4795" room="34" start="126" weeks="01111111111111110"/>
    <class days="1010100" id="4796" room="593" start="150" weeks="01111111111111110"/>
    <class days="1010100" id="4797" room="593" start="138" weeks="01111111111111110"/>
    <class days="1010100" id="4798" room="34" start="126" weeks="01111111111111110"/>
    <class days="1010100" id="4799" room="34" start="90" weeks="01111111111111110"/>
    <class days="0101000" id="4800" room="562" start="126" weeks="01111111111111110"/>
    <class days="0101000" id="4801" room="361" start="126" weeks="01111111111111110"/>
    <class days="0100000" id="4802" start="162" weeks="01111111111111110"/>
    <class days="0010000" id="4803" room="726" start="138" weeks="01111111111111110"/>
    <class days="0100000" id="4804" room="203" start="162" weeks="01111111111111110"/>
    <class days="0001000" id="4805" room="203" start="162" weeks="01111111111111110"/>
    <class days="0101000" id="4806" room="486" start="144" weeks="01111111111111110"/>
    <class days="0100000" id="4807" room="361" start="108" weeks="01111111111111110"/>
    <class days="0001000" id="4808" room="361" start="108" weeks="01111111111111110"/>
    <class days="0001000" id="4809" room="497" start="108" weeks="01111111111111110"/>
    <class days="0100000" id="4810" room="497" start="108" weeks="01111111111111110"/>
    <class days="0010000" id="4811" room="726" start="186" weeks="01111111111111110"/>
    <class days="0101000" id="4812" room="486" start="198" weeks="01111111111111110"/>
    <class days="0100000" id="4813" room="346" start="198" weeks="01111111111111110"/>
    <class days="0101000" id="4814" room="486" start="126" weeks="01111111111111110"/>
    <class days="1010100" id="4815" room="5" start="174" weeks="01111111111111110"/>
    <class days="1000100" id="4816" room="562" start="90" weeks="01111111111111110"/>
    <class days="0101000" id="4817" room="562" start="180" weeks="01111111111111110"/>
    <class days="0101000" id="4818" room="361" start="162" weeks="01111111111111110"/>
    <class days="0010000" id="4819" room="726" start="222" weeks="01111111111111110"/>
    <class days="1000000" id="4820" room="63" start="198" weeks="01101111111111110"/>
    <class days="0100000" id="4821" room="439" start="198" weeks="01111111111111110"/>
    <class days="0101000" id="4822" room="40" start="138" weeks="00111111111111110"/>
    <class days="1010000" id="4823" room="1" start="114" weeks="00111111111111110"/>
    <class days="1010000" id="4824" room="40" start="138" weeks="00111111111111110"/>
    <class days="0101000" id="4825" room="40" start="162" weeks="00111111111111110"/>
    <class days="1010000" id="4826" room="1" start="186" weeks="00111111111111110"/>
    <class days="1010000" id="4827" room="1" start="138" weeks="00111111111111110"/>
    <class days="1010000" id="4828" room="1" start="162" weeks="00111111111111110"/>
    <class days="0101000" id="4829" room="40" start="114" weeks="00111111111111110"/>
    <class days="1010000" id="4830" room="40" start="186" weeks="00111111111111110"/>
    <class days="1010000" id="4831" room="40" start="114" weeks="00111111111111110"/>
    <class days="1010000" id="4832" room="40" start="162" weeks="00111111111111110"/>
    <class days="0101000" id="4833" room="40" start="186" weeks="00111111111111110"/>
    <class days="1010100" id="4834" room="346" start="138" weeks="01111111111111110"/>
    <class days="1010100" id="4835" room="562" start="126" weeks="01111111111111110"/>
    <class days="0101000" id="4836" room="203" start="126" weeks="01111111111111110"/>
    <class days="1010100" id="4837" room="5" start="186" weeks="01111111111111110"/>
    <class days="1000000" id="4838" room="726" start="198" weeks="01101111111111110"/>
    <class days="0101000" id="4839" room="1" start="144" weeks="01111111111111110"/>
    <class days="0101000" id="4840" room="486" start="180" weeks="01111111111111110"/>
    <class days="0100000" id="4841" room="726" start="198" weeks="01111111111111110"/>
    <class days="0101000" id="4842" room="726" start="126" weeks="01111111111111110"/>
    <class days="0000100" id="4843" room="437" start="234" weeks="01111111111111110"/>
    <class days="0100000" id="4844" room="361" start="198" weeks="01111111111111110"/>
    <class days="0100000" id="4845" room="223" start="174" weeks="01111111111111110"/>
    <class days="0010000" id="4846" room="260" start="186" weeks="01111111111111110"/>
    <class days="0100000" id="4847" room="303" start="252" weeks="01111111111111110"/>
    <class days="0000100" id="4848" room="360" start="90" weeks="01111111111111110"/>
    <class days="0001000" id="4849" room="364" start="198" weeks="01111111111111110"/>
    <class days="1000000" id="4850" room="233" start="90" weeks="01101111111111110"/>
    <class days="0001000" id="4851" room="213" start="138" weeks="01111111111111110"/>
    <class days="0000100" id="4852" room="560" start="126" weeks="01111111111111110"/>
    <class days="0000100" id="4853" room="656" start="174" weeks="01111111111111110"/>
    <class days="0100000" id="4854" room="260" start="114" weeks="01111111111111110"/>
    <class days="0010000" id="4855" room="216" start="150" weeks="01111111111111110"/>
    <class days="0000100" id="4856" room="334" start="102" weeks="01111111111111110"/>
    <class days="0001000" id="4857" room="574" start="174" weeks="01111111111111110"/>
    <class days="0100000" id="4858" room="120" start="186" weeks="01111111111111110"/>
    <class days="0001000" id="4859" room="353" start="90" weeks="01111111111111110"/>
    <class days="0000100" id="4860" room="306" start="186" weeks="01111111111111110"/>
    <class days="0010000" id="4861" room="306" start="90" weeks="01111111111111110"/>
    <class days="0100000" id="4862" room="197" start="138" weeks="01111111111111110"/>
    <class days="0001000" id="4863" room="266" start="162" weeks="01111111111111110"/>
    <class days="0000100" id="4864" room="347" start="114" weeks="01111111111111110"/>
    <class days="0100000" id="4865" room="106" start="162" weeks="01111111111111110"/>
    <class days="0001000" id="4866" room="661" start="162" weeks="01111111111111110"/>
    <class days="0010000" id="4867" room="19" start="138" weeks="01111111111111110"/>
    <class days="0100000" id="4868" room="306" start="186" weeks="01111111111111110"/>
    <class days="0001000" id="4869" room="306" start="138" weeks="01111111111111110"/>
    <class days="0000100" id="4870" room="306" start="90" weeks="01111111111111110"/>
    <class days="1000000" id="4871" room="306" start="138" weeks="01101111111111110"/>
    <class days="1000000" id="4872" room="306" start="114" weeks="01101111111111110"/>
    <class days="0100000" id="4873" room="71" start="162" weeks="01111111111111110"/>
    <class days="0001000" id="4874" room="137" start="90" weeks="01111111111111110"/>
    <class days="0010000" id="4875" room="353" start="162" weeks="01111111111111110"/>
    <class days="0100000" id="4876" room="419" start="162" weeks="01111111111111110"/>
    <class days="0001000" id="4877" room="419" start="162" weeks="01111111111111110"/>
    <class days="0010000" id="4878" room="436" start="90" weeks="01111111111111110"/>
    <class days="0010000" id="4879" room="306" start="138" weeks="01111111111111110"/>
    <class days="0000100" id="4880" room="306" start="162" weeks="01111111111111110"/>
    <class days="0010000" id="4881" room="306" start="114" weeks="01111111111111110"/>
    <class days="1000000" id="4882" room="306" start="162" weeks="01101111111111110"/>
    <class days="1000000" id="4883" room="306" start="90" weeks="01101111111111110"/>
    <class days="0100000" id="4884" room="353" start="114" weeks="01111111111111110"/>
    <class days="0100000" id="4885" room="106" start="186" weeks="01111111111111110"/>
    <class days="0001000" id="4886" room="436" start="162" weeks="01111111111111110"/>
    <class days="1000000" id="4887" room="306" start="186" weeks="01101111111111110"/>
    <class days="0010000" id="4888" room="306" start="186" weeks="01111111111111110"/>
    <class days="0010000" id="4889" room="306" start="162" weeks="01111111111111110"/>
    <class days="0100000" id="4890" room="306" start="90" weeks="01111111111111110"/>
    <class days="0001000" id="4891" room="306" start="90" weeks="01111111111111110"/>
    <class days="0010000" id="4892" room="437" start="90" weeks="01111111111111110"/>
    <class days="0010000" id="4893" room="407" start="90" weeks="01111111111111110"/>
    <class days="0100000" id="4894" room="266" start="162" weeks="01111111111111110"/>
    <class days="0001000" id="4895" room="436" start="114" weeks="01111111111111110"/>
    <class days="0001000" id="4896" room="306" start="162" weeks="01111111111111110"/>
    <class days="0100000" id="4897" room="306" start="114" weeks="01111111111111110"/>
    <class days="1000000" id="4898" room="353" start="138" weeks="01101111111111110"/>
    <class days="0100000" id="4899" room="347" start="186" weeks="01111111111111110"/>
    <class days="0000100" id="4900" room="123" start="162" weeks="01111111111111110"/>
    <class days="0100000" id="4901" room="306" start="138" weeks="01111111111111110"/>
    <class days="0001000" id="4902" room="306" start="186" weeks="01111111111111110"/>
    <class days="0100000" id="4903" room="306" start="162" weeks="01111111111111110"/>
    <class days="0001000" id="4904" room="511" start="90" weeks="01111111111111110"/>
    <class days="0010000" id="4905" room="511" start="114" weeks="01111111111111110"/>
    <class days="0000100" id="4906" room="511" start="138" weeks="01111111111111110"/>
    <class days="0001000" id="4907" room="511" start="186" weeks="01111111111111110"/>
    <class days="1000100" id="4908" room="511" start="162" weeks="01111111111111110"/>
    <class days="1000100" id="4909" room="511" start="114" weeks="01111111111111110"/>
    <class days="0101000" id="4910" room="511" start="138" weeks="01111111111111110"/>
    <class days="1000100" id="4911" room="511" start="186" weeks="01111111111111110"/>
    <class days="0000100" id="4912" room="460" start="138" weeks="01111111111111110"/>
    <class days="0100000" id="4913" room="237" start="114" weeks="01111111111111110"/>
    <class days="0000100" id="4914" room="645" start="102" weeks="01111111111111110"/>
    <class days="1000000" id="4915" room="260" start="210" weeks="01101111111111110"/>
    <class days="1010000" id="4916" start="210" weeks="01111111111111110"/>
    <class days="0001000" id="4917" room="363" start="108" weeks="01111111111111110"/>
    <class days="0001000" id="4918" room="432" start="126" weeks="01111111111111110"/>
    <class days="0001000" id="4919" room="107" start="90" weeks="01111111111111110"/>
    <class days="0010000" id="4920" room="519" start="174" weeks="01111111111111110"/>
    <class days="0100000" id="4921" room="252" start="90" weeks="01111111111111110"/>
    <class days="0010000" id="4922" room="71" start="138" weeks="01111111111111110"/>
    <class days="0000100" id="4923" room="260" start="186" weeks="01111111111111110"/>
    <class days="0001000" id="4924" room="188" start="114" weeks="01111111111111110"/>
    <class days="0001000" id="4925" room="260" start="102" weeks="01111111111111110"/>
    <class days="0010000" id="4926" room="560" start="210" weeks="01111111111111110"/>
    <class days="1000000" id="4927" room="260" start="240" weeks="01101111111111110"/>
    <class days="0010000" id="4928" room="298" start="210" weeks="01111111111111110"/>
    <class days="0010000" id="4929" room="260" start="210" weeks="01111111111111110"/>
    <class days="1000000" id="4930" room="260" start="252" weeks="01101111111111110"/>
    <class days="0101000" id="4931" room="260" start="162" weeks="01111111111111110"/>
    <class days="1000000" id="4932" start="210" weeks="01101111111111110"/>
    <class days="1010000" id="4933" start="210" weeks="01111111111111110"/>
    <class days="0001000" id="4934" room="216" start="162" weeks="01111111100000000"/>
    <class days="0010100" id="4935" room="441" start="150" weeks="01111111111111110"/>
    <class days="0000100" id="4936" room="744" start="258" weeks="01111111111111110"/>
    <class days="1000000" id="4937" start="210" weeks="01101111111111110"/>
    <class days="1010000" id="4938" start="210" weeks="01111111111111110"/>
    <class days="1000000" id="4939" room="260" start="126" weeks="01101111111111110"/>
    <class days="1111000" id="4940" room="624" start="228" weeks="01111111111111110"/>
    <class days="1000100" id="4941" room="380" start="150" weeks="01111111111111110"/>
    <class days="1010000" id="4942" room="372" start="114" weeks="01111111111111110"/>
    <class days="1010000" id="4943" room="380" start="126" weeks="01111111111111110"/>
    <class days="0100000" id="4944" room="619" start="114" weeks="01111111111111110"/>
    <class days="0010000" id="4945" room="619" start="150" weeks="01111111111111110"/>
    <class days="0100000" id="4946" room="619" start="174" weeks="01111111111111110"/>
    <class days="0010000" id="4947" room="619" start="126" weeks="01111111111111110"/>
    <class days="0000100" id="4948" room="619" start="138" weeks="01111111111111110"/>
    <class days="0001000" id="4949" room="619" start="174" weeks="01111111111111110"/>
    <class days="0100000" id="4950" room="619" start="162" weeks="01111111111111110"/>
    <class days="0100000" id="4951" room="28" start="90" weeks="00101010101010100"/>
    <class days="0100000" id="4952" room="714" start="90" weeks="00101010101010100"/>
    <class days="0100000" id="4953" room="28" start="114" weeks="00101010101010100"/>
    <class days="0100000" id="4954" room="714" start="114" weeks="00101010101010100"/>
    <class days="0100000" id="4955" room="28" start="138" weeks="00101010101010100"/>
    <class days="0100000" id="4956" room="714" start="138" weeks="00101010101010100"/>
    <class days="0100000" id="4957" room="28" start="186" weeks="00101010101010100"/>
    <class days="0100000" id="4958" room="714" start="186" weeks="00101010101010100"/>
    <class days="0010000" id="4959" room="28" start="90" weeks="00101010101010100"/>
    <class days="0010000" id="4960" room="714" start="90" weeks="00101010101010100"/>
    <class days="0010000" id="4961" room="28" start="114" weeks="00101010101010100"/>
    <class days="0010000" id="4962" room="714" start="114" weeks="00101010101010100"/>
    <class days="0010000" id="4963" room="28" start="162" weeks="00101010101010100"/>
    <class days="0010000" id="4964" room="714" start="162" weeks="00101010101010100"/>
    <class days="0000100" id="4965" room="28" start="114" weeks="00101010101010100"/>
    <class days="0000100" id="4966" room="714" start="114" weeks="00101010101010100"/>
    <class days="0000100" id="4967" room="28" start="138" weeks="00101010101010100"/>
    <class days="0000100" id="4968" room="714" start="138" weeks="00101010101010100"/>
    <class days="0100000" id="4969" room="714" start="90" weeks="01010101010101010"/>
    <class days="0100000" id="4970" room="28" start="90" weeks="01010101010101010"/>
    <class days="0100000" id="4971" room="714" start="114" weeks="01010101010101010"/>
    <class days="0100000" id="4972" room="28" start="114" weeks="01010101010101010"/>
    <class days="0100000" id="4973" room="714" start="138" weeks="01010101010101010"/>
    <class days="0100000" id="4974" room="28" start="138" weeks="01010101010101010"/>
    <class days="0100000" id="4975" room="714" start="186" weeks="01010101010101010"/>
    <class days="0100000" id="4976" room="28" start="186" weeks="01010101010101010"/>
    <class days="0010000" id="4977" room="714" start="90" weeks="01010101010101010"/>
    <class days="0010000" id="4978" room="28" start="90" weeks="01010101010101010"/>
    <class days="0010000" id="4979" room="714" start="114" weeks="01010101010101010"/>
    <class days="0010000" id="4980" room="28" start="114" weeks="01010101010101010"/>
    <class days="0010000" id="4981" room="714" start="162" weeks="01010101010101010"/>
    <class days="0010000" id="4982" room="28" start="162" weeks="01010101010101010"/>
    <class days="0000100" id="4983" room="714" start="114" weeks="01010101010101010"/>
    <class days="0000100" id="4984" room="28" start="114" weeks="01010101010101010"/>
    <class days="0000100" id="4985" room="714" start="138" weeks="01010101010101010"/>
    <class days="0000100" id="4986" room="28" start="162" weeks="01010101010101010"/>
    <class days="0010000" id="4987" room="540" start="114" weeks="01111111111111110"/>
    <class days="1000000" id="4988" room="210" start="90" weeks="01101111111111110"/>
    <class days="1000000" id="4989" room="210" start="114" weeks="01101111111111110"/>
    <class days="0010000" id="4990" room="107" start="198" weeks="01111111111111110"/>
    <class days="0101000" id="4991" room="107" start="186" weeks="01111111111111110"/>
    <class days="0101000" id="4992" room="364" start="108" weeks="01111111111111110"/>
    <class days="0101000" id="4993" room="317" start="126" weeks="01111111111111110"/>
    <class days="1010100" id="4994" room="107" start="138" weeks="01111111111111110"/>
    <class days="1000100" id="4995" room="661" start="90" weeks="01111111111111110"/>
    <class days="0001000" id="4996" room="440" start="162" weeks="01111111111111110"/>
    <class days="0001000" id="4997" room="440" start="186" weeks="01111111111111110"/>
    <class days="0000100" id="4998" room="440" start="114" weeks="01111111111111110"/>
    <class days="0000100" id="4999" room="440" start="138" weeks="01111111111111110"/>
    <class days="1010000" id="5000" room="373" start="252" weeks="01111111111111110"/>
    <class days="0100000" id="5001" room="579" start="102" weeks="01111111111111110"/>
    <class days="0010000" id="5002" room="579" start="102" weeks="01111111111111110"/>
    <class days="0010000" id="5003" room="579" start="138" weeks="01111111111111110"/>
    <class days="0010000" id="5004" room="579" start="174" weeks="01111111111111110"/>
    <class days="0001000" id="5005" room="579" start="102" weeks="01111111111111110"/>
    <class days="0001000" id="5006" room="579" start="138" weeks="01111111111111110"/>
    <class days="1000000" id="5007" room="579" start="90" weeks="01101111111111110"/>
    <class days="0101000" id="5008" room="703" start="186" weeks="01111111111111110"/>
    <class days="0000100" id="5009" room="352" start="114" weeks="01111111111111110"/>
    <class days="0000100" id="5010" room="336" start="90" weeks="01111111111111110"/>
    <class days="1000000" id="5011" room="379" start="138" weeks="01101111111111110"/>
    <class days="0101000" id="5012" room="107" start="198" weeks="01111111111111110"/>
    <class days="1000000" id="5013" room="440" start="150" weeks="01101111111111110"/>
    <class days="0010000" id="5014" room="440" start="150" weeks="01111111111111110"/>
    <class days="0010000" id="5015" room="440" start="162" weeks="01111111111111110"/>
    <class days="0101000" id="5016" room="107" start="174" weeks="01111111111111110"/>
    <class days="0001000" id="5017" room="440" start="114" weeks="01111111111111110"/>
    <class days="0101000" id="5018" room="107" start="150" weeks="01111111111111110"/>
    <class days="0100000" id="5019" room="440" start="162" weeks="01111111111111110"/>
    <class days="0000100" id="5020" room="107" start="210" weeks="01111111100000000"/>
    <class days="1010000" id="5021" room="107" start="90" weeks="01111111111111110"/>
    <class days="1000000" id="5022" room="579" start="138" weeks="01101111111111110"/>
    <class days="0010000" id="5023" room="107" start="150" weeks="01111111111111110"/>
    <class days="1000000" id="5024" room="107" start="174" weeks="01101111111111110"/>
    <class days="0101000" id="5025" room="374" start="90" weeks="01111111111111110"/>
    <class days="0101000" id="5026" room="374" start="108" weeks="01111111111111110"/>
    <class days="0101000" id="5027" room="374" start="144" weeks="01111111111111110"/>
    <class days="0101000" id="5028" room="339" start="126" weeks="01111111111111110"/>
    <class days="0101000" id="5029" room="339" start="180" weeks="01111111111111110"/>
    <class days="0101000" id="5030" room="339" start="144" weeks="01111111111111110"/>
    <class days="0101000" id="5031" room="339" start="108" weeks="01111111111111110"/>
    <class days="0101000" id="5032" room="339" start="198" weeks="01111111111111110"/>
    <class days="0101000" id="5033" room="348" start="198" weeks="01111111111111110"/>
    <class days="0101000" id="5034" room="348" start="108" weeks="01111111111111110"/>
    <class days="0101000" id="5035" room="348" start="144" weeks="01111111111111110"/>
    <class days="0101000" id="5036" room="348" start="90" weeks="01111111111111110"/>
    <class days="0101000" id="5037" room="339" start="198" weeks="01111111111111110"/>
    <class days="0101000" id="5038" room="339" start="162" weeks="01111111111111110"/>
    <class days="0101000" id="5039" room="339" start="90" weeks="01111111111111110"/>
    <class days="0101000" id="5040" room="348" start="162" weeks="01111111111111110"/>
    <class days="0100000" id="5041" room="372" start="228" weeks="01111111111111110"/>
    <class days="0000100" id="5042" room="339" start="114" weeks="01111111111111110"/>
    <class days="1000000" id="5043" room="9" start="222" weeks="01101111111111110"/>
    <class days="1000000" id="5044" room="374" start="198" weeks="01101111111111110"/>
    <class days="0100000" id="5045" room="187" start="162" weeks="01111111111111110"/>
    <class days="0001000" id="5046" room="732" start="186" weeks="01111111111111110"/>
    <class days="0100000" id="5047" room="732" start="162" weeks="01111111111111110"/>
    <class days="0100000" id="5048" room="116" start="162" weeks="01111111111111110"/>
    <class days="0100000" id="5049" room="116" start="102" weeks="01111111111111110"/>
    <class days="0001000" id="5050" room="187" start="126" weeks="01111111111111110"/>
    <class days="0010000" id="5051" room="116" start="162" weeks="01111111111111110"/>
    <class days="0001000" id="5052" room="187" start="186" weeks="01111111111111110"/>
    <class days="0010000" id="5053" room="187" start="186" weeks="01111111111111110"/>
    <class days="1000000" id="5054" room="187" start="168" weeks="01101111111111110"/>
    <class days="0010000" id="5055" room="732" start="162" weeks="01111111111111110"/>
    <class days="0000100" id="5056" room="187" start="126" weeks="01111111111111110"/>
    <class days="1000000" id="5057" room="187" start="102" weeks="01101111111111110"/>
    <class days="0010000" id="5058" room="732" start="126" weeks="01111111111111110"/>
    <class days="0100000" id="5059" room="187" start="186" weeks="01111111111111110"/>
    <class days="0010000" id="5060" room="116" start="126" weeks="01111111111111110"/>
    <class days="0010000" id="5061" room="187" start="126" weeks="01111111111111110"/>
    <class days="0000100" id="5062" room="732" start="162" weeks="01111111111111110"/>
    <class days="0100000" id="5063" room="187" start="126" weeks="01111111111111110"/>
    <class days="0000100" id="5064" room="116" start="126" weeks="01111111111111110"/>
    <class days="0000100" id="5065" room="116" start="102" weeks="01111111111111110"/>
    <class days="0000100" id="5066" room="116" start="162" weeks="01111111111111110"/>
    <class days="0100000" id="5067" room="116" start="126" weeks="01111111111111110"/>
    <class days="0001000" id="5068" room="116" start="102" weeks="01111111111111110"/>
    <class days="1000000" id="5069" room="116" start="102" weeks="01101111111111110"/>
    <class days="0010000" id="5070" room="116" start="102" weeks="01111111111111110"/>
    <class days="0010000" id="5071" room="187" start="102" weeks="01111111111111110"/>
    <class days="0010000" id="5072" room="732" start="102" weeks="01111111111111110"/>
    <class days="1000000" id="5073" room="732" start="216" weeks="01101111111111110"/>
    <class days="0010000" id="5074" room="187" start="162" weeks="01111111111111110"/>
    <class days="0001000" id="5075" room="732" start="162" weeks="01111111111111110"/>
    <class days="0001000" id="5076" room="116" start="186" weeks="01111111111111110"/>
    <class days="0010000" id="5077" room="187" start="210" weeks="01111111111111110"/>
    <class days="0000100" id="5078" room="187" start="162" weeks="01111111111111110"/>
    <class days="0010000" id="5079" room="116" start="186" weeks="01111111111111110"/>
    <class days="0010000" id="5080" room="732" start="186" weeks="01111111111111110"/>
    <class days="0001000" id="5081" room="116" start="126" weeks="01111111111111110"/>
    <class days="0001000" id="5082" room="187" start="162" weeks="01111111111111110"/>
    <class days="0100000" id="5083" room="187" start="102" weeks="01111111111111110"/>
    <class days="0100000" id="5084" room="732" start="138" weeks="01111111111111110"/>
    <class days="1000000" id="5085" room="732" start="90" weeks="01101111111111110"/>
    <class days="0001000" id="5086" room="732" start="138" weeks="01111111111111110"/>
    <class days="0100000" id="5087" room="116" start="186" weeks="01111111111111110"/>
    <class days="1010100" id="5088" room="571" start="150" weeks="01111111111111110"/>
    <class days="0100000" id="5089" room="121" start="162" weeks="01010101010101010"/>
    <class days="1010100" id="5090" room="308" start="162" weeks="01111111111111110"/>
    <class days="0100000" id="5091" room="436" start="102" weeks="01111111111111110"/>
    <class days="0100000" id="5092" room="293" start="180" weeks="01111111111111110"/>
    <class days="0010000" id="5093" room="293" start="178" weeks="01111111111111110"/>
    <class days="0001000" id="5094" room="293" start="174" weeks="01111111111111110"/>
    <class days="0100000" id="5095" room="293" start="162" weeks="01111111111111110"/>
    <class days="0001000" id="5096" room="293" start="162" weeks="01111111111111110"/>
    <class days="0010000" id="5097" room="293" start="162" weeks="01111111111111110"/>
    <class days="1010100" id="5098" room="667" start="114" weeks="01111111111111110"/>
    <class days="1010100" id="5099" room="661" start="114" weeks="01111111111111110"/>
    <class days="1010100" id="5100" room="744" start="138" weeks="01111111111111110"/>
    <class days="0001000" id="5101" room="29" start="114" weeks="01111111111111110"/>
    <class days="0100000" id="5102" room="29" start="162" weeks="01111111111111110"/>
    <class days="0001000" id="5103" room="29" start="162" weeks="01111111111111110"/>
    <class days="0010000" id="5104" room="29" start="162" weeks="01111111111111110"/>
    <class days="0100000" id="5105" room="29" start="114" weeks="01111111111111110"/>
    <class days="1010100" id="5106" room="293" start="126" weeks="01111111111111110"/>
    <class days="1010000" id="5107" room="656" start="114" weeks="01111111111111110"/>
    <class days="0010000" id="5108" room="64" start="174" weeks="01111111111111110"/>
    <class days="0001000" id="5109" room="64" start="174" weeks="01111111111111110"/>
    <class days="0101000" id="5110" room="427" start="126" weeks="01111111111111110"/>
    <class days="0001000" id="5111" room="415" start="162" weeks="01111111111111110"/>
    <class days="1010000" id="5112" room="656" start="150" weeks="01111111111111110"/>
    <class days="0100000" id="5113" room="64" start="102" weeks="01111111111111110"/>
    <class days="0001000" id="5114" room="64" start="102" weeks="01111111111111110"/>
    <class days="1010000" id="5115" room="427" start="150" weeks="01111111111111110"/>
    <class days="0100000" id="5116" room="415" start="174" weeks="01111111111111110"/>
    <class days="0101000" id="5117" room="656" start="150" weeks="01111111111111110"/>
    <class days="0000100" id="5118" room="415" start="162" weeks="01111111111111110"/>
    <class days="1010100" id="5119" room="293" start="102" weeks="01111111111111110"/>
    <class days="0101000" id="5120" room="442" start="90" weeks="01111111111111110"/>
    <class days="0101000" id="5121" room="442" start="102" weeks="01111111111111110"/>
    <class days="1010100" id="5122" room="656" start="126" weeks="01111111111111110"/>
    <class days="0100000" id="5123" room="415" start="114" weeks="01111111111111110"/>
    <class days="0100000" id="5124" room="415" start="138" weeks="01111111111111110"/>
    <class days="0101000" id="5125" room="656" start="108" weeks="01111111111111110"/>
    <class days="0000100" id="5126" room="656" start="186" weeks="01111111111111110"/>
    <class days="0000100" id="5127" room="656" start="150" weeks="01111111111111110"/>
    <class days="1010000" id="5128" room="656" start="198" weeks="01111100000000000"/>
    <class days="1010000" id="5129" room="573" start="162" weeks="01111111111111110"/>
    <class days="0000100" id="5130" room="442" start="198" weeks="01000100100000000"/>
    <class days="0101000" id="5131" room="573" start="108" weeks="01111111111111110"/>
    <class days="1010000" id="5132" room="656" start="186" weeks="01111111111111110"/>
    <class days="0101000" id="5133" room="442" start="144" weeks="01111111111111110"/>
    <class days="0001000" id="5134" room="656" start="162" weeks="01111111111111110"/>
    <class days="0000100" id="5135" room="656" start="114" weeks="01111111111111110"/>
    <class days="0000100" id="5136" room="656" start="90" weeks="01111111111111110"/>
    <class days="0101000" id="5137" room="427" start="108" weeks="01111111111111110"/>
    <class days="0010000" id="5138" room="29" start="204" weeks="01111111100000000"/>
    <class days="1010100" id="5139" room="438" start="150" weeks="01111111111111110"/>
    <class days="0001000" id="5140" room="656" start="138" weeks="01111111111111110"/>
    <class days="0010000" id="5141" room="123" start="90" weeks="01111111111111110"/>
    <class days="0010000" id="5142" room="524" start="150" weeks="01111111111111110"/>
    <class days="0010000" id="5143" room="375" start="126" weeks="01111111111111110"/>
    <class days="0010000" id="5144" room="305" start="102" weeks="01111111111111110"/>
    <class days="0010000" id="5145" room="375" start="162" weeks="01111111111111110"/>
    <class days="0101000" id="5146" room="553" start="126" weeks="01111111111111110"/>
    <class days="0101000" id="5147" room="305" start="198" weeks="01111111111111110"/>
    <class days="0101000" id="5148" room="315" start="186" weeks="01111111111111110"/>
    <class days="0101000" id="5149" room="553" start="138" weeks="01111111111111110"/>
    <class days="0010000" id="5150" room="280" start="174" weeks="00101010101010100"/>
    <class days="0000100" id="5151" room="344" start="162" weeks="00101010101010100"/>
    <class days="0100000" id="5152" room="280" start="174" weeks="00101010101010100"/>
    <class days="0000100" id="5153" room="42" start="126" weeks="00101010101010100"/>
    <class days="0000100" id="5154" room="596" start="114" weeks="01010101010101010"/>
    <class days="0000100" id="5155" room="722" start="186" weeks="01010101010101010"/>
    <class days="0000100" id="5156" room="305" start="150" weeks="01010101010101010"/>
    <class days="0000100" id="5157" room="270" start="138" weeks="01010101010101010"/>
    <class days="0010000" id="5158" room="315" start="198" weeks="01111111111111110"/>
    <class days="0010000" id="5159" room="722" start="186" weeks="01111111111111110"/>
    <class days="0010000" id="5160" room="315" start="186" weeks="01111111111111110"/>
    <class days="0010000" id="5161" room="261" start="174" weeks="01111111111111110"/>
    <class days="0010000" id="5162" room="305" start="162" weeks="01111111111111110"/>
    <class days="0010000" id="5163" room="33" start="198" weeks="01111111111111110"/>
    <class days="0101000" id="5164" room="261" start="150" weeks="01111111111111110"/>
    <class days="0101000" id="5165" room="305" start="162" weeks="01111111111111110"/>
    <class days="0101000" id="5166" room="270" start="114" weeks="01111111111111110"/>
    <class days="0101000" id="5167" room="375" start="150" weeks="01111111111111110"/>
    <class days="0101000" id="5168" room="640" start="198" weeks="01111111111111110"/>
    <class days="0101000" id="5169" room="553" start="186" weeks="01111111111111110"/>
    <class days="0000100" id="5170" room="414" start="102" weeks="01010101010101010"/>
    <class days="0000100" id="5171" room="270" start="102" weeks="01010101010101010"/>
    <class days="0000100" id="5172" room="447" start="162" weeks="01010101010101010"/>
    <class days="0000100" id="5173" room="230" start="138" weeks="01010101010101010"/>
    <class days="0000100" id="5174" room="305" start="186" weeks="01010101010101010"/>
    <class days="0000100" id="5175" room="447" start="114" weeks="01010101010101010"/>
    <class days="0000100" id="5176" room="4" start="102" weeks="00101010101010100"/>
    <class days="0100000" id="5177" room="723" start="102" weeks="00101010101010100"/>
    <class days="1000000" id="5178" room="207" start="126" weeks="00101010101010100"/>
    <class days="0100000" id="5179" room="344" start="138" weeks="00101010101010100"/>
    <class days="0000100" id="5180" room="517" start="186" weeks="00101010101010100"/>
    <class days="0010000" id="5181" room="517" start="114" weeks="00101010101010100"/>
    <class days="1000000" id="5182" room="751" start="102" weeks="01101111111111110"/>
    <class days="1010100" id="5183" room="414" start="186" weeks="01111111111111110"/>
    <class days="1010100" id="5184" room="261" start="126" weeks="01111111111111110"/>
    <class days="1010100" id="5185" room="553" start="126" weeks="01111111111111110"/>
    <class days="1010100" id="5186" room="261" start="150" weeks="01111111111111110"/>
    <class days="1010100" id="5187" room="683" start="138" weeks="01111111111111110"/>
    <class days="1010100" id="5188" room="375" start="150" weeks="01111111111111110"/>
    <class days="1010100" id="5189" room="683" start="126" weeks="01111111111111110"/>
    <class days="1010100" id="5190" room="33" start="150" weeks="01111111111111110"/>
    <class days="0100000" id="5191" room="230" start="162" weeks="01111111111111110"/>
    <class days="1010100" id="5192" room="272" start="126" weeks="01111111111111110"/>
    <class days="1010100" id="5193" room="270" start="162" weeks="01111111111111110"/>
    <class days="1010100" id="5194" room="375" start="102" weeks="01111111111111110"/>
    <class days="1010100" id="5195" room="270" start="114" weeks="01111111111111110"/>
    <class days="0001000" id="5196" room="230" start="162" weeks="01111111111111110"/>
    <class days="1010100" id="5197" room="524" start="174" weeks="01111111111111110"/>
    <class days="0101000" id="5198" room="751" start="126" weeks="01111111111111110"/>
    <class days="0101000" id="5199" room="272" start="162" weeks="01111111111111110"/>
    <class days="1010100" id="5200" room="10" start="114" weeks="01111111111111110"/>
    <class days="0001000" id="5201" room="10" start="150" weeks="01111111111111110"/>
    <class days="0101000" id="5202" room="10" start="114" weeks="01111111111111110"/>
    <class days="0010000" id="5203" room="676" start="102" weeks="01111111111111110"/>
    <class days="0100000" id="5204" room="676" start="174" weeks="01111111111111110"/>
    <class days="1000000" id="5205" room="92" start="138" weeks="01101111111111110"/>
    <class days="1010100" id="5206" room="10" start="102" weeks="01111111111111110"/>
    <class days="1010000" id="5207" room="623" start="162" weeks="01111111111111110"/>
    <class days="1010000" id="5208" room="623" start="186" weeks="01111111111111110"/>
    <class days="0101000" id="5209" room="10" start="138" weeks="01111111111111110"/>
    <class days="1010100" id="5210" room="10" start="162" weeks="00000000000111110"/>
    <class days="0000100" id="5211" room="676" start="90" weeks="01111111111111110"/>
    <class days="1000000" id="5212" room="676" start="90" weeks="01101111111111110"/>
    <class days="1010100" id="5213" room="676" start="150" weeks="01111100000000000"/>
    <class days="0000100" id="5214" room="555" start="216" weeks="01111111111111110"/>
    <class days="1010100" id="5215" room="10" start="162" weeks="01111100000000000"/>
    <class days="0101000" id="5216" room="10" start="162" weeks="01111111100000000"/>
    <class days="0101000" id="5217" room="676" start="96" weeks="01111111111111110"/>
    <class days="1010100" id="5218" room="10" start="162" weeks="00000011111000000"/>
    <class days="1010000" id="5219" room="10" start="198" weeks="01111111111111110"/>
    <class days="0010000" id="5220" room="506" start="216" weeks="01111111111111110"/>
    <class days="1010100" id="5221" room="10" start="126" weeks="01111100000000000"/>
    <class days="1010100" id="5222" room="10" start="150" weeks="01111100000000000"/>
    <class days="1010100" id="5223" room="10" start="150" weeks="00000000000111110"/>
    <class days="1010100" id="5224" room="10" start="150" weeks="00000011111000000"/>
    <class days="1010100" id="5225" room="10" start="126" weeks="00000011111111110"/>
    <class days="1010000" id="5226" room="383" start="174" weeks="01111111111111110"/>
    <class days="0010000" id="5227" room="383" start="192" weeks="01111111111111110"/>
    <class days="0100000" id="5228" room="10" start="186" weeks="01111111111111110"/>
    <class days="0010000" id="5229" room="182" start="162" weeks="01111111111111110"/>
    <class days="1000000" id="5230" room="383" start="162" weeks="01101111111111110"/>
    <class days="0001000" id="5231" room="383" start="198" weeks="01111111111111110"/>
    <class days="0000100" id="5232" room="227" start="102" weeks="01111111111111110"/>
    <class days="0000100" id="5233" room="571" start="210" weeks="01111111111111110"/>
    <class days="0000100" id="5234" room="641" start="246" weeks="01111111111111110"/>
    <class days="1010000" id="5235" room="119" start="114" weeks="01111111111111110"/>
    <class days="1000000" id="5236" room="26" start="162" weeks="01101111111111110"/>
    <class days="0101000" id="5237" room="119" start="144" weeks="01111111111111110"/>
    <class days="0101000" id="5238" room="425" start="162" weeks="01111111111111110"/>
    <class days="1000100" id="5239" room="425" start="180" weeks="01111111111111110"/>
    <class days="0010100" id="5240" room="126" start="102" weeks="01111111111111110"/>
    <class days="1000100" id="5241" room="26" start="150" weeks="01111111111111110"/>
    <class days="0010000" id="5242" room="26" start="150" weeks="01111111111111110"/>
    <class days="1010000" id="5243" room="33" start="186" weeks="01111111111111110"/>
    <class days="1010000" id="5244" room="550" start="186" weeks="01111111111111110"/>
    <class days="1010000" id="5245" room="272" start="102" weeks="01111111111111110"/>
    <class days="0100000" id="5246" room="261" start="186" weeks="01111111111111110"/>
    <class days="0100000" id="5247" room="683" start="186" weeks="01111111111111110"/>
    <class days="0100000" id="5248" room="722" start="102" weeks="01111111111111110"/>
    <class days="0000100" id="5249" room="4" start="186" weeks="01111111111111110"/>
    <class days="0001000" id="5250" room="4" start="114" weeks="01111111111111110"/>
    <class days="0010000" id="5251" room="594" start="174" weeks="01111111111111110"/>
    <class days="1010000" id="5252" room="553" start="102" weeks="01111111111111110"/>
    <class days="1010000" id="5253" room="640" start="126" weeks="01111111111111110"/>
    <class days="1010000" id="5254" room="596" start="186" weeks="01111111111111110"/>
    <class days="1010000" id="5255" room="315" start="126" weeks="01111111111111110"/>
    <class days="0100000" id="5256" room="414" start="102" weeks="01111111111111110"/>
    <class days="0100000" id="5257" room="261" start="126" weeks="01111111111111110"/>
    <class days="0100000" id="5258" room="375" start="186" weeks="01111111111111110"/>
    <class days="0100000" id="5259" room="305" start="126" weeks="01111111111111110"/>
    <class days="0001000" id="5260" room="517" start="102" weeks="01111111111111110"/>
    <class days="0000100" id="5261" room="517" start="126" weeks="01111111111111110"/>
    <class days="0001000" id="5262" room="280" start="186" weeks="01111111111111110"/>
    <class days="0010000" id="5263" room="280" start="162" weeks="01111111111111110"/>
    <class days="0000100" id="5264" room="48" start="150" weeks="01111111111111110"/>
    <class days="1010100" id="5265" room="272" start="174" weeks="01111111111111110"/>
    <class days="1010100" id="5266" room="683" start="162" weeks="01111111111111110"/>
    <class days="1010100" id="5267" room="640" start="174" weeks="01111111111111110"/>
    <class days="1010100" id="5268" room="640" start="114" weeks="01111111111111110"/>
    <class days="1010100" id="5269" room="230" start="150" weeks="01111111111111110"/>
    <class days="1010100" id="5270" room="447" start="150" weeks="01111111111111110"/>
    <class days="1010100" id="5271" room="315" start="162" weeks="01111111111111110"/>
    <class days="0001000" id="5272" room="305" start="126" weeks="01111111111111110"/>
    <class days="1010100" id="5273" room="272" start="150" weeks="01111111111111110"/>
    <class days="1010100" id="5274" room="596" start="102" weeks="01111111111111110"/>
    <class days="1010100" id="5275" room="524" start="162" weeks="01111111111111110"/>
    <class days="1010100" id="5276" room="414" start="126" weeks="01111111111111110"/>
    <class days="1010100" id="5277" room="447" start="126" weeks="01111111111111110"/>
    <class days="0100000" id="5278" room="722" start="138" weeks="01111111111111110"/>
    <class days="1010100" id="5279" room="315" start="114" weeks="01111111111111110"/>
    <class days="1010100" id="5280" room="553" start="138" weeks="01111111111111110"/>
    <class days="0101000" id="5281" room="230" start="126" weeks="01111111111111110"/>
    <class days="0101000" id="5282" room="272" start="144" weeks="01111111111111110"/>
    <class days="0010000" id="5283" room="527" start="102" weeks="01111111111111110"/>
    <class days="0100000" id="5284" room="558" start="156" weeks="01111111111111110"/>
    <class days="0010000" id="5285" room="9" start="177" weeks="01111111111111110"/>
    <class days="1000000" id="5286" room="77" start="162" weeks="01101111111111110"/>
    <class days="0001000" id="5287" room="320" start="90" weeks="01111111111111110"/>
    <class days="1000000" id="5288" room="54" start="114" weeks="01101111100000000"/>
    <class days="0000100" id="5289" room="319" start="186" weeks="00000000011111110"/>
    <class days="0001000" id="5290" room="401" start="90" weeks="01111111100000000"/>
    <class days="0001000" id="5291" room="401" start="138" weeks="00000000011111110"/>
    <class days="1010000" id="5292" room="596" start="114" weeks="01111111111111110"/>
    <class days="0100000" id="5293" room="315" start="114" weeks="01111111111111110"/>
    <class days="0000100" id="5294" room="230" start="114" weeks="01111111111111110"/>
    <class days="1010100" id="5295" room="261" start="138" weeks="01111111111111110"/>
    <class days="1010000" id="5296" room="667" start="90" weeks="01111111111111110"/>
    <class days="1010000" id="5297" room="656" start="174" weeks="01111111100000000"/>
    <class days="0001000" id="5298" room="3" start="186" weeks="01111111111111110"/>
    <class days="0001000" id="5299" room="3" start="174" weeks="01111111111111110"/>
    <class days="0100000" id="5300" room="3" start="102" weeks="01111111111111110"/>
    <class days="0010000" id="5301" room="3" start="174" weeks="01111111111111110"/>
    <class days="0000100" id="5302" room="3" start="114" weeks="01111111111111110"/>
    <class days="1000000" id="5303" room="3" start="150" weeks="01101111111111110"/>
    <class days="1000000" id="5304" room="3" start="138" weeks="01101111111111110"/>
    <class days="0100000" id="5305" room="3" start="114" weeks="01111111111111110"/>
    <class days="0010000" id="5306" room="3" start="162" weeks="01111111111111110"/>
    <class days="0000100" id="5307" room="3" start="126" weeks="01111111111111110"/>
    <class days="1000000" id="5308" room="3" start="126" weeks="01101111111111110"/>
    <class days="1000000" id="5309" room="3" start="162" weeks="01101111111111110"/>
    <class days="0000100" id="5310" room="3" start="162" weeks="01111111111111110"/>
    <class days="1000000" id="5311" room="3" start="114" weeks="01101111111111110"/>
    <class days="0010000" id="5312" room="3" start="126" weeks="01111111111111110"/>
    <class days="1000000" id="5313" room="3" start="174" weeks="01101111111111110"/>
    <class days="0001000" id="5314" room="3" start="102" weeks="01111111111111110"/>
    <class days="0100000" id="5315" room="3" start="150" weeks="01111111111111110"/>
    <class days="0101000" id="5316" room="168" start="114" weeks="01111111111111110"/>
    <class days="1010000" id="5317" room="168" start="114" weeks="01111111111111110"/>
    <class days="0001000" id="5318" room="168" start="150" weeks="01111111111111110"/>
    <class days="0000100" id="5319" room="168" start="126" weeks="01111111111111110"/>
    <class days="0101000" id="5320" room="3" start="162" weeks="01111111100000000"/>
    <class days="0010100" id="5321" room="3" start="102" weeks="01111111100000000"/>
    <class days="0101000" id="5322" room="3" start="138" weeks="01111111100000000"/>
    <class days="0100000" id="5323" room="744" start="150" weeks="01111111111111110"/>
    <class days="0010000" id="5324" room="748" start="90" weeks="01111111111111110"/>
    <class days="0100000" id="5325" room="505" start="114" weeks="01111111111111110"/>
    <class days="0000100" id="5326" room="501" start="90" weeks="01111111111111110"/>
    <class days="0100000" id="5327" room="460" start="186" weeks="01111111111111110"/>
    <class days="1000000" id="5328" room="324" start="174" weeks="01101111111111110"/>
    <class days="0001000" id="5329" room="168" start="198" weeks="01111111111111110"/>
    <class days="0001000" id="5330" room="3" start="114" weeks="01111111100000000"/>
    <class days="0010000" id="5331" room="3" start="138" weeks="01111111100000000"/>
    <class days="0000100" id="5332" room="3" start="138" weeks="01111111100000000"/>
    <class days="1000000" id="5333" room="168" start="162" weeks="01101111100000000"/>
    <class days="0100000" id="5334" room="168" start="186" weeks="01111111100000000"/>
    <class days="0100000" id="5335" room="168" start="162" weeks="01111111100000000"/>
    <class days="0000100" id="5336" room="168" start="162" weeks="01111111100000000"/>
    <class days="0010000" id="5337" room="168" start="162" weeks="01111111100000000"/>
    <class days="1000000" id="5338" room="3" start="186" weeks="01101111100000000"/>
    <class days="0010000" id="5339" room="3" start="186" weeks="01111111100000000"/>
    <class days="1010000" id="5340" room="168" start="126" weeks="01111111111111110"/>
    <class days="1010000" id="5341" room="168" start="150" weeks="01111111111111110"/>
    <class days="1010000" id="5342" room="168" start="138" weeks="01111111111111110"/>
    <class days="0100000" id="5343" room="168" start="144" weeks="01111111111000000"/>
    <class days="0010000" id="5344" room="92" start="90" weeks="01111111111111110"/>
    <class days="0100000" id="5345" room="368" start="174" weeks="01111111111111110"/>
    <class days="1010100" id="5346" room="120" start="186" weeks="01111111111111110"/>
    <class days="0101000" id="5347" room="408" start="90" weeks="01111111111111110"/>
    <class days="1010100" id="5348" room="555" start="114" weeks="01111111111111110"/>
    <class days="1010100" id="5349" room="571" start="114" weeks="01111111111111110"/>
    <class days="0101000" id="5350" room="574" start="198" weeks="01111111111111110"/>
    <class days="1010000" id="5351" room="233" start="198" weeks="01111111111111110"/>
    <class days="1010100" id="5352" room="689" start="114" weeks="01111111111111110"/>
    <class days="1010100" id="5353" room="505" start="102" weeks="01111111111111110"/>
    <class days="0101000" id="5354" room="438" start="162" weeks="01111111111111110"/>
    <class days="0101000" id="5355" room="543" start="108" weeks="01111111111111110"/>
    <class days="1010100" id="5356" room="154" start="198" weeks="01111111111111110"/>
    <class days="0101000" id="5357" room="334" start="180" weeks="01111111111111110"/>
    <class days="0101000" id="5358" room="378" start="162" weeks="01111111111111110"/>
    <class days="1010100" id="5359" room="314" start="138" weeks="01111111111111110"/>
    <class days="1010000" id="5360" room="689" start="114" weeks="01111111111111110"/>
    <class days="0000100" id="5361" room="132" start="114" weeks="01111111111111110"/>
    <class days="0000100" id="5362" room="132" start="126" weeks="01111111111111110"/>
    <class days="0101000" id="5363" room="372" start="144" weeks="01111111111111110"/>
    <class days="0101000" id="5364" room="689" start="162" weeks="01111111111111110"/>
    <class days="0101000" id="5365" room="543" start="126" weeks="01111111111111110"/>
    <class days="1010100" id="5366" room="245" start="126" weeks="01111111111111110"/>
    <class days="0010000" id="5367" room="543" start="222" weeks="01111111111111110"/>
    <class days="0001000" id="5368" room="245" start="162" weeks="01111111111111110"/>
    <class days="0100000" id="5369" room="245" start="162" weeks="01111111111111110"/>
    <class days="0000100" id="5370" start="105" weeks="01111111111111110"/>
    <class days="0010000" id="5371" start="144" weeks="01111111111111110"/>
    <class days="1000000" id="5372" start="144" weeks="01101111111111110"/>
    <class days="1000000" id="5373" start="105" weeks="01101111111111110"/>
    <class days="0010000" id="5374" start="105" weeks="01111111111111110"/>
    <class days="0000100" id="5375" start="99" weeks="01111111111111110"/>
    <class days="0010000" id="5376" start="138" weeks="01111111111111110"/>
    <class days="1000000" id="5377" start="138" weeks="01101111111111110"/>
    <class days="1000000" id="5378" start="99" weeks="01101111111111110"/>
    <class days="0010000" id="5379" start="99" weeks="01111111111111110"/>
    <class days="0000100" id="5380" start="141" weeks="01111111111111110"/>
    <class days="0010000" id="5381" start="180" weeks="01111111111111110"/>
    <class days="1000000" id="5382" start="180" weeks="01101111111111110"/>
    <class days="1000000" id="5383" start="141" weeks="01101111111111110"/>
    <class days="0010000" id="5384" start="141" weeks="01111111111111110"/>
    <class days="0101000" id="5385" room="245" start="150" weeks="01111111111111110"/>
    <class days="1000000" id="5386" room="159" start="174" weeks="01101111111111110"/>
    <class days="0010000" id="5387" room="159" start="102" weeks="01111111111111110"/>
    <class days="0000100" id="5388" room="159" start="174" weeks="01111111111111110"/>
    <class days="0100000" id="5389" room="159" start="174" weeks="01111111111111110"/>
    <class days="0001000" id="5390" room="159" start="102" weeks="01111111111111110"/>
    <class days="0100000" id="5391" room="159" start="102" weeks="01111111111111110"/>
    <class days="0010000" id="5392" room="159" start="174" weeks="01111111111111110"/>
    <class days="1000000" id="5393" room="159" start="102" weeks="01101111111111110"/>
    <class days="0000100" id="5394" room="159" start="102" weeks="01111111111111110"/>
    <class days="0001000" id="5395" room="159" start="174" weeks="01111111111111110"/>
    <class days="1010000" id="5396" room="689" start="126" weeks="01111111111111110"/>
    <class days="0100000" id="5397" room="25" start="126" weeks="01111111111111110"/>
    <class days="0010000" id="5398" room="25" start="102" weeks="01111111111111110"/>
    <class days="0101000" id="5399" room="554" start="198" weeks="01111111111111110"/>
    <class days="0100000" id="5400" room="721" start="186" weeks="01111111111111110"/>
    <class days="1010100" id="5401" room="554" start="162" weeks="01111111111111110"/>
    <class days="0000100" id="5402" room="673" start="162" weeks="01111111111111110"/>
    <class days="1010100" id="5403" room="48" start="114" weeks="01111111111111110"/>
    <class days="0101000" id="5404" room="305" start="108" weeks="01111111111111110"/>
    <class days="1010100" id="5405" room="48" start="126" weeks="01111111111111110"/>
    <class days="0101000" id="5406" room="596" start="126" weeks="01111111111111110"/>
    <class days="0101000" id="5407" room="414" start="180" weeks="01111111111111110"/>
    <class days="1000000" id="5408" room="661" start="258" weeks="01101111111111110"/>
    <class days="1000000" id="5409" start="258" weeks="01101111111111110"/>
    <class days="0001000" id="5410" room="661" start="216" weeks="01111111111111110"/>
    <class days="1010100" id="5411" room="407" start="150" weeks="01111111111111110"/>
    <class days="1010100" id="5412" room="298" start="102" weeks="01111111111111110"/>
    <class days="0101000" id="5413" room="106" start="126" weeks="01111111111111110"/>
    <class days="0101000" id="5414" room="716" start="180" weeks="01111111111111110"/>
    <class days="0101000" id="5415" room="130" start="180" weeks="01111111111111110"/>
    <class days="0101000" id="5416" room="130" start="180" weeks="01111111111111110"/>
    <class days="0101000" id="5417" room="130" start="108" weeks="01111111111111110"/>
    <class days="1010100" id="5418" room="237" start="114" weeks="01111111111111110"/>
    <class days="1010100" id="5419" room="65" start="102" weeks="01111111111111110"/>
    <class days="1010100" id="5420" room="120" start="198" weeks="01111111111111110"/>
    <class days="0101000" id="5421" room="313" start="90" weeks="01111111111111110"/>
    <class days="0101000" id="5422" room="130" start="198" weeks="01111111111111110"/>
    <class days="0101000" id="5423" room="707" start="198" weeks="01111111111111110"/>
    <class days="0101000" id="5424" room="645" start="144" weeks="01111111111111110"/>
    <class days="0101000" id="5425" room="707" start="144" weeks="01111111111111110"/>
    <class days="0101000" id="5426" room="130" start="126" weeks="01111111111111110"/>
    <class days="0101000" id="5427" room="130" start="162" weeks="01111111111111110"/>
    <class days="1010100" id="5428" room="65" start="114" weeks="01111111111111110"/>
    <class days="0101000" id="5429" room="130" start="144" weeks="01111111111111110"/>
    <class days="1010100" id="5430" room="707" start="114" weeks="01111111111111110"/>
    <class days="0101000" id="5431" room="567" start="126" weeks="01111111111111110"/>
    <class days="0101000" id="5432" room="65" start="126" weeks="01111111111111110"/>
    <class days="0101000" id="5433" room="65" start="144" weeks="01111111111111110"/>
    <class days="1010100" id="5434" room="65" start="162" weeks="01111111111111110"/>
    <class days="0101000" id="5435" room="65" start="162" weeks="01111111111111110"/>
    <class days="1010100" id="5436" room="65" start="150" weeks="01111111111111110"/>
    <class days="0101000" id="5437" room="707" start="162" weeks="01111111111111110"/>
    <class days="0101000" id="5438" room="65" start="198" weeks="01111111111111110"/>
    <class days="1010100" id="5439" room="65" start="174" weeks="01111111111111110"/>
    <class days="0101000" id="5440" room="65" start="180" weeks="01111111111111110"/>
    <class days="1010100" id="5441" room="130" start="162" weeks="01111111111111110"/>
    <class days="1010100" id="5442" room="237" start="174" weeks="01111111111111110"/>
    <class days="1010100" id="5443" room="130" start="174" weeks="01111111111111110"/>
    <class days="1010100" id="5444" room="65" start="138" weeks="01111111111111110"/>
    <class days="0101000" id="5445" room="213" start="108" weeks="01111111111111110"/>
    <class days="0101000" id="5446" room="645" start="162" weeks="01111111111111110"/>
    <class days="0101000" id="5447" room="65" start="108" weeks="01111111111111110"/>
    <class days="0101000" id="5448" room="394" start="144" weeks="01111111111111110"/>
    <class days="1010100" id="5449" room="394" start="126" weeks="01111111111111110"/>
    <class days="0101000" id="5450" room="707" start="108" weeks="01111111111111110"/>
    <class days="1010100" id="5451" room="707" start="126" weeks="01111111111111110"/>
    <class days="0101000" id="5452" room="707" start="180" weeks="01111111111111110"/>
    <class days="1010100" id="5453" room="707" start="150" weeks="01111111111111110"/>
    <class days="0101000" id="5454" room="707" start="126" weeks="01111111111111110"/>
    <class days="1010100" id="5455" room="394" start="162" weeks="01111111111111110"/>
    <class days="1000000" id="5456" room="394" start="186" weeks="01101111111111110"/>
    <class days="0100000" id="5457" room="394" start="222" weeks="01111111111111110"/>
    <class days="0010000" id="5458" room="394" start="222" weeks="01111111111111110"/>
    <class days="0010000" id="5459" room="394" start="186" weeks="01111111111111110"/>
    <class days="0101000" id="5460" room="587" start="108" weeks="01111111111111110"/>
    <class days="0100000" id="5461" room="745" start="90" weeks="01111111111111110"/>
    <class days="0010000" id="5462" room="587" start="138" weeks="01111111111111110"/>
    <class days="1000000" id="5463" room="23" start="138" weeks="01101111111111110"/>
    <class days="0100000" id="5464" room="692" start="162" weeks="01111111111111110"/>
    <class days="0101000" id="5465" room="353" start="180" weeks="01111111111111110"/>
    <class days="1000000" id="5466" room="278" start="126" weeks="01101111111111110"/>
    <class days="0010100" id="5467" room="278" start="126" weeks="01111111111111110"/>
    <class days="1010000" id="5468" room="278" start="150" weeks="01111111111111110"/>
    <class days="0100000" id="5469" room="290" start="138" weeks="01111111111111110"/>
    <class days="0000100" id="5470" room="541" start="186" weeks="01111111111111110"/>
    <class days="0100000" id="5471" room="541" start="114" weeks="01111111111111110"/>
    <class days="1010100" id="5472" room="480" start="114" weeks="01111111111111110"/>
    <class days="1000100" id="5473" room="9" start="138" weeks="01111111111111110"/>
    <class days="1000000" id="5474" room="541" start="108" weeks="01101111111111110"/>
    <class days="0001000" id="5475" room="541" start="132" weeks="01111111111111110"/>
    <class days="1000000" id="5476" room="541" start="174" weeks="01101111111111110"/>
    <class days="0001000" id="5477" room="197" start="102" weeks="01111111111111110"/>
    <class days="0001000" id="5478" room="692" start="162" weeks="01111111111111110"/>
    <class days="0101000" id="5479" room="436" start="186" weeks="01111111111111110"/>
    <class days="0010000" id="5480" room="419" start="186" weeks="01111111111111110"/>
    <class days="0000100" id="5481" room="353" start="138" weeks="01111111111111110"/>
    <class days="1010100" id="5482" room="692" start="90" weeks="01111111111111110"/>
    <class days="1010100" id="5483" room="692" start="102" weeks="01111111111111110"/>
    <class days="0100000" id="5484" room="692" start="102" weeks="01111111111111110"/>
    <class days="0001000" id="5485" room="692" start="102" weeks="01111111111111110"/>
    <class days="1000000" id="5486" room="319" start="102" weeks="01101111111111110"/>
    <class days="0010000" id="5487" room="370" start="102" weeks="01111111111111110"/>
    <class days="0010000" id="5488" start="114" weeks="01111111111111110"/>
    <class days="0000100" id="5489" room="269" start="102" weeks="01111111111111110"/>
    <class days="0000100" id="5490" start="114" weeks="01111111111111110"/>
    <class days="1010100" id="5491" room="319" start="150" weeks="01111111111111110"/>
    <class days="0100000" id="5492" room="278" start="114" weeks="01111111111111110"/>
    <class days="0001000" id="5493" room="269" start="114" weeks="01111111111111110"/>
    <class days="1010000" id="5494" room="278" start="114" weeks="01111111111111110"/>
    <class days="1010000" id="5495" room="269" start="126" weeks="01111111111111110"/>
    <class days="0101000" id="5496" room="278" start="126" weeks="01111111111111110"/>
    <class days="0101000" id="5497" room="745" start="186" weeks="01111111111111110"/>
    <class days="0001000" id="5498" room="563" start="162" weeks="01111111111111110"/>
    <class days="0010000" id="5499" room="563" start="114" weeks="01111111111111110"/>
    <class days="0000100" id="5500" room="563" start="90" weeks="01111111111111110"/>
    <class days="0100000" id="5501" room="563" start="162" weeks="01111111111111110"/>
    <class days="0000100" id="5502" room="563" start="114" weeks="01111111111111110"/>
    <class days="0010000" id="5503" room="563" start="162" weeks="01111111111111110"/>
    <class days="0010000" id="5504" room="563" start="90" weeks="01111111111111110"/>
    <class days="1000000" id="5505" room="563" start="138" weeks="01101111111111110"/>
    <class days="0101000" id="5506" room="255" start="126" weeks="01111111111111110"/>
    <class days="0001000" id="5507" room="563" start="138" weeks="01111111111111110"/>
    <class days="1000000" id="5508" room="563" start="114" weeks="01101111111111110"/>
    <class days="1000000" id="5509" room="563" start="186" weeks="01101111111111110"/>
    <class days="1000000" id="5510" room="563" start="90" weeks="01101111111111110"/>
    <class days="1000000" id="5511" room="563" start="162" weeks="01101111111111110"/>
    <class days="0101000" id="5512" room="602" start="144" weeks="01111111111111110"/>
    <class days="0010000" id="5513" room="692" start="162" weeks="01111111111111110"/>
    <class days="1010100" id="5514" room="319" start="114" weeks="01111111111111110"/>
    <class days="0000100" id="5515" room="278" start="162" weeks="01111111111111110"/>
    <class days="1000000" id="5516" room="319" start="162" weeks="01101111111111110"/>
    <class days="0101000" id="5517" room="563" start="186" weeks="01111111111111110"/>
    <class days="0101000" id="5518" room="563" start="90" weeks="01111111111111110"/>
    <class days="0010100" id="5519" room="563" start="138" weeks="01111111111111110"/>
    <class days="0101000" id="5520" room="319" start="144" weeks="01111111111111110"/>
    <class days="0101000" id="5521" room="319" start="162" weeks="01111111111111110"/>
    <class days="1010100" id="5522" room="745" start="162" weeks="01111111111111110"/>
    <class days="0101000" id="5523" room="319" start="180" weeks="01111111111111110"/>
    <class days="1010000" id="5524" start="126" weeks="01111111111111110"/>
    <class days="0100000" id="5525" start="150" weeks="01111111111111110"/>
    <class days="0100000" id="5526" start="150" weeks="01111111111111110"/>
    <class days="0100000" id="5527" start="150" weeks="01111111111111110"/>
    <class days="0100000" id="5528" start="108" weeks="01111111111111110"/>
    <class days="0100000" id="5529" start="108" weeks="01111111111111110"/>
    <class days="0100000" id="5530" start="108" weeks="01111111111111110"/>
    <class days="0100000" id="5531" start="138" weeks="01111111111111110"/>
    <class days="0100000" id="5532" start="138" weeks="01111111111111110"/>
    <class days="0100000" id="5533" start="138" weeks="01111111111111110"/>
    <class days="0101000" id="5534" room="255" start="108" weeks="01111111111111110"/>
    <class days="0101000" id="5535" room="278" start="108" weeks="01111111111111110"/>
    <class days="0101000" id="5536" room="255" start="162" weeks="01111111111111110"/>
    <class days="1010100" id="5537" room="255" start="150" weeks="01111111111111110"/>
    <class days="0101000" id="5538" room="319" start="108" weeks="01111111111111110"/>
    <class days="0010000" id="5539" start="162" weeks="01111111111111110"/>
    <class days="0101000" id="5540" room="278" start="144" weeks="01111111111111110"/>
    <class days="1010000" id="5541" room="643" start="126" weeks="01111111111111110"/>
    <class days="1010000" id="5542" room="278" start="90" weeks="01111111111111110"/>
    <class days="0100000" id="5543" room="278" start="204" weeks="01111111111111110"/>
    <class days="1000000" id="5544" room="278" start="180" weeks="01101111111111110"/>
    <class days="1010000" id="5545" room="319" start="198" weeks="01111111111111110"/>
    <class days="0101000" id="5546" room="319" start="126" weeks="01111111111111110"/>
    <class days="0010000" id="5547" room="319" start="216" weeks="01111111111111110"/>
    <class days="1010000" id="5548" room="319" start="132" weeks="01111111111111110"/>
    <class days="1000000" id="5549" room="255" start="180" weeks="01101111111111110"/>
    <class days="0001000" id="5550" room="319" start="198" weeks="01111111111111110"/>
    <class days="1000000" id="5551" room="166" start="156" weeks="01101111111111110"/>
    <class days="0000100" id="5552" room="319" start="162" weeks="01111111111111110"/>
    <class days="0010000" id="5553" room="255" start="186" weeks="01111111111111110"/>
    <class days="0010000" id="5554" start="192" weeks="00101010101010100"/>
    <class days="1000100" id="5555" room="539" start="102" weeks="01111111100000000"/>
    <class days="1000100" id="5556" start="114" weeks="01111111100000000"/>
    <class days="1000100" id="5557" start="198" weeks="01111111100000000"/>
    <class days="0101000" id="5558" start="102" weeks="01111111100000000"/>
    <class days="0010100" id="5559" start="150" weeks="01111111100000000"/>
    <class days="1010000" id="5560" start="114" weeks="01111111100000000"/>
    <class days="0010100" id="5561" start="114" weeks="01111111100000000"/>
    <class days="0101000" id="5562" start="138" weeks="01111111100000000"/>
    <class days="1010000" id="5563" start="90" weeks="01111111100000000"/>
    <class days="0101000" id="5564" start="186" weeks="01111111100000000"/>
    <class days="0010100" id="5565" start="126" weeks="01111111100000000"/>
    <class days="1000100" id="5566" start="102" weeks="01111111100000000"/>
    <class days="0101000" id="5567" start="150" weeks="01111111100000000"/>
    <class days="1010000" id="5568" start="102" weeks="01111111100000000"/>
    <class days="0101000" id="5569" start="114" weeks="01111111100000000"/>
    <class days="1000100" id="5570" start="150" weeks="01111111100000000"/>
    <class days="1000100" id="5571" start="150" weeks="01111111100000000"/>
    <class days="0010100" id="5572" start="174" weeks="01111111100000000"/>
    <class days="1010000" id="5573" start="138" weeks="01111111100000000"/>
    <class days="0010100" id="5574" start="90" weeks="01111111100000000"/>
    <class days="1000100" id="5575" start="126" weeks="01111111100000000"/>
    <class days="1010000" id="5576" start="138" weeks="01111111100000000"/>
    <class days="0010100" id="5577" start="138" weeks="01111111100000000"/>
    <class days="0101000" id="5578" start="150" weeks="01111111100000000"/>
    <class days="0010100" id="5579" start="174" weeks="01111111100000000"/>
    <class days="0101000" id="5580" start="186" weeks="01111111100000000"/>
    <class days="0101000" id="5581" start="138" weeks="01111111100000000"/>
    <class days="1010000" id="5582" start="90" weeks="01111111100000000"/>
    <class days="0010100" id="5583" start="90" weeks="01111111100000000"/>
    <class days="0101000" id="5584" start="150" weeks="01111111100000000"/>
    <class days="1000100" id="5585" start="126" weeks="01111111100000000"/>
    <class days="0101000" id="5586" start="102" weeks="01111111100000000"/>
    <class days="0010100" id="5587" start="126" weeks="01111111100000000"/>
    <class days="0101000" id="5588" room="241" start="198" weeks="01111111111111110"/>
    <class days="0101000" id="5589" room="241" start="90" weeks="01111111111111110"/>
    <class days="0101000" id="5590" room="241" start="126" weeks="01111111111111110"/>
    <class days="0101000" id="5591" room="232" start="126" weeks="01111111111111110"/>
    <class days="0101000" id="5592" room="241" start="108" weeks="01111111111111110"/>
    <class days="0101000" id="5593" room="238" start="180" weeks="01111111111111110"/>
    <class days="0100000" id="5594" room="539" start="162" weeks="01111111111111110"/>
    <class days="0001000" id="5595" room="539" start="162" weeks="01111111111111110"/>
    <class days="0101000" id="5596" room="532" start="162" weeks="01111111100000000"/>
    <class days="0101000" id="5597" room="238" start="144" weeks="01111111100000000"/>
    <class days="1000000" id="5598" room="241" start="138" weeks="01101111111111110"/>
    <class days="0000100" id="5599" room="241" start="138" weeks="01111111111111110"/>
    <class days="0101000" id="5600" room="532" start="108" weeks="01111111111111110"/>
    <class days="0100000" id="5601" room="241" start="150" weeks="01111111100000000"/>
    <class days="0000100" id="5602" room="241" start="150" weeks="01111111100000000"/>
    <class days="1000000" id="5603" room="238" start="174" weeks="01101111100000000"/>
    <class days="0000100" id="5604" room="242" start="114" weeks="01111111100000000"/>
    <class days="0100000" id="5605" room="242" start="150" weeks="01111111100000000"/>
    <class days="0000100" id="5606" room="232" start="102" weeks="01111111100000000"/>
    <class days="0000100" id="5607" room="242" start="138" weeks="01111111100000000"/>
    <class days="0000100" id="5608" room="238" start="150" weeks="01111111100000000"/>
    <class days="0000100" id="5609" room="232" start="162" weeks="01111111100000000"/>
    <class days="0001000" id="5610" room="242" start="150" weeks="01111111100000000"/>
    <class days="0001000" id="5611" room="179" start="150" weeks="01111111100000000"/>
    <class days="1010000" id="5612" start="102" weeks="01111111100000000"/>
    <class days="1010000" id="5613" start="114" weeks="01111111100000000"/>
    <class days="1010000" id="5614" start="138" weeks="01111111100000000"/>
    <class days="1010000" id="5615" start="150" weeks="01111111100000000"/>
    <class days="1010000" id="5616" start="174" weeks="01111111100000000"/>
    <class days="1010000" id="5617" start="186" weeks="01111111100000000"/>
    <class days="1010000" id="5618" start="126" weeks="01111111100000000"/>
    <class days="1010000" id="5619" start="138" weeks="01111111100000000"/>
    <class days="1010000" id="5620" start="162" weeks="01111111100000000"/>
    <class days="1010000" id="5621" start="114" weeks="01111111100000000"/>
    <class days="1010000" id="5622" start="126" weeks="01111111100000000"/>
    <class days="1010000" id="5623" start="150" weeks="01111111100000000"/>
    <class days="1010000" id="5624" start="126" weeks="01111111100000000"/>
    <class days="1010000" id="5625" start="138" weeks="01111111100000000"/>
    <class days="1010000" id="5626" start="162" weeks="01111111100000000"/>
    <class days="1010000" id="5627" start="102" weeks="01111111100000000"/>
    <class days="1010000" id="5628" start="114" weeks="01111111100000000"/>
    <class days="1010000" id="5629" start="138" weeks="01111111100000000"/>
    <class days="0101000" id="5630" start="114" weeks="01111111100000000"/>
    <class days="0101000" id="5631" start="126" weeks="01111111100000000"/>
    <class days="0101000" id="5632" start="138" weeks="01111111100000000"/>
    <class days="1010000" id="5633" start="150" weeks="01111111100000000"/>
    <class days="1010000" id="5634" start="186" weeks="01111111100000000"/>
    <class days="1010000" id="5635" start="198" weeks="01111111100000000"/>
    <class days="1010000" id="5636" start="126" weeks="01111111100000000"/>
    <class days="1010000" id="5637" start="150" weeks="01111111100000000"/>
    <class days="1010000" id="5638" start="162" weeks="01111111100000000"/>
    <class days="1010000" id="5639" start="174" weeks="01111111100000000"/>
    <class days="1010000" id="5640" start="186" weeks="01111111100000000"/>
    <class days="0101000" id="5641" start="186" weeks="01111111100000000"/>
    <class days="0010100" id="5642" start="126" weeks="01111111100000000"/>
    <class days="0101000" id="5643" start="102" weeks="01111111100000000"/>
    <class days="1010000" id="5644" start="114" weeks="01111111100000000"/>
    <class days="0101000" id="5645" room="242" start="162" weeks="01111111100000000"/>
    <class days="0010000" id="5646" room="242" start="102" weeks="01111111111111110"/>
    <class days="1010100" id="5647" room="238" start="102" weeks="01111111111111110"/>
    <class days="0101000" id="5648" room="232" start="144" weeks="01111111111111110"/>
    <class days="0101000" id="5649" room="532" start="180" weeks="01111111111111110"/>
    <class days="0101000" id="5650" room="238" start="126" weeks="01111111111111110"/>
    <class days="0010000" id="5651" room="242" start="186" weeks="01111111111111110"/>
    <class days="1000000" id="5652" room="74" start="138" weeks="01101111111111110"/>
    <class days="1000000" id="5653" room="74" start="162" weeks="01101111111111110"/>
    <class days="0100000" id="5654" room="74" start="186" weeks="01111111111111110"/>
    <class days="1000000" id="5655" room="74" start="186" weeks="01101111111111110"/>
    <class days="0010000" id="5656" room="74" start="162" weeks="01111111111111110"/>
    <class days="1010000" id="5657" room="748" start="198" weeks="01111111111111110"/>
    <class days="0100000" id="5658" room="74" start="126" weeks="01111111111111110"/>
    <class days="0010000" id="5659" room="74" start="114" weeks="01111111111111110"/>
    <class days="0001000" id="5660" room="74" start="126" weeks="01111111111111110"/>
    <class days="0101000" id="5661" room="287" start="114" weeks="01111111111111110"/>
    <class days="0010000" id="5662" room="74" start="186" weeks="01111111111111110"/>
    <class days="0100000" id="5663" room="95" start="186" weeks="01111111111111110"/>
    <class days="1000000" id="5664" room="378" start="174" weeks="01101111111111110"/>
    <class days="0101000" id="5665" room="558" start="174" weeks="01111111111111110"/>
    <class days="0001000" id="5666" room="74" start="186" weeks="01111111111111110"/>
    <class days="0001000" id="5667" room="74" start="198" weeks="01111111111111110"/>
    <class days="0001000" id="5668" room="74" start="90" weeks="01111111111111110"/>
    <class days="1000000" id="5669" room="256" start="174" weeks="01101111111111110"/>
    <class days="0010000" id="5670" room="256" start="126" weeks="01111111111111110"/>
    <class days="0100000" id="5671" room="256" start="102" weeks="01111111111111110"/>
    <class days="0100000" id="5672" start="132" weeks="01111111111111110"/>
    <class days="1000000" id="5673" start="186" weeks="01101111111111110"/>
    <class days="0001000" id="5674" start="108" weeks="01111111111111110"/>
    <class days="0100000" id="5675" room="73" start="138" weeks="01111111100000000"/>
    <class days="0100000" id="5676" room="73" start="204" weeks="01111111111111110"/>
    <class days="0101000" id="5677" room="703" start="90" weeks="01111111111111110"/>
    <class days="0000100" id="5678" room="74" start="114" weeks="01111111111111110"/>
    <class days="0010000" id="5679" room="73" start="174" weeks="01111111111111110"/>
    <class days="1010000" id="5680" room="73" start="162" weeks="01111111111111110"/>
    <class days="1010000" id="5681" room="123" start="174" weeks="01111111111111110"/>
    <class days="0001000" id="5682" room="256" start="114" weeks="01111111111111110"/>
    <class days="0001000" id="5683" room="256" start="162" weeks="01111111111111110"/>
    <class days="0000100" id="5684" room="256" start="114" weeks="01111111111111110"/>
    <class days="0000100" id="5685" room="256" start="162" weeks="01111111111111110"/>
    <class days="0100000" id="5686" room="256" start="114" weeks="01111111111111110"/>
    <class days="0101000" id="5687" room="408" start="162" weeks="01111111111111110"/>
    <class days="0001000" id="5688" room="73" start="138" weeks="01111111111111110"/>
    <class days="1000000" id="5689" room="256" start="126" weeks="01101111111111110"/>
    <class days="0010000" id="5690" room="171" start="186" weeks="01111111111111110"/>
    <class days="0001000" id="5691" room="73" start="126" weeks="01111111111111110"/>
    <class days="0001000" id="5692" room="667" start="174" weeks="01111111111111110"/>
    <class days="0101000" id="5693" room="295" start="162" weeks="01111111111111110"/>
    <class days="0010000" id="5694" room="696" start="168" weeks="01111111111111110"/>
    <class days="1000000" id="5695" room="320" start="90" weeks="01101111111111110"/>
    <class days="0101000" id="5696" room="378" start="126" weeks="01111111111111110"/>
    <class days="0100000" id="5697" room="194" start="126" weeks="01000100010001000"/>
    <class days="0000100" id="5698" room="635" start="90" weeks="01111111111111110"/>
    <class days="0101000" id="5699" room="641" start="144" weeks="01111111111111110"/>
    <class days="0101000" id="5700" room="635" start="90" weeks="01111111111111110"/>
    <class days="0101000" id="5701" room="52" start="162" weeks="01111111111111110"/>
    <class days="1010000" id="5702" room="635" start="174" weeks="01111111111111110"/>
    <class days="0101000" id="5703" room="635" start="162" weeks="01111111111111110"/>
    <class days="0101000" id="5704" room="635" start="180" weeks="01111111111111110"/>
    <class days="0101000" id="5705" room="635" start="108" weeks="01111111111111110"/>
    <class days="0000100" id="5706" room="336" start="162" weeks="01111111111111110"/>
    <class days="0101000" id="5707" room="126" start="162" weeks="01111111111111110"/>
    <class days="1000000" id="5708" room="635" start="138" weeks="01000101010101010"/>
    <class days="0101000" id="5709" room="635" start="126" weeks="01111111111111110"/>
    <class days="0101000" id="5710" room="635" start="144" weeks="01111111111111110"/>
    <class days="0100000" id="5711" room="126" start="216" weeks="01111111111111110"/>
    <class days="0101000" id="5712" room="745" start="126" weeks="01111111111111110"/>
    <class days="0010000" id="5713" room="635" start="138" weeks="01111100000000000"/>
    <class days="0010000" id="5714" room="502" start="162" weeks="01111111111111110"/>
    <class days="0010000" id="5715" room="502" start="258" weeks="01111111111111110"/>
    <class days="0000100" id="5716" room="237" start="126" weeks="01111111111111110"/>
    <class days="0101000" id="5717" room="55" start="90" weeks="01111100000000000"/>
    <class days="0101000" id="5718" room="55" start="180" weeks="01111100000000000"/>
    <class days="0010000" id="5719" room="55" start="234" weeks="01111111111111110"/>
    <class days="0101000" id="5720" room="55" start="198" weeks="01111111111111110"/>
    <class days="0101000" id="5721" room="200" start="216" weeks="01111111111111110"/>
    <class days="0101000" id="5722" room="200" start="144" weeks="01111111111111110"/>
    <class days="1010100" id="5723" room="200" start="102" weeks="01111111111111110"/>
    <class days="0101000" id="5724" room="121" start="138" weeks="01111111111111110"/>
    <class days="0101000" id="5725" room="353" start="162" weeks="01111111111111110"/>
    <class days="1000000" id="5726" room="193" start="162" weeks="01100101010101000"/>
    <class days="0100000" id="5727" start="162" weeks="01101010101010000"/>
    <class days="0010000" id="5728" start="162" weeks="01101010101010000"/>
    <class days="0001000" id="5729" start="162" weeks="01101010101010000"/>
    <class days="1000000" id="5730" start="162" weeks="01001010101010100"/>
    <class days="0100000" id="5731" start="162" weeks="01010101010101000"/>
    <class days="0010000" id="5732" start="162" weeks="01010101010101000"/>
    <class days="0001000" id="5733" start="162" weeks="01010101010101000"/>
    <class days="1000000" id="5734" start="102" weeks="01100101010101000"/>
    <class days="0100000" id="5735" start="102" weeks="01101010101010000"/>
    <class days="0010000" id="5736" start="102" weeks="01101010101010000"/>
    <class days="0001000" id="5737" start="102" weeks="01101010101010000"/>
    <class days="1000000" id="5738" start="102" weeks="01001010101010100"/>
    <class days="0100000" id="5739" start="102" weeks="01010101010101000"/>
    <class days="0010000" id="5740" start="102" weeks="01010101010101000"/>
    <class days="0001000" id="5741" start="102" weeks="01010101010101000"/>
    <class days="1010100" id="5742" room="200" start="150" weeks="01111111111111110"/>
    <class days="0010000" id="5743" room="200" start="216" weeks="01111111111111110"/>
    <class days="0101000" id="5744" room="200" start="162" weeks="01111111111111110"/>
    <class days="0101000" id="5745" room="567" start="162" weeks="01111111111111110"/>
    <class days="0101000" id="5746" room="55" start="162" weeks="01111111111111110"/>
    <class days="0100000" id="5747" room="201" start="216" weeks="01111111111111110"/>
    <class days="0100000" id="5748" room="637" start="102" weeks="01111111111111110"/>
    <class days="0010000" id="5749" start="102" weeks="01111111111111110"/>
    <class days="0001000" id="5750" start="102" weeks="01111111111111110"/>
    <class days="0000100" id="5751" start="102" weeks="01111111111111110"/>
    <class days="0100000" id="5752" start="186" weeks="01111111111111110"/>
    <class days="0010000" id="5753" start="186" weeks="01111111111111110"/>
    <class days="0001000" id="5754" start="186" weeks="01111111111111110"/>
    <class days="0000100" id="5755" start="186" weeks="01111111111111110"/>
    <class days="1000000" id="5756" room="200" start="174" weeks="01101111111111110"/>
    <class days="1010100" id="5757" room="200" start="162" weeks="01111111111111110"/>
    <class days="0001000" id="5758" room="137" start="186" weeks="01111111100000000"/>
    <class days="1010100" id="5759" room="200" start="90" weeks="01111111111111110"/>
    <class days="1010100" id="5760" room="200" start="198" weeks="01111111111111110"/>
    <class days="1010100" id="5761" room="55" start="186" weeks="01111111111111110"/>
    <class days="1010100" id="5762" room="55" start="90" weeks="01111111111111110"/>
    <class days="1010100" id="5763" room="201" start="186" weeks="01111111111111110"/>
    <class days="1010100" id="5764" room="200" start="114" weeks="01111111111111110"/>
    <class days="1010100" id="5765" room="200" start="138" weeks="01111111111111110"/>
    <class days="0101000" id="5766" room="200" start="90" weeks="01111111111111110"/>
    <class days="0010000" id="5767" room="55" start="150" weeks="01000001010000100"/>
    <class days="0000010" id="5768" room="55" start="108" weeks="00011000000000000"/>
    <class days="1010100" id="5769" room="200" start="186" weeks="01111111111111110"/>
    <class days="1000000" id="5770" room="55" start="228" weeks="01101111111000000"/>
    <class days="1000000" id="5771" room="200" start="216" weeks="01101111111111110"/>
    <class days="1000000" id="5772" room="200" start="228" weeks="01101111111111110"/>
    <class days="1000000" id="5773" room="55" start="102" weeks="01101111111111110"/>
    <class days="1000000" id="5774" room="55" start="150" weeks="01101111111111110"/>
    <class days="0100000" id="5775" start="96" weeks="01111111111111110"/>
    <class days="0010000" id="5776" start="96" weeks="01111111111111110"/>
    <class days="0001000" id="5777" start="96" weeks="01111111111111110"/>
    <class days="0000100" id="5778" start="96" weeks="01111111111111110"/>
    <class days="0100000" id="5779" start="180" weeks="01111111111111110"/>
    <class days="0010000" id="5780" start="180" weeks="01111111111111110"/>
    <class days="0001000" id="5781" start="180" weeks="01111111111111110"/>
    <class days="0000100" id="5782" start="180" weeks="01111111111111110"/>
    <class days="0101000" id="5783" room="55" start="126" weeks="01111111111111110"/>
    <class days="0101000" id="5784" room="201" start="180" weeks="01111111111111110"/>
    <class days="1010000" id="5785" room="201" start="138" weeks="01111111111111110"/>
    <class days="0001000" id="5786" room="517" start="138" weeks="01111111111111110"/>
    <class days="1010100" id="5787" room="697" start="90" weeks="01111111111111110"/>
    <class days="0101000" id="5788" room="201" start="162" weeks="01111111111111110"/>
    <class days="1010100" id="5789" room="55" start="126" weeks="01111111111111110"/>
    <class days="1010100" id="5790" room="201" start="162" weeks="01111111111111110"/>
    <class days="0101000" id="5791" room="201" start="126" weeks="01111111111111110"/>
    <class days="0010000" id="5792" room="55" start="198" weeks="01111111111111110"/>
    <class days="1010100" id="5793" room="201" start="114" weeks="01111111111111110"/>
    <class days="0101000" id="5794" room="201" start="144" weeks="01111111111111110"/>
    <class days="0100000" id="5795" room="260" start="102" weeks="01111111111111110"/>
    <class days="1010100" id="5796" room="216" start="162" weeks="00000011111000000"/>
    <class days="1010100" id="5797" room="216" start="162" weeks="00000000000111110"/>
    <class days="1010100" id="5798" room="260" start="90" weeks="01111100000000000"/>
    <class days="0101000" id="5799" room="260" start="180" weeks="01111111111111110"/>
    <class days="0010000" id="5800" room="641" start="174" weeks="01111111111111110"/>
    <class days="1010100" id="5801" room="661" start="138" weeks="01111111111111110"/>
    <class days="1010100" id="5802" room="41" start="150" weeks="01111111111111110"/>
    <class days="1010000" id="5803" room="468" start="126" weeks="01111111111111110"/>
    <class days="0001000" id="5804" room="207" start="90" weeks="01111111111111110"/>
    <class days="0000100" id="5805" room="207" start="186" weeks="01111111111111110"/>
    <class days="0000100" id="5806" room="207" start="162" weeks="01111111111111110"/>
    <class days="0100000" id="5807" room="207" start="162" weeks="01111111111111110"/>
    <class days="0001000" id="5808" room="207" start="114" weeks="01111111111111110"/>
    <class days="0100000" id="5809" room="471" start="126" weeks="01111111111111110"/>
    <class days="1010100" id="5810" room="194" start="174" weeks="01111111111111110"/>
    <class days="0101000" id="5811" room="237" start="162" weeks="01111111111111110"/>
    <class days="1010100" id="5812" room="373" start="174" weeks="01111111111111110"/>
    <class days="1010100" id="5813" room="408" start="90" weeks="01111111111111110"/>
    <class days="1010100" id="5814" room="378" start="90" weeks="01111111111111110"/>
    <class days="0101000" id="5815" room="407" start="162" weeks="01111111111111110"/>
    <class days="0010100" id="5816" room="324" start="138" weeks="01111111111111110"/>
    <class days="0100000" id="5817" room="594" start="114" weeks="01111111111111110"/>
    <class days="0000100" id="5818" room="594" start="114" weeks="01111111111111110"/>
    <class days="0000100" id="5819" room="594" start="186" weeks="01111111111111110"/>
    <class days="0001000" id="5820" room="594" start="114" weeks="01111111111111110"/>
    <class days="0100000" id="5821" room="594" start="90" weeks="01111111111111110"/>
    <class days="0101000" id="5822" room="373" start="144" weeks="01111111111111110"/>
    <class days="0010100" id="5823" room="733" start="150" weeks="01111111111111110"/>
    <class days="0100000" id="5824" room="592" start="114" weeks="01111111111111110"/>
    <class days="0010000" id="5825" room="592" start="162" weeks="01111111111111110"/>
    <class days="0001000" id="5826" room="592" start="138" weeks="01111111111111110"/>
    <class days="0101000" id="5827" room="363" start="162" weeks="01111111111111110"/>
    <class days="1010100" id="5828" room="324" start="126" weeks="01111111111111110"/>
    <class days="1000100" id="5829" room="353" start="198" weeks="01111111111111110"/>
    <class days="0100000" id="5830" room="353" start="198" weeks="01111111111111110"/>
    <class days="1000100" id="5831" room="41" start="186" weeks="01111111111111110"/>
    <class days="0100000" id="5832" room="407" start="186" weeks="01111111111111110"/>
    <class days="0101000" id="5833" room="709" start="126" weeks="01111111111111110"/>
    <class days="0101000" id="5834" room="41" start="108" weeks="01111111111111110"/>
    <class days="0101000" id="5835" room="284" start="108" weeks="01111111111111110"/>
    <class days="0101000" id="5836" room="283" start="126" weeks="01111111111111110"/>
    <class days="1010100" id="5837" room="213" start="102" weeks="01111111111111110"/>
    <class days="1010100" id="5838" room="283" start="126" weeks="01111111111111110"/>
    <class days="1010100" id="5839" room="283" start="198" weeks="01111111111111110"/>
    <class days="1010100" id="5840" room="695" start="126" weeks="01111111111111110"/>
    <class days="0101000" id="5841" room="695" start="144" weeks="01111111111111110"/>
    <class days="1010100" id="5842" room="695" start="174" weeks="01111111111111110"/>
    <class days="1010000" id="5843" room="69" start="198" weeks="01111111111111110"/>
    <class days="0101000" id="5844" room="733" start="162" weeks="01111111111111110"/>
    <class days="0001000" id="5845" room="69" start="204" weeks="01111111111111110"/>
    <class days="0101000" id="5846" room="733" start="180" weeks="01111111111111110"/>
    <class days="0101000" id="5847" room="733" start="126" weeks="01111111111111110"/>
    <class days="1010100" id="5848" room="733" start="174" weeks="01111111111111110"/>
    <class days="0101000" id="5849" room="695" start="162" weeks="01111111111111110"/>
    <class days="1010100" id="5850" room="695" start="150" weeks="01111111111111110"/>
    <class days="0100000" id="5851" room="69" start="228" weeks="01111111111111110"/>
    <class days="1010100" id="5852" room="695" start="138" weeks="01111111111111110"/>
    <class days="1000000" id="5853" room="69" start="216" weeks="01101111111111110"/>
    <class days="0010000" id="5854" room="237" start="126" weeks="01111111111111110"/>
    <class days="0100000" id="5855" room="259" start="138" weeks="01111111111111110"/>
    <class days="0001000" id="5856" room="259" start="162" weeks="01111111111111110"/>
    <class days="0100000" id="5857" room="716" start="90" weeks="01111111111111110"/>
    <class days="1000000" id="5858" room="411" start="162" weeks="01101111111111110"/>
    <class days="0101000" id="5859" room="411" start="162" weeks="01111111111111110"/>
    <class days="0101000" id="5860" room="411" start="144" weeks="01111111111111110"/>
    <class days="0010000" id="5861" room="411" start="204" weeks="00100010001000100"/>
    <class days="0101000" id="5862" room="411" start="198" weeks="00000000011111110"/>
    <class days="0001000" id="5863" room="438" start="102" weeks="01111111111111110"/>
    <class days="0101000" id="5864" room="365" start="162" weeks="01111111111111110"/>
    <class days="0101000" id="5865" room="623" start="186" weeks="01111111111111110"/>
    <class days="0101000" id="5866" room="623" start="138" weeks="01111111111111110"/>
    <class days="0101000" id="5867" room="623" start="114" weeks="01111111111111110"/>
    <class days="1010100" id="5868" room="458" start="90" weeks="01111111111111110"/>
    <class days="0101000" id="5869" room="667" start="138" weeks="01111111111111110"/>
    <class days="0010000" id="5870" room="697" start="114" weeks="01111111111111110"/>
    <class days="1000000" id="5871" room="594" start="138" weeks="01101111111111110"/>
    <class days="1000000" id="5872" room="46" start="216" weeks="01101111111111110"/>
    <class days="1000000" id="5873" room="390" start="178" weeks="01101111111111110"/>
    <class days="0001000" id="5874" room="46" start="186" weeks="01111111111111110"/>
    <class days="0010000" id="5875" room="390" start="216" weeks="01111111111111110"/>
    <class days="1010100" id="5876" room="550" start="138" weeks="01111111111111110"/>
    <class days="1010100" id="5877" room="640" start="138" weeks="01111111111111110"/>
    <class days="1010100" id="5878" room="230" start="150" weeks="01111111111111110"/>
    <class days="1010100" id="5879" room="272" start="114" weeks="01111111111111110"/>
    <class days="1010100" id="5880" room="375" start="114" weeks="01111111111111110"/>
    <class days="1010100" id="5881" room="261" start="162" weeks="01111111111111110"/>
    <class days="1010100" id="5882" room="447" start="198" weeks="01111111111111110"/>
    <class days="1000000" id="5883" room="751" start="126" weeks="01101111111111110"/>
    <class days="0000100" id="5884" room="751" start="126" weeks="01111111111111110"/>
    <class days="1010100" id="5885" room="722" start="90" weeks="01111111111111110"/>
    <class days="1010100" id="5886" room="447" start="138" weeks="01111111111111110"/>
    <class days="0010000" id="5887" room="751" start="126" weeks="01111111111111110"/>
    <class days="0101000" id="5888" room="722" start="162" weeks="01111111111111110"/>
    <class days="1010100" id="5889" room="375" start="138" weeks="01111111111111110"/>
    <class days="0101000" id="5890" room="414" start="126" weeks="01111111111111110"/>
    <class days="0010000" id="5891" room="505" start="132" weeks="01111111111111110"/>
    <class days="1000000" id="5892" room="299" start="90" weeks="01101111111111110"/>
    <class days="1010100" id="5893" room="524" start="162" weeks="01111111111111110"/>
    <class days="0101000" id="5894" room="305" start="150" weeks="01111111111111110"/>
    <class days="0000100" id="5895" room="320" start="178" weeks="01111111111111110"/>
    <class days="1010100" id="5896" room="48" start="114" weeks="01111111111111110"/>
    <class days="1010100" id="5897" room="751" start="114" weeks="01111111111111110"/>
    <class days="1010100" id="5898" room="553" start="126" weeks="01111111111111110"/>
    <class days="1010100" id="5899" room="550" start="126" weeks="01111111111111110"/>
    <class days="1010100" id="5900" room="48" start="138" weeks="01111111111111110"/>
    <class days="1010100" id="5901" room="751" start="138" weeks="01111111111111110"/>
    <class days="1010100" id="5902" room="751" start="150" weeks="01111111111111110"/>
    <class days="1010100" id="5903" room="48" start="150" weeks="01111111111111110"/>
    <class days="1010100" id="5904" room="462" start="162" weeks="01111111111111110"/>
    <class days="1010100" id="5905" room="414" start="162" weeks="01111111111111110"/>
    <class days="1010100" id="5906" room="230" start="174" weeks="01111111111111110"/>
    <class days="1010100" id="5907" room="48" start="186" weeks="01111111111111110"/>
    <class days="1010100" id="5908" room="524" start="114" weeks="01111111111111110"/>
    <class days="1010100" id="5909" room="272" start="90" weeks="01111111111111110"/>
    <class days="1010100" id="5910" room="596" start="198" weeks="01111111111111110"/>
    <class days="1010100" id="5911" room="683" start="102" weeks="01111111111111110"/>
    <class days="1010100" id="5912" room="596" start="90" weeks="01111111111111110"/>
    <class days="1010100" id="5913" room="270" start="198" weeks="01111111111111110"/>
    <class days="1010100" id="5914" room="48" start="162" weeks="01111111111111110"/>
    <class days="1010100" id="5915" room="596" start="174" weeks="01111111111111110"/>
    <class days="1010100" id="5916" room="751" start="162" weeks="01111111111111110"/>
    <class days="1010100" id="5917" room="33" start="162" weeks="01111111111111110"/>
    <class days="0101000" id="5918" room="375" start="198" weeks="01111111111111110"/>
    <class days="1010100" id="5919" room="553" start="150" weeks="01111111111111110"/>
    <class days="0101000" id="5920" room="48" start="126" weeks="01111111111111110"/>
    <class days="0101000" id="5921" room="230" start="108" weeks="01111111111111110"/>
    <class days="1000100" id="5922" room="558" start="90" weeks="01111111111111110"/>
    <class days="0001000" id="5923" room="287" start="138" weeks="01111111111111110"/>
    <class days="0101000" id="5924" room="287" start="162" weeks="01111111111111110"/>
    <class days="0100000" id="5925" room="396" start="102" weeks="01111111111111110"/>
    <class days="0101000" id="5926" room="396" start="114" weeks="01111111111111110"/>
    <class days="0001000" id="5927" room="460" start="198" weeks="01111111111111110"/>
    <class days="0010100" id="5928" room="396" start="186" weeks="01111111111111110"/>
    <class days="0101000" id="5929" room="396" start="150" weeks="01111111111111110"/>
    <class days="1010100" id="5930" room="457" start="162" weeks="01111111111111110"/>
    <class days="1010100" id="5931" room="457" start="150" weeks="01111111111111110"/>
    <class days="0101000" id="5932" room="457" start="102" weeks="01111111111111110"/>
    <class days="0101000" id="5933" room="457" start="114" weeks="01111111111111110"/>
    <class days="0101000" id="5934" room="457" start="150" weeks="01111111111111110"/>
    <class days="0101000" id="5935" room="457" start="162" weeks="01111111111111110"/>
    <class days="1010100" id="5936" room="287" start="150" weeks="01111111111111110"/>
    <class days="1010100" id="5937" room="287" start="162" weeks="01111111111111110"/>
    <class days="1010000" id="5938" room="73" start="126" weeks="01111111111111110"/>
    <class days="0101000" id="5939" room="73" start="186" weeks="01111111111111110"/>
    <class days="1010100" id="5940" room="553" start="114" weeks="01111111111111110"/>
    <class days="1010100" id="5941" room="261" start="102" weeks="01111111111111110"/>
    <class days="0100000" id="5942" room="272" start="114" weeks="01111111111111110"/>
    <class days="0100000" id="5943" room="550" start="102" weeks="01111111111111110"/>
    <class days="1010100" id="5944" room="272" start="162" weeks="01111111111111110"/>
    <class days="1010100" id="5945" room="683" start="150" weeks="01111111111111110"/>
    <class days="0101000" id="5946" room="33" start="144" weeks="01111111111111110"/>
    <class days="0101000" id="5947" room="553" start="90" weeks="01111111111111110"/>
    <class days="0000100" id="5948" room="640" start="90" weeks="01111111111111110"/>
    <class days="1010000" id="5949" room="272" start="198" weeks="01111111111111110"/>
    <class days="0100000" id="5950" room="447" start="198" weeks="01111111111111110"/>
    <class days="0001000" id="5951" room="553" start="198" weeks="01111111111111110"/>
    <class days="0101000" id="5952" room="553" start="150" weeks="00111111111111110"/>
    <class days="0101000" id="5953" room="640" start="144" weeks="01111111111111110"/>
    <class days="0101000" id="5954" room="48" start="144" weeks="01111111111111110"/>
    <class days="1000000" id="5955" room="683" start="198" weeks="01101111111111110"/>
    <class days="0101000" id="5956" room="126" start="126" weeks="01111111111111110"/>
    <class days="0101000" id="5957" room="230" start="144" weeks="01111111111111110"/>
    <class days="0101000" id="5958" room="751" start="162" weeks="01111111111111110"/>
    <class days="1010100" id="5959" room="305" start="114" weeks="01111111111111110"/>
    <class days="0101000" id="5960" room="48" start="162" weeks="01111111111111110"/>
    <class days="0101000" id="5961" room="553" start="108" weeks="01111111111111110"/>
    <class days="0100000" id="5962" room="123" start="198" weeks="01111111111111110"/>
    <class days="1010100" id="5963" room="212" start="150" weeks="01111111111111110"/>
    <class days="0101000" id="5964" room="26" start="90" weeks="01111111111111110"/>
    <class days="0111100" id="5965" room="26" start="194" weeks="01111111111111110"/>
    <class days="0101000" id="5966" room="26" start="126" weeks="01111111111111110"/>
    <class days="0100000" id="5967" room="373" start="162" weeks="01111111111111110"/>
    <class days="1010100" id="5968" room="377" start="102" weeks="01111111111111110"/>
    <class days="1010100" id="5969" room="377" start="114" weeks="01111111111111110"/>
    <class days="1010100" id="5970" room="377" start="150" weeks="01111111111111110"/>
    <class days="1010100" id="5971" room="377" start="174" weeks="01111111111111110"/>
    <class days="1010100" id="5972" room="377" start="126" weeks="01111111111111110"/>
    <class days="1010100" id="5973" room="377" start="90" weeks="01111111111111110"/>
    <class days="1010100" id="5974" room="377" start="162" weeks="01111111111111110"/>
    <class days="1010100" id="5975" room="377" start="198" weeks="01111111111111110"/>
    <class days="1010100" id="5976" room="377" start="138" weeks="01111111111111110"/>
    <class days="1010100" id="5977" room="616" start="150" weeks="01111111111111110"/>
    <class days="1010100" id="5978" room="716" start="138" weeks="01111111111111110"/>
    <class days="1010100" id="5979" room="588" start="138" weeks="01111111111111110"/>
    <class days="1010100" id="5980" room="112" start="162" weeks="01111111111111110"/>
    <class days="1010100" id="5981" room="112" start="90" weeks="01111111111111110"/>
    <class days="1010100" id="5982" room="45" start="90" weeks="01111111111111110"/>
    <class days="1010100" id="5983" room="204" start="90" weeks="01111111111111110"/>
    <class days="1010100" id="5984" room="476" start="102" weeks="01111111111111110"/>
    <class days="1010100" id="5985" room="690" start="90" weeks="01111111111111110"/>
    <class days="1010100" id="5986" room="479" start="90" weeks="01111111111111110"/>
    <class days="1010100" id="5987" room="633" start="150" weeks="01111111111111110"/>
    <class days="1010100" id="5988" room="588" start="162" weeks="01111111111111110"/>
    <class days="1000000" id="5989" room="360" start="126" weeks="01101111111111110"/>
    <class days="1000000" id="5990" room="364" start="186" weeks="01101111111111110"/>
    <class days="0101000" id="5991" room="377" start="90" weeks="01111111111111110"/>
    <class days="0101000" id="5992" room="377" start="102" weeks="01111111111111110"/>
    <class days="0101000" id="5993" room="112" start="102" weeks="01111111111111110"/>
    <class days="0101000" id="5994" room="112" start="90" weeks="01111111111111110"/>
    <class days="0101000" id="5995" room="377" start="102" weeks="01111111111111110"/>
    <class days="0101000" id="5996" room="377" start="114" weeks="01111111111111110"/>
    <class days="0101000" id="5997" room="112" start="114" weeks="01111111111111110"/>
    <class days="0101000" id="5998" room="112" start="126" weeks="01111111111111110"/>
    <class days="1010100" id="5999" room="436" start="138" weeks="01111111111111110"/>
    <class days="1010100" id="6000" room="347" start="198" weeks="01111111111111110"/>
    <class days="1010100" id="6001" room="588" start="90" weeks="01111111111111110"/>
    <class days="1010100" id="6002" room="588" start="102" weeks="01111111111111110"/>
    <class days="1010100" id="6003" room="476" start="150" weeks="01111111111111110"/>
    <class days="1010100" id="6004" room="204" start="162" weeks="01111111111111110"/>
    <class days="1010100" id="6005" room="211" start="90" weeks="01111111111111110"/>
    <class days="1010100" id="6006" room="211" start="162" weeks="01111111111111110"/>
    <class days="1010100" id="6007" room="476" start="90" weeks="01111111111111110"/>
    <class days="1010100" id="6008" room="476" start="198" weeks="01111111111111110"/>
    <class days="1010100" id="6009" room="479" start="162" weeks="01111111111111110"/>
    <class days="1010100" id="6010" room="514" start="174" weeks="01111111111111110"/>
    <class days="1010100" id="6011" room="175" start="150" weeks="01111111111111110"/>
    <class days="1010100" id="6012" room="175" start="138" weeks="01111111111111110"/>
    <class days="1010100" id="6013" room="479" start="150" weeks="01111111111111110"/>
    <class days="1010100" id="6014" room="479" start="138" weeks="01111111111111110"/>
    <class days="1010000" id="6015" room="334" start="114" weeks="01111111111111110"/>
    <class days="1010000" id="6016" room="334" start="150" weeks="01111111111111110"/>
    <class days="1010000" id="6017" room="368" start="198" weeks="01111111111111110"/>
    <class days="1010100" id="6018" room="424" start="174" weeks="01111111111111110"/>
    <class days="1010100" id="6019" room="424" start="162" weeks="01111111111111110"/>
    <class days="1010100" id="6020" room="715" start="102" weeks="01111111111111110"/>
    <class days="1010100" id="6021" room="514" start="114" weeks="01111111111111110"/>
    <class days="1010100" id="6022" room="130" start="138" weeks="01111111111111110"/>
    <class days="1010100" id="6023" room="130" start="150" weeks="01111111111111110"/>
    <class days="1010100" id="6024" room="130" start="102" weeks="01111111111111110"/>
    <class days="1010100" id="6025" room="211" start="114" weeks="01111111111111110"/>
    <class days="1010100" id="6026" room="175" start="198" weeks="01111111111111110"/>
    <class days="1010100" id="6027" room="175" start="186" weeks="01111111111111110"/>
    <class days="1010100" id="6028" room="690" start="102" weeks="01111111111111110"/>
    <class days="1010100" id="6029" room="588" start="114" weeks="01111111111111110"/>
    <class days="1010100" id="6030" room="211" start="174" weeks="01111111111111110"/>
    <class days="1010100" id="6031" room="479" start="186" weeks="01111111111111110"/>
    <class days="1010100" id="6032" room="633" start="138" weeks="01111111111111110"/>
    <class days="1010100" id="6033" room="479" start="126" weeks="01111111111111110"/>
    <class days="1010100" id="6034" room="204" start="102" weeks="01111111111111110"/>
    <class days="1010100" id="6035" room="32" start="114" weeks="01111111111111110"/>
    <class days="1010100" id="6036" room="211" start="102" weeks="01111111111111110"/>
    <class days="1010100" id="6037" room="633" start="114" weeks="01111111111111110"/>
    <class days="1010100" id="6038" room="175" start="114" weeks="01111111111111110"/>
    <class days="1010100" id="6039" room="175" start="102" weeks="01111111111111110"/>
    <class days="1010100" id="6040" room="424" start="186" weeks="01111111111111110"/>
    <class days="1010100" id="6041" room="424" start="198" weeks="01111111111111110"/>
    <class days="1010100" id="6042" room="175" start="174" weeks="01111111111111110"/>
    <class days="1010100" id="6043" room="175" start="162" weeks="01111111111111110"/>
    <class days="1010100" id="6044" room="588" start="174" weeks="01111111111111110"/>
    <class days="1010100" id="6045" room="588" start="186" weeks="01111111111111110"/>
    <class days="1010100" id="6046" room="35" start="126" weeks="01111111111111110"/>
    <class days="1010100" id="6047" room="130" start="90" weeks="01111111111111110"/>
    <class days="1010100" id="6048" room="476" start="174" weeks="01111111111111110"/>
    <class days="1010100" id="6049" room="476" start="186" weeks="01111111111111110"/>
    <class days="1010100" id="6050" room="32" start="90" weeks="01111111111111110"/>
    <class days="1010100" id="6051" room="32" start="186" weeks="01111111111111110"/>
    <class days="1010100" id="6052" room="130" start="126" weeks="01111111111111110"/>
    <class days="1010100" id="6053" room="424" start="138" weeks="01111111111111110"/>
    <class days="1010100" id="6054" room="633" start="102" weeks="01111111111111110"/>
    <class days="1010100" id="6055" room="35" start="90" weeks="01111111111111110"/>
    <class days="1010100" id="6056" room="424" start="102" weeks="01111111111111110"/>
    <class days="1010100" id="6057" room="424" start="90" weeks="01111111111111110"/>
    <class days="1010100" id="6058" room="204" start="150" weeks="01111111111111110"/>
    <class days="1010100" id="6059" room="204" start="138" weeks="01111111111111110"/>
    <class days="1010100" id="6060" room="690" start="126" weeks="01111111111111110"/>
    <class days="1010100" id="6061" room="244" start="114" weeks="01111111111111110"/>
    <class days="1010100" id="6062" room="244" start="138" weeks="01111111111111110"/>
    <class days="1010100" id="6063" room="244" start="126" weeks="01111111111111110"/>
    <class days="1010000" id="6064" room="310" start="138" weeks="01111111111111110"/>
    <class days="1010000" id="6065" room="310" start="198" weeks="01111111111111110"/>
    <class days="1010100" id="6066" room="715" start="90" weeks="01111111111111110"/>
    <class days="1010100" id="6067" room="35" start="102" weeks="01111111111111110"/>
    <class days="1010100" id="6068" room="32" start="186" weeks="01111111111111110"/>
    <class days="1010100" id="6069" room="32" start="198" weeks="01111111111111110"/>
    <class days="1010100" id="6070" room="551" start="126" weeks="01111111111111110"/>
    <class days="1010100" id="6071" room="551" start="138" weeks="01111111111111110"/>
    <class days="1010100" id="6072" room="551" start="102" weeks="01111111111111110"/>
    <class days="1010100" id="6073" room="551" start="90" weeks="01111111111111110"/>
    <class days="0100000" id="6074" room="364" start="90" weeks="01111111111111110"/>
    <class days="0100000" id="6075" room="233" start="108" weeks="01111111111111110"/>
    <class days="0010100" id="6076" room="45" start="198" weeks="01111111111111110"/>
    <class days="0010100" id="6077" room="690" start="186" weeks="01111111111111110"/>
    <class days="0010100" id="6078" room="551" start="150" weeks="01111111111111110"/>
    <class days="0010100" id="6079" room="715" start="150" weeks="01111111111111110"/>
    <class days="0010100" id="6080" room="35" start="198" weeks="01111111111111110"/>
    <class days="0010100" id="6081" room="551" start="174" weeks="01111111111111110"/>
    <class days="1010100" id="6082" room="555" start="174" weeks="01111111111111110"/>
    <class days="0101000" id="6083" room="588" start="90" weeks="01111111111111110"/>
    <class days="0101000" id="6084" room="45" start="102" weeks="01111111111111110"/>
    <class days="0101000" id="6085" room="588" start="174" weeks="01111111111111110"/>
    <class days="0101000" id="6086" room="588" start="162" weeks="01111111111111110"/>
    <class days="0101000" id="6087" room="551" start="150" weeks="01111111111111110"/>
    <class days="0101000" id="6088" room="211" start="138" weeks="01111111111111110"/>
    <class days="0101000" id="6089" room="479" start="198" weeks="01111111111111110"/>
    <class days="0101000" id="6090" room="479" start="186" weeks="01111111111111110"/>
    <class days="0101000" id="6091" room="32" start="162" weeks="01111111111111110"/>
    <class days="0101000" id="6092" room="479" start="174" weeks="01111111111111110"/>
    <class days="0101000" id="6093" room="588" start="138" weeks="01111111111111110"/>
    <class days="1010100" id="6094" room="555" start="150" weeks="01111111111111110"/>
    <class days="0101000" id="6095" room="35" start="162" weeks="01111111111111110"/>
    <class days="0101000" id="6096" room="244" start="174" weeks="01111111111111110"/>
    <class days="0101000" id="6097" room="204" start="198" weeks="01111111111111110"/>
    <class days="0101000" id="6098" room="204" start="174" weeks="01111111111111110"/>
    <class days="0101000" id="6099" room="476" start="162" weeks="01111111111111110"/>
    <class days="0101000" id="6100" room="211" start="150" weeks="01111111111111110"/>
    <class days="0101000" id="6101" room="551" start="198" weeks="01111111111111110"/>
    <class days="0101000" id="6102" room="551" start="90" weeks="01111111111111110"/>
    <class days="0101000" id="6103" room="32" start="198" weeks="01111111111111110"/>
    <class days="0101000" id="6104" room="32" start="186" weeks="01111111111111110"/>
    <class days="0101000" id="6105" room="175" start="102" weeks="01111111111111110"/>
    <class days="0101000" id="6106" room="557" start="114" weeks="01111111111111110"/>
    <class days="0101000" id="6107" start="162" weeks="01111111111111110"/>
    <class days="0101000" id="6108" start="174" weeks="01111111111111110"/>
    <class days="0101000" id="6109" start="198" weeks="01111111111111110"/>
    <class days="0101000" id="6110" start="174" weeks="01111111111111110"/>
    <class days="0101000" id="6111" start="150" weeks="01111111111111110"/>
    <class days="0101000" id="6112" start="150" weeks="01111111111111110"/>
    <class days="0101000" id="6113" start="198" weeks="01111111111111110"/>
    <class days="0101000" id="6114" start="90" weeks="01111111111111110"/>
    <class days="0101000" id="6115" start="198" weeks="01111111111111110"/>
    <class days="0101000" id="6116" start="162" weeks="01111111111111110"/>
    <class days="0101000" id="6117" start="102" weeks="01111111111111110"/>
    <class days="0101000" id="6118" start="114" weeks="01111111111111110"/>
    <class days="1010100" id="6119" room="641" start="114" weeks="01111111111111110"/>
    <class days="1010100" id="6120" room="194" start="138" weeks="01111111111111110"/>
    <class days="0101000" id="6121" room="551" start="162" weeks="01111111111111110"/>
    <class days="0101000" id="6122" room="479" start="174" weeks="01111111111111110"/>
    <class days="0101000" id="6123" room="514" start="102" weeks="01111111111111110"/>
    <class days="0101000" id="6124" room="514" start="90" weeks="01111111111111110"/>
    <class days="0101000" id="6125" room="690" start="198" weeks="01111111111111110"/>
    <class days="0101000" id="6126" room="690" start="186" weeks="01111111111111110"/>
    <class days="0101000" id="6127" room="551" start="114" weeks="01111111111111110"/>
    <class days="0101000" id="6128" room="551" start="102" weeks="01111111111111110"/>
    <class days="0101000" id="6129" room="244" start="102" weeks="01111111111111110"/>
    <class days="0101000" id="6130" room="45" start="114" weeks="01111111111111110"/>
    <class days="0101000" id="6131" room="633" start="150" weeks="01111111111111110"/>
    <class days="0101000" id="6132" room="633" start="162" weeks="01111111111111110"/>
    <class days="0101000" id="6133" room="204" start="150" weeks="01111111111111110"/>
    <class days="0101000" id="6134" room="479" start="138" weeks="01111111111111110"/>
    <class days="0101000" id="6135" room="32" start="90" weeks="01111111111111110"/>
    <class days="0101000" id="6136" room="476" start="90" weeks="01111111111111110"/>
    <class days="0101000" id="6137" room="32" start="174" weeks="01111111111111110"/>
    <class days="0101000" id="6138" room="32" start="186" weeks="01111111111111110"/>
    <class days="0101000" id="6139" room="211" start="126" weeks="01111111111111110"/>
    <class days="1010100" id="6140" room="641" start="162" weeks="01111111111111110"/>
    <class days="1010100" id="6141" room="555" start="138" weeks="01111111111111110"/>
    <class days="1010100" id="6142" room="194" start="198" weeks="01111111111111110"/>
    <class days="0001000" id="6143" room="244" start="138" weeks="01111111111111110"/>
    <class days="0001000" id="6144" room="479" start="114" weeks="01111111111111110"/>
    <class days="0001000" id="6145" room="633" start="126" weeks="01111111111111110"/>
    <class days="0001000" id="6146" room="514" start="150" weeks="01111111111111110"/>
    <class days="0001000" id="6147" room="690" start="162" weeks="01111111111111110"/>
    <class days="0001000" id="6148" room="424" start="138" weeks="01111111111111110"/>
    <class days="0001000" id="6149" room="424" start="198" weeks="01111111111111110"/>
    <class days="0001000" id="6150" room="244" start="150" weeks="01111111111111110"/>
    <class days="0001000" id="6151" room="514" start="114" weeks="01111111111111110"/>
    <class days="0001000" id="6152" room="479" start="162" weeks="01111111111111110"/>
    <class days="0001000" id="6153" room="633" start="198" weeks="01111111111111110"/>
    <class days="0001000" id="6154" room="175" start="186" weeks="01111111111111110"/>
    <class days="0001000" id="6155" room="175" start="114" weeks="01111111111111110"/>
    <class days="0001000" id="6156" room="211" start="102" weeks="01111111111111110"/>
    <class days="0001000" id="6157" room="424" start="90" weeks="01111111111111110"/>
    <class days="0001000" id="6158" room="45" start="162" weeks="01111111111111110"/>
    <class days="0001000" id="6159" room="204" start="186" weeks="01111111111111110"/>
    <class days="0001000" id="6160" room="557" start="174" weeks="01111111111111110"/>
    <class days="0001000" id="6161" room="551" start="126" weeks="01111111111111110"/>
    <class days="0001000" id="6162" room="633" start="138" weeks="01111111111111110"/>
    <class days="0001000" id="6163" room="690" start="114" weeks="01111111111111110"/>
    <class days="0001000" id="6164" room="557" start="126" weeks="01111111111111110"/>
    <class days="0001000" id="6165" room="633" start="114" weeks="01111111111111110"/>
    <class days="0001000" id="6166" room="690" start="102" weeks="01111111111111110"/>
    <class days="0001000" id="6167" room="45" start="90" weeks="01111111111111110"/>
    <class days="0001000" id="6168" room="633" start="102" weeks="01111111111111110"/>
    <class days="0001000" id="6169" room="476" start="114" weeks="01111111111111110"/>
    <class days="0001000" id="6170" room="476" start="102" weeks="01111111111111110"/>
    <class days="0001000" id="6171" room="690" start="126" weeks="01111111111111110"/>
    <class days="0001000" id="6172" room="514" start="162" weeks="01111111111111110"/>
    <class days="1010100" id="6173" room="641" start="162" weeks="01111111111111110"/>
    <class days="0001000" id="6174" room="35" start="114" weeks="01111111111111110"/>
    <class days="0001000" id="6175" room="479" start="90" weeks="01111111111111110"/>
    <class days="0001000" id="6176" room="479" start="102" weeks="01111111111111110"/>
    <class days="0001000" id="6177" room="424" start="114" weeks="01111111111111110"/>
    <class days="0001000" id="6178" room="35" start="102" weeks="01111111111111110"/>
    <class days="0001000" id="6179" room="244" start="186" weeks="01111111111111110"/>
    <class days="0001000" id="6180" room="35" start="174" weeks="01111111111111110"/>
    <class days="0001000" id="6181" room="35" start="186" weeks="01111111111111110"/>
    <class days="0001000" id="6182" room="211" start="198" weeks="01111111111111110"/>
    <class days="0001000" id="6183" room="324" start="174" weeks="01111111111111110"/>
    <class days="0000100" id="6184" room="4" start="138" weeks="01111111111111110"/>
    <class days="0000100" id="6185" room="344" start="126" weeks="01111111111111110"/>
    <class days="0100000" id="6186" room="723" start="126" weeks="01111111111111110"/>
    <class days="0001000" id="6187" room="721" start="150" weeks="01111111111111110"/>
    <class days="1010100" id="6188" room="555" start="198" weeks="01111111111111110"/>
    <class days="1010100" id="6189" room="555" start="162" weeks="01111111111111110"/>
    <class days="1010100" id="6190" room="641" start="138" weeks="01111111111111110"/>
    <class days="1010100" id="6191" room="555" start="150" weeks="01111111111111110"/>
    <class days="0100000" id="6192" room="211" start="114" weeks="01111111111111110"/>
    <class days="0100000" id="6193" room="633" start="198" weeks="01111111111111110"/>
    <class days="0100000" id="6194" room="204" start="186" weeks="01111111111111110"/>
    <class days="0100000" id="6195" room="557" start="162" weeks="01111111111111110"/>
    <class days="0100000" id="6196" room="557" start="150" weeks="01111111111111110"/>
    <class days="0100000" id="6197" room="557" start="138" weeks="01111111111111110"/>
    <class days="0100000" id="6198" room="244" start="114" weeks="01111111111111110"/>
    <class days="0100000" id="6199" room="479" start="126" weeks="01111111111111110"/>
    <class days="0100000" id="6200" room="476" start="102" weeks="01111111111111110"/>
    <class days="0100000" id="6201" room="633" start="126" weeks="01111111111111110"/>
    <class days="0100000" id="6202" room="211" start="102" weeks="01111111111111110"/>
    <class days="0100000" id="6203" room="690" start="114" weeks="01111111111111110"/>
    <class days="0100000" id="6204" room="514" start="174" weeks="01111111111111110"/>
    <class days="0100000" id="6205" room="244" start="162" weeks="01111111111111110"/>
    <class days="0100000" id="6206" room="244" start="186" weeks="01111111111111110"/>
    <class days="0100000" id="6207" room="476" start="114" weeks="01111111111111110"/>
    <class days="0100000" id="6208" room="476" start="138" weeks="01111111111111110"/>
    <class days="0100000" id="6209" room="715" start="174" weeks="01111111111111110"/>
    <class days="0100000" id="6210" room="633" start="114" weeks="01111111111111110"/>
    <class days="0100000" id="6211" room="633" start="102" weeks="01111111111111110"/>
    <class days="0100000" id="6212" room="633" start="90" weeks="01111111111111110"/>
    <class days="0100000" id="6213" room="479" start="102" weeks="01111111111111110"/>
    <class days="0100000" id="6214" room="588" start="126" weeks="01111111111111110"/>
    <class days="0100000" id="6215" room="588" start="114" weeks="01111111111111110"/>
    <class days="0100000" id="6216" room="551" start="126" weeks="01111111111111110"/>
    <class days="0100000" id="6217" room="715" start="186" weeks="01111111111111110"/>
    <class days="0100000" id="6218" room="45" start="90" weeks="01111111111111110"/>
    <class days="0100000" id="6219" room="514" start="162" weeks="01111111111111110"/>
    <class days="0100000" id="6220" room="424" start="138" weeks="01111111111111110"/>
    <class days="0100000" id="6221" room="690" start="150" weeks="01111111111111110"/>
    <class days="0100000" id="6222" room="175" start="186" weeks="01111111111111110"/>
    <class days="0100000" id="6223" room="204" start="174" weeks="01111111111111110"/>
    <class days="0100000" id="6224" room="424" start="102" weeks="01111111111111110"/>
    <class days="0100000" id="6225" room="35" start="114" weeks="01111111111111110"/>
    <class days="0100000" id="6226" room="479" start="150" weeks="01111111111111110"/>
    <class days="0100000" id="6227" room="690" start="126" weeks="01111111111111110"/>
    <class days="0100000" id="6228" room="514" start="114" weeks="01111111111111110"/>
    <class days="0100000" id="6229" room="514" start="126" weeks="01111111111111110"/>
    <class days="0100000" id="6230" room="514" start="138" weeks="01111111111111110"/>
    <class days="0100000" id="6231" room="557" start="126" weeks="01111111111111110"/>
    <class days="0100000" id="6232" room="244" start="150" weeks="01111111111111110"/>
    <class days="0100000" id="6233" room="211" start="198" weeks="01111111111111110"/>
    <class days="0100000" id="6234" room="211" start="90" weeks="01111111111111110"/>
    <class days="0100000" id="6235" room="588" start="198" weeks="01111111111111110"/>
    <class days="0100000" id="6236" room="424" start="150" weeks="01111111111111110"/>
    <class days="1010100" id="6237" room="320" start="138" weeks="01111111111111110"/>
    <class days="0100000" id="6238" room="723" start="138" weeks="01111111111111110"/>
    <class days="1010100" id="6239" room="555" start="102" weeks="01111111111111110"/>
    <class days="0100000" id="6240" room="479" start="114" weeks="01111111111111110"/>
    <class days="0100000" id="6241" room="479" start="90" weeks="01111111111111110"/>
    <class days="0100000" id="6242" room="35" start="174" weeks="01111111111111110"/>
    <class days="0100000" id="6243" room="35" start="198" weeks="01111111111111110"/>
    <class days="0100000" id="6244" room="35" start="150" weeks="01111111111111110"/>
    <class days="0100000" id="6245" room="35" start="126" weeks="01111111111111110"/>
    <class days="0100000" id="6246" room="204" start="126" weeks="01111111111111110"/>
    <class days="0100000" id="6247" room="35" start="102" weeks="01111111111111110"/>
    <class days="0100000" id="6248" room="35" start="90" weeks="01111111111111110"/>
    <class days="0100000" id="6249" room="633" start="138" weeks="01111111111111110"/>
    <class days="0100000" id="6250" room="476" start="150" weeks="01111111111111110"/>
    <class days="0100000" id="6251" room="35" start="186" weeks="01111111111111110"/>
    <class days="0100000" id="6252" start="114" weeks="01111111111111110"/>
    <class days="0100000" id="6253" start="90" weeks="01111111111111110"/>
    <class days="0100000" id="6254" start="174" weeks="01111111111111110"/>
    <class days="0100000" id="6255" start="198" weeks="01111111111111110"/>
    <class days="0100000" id="6256" start="150" weeks="01111111111111110"/>
    <class days="0100000" id="6257" start="126" weeks="01111111111111110"/>
    <class days="0100000" id="6258" start="126" weeks="01111111111111110"/>
    <class days="0100000" id="6259" start="102" weeks="01111111111111110"/>
    <class days="0100000" id="6260" start="90" weeks="01111111111111110"/>
    <class days="0100000" id="6261" start="138" weeks="01111111111111110"/>
    <class days="0100000" id="6262" start="150" weeks="01111111111111110"/>
    <class days="0100000" id="6263" start="186" weeks="01111111111111110"/>
    <class days="1010100" id="6264" room="716" start="186" weeks="01111111111111110"/>
    <class days="0101000" id="6265" room="730" start="144" weeks="01111111111111110"/>
    <class days="1010100" id="6266" room="23" start="102" weeks="01111111111111110"/>
    <class days="1010100" id="6267" room="730" start="198" weeks="01111111111111110"/>
    <class days="0001000" id="6268" room="514" start="174" weeks="01111111111111110"/>
    <class days="0001000" id="6269" room="244" start="162" weeks="01111111111111110"/>
    <class days="0001000" id="6270" room="633" start="90" weeks="01111111111111110"/>
    <class days="0001000" id="6271" room="424" start="102" weeks="01111111111111110"/>
    <class days="0000100" id="6272" room="715" start="186" weeks="01111111111111110"/>
    <class days="0000100" id="6273" room="715" start="198" weeks="01111111111111110"/>
    <class days="0000100" id="6274" room="35" start="138" weeks="01111111111111110"/>
    <class days="0000100" id="6275" room="35" start="150" weeks="01111111111111110"/>
    <class days="1010100" id="6276" room="588" start="162" weeks="01111111111111110"/>
    <class days="0101000" id="6277" room="45" start="126" weeks="01111111111111110"/>
    <class days="0101000" id="6278" room="130" start="162" weeks="01111111111111110"/>
    <class days="1010100" id="6279" room="633" start="126" weeks="01111111111111110"/>
    <class days="1010100" id="6280" room="476" start="138" weeks="01111111111111110"/>
    <class days="1010100" id="6281" room="479" start="174" weeks="01111111111111110"/>
    <class days="1010100" id="6282" room="476" start="162" weeks="01111111111111110"/>
    <class days="1010100" id="6283" room="32" start="174" weeks="01111111111111110"/>
    <class days="1010100" id="6284" room="35" start="186" weeks="01111111111111110"/>
    <class days="1010100" id="6285" room="211" start="198" weeks="01111111111111110"/>
    <class days="1010100" id="6286" room="588" start="174" weeks="01111111111111110"/>
    <class days="0101000" id="6287" room="130" start="90" weeks="01111111111111110"/>
    <class days="0101000" id="6288" room="112" start="144" weeks="01111111111111110"/>
    <class days="1010100" id="6289" room="514" start="162" weeks="01111111111111110"/>
    <class days="1010100" id="6290" room="211" start="150" weeks="01111111111111110"/>
    <class days="1010100" id="6291" room="514" start="102" weeks="01111111111111110"/>
    <class days="1010100" id="6292" room="424" start="114" weeks="01111111111111110"/>
    <class days="1010100" id="6293" room="32" start="102" weeks="01111111111111110"/>
    <class days="1010100" id="6294" room="479" start="138" weeks="01111111111111110"/>
    <class days="1010100" id="6295" room="32" start="126" weeks="01111111111111110"/>
    <class days="1010100" id="6296" room="130" start="114" weeks="01111111111111110"/>
    <class days="1010100" id="6297" room="244" start="102" weeks="01111111111111110"/>
    <class days="0101000" id="6298" room="32" start="144" weeks="01111111111111110"/>
    <class days="0101000" id="6299" room="211" start="162" weeks="01111111111111110"/>
    <class days="1010100" id="6300" room="715" start="126" weeks="01111111111111110"/>
    <class days="1010100" id="6301" room="715" start="114" weeks="01111111111111110"/>
    <class days="0101000" id="6302" room="204" start="108" weeks="01111111111111110"/>
    <class days="0101000" id="6303" room="715" start="90" weeks="01111111111111110"/>
    <class days="0101000" id="6304" room="175" start="162" weeks="01111111111111110"/>
    <class days="1010100" id="6305" room="204" start="186" weeks="01111111111111110"/>
    <class days="1010100" id="6306" room="479" start="198" weeks="01111111111111110"/>
    <class days="1010100" id="6307" room="690" start="114" weeks="01111111111111110"/>
    <class days="0101000" id="6308" room="244" start="198" weeks="01111111111111110"/>
    <class days="1010100" id="6309" room="476" start="114" weeks="01111111111111110"/>
    <class days="0101000" id="6310" room="424" start="162" weeks="01111111111111110"/>
    <class days="0101000" id="6311" room="588" start="108" weeks="01111111111111110"/>
    <class days="1010100" id="6312" room="35" start="174" weeks="01111111111111110"/>
    <class days="1010100" id="6313" room="35" start="162" weeks="01111111111111110"/>
    <class days="1010100" id="6314" room="204" start="126" weeks="01111111111111110"/>
    <class days="1010100" id="6315" room="175" start="90" weeks="01111111111111110"/>
    <class days="1010100" id="6316" room="35" start="102" weeks="01111111111111110"/>
    <class days="1110100" id="6317" room="514" start="150" weeks="01111111111111110"/>
    <class days="1110100" id="6318" room="690" start="162" weeks="01111111111111110"/>
    <class days="1000000" id="6319" room="244" start="174" weeks="01101111111111110"/>
    <class days="0001000" id="6320" room="424" start="162" weeks="01111111111111110"/>
    <class days="0101000" id="6321" room="32" start="108" weeks="01111111111111110"/>
    <class days="1010100" id="6322" room="35" start="114" weeks="01111111111111110"/>
    <class days="0101000" id="6323" room="35" start="126" weeks="01111111111111110"/>
    <class days="0101000" id="6324" room="35" start="144" weeks="01111111111111110"/>
    <class days="0101000" id="6325" room="204" start="90" weeks="01111111111111110"/>
    <class days="0101000" id="6326" room="130" start="108" weeks="01111111111111110"/>
    <class days="0101000" id="6327" room="112" start="162" weeks="01111111111111110"/>
    <class days="0101000" id="6328" room="476" start="198" weeks="01111111111111110"/>
    <class days="0101000" id="6329" room="211" start="180" weeks="01111111111111110"/>
    <class days="0101000" id="6330" room="32" start="108" weeks="01111111111111110"/>
    <class days="0101000" id="6331" room="476" start="180" weeks="01111111111111110"/>
    <class days="1010100" id="6332" room="211" start="138" weeks="01111111111111110"/>
    <class days="1010100" id="6333" room="130" start="186" weeks="01111111111111110"/>
    <class days="1010100" id="6334" room="244" start="150" weeks="01111111111111110"/>
    <class days="1010100" id="6335" room="514" start="126" weeks="01111111111111110"/>
    <class days="1010100" id="6336" room="479" start="102" weeks="01111111111111110"/>
    <class days="1010100" id="6337" room="479" start="114" weeks="01111111111111110"/>
    <class days="0101000" id="6338" room="551" start="162" weeks="01111111111111110"/>
    <class days="0101000" id="6339" room="175" start="90" weeks="01111111111111110"/>
    <class days="1010100" id="6340" room="551" start="114" weeks="01111111111111110"/>
    <class days="1010100" id="6341" room="633" start="174" weeks="01111111111111110"/>
    <class days="0101000" id="6342" room="175" start="144" weeks="01111111111111110"/>
    <class days="1010100" id="6343" room="249" start="126" weeks="01111111111111110"/>
    <class days="1010100" id="6344" room="588" start="150" weeks="01111111111111110"/>
    <class days="1010100" id="6345" room="633" start="162" weeks="01111111111111110"/>
    <class days="0101000" id="6346" room="175" start="198" weeks="01111111111111110"/>
    <class days="1010100" id="6347" room="211" start="126" weeks="01111111111111110"/>
    <class days="1010100" id="6348" room="551" start="198" weeks="01111111111111110"/>
    <class days="0101000" id="6349" room="45" start="144" weeks="01111111111111110"/>
    <class days="0101000" id="6350" room="32" start="126" weeks="01111111111111110"/>
    <class days="1010100" id="6351" room="633" start="198" weeks="01111111111111110"/>
    <class days="0000100" id="6352" room="4" start="90" weeks="01111111111111110"/>
    <class days="0001000" id="6353" room="4" start="138" weeks="01111111111111110"/>
    <class days="0001000" id="6354" room="4" start="150" weeks="01111111111111110"/>
    <class days="0001000" id="6355" room="4" start="174" weeks="01111111111111110"/>
    <class days="0100000" id="6356" room="4" start="198" weeks="01111111111111110"/>
    <class days="0101000" id="6357" room="505" start="198" weeks="01111111111111110"/>
    <class days="1010100" id="6358" room="130" start="198" weeks="01111111111111110"/>
    <class days="1010100" id="6359" room="244" start="162" weeks="01111111111111110"/>
    <class days="0101000" id="6360" room="715" start="162" weeks="01111111111111110"/>
    <class days="1010100" id="6361" room="514" start="138" weeks="01111111111111110"/>
    <class days="0101000" id="6362" room="249" start="126" weeks="01111111111111110"/>
    <class days="0101000" id="6363" room="249" start="144" weeks="01111111111111110"/>
    <class days="0101000" id="6364" room="175" start="126" weeks="01111111111111110"/>
    <class days="0010000" id="6365" room="633" start="186" weeks="01111111111111110"/>
    <class days="1010100" id="6366" room="249" start="198" weeks="01111111111111110"/>
    <class days="1010100" id="6367" room="211" start="186" weeks="01111111111111110"/>
    <class days="1010100" id="6368" room="690" start="174" weeks="01111111111111110"/>
    <class days="0101000" id="6369" room="551" start="180" weeks="01111111111111110"/>
    <class days="0101000" id="6370" room="32" start="144" weeks="01111111111111110"/>
    <class days="1010100" id="6371" room="588" start="126" weeks="01111111111111110"/>
    <class days="0101000" id="6372" room="424" start="180" weeks="01111111111111110"/>
    <class days="1010100" id="6373" room="551" start="186" weeks="01111111111111110"/>
    <class days="1010100" id="6374" room="283" start="90" weeks="01111111111111110"/>
    <class days="0101000" id="6375" room="551" start="144" weeks="01111111111111110"/>
    <class days="1010100" id="6376" room="551" start="162" weeks="01111111111111110"/>
    <class days="1010100" id="6377" room="633" start="90" weeks="01111111111111110"/>
    <class days="1010100" id="6378" room="175" start="198" weeks="01111111111111110"/>
    <class days="1010100" id="6379" room="249" start="114" weeks="01111111111111110"/>
    <class days="1010100" id="6380" room="690" start="138" weeks="01111111111111110"/>
    <class days="0101000" id="6381" room="249" start="162" weeks="01111111111111110"/>
    <class days="1010100" id="6382" room="424" start="150" weeks="01111111111111110"/>
    <class days="1010100" id="6383" room="476" start="126" weeks="01111111111111110"/>
    <class days="1010100" id="6384" room="715" start="162" weeks="01111111111111110"/>
    <class days="1010100" id="6385" room="633" start="126" weeks="01111111111111110"/>
    <class days="0101000" id="6386" room="249" start="180" weeks="01111111111111110"/>
    <class days="0100000" id="6387" room="344" start="150" weeks="01111111111111110"/>
    <class days="0100000" id="6388" room="45" start="162" weeks="01111111111111110"/>
    <class days="0000100" id="6389" room="424" start="126" weeks="01111111111111110"/>
    <class days="1000000" id="6390" room="32" start="150" weeks="01101111111111110"/>
    <class days="1000000" id="6391" room="35" start="198" weeks="01101111111111110"/>
    <class days="0001000" id="6392" room="588" start="186" weeks="01111111111111110"/>
    <class days="0010000" id="6393" room="588" start="198" weeks="01111111111111110"/>
    <class days="0000100" id="6394" room="249" start="102" weeks="01111111111111110"/>
    <class days="0100000" id="6395" room="324" start="186" weeks="01111111111111110"/>
    <class days="0000100" id="6396" room="249" start="174" weeks="01111111111111110"/>
    <class days="0001000" id="6397" room="244" start="126" weeks="01111111111111110"/>
    <class days="0101000" id="6398" room="514" start="198" weeks="01111111111111110"/>
    <class days="1010100" id="6399" room="32" start="138" weeks="01111111111111110"/>
    <class days="0101000" id="6400" room="633" start="180" weeks="01111111111111110"/>
    <class days="1010100" id="6401" room="204" start="114" weeks="01111111111111110"/>
    <class days="1010100" id="6402" room="249" start="150" weeks="01111111111111110"/>
    <class days="1010100" id="6403" room="249" start="114" weeks="01111111111111110"/>
    <class days="0101000" id="6404" room="715" start="126" weeks="01111111111111110"/>
    <class days="1010100" id="6405" room="378" start="126" weeks="01111111111111110"/>
    <class days="1000000" id="6406" room="450" start="90" weeks="01101111111111110"/>
    <class days="1000000" id="6407" room="450" start="174" weeks="01101111111111110"/>
    <class days="0100000" id="6408" room="450" start="90" weeks="01111111111111110"/>
    <class days="0100000" id="6409" room="450" start="126" weeks="01111111111111110"/>
    <class days="0100000" id="6410" room="450" start="174" weeks="01111111111111110"/>
    <class days="0010000" id="6411" room="450" start="90" weeks="01111111111111110"/>
    <class days="0010000" id="6412" room="450" start="174" weeks="01111111111111110"/>
    <class days="0001000" id="6413" room="450" start="126" weeks="01111111111111110"/>
    <class days="0001000" id="6414" room="450" start="174" weeks="01111111111111110"/>
    <class days="0000100" id="6415" room="450" start="90" weeks="01111111111111110"/>
    <class days="0000100" id="6416" room="450" start="138" weeks="01111111111111110"/>
    <class days="0001000" id="6417" room="450" start="90" weeks="01111111111111110"/>
    <class days="0000100" id="6418" room="450" start="178" weeks="01111111111111110"/>
    <class days="0001000" id="6419" room="41" start="150" weeks="01111111111111110"/>
    <class days="1000000" id="6420" room="436" start="126" weeks="01101111111111110"/>
    <class days="0100000" id="6421" room="23" start="150" weeks="01111111111111110"/>
    <class days="0100000" id="6422" room="744" start="240" weeks="01010101010101010"/>
    <class days="1000000" id="6423" room="651" start="210" weeks="00101010101010100"/>
    <class days="0100000" id="6424" room="411" start="186" weeks="01111111111111110"/>
    <class days="0001000" id="6425" room="411" start="102" weeks="01111111111111110"/>
    <class days="0001000" id="6426" room="411" start="90" weeks="01111111111111110"/>
    <class days="0101000" id="6427" room="23" start="126" weeks="01111111111111110"/>
    <class days="1010100" id="6428" room="137" start="186" weeks="01111111111111110"/>
    <class days="1010100" id="6429" room="419" start="126" weeks="01111111111111110"/>
    <class days="1010100" id="6430" room="419" start="90" weeks="01111111111111110"/>
    <class days="1010100" id="6431" room="137" start="174" weeks="01111111111111110"/>
    <class days="1010100" id="6432" room="419" start="102" weeks="01111111111111110"/>
    <class days="1010100" id="6433" room="419" start="138" weeks="01111111111111110"/>
    <class days="1010100" id="6434" room="137" start="90" weeks="01111111111111110"/>
    <class days="1010000" id="6435" room="121" start="186" weeks="01111111111111110"/>
    <class days="0001000" id="6436" room="309" start="174" weeks="01111111111111110"/>
    <class days="0001000" id="6437" room="309" start="126" weeks="01111111111111110"/>
    <class days="0100000" id="6438" room="309" start="162" weeks="01111111111111110"/>
    <class days="0100000" id="6439" room="309" start="114" weeks="01111111111111110"/>
    <class days="0001000" id="6440" room="309" start="162" weeks="01111111111111110"/>
    <class days="0001000" id="6441" room="309" start="114" weeks="01111111111111110"/>
    <class days="0010100" id="6442" room="121" start="126" weeks="01111111111111110"/>
    <class days="0001000" id="6443" room="309" start="198" weeks="01111111111111110"/>
    <class days="0001000" id="6444" room="309" start="150" weeks="01111111111111110"/>
    <class days="0100000" id="6445" room="309" start="186" weeks="01111111111111110"/>
    <class days="0100000" id="6446" room="309" start="138" weeks="01111111111111110"/>
    <class days="0001000" id="6447" room="309" start="186" weeks="01111111111111110"/>
    <class days="0001000" id="6448" room="309" start="138" weeks="01111111111111110"/>
    <class days="1010100" id="6449" room="353" start="174" weeks="01111111111111110"/>
    <class days="1010100" id="6450" room="137" start="162" weeks="01111111111111110"/>
    <class days="1010100" id="6451" room="266" start="90" weeks="01111111111111110"/>
    <class days="1010100" id="6452" room="266" start="198" weeks="01111111111111110"/>
    <class days="1010100" id="6453" room="645" start="90" weeks="01111111111111110"/>
    <class days="1010100" id="6454" room="197" start="138" weeks="01111111111111110"/>
    <class days="1010100" id="6455" room="744" start="162" weeks="01111111111111110"/>
    <class days="1010100" id="6456" room="137" start="138" weeks="01111111111111110"/>
    <class days="1010100" id="6457" room="567" start="162" weeks="01111111111111110"/>
    <class days="0010000" id="6458" room="347" start="90" weeks="01111111111111110"/>
    <class days="0000100" id="6459" room="237" start="150" weeks="01111111111111110"/>
    <class days="0010000" id="6460" start="138" weeks="01111111111111110"/>
    <class days="0100000" id="6461" start="186" weeks="01111111111111110"/>
    <class days="0010000" id="6462" start="138" weeks="01111111111111110"/>
    <class days="0010000" id="6463" room="309" start="138" weeks="01111111111111110"/>
    <class days="0100000" id="6464" room="729" start="186" weeks="01111111111111110"/>
    <class days="0010000" id="6465" room="729" start="138" weeks="01111111111111110"/>
    <class days="1000000" id="6466" room="59" start="198" weeks="01101111111111110"/>
    <class days="0001000" id="6467" room="197" start="216" weeks="01111111111111110"/>
    <class days="1010100" id="6468" room="709" start="126" weeks="01111111111111110"/>
    <class days="1010100" id="6469" room="298" start="174" weeks="01111111111111110"/>
    <class days="1010100" id="6470" room="558" start="126" weeks="01111111111111110"/>
    <class days="1010100" id="6471" room="299" start="126" weeks="01111111111111110"/>
    <class days="1010100" id="6472" room="505" start="162" weeks="01111111111111110"/>
    <class days="1010100" id="6473" room="716" start="198" weeks="01111111111111110"/>
    <class days="1010100" id="6474" room="172" start="186" weeks="01111111111111110"/>
    <class days="1010100" id="6475" room="71" start="90" weeks="01111111111111110"/>
    <class days="0100000" id="6476" room="736" start="102" weeks="01111111111111110"/>
    <class days="0100000" id="6477" room="736" start="126" weeks="01111111111111110"/>
    <class days="0100000" id="6478" room="736" start="174" weeks="01111111111111110"/>
    <class days="0100000" id="6479" room="736" start="186" weeks="01111111111111110"/>
    <class days="0100000" id="6480" room="736" start="90" weeks="01111111111111110"/>
    <class days="0100000" id="6481" room="736" start="150" weeks="01111111111111110"/>
    <class days="0100000" id="6482" room="736" start="162" weeks="01111111111111110"/>
    <class days="0100000" id="6483" room="736" start="114" weeks="01111111111111110"/>
    <class days="0100000" id="6484" room="736" start="138" weeks="01111111111111110"/>
    <class days="0100000" id="6485" room="736" start="198" weeks="01111111111111110"/>
    <class days="1010100" id="6486" room="567" start="150" weeks="01111111111111110"/>
    <class days="1010100" id="6487" room="299" start="186" weeks="01111111111111110"/>
    <class days="1010100" id="6488" room="299" start="198" weeks="01111111111111110"/>
    <class days="1010100" id="6489" room="299" start="150" weeks="01111111111111110"/>
    <class days="0100000" id="6490" room="451" start="162" weeks="01111111111111110"/>
    <class days="0000100" id="6491" room="451" start="162" weeks="01111111111111110"/>
    <class days="0001000" id="6492" room="451" start="90" weeks="01111111111111110"/>
    <class days="0010000" id="6493" room="451" start="186" weeks="01111111111111110"/>
    <class days="0010000" id="6494" room="451" start="162" weeks="01111111111111110"/>
    <class days="0000100" id="6495" room="451" start="114" weeks="01111111111111110"/>
    <class days="0000100" id="6496" room="451" start="138" weeks="01111111111111110"/>
    <class days="0100000" id="6497" room="451" start="138" weeks="01111111111111110"/>
    <class days="0001000" id="6498" room="451" start="162" weeks="01111111111111110"/>
    <class days="0001000" id="6499" room="451" start="114" weeks="01111111111111110"/>
    <class days="0000100" id="6500" room="451" start="90" weeks="01111111111111110"/>
    <class days="0010000" id="6501" room="451" start="138" weeks="01111111111111110"/>
    <class days="0100000" id="6502" room="451" start="186" weeks="01111111111111110"/>
    <class days="0010000" id="6503" room="451" start="114" weeks="01111111111111110"/>
    <class days="0010000" id="6504" room="451" start="90" weeks="01111111111111110"/>
    <class days="0001000" id="6505" room="451" start="138" weeks="01111111111111110"/>
    <class days="0100000" id="6506" room="451" start="90" weeks="01111111111111110"/>
    <class days="0100000" id="6507" room="436" start="114" weeks="01111111111111110"/>
    <class days="0000100" id="6508" room="645" start="228" weeks="01111111111111110"/>
    <class days="1010100" id="6509" room="731" start="114" weeks="01111111111111110"/>
    <class days="1010100" id="6510" room="308" start="174" weeks="01111111111111110"/>
    <class days="1010100" id="6511" room="372" start="174" weeks="01111111111111110"/>
    <class days="1010100" id="6512" room="313" start="138" weeks="01111111111111110"/>
    <class days="1010100" id="6513" room="651" start="102" weeks="01111111111111110"/>
    <class days="1000000" id="6514" room="225" start="162" weeks="01101111111111110"/>
    <class days="1000000" id="6515" room="225" start="114" weeks="01101111111111110"/>
    <class days="0100000" id="6516" room="225" start="114" weeks="01111111111111110"/>
    <class days="0100000" id="6517" room="225" start="162" weeks="01111111111111110"/>
    <class days="0010000" id="6518" room="225" start="162" weeks="01111111111111110"/>
    <class days="0010000" id="6519" room="225" start="114" weeks="01111111111111110"/>
    <class days="0001000" id="6520" room="225" start="114" weeks="01111111111111110"/>
    <class days="0001000" id="6521" room="225" start="162" weeks="01111111111111110"/>
    <class days="0010000" id="6522" room="225" start="174" weeks="01111111111111110"/>
    <class days="0010000" id="6523" room="225" start="126" weeks="01111111111111110"/>
    <class days="0001000" id="6524" room="225" start="126" weeks="01111111111111110"/>
    <class days="0001000" id="6525" room="225" start="174" weeks="01111111111111110"/>
    <class days="1010100" id="6526" room="172" start="90" weeks="01111111111111110"/>
    <class days="0100000" id="6527" room="86" start="138" weeks="01111111111111110"/>
    <class days="0100000" id="6528" room="86" start="114" weeks="01111111111111110"/>
    <class days="1000000" id="6529" room="86" start="162" weeks="01101111111111110"/>
    <class days="0100000" id="6530" room="86" start="162" weeks="01111111111111110"/>
    <class days="0001000" id="6531" room="86" start="138" weeks="01111111111111110"/>
    <class days="0001000" id="6532" room="86" start="114" weeks="01111111111111110"/>
    <class days="0010000" id="6533" room="86" start="162" weeks="01111111111111110"/>
    <class days="0001000" id="6534" room="86" start="162" weeks="01111111111111110"/>
    <class days="0001000" id="6535" room="86" start="150" weeks="01111111111111110"/>
    <class days="0001000" id="6536" room="86" start="126" weeks="01111111111111110"/>
    <class days="0010000" id="6537" room="86" start="174" weeks="01111111111111110"/>
    <class days="0001000" id="6538" room="86" start="174" weeks="01111111111111110"/>
    <class days="1010100" id="6539" room="213" start="126" weeks="01111111111111110"/>
    <class days="1000000" id="6540" room="225" start="138" weeks="01101111111111110"/>
    <class days="0100000" id="6541" room="225" start="138" weeks="01111111111111110"/>
    <class days="1000000" id="6542" room="225" start="186" weeks="01101111111111110"/>
    <class days="0100000" id="6543" room="225" start="186" weeks="01111111111111110"/>
    <class days="0010000" id="6544" room="225" start="138" weeks="01111111111111110"/>
    <class days="0001000" id="6545" room="225" start="138" weeks="01111111111111110"/>
    <class days="0010000" id="6546" room="225" start="186" weeks="01111111111111110"/>
    <class days="0001000" id="6547" room="225" start="186" weeks="01111111111111110"/>
    <class days="0010000" id="6548" room="225" start="150" weeks="01111111111111110"/>
    <class days="0001000" id="6549" room="225" start="150" weeks="01111111111111110"/>
    <class days="0010000" id="6550" room="225" start="198" weeks="01111111111111110"/>
    <class days="0001000" id="6551" room="225" start="198" weeks="01111111111111110"/>
    <class days="0101000" id="6552" room="59" start="126" weeks="01111111111111110"/>
    <class days="0010000" id="6553" room="678" start="174" weeks="01111111111111110"/>
    <class days="0100000" id="6554" room="78" start="174" weeks="01111111111111110"/>
    <class days="0010000" id="6555" room="736" start="102" weeks="01111111111111110"/>
    <class days="1010000" id="6556" room="19" start="114" weeks="01111111111111110"/>
    <class days="1000000" id="6557" room="696" start="162" weeks="01000101010101010"/>
    <class days="1000000" id="6558" room="405" start="174" weeks="00101010101010100"/>
    <class days="0001000" id="6559" room="405" start="138" weeks="00101010101010100"/>
    <class days="0001000" id="6560" room="405" start="102" weeks="00101010101010100"/>
    <class days="0010100" id="6561" room="71" start="186" weeks="01111111111111110"/>
    <class days="0100000" id="6562" room="587" start="150" weeks="01010101010101010"/>
    <class days="0000100" id="6563" room="405" start="102" weeks="00101010101010100"/>
    <class days="0000100" id="6564" room="405" start="138" weeks="00101010101010100"/>
    <class days="0100000" id="6565" room="405" start="174" weeks="00101010101010100"/>
    <class days="0010100" id="6566" room="624" start="138" weeks="01111111111111110"/>
    <class days="0010000" id="6567" room="11" start="126" weeks="01010101010101010"/>
    <class days="0000100" id="6568" room="499" start="90" weeks="00101010101010100"/>
    <class days="0100000" id="6569" room="405" start="102" weeks="00101010101010100"/>
    <class days="0010000" id="6570" room="499" start="178" weeks="00101010101010100"/>
    <class days="0101000" id="6571" room="505" start="126" weeks="01111111111111110"/>
    <class days="0001000" id="6572" room="197" start="150" weeks="01010101010101010"/>
    <class days="0100000" id="6573" room="405" start="138" weeks="00101010101010100"/>
    <class days="0000100" id="6574" room="405" start="174" weeks="00101010101010100"/>
    <class days="1000000" id="6575" room="405" start="102" weeks="00101010101010100"/>
    <class days="0001000" id="6576" room="405" start="174" weeks="00101010101010100"/>
    <class days="0101000" id="6577" room="438" start="138" weeks="01111111111111110"/>
    <class days="0010000" id="6578" room="558" start="198" weeks="01010101010101010"/>
    <class days="0010000" id="6579" room="405" start="90" weeks="00101010101010100"/>
    <class days="0010000" id="6580" room="405" start="162" weeks="00101010101010100"/>
    <class days="0010000" id="6581" room="405" start="126" weeks="00101010101010100"/>
    <class days="1000100" id="6582" room="616" start="90" weeks="01111111111111110"/>
    <class days="0010000" id="6583" room="558" start="90" weeks="00101010101010100"/>
    <class days="0000100" id="6584" room="405" start="162" weeks="01010101010101010"/>
    <class days="0000100" id="6585" room="405" start="126" weeks="01010101010101010"/>
    <class days="0010000" id="6586" room="405" start="174" weeks="01010101010101010"/>
    <class days="1000100" id="6587" room="71" start="114" weeks="01111111111111110"/>
    <class days="0100000" id="6588" room="661" start="162" weeks="00101010101010100"/>
    <class days="0001000" id="6589" room="405" start="102" weeks="01010101010101010"/>
    <class days="0001000" id="6590" room="405" start="174" weeks="01010101010101010"/>
    <class days="0100000" id="6591" room="405" start="174" weeks="01010101010101010"/>
    <class days="1010000" id="6592" room="9" start="102" weeks="01111111111111110"/>
    <class days="0001000" id="6593" room="299" start="174" weeks="00101010101010100"/>
    <class days="0100000" id="6594" room="405" start="138" weeks="01010101010101010"/>
    <class days="0100000" id="6595" room="405" start="102" weeks="01010101010101010"/>
    <class days="0010000" id="6596" room="405" start="138" weeks="01010101010101010"/>
    <class days="1010100" id="6597" room="59" start="186" weeks="01111111111111110"/>
    <class days="1000000" id="6598" room="121" start="138" weeks="01101111111111110"/>
    <class days="0101000" id="6599" room="499" start="126" weeks="01111111111111110"/>
    <class days="0101000" id="6600" room="499" start="102" weeks="01111111111111110"/>
    <class days="1010100" id="6601" room="121" start="114" weeks="01111111111111110"/>
    <class days="1010100" id="6602" room="9" start="126" weeks="01111111111111110"/>
    <class days="1010100" id="6603" room="59" start="90" weeks="01111111111111110"/>
    <class days="1010100" id="6604" room="729" start="174" weeks="01111111111111110"/>
    <class days="1010100" id="6605" room="729" start="114" weeks="01111111111111110"/>
    <class days="1010100" id="6606" room="729" start="126" weeks="01111111111111110"/>
    <class days="1010100" id="6607" room="86" start="114" weeks="01111111111111110"/>
    <class days="1000100" id="6608" room="407" start="102" weeks="01111111111111110"/>
    <class days="0100000" id="6609" room="631" start="174" weeks="01111111111111110"/>
    <class days="0001000" id="6610" room="631" start="174" weeks="01111111111111110"/>
    <class days="0100000" id="6611" room="631" start="90" weeks="01111111111111110"/>
    <class days="0000100" id="6612" room="631" start="174" weeks="01111111111111110"/>
    <class days="0010000" id="6613" room="631" start="90" weeks="01111111111111110"/>
    <class days="0001000" id="6614" room="631" start="90" weeks="01111111111111110"/>
    <class days="0010000" id="6615" room="631" start="126" weeks="01111111111111110"/>
    <class days="0010000" id="6616" room="631" start="174" weeks="01111111111111110"/>
    <class days="1010000" id="6617" room="59" start="114" weeks="01111111111111110"/>
    <class days="0000100" id="6618" room="59" start="114" weeks="00101010101010100"/>
    <class days="0000100" id="6619" room="499" start="114" weeks="01010101010101010"/>
    <class days="0101000" id="6620" room="309" start="90" weeks="01111111111111110"/>
    <class days="1000000" id="6621" room="309" start="114" weeks="01101111111111110"/>
    <class days="1010100" id="6622" room="283" start="150" weeks="01111111111111110"/>
    <class days="1010100" id="6623" room="9" start="114" weeks="01111111111111110"/>
    <class days="0101000" id="6624" room="160" start="126" weeks="01111111111111110"/>
    <class days="0101000" id="6625" room="651" start="162" weeks="01111111111111110"/>
    <class days="1010100" id="6626" room="59" start="126" weeks="01111111111111110"/>
    <class days="0101000" id="6627" room="59" start="108" weeks="01111111111111110"/>
    <class days="0101000" id="6628" room="729" start="126" weeks="01111111111111110"/>
    <class days="1010100" id="6629" room="279" start="186" weeks="01111111111111110"/>
    <class days="0001000" id="6630" room="499" start="198" weeks="01111111111111110"/>
    <class days="1010100" id="6631" room="283" start="162" weeks="01111111111111110"/>
    <class days="0101000" id="6632" room="59" start="90" weeks="01111111111111110"/>
    <class days="0101000" id="6633" room="378" start="108" weeks="01111111111111110"/>
    <class days="0101000" id="6634" room="320" start="144" weeks="01111111111111110"/>
    <class days="0101000" id="6635" room="283" start="180" weeks="01111111111111110"/>
    <class days="0101000" id="6636" room="160" start="108" weeks="01111111111111110"/>
    <class days="1010000" id="6637" room="59" start="162" weeks="01111111111111110"/>
    <class days="0010000" id="6638" room="150" start="174" weeks="01111111111111110"/>
    <class days="0100000" id="6639" room="150" start="174" weeks="01111111111111110"/>
    <class days="0000100" id="6640" room="59" start="162" weeks="01111111111111110"/>
    <class days="0101000" id="6641" room="59" start="144" weeks="01111111111111110"/>
    <class days="1010100" id="6642" room="86" start="138" weeks="01111111111111110"/>
    <class days="1010100" id="6643" room="59" start="150" weeks="01111111111111110"/>
    <class days="1010100" id="6644" room="651" start="150" weeks="01111111111111110"/>
    <class days="1010100" id="6645" room="86" start="126" weeks="01111111111111110"/>
    <class days="0101000" id="6646" room="160" start="144" weeks="01111111111111110"/>
    <class days="0101000" id="6647" room="59" start="162" weeks="01111111111111110"/>
    <class days="0101000" id="6648" room="59" start="180" weeks="01111111111111110"/>
    <class days="0100000" id="6649" room="571" start="144" weeks="01111111111111110"/>
    <class days="1010100" id="6650" room="59" start="138" weeks="01111111111111110"/>
    <class days="0100000" id="6651" room="207" start="138" weeks="01111111111111110"/>
    <class days="0010000" id="6652" room="557" start="126" weeks="01111111111111110"/>
    <class days="0001000" id="6653" room="557" start="162" weeks="01111111111111110"/>
    <class days="0001000" id="6654" room="536" start="90" weeks="01111111111111110"/>
    <class days="0010000" id="6655" room="557" start="150" weeks="01111111111111110"/>
    <class days="0010000" id="6656" room="557" start="138" weeks="01111111111111110"/>
    <class days="0010000" id="6657" room="207" start="186" weeks="01111111111111110"/>
    <class days="0001000" id="6658" room="557" start="138" weeks="01111111111111110"/>
    <class days="1000000" id="6659" room="557" start="162" weeks="01101111111111110"/>
    <class days="0100000" id="6660" room="536" start="162" weeks="01111111111111110"/>
    <class days="0010000" id="6661" room="557" start="162" weeks="01111111111111110"/>
    <class days="0010000" id="6662" room="557" start="186" weeks="01111111111111110"/>
    <class days="0010100" id="6663" room="744" start="186" weeks="01111111111111110"/>
    <class days="0001000" id="6664" room="111" start="162" weeks="01111111111111110"/>
    <class days="1000000" id="6665" room="111" start="186" weeks="01101111111111110"/>
    <class days="1010000" id="6666" room="540" start="162" weeks="01111111111111110"/>
    <class days="1000000" id="6667" room="111" start="90" weeks="01101111111111110"/>
    <class days="0001000" id="6668" room="111" start="114" weeks="01111111111111110"/>
    <class days="0000100" id="6669" room="111" start="186" weeks="01111111111111110"/>
    <class days="0010100" id="6670" room="645" start="114" weeks="01111111111111110"/>
    <class days="1000000" id="6671" room="547" start="90" weeks="01101111111111110"/>
    <class days="1000000" id="6672" room="146" start="114" weeks="01101111111111110"/>
    <class days="1000000" id="6673" room="636" start="138" weeks="01101111111111110"/>
    <class days="1000000" id="6674" room="686" start="162" weeks="01101111111111110"/>
    <class days="0001000" id="6675" room="701" start="90" weeks="01111111111111110"/>
    <class days="0100000" id="6676" room="636" start="90" weeks="01111111111111110"/>
    <class days="0100000" id="6677" room="687" start="114" weeks="01111111111111110"/>
    <class days="0100000" id="6678" room="687" start="138" weeks="01111111111111110"/>
    <class days="0100000" id="6679" room="297" start="186" weeks="01111111111111110"/>
    <class days="0100000" id="6680" room="701" start="162" weeks="01111111111111110"/>
    <class days="0101000" id="6681" room="120" start="114" weeks="01111111111111110"/>
    <class days="0101000" id="6682" room="120" start="102" weeks="01111111111111110"/>
    <class days="1000000" id="6683" room="297" start="90" weeks="01101111111111110"/>
    <class days="1000000" id="6684" room="297" start="114" weeks="01101111111111110"/>
    <class days="1000000" id="6685" room="297" start="138" weeks="01101111111111110"/>
    <class days="1000000" id="6686" room="297" start="162" weeks="01101111111111110"/>
    <class days="1000000" id="6687" room="297" start="186" weeks="01101111111111110"/>
    <class days="0100000" id="6688" room="297" start="90" weeks="01111111111111110"/>
    <class days="0100000" id="6689" room="297" start="138" weeks="01111111111111110"/>
    <class days="0100000" id="6690" room="297" start="162" weeks="01111111111111110"/>
    <class days="0010000" id="6691" room="297" start="138" weeks="01111111111111110"/>
    <class days="0010000" id="6692" room="297" start="90" weeks="01111111111111110"/>
    <class days="1010100" id="6693" room="696" start="102" weeks="01111111111111110"/>
    <class days="1010100" id="6694" room="120" start="90" weeks="01111111111111110"/>
    <class days="0100000" id="6695" room="351" start="186" weeks="01111111111111110"/>
    <class days="0000100" id="6696" room="351" start="138" weeks="01111111111111110"/>
    <class days="0100000" id="6697" room="351" start="138" weeks="01111111111111110"/>
    <class days="1000000" id="6698" room="351" start="186" weeks="01101111111111110"/>
    <class days="0001000" id="6699" room="351" start="162" weeks="01111111111111110"/>
    <class days="0010000" id="6700" room="351" start="162" weeks="01111111111111110"/>
    <class days="0000100" id="6701" room="351" start="114" weeks="01111111111111110"/>
    <class days="1010100" id="6702" room="471" start="138" weeks="01111111111111110"/>
    <class days="1010000" id="6703" room="438" start="114" weeks="01111111111111110"/>
    <class days="0010000" id="6704" room="146" start="186" weeks="01111111111111110"/>
    <class days="1000000" id="6705" room="146" start="162" weeks="01101111111111110"/>
    <class days="0010000" id="6706" room="146" start="162" weeks="01111111111111110"/>
    <class days="0001000" id="6707" room="146" start="114" weeks="01111111111111110"/>
    <class days="0001000" id="6708" room="146" start="138" weeks="01111111111111110"/>
    <class days="1010000" id="6709" room="106" start="198" weeks="01111111111111110"/>
    <class days="0010000" id="6710" room="701" start="114" weeks="01111111111111110"/>
    <class days="0010000" id="6711" room="701" start="138" weeks="01111111111111110"/>
    <class days="0010000" id="6712" room="701" start="162" weeks="01111111111111110"/>
    <class days="0001000" id="6713" room="701" start="186" weeks="01111111111111110"/>
    <class days="0000100" id="6714" room="701" start="114" weeks="01111111111111110"/>
    <class days="0000100" id="6715" room="701" start="138" weeks="01111111111111110"/>
    <class days="0100000" id="6716" room="701" start="138" weeks="01111111111111110"/>
    <class days="1010000" id="6717" room="364" start="174" weeks="01111111111111110"/>
    <class days="0000100" id="6718" room="297" start="186" weeks="01111111111111110"/>
    <class days="0010000" id="6719" room="297" start="114" weeks="01111111111111110"/>
    <class days="0001000" id="6720" room="297" start="138" weeks="01111111111111110"/>
    <class days="0001000" id="6721" room="297" start="114" weeks="01111111111111110"/>
    <class days="0001000" id="6722" room="297" start="162" weeks="01111111111111110"/>
    <class days="0001000" id="6723" room="297" start="90" weeks="01111111111111110"/>
    <class days="0100000" id="6724" room="297" start="114" weeks="01111111111111110"/>
    <class days="0001000" id="6725" room="297" start="186" weeks="01111111111111110"/>
    <class days="0000100" id="6726" room="297" start="114" weeks="01111111111111110"/>
    <class days="0000100" id="6727" room="297" start="90" weeks="01111111111111110"/>
    <class days="0010100" id="6728" room="373" start="102" weeks="01111111111111110"/>
    <class days="0001000" id="6729" room="530" start="90" weeks="01111111111111110"/>
    <class days="1000000" id="6730" room="530" start="114" weeks="01101111111111110"/>
    <class days="1000000" id="6731" room="530" start="138" weeks="01101111111111110"/>
    <class days="1000000" id="6732" room="530" start="186" weeks="01101111111111110"/>
    <class days="0100000" id="6733" room="530" start="138" weeks="01111111111111110"/>
    <class days="0010000" id="6734" room="530" start="162" weeks="01111111111111110"/>
    <class days="0100000" id="6735" room="530" start="114" weeks="01111111111111110"/>
    <class days="0000100" id="6736" room="530" start="138" weeks="01111111111111110"/>
    <class days="1000000" id="6737" room="530" start="162" weeks="01101111111111110"/>
    <class days="0100000" id="6738" room="530" start="90" weeks="01111111111111110"/>
    <class days="0010000" id="6739" room="536" start="90" weeks="01111111111111110"/>
    <class days="0100000" id="6740" room="541" start="162" weeks="01111111111111110"/>
    <class days="0000100" id="6741" room="554" start="150" weeks="01111111111111110"/>
    <class days="0010000" id="6742" room="594" start="144" weeks="01111111111111110"/>
    <class days="0101000" id="6743" room="111" start="186" weeks="01111111111111110"/>
    <class days="0001000" id="6744" room="351" start="90" weeks="01111111111111110"/>
    <class days="1010100" id="6745" room="308" start="90" weeks="01111111111111110"/>
    <class days="1010100" id="6746" room="602" start="174" weeks="01111111111111110"/>
    <class days="1010100" id="6747" room="661" start="102" weeks="01111111111111110"/>
    <class days="1000100" id="6748" room="505" start="90" weeks="01111111111111110"/>
    <class days="0100000" id="6749" room="199" start="90" weeks="01111111111111110"/>
    <class days="0100000" id="6750" room="199" start="162" weeks="01111111111111110"/>
    <class days="0001000" id="6751" room="199" start="162" weeks="01111111111111110"/>
    <class days="0100000" id="6752" room="199" start="186" weeks="01111111111111110"/>
    <class days="0100000" id="6753" room="199" start="114" weeks="01111111111111110"/>
    <class days="1010000" id="6754" room="146" start="138" weeks="01111111111111110"/>
    <class days="0100000" id="6755" room="146" start="162" weeks="01111111111111110"/>
    <class days="0101000" id="6756" room="494" start="126" weeks="01111111111111110"/>
    <class days="0101000" id="6757" room="540" start="150" weeks="01111111111111110"/>
    <class days="0010000" id="6758" room="351" start="90" weeks="01111111111111110"/>
    <class days="0010000" id="6759" room="351" start="114" weeks="01111111111111110"/>
    <class days="0010000" id="6760" room="351" start="138" weeks="01111111111111110"/>
    <class days="0010100" id="6761" room="111" start="138" weeks="01111111111111110"/>
    <class days="1000000" id="6762" room="701" start="114" weeks="01101111111111110"/>
    <class days="1000000" id="6763" room="701" start="186" weeks="01101111111111110"/>
    <class days="0010100" id="6764" room="111" start="102" weeks="01111111111111110"/>
    <class days="1000000" id="6765" room="603" start="186" weeks="01101111111111110"/>
    <class days="0100000" id="6766" room="603" start="162" weeks="01111111111111110"/>
    <class days="0010000" id="6767" room="603" start="114" weeks="01111111111111110"/>
    <class days="0010000" id="6768" room="603" start="186" weeks="01111111111111110"/>
    <class days="0010000" id="6769" room="111" start="216" weeks="01111111111111110"/>
    <class days="1010100" id="6770" room="111" start="174" weeks="01111111111111110"/>
    <class days="0101000" id="6771" room="299" start="186" weeks="01111111111111110"/>
    <class days="0000100" id="6772" room="28" start="90" weeks="01111111111111110"/>
    <class days="0010000" id="6773" room="28" start="138" weeks="01111111111111110"/>
    <class days="1000000" id="6774" room="28" start="138" weeks="01101111111111110"/>
    <class days="1000000" id="6775" room="28" start="90" weeks="01101111111111110"/>
    <class days="1000000" id="6776" room="28" start="186" weeks="01101111111111110"/>
    <class days="0010000" id="6777" room="28" start="186" weeks="01111111111111110"/>
    <class days="1010000" id="6778" room="111" start="126" weeks="01111111111111110"/>
    <class days="0001000" id="6779" room="28" start="114" weeks="01111111111111110"/>
    <class days="0001000" id="6780" room="28" start="138" weeks="01111111111111110"/>
    <class days="0001000" id="6781" room="28" start="186" weeks="01111111111111110"/>
    <class days="1000000" id="6782" room="28" start="162" weeks="01101111111111110"/>
    <class days="0001000" id="6783" room="28" start="90" weeks="01111111111111110"/>
    <class days="0100000" id="6784" room="111" start="102" weeks="01111111111111110"/>
    <class days="0001000" id="6785" room="106" start="174" weeks="01111111111111110"/>
    <class days="1000000" id="6786" room="667" start="186" weeks="01101111111111110"/>
    <class days="0010000" id="6787" room="667" start="150" weeks="01111111111111110"/>
    <class days="0010000" id="6788" room="667" start="162" weeks="01111111111111110"/>
    <class days="0001000" id="6789" room="744" start="198" weeks="01111111111111110"/>
    <class days="0000100" id="6790" room="460" start="162" weeks="01111111111111110"/>
    <class days="0010000" id="6791" room="491" start="174" weeks="01111111111111110"/>
    <class days="0010000" id="6792" room="491" start="186" weeks="01111111111111110"/>
    <class days="0000100" id="6793" room="491" start="174" weeks="01111111111111110"/>
    <class days="0000100" id="6794" room="491" start="186" weeks="01111111111111110"/>
    <class days="1010000" id="6795" room="491" start="114" weeks="00000000011111110"/>
    <class days="0101000" id="6796" room="12" start="90" weeks="01111111111111110"/>
    <class days="0101000" id="6797" room="12" start="108" weeks="01111111111111110"/>
    <class days="0101000" id="6798" room="347" start="198" weeks="01111111111111110"/>
    <class days="0101000" id="6799" room="237" start="180" weeks="01111111111111110"/>
    <class days="1010100" id="6800" room="378" start="162" weeks="01111111111111110"/>
    <class days="1010100" id="6801" room="407" start="138" weeks="01111111111111110"/>
    <class days="0101000" id="6802" room="378" start="198" weeks="01111111111111110"/>
    <class days="0101000" id="6803" room="347" start="126" weeks="01111111111111110"/>
    <class days="1000100" id="6804" room="197" start="126" weeks="01111111111111110"/>
    <class days="0000100" id="6805" room="463" start="90" weeks="01111111111111110"/>
    <class days="0000100" id="6806" room="149" start="102" weeks="01111111111111110"/>
    <class days="0000100" id="6807" room="330" start="114" weeks="01111111111111110"/>
    <class days="0000100" id="6808" room="149" start="126" weeks="01111111111111110"/>
    <class days="0000100" id="6809" room="330" start="138" weeks="01111111111111110"/>
    <class days="0000100" id="6810" room="149" start="150" weeks="01111111111111110"/>
    <class days="0000100" id="6811" room="149" start="162" weeks="01111111111111110"/>
    <class days="0010000" id="6812" room="330" start="198" weeks="01111111111111110"/>
    <class days="0101000" id="6813" room="17" start="162" weeks="01111111111111110"/>
    <class days="1010100" id="6814" room="519" start="138" weeks="01111111111111110"/>
    <class days="1010100" id="6815" room="519" start="150" weeks="01111111111111110"/>
    <class days="0101000" id="6816" room="567" start="180" weeks="01111111111111110"/>
    <class days="1000100" id="6817" room="106" start="180" weeks="01111111111111110"/>
    <class days="1010000" id="6818" room="137" start="198" weeks="01111111111111110"/>
    <class days="0010100" id="6819" room="501" start="108" weeks="01111111111111110"/>
    <class days="0101000" id="6820" room="299" start="144" weeks="01111111111111110"/>
    <class days="0101000" id="6821" room="519" start="198" weeks="01111111111111110"/>
    <class days="1010100" id="6822" room="491" start="126" weeks="01111111111111110"/>
    <class days="1010100" id="6823" room="491" start="138" weeks="01111111111111110"/>
    <class days="0001000" id="6824" room="233" start="162" weeks="01111111111111110"/>
    <class days="0001000" id="6825" room="731" start="90" weeks="01111111111111110"/>
    <class days="0100000" id="6826" room="380" start="144" weeks="01111111111111110"/>
    <class days="0001000" id="6827" room="313" start="144" weeks="01111111111111110"/>
    <class days="1010100" id="6828" room="468" start="150" weeks="01111111111111110"/>
    <class days="1010100" id="6829" room="519" start="126" weeks="01111111111111110"/>
    <class days="1010100" id="6830" room="655" start="138" weeks="01111111111111110"/>
    <class days="1010100" id="6831" room="613" start="162" weeks="01111111111111110"/>
    <class days="1010100" id="6832" room="613" start="174" weeks="01111111111111110"/>
    <class days="1010100" id="6833" room="519" start="102" weeks="01111111111111110"/>
    <class days="1010100" id="6834" room="519" start="114" weeks="01111111111111110"/>
    <class days="0101000" id="6835" room="461" start="162" weeks="01111111111111110"/>
    <class days="0101000" id="6836" room="461" start="144" weeks="01111111111111110"/>
    <class days="0101000" id="6837" room="357" start="90" weeks="01111111111111110"/>
    <class days="0101000" id="6838" room="357" start="108" weeks="01111111111111110"/>
    <class days="1010100" id="6839" room="655" start="114" weeks="01111111111111110"/>
    <class days="1010100" id="6840" room="655" start="126" weeks="01111111111111110"/>
    <class days="1010100" id="6841" room="519" start="90" weeks="01111111111111110"/>
    <class days="1010100" id="6842" room="519" start="102" weeks="01111111111111110"/>
    <class days="1010100" id="6843" room="221" start="150" weeks="01111111111111110"/>
    <class days="1010100" id="6844" room="221" start="138" weeks="01111111111111110"/>
    <class days="0101000" id="6845" room="468" start="144" weeks="01111111111111110"/>
    <class days="0101000" id="6846" room="471" start="162" weeks="01111111111111110"/>
    <class days="0101000" id="6847" room="655" start="108" weeks="01111111111111110"/>
    <class days="0101000" id="6848" room="655" start="126" weeks="01111111111111110"/>
    <class days="0101000" id="6849" room="655" start="180" weeks="01111111111111110"/>
    <class days="0101000" id="6850" room="12" start="162" weeks="01111111111111110"/>
    <class days="1010100" id="6851" room="655" start="198" weeks="01111111111111110"/>
    <class days="1010100" id="6852" room="12" start="162" weeks="01111111111111110"/>
    <class days="1010100" id="6853" room="519" start="186" weeks="01111111111111110"/>
    <class days="0101000" id="6854" room="312" start="162" weeks="01111111111111110"/>
    <class days="0101000" id="6855" room="312" start="198" weeks="01111111111111110"/>
    <class days="0101000" id="6856" room="312" start="180" weeks="01111111111111110"/>
    <class days="1010100" id="6857" room="655" start="162" weeks="01111111111111110"/>
    <class days="1010100" id="6858" room="312" start="102" weeks="01111111111111110"/>
    <class days="1010100" id="6859" room="12" start="174" weeks="01111111111111110"/>
    <class days="1010100" id="6860" room="613" start="102" weeks="01111111111111110"/>
    <class days="1010100" id="6861" room="613" start="114" weeks="01111111111111110"/>
    <class days="1010100" id="6862" room="613" start="126" weeks="01111111111111110"/>
    <class days="1010100" id="6863" room="12" start="90" weeks="01111111111111110"/>
    <class days="1010100" id="6864" room="12" start="138" weeks="01111111111111110"/>
    <class days="1010100" id="6865" room="12" start="150" weeks="01111111111111110"/>
    <class days="1010100" id="6866" room="613" start="90" weeks="01111111111111110"/>
    <class days="1010100" id="6867" room="12" start="126" weeks="01111111111111110"/>
    <class days="1010100" id="6868" room="12" start="198" weeks="01111111111111110"/>
    <class days="1010100" id="6869" room="12" start="186" weeks="01111111111111110"/>
    <class days="1010100" id="6870" room="12" start="102" weeks="01111111111111110"/>
    <class days="1010100" id="6871" room="448" start="114" weeks="01111111111111110"/>
    <class days="0101000" id="6872" room="613" start="90" weeks="01111111111111110"/>
    <class days="0101000" id="6873" room="221" start="144" weeks="01111111111111110"/>
    <class days="0101000" id="6874" room="613" start="108" weeks="01111111111111110"/>
    <class days="0101000" id="6875" room="519" start="126" weeks="01111111111111110"/>
    <class days="1010100" id="6876" room="17" start="90" weeks="01111111111111110"/>
    <class days="0101000" id="6877" room="655" start="162" weeks="01111111111111110"/>
    <class days="0100000" id="6878" room="17" start="198" weeks="01010101010101010"/>
    <class days="0101000" id="6879" room="655" start="144" weeks="01111111111111110"/>
    <class days="0101000" id="6880" room="448" start="180" weeks="01111111111111110"/>
    <class days="0000100" id="6881" room="461" start="138" weeks="01111111111111110"/>
    <class days="1010100" id="6882" room="448" start="162" weeks="01111111111111110"/>
    <class days="1010100" id="6883" room="474" start="150" weeks="01111111111111110"/>
    <class days="1010100" id="6884" room="519" start="198" weeks="01111111111111110"/>
    <class days="1010100" id="6885" room="17" start="114" weeks="01111111111111110"/>
    <class days="1010100" id="6886" room="17" start="138" weeks="01111111111111110"/>
    <class days="1010100" id="6887" room="655" start="174" weeks="01111111111111110"/>
    <class days="1010100" id="6888" room="221" start="186" weeks="01111111111111110"/>
    <class days="1010100" id="6889" room="17" start="186" weeks="01111111111111110"/>
    <class days="1010100" id="6890" room="17" start="198" weeks="01111111111111110"/>
    <class days="0101000" id="6891" room="448" start="108" weeks="01111111111111110"/>
    <class days="0101000" id="6892" room="448" start="144" weeks="01111111111111110"/>
    <class days="0101000" id="6893" room="448" start="126" weeks="01111111111111110"/>
    <class days="1010100" id="6894" room="221" start="174" weeks="01111111000000000"/>
    <class days="1010100" id="6895" room="17" start="162" weeks="01111111000000000"/>
    <class days="1010100" id="6896" room="17" start="150" weeks="01111111000000000"/>
    <class days="1010100" id="6897" room="2" start="126" weeks="00000000111111110"/>
    <class days="1010100" id="6898" room="765" start="114" weeks="00000000111111110"/>
    <class days="1010100" id="6899" room="357" start="150" weeks="00000000111111110"/>
    <class days="0101000" id="6900" room="17" start="90" weeks="01111111111111110"/>
    <class days="1010100" id="6901" room="655" start="90" weeks="01111111111111110"/>
    <class days="0101000" id="6902" room="655" start="90" weeks="01111111111111110"/>
    <class days="0101000" id="6903" room="376" start="144" weeks="01111111111111110"/>
    <class days="1010100" id="6904" room="519" start="162" weeks="01111111111111110"/>
    <class days="1010100" id="6905" room="613" start="138" weeks="01111111111111110"/>
    <class days="1010100" id="6906" room="613" start="186" weeks="01111111111111110"/>
    <class days="0101000" id="6907" room="221" start="126" weeks="01111111111111110"/>
    <class days="0101000" id="6908" room="364" start="144" weeks="01111111111111110"/>
    <class days="1010100" id="6909" room="474" start="138" weeks="01111111111111110"/>
    <class days="0101000" id="6910" room="317" start="198" weeks="01111111111111110"/>
    <class days="0101000" id="6911" room="380" start="162" weeks="01111111111111110"/>
    <class days="0101000" id="6912" room="17" start="180" weeks="01111111111111110"/>
    <class days="1010000" id="6913" room="613" start="198" weeks="01111111111111110"/>
    <class days="0101000" id="6914" room="221" start="180" weeks="01111111111111110"/>
    <class days="0101000" id="6915" room="613" start="198" weeks="01111111111111110"/>
    <class days="0101000" id="6916" room="347" start="90" weeks="01111111111111110"/>
    <class days="0101000" id="6917" room="347" start="108" weeks="01111111111111110"/>
    <class days="0101000" id="6918" room="613" start="126" weeks="01111111111111110"/>
    <class days="0101000" id="6919" room="448" start="162" weeks="01111111111111110"/>
    <class days="0101000" id="6920" room="376" start="108" weeks="01111111111111110"/>
    <class days="0101000" id="6921" room="376" start="126" weeks="01111111111111110"/>
    <class days="1010100" id="6922" room="376" start="126" weeks="01111111111111110"/>
    <class days="1010100" id="6923" room="376" start="138" weeks="01111111111111110"/>
    <class days="1010100" id="6924" room="448" start="102" weeks="01111111111111110"/>
    <class days="0101000" id="6925" room="2" start="126" weeks="01111111111111110"/>
    <class days="0101000" id="6926" room="2" start="162" weeks="01111111111111110"/>
    <class days="0101000" id="6927" room="519" start="90" weeks="01111111111111110"/>
    <class days="1010100" id="6928" room="448" start="126" weeks="01111111111111110"/>
    <class days="1010100" id="6929" room="221" start="102" weeks="01111111111111110"/>
    <class days="1010100" id="6930" room="17" start="126" weeks="01111111111111110"/>
    <class days="0101000" id="6931" room="519" start="180" weeks="01111111111111110"/>
    <class days="1010100" id="6932" room="448" start="138" weeks="01111111111111110"/>
    <class days="0101000" id="6933" room="519" start="162" weeks="01111111111111110"/>
    <class days="0001000" id="6934" room="448" start="216" weeks="01111111111111110"/>
    <class days="1010000" id="6935" room="330" start="96" weeks="01111111000000000"/>
    <class days="0101000" id="6936" room="463" start="178" weeks="00000000011111110"/>
    <class days="0101000" id="6937" room="463" start="198" weeks="00000000011111110"/>
    <class days="1010000" id="6938" room="463" start="178" weeks="01111111000000000"/>
    <class days="0101000" id="6939" room="491" start="118" weeks="00000000011111110"/>
    <class days="1000000" id="6940" room="312" start="162" weeks="01101111111111110"/>
    <class days="1010100" id="6941" room="376" start="150" weeks="01111111111111110"/>
    <class days="1010100" id="6942" room="376" start="162" weeks="01111111111111110"/>
    <class days="0101000" id="6943" room="221" start="162" weeks="01111111111111110"/>
    <class days="0101000" id="6944" room="463" start="118" weeks="00000000011111110"/>
    <class days="1010000" id="6945" room="765" start="138" weeks="01111111000000000"/>
    <class days="1010000" id="6946" room="376" start="96" weeks="01111111000000000"/>
    <class days="1010000" id="6947" room="598" start="118" weeks="01111111000000000"/>
    <class days="1010000" id="6948" room="598" start="96" weeks="01111111000000000"/>
    <class days="0101000" id="6949" room="149" start="138" weeks="00000000011111110"/>
    <class days="1010000" id="6950" room="376" start="178" weeks="01111111000000000"/>
    <class days="1010000" id="6951" room="376" start="198" weeks="01111111000000000"/>
    <class days="0101000" id="6952" room="149" start="118" weeks="00000000011111110"/>
    <class days="0101000" id="6953" room="463" start="118" weeks="01111000000000000"/>
    <class days="0101000" id="6954" room="463" start="138" weeks="01111000000000000"/>
    <class days="0101000" id="6955" start="118" weeks="00001111000000000"/>
    <class days="0101000" id="6956" room="330" start="138" weeks="00001111000000000"/>
    <class days="1010000" id="6957" room="312" start="218" weeks="01111111100000000"/>
    <class days="0000100" id="6958" room="655" start="102" weeks="01111111111111110"/>
    <class days="0100000" id="6959" room="312" start="216" weeks="00000000011111110"/>
    <class days="0101000" id="6960" room="330" start="118" weeks="00000000011111110"/>
    <class days="1010000" id="6961" room="463" start="198" weeks="00000000011111110"/>
    <class days="1010000" id="6962" room="149" start="138" weeks="00000000011111110"/>
    <class days="1010000" id="6963" room="463" start="158" weeks="00000000011111110"/>
    <class days="0100000" id="6964" room="2" start="216" weeks="01111111111111110"/>
    <class days="1010000" id="6965" room="598" start="178" weeks="00000000011111110"/>
    <class days="1010000" id="6966" room="491" start="198" weeks="01111111000000000"/>
    <class days="0101000" id="6967" room="697" start="123" weeks="01111111000000000"/>
    <class days="0101000" id="6968" room="557" start="96" weeks="01111111000000000"/>
    <class days="0000100" id="6969" room="461" start="108" weeks="00000000011111110"/>
    <class days="1011000" id="6970" room="330" start="158" weeks="01111111000000000"/>
    <class days="1011000" id="6971" room="312" start="138" weeks="01111111000000000"/>
    <class days="1101000" id="6972" room="330" start="198" weeks="01111111000000000"/>
    <class days="1101000" id="6973" room="312" start="118" weeks="01111111000000000"/>
    <class days="1011000" id="6974" room="330" start="118" weeks="01111111000000000"/>
    <class days="0000010" id="6975" room="330" start="96" weeks="01010101000000000"/>
    <class days="1011000" id="6976" room="330" start="158" weeks="00000000011111110"/>
    <class days="1011000" id="6977" room="330" start="178" weeks="00000000011111110"/>
    <class days="1000100" id="6978" room="765" start="222" weeks="01111111100000000"/>
    <class days="1011000" id="6979" room="463" start="118" weeks="00000000011111110"/>
    <class days="1011000" id="6980" room="463" start="138" weeks="00000000011111110"/>
    <class days="1101000" id="6981" room="149" start="198" weeks="00000000011111110"/>
    <class days="0101000" id="6982" room="598" start="118" weeks="00000000011111110"/>
    <class days="1010000" id="6983" room="149" start="198" weeks="01111111000000000"/>
    <class days="0001000" id="6984" room="765" start="144" weeks="01111111100000000"/>
    <class days="1010000" id="6985" room="463" start="198" weeks="01111111000000000"/>
    <class days="0000010" id="6986" room="149" start="96" weeks="00000101010000000"/>
    <class days="1010000" id="6987" room="598" start="198" weeks="00000000011111110"/>
    <class days="1010000" id="6988" room="598" start="198" weeks="01111111000000000"/>
    <class days="0101000" id="6989" room="149" start="162" weeks="01111111111111110"/>
    <class days="1010000" id="6990" room="376" start="178" weeks="01111111000000000"/>
    <class days="0101000" id="6991" room="376" start="158" weeks="01111111000000000"/>
    <class days="1010000" id="6992" room="463" start="96" weeks="01111111000000000"/>
    <class days="1010000" id="6993" room="598" start="138" weeks="00000000011111110"/>
    <class days="1010000" id="6994" room="598" start="118" weeks="00000000011111110"/>
    <class days="1010000" id="6995" room="330" start="138" weeks="01111111000000000"/>
    <class days="0101000" id="6996" room="330" start="178" weeks="01111111000000000"/>
    <class days="0101000" id="6997" room="598" start="198" weeks="00000000011111110"/>
    <class days="0101000" id="6998" room="598" start="178" weeks="00000000011111110"/>
    <class days="0101000" id="6999" room="330" start="198" weeks="00000000011111110"/>
    <class days="0101000" id="7000" room="463" start="178" weeks="01111111000000000"/>
    <class days="0000010" id="7001" room="330" start="156" weeks="00000101010000000"/>
    <class days="1011000" id="7002" room="149" start="96" weeks="01111111000000000"/>
    <class days="1101000" id="7003" room="149" start="138" weeks="01111111000000000"/>
    <class days="1101000" id="7004" room="149" start="118" weeks="01111111000000000"/>
    <class days="0000010" id="7005" room="149" start="156" weeks="00000000010001110"/>
    <class days="0101000" id="7006" room="463" start="96" weeks="00000000011111110"/>
    <class days="0000100" id="7007" room="463" start="114" weeks="01111111111111110"/>
    <class days="0000100" id="7008" room="357" start="120" weeks="01111111111111110"/>
    <class days="1010000" id="7009" room="612" start="138" weeks="01111111000000000"/>
    <class days="0000100" id="7010" room="612" start="120" weeks="01111111111111110"/>
    <class days="0010000" id="7011" room="12" start="216" weeks="01111111111111110"/>
    <class days="0101000" id="7012" room="149" start="198" weeks="01111111000000000"/>
    <class days="0000100" id="7013" room="153" start="162" weeks="01111111100000000"/>
    <class days="0101000" id="7014" room="463" start="158" weeks="01111111000000000"/>
    <class days="0000100" id="7015" room="694" start="120" weeks="01111111111111110"/>
    <class days="0000010" id="7016" room="330" start="156" weeks="01010000000000000"/>
    <class days="0000010" id="7017" start="156" weeks="00000000000101100"/>
    <class days="0000010" id="7018" room="149" start="96" weeks="00000000000101100"/>
    <class days="0000010" id="7019" room="330" start="156" weeks="00000000000101100"/>
    <class days="0000010" id="7020" room="149" start="156" weeks="01010101000000000"/>
    <class days="0000010" id="7021" start="156" weeks="00000000000101100"/>
    <class days="0001000" id="7022" room="481" start="150" weeks="01111111111111110"/>
    <class days="0000100" id="7023" room="481" start="126" weeks="01111111111111110"/>
    <class days="1000000" id="7024" room="481" start="162" weeks="01101111111111110"/>
    <class days="0000100" id="7025" room="481" start="174" weeks="01111111111111110"/>
    <class days="0000100" id="7026" room="481" start="186" weeks="01111111111111110"/>
    <class days="1111110" id="7027" room="463" start="90" weeks="10000000000000000"/>
    <class days="0000100" id="7028" room="662" start="174" weeks="01111111111111110"/>
    <class days="0101000" id="7029" room="571" start="162" weeks="01111111111111110"/>
    <class days="1000000" id="7030" room="115" start="162" weeks="01101111111111110"/>
    <class days="0010000" id="7031" room="115" start="126" weeks="01111111111111110"/>
    <class days="1000000" id="7032" room="115" start="198" weeks="01101111111111110"/>
    <class days="0000100" id="7033" room="662" start="102" weeks="01111111111111110"/>
    <class days="0100000" id="7034" room="115" start="90" weeks="01111111111111110"/>
    <class days="0010000" id="7035" room="662" start="174" weeks="01111111111111110"/>
    <class days="0000100" id="7036" room="662" start="198" weeks="01111111111111110"/>
    <class days="0000100" id="7037" room="115" start="138" weeks="01111111111111110"/>
    <class days="0010000" id="7038" room="115" start="102" weeks="01111111111111110"/>
    <class days="0010000" id="7039" room="115" start="174" weeks="01111111111111110"/>
    <class days="1000100" id="7040" room="662" start="162" weeks="01111111111111110"/>
    <class days="0100000" id="7041" room="7" start="162" weeks="01111111111111110"/>
    <class days="0100000" id="7042" room="7" start="186" weeks="01111111111111110"/>
    <class days="0001000" id="7043" room="7" start="162" weeks="01111111111111110"/>
    <class days="0001000" id="7044" room="7" start="186" weeks="01111111111111110"/>
    <class days="0101000" id="7045" room="115" start="144" weeks="01111111111111110"/>
    <class days="1010100" id="7046" room="115" start="114" weeks="01111111111111110"/>
    <class days="0101000" id="7047" room="115" start="126" weeks="01111111111111110"/>
    <class days="1010000" id="7048" room="115" start="150" weeks="01111111111111110"/>
    <class days="0001000" id="7049" room="362" start="90" weeks="01111111111111110"/>
    <class days="0100000" id="7050" room="362" start="90" weeks="01111111111111110"/>
    <class days="1010100" id="7051" room="662" start="126" weeks="01111111111111110"/>
    <class days="1010000" id="7052" room="662" start="150" weeks="01111111111111110"/>
    <class days="0100000" id="7053" room="7" start="126" weeks="01111111111111110"/>
    <class days="0010000" id="7054" room="7" start="90" weeks="01111111111111110"/>
    <class days="1010100" id="7055" room="502" start="198" weeks="01111111111111110"/>
    <class days="0001000" id="7056" room="137" start="114" weeks="01111111111111110"/>
    <class days="1000100" id="7057" room="123" start="126" weeks="01111111111111110"/>
    <class days="1010100" id="7058" room="438" start="162" weeks="01111111111111110"/>
    <class days="1010100" id="7059" start="162" weeks="01111111111111110"/>
    <class days="1010100" id="7060" room="662" start="114" weeks="01111111111111110"/>
    <class days="1010100" id="7061" room="115" start="186" weeks="01111111111111110"/>
    <class days="0101000" id="7062" room="302" start="162" weeks="01111111111111110"/>
    <class days="0101000" id="7063" room="111" start="198" weeks="01111111111111110"/>
    <class days="0101000" id="7064" room="115" start="198" weeks="01111111111111110"/>
    <class days="0101000" id="7065" room="115" start="162" weeks="01111111111111110"/>
    <class days="0101000" id="7066" room="662" start="198" weeks="01111111111111110"/>
    <class days="1010100" id="7067" room="279" start="150" weeks="01111111111111110"/>
    <class days="1000100" id="7068" room="115" start="174" weeks="01111111111111110"/>
    <class days="0010000" id="7069" room="657" start="174" weeks="01111111111111110"/>
    <class days="0010000" id="7070" start="162" weeks="01111111111111110"/>
    <class days="1010100" id="7071" room="502" start="126" weeks="01111111111111110"/>
    <class days="0101000" id="7072" room="115" start="180" weeks="01111111111111110"/>
    <class days="0101000" id="7073" room="266" start="186" weeks="01111111111111110"/>
    <class days="0101000" id="7074" room="115" start="108" weeks="01111111111111110"/>
    <class days="0010000" id="7075" room="115" start="198" weeks="01111111111111110"/>
    <class days="1010100" id="7076" room="283" start="174" weeks="01111111111111110"/>
    <class days="0001000" id="7077" room="258" start="150" weeks="01111111111111110"/>
    <class days="0010000" id="7078" room="97" start="150" weeks="01111111111111110"/>
    <class days="0100000" id="7079" room="97" start="114" weeks="01111111111111110"/>
    <class days="0001000" id="7080" room="97" start="186" weeks="01111111111111110"/>
    <class days="1000100" id="7081" room="258" start="90" weeks="01111111111111110"/>
    <class days="1010000" id="7082" room="258" start="102" weeks="01111111111111110"/>
    <class days="0001000" id="7083" start="186" weeks="01111111111111110"/>
    <class days="1010100" id="7084" room="97" start="114" weeks="01111111111111110"/>
    <class days="1010100" id="7085" room="97" start="126" weeks="01111111111111110"/>
    <class days="0001000" id="7086" start="186" weeks="01111111111111110"/>
    <class days="1110000" id="7087" room="258" start="186" weeks="01111111111111110"/>
    <class days="0001000" id="7088" start="186" weeks="01111111111111110"/>
    <class days="1010100" id="7089" room="371" start="126" weeks="01111111111111110"/>
    <class days="0101000" id="7090" room="661" start="108" weeks="01111111111111110"/>
    <class days="0101000" id="7091" room="237" start="126" weeks="01111111111111110"/>
    <class days="0101000" id="7092" room="527" start="108" weeks="01111111111111110"/>
    <class days="1010100" id="7093" room="214" start="102" weeks="01111111111111110"/>
    <class days="1010100" id="7094" room="214" start="114" weeks="01111111111111110"/>
    <class days="0101000" id="7095" room="214" start="108" weeks="01111111111111110"/>
    <class days="0101000" id="7096" room="214" start="126" weeks="01111111111111110"/>
    <class days="1010100" id="7097" room="214" start="186" weeks="01111111111111110"/>
    <class days="1010100" id="7098" room="214" start="126" weeks="01111111111111110"/>
    <class days="1010100" id="7099" room="214" start="138" weeks="01111111111111110"/>
    <class days="0101000" id="7100" room="214" start="162" weeks="01111111111111110"/>
    <class days="1010100" id="7101" room="666" start="174" weeks="01111111111111110"/>
    <class days="1010100" id="7102" room="214" start="162" weeks="01111111111111110"/>
    <class days="1010100" id="7103" room="214" start="150" weeks="01111111111111110"/>
    <class days="0101000" id="7104" room="214" start="180" weeks="01111111111111110"/>
    <class days="0101000" id="7105" room="371" start="108" weeks="01111111111111110"/>
    <class days="1000000" id="7106" room="218" start="198" weeks="00000011111111110"/>
    <class days="1000000" id="7107" room="441" start="216" weeks="01101111111111110"/>
    <class days="0001000" id="7108" room="441" start="192" weeks="01111111111111110"/>
    <class days="1010100" id="7109" room="258" start="150" weeks="01111111111111110"/>
    <class days="1010100" id="7110" room="258" start="174" weeks="01111111111111110"/>
    <class days="0100000" id="7111" room="258" start="84" weeks="01111111111111110"/>
    <class days="1010100" id="7112" room="480" start="72" weeks="01111111111111110"/>
    <class days="1010100" id="7113" room="258" start="162" weeks="01111111111111110"/>
    <class days="1010100" id="7114" room="258" start="114" weeks="01111111111111110"/>
    <class days="1010100" id="7115" room="97" start="138" weeks="01111111111111110"/>
    <class days="1010100" id="7116" room="97" start="162" weeks="01111111111111110"/>
    <class days="1010100" id="7117" room="258" start="138" weeks="01111111111111110"/>
    <class days="1010100" id="7118" room="534" start="186" weeks="01111111111111110"/>
    <class days="0101000" id="7119" room="534" start="198" weeks="01111111111111110"/>
    <class days="0100000" id="7120" room="480" start="186" weeks="01111111111111110"/>
    <class days="0100000" id="7121" room="502" start="114" weeks="01111111111111110"/>
    <class days="1010100" id="7122" room="41" start="138" weeks="01111111111111110"/>
    <class days="1010100" id="7123" room="641" start="186" weeks="01111111111111110"/>
    <class days="0000100" id="7124" room="408" start="198" weeks="01111111111111110"/>
    <class days="0101000" id="7125" room="733" start="90" weeks="01111111111111110"/>
    <class days="0100000" id="7126" room="386" start="150" weeks="01111111111111110"/>
    <class days="0010000" id="7127" room="464" start="162" weeks="01111111111111110"/>
    <class days="0100000" id="7128" room="464" start="162" weeks="01111111111111110"/>
    <class days="0001000" id="7129" room="464" start="162" weeks="01111111111111110"/>
    <class days="1010100" id="7130" room="733" start="114" weeks="01111111111111110"/>
    <class days="1000000" id="7131" room="733" start="102" weeks="01101111111111110"/>
    <class days="0010000" id="7132" room="733" start="102" weeks="01111111111111110"/>
    <class days="0001000" id="7133" room="202" start="138" weeks="01111111111111110"/>
    <class days="0010000" id="7134" room="202" start="162" weeks="01111111111111110"/>
    <class days="0100000" id="7135" room="202" start="162" weeks="01111111111111110"/>
    <class days="0100000" id="7136" room="202" start="90" weeks="01111111111111110"/>
    <class days="1010100" id="7137" room="733" start="138" weeks="01111111111111110"/>
    <class days="1010100" id="7138" room="69" start="126" weeks="01111111111111110"/>
    <class days="1010100" id="7139" room="695" start="102" weeks="01111111111111110"/>
    <class days="0000100" id="7140" room="69" start="162" weeks="01111111111111110"/>
    <class days="1010100" id="7141" room="69" start="174" weeks="01111111111111110"/>
    <class days="1010100" id="7142" room="69" start="150" weeks="01111111111111110"/>
    <class days="1010100" id="7143" room="69" start="102" weeks="01111111111111110"/>
    <class days="0101000" id="7144" room="69" start="126" weeks="01111111111111110"/>
    <class days="0101000" id="7145" room="699" start="126" weeks="01111111111111110"/>
    <class days="0100000" id="7146" room="69" start="162" weeks="01111111111111110"/>
    <class days="0001000" id="7147" room="69" start="162" weeks="01111111111111110"/>
    <class days="0000100" id="7148" room="411" start="138" weeks="00111111111111000"/>
    <class days="0100000" id="7149" room="717" start="150" weeks="00111111111111000"/>
    <class days="0010000" id="7150" room="717" start="150" weeks="00111111111111000"/>
    <class days="1111100" id="7151" room="437" start="164" weeks="00000000000000111"/>
    <class days="0010000" id="7152" room="411" start="138" weeks="00111111111111000"/>
    <class days="0100000" id="7153" room="717" start="114" weeks="00111111111111000"/>
    <class days="0010000" id="7154" room="475" start="114" weeks="00111111111111000"/>
    <class days="0010000" id="7155" room="317" start="114" weeks="01111111111111110"/>
    <class days="0010000" id="7156" room="364" start="126" weeks="01111111111111110"/>
    <class days="0010000" id="7157" room="233" start="138" weeks="01111111111111110"/>
    <class days="0101000" id="7158" room="364" start="162" weeks="01111111111111110"/>
    <class days="0101000" id="7159" room="313" start="180" weeks="01111111111111110"/>
    <class days="0001000" id="7160" room="24" start="84" weeks="01100000000000010"/>
    <class days="0010000" id="7161" room="189" start="102" weeks="01100000000000010"/>
    <class days="0001000" id="7162" room="599" start="108" weeks="01100000000000010"/>
    <class days="0001000" id="7163" room="68" start="84" weeks="01100000000000010"/>
    <class days="0010000" id="7164" room="599" start="168" weeks="01100000000000010"/>
    <class days="1000000" id="7165" start="168" weeks="00000101010101000"/>
    <class days="1000000" id="7166" start="168" weeks="00001010101010100"/>
    <class days="0100000" id="7167" start="144" weeks="00010101010101000"/>
    <class days="0100000" id="7168" start="144" weeks="00001010101010100"/>
    <class days="0010000" id="7169" start="144" weeks="00010101010101000"/>
    <class days="0010000" id="7170" start="144" weeks="00001010101010100"/>
    <class days="0001000" id="7171" start="144" weeks="00010101010101000"/>
    <class days="0001000" id="7172" start="144" weeks="00001010101010100"/>
    <class days="0000100" id="7173" start="144" weeks="00010101010101000"/>
    <class days="0000100" id="7174" start="144" weeks="00001010101010100"/>
    <class days="1000000" id="7175" room="599" start="84" weeks="00001010101010100"/>
    <class days="1000000" id="7176" room="599" start="84" weeks="00000101010101000"/>
    <class days="0100000" id="7177" room="599" start="84" weeks="00001010101010100"/>
    <class days="0100000" id="7178" room="599" start="84" weeks="00010101010101000"/>
    <class days="0010000" id="7179" room="599" start="84" weeks="00001010101010100"/>
    <class days="0010000" id="7180" room="599" start="84" weeks="00010101010101000"/>
    <class days="0001000" id="7181" room="599" start="114" weeks="00001010101010100"/>
    <class days="0010000" id="7182" room="599" start="168" weeks="00010101010101000"/>
    <class days="0000100" id="7183" room="599" start="84" weeks="00001010101010100"/>
    <class days="0000100" id="7184" room="599" start="84" weeks="00010101010101000"/>
    <class days="1000000" id="7185" start="180" weeks="00000101010101000"/>
    <class days="1000000" id="7186" room="752" start="180" weeks="00000101010101000"/>
    <class days="1000000" id="7187" start="180" weeks="00001010101010100"/>
    <class days="1000000" id="7188" room="752" start="180" weeks="00001010101010100"/>
    <class days="0100000" id="7189" start="70" weeks="00010101010101000"/>
    <class days="0100000" id="7190" start="70" weeks="00010101010101000"/>
    <class days="0100000" id="7191" start="70" weeks="00001010101010100"/>
    <class days="0100000" id="7192" start="70" weeks="00001010101010100"/>
    <class days="0010000" id="7193" start="70" weeks="00010101010101000"/>
    <class days="0010000" id="7194" room="752" start="70" weeks="00010101010101000"/>
    <class days="0010000" id="7195" start="70" weeks="00001010101010100"/>
    <class days="0010000" id="7196" room="752" start="70" weeks="00001010101010100"/>
    <class days="0001000" id="7197" start="70" weeks="00010101010101000"/>
    <class days="0001000" id="7198" start="70" weeks="00010101010101000"/>
    <class days="0001000" id="7199" start="70" weeks="00001010101010100"/>
    <class days="0001000" id="7200" start="70" weeks="00001010101010100"/>
    <class days="0000100" id="7201" start="70" weeks="00010101010101000"/>
    <class days="0000100" id="7202" start="70" weeks="00010101010101000"/>
    <class days="0000100" id="7203" start="70" weeks="00001010101010100"/>
    <class days="0000100" id="7204" start="70" weeks="00001010101010100"/>
    <class days="0101000" id="7205" room="372" start="162" weeks="01111111111111110"/>
    <class days="0101000" id="7206" room="364" start="180" weeks="01111111111111110"/>
    <class days="0010000" id="7207" room="317" start="162" weeks="01111111111111110"/>
    <class days="0010000" id="7208" room="310" start="162" weeks="01111111111111110"/>
    <class days="0010000" id="7209" room="380" start="186" weeks="01111111111111110"/>
    <class days="1010000" id="7210" room="308" start="120" weeks="01111111100000000"/>
    <class days="1000000" id="7211" room="710" start="156" weeks="01101111100000000"/>
    <class days="0100000" id="7212" room="756" start="108" weeks="01111111100000000"/>
    <class days="0001000" id="7213" start="70" weeks="01111111100000000"/>
    <class days="0001000" id="7214" start="70" weeks="01111111100000000"/>
    <class days="0000100" id="7215" room="752" start="70" weeks="01111111100000000"/>
    <class days="0000100" id="7216" start="70" weeks="01111111100000000"/>
    <class days="0001000" id="7217" start="144" weeks="01111111100000000"/>
    <class days="0001000" id="7218" start="144" weeks="01111111100000000"/>
    <class days="0000100" id="7219" start="144" weeks="01111111100000000"/>
    <class days="0000100" id="7220" start="144" weeks="01111111100000000"/>
    <class days="1010000" id="7221" room="308" start="120" weeks="00000000011111110"/>
    <class days="1000000" id="7222" room="710" start="156" weeks="00000000011111110"/>
    <class days="0100000" id="7223" room="756" start="108" weeks="00000000011111110"/>
    <class days="0001000" id="7224" start="70" weeks="00000000011111110"/>
    <class days="0001000" id="7225" start="70" weeks="00000000011111110"/>
    <class days="0000100" id="7226" room="752" start="70" weeks="00000000011111110"/>
    <class days="0000100" id="7227" start="70" weeks="00000000011111110"/>
    <class days="0001000" id="7228" start="144" weeks="00000000011111110"/>
    <class days="0001000" id="7229" start="144" weeks="00000000011111110"/>
    <class days="0000100" id="7230" start="144" weeks="00000000011111110"/>
    <class days="0000100" id="7231" start="144" weeks="00000000011111110"/>
    <class days="0000100" id="7232" room="218" start="138" weeks="01010101010101010"/>
    <class days="0101000" id="7233" room="303" start="186" weeks="01111111111111110"/>
    <class days="0010000" id="7234" room="756" start="70" weeks="01000000010000000"/>
    <class days="0010000" id="7235" room="756" start="192" weeks="01000000010000000"/>
    <class days="0101000" id="7236" room="310" start="90" weeks="01111111111111110"/>
    <class days="1000000" id="7237" start="70" weeks="01101111111111110"/>
    <class days="0010000" id="7238" start="70" weeks="01111111111111110"/>
    <class days="0000100" id="7239" start="84" weeks="01111111111111110"/>
    <class days="0000100" id="7240" start="70" weeks="01111111111111110"/>
    <class days="0000100" id="7241" start="70" weeks="01111111111111110"/>
    <class days="0000100" id="7242" start="150" weeks="01111111111111110"/>
    <class days="0010000" id="7243" start="70" weeks="01111111111111110"/>
    <class days="1000000" id="7244" start="84" weeks="01101111111111110"/>
    <class days="1000000" id="7245" start="144" weeks="01101111111111110"/>
    <class days="0010000" id="7246" start="144" weeks="01111111111111110"/>
    <class days="0000100" id="7247" start="156" weeks="01111111111111110"/>
    <class days="0000100" id="7248" start="144" weeks="01111111111111110"/>
    <class days="0000100" id="7249" start="144" weeks="01111111111111110"/>
    <class days="0000100" id="7250" start="138" weeks="01111111111111110"/>
    <class days="0010000" id="7251" start="144" weeks="01111111111111110"/>
    <class days="1000000" id="7252" start="156" weeks="01101111111111110"/>
    <class days="0101000" id="7255" room="317" start="108" weeks="01111111111111110"/>
    <class days="1000000" id="7256" start="84" weeks="01101111111111110"/>
    <class days="0000100" id="7257" start="84" weeks="01111111111111110"/>
    <class days="0000100" id="7258" start="168" weeks="01111111111111110"/>
    <class days="0000100" id="7259" start="72" weeks="01111111111111110"/>
    <class days="1000000" id="7260" start="84" weeks="01101111111111110"/>
    <class days="1000000" id="7261" start="168" weeks="01101111111111110"/>
    <class days="0000100" id="7262" start="84" weeks="01111111111111110"/>
    <class days="0010000" id="7263" start="84" weeks="01111111111111110"/>
    <class days="0010000" id="7264" start="168" weeks="01111111111111110"/>
    <class days="1000000" id="7265" start="156" weeks="01101111111111110"/>
    <class days="0000100" id="7266" start="156" weeks="01111111111111110"/>
    <class days="0000100" id="7267" start="144" weeks="01111111111111110"/>
    <class days="0000100" id="7268" start="144" weeks="01111111111111110"/>
    <class days="1000000" id="7269" start="156" weeks="01101111111111110"/>
    <class days="1000000" id="7270" start="144" weeks="01101111111111110"/>
    <class days="0000100" id="7271" start="156" weeks="01111111111111110"/>
    <class days="0010000" id="7272" start="156" weeks="01111111111111110"/>
    <class days="0010000" id="7273" start="144" weeks="01111111111111110"/>
    <class days="0101000" id="7282" start="186" weeks="01111111111111110"/>
    <class days="1000000" id="7283" start="84" weeks="01101111100000000"/>
    <class days="1000000" id="7284" start="84" weeks="01101111100000000"/>
    <class days="0100000" id="7285" room="68" start="132" weeks="00000111000000000"/>
    <class days="0010000" id="7286" room="68" start="132" weeks="00000111000000000"/>
    <class days="0101000" id="7287" start="186" weeks="01111111111111110"/>
    <class days="0010000" id="7288" start="84" weeks="00000000011111110"/>
    <class days="1000000" id="7289" start="84" weeks="00000000011111110"/>
    <class days="1000000" id="7290" start="108" weeks="00000000000011110"/>
    <class days="0010000" id="7291" start="108" weeks="00000000000011110"/>
    <class days="0101000" id="7292" room="360" start="186" weeks="01111111111111110"/>
    <class days="1000000" id="7293" start="84" weeks="01101111111111110"/>
    <class days="0000100" id="7294" start="70" weeks="01111111111111110"/>
    <class days="0000100" id="7295" start="150" weeks="01111111111111110"/>
    <class days="0010000" id="7296" start="84" weeks="01111111111111110"/>
    <class days="0100000" id="7297" start="84" weeks="01111111111111110"/>
    <class days="0001000" id="7298" start="72" weeks="01111111111111110"/>
    <class days="1000000" id="7299" start="156" weeks="01101111111111110"/>
    <class days="0010000" id="7300" start="144" weeks="01111111111111110"/>
    <class days="0010000" id="7301" start="138" weeks="01111111111111110"/>
    <class days="0010000" id="7302" start="156" weeks="01111111111111110"/>
    <class days="0100000" id="7303" start="156" weeks="01111111111111110"/>
    <class days="1000000" id="7304" start="162" weeks="01101111111111110"/>
    <class days="0101000" id="7308" start="162" weeks="01111111111111110"/>
    <class days="0010000" id="7309" start="84" weeks="01111111100000000"/>
    <class days="1000000" id="7310" start="84" weeks="01101111100000000"/>
    <class days="0001000" id="7311" room="68" start="102" weeks="00000111000000000"/>
    <class days="0000100" id="7312" room="68" start="114" weeks="00000111000000000"/>
    <class days="0101000" id="7313" start="162" weeks="01111111111111110"/>
    <class days="0010000" id="7314" start="84" weeks="00000000011111110"/>
    <class days="1000000" id="7315" start="84" weeks="00000000011111110"/>
    <class days="1000000" id="7316" room="68" start="108" weeks="00000000000011110"/>
    <class days="0010000" id="7317" room="68" start="108" weeks="00000000000011110"/>
    <class days="0101000" id="7318" start="162" weeks="01111111111111110"/>
    <class days="0000100" id="7319" room="253" start="84" weeks="01000000000000000"/>
    <class days="0000100" id="7320" start="84" weeks="00111111111111000"/>
    <class days="0000100" id="7321" start="156" weeks="01111111111111110"/>
    <class days="0101000" id="7322" room="314" start="162" weeks="01111111111111110"/>
    <class days="1000000" id="7323" start="84" weeks="00111111111110000"/>
    <class days="0010000" id="7324" start="84" weeks="00111111111111000"/>
    <class days="0000100" id="7325" start="84" weeks="00111111111111000"/>
    <class days="0000100" id="7326" start="156" weeks="00111111111111000"/>
    <class days="1000000" id="7327" start="156" weeks="00111111111110000"/>
    <class days="1000000" id="7328" room="766" start="84" weeks="01000000000000000"/>
    <class days="0000100" id="7329" room="253" start="156" weeks="01000000000000000"/>
    <class days="0000100" id="7330" room="599" start="84" weeks="01000000000000000"/>
    <class days="0010000" id="7331" room="710" start="84" weeks="01000000000000000"/>
    <class days="0000100" id="7332" room="291" start="156" weeks="01000000000000000"/>
    <class days="1000000" id="7333" start="180" weeks="01101111111111110"/>
    <class days="0010000" id="7334" start="180" weeks="01111111111111110"/>
    <class days="0000100" id="7335" start="180" weeks="01111111111111110"/>
    <class days="0000100" id="7336" start="144" weeks="01111111111111110"/>
    <class days="0000100" id="7337" start="144" weeks="01111111111111110"/>
    <class days="0100000" id="7338" room="172" start="90" weeks="01010101000000000"/>
    <class days="0010000" id="7339" room="752" start="198" weeks="00110000010011010"/>
    <class days="0000100" id="7340" room="364" start="114" weeks="01111111111111110"/>
    <class days="0101000" id="7341" room="313" start="162" weeks="01111111111111110"/>
    <class days="1000000" id="7342" start="84" weeks="01101111111111110"/>
    <class days="1000000" id="7343" start="156" weeks="01101111111111110"/>
    <class days="1000000" id="7344" start="84" weeks="01101111111111110"/>
    <class days="0010000" id="7345" start="84" weeks="01111111111111110"/>
    <class days="0000100" id="7346" start="84" weeks="01111111111111110"/>
    <class days="0000100" id="7347" start="84" weeks="01111111111111110"/>
    <class days="0000100" id="7348" start="84" weeks="01111111111111110"/>
    <class days="1000000" id="7349" start="84" weeks="01101111111111110"/>
    <class days="0010000" id="7350" start="84" weeks="01111111111111110"/>
    <class days="0000100" id="7351" start="84" weeks="01111111111111110"/>
    <class days="1000000" id="7352" start="156" weeks="01101111111111110"/>
    <class days="1000000" id="7353" start="174" weeks="01101111111111110"/>
    <class days="1000000" id="7354" start="132" weeks="01101111111111110"/>
    <class days="1000000" id="7355" start="174" weeks="01101111111111110"/>
    <class days="0010000" id="7356" start="174" weeks="01111111111111110"/>
    <class days="0000100" id="7357" start="174" weeks="01111111111111110"/>
    <class days="0000100" id="7358" start="174" weeks="01111111111111110"/>
    <class days="0000100" id="7359" start="174" weeks="01111111111111110"/>
    <class days="1000000" id="7360" start="174" weeks="01101111111111110"/>
    <class days="0010000" id="7361" start="174" weeks="01111111111111110"/>
    <class days="0000100" id="7362" start="174" weeks="01111111111111110"/>
    <class days="1000000" id="7363" start="132" weeks="01101111111111110"/>
    <class days="0101000" id="7364" room="380" start="180" weeks="01111111111111110"/>
    <class days="1000000" id="7365" start="96" weeks="01101111111111110"/>
    <class days="1000000" id="7366" start="96" weeks="01101111111111110"/>
    <class days="0010000" id="7367" start="96" weeks="01111111111111110"/>
    <class days="0000100" id="7368" start="96" weeks="01111111111111110"/>
    <class days="0000100" id="7369" start="96" weeks="01111111111111110"/>
    <class days="0010000" id="7370" start="96" weeks="01111111111111110"/>
    <class days="0010000" id="7371" start="96" weeks="01111111111111110"/>
    <class days="1000000" id="7372" start="96" weeks="01101111111111110"/>
    <class days="1000000" id="7373" start="96" weeks="01101111111111110"/>
    <class days="0000100" id="7374" start="96" weeks="01111111111111110"/>
    <class days="1000000" id="7375" start="180" weeks="01101111111111110"/>
    <class days="1000000" id="7376" start="180" weeks="01101111111111110"/>
    <class days="0010000" id="7377" start="180" weeks="01111111111111110"/>
    <class days="0000100" id="7378" start="180" weeks="01111111111111110"/>
    <class days="0000100" id="7379" start="180" weeks="01111111111111110"/>
    <class days="0010000" id="7380" start="180" weeks="01111111111111110"/>
    <class days="0010000" id="7381" start="180" weeks="01111111111111110"/>
    <class days="1000000" id="7382" start="180" weeks="01101111111111110"/>
    <class days="1000000" id="7383" start="180" weeks="01101111111111110"/>
    <class days="0000100" id="7384" start="180" weeks="01111111111111110"/>
    <class days="0001000" id="7385" room="310" start="162" weeks="01111111111111110"/>
    <class days="0001000" id="7386" room="360" start="102" weeks="01111111111111110"/>
    <class days="0001000" id="7387" room="310" start="186" weeks="01111111111111110"/>
    <class days="0001000" id="7388" room="379" start="126" weeks="01111111111111110"/>
    <class days="0100000" id="7389" room="432" start="102" weeks="01111111111111110"/>
    <class days="0100000" id="7390" room="379" start="138" weeks="01111111111111110"/>
    <class days="0001000" id="7391" room="756" start="168" weeks="01000000010000000"/>
    <class days="0000100" id="7392" room="752" start="186" weeks="01100010010100000"/>
    <class days="0001000" id="7393" room="189" start="216" weeks="01111111011111110"/>
    <class days="1000000" id="7394" room="756" start="102" weeks="01100010010100000"/>
    <class days="0000010" id="7395" room="710" start="96" weeks="01000100010001000"/>
    <class days="0001000" id="7396" room="710" start="192" weeks="00000000000000010"/>
    <class days="0010000" id="7397" room="710" start="210" weeks="01001000100010000"/>
    <class days="0000010" id="7398" room="189" start="96" weeks="01000100010001000"/>
    <class days="0010000" id="7399" room="291" start="216" weeks="01001000100010010"/>
    <class days="0010000" id="7400" room="752" start="174" weeks="01000000000000000"/>
    <class days="0010000" id="7401" room="710" start="204" weeks="00000000010000100"/>
    <class days="0100000" id="7402" room="599" start="192" weeks="01010101101010100"/>
    <class days="0100000" id="7403" room="710" start="192" weeks="00101010010101010"/>
    <class days="0001000" id="7404" room="672" start="174" weeks="01111111111111110"/>
    <class days="0001000" id="7405" room="710" start="114" weeks="01111111111111110"/>
    <class days="0001000" id="7406" room="710" start="204" weeks="01000000000000000"/>
    <class days="0100000" id="7407" room="594" start="222" weeks="00000000100000000"/>
    <class days="1000000" id="7408" room="517" start="216" weeks="00000000000100000"/>
    <class days="0010100" id="7409" room="41" start="198" weeks="01111111100000000"/>
    <class days="0101000" id="7410" room="41" start="198" weeks="00000000011111110"/>
    <class days="0101000" id="7411" room="590" start="138" weeks="00000000011111110"/>
    <class days="0010000" id="7412" room="543" start="90" weeks="01111111111111110"/>
    <class days="0010000" id="7413" room="730" start="102" weeks="01111111111111110"/>
    <class days="0010000" id="7414" room="506" start="180" weeks="01111111111111110"/>
    <class days="0100000" id="7415" room="506" start="178" weeks="01111111111111110"/>
    <class days="0100000" id="7416" room="506" start="102" weeks="01111111111111110"/>
    <class days="0000100" id="7417" room="502" start="174" weeks="01111111111111110"/>
    <class days="0100000" id="7418" room="543" start="210" weeks="01111111111111110"/>
    <class days="1000000" id="7419" room="372" start="150" weeks="01101111111111110"/>
    <class days="0010000" id="7420" room="689" start="174" weeks="01111111111111110"/>
    <class days="0010000" id="7421" room="689" start="198" weeks="01111111111111110"/>
    <class days="0010000" id="7422" room="317" start="102" weeks="01111111111111110"/>
    <class days="1000000" id="7423" room="360" start="138" weeks="01101111111111110"/>
    <class days="0100000" id="7424" room="372" start="198" weeks="01111111111111110"/>
    <class days="1010100" id="7425" room="558" start="162" weeks="01111111111111110"/>
    <class days="1010100" id="7426" room="689" start="90" weeks="01111111111111110"/>
    <class days="0100000" id="7427" room="689" start="180" weeks="01111111111111110"/>
    <class days="0100000" id="7428" room="761" start="162" weeks="01111111111111110"/>
    <class days="0000100" id="7429" room="543" start="126" weeks="00111111111111110"/>
    <class days="0100000" id="7430" room="543" start="198" weeks="01111111111111110"/>
    <class days="0000100" id="7431" room="689" start="174" weeks="01111111111111110"/>
    <class days="0100000" id="7432" room="590" start="126" weeks="01111111111111110"/>
    <class days="0001000" id="7433" room="590" start="102" weeks="01111111111111110"/>
    <class days="0100000" id="7434" room="590" start="174" weeks="01000000000000000"/>
    <class days="1000000" id="7435" room="536" start="150" weeks="00101111111111110"/>
    <class days="0100000" id="7436" room="590" start="174" weeks="00111111111111110"/>
    <class days="1010100" id="7437" room="730" start="186" weeks="01111111111111110"/>
    <class days="1010100" id="7438" room="303" start="162" weeks="01111111111111110"/>
    <class days="0001000" id="7439" room="525" start="174" weeks="01111111111111110"/>
    <class days="0000100" id="7440" room="525" start="126" weeks="01111111111111110"/>
    <class days="0001000" id="7441" room="525" start="114" weeks="01111111111111110"/>
    <class days="0101000" id="7442" room="689" start="126" weeks="01111111111111110"/>
    <class days="0001000" id="7443" room="543" start="162" weeks="01111111111111110"/>
    <class days="1000000" id="7444" room="689" start="180" weeks="01101111111111110"/>
    <class days="1010100" id="7445" room="543" start="138" weeks="01111111111111110"/>
    <class days="0100000" id="7446" room="761" start="126" weeks="01111111111111110"/>
    <class days="0001000" id="7447" room="543" start="126" weeks="01111111111111110"/>
    <class days="0001000" id="7448" room="543" start="198" weeks="01111111111111110"/>
    <class days="1010000" id="7449" room="689" start="150" weeks="01111111111111110"/>
    <class days="0010000" id="7450" room="543" start="102" weeks="01111111111111110"/>
    <class days="0101000" id="7451" room="689" start="114" weeks="01111111111111110"/>
    <class days="0000100" id="7452" room="730" start="174" weeks="01111111111111110"/>
    <class days="0100000" id="7453" room="696" start="126" weeks="01111111111111110"/>
    <class days="1010100" id="7454" room="408" start="138" weeks="01111111111111110"/>
    <class days="1010100" id="7455" room="123" start="102" weeks="01111111111111110"/>
    <class days="0101000" id="7456" room="308" start="90" weeks="01111111111111110"/>
    <class days="0101000" id="7457" room="314" start="180" weeks="01111111111111110"/>
    <class days="1010100" id="7458" room="360" start="162" weeks="01111111111111110"/>
    <class days="1010100" id="7459" room="502" start="150" weeks="01111111111111110"/>
    <class days="0010000" id="7460" room="612" start="198" weeks="01111111000000000"/>
    <class days="1101000" id="7461" room="612" start="96" weeks="01111111000000000"/>
    <class days="1011000" id="7462" room="612" start="118" weeks="00000000011111110"/>
    <class days="1010000" id="7463" room="330" start="138" weeks="00000000011111110"/>
    <class days="1010000" id="7464" room="598" start="138" weeks="01111111000000000"/>
    <class days="0101000" id="7465" room="598" start="118" weeks="01111111000000000"/>
    <class days="0000010" id="7466" room="149" start="96" weeks="01010000000000000"/>
    <class days="0101000" id="7467" room="330" start="118" weeks="00000000011111110"/>
    <class days="0101000" id="7468" room="330" start="96" weeks="00000000011111110"/>
    <class days="1010000" id="7469" room="463" start="118" weeks="01111111000000000"/>
    <class days="1010000" id="7470" room="463" start="138" weeks="01111111000000000"/>
    <class days="0000010" id="7471" start="96" weeks="00000000010001110"/>
    <class days="1000000" id="7472" room="330" start="198" weeks="00000000011111110"/>
    <class days="1010100" id="7473" room="458" start="114" weeks="01111111111111110"/>
    <class days="0001000" id="7474" room="458" start="180" weeks="01111111111111110"/>
    <class days="0101000" id="7475" room="46" start="144" weeks="01111111111111110"/>
    <class days="0001000" id="7476" room="390" start="210" weeks="01111111111111110"/>
    <class days="0000100" id="7477" room="319" start="90" weeks="01111111111111110"/>
    <class days="0000100" id="7478" room="319" start="102" weeks="01111111111111110"/>
    <class days="1010000" id="7479" room="269" start="102" weeks="01111111111111110"/>
    <class days="1010000" id="7480" room="269" start="90" weeks="01111111111111110"/>
    <class days="0111000" id="7481" room="589" start="72" weeks="01111111111111110"/>
    <class days="1010100" id="7482" start="76" weeks="01111111111111110"/>
    <class days="0010000" id="7483" start="102" weeks="01111111111111110"/>
    <class days="0010000" id="7484" room="370" start="114" weeks="01111111111111110"/>
    <class days="0000100" id="7485" start="102" weeks="01111111111111110"/>
    <class days="0000100" id="7486" room="269" start="114" weeks="01111111111111110"/>
    <class days="1010100" id="7487" room="289" start="162" weeks="01111111111111110"/>
    <class days="1010100" id="7488" room="289" start="174" weeks="01111111111111110"/>
    <class days="1010100" id="7489" room="289" start="126" weeks="01111111111111110"/>
    <class days="1010100" id="7490" room="289" start="186" weeks="01111111111111110"/>
    <class days="1010100" id="7491" room="289" start="138" weeks="01111111111111110"/>
    <class days="1010100" id="7492" room="289" start="150" weeks="01111111111111110"/>
    <class days="0101000" id="7493" room="289" start="126" weeks="01111111111111110"/>
    <class days="0101000" id="7494" room="289" start="180" weeks="01111111111111110"/>
    <class days="0101000" id="7495" room="289" start="162" weeks="01111111111111110"/>
    <class days="0101000" id="7496" room="289" start="144" weeks="01111111111111110"/>
    <class days="1010000" id="7497" room="483" start="138" weeks="01111111111111110"/>
    <class days="1010100" id="7498" room="483" start="90" weeks="01111111111111110"/>
    <class days="0101000" id="7499" room="483" start="138" weeks="01111111111111110"/>
    <class days="1000000" id="7500" room="575" start="90" weeks="01000000000000000"/>
    <class days="0010000" id="7501" start="90" weeks="01000000000000000"/>
    <class days="1010000" id="7502" start="90" weeks="00111111100000000"/>
    <class days="1010000" id="7503" start="108" weeks="01111111100000000"/>
    <class days="1000000" id="7504" room="575" start="114" weeks="01000000000000000"/>
    <class days="0010000" id="7505" start="114" weeks="01000000000000000"/>
    <class days="1010000" id="7506" start="114" weeks="00111111100000000"/>
    <class days="1010000" id="7507" start="108" weeks="01111111100000000"/>
    <class days="1010000" id="7508" start="132" weeks="01111111100000000"/>
    <class days="1000000" id="7509" room="575" start="138" weeks="01000000000000000"/>
    <class days="0010000" id="7510" start="138" weeks="01000000000000000"/>
    <class days="1010000" id="7511" start="138" weeks="00111111100000000"/>
    <class days="1010000" id="7512" start="132" weeks="01111111100000000"/>
    <class days="1010000" id="7513" start="156" weeks="01111111100000000"/>
    <class days="0100000" id="7514" room="278" start="90" weeks="01000000000000000"/>
    <class days="0001000" id="7515" start="90" weeks="01000000000000000"/>
    <class days="0101000" id="7516" start="90" weeks="00111111100000000"/>
    <class days="0101000" id="7517" start="84" weeks="01111111100000000"/>
    <class days="0101000" id="7518" start="108" weeks="01111111100000000"/>
    <class days="0100000" id="7519" room="575" start="114" weeks="01000000000000000"/>
    <class days="0001000" id="7520" start="114" weeks="01000000000000000"/>
    <class days="0101000" id="7521" start="114" weeks="00111111100000000"/>
    <class days="0101000" id="7522" start="108" weeks="01111111100000000"/>
    <class days="0101000" id="7523" start="132" weeks="01111111100000000"/>
    <class days="0100000" id="7524" room="575" start="138" weeks="01000000000000000"/>
    <class days="0001000" id="7525" start="138" weeks="01000000000000000"/>
    <class days="0101000" id="7526" start="138" weeks="00111111100000000"/>
    <class days="0101000" id="7527" start="132" weeks="01111111100000000"/>
    <class days="0101000" id="7528" start="156" weeks="01111111100000000"/>
    <class days="0100000" id="7529" room="575" start="162" weeks="01000000000000000"/>
    <class days="0001000" id="7530" start="162" weeks="01000000000000000"/>
    <class days="0101000" id="7531" start="162" weeks="00111111100000000"/>
    <class days="0101000" id="7532" start="156" weeks="01111111100000000"/>
    <class days="0101000" id="7533" start="180" weeks="01111111100000000"/>
    <class days="0101000" id="7534" room="483" start="90" weeks="01111111111111110"/>
    <class days="1010100" id="7535" room="483" start="102" weeks="01111111111111110"/>
    <class days="0101000" id="7536" room="269" start="186" weeks="01111111100000000"/>
    <class days="0101000" id="7537" room="269" start="180" weeks="01111111100000000"/>
    <class days="0101000" id="7538" room="289" start="207" weeks="01111111100000000"/>
    <class days="0001000" id="7539" room="606" start="198" weeks="01111111111111110"/>
    <class days="0000001" id="7540" room="696" start="90" weeks="00000000000001000"/>
    <class days="0000010" id="7541" room="353" start="90" weeks="00000000000000001"/>
    <class days="1010100" id="7542" room="510" start="126" weeks="01111111111111110"/>
    <class days="1010100" id="7543" room="510" start="162" weeks="01111111111111110"/>
    <class days="0101000" id="7544" room="129" start="108" weeks="01111111111111110"/>
    <class days="0101000" id="7545" room="129" start="126" weeks="01111111111111110"/>
    <class days="0101000" id="7546" room="129" start="162" weeks="01111111111111110"/>
    <class days="1010000" id="7547" room="324" start="186" weeks="01111111111111110"/>
    <class days="0010000" id="7548" room="77" start="114" weeks="01111111111111110"/>
    <class days="0010000" id="7549" room="77" start="126" weeks="01111111111111110"/>
    <class days="0010000" id="7550" room="77" start="138" weeks="01111111111111110"/>
    <class days="0010000" id="7551" room="77" start="150" weeks="01111111111111110"/>
    <class days="0010000" id="7552" room="77" start="162" weeks="01111111111111110"/>
    <class days="0010000" id="7553" room="77" start="174" weeks="01111111111111110"/>
    <class days="1010100" id="7554" room="129" start="114" weeks="01111111111111110"/>
    <class days="1010100" id="7555" room="129" start="126" weeks="01111111111111110"/>
    <class days="1010100" id="7556" room="129" start="150" weeks="01111111111111110"/>
    <class days="1010100" id="7557" room="129" start="162" weeks="01111111111111110"/>
    <class days="1010100" id="7558" room="129" start="174" weeks="01111111111111110"/>
    <class days="0101000" id="7559" room="567" start="150" weeks="01111111111111110"/>
    <class days="0000100" id="7560" room="77" start="138" weeks="01111111111111110"/>
    <class days="0000100" id="7561" room="77" start="162" weeks="01111111111111110"/>
    <class days="0000100" id="7562" room="77" start="174" weeks="01111111111111110"/>
    <class days="1010100" id="7563" room="510" start="114" weeks="01111111111111110"/>
    <class days="1010100" id="7564" room="510" start="174" weeks="01111111111111110"/>
    <class days="0101000" id="7565" room="510" start="198" weeks="01111111111111110"/>
    <class days="0101000" id="7566" room="129" start="180" weeks="01111111111111110"/>
    <class days="0101000" id="7567" room="129" start="198" weeks="01111111111111110"/>
    <class days="0101000" id="7568" room="129" start="144" weeks="01111111111111110"/>
    <class days="0101000" id="7569" room="510" start="108" weeks="01111111111111110"/>
    <class days="0101000" id="7570" room="510" start="126" weeks="01111111111111110"/>
    <class days="1010100" id="7571" room="510" start="150" weeks="01111111111111110"/>
    <class days="1010100" id="7572" room="240" start="174" weeks="01111111111111110"/>
    <class days="1010100" id="7573" room="129" start="138" weeks="01111111111111110"/>
    <class days="0101000" id="7574" room="137" start="126" weeks="01111111111111110"/>
    <class days="0000100" id="7575" room="77" start="114" weeks="01111111111111110"/>
    <class days="0000100" id="7576" room="77" start="126" weeks="01111111111111110"/>
    <class days="0000100" id="7577" room="77" start="150" weeks="01111111111111110"/>
    <class days="0000100" id="7578" room="77" start="198" weeks="01111111111111110"/>
    <class days="1000000" id="7579" room="77" start="138" weeks="01101111111111110"/>
    <class days="0001000" id="7580" room="77" start="90" weeks="01111111111111110"/>
    <class days="1010100" id="7581" room="120" start="150" weeks="01111111111111110"/>
    <class days="1010100" id="7582" room="510" start="138" weeks="01111111111111110"/>
    <class days="0101000" id="7583" room="510" start="144" weeks="01111111111111110"/>
    <class days="0101000" id="7584" room="510" start="180" weeks="01111111111111110"/>
    <class days="0101000" id="7585" room="510" start="162" weeks="01111111111111110"/>
    <class days="0101000" id="7586" room="325" start="162" weeks="01111111111111110"/>
    <class days="0010000" id="7587" room="325" start="174" weeks="01111111111111110"/>
    <class days="0101000" id="7588" room="325" start="180" weeks="01111111111111110"/>
    <class days="0100000" id="7589" room="325" start="222" weeks="01111111111111110"/>
    <class days="1000000" id="7590" room="325" start="174" weeks="01101111111111110"/>
    <class days="0000100" id="7591" room="325" start="186" weeks="01111111111111110"/>
    <class days="1000000" id="7592" room="411" start="150" weeks="00101111111111000"/>
    <class days="1000000" id="7593" room="411" start="114" weeks="00101111111111000"/>
    <class days="1010100" id="7594" room="411" start="186" weeks="00000000000000111"/>
    <class days="1010100" id="7595" room="411" start="150" weeks="00000000000000111"/>
    <class days="1000000" id="7596" room="313" start="156" weeks="00101111111111000"/>
    <class days="0001000" id="7597" room="555" start="186" weeks="01111111111111110"/>
    <class days="1000000" id="7598" room="347" start="114" weeks="01101111111111110"/>
    <class days="1010000" id="7599" room="355" start="168" weeks="00000000000000111"/>
    <class days="1000000" id="7600" room="355" start="144" weeks="00101111111111000"/>
    <class days="0101000" id="7601" room="23" start="90" weeks="01111111111111110"/>
    <class days="0101000" id="7602" room="355" start="102" weeks="00000000000000111"/>
    <class days="0010100" id="7603" room="23" start="162" weeks="00000000000000111"/>
    <class days="0010000" id="7604" room="23" start="186" weeks="00111111111111000"/>
    <class days="0001000" id="7605" room="537" start="102" weeks="01111111111111110"/>
    <class days="0001000" id="7606" room="536" start="138" weeks="01111111111111110"/>
    <class days="0001000" id="7607" room="537" start="138" weeks="01111111111111110"/>
    <class days="0000100" id="7608" room="537" start="180" weeks="01111111111111110"/>
    <class days="0010000" id="7609" room="537" start="90" weeks="01111111111111110"/>
    <class days="1000000" id="7610" room="411" start="198" weeks="01101111111111110"/>
    <class days="0010000" id="7611" room="411" start="96" weeks="01111111111111110"/>
    <class days="0000100" id="7612" room="411" start="96" weeks="01111111111111110"/>
    <class days="1000000" id="7613" room="516" start="114" weeks="01101111111111110"/>
    <class days="1000000" id="7614" room="516" start="174" weeks="01101111111111110"/>
    <class days="0100000" id="7615" room="516" start="114" weeks="01111111111111110"/>
    <class days="0100000" id="7616" room="516" start="162" weeks="01111111111111110"/>
    <class days="0100000" id="7617" room="516" start="186" weeks="01111111111111110"/>
    <class days="0010000" id="7618" room="516" start="114" weeks="01111111111111110"/>
    <class days="0010000" id="7619" room="516" start="174" weeks="01111111111111110"/>
    <class days="0001000" id="7620" room="516" start="114" weeks="01111111111111110"/>
    <class days="0001000" id="7621" room="516" start="162" weeks="01111111111111110"/>
    <class days="0001000" id="7622" room="516" start="186" weeks="01111111111111110"/>
    <class days="0000100" id="7623" room="516" start="114" weeks="01111111111111110"/>
    <class days="0000100" id="7624" room="516" start="174" weeks="01111111111111110"/>
    <class days="1010100" id="7625" room="197" start="150" weeks="01111111111111110"/>
    <class days="0101000" id="7626" room="373" start="90" weeks="01111111111111110"/>
    <class days="1010100" id="7627" room="661" start="150" weeks="01111111111111110"/>
    <class days="1000000" id="7628" room="378" start="138" weeks="01101111111111110"/>
    <class days="0101000" id="7629" room="324" start="90" weeks="00111111111111000"/>
    <class days="1000100" id="7630" room="407" start="90" weeks="01111111111111110"/>
    <class days="0100000" id="7631" room="537" start="174" weeks="00111111111111000"/>
    <class days="1000000" id="7632" room="537" start="102" weeks="00101111111111000"/>
    <class days="0000100" id="7633" room="536" start="138" weeks="00111111111111000"/>
    <class days="0001000" id="7634" room="537" start="174" weeks="00111111111111000"/>
    <class days="0100000" id="7635" room="537" start="126" weeks="00111111111111000"/>
    <class days="1011100" id="7636" room="471" start="114" weeks="00111111111111000"/>
    <class days="0101000" id="7637" room="324" start="114" weeks="00111111111111000"/>
    <class days="0010000" id="7638" room="537" start="178" weeks="00111111111111000"/>
    <class days="1000000" id="7639" room="537" start="138" weeks="00101111111111000"/>
    <class days="0000100" id="7640" room="537" start="90" weeks="00111111111111000"/>
    <class days="0001000" id="7641" room="536" start="178" weeks="00111111111111000"/>
    <class days="0000100" id="7642" room="537" start="126" weeks="00111111111111000"/>
    <class days="0111100" id="7643" room="378" start="138" weeks="00111111111111000"/>
    <class days="1000000" id="7644" room="408" start="102" weeks="00101111111111000"/>
    <class days="0101000" id="7645" room="347" start="138" weeks="00111111111111000"/>
    <class days="1000100" id="7646" room="324" start="198" weeks="00111111110000000"/>
    <class days="0001000" id="7647" room="120" start="174" weeks="01111111111111110"/>
    <class days="0000100" id="7648" room="661" start="214" weeks="01111111111111110"/>
    <class days="0010000" id="7649" room="198" start="150" weeks="01111111111111110"/>
    <class days="0010000" id="7650" room="198" start="162" weeks="01111111111111110"/>
    <class days="0101000" id="7651" room="380" start="108" weeks="01111111111111110"/>
    <class days="0101000" id="7652" room="380" start="126" weeks="01111111111111110"/>
    <class days="0100000" id="7653" start="162" weeks="01111111111111110"/>
    <class days="0100000" id="7654" start="186" weeks="01111111111111110"/>
    <class days="0010000" id="7655" start="114" weeks="01111111111111110"/>
    <class days="0010000" id="7656" start="138" weeks="01111111111111110"/>
    <class days="0010000" id="7657" start="162" weeks="01111111111111110"/>
    <class days="0010000" id="7658" start="186" weeks="01111111111111110"/>
    <class days="0001000" id="7659" start="162" weeks="01111111111111110"/>
    <class days="0000100" id="7660" start="186" weeks="01111111111111110"/>
    <class days="0000100" id="7661" start="138" weeks="01111111111111110"/>
    <class days="0000100" id="7662" start="162" weeks="01111111111111110"/>
    <class days="0101000" id="7663" room="468" start="90" weeks="01111111111111110"/>
    <class days="0101000" id="7664" room="41" start="126" weeks="01111111111111110"/>
    <class days="0101000" id="7665" room="468" start="174" weeks="01111111111111110"/>
    <class days="1010000" id="7666" room="571" start="126" weeks="01111111111111110"/>
    <class days="0010000" id="7667" room="445" start="150" weeks="01111111111111110"/>
    <class days="0001000" id="7668" room="445" start="126" weeks="01111111111111110"/>
    <class days="0010000" id="7669" room="445" start="162" weeks="01111111111111110"/>
    <class days="0010000" id="7670" room="445" start="102" weeks="01111111111111110"/>
    <class days="0000100" id="7671" room="445" start="138" weeks="01111111111111110"/>
    <class days="0000100" id="7672" room="445" start="126" weeks="01111111111111110"/>
    <class days="0001000" id="7673" room="445" start="138" weeks="01111111111111110"/>
    <class days="0010000" id="7674" room="445" start="186" weeks="01111111111111110"/>
    <class days="0000100" id="7675" room="445" start="150" weeks="01111111111111110"/>
    <class days="0010000" id="7676" room="445" start="114" weeks="01111111111111110"/>
    <class days="0001000" id="7677" room="445" start="114" weeks="01111111111111110"/>
    <class days="0010000" id="7678" room="445" start="174" weeks="01111111111111110"/>
    <class days="0000100" id="7679" room="445" start="162" weeks="01111111111111110"/>
    <class days="0000100" id="7680" room="445" start="102" weeks="01111111111111110"/>
    <class days="0000100" id="7681" room="445" start="114" weeks="01111111111111110"/>
    <class days="0010000" id="7682" room="445" start="138" weeks="01111111111111110"/>
    <class days="0001000" id="7683" room="445" start="174" weeks="01111111111111110"/>
    <class days="0001000" id="7684" room="445" start="102" weeks="01111111111111110"/>
    <class days="0001000" id="7685" room="445" start="162" weeks="01111111111111110"/>
    <class days="0010000" id="7686" room="445" start="126" weeks="01111111111111110"/>
    <class days="0010000" id="7687" room="764" start="138" weeks="01111111111111110"/>
    <class days="0010000" id="7688" start="186" weeks="01111111111111110"/>
    <class days="0100000" id="7689" start="138" weeks="01111111111111110"/>
    <class days="0100000" id="7690" start="162" weeks="01111111111111110"/>
    <class days="0000100" id="7691" start="162" weeks="01111111111111110"/>
    <class days="0010000" id="7692" start="114" weeks="01111111111111110"/>
    <class days="0100000" id="7693" start="114" weeks="01111111111111110"/>
    <class days="1000000" id="7694" start="114" weeks="01101111111111110"/>
    <class days="0100000" id="7695" start="186" weeks="01111111111111110"/>
    <class days="0000100" id="7696" start="138" weeks="01111111111111110"/>
    <class days="0000100" id="7697" start="114" weeks="01111111111111110"/>
    <class days="0000100" id="7698" start="138" weeks="01111111111111110"/>
    <class days="0000100" id="7699" start="90" weeks="01111111111111110"/>
    <class days="0100000" id="7700" start="138" weeks="01111111111111110"/>
    <class days="0010000" id="7701" start="186" weeks="01111111111111110"/>
    <class days="0001000" id="7702" start="114" weeks="01111111111111110"/>
    <class days="0001000" id="7703" start="162" weeks="01111111111111110"/>
    <class days="0010000" id="7704" start="162" weeks="01111111111111110"/>
    <class days="0000100" id="7705" start="162" weeks="01111111111111110"/>
    <class days="0100000" id="7706" start="186" weeks="01111111111111110"/>
    <class days="0001000" id="7707" start="138" weeks="01111111111111110"/>
    <class days="0100000" id="7708" start="114" weeks="01111111111111110"/>
    <class days="0100000" id="7709" start="162" weeks="01111111111111110"/>
    <class days="0010000" id="7710" start="162" weeks="01111111111111110"/>
    <class days="0000100" id="7711" start="186" weeks="01111111111111110"/>
    <class days="0010100" id="7712" room="587" start="102" weeks="01111111111111110"/>
    <class days="0001000" id="7713" room="764" start="114" weeks="01111111111111110"/>
    <class days="0000100" id="7714" room="764" start="114" weeks="01111111111111110"/>
    <class days="0001000" id="7715" room="764" start="138" weeks="01111111111111110"/>
    <class days="0100000" id="7716" room="445" start="126" weeks="01111111111111110"/>
    <class days="0100000" id="7717" room="445" start="150" weeks="01111111111111110"/>
    <class days="0100000" id="7718" room="445" start="138" weeks="01111111111111110"/>
    <class days="1010100" id="7719" room="703" start="150" weeks="01111111111111110"/>
    <class days="1000000" id="7720" room="353" start="102" weeks="01101111111111110"/>
    <class days="0010000" id="7721" room="484" start="90" weeks="01111111111111110"/>
    <class days="0100000" id="7722" room="484" start="174" weeks="01111111111111110"/>
    <class days="0010000" id="7723" room="484" start="138" weeks="01111111111111110"/>
    <class days="0100000" id="7724" room="487" start="174" weeks="01111111111111110"/>
    <class days="1000000" id="7725" room="487" start="126" weeks="01101111111111110"/>
    <class days="0100000" id="7726" room="487" start="162" weeks="01111111111111110"/>
    <class days="1010000" id="7727" room="237" start="150" weeks="01111111111111110"/>
    <class days="0000100" id="7728" room="571" start="102" weeks="01111111111111110"/>
    <class days="0000100" id="7729" room="484" start="114" weeks="01111111111111110"/>
    <class days="0001000" id="7730" room="484" start="114" weeks="01111111111111110"/>
    <class days="0001000" id="7731" room="484" start="162" weeks="01111111111111110"/>
    <class days="0010000" id="7732" room="484" start="186" weeks="01111111111111110"/>
    <class days="0001000" id="7733" room="484" start="138" weeks="01111111111111110"/>
    <class days="0000100" id="7734" room="484" start="138" weeks="01111111111111110"/>
    <class days="0001000" id="7735" room="484" start="90" weeks="01111111111111110"/>
    <class days="1000000" id="7736" room="484" start="162" weeks="01101111111111110"/>
    <class days="0001000" id="7737" room="484" start="198" weeks="01111111111111110"/>
    <class days="1010000" id="7738" room="71" start="162" weeks="01111111111111110"/>
    <class days="0000100" id="7739" room="696" start="162" weeks="01111111111111110"/>
    <class days="0001000" id="7740" room="276" start="186" weeks="01111111111111110"/>
    <class days="0100000" id="7741" room="276" start="138" weeks="01111111111111110"/>
    <class days="0010000" id="7742" room="276" start="114" weeks="01111111111111110"/>
    <class days="1010000" id="7743" room="347" start="126" weeks="01111111111111110"/>
    <class days="1010000" id="7744" room="347" start="186" weeks="01111111111111110"/>
    <class days="0000100" id="7745" room="347" start="186" weeks="01111111111111110"/>
    <class days="0000100" id="7746" room="641" start="174" weeks="01111111111111110"/>
    <class days="0010000" id="7747" room="21" start="138" weeks="01111111111111110"/>
    <class days="0001000" id="7748" room="21" start="114" weeks="01111111111111110"/>
    <class days="0100000" id="7749" room="21" start="186" weeks="01111111111111110"/>
    <class days="0100000" id="7750" room="21" start="114" weeks="01111111111111110"/>
    <class days="0100000" id="7751" room="21" start="138" weeks="01111111111111110"/>
    <class days="0001000" id="7752" room="21" start="138" weeks="01111111111111110"/>
    <class days="0100000" id="7753" room="21" start="162" weeks="01111111111111110"/>
    <class days="0010000" id="7754" room="21" start="186" weeks="01111111111111110"/>
    <class days="0000100" id="7755" room="21" start="114" weeks="01111111111111110"/>
    <class days="0010000" id="7756" room="21" start="114" weeks="01111111111111110"/>
    <class days="0010000" id="7757" room="21" start="162" weeks="01111111111111110"/>
    <class days="0001000" id="7758" room="21" start="162" weeks="01111111111111110"/>
    <class days="0000100" id="7759" room="21" start="162" weeks="01111111111111110"/>
    <class days="0000100" id="7760" room="21" start="90" weeks="01111111111111110"/>
    <class days="0000100" id="7761" room="21" start="138" weeks="01111111111111110"/>
    <class days="1000000" id="7762" room="21" start="138" weeks="01101111111111110"/>
    <class days="0000100" id="7763" room="21" start="186" weeks="01111111111111110"/>
    <class days="1010000" id="7764" room="194" start="90" weeks="01111111111111110"/>
    <class days="0000100" id="7765" room="194" start="90" weeks="01111111111111110"/>
    <class days="0100000" id="7766" room="276" start="90" weeks="01111111111111110"/>
    <class days="1000000" id="7767" room="276" start="162" weeks="01101111111111110"/>
    <class days="0010000" id="7768" room="276" start="162" weeks="01111111111111110"/>
    <class days="0100000" id="7769" room="276" start="186" weeks="01111111111111110"/>
    <class days="0010000" id="7770" room="276" start="186" weeks="01111111111111110"/>
    <class days="0100000" id="7771" room="276" start="114" weeks="01111111111111110"/>
    <class days="0001000" id="7772" room="276" start="114" weeks="01111111111111110"/>
    <class days="1010000" id="7773" room="347" start="162" weeks="01111111111111110"/>
    <class days="0100000" id="7774" room="271" start="114" weeks="01111111111111110"/>
    <class days="0100000" id="7775" room="271" start="102" weeks="01111111111111110"/>
    <class days="0100000" id="7776" room="271" start="162" weeks="01111111111111110"/>
    <class days="0100000" id="7777" room="271" start="126" weeks="01111111111111110"/>
    <class days="0100000" id="7778" room="271" start="138" weeks="01111111111111110"/>
    <class days="0100000" id="7779" room="271" start="174" weeks="01111111111111110"/>
    <class days="0100000" id="7780" room="271" start="186" weeks="01111111111111110"/>
    <class days="0010000" id="7781" room="271" start="114" weeks="01111111111111110"/>
    <class days="0010000" id="7782" room="271" start="138" weeks="01111111111111110"/>
    <class days="0010000" id="7783" room="271" start="186" weeks="01111111111111110"/>
    <class days="0001000" id="7784" room="271" start="186" weeks="01111111111111110"/>
    <class days="0001000" id="7785" room="271" start="162" weeks="01111111111111110"/>
    <class days="0001000" id="7786" room="271" start="138" weeks="01111111111111110"/>
    <class days="0001000" id="7787" room="271" start="114" weeks="01111111111111110"/>
    <class days="0101000" id="7788" room="616" start="150" weeks="01111111111111110"/>
    <class days="0010000" id="7789" room="271" start="162" weeks="01111111111111110"/>
    <class days="1000000" id="7790" room="410" start="102" weeks="01101111111111110"/>
    <class days="0000100" id="7791" room="271" start="114" weeks="01111111111111110"/>
    <class days="1000000" id="7792" room="198" start="186" weeks="01101111111111110"/>
    <class days="0101000" id="7793" room="237" start="150" weeks="01111111111111110"/>
    <class days="0101000" id="7794" room="347" start="174" weeks="01111111111111110"/>
    <class days="0101000" id="7795" room="237" start="90" weeks="01111111111111110"/>
    <class days="0000100" id="7796" room="350" start="162" weeks="01111111111111110"/>
    <class days="0000100" id="7797" room="416" start="150" weeks="01111111111111110"/>
    <class days="0000100" id="7798" room="350" start="198" weeks="01111111111111110"/>
    <class days="0001000" id="7799" room="416" start="174" weeks="01111111111111110"/>
    <class days="0000100" id="7800" room="410" start="174" weeks="01111111111111110"/>
    <class days="0001000" id="7801" room="416" start="162" weeks="01111111111111110"/>
    <class days="0000100" id="7802" room="416" start="186" weeks="01111111111111110"/>
    <class days="0000100" id="7803" room="416" start="162" weeks="01111111111111110"/>
    <class days="0000100" id="7804" room="410" start="102" weeks="01111111111111110"/>
    <class days="0000100" id="7805" room="350" start="150" weeks="01111111111111110"/>
    <class days="0000100" id="7806" room="416" start="114" weeks="01111111111111110"/>
    <class days="0001000" id="7807" room="416" start="138" weeks="01111111111111110"/>
    <class days="0001000" id="7808" room="416" start="150" weeks="01111111111111110"/>
    <class days="0000100" id="7809" room="410" start="138" weeks="01111111111111110"/>
    <class days="0000100" id="7810" room="350" start="102" weeks="01111111111111110"/>
    <class days="0000100" id="7811" room="416" start="126" weeks="01111111111111110"/>
    <class days="0000100" id="7812" room="410" start="114" weeks="01111111111111110"/>
    <class days="0010000" id="7813" room="47" start="126" weeks="01111111111111110"/>
    <class days="1000000" id="7814" room="445" start="162" weeks="01101111111111110"/>
    <class days="0000100" id="7815" room="276" start="114" weeks="01111111111111110"/>
    <class days="0000100" id="7816" room="276" start="138" weeks="01111111111111110"/>
    <class days="1010000" id="7817" room="571" start="174" weeks="01111111111111110"/>
    <class days="1010000" id="7818" room="641" start="126" weeks="01111111111111110"/>
    <class days="0100000" id="7819" room="416" start="102" weeks="01111111111111110"/>
    <class days="0100000" id="7820" room="416" start="150" weeks="01111111111111110"/>
    <class days="0100000" id="7821" room="445" start="90" weeks="01111111111111110"/>
    <class days="0100000" id="7822" room="416" start="114" weeks="01111111111111110"/>
    <class days="0100000" id="7823" room="416" start="126" weeks="01111111111111110"/>
    <class days="0100000" id="7824" room="416" start="186" weeks="01111111111111110"/>
    <class days="0100000" id="7825" room="416" start="162" weeks="01111111111111110"/>
    <class days="0010000" id="7826" room="416" start="102" weeks="01111111111111110"/>
    <class days="0001000" id="7827" room="445" start="150" weeks="01111111111111110"/>
    <class days="0100000" id="7828" room="385" start="210" weeks="01111111111111110"/>
    <class days="0100000" id="7829" room="445" start="174" weeks="01111111111111110"/>
    <class days="0100000" id="7830" room="416" start="138" weeks="01111111111111110"/>
    <class days="0100000" id="7831" room="416" start="90" weeks="01111111111111110"/>
    <class days="0100000" id="7832" room="416" start="174" weeks="01111111111111110"/>
    <class days="1000000" id="7833" room="416" start="198" weeks="01101111111111110"/>
    <class days="0010000" id="7834" room="416" start="90" weeks="01111111111111110"/>
    <class days="0010000" id="7835" room="416" start="174" weeks="01111111111111110"/>
    <class days="0010000" id="7836" room="416" start="186" weeks="01111111111111110"/>
    <class days="0001000" id="7837" room="385" start="198" weeks="01111111111111110"/>
    <class days="0000100" id="7838" room="385" start="162" weeks="01111111111111110"/>
    <class days="0010000" id="7839" room="385" start="162" weeks="01111111111111110"/>
    <class days="0000100" id="7840" room="385" start="186" weeks="01111111111111110"/>
    <class days="0100000" id="7841" room="385" start="162" weeks="01111111111111110"/>
    <class days="0000100" id="7842" room="385" start="114" weeks="01111111111111110"/>
    <class days="0001000" id="7843" room="385" start="162" weeks="01111111111111110"/>
    <class days="0000100" id="7844" room="385" start="90" weeks="01111111111111110"/>
    <class days="0010000" id="7845" room="385" start="114" weeks="01111111111111110"/>
    <class days="0001000" id="7846" room="385" start="138" weeks="01111111111111110"/>
    <class days="0000100" id="7847" room="385" start="138" weeks="01111111111111110"/>
    <class days="0001000" id="7848" room="385" start="90" weeks="01111111111111110"/>
    <class days="0010000" id="7849" room="385" start="186" weeks="01111111111111110"/>
    <class days="0001000" id="7850" room="385" start="114" weeks="01111111111111110"/>
    <class days="0100000" id="7851" room="385" start="138" weeks="01111111111111110"/>
    <class days="0010000" id="7852" room="385" start="138" weeks="01111111111111110"/>
    <class days="0100000" id="7853" room="385" start="186" weeks="01111111111111110"/>
    <class days="0010000" id="7854" room="385" start="210" weeks="01111111111111110"/>
    <class days="0101000" id="7855" room="587" start="180" weeks="01111111111111110"/>
    <class days="1010000" id="7856" room="350" start="138" weeks="01111111111111110"/>
    <class days="1010100" id="7857" room="753" start="150" weeks="01111111111111110"/>
    <class days="0101000" id="7858" room="350" start="126" weeks="01111111111111110"/>
    <class days="0100000" id="7859" room="62" start="186" weeks="01111111111111110"/>
    <class days="0100000" id="7860" room="62" start="114" weeks="01111111111111110"/>
    <class days="0001000" id="7861" room="62" start="162" weeks="01111111111111110"/>
    <class days="0010000" id="7862" room="62" start="186" weeks="01111111111111110"/>
    <class days="0000100" id="7863" room="62" start="138" weeks="01111111111111110"/>
    <class days="0010000" id="7864" room="62" start="114" weeks="01111111111111110"/>
    <class days="0000100" id="7865" room="62" start="114" weeks="01111111111111110"/>
    <class days="0100000" id="7866" room="62" start="138" weeks="01111111111111110"/>
    <class days="1010100" id="7867" room="41" start="90" weeks="01111111111111110"/>
    <class days="1010100" id="7868" room="436" start="186" weeks="01111111111111110"/>
    <class days="0100000" id="7869" room="445" start="102" weeks="01111111111111110"/>
    <class days="0100000" id="7870" room="445" start="114" weeks="01111111111111110"/>
    <class days="0000100" id="7871" room="445" start="198" weeks="01111111111111110"/>
    <class days="1010000" id="7872" room="416" start="126" weeks="01111111111111110"/>
    <class days="0101000" id="7873" room="410" start="114" weeks="01111111111111110"/>
    <class days="1010000" id="7874" room="410" start="138" weeks="01111111111111110"/>
    <class days="0000100" id="7875" room="410" start="126" weeks="01111111111111110"/>
    <class days="0010000" id="7876" room="704" start="174" weeks="01111111111111110"/>
    <class days="0100000" id="7877" room="704" start="174" weeks="01111111111111110"/>
    <class days="1000000" id="7878" room="704" start="174" weeks="01101111111111110"/>
    <class days="0101000" id="7879" room="350" start="144" weeks="01111111111111110"/>
    <class days="0101000" id="7880" room="410" start="90" weeks="01111111111111110"/>
    <class days="0101000" id="7881" room="753" start="162" weeks="01111111111111110"/>
    <class days="1010100" id="7882" room="753" start="114" weeks="01111111111111110"/>
    <class days="1010100" id="7883" room="410" start="150" weeks="01111111111111110"/>
    <class days="0101000" id="7884" room="753" start="126" weeks="01111111111111110"/>
    <class days="1010100" id="7885" room="410" start="162" weeks="01111111111111110"/>
    <class days="1010000" id="7886" room="198" start="126" weeks="01111111111111110"/>
    <class days="1010000" id="7887" room="410" start="126" weeks="01111111111111110"/>
    <class days="0100000" id="7888" room="541" start="186" weeks="01111111111111110"/>
    <class days="0101000" id="7889" room="753" start="144" weeks="01111111111111110"/>
    <class days="0100000" id="7890" room="445" start="186" weeks="01111111111111110"/>
    <class days="1010100" id="7891" room="350" start="114" weeks="01111111111111110"/>
    <class days="0101000" id="7892" room="410" start="144" weeks="01111111111111110"/>
    <class days="1010000" id="7893" room="350" start="162" weeks="01111111111111110"/>
    <class days="0101000" id="7894" room="350" start="162" weeks="01111111111111110"/>
    <class days="0101000" id="7895" room="410" start="144" weeks="01111111111111110"/>
    <class days="0101000" id="7896" room="410" start="186" weeks="01111111111111110"/>
    <class days="0101000" id="7897" room="410" start="162" weeks="01111111111111110"/>
    <class days="1010000" id="7898" room="753" start="126" weeks="01111111111111110"/>
    <class days="1000000" id="7899" room="445" start="102" weeks="01101111111111110"/>
    <class days="1010100" id="7900" room="748" start="114" weeks="01111111111111110"/>
    <class days="1010000" id="7901" room="730" start="138" weeks="01111111111111110"/>
    <class days="1010100" id="7902" room="197" start="114" weeks="01111111111111110"/>
    <class days="1010100" id="7903" room="468" start="138" weeks="01111111111111110"/>
    <class days="0101000" id="7904" room="474" start="126" weeks="01111111111111110"/>
    <class days="0101000" id="7905" room="298" start="126" weeks="01111111111111110"/>
    <class days="1010100" id="7906" room="474" start="114" weeks="01111111111111110"/>
    <class days="1010100" id="7907" room="571" start="198" weeks="01111111111111110"/>
    <class days="0101000" id="7908" room="730" start="198" weeks="01111111111111110"/>
    <class days="1010100" id="7909" room="120" start="162" weeks="01111111111111110"/>
    <class days="1010100" id="7910" room="123" start="198" weeks="01111111111111110"/>
    <class days="0101000" id="7911" room="474" start="108" weeks="01111111111111110"/>
    <class days="0101000" id="7912" room="656" start="90" weeks="01111111111111110"/>
    <class days="1010100" id="7913" room="123" start="186" weeks="01111111111111110"/>
    <class days="0101000" id="7914" room="651" start="144" weeks="01111111111111110"/>
    <class days="1010100" id="7915" room="616" start="162" weeks="01111111111111110"/>
    <class days="1010100" id="7916" room="474" start="102" weeks="01111111111111110"/>
    <class days="1010100" id="7917" room="378" start="114" weeks="01111111111111110"/>
    <class days="1010100" id="7918" room="266" start="162" weeks="01111111111111110"/>
    <class days="1010100" id="7919" room="474" start="186" weeks="01111111111111110"/>
    <class days="1010100" id="7920" room="502" start="186" weeks="01111111111111110"/>
    <class days="1010100" id="7921" room="266" start="114" weeks="01111111111111110"/>
    <class days="1000100" id="7922" room="436" start="90" weeks="01111111111111110"/>
    <class days="0000100" id="7923" room="234" start="138" weeks="01111111111111110"/>
    <class days="0000100" id="7924" room="234" start="150" weeks="01111111111111110"/>
    <class days="0000100" id="7925" room="234" start="162" weeks="01111111111111110"/>
    <class days="0101000" id="7926" room="474" start="180" weeks="01111111111111110"/>
    <class days="1010100" id="7927" room="635" start="162" weeks="01111111111111110"/>
    <class days="1010100" id="7928" room="602" start="114" weeks="01111111111111110"/>
    <class days="1010100" id="7929" room="544" start="126" weeks="01111111111111110"/>
    <class days="0101000" id="7930" room="234" start="180" weeks="01111111111111110"/>
    <class days="1010000" id="7931" room="474" start="216" weeks="01111111111111110"/>
    <class days="0010000" id="7932" room="544" start="222" weeks="01111111111111110"/>
    <class days="0101000" id="7933" room="544" start="144" weeks="01111111111111110"/>
    <class days="1010000" id="7934" room="544" start="180" weeks="01111111111111110"/>
    <class days="0001000" id="7935" room="544" start="216" weeks="01111111111111110"/>
    <class days="1000000" id="7936" room="544" start="222" weeks="01101111111111110"/>
    <class days="0100000" id="7937" room="544" start="162" weeks="01111111111111110"/>
    <class days="1010000" id="7938" room="544" start="198" weeks="01111111111111110"/>
    <class days="0001000" id="7939" room="544" start="162" weeks="01111111111111110"/>
    <class days="0100000" id="7940" room="544" start="222" weeks="01111111111111110"/>
    <class days="0101000" id="7941" room="137" start="150" weeks="01111111100000000"/>
    <class days="0100000" id="7942" room="154" start="186" weeks="01111111111111110"/>
    <class days="0000100" id="7943" room="364" start="174" weeks="01111111111111110"/>
    <class days="0010000" id="7944" room="731" start="162" weeks="01111111111111110"/>
    <class days="0001000" id="7945" room="303" start="114" weeks="01111111111111110"/>
    <class days="0010000" id="7946" room="314" start="198" weeks="01111111111111110"/>
    <class days="0000100" id="7947" room="363" start="150" weeks="01111111111111110"/>
    <class days="0000100" id="7948" room="303" start="114" weeks="01111111111111110"/>
    <class days="0010000" id="7949" room="352" start="198" weeks="01111111111111110"/>
    <class days="0010000" id="7950" room="233" start="186" weeks="01111111111111110"/>
    <class days="0000100" id="7951" room="363" start="162" weeks="01111111111111110"/>
    <class days="0001000" id="7952" room="92" start="126" weeks="01111111111111110"/>
    <class days="0001000" id="7953" room="352" start="126" weeks="01111111111111110"/>
    <class days="0001000" id="7954" room="352" start="162" weeks="01111111111111110"/>
    <class days="0100000" id="7955" room="240" start="126" weeks="01111111111111110"/>
    <class days="0010000" id="7956" room="310" start="102" weeks="01111111111111110"/>
    <class days="0001000" id="7957" room="368" start="162" weeks="01111111111111110"/>
    <class days="0101000" id="7958" room="194" start="198" weeks="01111111111111110"/>
    <class days="1010100" id="7959" room="194" start="150" weeks="01111111111111110"/>
    <class days="0101000" id="7960" room="281" start="162" weeks="01111111111111110"/>
    <class days="0101000" id="7961" room="197" start="198" weeks="01111111111111110"/>
    <class days="0101000" id="7962" room="118" start="126" weeks="01111111111111110"/>
    <class days="0101000" id="7963" room="118" start="90" weeks="01111111111111110"/>
    <class days="0101000" id="7964" room="118" start="144" weeks="01111111111111110"/>
    <class days="1010100" id="7965" room="118" start="126" weeks="01111111111111110"/>
    <class days="1010100" id="7966" room="118" start="138" weeks="01111111111111110"/>
    <class days="0101000" id="7967" room="436" start="90" weeks="01111111111111110"/>
    <class days="0010000" id="7968" room="413" start="186" weeks="01111111111111110"/>
    <class days="1000000" id="7969" room="413" start="186" weeks="01101111111111110"/>
    <class days="0001000" id="7970" room="413" start="162" weeks="01111111111111110"/>
    <class days="0001000" id="7971" room="413" start="186" weeks="01111111111111110"/>
    <class days="0100000" id="7972" room="413" start="186" weeks="01111111111111110"/>
    <class days="0010000" id="7973" room="413" start="162" weeks="01111111111111110"/>
    <class days="1010100" id="7974" room="641" start="102" weeks="01111111111111110"/>
    <class days="0101000" id="7975" room="237" start="198" weeks="01111111111111110"/>
    <class days="1010100" id="7976" room="407" start="198" weeks="01111111111111110"/>
    <class days="0101000" id="7977" room="661" start="198" weeks="01111111111111110"/>
    <class days="0101000" id="7978" room="661" start="144" weeks="01111111111111110"/>
    <class days="1010100" id="7979" room="281" start="114" weeks="01111111111111110"/>
    <class days="1010100" id="7980" room="11" start="174" weeks="01111111111111110"/>
    <class days="0101000" id="7981" room="118" start="180" weeks="01111111111111110"/>
    <class days="1010100" id="7982" room="567" start="138" weeks="01111111111111110"/>
    <class days="0101000" id="7983" room="651" start="126" weeks="01111111111111110"/>
    <class days="0101000" id="7984" room="23" start="198" weeks="01111111111111110"/>
    <class days="0101000" id="7985" room="571" start="90" weeks="01111111111111110"/>
    <class days="0101000" id="7986" room="407" start="144" weeks="01111111111111110"/>
    <class days="0101000" id="7987" room="118" start="162" weeks="01111111111111110"/>
    <class days="0101000" id="7988" room="748" start="90" weeks="01111111111111110"/>
    <class days="0101000" id="7989" room="281" start="126" weeks="01111111111111110"/>
    <class days="0101000" id="7990" room="413" start="108" weeks="01111111111111110"/>
    <class days="0010100" id="7991" room="118" start="96" weeks="01111111111111110"/>
    <class days="0101000" id="7992" room="118" start="108" weeks="01111111111111110"/>
    <class days="1010100" id="7993" room="118" start="114" weeks="01111111111111110"/>
    <class days="0000100" id="7994" room="6" start="138" weeks="01111111111111110"/>
    <class days="0000100" id="7995" room="118" start="150" weeks="01111111111111110"/>
    <class days="0100000" id="7996" room="413" start="126" weeks="01111111111111110"/>
    <class days="1010100" id="7997" room="460" start="174" weeks="01111111111111110"/>
    <class days="0101000" id="7998" room="281" start="180" weeks="01111111111111110"/>
    <class days="0101000" id="7999" room="281" start="144" weeks="01111111111111110"/>
    <class days="0001000" id="8000" room="654" start="126" weeks="01111111111111110"/>
    <class days="1010100" id="8001" room="413" start="126" weeks="01111111111111110"/>
    <class days="0000100" id="8002" room="413" start="102" weeks="01111111111111110"/>
    <class days="1010000" id="8003" room="413" start="102" weeks="01111111111111110"/>
    <class days="1000000" id="8004" room="114" start="162" weeks="01101111111111110"/>
    <class days="1000000" id="8005" room="654" start="192" weeks="01101111111111110"/>
    <class days="0010000" id="8006" room="118" start="150" weeks="01111111111111110"/>
    <class days="0010000" id="8007" room="118" start="174" weeks="01111111111111110"/>
    <class days="0101000" id="8008" room="114" start="108" weeks="01111111111111110"/>
    <class days="1000000" id="8009" room="654" start="126" weeks="01101111111111110"/>
    <class days="0100000" id="8010" room="654" start="162" weeks="01111111111111110"/>
    <class days="0100000" id="8011" room="147" start="108" weeks="01111111111111110"/>
    <class days="0010000" id="8012" room="147" start="162" weeks="01111111111111110"/>
    <class days="1000000" id="8013" room="147" start="108" weeks="01101111111111110"/>
    <class days="0000100" id="8014" room="118" start="174" weeks="01111111111111110"/>
    <class days="0000100" id="8015" room="654" start="126" weeks="01111111111111110"/>
    <class days="0101000" id="8016" room="654" start="108" weeks="01111111111111110"/>
    <class days="0010000" id="8017" room="654" start="162" weeks="01111111111111110"/>
    <class days="1000000" id="8018" room="118" start="150" weeks="01101111111111110"/>
    <class days="0010000" id="8019" room="413" start="138" weeks="01111111111111110"/>
    <class days="0000100" id="8020" room="118" start="186" weeks="01111111111111110"/>
    <class days="0000100" id="8021" room="46" start="90" weeks="01111111111111110"/>
    <class days="0010100" id="8022" room="54" start="162" weeks="01111111111111110"/>
    <class days="0001000" id="8023" room="46" start="114" weeks="01111111111111110"/>
    <class days="0010100" id="8024" room="274" start="90" weeks="01111111111111110"/>
    <class days="1000000" id="8025" room="274" start="90" weeks="01101111111111110"/>
    <class days="0010100" id="8026" room="33" start="114" weeks="01111111111111110"/>
    <class days="0100000" id="8027" room="550" start="114" weeks="01111111111111110"/>
    <class days="0001000" id="8028" room="280" start="114" weeks="01111111111111110"/>
    <class days="1010100" id="8029" room="230" start="126" weeks="01111111111111110"/>
    <class days="1000100" id="8030" room="317" start="102" weeks="01111111111111100"/>
    <class days="0101000" id="8031" room="303" start="138" weeks="11111111111111111"/>
    <class days="0010000" id="8032" room="317" start="138" weeks="11111111111111111"/>
    <class days="1111100" id="8033" start="126" weeks="01111111111111110"/>
    <class days="1111100" id="8034" start="198" weeks="01111111111111110"/>
    <class days="0101000" id="8035" start="162" weeks="01111111111111110"/>
    <class days="1010100" id="8036" start="162" weeks="01111111111111110"/>
    <class days="1010100" id="8037" start="174" weeks="01111111111111110"/>
    <class days="1111100" id="8038" start="162" weeks="01111111111111110"/>
    <class days="1111100" id="8039" start="168" weeks="01111111111111110"/>
    <class days="1111100" id="8040" start="174" weeks="01111111111111110"/>
    <class days="1111100" id="8041" start="210" weeks="01111111111111110"/>
    <class days="1111100" id="8042" start="168" weeks="01111111111111110"/>
    <class days="1111100" id="8043" start="162" weeks="01111111111111110"/>
    <class days="1111100" id="8044" start="162" weeks="01111111111111110"/>
    <class days="1111100" id="8045" start="162" weeks="01111111111111110"/>
    <class days="1111100" id="8046" start="174" weeks="01111111111111110"/>
    <class days="1111100" id="8047" start="174" weeks="01111111111111110"/>
    <class days="1111100" id="8048" start="102" weeks="01111111111111110"/>
    <class days="1010100" id="8049" start="138" weeks="01111111111111110"/>
    <class days="1010000" id="8050" start="186" weeks="01111111111111110"/>
    <class days="1111100" id="8051" start="174" weeks="01111111111111110"/>
    <class days="1111100" id="8052" start="162" weeks="01111111111111110"/>
    <class days="1010100" id="8053" start="168" weeks="01111111111111110"/>
    <class days="1111100" id="8054" start="174" weeks="01111111111111110"/>
    <class days="1111100" id="8055" start="174" weeks="01111111111111110"/>
    <class days="1111100" id="8056" start="162" weeks="01111111111111110"/>
    <class days="1010100" id="8057" room="212" start="90" weeks="01111111111111110"/>
    <class days="1010100" id="8058" room="305" start="114" weeks="01111111111111110"/>
    <class days="1010100" id="8059" room="270" start="126" weeks="01111111111111110"/>
    <class days="1010100" id="8060" room="33" start="138" weeks="01111111111111110"/>
    <class days="0100000" id="8061" room="447" start="114" weeks="01111111111111110"/>
    <class days="0100000" id="8062" room="414" start="162" weeks="01111111111111110"/>
    <class days="0001000" id="8063" room="375" start="90" weeks="01111111111111110"/>
    <class days="0001000" id="8064" room="230" start="162" weeks="01111111111111110"/>
    <class days="0001000" id="8065" room="640" start="162" weeks="01111111111111110"/>
    <class days="1010100" id="8066" room="640" start="150" weeks="01111111111111110"/>
    <class days="0100000" id="8067" room="414" start="150" weeks="01111111111111110"/>
    <class days="0001000" id="8068" room="751" start="150" weeks="01111111111111110"/>
    <class days="1010100" id="8069" room="48" start="174" weeks="01111111111111110"/>
    <class days="0101000" id="8070" room="683" start="150" weeks="01111111111111110"/>
    <class days="1000000" id="8071" room="320" start="228" weeks="01101111111111110"/>
    <class days="0101000" id="8072" room="33" start="126" weeks="01111111111111110"/>
    <class days="1010100" id="8073" room="524" start="186" weeks="01111111111111110"/>
    <class days="0101000" id="8074" start="138" weeks="01111111111111110"/>
    <class days="1000000" id="8075" start="198" weeks="01101111111111110"/>
    <class days="0100000" id="8076" room="693" start="216" weeks="01111111111111110"/>
    <class days="0001000" id="8077" room="123" start="150" weeks="01111111111111110"/>
    <class days="0000100" id="8078" start="138" weeks="01111111111111110"/>
    <class days="1010100" id="8079" room="341" start="114" weeks="01111111111111110"/>
    <class days="1010100" id="8080" room="342" start="174" weeks="01111111111111110"/>
    <class days="1010100" id="8081" room="342" start="126" weeks="01111111111111110"/>
    <class days="1010100" id="8082" room="342" start="198" weeks="01111111111111110"/>
    <class days="1010100" id="8083" room="342" start="90" weeks="01111111111111110"/>
    <class days="1010100" id="8084" room="341" start="198" weeks="01111111111111110"/>
    <class days="1010100" id="8085" room="342" start="138" weeks="01111111111111110"/>
    <class days="1010100" id="8086" room="342" start="186" weeks="01111111111111110"/>
    <class days="0101000" id="8087" room="341" start="126" weeks="01111111111111110"/>
    <class days="0101000" id="8088" room="340" start="198" weeks="01111111111111110"/>
    <class days="0101000" id="8089" room="340" start="90" weeks="01111111111111110"/>
    <class days="0101000" id="8090" room="341" start="108" weeks="01111111111111110"/>
    <class days="0101000" id="8091" room="341" start="180" weeks="01111111111111110"/>
    <class days="0101000" id="8092" room="340" start="126" weeks="01111111111111110"/>
    <class days="0101000" id="8093" room="340" start="180" weeks="01111111111111110"/>
    <class days="0101000" id="8094" room="340" start="162" weeks="01111111111111110"/>
    <class days="0101000" id="8095" room="341" start="90" weeks="01111111111111110"/>
    <class days="0101000" id="8096" room="342" start="90" weeks="01111111111111110"/>
    <class days="0101000" id="8097" room="341" start="144" weeks="01111111111111110"/>
    <class days="0101000" id="8098" room="342" start="198" weeks="01111111111111110"/>
    <class days="1010100" id="8099" room="341" start="102" weeks="01111111111111110"/>
    <class days="1010100" id="8100" room="340" start="114" weeks="01111111111111110"/>
    <class days="1010100" id="8101" room="340" start="126" weeks="01111111111111110"/>
    <class days="1010100" id="8102" room="341" start="150" weeks="01111111111111110"/>
    <class days="1010100" id="8103" room="342" start="150" weeks="01111111111111110"/>
    <class days="1010100" id="8104" room="341" start="162" weeks="01111111111111110"/>
    <class days="1010100" id="8105" room="342" start="162" weeks="01111111111111110"/>
    <class days="1010100" id="8106" room="340" start="198" weeks="01111111111111110"/>
    <class days="0101000" id="8107" room="340" start="144" weeks="01111111111111110"/>
    <class days="0101000" id="8108" room="342" start="126" weeks="01111111111111110"/>
    <class days="0101000" id="8109" room="342" start="180" weeks="01111111111111110"/>
    <class days="0101000" id="8110" room="341" start="162" weeks="01111111111111110"/>
    <class days="0101000" id="8111" room="342" start="162" weeks="01111111111111110"/>
    <class days="0100000" id="8112" room="120" start="126" weeks="01111111111111110"/>
    <class days="1000000" id="8113" room="703" start="114" weeks="00000000011111110"/>
    <class days="0100000" id="8114" room="341" start="210" weeks="01111111111111110"/>
    <class days="0010000" id="8115" room="341" start="138" weeks="01111111111111110"/>
    <class days="1000000" id="8116" room="73" start="174" weeks="01101111111111110"/>
    <class days="1000000" id="8117" room="73" start="186" weeks="01101111111111110"/>
    <class days="0010000" id="8118" start="162" weeks="01111111111111110"/>
    <class days="1010100" id="8119" room="73" start="150" weeks="01111111111111110"/>
    <class days="1010100" id="8120" room="73" start="114" weeks="00000000000111110"/>
    <class days="1010100" id="8121" room="73" start="114" weeks="00000011111000000"/>
    <class days="1010100" id="8122" room="73" start="114" weeks="01111100000000000"/>
    <class days="1010100" id="8123" room="313" start="126" weeks="01111111111111110"/>
    <class days="0101000" id="8124" room="154" start="198" weeks="01111111111111110"/>
    <class days="1000100" id="8125" room="320" start="162" weeks="01111111111111110"/>
    <class days="0000100" id="8126" room="109" start="186" weeks="01111111111111110"/>
    <class days="0001000" id="8127" room="109" start="90" weeks="01111111111111110"/>
    <class days="1000100" id="8128" room="471" start="174" weeks="01111111111111110"/>
    <class days="0000100" id="8129" room="105" start="114" weeks="01111111111111110"/>
    <class days="0000100" id="8130" room="155" start="90" weeks="01111111111111110"/>
    <class days="0001000" id="8131" room="116" start="162" weeks="01111111111111110"/>
    <class days="0001000" id="8132" room="187" start="90" weeks="01111111111111110"/>
    <class days="1010100" id="8133" room="154" start="90" weeks="01111111111111110"/>
    <class days="0100000" id="8134" room="155" start="90" weeks="01111111111111110"/>
    <class days="0101000" id="8135" room="109" start="126" weeks="01111111111111110"/>
    <class days="1010100" id="8136" room="502" start="102" weeks="01111111111111110"/>
    <class days="0101000" id="8137" room="109" start="144" weeks="01111111111111110"/>
    <class days="0101000" id="8138" room="172" start="126" weeks="01111111111111110"/>
    <class days="0101000" id="8139" room="154" start="90" weeks="01111111111111110"/>
    <class days="0001000" id="8140" room="105" start="186" weeks="01111111111111110"/>
    <class days="0000100" id="8141" room="105" start="186" weeks="01111111111111110"/>
    <class days="0000100" id="8142" room="105" start="90" weeks="01111111111111110"/>
    <class days="0000100" id="8143" room="109" start="162" weeks="01111111111111110"/>
    <class days="0000100" id="8144" room="155" start="126" weeks="01111111111111110"/>
    <class days="1010100" id="8145" room="155" start="174" weeks="01111111111111110"/>
    <class days="1010100" id="8146" room="155" start="162" weeks="01111111111111110"/>
    <class days="1010000" id="8147" room="105" start="114" weeks="01111111111111110"/>
    <class days="1000000" id="8148" room="280" start="162" weeks="01101111111111110"/>
    <class days="0101000" id="8149" room="155" start="144" weeks="01111111111111110"/>
    <class days="0100000" id="8150" room="155" start="180" weeks="01111111111111110"/>
    <class days="0000100" id="8151" room="109" start="162" weeks="01111111111111110"/>
    <class days="1010100" id="8152" room="109" start="102" weeks="01111111111111110"/>
    <class days="0101000" id="8153" room="105" start="162" weeks="01111111111111110"/>
    <class days="0100000" id="8154" room="111" start="114" weeks="01111111111111110"/>
    <class days="1000000" id="8155" room="105" start="162" weeks="01101111111111110"/>
    <class days="0100000" id="8156" room="109" start="162" weeks="01111111111111110"/>
    <class days="0001000" id="8157" room="109" start="162" weeks="01111111111111110"/>
    <class days="0100000" id="8158" room="155" start="162" weeks="01111111111111110"/>
    <class days="0010000" id="8159" room="105" start="162" weeks="01111111111111110"/>
    <class days="0001000" id="8160" room="155" start="162" weeks="01111111111111110"/>
    <class days="0000100" id="8161" room="105" start="150" weeks="01111111111111110"/>
    <class days="0000100" id="8162" room="155" start="150" weeks="01111111111111110"/>
    <class days="0000100" id="8163" room="108" start="102" weeks="01111111111111110"/>
    <class days="0010000" id="8164" room="155" start="126" weeks="01111111111111110"/>
    <class days="0000100" id="8165" room="105" start="162" weeks="01111111111111110"/>
    <class days="1000000" id="8166" room="109" start="162" weeks="01101111111111110"/>
    <class days="0000100" id="8167" room="155" start="138" weeks="01111111111111110"/>
    <class days="0001000" id="8168" room="109" start="114" weeks="01111111111111110"/>
    <class days="0000100" id="8169" room="109" start="150" weeks="01111111111111110"/>
    <class days="1000000" id="8170" room="155" start="150" weeks="01101111111111110"/>
    <class days="0000100" id="8171" room="110" start="174" weeks="01111111111111110"/>
    <class days="0010000" id="8172" room="109" start="150" weeks="01111111111111110"/>
    <class days="0001000" id="8173" room="155" start="126" weeks="01111111111111110"/>
    <class days="1010000" id="8174" room="155" start="210" weeks="00000000011111110"/>
    <class days="1000100" id="8175" room="571" start="186" weeks="01111111111111110"/>
    <class days="1010000" id="8176" room="408" start="162" weeks="01111111111111110"/>
    <class days="0101000" id="8177" room="571" start="180" weeks="01111111111111110"/>
    <class days="1010100" id="8178" room="696" start="90" weeks="01111111111111110"/>
    <class days="1010100" id="8179" room="213" start="114" weeks="01111111111111110"/>
    <class days="1010100" id="8180" room="674" start="102" weeks="01111111111111110"/>
    <class days="1010100" id="8181" room="674" start="174" weeks="01111111111111110"/>
    <class days="1010100" id="8182" room="229" start="186" weeks="01111111111111110"/>
    <class days="0101000" id="8183" room="378" start="162" weeks="01111111111111110"/>
    <class days="1010000" id="8184" room="229" start="126" weeks="01111111111111110"/>
    <class days="0101000" id="8185" room="229" start="108" weeks="01111111111111110"/>
    <class days="1010100" id="8186" room="121" start="102" weeks="01111111111111110"/>
    <class days="0101000" id="8187" room="709" start="180" weeks="01111111111111110"/>
    <class days="1010100" id="8188" room="172" start="114" weeks="01111111111111110"/>
    <class days="0101000" id="8189" room="229" start="144" weeks="01111111111111110"/>
    <class days="0101000" id="8190" room="229" start="126" weeks="01111111111111110"/>
    <class days="0101000" id="8191" room="229" start="162" weeks="01111111111111110"/>
    <class days="0101000" id="8192" room="597" start="108" weeks="01111111111111110"/>
    <class days="0101000" id="8193" room="597" start="126" weeks="01111111111111110"/>
    <class days="1010100" id="8194" room="674" start="186" weeks="01111111111111110"/>
    <class days="1010100" id="8195" room="229" start="150" weeks="01111111111111110"/>
    <class days="0101000" id="8196" room="674" start="144" weeks="01111111111111110"/>
    <class days="1010000" id="8197" room="674" start="198" weeks="01111111111111110"/>
    <class days="0101000" id="8198" room="229" start="180" weeks="01111111111111110"/>
    <class days="0001000" id="8199" room="229" start="216" weeks="01111111111111110"/>
    <class days="0101000" id="8200" room="123" start="126" weeks="01111111111111110"/>
    <class days="1010100" id="8201" room="229" start="162" weeks="01111111111111110"/>
    <class days="0101000" id="8202" room="674" start="180" weeks="01111111111111110"/>
    <class days="0101000" id="8203" room="536" start="108" weeks="01111111111111110"/>
    <class days="0101000" id="8204" room="674" start="126" weeks="01111111111111110"/>
    <class days="1010100" id="8205" room="597" start="138" weeks="01111111111111110"/>
    <class days="0101000" id="8206" room="229" start="198" weeks="01111111111111110"/>
    <class days="0101000" id="8207" room="77" start="180" weeks="01111111111111110"/>
    <class days="0101000" id="8208" room="77" start="198" weeks="01111111111111110"/>
    <class days="0101000" id="8209" room="77" start="126" weeks="01111111111111110"/>
    <class days="0101000" id="8210" room="597" start="144" weeks="01111111111111110"/>
    <class days="0001000" id="8211" room="597" start="90" weeks="01111111111111110"/>
    <class days="0101000" id="8212" room="674" start="162" weeks="01111111111111110"/>
    <class days="1010000" id="8213" room="674" start="138" weeks="01111111111111110"/>
    <class days="1010100" id="8214" room="674" start="162" weeks="01111111111111110"/>
    <class days="1010100" id="8215" room="597" start="126" weeks="01111111111111110"/>
    <class days="0101000" id="8216" room="597" start="162" weeks="01111111111111110"/>
    <class days="0101000" id="8217" room="597" start="180" weeks="01111111111111110"/>
    <class days="1010000" id="8218" room="412" start="156" weeks="01111111111111110"/>
    <class days="0101000" id="8219" room="412" start="126" weeks="01111111111111110"/>
    <class days="1000000" id="8220" room="412" start="174" weeks="01101111111111110"/>
    <class days="0101000" id="8221" room="770" start="162" weeks="01111111111111110"/>
    <class days="0010000" id="8222" room="412" start="216" weeks="01111111111111110"/>
    <class days="0010000" id="8223" room="296" start="162" weeks="01111111111111110"/>
    <class days="0101000" id="8224" room="412" start="180" weeks="01111111111111110"/>
    <class days="1010000" id="8225" room="550" start="174" weeks="01111111111111110"/>
    <class days="1010000" id="8226" room="270" start="102" weeks="01111111111111110"/>
    <class days="1010000" id="8227" room="230" start="138" weeks="01111111111111110"/>
    <class days="1010000" id="8228" room="553" start="186" weeks="01111111111111110"/>
    <class days="1000100" id="8229" room="33" start="126" weeks="01111111111111110"/>
    <class days="0100000" id="8230" room="447" start="174" weeks="01111111111111110"/>
    <class days="0100000" id="8231" room="447" start="102" weeks="01111111111111110"/>
    <class days="0100000" id="8232" room="375" start="174" weeks="01111111111111110"/>
    <class days="0100000" id="8233" room="640" start="186" weeks="01111111111111110"/>
    <class days="0100000" id="8234" room="375" start="126" weeks="01111111111111110"/>
    <class days="0001000" id="8235" room="594" start="174" weeks="01111111111111110"/>
    <class days="0010000" id="8236" room="42" start="114" weeks="01111111111111110"/>
    <class days="1000000" id="8237" room="697" start="186" weeks="01101111111111110"/>
    <class days="0001000" id="8238" room="270" start="90" weeks="01111111111111110"/>
    <class days="0001000" id="8239" room="594" start="102" weeks="01111111111111110"/>
    <class days="0101000" id="8240" room="414" start="198" weeks="01111111111111110"/>
    <class days="0101000" id="8241" room="305" start="114" weeks="01111111111111110"/>
    <class days="0101000" id="8242" room="414" start="114" weeks="01111111111111110"/>
    <class days="0101000" id="8243" room="722" start="150" weeks="01111111111111110"/>
    <class days="0101000" id="8244" room="375" start="114" weeks="01111111111111110"/>
    <class days="0101000" id="8245" room="722" start="126" weeks="01111111111111110"/>
    <class days="0101000" id="8246" room="261" start="138" weeks="01111111111111110"/>
    <class days="0101000" id="8247" room="550" start="126" weeks="01111111111111110"/>
    <class days="0101000" id="8248" room="261" start="114" weeks="01111111111111110"/>
    <class days="0101000" id="8249" room="305" start="138" weeks="01111111111111110"/>
    <class days="0101000" id="8250" room="230" start="174" weeks="01111111111111110"/>
    <class days="0101000" id="8251" room="375" start="138" weeks="01111111111111110"/>
    <class days="0101000" id="8252" room="553" start="174" weeks="01111111111111110"/>
    <class days="0101000" id="8253" room="270" start="186" weeks="01111111111111110"/>
    <class days="0101000" id="8254" room="447" start="162" weeks="01111111111111110"/>
    <class days="0010000" id="8255" room="722" start="198" weeks="01111111111111110"/>
    <class days="0010000" id="8256" room="414" start="114" weeks="01111111111111110"/>
    <class days="0010000" id="8257" room="447" start="114" weeks="01111111111111110"/>
    <class days="0010000" id="8258" room="305" start="150" weeks="01111111111111110"/>
    <class days="0010000" id="8259" room="230" start="114" weeks="01111111111111110"/>
    <class days="0010000" id="8260" room="596" start="126" weeks="01111111111111110"/>
    <class days="0010000" id="8261" room="305" start="138" weeks="01111111111111110"/>
    <class days="0010000" id="8262" room="315" start="126" weeks="01111111111111110"/>
    <class days="0010000" id="8263" room="261" start="114" weeks="01111111111111110"/>
    <class days="0010000" id="8264" room="447" start="186" weeks="01111111111111110"/>
    <class days="0010000" id="8265" room="305" start="174" weeks="01111111111111110"/>
    <class days="0010000" id="8266" room="596" start="138" weeks="01111111111111110"/>
    <class days="0010000" id="8267" room="722" start="174" weeks="01111111111111110"/>
    <class days="0010000" id="8268" room="683" start="186" weeks="01111111111111110"/>
    <class days="0010000" id="8269" room="447" start="162" weeks="01111111111111110"/>
    <class days="0000100" id="8270" room="517" start="198" weeks="01111111111111110"/>
    <class days="0000100" id="8271" room="42" start="114" weeks="01111111111111110"/>
    <class days="0001000" id="8272" room="4" start="162" weeks="01111111111111110"/>
    <class days="0010000" id="8273" room="344" start="174" weeks="01111111111111110"/>
    <class days="0001000" id="8274" room="4" start="126" weeks="01111111111111110"/>
    <class days="1000000" id="8275" room="594" start="126" weeks="01101111111111110"/>
    <class days="0000100" id="8276" room="344" start="102" weeks="01111111111111110"/>
    <class days="1000000" id="8277" room="392" start="126" weeks="01101111111111110"/>
    <class days="0100000" id="8278" room="4" start="126" weeks="01111111111111110"/>
    <class days="0100000" id="8279" room="207" start="126" weeks="01111111111111110"/>
    <class days="0010000" id="8280" room="207" start="162" weeks="01111111111111110"/>
    <class days="0000100" id="8281" room="207" start="138" weeks="01111111111111110"/>
    <class days="0000100" id="8282" room="344" start="174" weeks="01111111111111110"/>
    <class days="0010000" id="8283" room="594" start="126" weeks="01111111111111110"/>
    <class days="0000100" id="8284" room="517" start="162" weeks="01111111111111110"/>
    <class days="0000100" id="8285" room="751" start="114" weeks="01111111111111110"/>
    <class days="1010100" id="8286" room="315" start="90" weeks="01111111111111110"/>
    <class days="1010100" id="8287" room="230" start="198" weeks="01111111111111110"/>
    <class days="1010100" id="8288" room="315" start="150" weeks="01111111111111110"/>
    <class days="1010100" id="8289" room="261" start="186" weeks="01111111111111110"/>
    <class days="1010100" id="8290" room="640" start="102" weeks="01111111111111110"/>
    <class days="1010100" id="8291" room="550" start="150" weeks="01111111111111110"/>
    <class days="1010100" id="8292" room="261" start="90" weeks="01111111111111110"/>
    <class days="1010100" id="8293" room="375" start="186" weeks="01111111111111110"/>
    <class days="1010100" id="8294" room="683" start="102" weeks="01111111111111110"/>
    <class days="1010100" id="8295" room="375" start="174" weeks="01111111111111110"/>
    <class days="1010100" id="8296" room="33" start="102" weeks="01111111111111110"/>
    <class days="1010100" id="8297" room="722" start="162" weeks="01111111111111110"/>
    <class days="1010100" id="8298" room="447" start="102" weeks="01111111111111110"/>
    <class days="1010100" id="8299" room="683" start="114" weeks="01111111111111110"/>
    <class days="1010100" id="8300" room="550" start="114" weeks="01111111111111110"/>
    <class days="1010100" id="8301" room="596" start="186" weeks="01111111111111110"/>
    <class days="1010100" id="8302" room="447" start="174" weeks="01111111111111110"/>
    <class days="1010100" id="8303" room="640" start="162" weeks="01111111111111110"/>
    <class days="1010100" id="8304" room="270" start="174" weeks="01111111111111110"/>
    <class days="1010100" id="8305" room="722" start="102" weeks="01111111111111110"/>
    <class days="1000000" id="8306" room="270" start="90" weeks="01101111111111110"/>
    <class days="1000000" id="8307" room="414" start="102" weeks="01101111111111110"/>
    <class days="1000000" id="8308" room="261" start="198" weeks="01101111111111110"/>
    <class days="1000000" id="8309" room="447" start="186" weeks="01101111111111110"/>
    <class days="1000000" id="8310" room="596" start="174" weeks="01101111111111110"/>
    <class days="1000000" id="8311" room="414" start="114" weeks="01101111111111110"/>
    <class days="1000000" id="8312" room="722" start="174" weeks="01101111111111110"/>
    <class days="1000000" id="8313" room="305" start="162" weeks="01101111111111110"/>
    <class days="1000000" id="8314" room="722" start="186" weeks="01101111111111110"/>
    <class days="1000000" id="8315" room="261" start="114" weeks="01101111111111110"/>
    <class days="1000000" id="8316" room="315" start="138" weeks="01101111111111110"/>
    <class days="0101000" id="8317" room="414" start="90" weeks="01111111111111110"/>
    <class days="0101000" id="8318" room="261" start="102" weeks="01111111111111110"/>
    <class days="0101000" id="8319" room="683" start="198" weeks="01111111111111110"/>
    <class days="0101000" id="8320" room="447" start="186" weeks="01111111111111110"/>
    <class days="0101000" id="8321" room="305" start="174" weeks="01111111111111110"/>
    <class days="0101000" id="8322" room="640" start="114" weeks="01111111111111110"/>
    <class days="0101000" id="8323" room="640" start="174" weeks="01111111111111110"/>
    <class days="0101000" id="8324" room="550" start="162" weeks="01111111111111110"/>
    <class days="0101000" id="8325" room="722" start="186" weeks="01111111111111110"/>
    <class days="0101000" id="8326" room="722" start="114" weeks="01111111111111110"/>
    <class days="0101000" id="8327" room="550" start="138" weeks="01111111111111110"/>
    <class days="0000100" id="8328" room="305" start="138" weeks="01111111111111110"/>
    <class days="1010100" id="8329" room="550" start="90" weeks="01111111111111110"/>
    <class days="0101000" id="8330" room="270" start="126" weeks="01111111111111110"/>
    <class days="1010100" id="8331" room="230" start="162" weeks="01111111111111110"/>
    <class days="1010100" id="8332" room="414" start="150" weeks="01111111111111110"/>
    <class days="0101000" id="8333" room="311" start="144" weeks="01111111111111110"/>
    <class days="1010100" id="8334" room="280" start="198" weeks="01111111111111110"/>
    <class days="1010100" id="8335" room="524" start="90" weeks="01111111111111110"/>
    <class days="1010100" id="8336" room="550" start="198" weeks="01111111111111110"/>
    <class days="1010100" id="8337" room="270" start="150" weeks="01111111111111110"/>
    <class days="1010100" id="8338" room="524" start="198" weeks="01111111111111110"/>
    <class days="1010100" id="8339" room="553" start="198" weeks="01111111111111110"/>
    <class days="1010100" id="8340" room="270" start="186" weeks="01111111111111110"/>
    <class days="1010100" id="8341" room="553" start="114" weeks="01111111111111110"/>
    <class days="1010100" id="8342" room="230" start="102" weeks="01111111111111110"/>
    <class days="1010100" id="8343" room="414" start="90" weeks="01111111111111110"/>
    <class days="1010100" id="8344" room="640" start="186" weeks="01111111111111110"/>
    <class days="1010100" id="8345" room="640" start="198" weeks="01111111111111110"/>
    <class days="1010100" id="8346" room="315" start="102" weeks="01111111111111110"/>
    <class days="1010100" id="8347" room="375" start="114" weeks="01111111111111110"/>
    <class days="1010100" id="8348" room="550" start="102" weeks="01111111111111110"/>
    <class days="1010100" id="8349" room="414" start="138" weeks="01111111111111110"/>
    <class days="1010100" id="8350" room="722" start="150" weeks="01111111111111110"/>
    <class days="1010100" id="8351" room="553" start="162" weeks="01111111111111110"/>
    <class days="1010100" id="8352" room="230" start="186" weeks="01111111111111110"/>
    <class days="0101000" id="8353" room="524" start="108" weeks="01111111111111110"/>
    <class days="0101000" id="8354" room="640" start="126" weeks="01111111111111110"/>
    <class days="0000100" id="8355" room="550" start="174" weeks="01111111111111110"/>
    <class days="0101000" id="8356" room="596" start="144" weeks="01111111111111110"/>
    <class days="0101000" id="8357" room="550" start="198" weeks="01111111111111110"/>
    <class days="0101000" id="8358" room="524" start="162" weeks="01111111111111110"/>
    <class days="0101000" id="8359" room="315" start="162" weeks="01111111111111110"/>
    <class days="1010100" id="8360" room="305" start="126" weeks="01111111111111110"/>
    <class days="0101000" id="8361" room="261" start="162" weeks="01111111111111110"/>
    <class days="0101000" id="8362" room="270" start="198" weeks="01111111111111110"/>
    <class days="0101000" id="8363" room="524" start="150" weeks="01111111111111110"/>
    <class days="0101000" id="8364" room="524" start="126" weeks="01111111111111110"/>
    <class days="1000000" id="8365" room="524" start="150" weeks="01101111111111110"/>
    <class days="1000000" id="8366" room="524" start="126" weeks="01101111111111110"/>
    <class days="0101000" id="8367" room="550" start="150" weeks="01111111111111110"/>
    <class days="1000000" id="8368" room="596" start="150" weeks="01101111111111110"/>
    <class days="0101000" id="8369" room="447" start="126" weeks="01111111111111110"/>
    <class days="0100000" id="8370" room="315" start="126" weeks="01111111111111110"/>
    <class days="0001000" id="8371" room="280" start="126" weeks="01111111111111110"/>
    <class days="0101000" id="8372" room="270" start="144" weeks="01111111111111110"/>
    <class days="1010100" id="8373" room="414" start="174" weeks="01111111111111110"/>
    <class days="0010000" id="8374" room="524" start="216" weeks="01111111111111110"/>
    <class days="1000000" id="8375" room="722" start="222" weeks="01101111111111110"/>
    <class days="1010100" id="8376" room="33" start="174" weeks="01111111111111110"/>
    <class days="0100000" id="8377" room="308" start="180" weeks="01111111111111110"/>
    <class days="0101000" id="8378" room="194" start="150" weeks="01111111111111110"/>
    <class days="1010000" id="8379" room="641" start="198" weeks="01111111111111110"/>
    <class days="1000000" id="8380" room="739" start="102" weeks="01101111111111110"/>
    <class days="1000000" id="8381" room="96" start="198" weeks="01101111111111110"/>
    <class days="1000000" id="8382" room="768" start="114" weeks="01101111111111110"/>
    <class days="1000000" id="8383" room="249" start="162" weeks="01101111111111110"/>
    <class days="1000000" id="8384" room="715" start="198" weeks="01101111111111110"/>
    <class days="1000000" id="8385" room="739" start="90" weeks="01101111111111110"/>
    <class days="1000000" id="8386" room="768" start="90" weeks="01101111111111110"/>
    <class days="1000000" id="8387" room="768" start="162" weeks="01101111111111110"/>
    <class days="1000000" id="8388" room="739" start="126" weeks="01101111111111110"/>
    <class days="1000000" id="8389" room="739" start="138" weeks="01101111111111110"/>
    <class days="1000000" id="8390" room="112" start="150" weeks="01101111111111110"/>
    <class days="1000000" id="8391" room="302" start="198" weeks="01101111111111110"/>
    <class days="1000000" id="8392" room="249" start="90" weeks="01101111111111110"/>
    <class days="1000000" id="8393" room="302" start="174" weeks="01101111111111110"/>
    <class days="1000000" id="8394" room="96" start="186" weeks="01101111111111110"/>
    <class days="1000000" id="8395" room="329" start="138" weeks="01101111111111110"/>
    <class days="1000000" id="8396" room="768" start="198" weeks="01101111111111110"/>
    <class days="1000000" id="8397" room="715" start="150" weeks="01101111111111110"/>
    <class days="1000000" id="8398" room="249" start="102" weeks="01101111111111110"/>
    <class days="1000000" id="8399" room="739" start="174" weeks="01101111111111110"/>
    <class days="1000000" id="8400" room="768" start="186" weeks="01101111111111110"/>
    <class days="1000000" id="8401" room="45" start="198" weeks="01101111111111110"/>
    <class days="0001000" id="8402" room="419" start="90" weeks="01111111111111110"/>
    <class days="0001000" id="8403" room="377" start="204" weeks="01111111111111110"/>
    <class days="1010100" id="8404" room="768" start="138" weeks="01111111111111110"/>
    <class days="1010100" id="8405" room="768" start="126" weeks="01111111111111110"/>
    <class days="1010100" id="8406" room="329" start="126" weeks="01111111111111110"/>
    <class days="1010100" id="8407" room="329" start="114" weeks="01111111111111110"/>
    <class days="1010100" id="8408" room="739" start="150" weeks="01111111111111110"/>
    <class days="1010100" id="8409" room="739" start="162" weeks="01111111111111110"/>
    <class days="1010100" id="8410" room="112" start="186" weeks="01111111111111110"/>
    <class days="1010100" id="8411" room="112" start="198" weeks="01111111111111110"/>
    <class days="1010100" id="8412" room="329" start="162" weeks="01111111111111110"/>
    <class days="1010100" id="8413" room="329" start="198" weeks="01111111111111110"/>
    <class days="1010100" id="8414" room="557" start="102" weeks="01111111111111110"/>
    <class days="1010100" id="8415" room="112" start="138" weeks="01111111111111110"/>
    <class days="0101000" id="8416" room="715" start="114" weeks="01111111111111110"/>
    <class days="0100000" id="8417" room="302" start="186" weeks="01111111111111110"/>
    <class days="1010100" id="8418" room="280" start="90" weeks="01111111111111110"/>
    <class days="0101000" id="8419" room="10" start="126" weeks="01111111111111110"/>
    <class days="0010100" id="8420" room="363" start="114" weeks="01111111111111110"/>
    <class days="0010100" id="8421" room="172" start="126" weeks="01111111111111110"/>
    <class days="0101000" id="8422" room="651" start="90" weeks="01111111111111110"/>
    <class days="1000100" id="8423" room="709" start="138" weeks="01111111111111110"/>
    <class days="1010000" id="8424" room="651" start="114" weeks="01111111111111110"/>
    <class days="0101000" id="8425" room="555" start="138" weeks="01111111111111110"/>
    <class days="1010000" id="8426" room="616" start="198" weeks="01111111111111110"/>
    <class days="0010100" id="8427" room="213" start="198" weeks="01111111111111110"/>
    <class days="1010000" id="8428" room="730" start="174" weeks="01111111111111110"/>
    <class days="1000100" id="8429" room="237" start="186" weeks="01111111111111110"/>
    <class days="0010100" id="8430" room="11" start="102" weeks="01111111111111110"/>
    <class days="1010000" id="8431" room="602" start="126" weeks="01111111111111110"/>
    <class days="0010100" id="8432" room="558" start="174" weeks="01111111111111110"/>
    <class days="1010000" id="8433" room="213" start="90" weeks="01111111111111110"/>
    <class days="0010100" id="8434" room="709" start="198" weeks="01111111111111110"/>
    <class days="0101000" id="8435" room="11" start="138" weeks="01111111111111110"/>
    <class days="1010000" id="8436" room="438" start="174" weeks="01111111111111110"/>
    <class days="0000100" id="8437" room="541" start="138" weeks="01111111111111110"/>
    <class days="0000100" id="8438" room="520" start="198" weeks="01111111111111110"/>
    <class days="0100000" id="8439" room="517" start="90" weeks="01111111111111110"/>
    <class days="0000100" id="8440" room="42" start="102" weeks="01111111111111110"/>
    <class days="0000100" id="8441" room="536" start="102" weeks="01111111111111110"/>
    <class days="0001000" id="8442" room="207" start="162" weeks="01111111111111110"/>
    <class days="1000000" id="8443" room="207" start="162" weeks="01101111111111110"/>
    <class days="0000100" id="8444" room="697" start="186" weeks="01111111111111110"/>
    <class days="0010000" id="8445" room="594" start="102" weeks="01111111111111110"/>
    <class days="0100000" id="8446" room="264" start="186" weeks="01111111111111110"/>
    <class days="1000000" id="8447" room="557" start="90" weeks="01101111111111110"/>
    <class days="0100000" id="8448" room="207" start="198" weeks="01111111111111110"/>
    <class days="0000100" id="8449" room="536" start="174" weeks="01111111111111110"/>
    <class days="0000100" id="8450" room="536" start="90" weeks="01111111111111110"/>
    <class days="0100000" id="8451" room="594" start="150" weeks="01111111111111110"/>
    <class days="1000000" id="8452" room="594" start="162" weeks="01101111111111110"/>
    <class days="1000000" id="8453" room="594" start="186" weeks="01101111111111110"/>
    <class days="1000000" id="8454" room="721" start="126" weeks="01101111111111110"/>
    <class days="0000100" id="8455" room="697" start="114" weeks="01111111111111110"/>
    <class days="0001000" id="8456" room="517" start="90" weeks="01111111111111110"/>
    <class days="0100000" id="8457" room="207" start="102" weeks="01111111111111110"/>
    <class days="0010000" id="8458" room="264" start="138" weeks="01111111111111110"/>
    <class days="1000000" id="8459" room="594" start="174" weeks="01101111111111110"/>
    <class days="0100000" id="8460" room="264" start="198" weeks="01111111111111110"/>
    <class days="0001000" id="8461" room="42" start="90" weeks="01111111111111110"/>
    <class days="0100000" id="8462" room="42" start="138" weeks="01111111111111110"/>
    <class days="0010000" id="8463" room="594" start="90" weeks="01111111111111110"/>
    <class days="0010000" id="8464" room="517" start="162" weeks="01111111111111110"/>
    <class days="1000000" id="8465" room="536" start="138" weeks="01101111111111110"/>
    <class days="0010000" id="8466" room="721" start="198" weeks="01111111111111110"/>
    <class days="0010000" id="8467" room="536" start="138" weeks="01111111111111110"/>
    <class days="0010000" id="8468" room="557" start="90" weeks="01111111111111110"/>
    <class days="0001000" id="8469" room="721" start="90" weeks="01111111111111110"/>
    <class days="1000000" id="8470" room="207" start="198" weeks="01101111111111110"/>
    <class days="0100000" id="8471" room="207" start="90" weeks="01111111111111110"/>
    <class days="0001000" id="8472" room="207" start="174" weeks="01111111111111110"/>
    <class days="1000100" id="8473" room="45" start="102" weeks="01111111111111110"/>
    <class days="0010100" id="8474" room="45" start="90" weeks="01111111111111110"/>
    <class days="1000100" id="8475" room="45" start="126" weeks="01111111111111110"/>
    <class days="1000100" id="8476" room="557" start="138" weeks="01111111111111110"/>
    <class days="1000100" id="8477" room="45" start="150" weeks="01111111111111110"/>
    <class days="1000100" id="8478" room="45" start="162" weeks="01111111111111110"/>
    <class days="1000100" id="8479" room="45" start="174" weeks="01111111111111110"/>
    <class days="1000100" id="8480" room="557" start="186" weeks="01111111111111110"/>
    <class days="1000000" id="8481" room="557" start="126" weeks="01101111111111110"/>
    <class days="0001000" id="8482" room="557" start="198" weeks="01111111111111110"/>
    <class days="1000000" id="8483" room="557" start="150" weeks="01101111111111110"/>
    <class days="1000000" id="8484" room="557" start="114" weeks="01101111111111110"/>
    <class days="0000100" id="8485" room="557" start="90" weeks="01111111111111110"/>
    <class days="1000000" id="8486" room="557" start="198" weeks="01101111111111110"/>
    <class days="0000100" id="8487" room="557" start="150" weeks="01111111111111110"/>
    <class days="0010000" id="8488" room="557" start="114" weeks="01111111111111110"/>
    <class days="1010100" id="8489" room="45" start="138" weeks="01111111111111110"/>
    <class days="1010100" id="8490" room="96" start="90" weeks="01111111111111110"/>
    <class days="1010100" id="8491" room="768" start="102" weeks="01111111111111110"/>
    <class days="0101000" id="8492" room="697" start="162" weeks="01111111111111110"/>
    <class days="0101000" id="8493" room="768" start="162" weeks="01111111111111110"/>
    <class days="1010100" id="8494" room="302" start="114" weeks="01111111111111110"/>
    <class days="1010100" id="8495" room="45" start="114" weeks="01111111111111110"/>
    <class days="0101000" id="8496" room="768" start="180" weeks="01111111111111110"/>
    <class days="0101000" id="8497" room="329" start="108" weeks="01111111111111110"/>
    <class days="0101000" id="8498" room="329" start="162" weeks="01111111111111110"/>
    <class days="0101000" id="8499" room="112" start="198" weeks="01111111111111110"/>
    <class days="0101000" id="8500" room="249" start="108" weeks="01111111111111110"/>
    <class days="0101000" id="8501" room="45" start="180" weeks="01111111111111110"/>
    <class days="0101000" id="8502" room="739" start="162" weeks="01111111111111110"/>
    <class days="0010000" id="8503" room="45" start="162" weeks="01111111111111110"/>
    <class days="0010000" id="8504" room="112" start="150" weeks="01111111111111110"/>
    <class days="0101000" id="8505" room="329" start="198" weeks="01111111111111110"/>
    <class days="0101000" id="8506" room="329" start="180" weeks="01111111111111110"/>
    <class days="0101000" id="8507" room="45" start="180" weeks="01111111111111110"/>
    <class days="1010100" id="8508" room="715" start="138" weeks="01111111111111110"/>
    <class days="0101000" id="8509" room="739" start="126" weeks="01111111111111110"/>
    <class days="0101000" id="8510" room="302" start="198" weeks="01111111111111110"/>
    <class days="1010100" id="8511" room="302" start="162" weeks="01111111111111110"/>
    <class days="1010100" id="8512" room="329" start="150" weeks="01111111111111110"/>
    <class days="1010100" id="8513" room="96" start="162" weeks="01111111111111110"/>
    <class days="1010100" id="8514" room="329" start="186" weeks="01111111111111110"/>
    <class days="1010100" id="8515" room="329" start="174" weeks="01111111111111110"/>
    <class days="1010100" id="8516" room="697" start="162" weeks="01111111111111110"/>
    <class days="0101000" id="8517" room="768" start="108" weeks="01111111111111110"/>
    <class days="0101000" id="8518" room="302" start="144" weeks="01111111111111110"/>
    <class days="0101000" id="8519" room="768" start="144" weeks="01111111111111110"/>
    <class days="0101000" id="8520" room="739" start="108" weeks="01111111111111110"/>
    <class days="0101000" id="8521" room="768" start="90" weeks="01111111111111110"/>
    <class days="1010100" id="8522" room="96" start="114" weeks="01111111111111110"/>
    <class days="1010100" id="8523" room="112" start="102" weeks="01111111111111110"/>
    <class days="1010100" id="8524" room="739" start="114" weeks="01111111111111110"/>
    <class days="0101000" id="8525" room="715" start="144" weeks="01111111111111110"/>
    <class days="1010100" id="8526" room="329" start="102" weeks="01111111111111110"/>
    <class days="1010100" id="8527" room="739" start="198" weeks="01111111111111110"/>
    <class days="0101000" id="8528" room="279" start="144" weeks="01111111111111110"/>
    <class days="1000000" id="8529" room="459" start="114" weeks="01101111111111110"/>
    <class days="1010100" id="8530" room="697" start="174" weeks="01111111111111110"/>
    <class days="0101000" id="8531" room="377" start="162" weeks="01111111111111110"/>
    <class days="0101000" id="8532" room="96" start="162" weeks="01111111111111110"/>
    <class days="1010100" id="8533" room="697" start="102" weeks="01111111111111110"/>
    <class days="0101000" id="8534" room="96" start="126" weeks="01111111111111110"/>
    <class days="1010100" id="8535" room="45" start="186" weeks="01111111111111110"/>
    <class days="0101000" id="8536" room="96" start="144" weeks="01111111111111110"/>
    <class days="0101000" id="8537" room="45" start="198" weeks="01111111111111110"/>
    <class days="0101000" id="8538" room="329" start="126" weeks="01111111111111110"/>
    <class days="1010100" id="8539" room="302" start="150" weeks="01111111111111110"/>
    <class days="1000000" id="8540" room="768" start="174" weeks="01101111111111110"/>
    <class days="0101000" id="8541" room="739" start="144" weeks="01111111111111110"/>
    <class days="0010000" id="8542" room="41" start="126" weeks="01111111111111110"/>
    <class days="0101000" id="8543" room="302" start="126" weeks="01111111111111110"/>
    <class days="0000100" id="8544" room="557" start="126" weeks="01111111111111110"/>
    <class days="0000100" id="8545" room="96" start="138" weeks="01111111111111110"/>
    <class days="0001000" id="8546" room="266" start="126" weeks="01111111111111110"/>
    <class days="0010000" id="8547" room="616" start="114" weeks="01111111111111110"/>
    <class days="0101000" id="8548" room="697" start="144" weeks="01111111111111110"/>
    <class days="0101000" id="8549" room="377" start="126" weeks="01111111111111110"/>
    <class days="1010100" id="8550" room="112" start="174" weeks="01111111111111110"/>
    <class days="1010100" id="8551" room="656" start="138" weeks="01111111111111110"/>
    <class days="0101000" id="8552" room="748" start="162" weeks="01111111111111110"/>
    <class days="0101000" id="8553" room="437" start="144" weeks="01111111111111110"/>
    <class days="1010100" id="8554" room="129" start="198" weeks="01111111111111110"/>
    <class days="0001000" id="8555" room="540" start="150" weeks="01111111111111110"/>
    <class days="0000100" id="8556" room="274" start="138" weeks="01111111111111110"/>
    <class days="1010000" id="8557" room="540" start="126" weeks="01111111111111110"/>
    <class days="0101000" id="8558" room="282" start="114" weeks="01111111111111110"/>
    <class days="0010100" id="8559" room="274" start="138" weeks="01111111111111110"/>
    <class days="0101000" id="8560" room="282" start="102" weeks="01111111111111110"/>
    <class days="0101000" id="8561" room="282" start="150" weeks="01111111111111110"/>
    <class days="0010100" id="8562" room="282" start="114" weeks="01111111111111110"/>
    <class days="0010100" id="8563" room="540" start="186" weeks="01111111111111110"/>
    <class days="1010000" id="8564" room="282" start="126" weeks="01111111111111110"/>
    <class days="1010000" id="8565" room="282" start="150" weeks="01111111111111110"/>
    <class days="0010100" id="8566" room="540" start="186" weeks="01111111111111110"/>
    <class days="0010100" id="8567" room="282" start="186" weeks="01111111111111110"/>
    <class days="1010000" id="8568" room="282" start="198" weeks="01111111111111110"/>
    <class days="0101000" id="8569" room="274" start="198" weeks="01111111111111110"/>
    <class days="0101000" id="8570" room="274" start="150" weeks="01111111111111110"/>
    <class days="1010000" id="8571" room="274" start="126" weeks="01111111111111110"/>
    <class days="0010100" id="8572" room="274" start="186" weeks="01111111111111110"/>
    <class days="0101000" id="8573" room="494" start="150" weeks="01111111111111110"/>
    <class days="0101000" id="8574" room="540" start="90" weeks="01111111100000000"/>
    <class days="1010000" id="8575" room="494" start="102" weeks="01111111100000000"/>
    <class days="1010000" id="8576" room="494" start="114" weeks="01111111100000000"/>
    <class days="0101000" id="8577" room="540" start="174" weeks="01111111100000000"/>
    <class days="0101000" id="8578" room="368" start="144" weeks="01111111111111110"/>
    <class days="0001000" id="8579" room="540" start="198" weeks="01010101010101010"/>
    <class days="0001000" id="8580" room="274" start="114" weeks="01111111111111110"/>
    <class days="0101000" id="8581" room="174" start="150" weeks="00000000011111110"/>
    <class days="0000100" id="8582" room="123" start="210" weeks="01111111111111110"/>
    <class days="1000000" id="8583" room="556" start="114" weeks="01101111111111110"/>
    <class days="1000000" id="8584" room="466" start="114" weeks="01101111111111110"/>
    <class days="1000000" id="8585" room="466" start="138" weeks="01101111111111110"/>
    <class days="1000000" id="8586" room="556" start="186" weeks="01101111111111110"/>
    <class days="1000000" id="8587" room="466" start="186" weeks="01101111111111110"/>
    <class days="0100000" id="8588" room="556" start="114" weeks="01111111111111110"/>
    <class days="0100000" id="8589" room="466" start="114" weeks="01111111111111110"/>
    <class days="0100000" id="8590" room="556" start="186" weeks="01111111111111110"/>
    <class days="0100000" id="8591" room="466" start="186" weeks="01111111111111110"/>
    <class days="0010000" id="8592" room="556" start="114" weeks="01111111111111110"/>
    <class days="0010000" id="8593" room="466" start="114" weeks="01111111111111110"/>
    <class days="0010000" id="8594" room="466" start="138" weeks="01111111111111110"/>
    <class days="0010000" id="8595" room="556" start="186" weeks="01111111111111110"/>
    <class days="0010000" id="8596" room="466" start="186" weeks="01111111111111110"/>
    <class days="0001000" id="8597" room="556" start="114" weeks="01111111111111110"/>
    <class days="0001000" id="8598" room="466" start="114" weeks="01111111111111110"/>
    <class days="0001000" id="8599" room="556" start="186" weeks="01111111111111110"/>
    <class days="0001000" id="8600" room="466" start="186" weeks="01111111111111110"/>
    <class days="1000000" id="8601" room="671" start="114" weeks="01101100000000000"/>
    <class days="0010000" id="8602" room="15" start="114" weeks="01111100000000000"/>
    <class days="1000000" id="8603" room="113" start="114" weeks="00000011111000000"/>
    <class days="0010000" id="8604" room="113" start="114" weeks="00000011111000000"/>
    <class days="1000000" id="8605" room="18" start="114" weeks="00000000000111110"/>
    <class days="0010000" id="8606" room="15" start="114" weeks="00000000000111110"/>
    <class days="0000100" id="8607" room="113" start="174" weeks="01111111111111110"/>
    <class days="0100000" id="8608" room="621" start="162" weeks="01111111111111110"/>
    <class days="0001000" id="8609" room="621" start="162" weeks="01111111111111110"/>
    <class days="1000000" id="8610" room="527" start="114" weeks="01101111111111110"/>
    <class days="0010000" id="8611" room="208" start="114" weeks="01111111111111110"/>
    <class days="0000100" id="8612" room="208" start="114" weeks="01111111111111110"/>
    <class days="0100000" id="8613" room="113" start="186" weeks="01111111111111110"/>
    <class days="0100000" id="8614" room="371" start="186" weeks="01111111111111110"/>
    <class days="0000100" id="8615" room="556" start="114" weeks="01111111111111110"/>
    <class days="0100000" id="8616" room="436" start="144" weeks="01111111111111110"/>
    <class days="0001000" id="8617" room="240" start="114" weeks="01111111111111110"/>
    <class days="0001000" id="8618" room="360" start="90" weeks="01111111111111110"/>
    <class days="1000000" id="8619" room="371" start="138" weeks="01101111111111110"/>
    <class days="0010000" id="8620" room="371" start="138" weeks="01111111111111110"/>
    <class days="0101000" id="8621" room="113" start="138" weeks="01111111111111110"/>
    <class days="0101000" id="8622" room="113" start="150" weeks="01111111111111110"/>
    <class days="1000000" id="8623" room="51" start="138" weeks="01101111111111110"/>
    <class days="1000000" id="8624" room="51" start="150" weeks="01101111111111110"/>
    <class days="0010000" id="8625" room="51" start="138" weeks="01111111111111110"/>
    <class days="1000000" id="8626" room="734" start="114" weeks="01101111111111110"/>
    <class days="0010000" id="8627" room="734" start="114" weeks="01111111111111110"/>
    <class days="1010000" id="8628" room="472" start="162" weeks="01111111111111110"/>
    <class days="0000100" id="8629" room="466" start="162" weeks="01111111111111110"/>
    <class days="0101000" id="8630" room="466" start="138" weeks="01111111111111110"/>
    <class days="0000100" id="8631" room="466" start="150" weeks="01111111111111110"/>
    <class days="0101000" id="8632" room="466" start="150" weeks="01111111111111110"/>
    <class days="1000000" id="8633" room="556" start="138" weeks="01101111111111110"/>
    <class days="0010000" id="8634" room="556" start="138" weeks="01111111111111110"/>
    <class days="0100000" id="8635" room="539" start="114" weeks="01111111111111110"/>
    <class days="0001000" id="8636" room="539" start="114" weeks="01111111111111110"/>
    <class days="0001000" id="8637" room="539" start="126" weeks="01111111111111110"/>
    <class days="0101000" id="8638" room="113" start="114" weeks="01111111111111110"/>
    <class days="0101000" id="8639" room="113" start="126" weeks="01111111111111110"/>
    <class days="0010000" id="8640" room="539" start="210" weeks="01111111111111110"/>
    <class days="1010100" id="8641" room="750" start="126" weeks="01111111111111110"/>
    <class days="0101000" id="8642" room="472" start="162" weeks="01111111111111110"/>
    <class days="0101000" id="8643" room="750" start="102" weeks="01111111111111110"/>
    <class days="1000000" id="8644" room="466" start="162" weeks="01101111111111110"/>
    <class days="0010000" id="8645" room="466" start="162" weeks="01111111111111110"/>
    <class days="0101000" id="8646" room="466" start="162" weeks="01111111111111110"/>
    <class days="0101000" id="8647" room="466" start="174" weeks="01111111111111110"/>
    <class days="0000100" id="8648" room="556" start="138" weeks="01111111111111110"/>
    <class days="0000100" id="8649" room="556" start="150" weeks="01111111111111110"/>
    <class days="0101000" id="8650" room="556" start="138" weeks="01111111111111110"/>
    <class days="1000000" id="8651" room="556" start="162" weeks="01101111111111110"/>
    <class days="0010000" id="8652" room="556" start="162" weeks="01111111111111110"/>
    <class days="1010000" id="8653" room="750" start="162" weeks="01111111111111110"/>
    <class days="1010000" id="8654" room="750" start="174" weeks="01111111111111110"/>
    <class days="1000000" id="8655" room="113" start="138" weeks="01101111111111110"/>
    <class days="0010000" id="8656" room="113" start="138" weeks="01111111111111110"/>
    <class days="0000100" id="8657" room="472" start="162" weeks="01111111111111110"/>
    <class days="0000100" id="8658" room="539" start="138" weeks="01111111111111110"/>
    <class days="0000100" id="8659" room="539" start="150" weeks="01111111111111110"/>
    <class days="0000100" id="8660" room="539" start="162" weeks="01111111111111110"/>
    <class days="1010000" id="8661" room="113" start="162" weeks="01111111111111110"/>
    <class days="1010000" id="8662" room="113" start="174" weeks="01111111111111110"/>
    <class days="0100000" id="8663" room="113" start="162" weeks="01111111111111110"/>
    <class days="0001000" id="8664" room="113" start="162" weeks="01111111111111110"/>
    <class days="0000100" id="8665" room="472" start="186" weeks="01111111111111110"/>
    <class days="1010000" id="8666" room="539" start="186" weeks="01111111111111110"/>
    <class days="1010000" id="8667" room="750" start="186" weeks="01111111111111110"/>
    <class days="1010000" id="8668" room="113" start="186" weeks="01111111111111110"/>
    <class days="1010000" id="8669" room="478" start="186" weeks="01111111111111110"/>
    <class days="0000100" id="8670" room="556" start="126" weeks="01111111111111110"/>
    <class days="0101000" id="8671" room="556" start="162" weeks="01111111111111110"/>
    <class days="0100000" id="8672" room="352" start="126" weeks="01111111111111110"/>
    <class days="0001000" id="8673" room="154" start="126" weeks="01111111111111110"/>
    <class days="0100000" id="8674" room="334" start="162" weeks="01111111111111110"/>
    <class days="0100000" id="8675" room="661" start="126" weeks="01111111111111110"/>
    <class days="0100000" id="8676" room="661" start="180" weeks="01111111111111110"/>
    <class days="0100000" id="8677" room="299" start="126" weeks="01111111111111110"/>
    <class days="0001000" id="8678" room="54" start="162" weeks="01111111111111110"/>
    <class days="0100000" id="8679" room="54" start="144" weeks="01111111111111110"/>
    <class days="0001000" id="8680" room="54" start="126" weeks="01111111111111110"/>
    <class days="0100000" id="8681" room="54" start="126" weeks="01111111111111110"/>
    <class days="0001000" id="8682" room="54" start="198" weeks="01111111111111110"/>
    <class days="0100000" id="8683" room="54" start="198" weeks="01111111111111110"/>
    <class days="0100000" id="8684" room="54" start="180" weeks="01111111111111110"/>
    <class days="0100000" id="8685" room="54" start="162" weeks="01111111111111110"/>
    <class days="0001000" id="8686" room="54" start="180" weeks="01111111111111110"/>
    <class days="0001000" id="8687" room="54" start="144" weeks="01111111111111110"/>
    <class days="0001000" id="8688" room="54" start="162" weeks="01111111111111110"/>
    <class days="0100000" id="8689" room="54" start="108" weeks="01111111111111110"/>
    <class days="0101000" id="8690" room="334" start="126" weeks="01111111111111110"/>
    <class days="0101000" id="8691" room="308" start="162" weeks="01111111111111110"/>
    <class days="0010000" id="8692" room="240" start="138" weeks="01111111111111110"/>
    <class days="0000100" id="8693" room="360" start="186" weeks="01111111111111110"/>
    <class days="1000000" id="8694" room="363" start="126" weeks="01101111111111110"/>
    <class days="0001000" id="8695" room="363" start="138" weeks="01111111111111110"/>
    <class days="0101000" id="8696" room="458" start="114" weeks="01111111111111110"/>
    <class days="0010000" id="8697" room="541" start="138" weeks="01111111111111110"/>
    <class days="0010000" id="8698" room="541" start="114" weeks="01111111111111110"/>
    <class days="1010100" id="8699" room="46" start="174" weeks="01111111111111110"/>
    <class days="1010100" id="8700" room="46" start="162" weeks="01111111111111110"/>
    <class days="1010100" id="8701" room="458" start="102" weeks="01111111111111110"/>
    <class days="1010100" id="8702" room="274" start="162" weeks="01111111111111110"/>
    <class days="0001000" id="8703" room="274" start="126" weeks="01111111111111110"/>
    <class days="0001000" id="8704" room="390" start="174" weeks="01111111111111110"/>
    <class days="1000000" id="8705" room="458" start="204" weeks="01101111111111110"/>
    <class days="1010000" id="8706" room="310" start="90" weeks="01111111111111110"/>
    <class days="0010000" id="8707" room="365" start="162" weeks="01111111111111110"/>
    <class days="0000100" id="8708" room="365" start="162" weeks="01111111111111110"/>
    <class days="0000100" id="8709" room="365" start="138" weeks="01111111111111110"/>
    <class days="0010000" id="8710" room="365" start="186" weeks="01111111111111110"/>
    <class days="0000100" id="8711" room="365" start="186" weeks="01111111111111110"/>
    <class days="0001000" id="8712" room="365" start="138" weeks="01111111111111110"/>
    <class days="0101000" id="8713" room="274" start="180" weeks="01111111111111110"/>
    <class days="0101000" id="8714" room="274" start="162" weeks="01111111111111110"/>
    <class days="0101000" id="8715" room="458" start="198" weeks="01111111111111110"/>
    <class days="1010100" id="8716" room="46" start="150" weeks="01111111111111110"/>
    <class days="1010100" id="8717" room="46" start="138" weeks="01111111111111110"/>
    <class days="0101000" id="8718" room="372" start="126" weeks="01111111111111110"/>
    <class days="1010100" id="8719" room="46" start="186" weeks="01111111111111110"/>
    <class days="1010100" id="8720" room="458" start="162" weeks="01111111111111110"/>
    <class days="1010100" id="8721" room="46" start="126" weeks="01111111111111110"/>
    <class days="0101000" id="8722" room="274" start="90" weeks="01111111111111110"/>
    <class days="0101000" id="8723" room="54" start="108" weeks="01111111111111110"/>
    <class days="0101000" id="8724" room="458" start="126" weeks="01111111111111110"/>
    <class days="1000100" id="8725" start="186" weeks="01111111111111110"/>
    <class days="0000100" id="8726" room="274" start="114" weeks="01111111111111110"/>
    <class days="0000100" id="8727" room="54" start="138" weeks="01111111111111110"/>
    <class days="1000100" id="8728" room="313" start="198" weeks="01111111111111110"/>
    <class days="0100000" id="8729" room="46" start="114" weeks="01111111111111110"/>
    <class days="0100000" id="8730" room="46" start="186" weeks="01111111111111110"/>
    <class days="1010000" id="8731" room="390" start="102" weeks="01111111111111110"/>
    <class days="1000000" id="8732" room="170" start="114" weeks="01101111111111110"/>
    <class days="0101000" id="8733" room="170" start="108" weeks="01111111111111110"/>
    <class days="0000100" id="8734" room="623" start="174" weeks="01111111111111110"/>
    <class days="1000000" id="8735" room="274" start="178" weeks="01101111111111110"/>
    <class days="0001000" id="8736" room="727" start="162" weeks="01111111111111110"/>
    <class days="0000100" id="8737" room="727" start="162" weeks="01111111111111110"/>
    <class days="0000100" id="8738" room="321" start="178" weeks="01111111111111110"/>
    <class days="0001000" id="8739" room="321" start="174" weeks="01111111111111110"/>
    <class days="0100000" id="8740" room="727" start="150" weeks="00000000000111110"/>
    <class days="0010000" id="8741" room="22" start="162" weeks="00000000000111110"/>
    <class days="0010000" id="8742" room="663" start="162" weeks="01111111100000000"/>
    <class days="0010000" id="8743" room="22" start="174" weeks="01111111100000000"/>
    <class days="0010000" id="8744" room="143" start="114" weeks="00000000011111110"/>
    <class days="0000100" id="8745" room="727" start="102" weeks="01111111111111110"/>
    <class days="1000000" id="8746" room="727" start="126" weeks="01101111111111110"/>
    <class days="0100000" id="8747" room="397" start="102" weeks="01111111111111110"/>
    <class days="0000100" id="8748" room="22" start="102" weeks="01111111111111110"/>
    <class days="0010000" id="8749" room="143" start="90" weeks="01111111111111110"/>
    <class days="0000100" id="8750" room="406" start="174" weeks="01111111111111110"/>
    <class days="1010000" id="8751" room="546" start="174" weeks="01111111111111110"/>
    <class days="1000100" id="8752" room="406" start="102" weeks="01111111111111110"/>
    <class days="0100000" id="8753" room="406" start="174" weeks="01111111111111110"/>
    <class days="0001000" id="8754" room="205" start="126" weeks="01111111111111110"/>
    <class days="0010000" id="8755" room="639" start="150" weeks="01111111111111110"/>
    <class days="0100000" id="8756" room="137" start="114" weeks="01111111111111110"/>
    <class days="1000000" id="8757" room="667" start="138" weeks="01101111100000000"/>
    <class days="0010000" id="8758" room="123" start="114" weeks="01111111111111110"/>
    <class days="0001000" id="8759" room="745" start="90" weeks="00000000011111110"/>
    <class days="0001000" id="8760" room="406" start="114" weeks="01111111100000000"/>
    <class days="0100000" id="8761" room="471" start="138" weeks="01111111111111110"/>
    <class days="0001000" id="8762" room="120" start="126" weeks="01111111111111110"/>
    <class days="0010000" id="8763" room="266" start="186" weeks="01111111111111110"/>
    <class days="0010000" id="8764" room="566" start="174" weeks="01111111111111110"/>
    <class days="0001000" id="8765" room="22" start="162" weeks="01111111111111110"/>
    <class days="0100000" id="8766" room="22" start="162" weeks="01111111111111110"/>
    <class days="1000000" id="8767" room="406" start="138" weeks="01101111100000000"/>
    <class days="0101000" id="8768" room="703" start="102" weeks="01111111100000000"/>
    <class days="0100000" id="8769" room="406" start="126" weeks="01111111100000000"/>
    <class days="0000100" id="8770" room="406" start="186" weeks="00000000011111110"/>
    <class days="1010000" id="8771" room="406" start="198" weeks="00000000011111110"/>
    <class days="0010000" id="8772" room="587" start="162" weeks="01111111111111110"/>
    <class days="0100000" id="8773" room="397" start="186" weeks="00000000011111110"/>
    <class days="0010000" id="8774" room="406" start="150" weeks="01111111111111110"/>
    <class days="0010000" id="8775" room="22" start="126" weeks="01111111100000000"/>
    <class days="0010000" id="8776" room="22" start="126" weeks="00000000011111110"/>
    <class days="0010000" id="8777" room="406" start="114" weeks="01111111111111110"/>
    <class days="0000100" id="8778" room="237" start="198" weeks="11111111111111111"/>
    <class days="0010000" id="8779" room="727" start="90" weeks="00000000111111110"/>
    <class days="0100000" id="8780" room="727" start="162" weeks="01111111111111110"/>
    <class days="0100000" id="8781" room="727" start="174" weeks="01111111111111110"/>
    <class days="1000000" id="8782" room="397" start="102" weeks="01101111110000000"/>
    <class days="1000000" id="8783" start="90" weeks="01101111111111110"/>
    <class days="1000000" id="8784" room="397" start="162" weeks="01101111111111110"/>
    <class days="1000000" id="8785" room="22" start="174" weeks="01101111111111110"/>
    <class days="0111000" id="8786" start="90" weeks="01111111111111110"/>
    <class days="0010000" id="8787" room="406" start="90" weeks="01111111111111110"/>
    <class days="0010000" id="8788" room="397" start="114" weeks="01111111111111110"/>
    <class days="0010000" id="8789" room="727" start="126" weeks="01111111111111110"/>
    <class days="1000000" id="8790" start="90" weeks="01101111111111110"/>
    <class days="1000000" id="8791" room="205" start="168" weeks="00000011111111110"/>
    <class days="0010000" id="8792" room="205" start="162" weeks="00000011111111110"/>
    <class days="0001000" id="8793" room="406" start="138" weeks="00000011111111110"/>
    <class days="1000000" id="8794" room="408" start="186" weeks="01101111111111110"/>
    <class days="1000000" id="8795" room="406" start="126" weeks="01111111111000000"/>
    <class days="1000000" id="8796" room="205" start="138" weeks="01111111111000000"/>
    <class days="0010100" id="8797" room="205" start="126" weeks="01111111111000000"/>
    <class days="0010000" id="8798" room="397" start="234" weeks="01111111111111110"/>
    <class days="0001000" id="8799" room="397" start="198" weeks="01111111111111110"/>
    <class days="1111100" id="8800" room="471" start="102" weeks="01111111111111110"/>
    <class days="0000100" id="8801" room="23" start="114" weeks="01111111111111110"/>
    <class days="0010000" id="8802" room="437" start="228" weeks="01111111111111110"/>
    <class days="1010000" id="8803" room="545" start="126" weeks="01111111111111110"/>
    <class days="1010100" id="8804" room="119" start="174" weeks="01111111111111110"/>
    <class days="0101000" id="8805" room="602" start="180" weeks="01111111111111110"/>
    <class days="0101000" id="8806" room="119" start="108" weeks="01111111111111110"/>
    <class days="1010100" id="8807" room="119" start="150" weeks="01111111111111110"/>
    <class days="1010100" id="8808" room="26" start="114" weeks="01111111111111110"/>
    <class days="1010100" id="8809" room="26" start="126" weeks="01111111111111110"/>
    <class days="0101000" id="8810" room="26" start="162" weeks="01111111111111110"/>
    <class days="1010100" id="8811" room="212" start="102" weeks="01111111111111110"/>
    <class days="0101000" id="8812" room="552" start="126" weeks="01111111111111110"/>
    <class days="1000000" id="8813" room="505" start="186" weeks="01101111111111110"/>
    <class days="0101000" id="8814" room="552" start="108" weeks="01111111111111110"/>
    <class days="0010000" id="8815" room="552" start="90" weeks="01111111111111110"/>
    <class days="1000000" id="8816" room="552" start="90" weeks="01101111111111110"/>
    <class days="0010100" id="8817" room="552" start="162" weeks="01111111111111110"/>
    <class days="0010100" id="8818" room="755" start="162" weeks="01111111111111110"/>
    <class days="1000100" id="8819" room="721" start="138" weeks="01111111111111110"/>
    <class days="1000100" id="8820" room="486" start="90" weeks="01111111111111110"/>
    <class days="0101000" id="8821" room="552" start="144" weeks="01111111111111110"/>
    <class days="0001000" id="8822" room="552" start="198" weeks="01111111111111110"/>
    <class days="0100000" id="8823" room="552" start="162" weeks="01111111111111110"/>
    <class days="1000000" id="8824" room="552" start="174" weeks="01101111111111110"/>
    <class days="0001000" id="8825" room="552" start="174" weeks="01111111111111110"/>
    <class days="1000000" id="8826" room="552" start="126" weeks="01101111111111110"/>
</solution>
